Time_Sec,UTC,Latitude,Longitude,Smoothed_Latitude,Smoothed_Longitude,UTM_X,UTM_Y,UTM_Z,Smoothed_UTM_X,Smoothed_UTM_Y,Yaw_Deg,Target_WP_Index,Target_WP_X,Target_WP_Y,Target_Latitude,Target_Longitude,Command_V,Command_W,Left_RPM,Right_RPM,Actual_Left_RPM,Actual_Right_RPM,Left_DAC,Right_DAC,RTK_Fix_Status
0.024,082414.20,10.48525300,76.44418900,10.48525300,76.44418900,658052.069,1159426.790,108.30,658052.069,1159426.790,119.7,1,658051.359,1159428.035,10.48526133,76.44418417,0.366,0.000,0.0,0.0,0.0,0.0,0,0,RTK FIXED
0.074,082414.20,10.48525300,76.44418900,10.48525300,76.44418900,658052.069,1159426.790,108.30,658052.069,1159426.790,119.7,1,658051.359,1159428.035,10.48526133,76.44418417,0.366,0.000,0.0,0.0,0.0,0.0,0,0,RTK FIXED
0.120,082414.40,10.48525300,76.44418900,10.48525300,76.44418900,658052.066,1159426.789,108.30,658052.068,1159426.790,119.7,1,658051.359,1159428.035,10.48526133,76.44418417,0.366,-0.000,0.0,0.0,0.0,0.0,0,0,RTK FIXED
0.174,082414.40,10.48525300,76.44418900,10.48525300,76.44418900,658052.066,1159426.789,108.30,658052.067,1159426.790,119.7,1,658051.359,1159428.035,10.48526133,76.44418417,0.366,-0.000,0.0,0.0,0.0,0.0,0,0,RTK FIXED
0.219,082414.40,10.48525300,76.44418900,10.48525300,76.44418900,658052.066,1159426.789,108.30,658052.067,1159426.789,119.7,1,658051.359,1159428.035,10.48526133,76.44418417,0.366,-0.000,0.0,0.0,0.0,0.0,0,0,RTK FIXED
0.274,082414.40,10.48525300,76.44418900,10.48525300,76.44418900,658052.066,1159426.789,108.30,658052.067,1159426.789,119.7,1,658051.359,1159428.035,10.48526133,76.44418417,0.366,-0.000,0.0,0.0,0.0,0.0,0,0,RTK FIXED
0.328,082414.40,10.48525300,76.44418900,10.48525300,76.44418900,658052.066,1159426.789,108.30,658052.067,1159426.789,119.7,1,658051.359,1159428.035,10.48526133,76.44418417,0.366,-0.000,0.0,0.0,0.0,0.0,0,0,RTK FIXED
0.374,082414.40,10.48525300,76.44418900,10.48525300,76.44418900,658052.066,1159426.789,108.30,658052.067,1159426.789,119.7,1,658051.359,1159428.035,10.48526133,76.44418417,0.366,-0.000,0.0,0.0,0.0,0.0,0,0,RTK FIXED
0.428,082414.60,10.48525300,76.44418900,10.48525300,76.44418900,658052.066,1159426.789,108.30,658052.066,1159426.789,119.7,1,658051.359,1159428.035,10.48526133,76.44418417,0.366,-0.000,0.0,0.0,0.0,0.0,0,0,RTK FIXED
0.481,082414.60,10.48525300,76.44418900,10.48525300,76.44418900,658052.066,1159426.789,108.30,658052.066,1159426.789,119.7,1,658051.359,1159428.035,10.48526133,76.44418417,0.366,-0.000,0.0,0.0,0.0,0.0,0,0,RTK FIXED
0.528,082414.60,10.48525300,76.44418900,10.48525300,76.44418900,658052.066,1159426.789,108.30,658052.066,1159426.789,119.7,1,658051.359,1159428.035,10.48526133,76.44418417,0.366,-0.000,0.0,0.0,0.0,0.0,0,0,RTK FIXED
0.582,082414.60,10.48525300,76.44418900,10.48525300,76.44418900,658052.066,1159426.789,108.30,658052.066,1159426.789,119.7,1,658051.359,1159428.035,10.48526133,76.44418417,0.366,-0.000,0.0,0.0,0.0,0.0,0,0,RTK FIXED
0.628,082414.80,10.48525300,76.44418900,10.48525300,76.44418900,658052.066,1159426.789,108.30,658052.066,1159426.789,119.7,1,658051.359,1159428.035,10.48526133,76.44418417,0.366,-0.000,0.0,0.0,0.0,0.0,0,0,RTK FIXED
0.682,082414.80,10.48525300,76.44418900,10.48525300,76.44418900,658052.066,1159426.789,108.30,658052.066,1159426.789,119.7,1,658051.359,1159428.035,10.48526133,76.44418417,0.366,-0.000,0.0,0.0,0.0,0.0,0,0,RTK FIXED
0.728,082414.80,10.48525300,76.44418900,10.48525300,76.44418900,658052.066,1159426.789,108.30,658052.066,1159426.789,119.7,1,658051.359,1159428.035,10.48526133,76.44418417,0.366,-0.000,0.0,0.0,0.0,0.0,0,0,RTK FIXED
0.782,082414.80,10.48525300,76.44418900,10.48525300,76.44418900,658052.066,1159426.789,108.30,658052.066,1159426.789,119.7,1,658051.359,1159428.035,10.48526133,76.44418417,0.366,-0.000,0.0,0.0,0.0,0.0,0,0,RTK FIXED
0.836,082415.00,10.48525300,76.44418900,10.48525300,76.44418900,658052.066,1159426.789,108.30,658052.066,1159426.789,119.7,1,658051.359,1159428.035,10.48526133,76.44418417,0.366,-0.000,0.0,0.0,0.0,0.0,0,0,RTK FIXED
0.882,082415.00,10.48525300,76.44418900,10.48525300,76.44418900,658052.066,1159426.789,108.30,658052.066,1159426.789,119.7,1,658051.359,1159428.035,10.48526133,76.44418417,0.366,-0.000,0.0,0.0,0.0,0.0,0,0,RTK FIXED
0.936,082415.20,10.48525300,76.44418900,10.48525300,76.44418900,658052.066,1159426.789,108.30,658052.066,1159426.789,119.7,1,658051.359,1159428.035,10.48526133,76.44418417,0.366,-0.000,0.0,0.0,0.0,0.0,0,0,RTK FIXED
0.982,082415.20,10.48525300,76.44418900,10.48525300,76.44418900,658052.066,1159426.789,108.30,658052.066,1159426.789,119.7,1,658051.359,1159428.035,10.48526133,76.44418417,0.366,-0.000,0.0,0.0,0.0,0.0,0,0,RTK FIXED
1.036,082415.20,10.48525300,76.44418900,10.48525300,76.44418900,658052.066,1159426.789,108.30,658052.066,1159426.789,119.7,1,658051.359,1159428.035,10.48526133,76.44418417,0.366,-0.000,0.0,0.0,0.0,0.0,0,0,RTK FIXED
1.082,082415.20,10.48525300,76.44418900,10.48525300,76.44418900,658052.066,1159426.789,108.30,658052.066,1159426.789,119.7,1,658051.359,1159428.035,10.48526133,76.44418417,0.366,-0.000,0.0,0.0,0.0,0.0,0,0,RTK FIXED
1.136,082415.20,10.48525300,76.44418900,10.48525300,76.44418900,658052.066,1159426.789,108.30,658052.066,1159426.789,119.7,1,658051.359,1159428.035,10.48526133,76.44418417,0.366,-0.000,0.0,0.0,0.0,0.0,0,0,RTK FIXED
1.182,082415.20,10.48525300,76.44418900,10.48525300,76.44418900,658052.066,1159426.789,108.30,658052.066,1159426.789,119.7,1,658051.359,1159428.035,10.48526133,76.44418417,0.366,-0.000,0.0,0.0,0.0,0.0,0,0,RTK FIXED
1.861,082416.00,10.48525300,76.44418900,10.48525300,76.44418900,658052.066,1159426.789,108.30,658052.066,1159426.789,119.6,1,658051.359,1159428.035,10.48526133,76.44418417,0.366,0.000,0.0,0.0,0.0,0.0,0,0,RTK FIXED
1.896,082416.00,10.48525300,76.44418900,10.48525300,76.44418900,658052.066,1159426.789,108.30,658052.066,1159426.789,119.6,1,658051.359,1159428.035,10.48526133,76.44418417,0.366,0.000,0.0,0.0,0.0,0.0,0,0,RTK FIXED
1.942,082416.00,10.48525300,76.44418900,10.48525300,76.44418900,658052.066,1159426.789,108.30,658052.066,1159426.789,119.6,1,658051.359,1159428.035,10.48526133,76.44418417,0.366,0.000,0.0,0.0,0.0,0.0,0,0,RTK FIXED
1.997,082416.20,10.48525300,76.44418900,10.48525300,76.44418900,658052.066,1159426.789,108.30,658052.066,1159426.789,119.6,1,658051.359,1159428.035,10.48526133,76.44418417,0.366,-0.000,0.0,0.0,0.0,0.0,0,0,RTK FIXED
2.051,082416.20,10.48525300,76.44418900,10.48525300,76.44418900,658052.066,1159426.789,108.30,658052.066,1159426.789,119.6,1,658051.359,1159428.035,10.48526133,76.44418417,0.366,-0.000,0.0,0.0,0.0,0.0,0,0,RTK FIXED
2.096,082416.20,10.48525300,76.44418900,10.48525300,76.44418900,658052.066,1159426.789,108.30,658052.066,1159426.789,119.6,1,658051.359,1159428.035,10.48526133,76.44418417,0.366,-0.000,0.0,0.0,0.0,0.0,0,0,RTK FIXED
2.151,082416.40,10.48525300,76.44418900,10.48525300,76.44418900,658052.066,1159426.789,108.30,658052.066,1159426.789,119.6,1,658051.359,1159428.035,10.48526133,76.44418417,0.366,-0.000,0.0,0.0,0.0,0.0,0,0,RTK FIXED
2.196,082416.40,10.48525300,76.44418900,10.48525300,76.44418900,658052.066,1159426.789,108.30,658052.066,1159426.789,119.6,1,658051.359,1159428.035,10.48526133,76.44418417,0.366,-0.000,0.0,0.0,0.0,0.0,0,0,RTK FIXED
2.251,082416.40,10.48525300,76.44418900,10.48525300,76.44418900,658052.066,1159426.789,108.30,658052.066,1159426.789,119.6,1,658051.359,1159428.035,10.48526133,76.44418417,0.366,-0.000,0.0,0.0,0.0,0.0,0,0,RTK FIXED
2.297,082416.40,10.48525300,76.44418900,10.48525300,76.44418900,658052.066,1159426.789,108.30,658052.066,1159426.789,119.6,1,658051.359,1159428.035,10.48526133,76.44418417,0.366,-0.000,0.0,0.0,0.0,0.0,0,0,RTK FIXED
2.350,082416.40,10.48525300,76.44418900,10.48525300,76.44418900,658052.066,1159426.789,108.30,658052.066,1159426.789,119.6,1,658051.359,1159428.035,10.48526133,76.44418417,0.366,-0.000,0.0,0.0,0.0,0.0,0,0,RTK FIXED
2.396,082416.40,10.48525300,76.44418900,10.48525300,76.44418900,658052.066,1159426.789,108.30,658052.066,1159426.789,119.6,1,658051.359,1159428.035,10.48526133,76.44418417,0.366,-0.000,0.0,0.0,0.0,0.0,0,0,RTK FIXED
2.451,082416.60,10.48525300,76.44418900,10.48525300,76.44418900,658052.066,1159426.789,108.30,658052.066,1159426.789,119.6,1,658051.359,1159428.035,10.48526133,76.44418417,0.366,-0.000,0.0,0.0,0.0,0.0,0,0,RTK FIXED
2.496,082416.60,10.48525300,76.44418900,10.48525300,76.44418900,658052.066,1159426.789,108.30,658052.066,1159426.789,119.6,1,658051.359,1159428.035,10.48526133,76.44418417,0.366,-0.000,10.0,10.0,0.0,0.0,450,450,RTK FIXED
2.550,082416.60,10.48525300,76.44418900,10.48525300,76.44418900,658052.066,1159426.789,108.30,658052.066,1159426.789,119.6,1,658051.359,1159428.035,10.48526133,76.44418417,0.366,-0.000,10.0,10.0,0.0,0.0,900,900,RTK FIXED
2.604,082416.60,10.48525300,76.44418900,10.48525300,76.44418900,658052.066,1159426.789,108.30,658052.066,1159426.789,119.6,1,658051.359,1159428.035,10.48526133,76.44418417,0.366,-0.000,10.0,10.0,0.0,0.0,1350,1350,RTK FIXED
2.651,082416.80,10.48525300,76.44418900,10.48525300,76.44418900,658052.066,1159426.789,108.30,658052.066,1159426.789,119.6,1,658051.359,1159428.035,10.48526133,76.44418417,0.366,-0.000,10.0,10.0,0.0,0.0,1800,1800,RTK FIXED
2.704,082416.80,10.48525300,76.44418900,10.48525300,76.44418900,658052.066,1159426.789,108.30,658052.066,1159426.789,119.6,1,658051.359,1159428.035,10.48526133,76.44418417,0.366,-0.000,10.0,10.0,0.0,0.0,2047,2047,RTK FIXED
2.751,082416.80,10.48525300,76.44418900,10.48525300,76.44418900,658052.066,1159426.789,108.30,658052.066,1159426.789,119.6,1,658051.359,1159428.035,10.48526133,76.44418417,0.366,-0.000,10.0,10.0,0.0,0.0,2047,2047,RTK FIXED
2.805,082416.80,10.48525300,76.44418900,10.48525300,76.44418900,658052.066,1159426.789,108.30,658052.066,1159426.789,119.6,1,658051.359,1159428.035,10.48526133,76.44418417,0.366,-0.000,10.0,10.0,0.0,0.0,2047,2047,RTK FIXED
2.852,082417.00,10.48525300,76.44418900,10.48525300,76.44418900,658052.066,1159426.789,108.30,658052.066,1159426.789,119.6,1,658051.359,1159428.035,10.48526133,76.44418417,0.366,-0.000,10.0,10.0,0.0,0.5,2047,2047,RTK FIXED
2.905,082417.00,10.48525300,76.44418900,10.48525300,76.44418900,658052.066,1159426.789,108.30,658052.066,1159426.789,119.6,1,658051.359,1159428.035,10.48526133,76.44418417,0.366,-0.000,10.0,10.0,-0.5,1.4,2047,2047,RTK FIXED
2.951,082417.20,10.48525300,76.44418900,10.48525300,76.44418900,658052.066,1159426.789,108.30,658052.066,1159426.789,119.6,1,658051.359,1159428.035,10.48526133,76.44418417,0.366,-0.000,10.0,10.0,0.0,1.6,2047,2047,RTK FIXED
3.004,082417.20,10.48525300,76.44418900,10.48525300,76.44418900,658052.066,1159426.789,108.30,658052.066,1159426.789,119.6,1,658051.359,1159428.035,10.48526133,76.44418417,0.366,-0.000,10.0,10.0,0.5,1.9,2047,2047,RTK FIXED
3.051,082417.20,10.48525300,76.44418900,10.48525300,76.44418900,658052.066,1159426.789,108.30,658052.066,1159426.789,119.6,1,658051.359,1159428.035,10.48526133,76.44418417,0.366,-0.000,10.0,10.0,-0.5,2.1,2047,2047,RTK FIXED
3.104,082417.20,10.48525300,76.44418900,10.48525300,76.44418900,658052.066,1159426.789,108.30,658052.066,1159426.789,119.6,1,658051.359,1159428.035,10.48526133,76.44418417,0.366,-0.000,10.0,10.0,0.0,2.8,2047,2047,RTK FIXED
3.160,082417.40,10.48525300,76.44418900,10.48525300,76.44418900,658052.066,1159426.789,108.30,658052.066,1159426.789,119.6,1,658051.359,1159428.035,10.48526133,76.44418417,0.366,-0.000,10.0,10.0,0.0,2.7,2047,2047,RTK FIXED
3.204,082417.40,10.48525300,76.44418900,10.48525300,76.44418900,658052.066,1159426.789,108.30,658052.066,1159426.789,119.6,1,658051.359,1159428.035,10.48526133,76.44418417,0.366,-0.000,10.0,10.0,0.6,3.3,2047,2047,RTK FIXED
3.258,082417.40,10.48525300,76.44418900,10.48525300,76.44418900,658052.066,1159426.789,108.30,658052.066,1159426.789,119.6,1,658051.359,1159428.035,10.48526133,76.44418417,0.366,-0.000,10.0,10.0,0.0,2.3,2047,2047,RTK FIXED
3.305,082417.40,10.48525300,76.44418900,10.48525300,76.44418900,658052.066,1159426.789,108.30,658052.066,1159426.789,119.6,1,658051.359,1159428.035,10.48526133,76.44418417,0.366,-0.000,10.0,10.0,-0.5,2.7,2047,2047,RTK FIXED
3.359,082417.40,10.48525300,76.44418900,10.48525300,76.44418900,658052.066,1159426.789,108.30,658052.066,1159426.789,119.6,1,658051.359,1159428.035,10.48526133,76.44418417,0.366,-0.000,10.0,10.0,0.5,5.1,2047,2047,RTK FIXED
3.405,082417.40,10.48525300,76.44418900,10.48525300,76.44418900,658052.066,1159426.789,108.30,658052.066,1159426.789,119.6,1,658051.359,1159428.035,10.48526133,76.44418417,0.366,-0.000,10.0,10.0,0.0,4.9,2047,2047,RTK FIXED
3.460,082417.60,10.48525300,76.44418800,10.48525300,76.44418860,658051.956,1159426.788,108.30,658052.022,1159426.789,119.6,1,658051.359,1159428.035,10.48526133,76.44418417,0.365,-0.002,10.0,10.0,0.0,6.0,2047,2039,RTK FIXED
3.505,082417.60,10.48525300,76.44418800,10.48525300,76.44418836,658051.956,1159426.788,108.30,658051.996,1159426.789,119.6,1,658051.359,1159428.035,10.48526133,76.44418417,0.365,-0.002,10.0,10.0,0.0,6.6,2047,2039,RTK FIXED
3.559,082417.60,10.48525300,76.44418800,10.48525300,76.44418822,658051.956,1159426.788,108.30,658051.980,1159426.788,119.6,1,658051.359,1159428.035,10.48526133,76.44418417,0.365,-0.002,10.0,10.0,-0.5,8.0,2047,2039,RTK FIXED
3.605,082417.60,10.48525300,76.44418800,10.48525300,76.44418813,658051.956,1159426.788,108.30,658051.971,1159426.788,119.6,1,658051.359,1159428.035,10.48526133,76.44418417,0.365,-0.002,10.0,10.0,0.0,9.1,2047,2039,RTK FIXED
3.660,082417.80,10.48525300,76.44418800,10.48525300,76.44418808,658051.956,1159426.788,108.30,658051.965,1159426.788,119.6,1,658051.359,1159428.035,10.48526133,76.44418417,0.364,-0.004,10.0,9.9,0.0,10.1,2047,2034,RTK FIXED
3.706,082417.80,10.48525300,76.44418800,10.48525300,76.44418805,658051.956,1159426.788,108.30,658051.961,1159426.788,119.6,1,658051.359,1159428.035,10.48526133,76.44418417,0.364,-0.004,10.0,9.9,0.5,11.0,2047,2034,RTK FIXED
3.760,082417.80,10.48525300,76.44418800,10.48525300,76.44418803,658051.956,1159426.788,108.30,658051.959,1159426.788,119.6,1,658051.359,1159428.035,10.48526133,76.44418417,0.364,-0.004,10.0,9.9,-0.5,12.0,2047,2034,RTK FIXED
3.813,082417.80,10.48525300,76.44418800,10.48525300,76.44418802,658051.956,1159426.788,108.30,658051.958,1159426.788,119.6,1,658051.359,1159428.035,10.48526133,76.44418417,0.364,-0.004,10.0,9.9,0.5,13.1,2047,2034,RTK FIXED
3.860,082418.00,10.48525300,76.44418800,10.48525300,76.44418801,658051.956,1159426.788,108.30,658051.957,1159426.788,138.1,1,658051.359,1159428.035,10.48526133,76.44418417,0.304,-0.069,10.0,8.7,0.0,14.3,2047,1787,RTK FIXED
3.915,082418.00,10.48525300,76.44418800,10.48525300,76.44418801,658051.956,1159426.788,108.30,658051.957,1159426.788,138.1,1,658051.359,1159428.035,10.48526133,76.44418417,0.304,-0.069,10.0,8.7,-0.5,14.7,2047,1787,RTK FIXED
3.960,082418.20,10.48525400,76.44418800,10.48525340,76.44418800,658052.051,1159426.971,108.30,658051.994,1159426.861,138.1,1,658051.359,1159428.035,10.48526133,76.44418417,0.325,-0.063,10.0,8.9,0.0,15.4,2047,1821,RTK FIXED
4.014,082418.20,10.48525400,76.44418800,10.48525364,76.44418800,658052.051,1159426.971,108.30,658052.017,1159426.905,138.1,1,658051.359,1159428.035,10.48526133,76.44418417,0.325,-0.063,10.0,8.9,0.0,14.5,2047,1821,RTK FIXED
4.060,082418.20,10.48525400,76.44418800,10.48525378,76.44418800,658052.051,1159426.971,108.30,658052.030,1159426.932,138.1,1,658051.359,1159428.035,10.48526133,76.44418417,0.325,-0.063,10.0,8.9,0.0,14.6,2047,1821,RTK FIXED
4.113,082418.20,10.48525400,76.44418800,10.48525387,76.44418800,658052.051,1159426.971,108.30,658052.038,1159426.947,138.1,1,658051.359,1159428.035,10.48526133,76.44418417,0.325,-0.063,10.0,8.9,0.0,14.6,2047,1821,RTK FIXED
4.160,082418.20,10.48525400,76.44418800,10.48525392,76.44418800,658052.051,1159426.971,108.30,658052.043,1159426.957,138.1,1,658051.359,1159428.035,10.48526133,76.44418417,0.325,-0.063,10.0,8.9,0.5,14.9,2047,1821,RTK FIXED
4.214,082418.20,10.48525400,76.44418800,10.48525395,76.44418800,658052.051,1159426.971,108.30,658052.046,1159426.963,138.1,1,658051.359,1159428.035,10.48526133,76.44418417,0.325,-0.063,10.0,8.9,-0.5,14.8,2047,1821,RTK FIXED
4.260,082418.40,10.48525300,76.44418700,10.48525357,76.44418760,658051.942,1159426.860,108.30,658052.004,1159426.922,138.1,1,658051.359,1159428.035,10.48526133,76.44418417,0.317,-0.073,10.0,8.7,0.5,15.0,2047,1781,RTK FIXED
4.313,082418.40,10.48525300,76.44418700,10.48525334,76.44418736,658051.942,1159426.860,108.30,658051.979,1159426.897,138.1,1,658051.359,1159428.035,10.48526133,76.44418417,0.317,-0.073,10.0,8.7,0.0,15.1,2047,1781,RTK FIXED
4.368,082418.40,10.48525300,76.44418700,10.48525321,76.44418722,658051.942,1159426.860,108.30,658051.964,1159426.882,138.1,1,658051.359,1159428.035,10.48526133,76.44418417,0.317,-0.073,10.0,8.7,0.0,14.6,2047,1781,RTK FIXED
4.415,082418.40,10.48525300,76.44418700,10.48525312,76.44418713,658051.942,1159426.860,108.30,658051.955,1159426.873,138.1,1,658051.359,1159428.035,10.48526133,76.44418417,0.317,-0.073,10.0,8.7,0.0,14.5,2047,1781,RTK FIXED
4.468,082418.60,10.48525300,76.44418700,10.48525307,76.44418708,658051.942,1159426.860,108.30,658051.950,1159426.868,138.1,1,658051.359,1159428.035,10.48526133,76.44418417,0.312,-0.080,10.0,8.6,0.0,15.0,2047,1753,RTK FIXED
4.514,082418.60,10.48525300,76.44418700,10.48525304,76.44418705,658051.942,1159426.860,108.30,658051.946,1159426.865,138.1,1,658051.359,1159428.035,10.48526133,76.44418417,0.312,-0.080,10.0,8.6,0.0,15.3,2047,1753,RTK FIXED
4.568,082418.60,10.48525300,76.44418700,10.48525303,76.44418703,658051.942,1159426.860,108.30,658051.945,1159426.863,138.1,1,658051.359,1159428.035,10.48526133,76.44418417,0.312,-0.080,10.0,8.6,0.0,15.3,2047,1753,RTK FIXED
4.615,082418.60,10.48525300,76.44418700,10.48525302,76.44418702,658051.942,1159426.860,108.30,658051.943,1159426.862,138.1,1,658051.359,1159428.035,10.48526133,76.44418417,0.312,-0.080,10.0,8.6,0.0,14.5,2047,1753,RTK FIXED
4.668,082418.80,10.48525300,76.44418700,10.48525301,76.44418701,658051.942,1159426.860,108.30,658051.943,1159426.861,138.1,1,658051.359,1159428.035,10.48526133,76.44418417,0.309,-0.087,10.0,8.4,-0.5,14.9,2047,1729,RTK FIXED
4.714,082418.80,10.48525300,76.44418700,10.48525301,76.44418701,658051.942,1159426.860,108.30,658051.942,1159426.861,138.1,1,658051.359,1159428.035,10.48526133,76.44418417,0.309,-0.087,10.0,8.4,0.5,14.7,2047,1729,RTK FIXED
4.768,082418.80,10.48525300,76.44418700,10.48525300,76.44418700,658051.942,1159426.860,108.30,658051.942,1159426.860,138.1,1,658051.359,1159428.035,10.48526133,76.44418417,0.309,-0.087,10.0,8.4,0.0,14.9,2047,1729,RTK FIXED
4.814,082418.80,10.48525300,76.44418700,10.48525300,76.44418700,658051.942,1159426.860,108.30,658051.942,1159426.860,138.1,1,658051.359,1159428.035,10.48526133,76.44418417,0.309,-0.087,10.0,8.4,-0.5,14.1,2047,1729,RTK FIXED
5.031,082419.00,10.48525300,76.44418600,10.48525300,76.44418660,658051.832,1159426.860,108.30,658051.898,1159426.860,137.4,1,658051.359,1159428.035,10.48526133,76.44418417,0.000,-0.480,7.9,-7.9,0.0,13.8,450,450,RTK FIXED
5.069,082419.20,10.48525300,76.44418600,10.48525300,76.44418636,658051.823,1159426.850,108.30,658051.868,1159426.856,136.0,1,658051.359,1159428.035,10.48526133,76.44418417,0.000,-0.480,7.9,-7.9,0.7,11.4,900,900,RTK FIXED
5.114,082419.20,10.48525300,76.44418600,10.48525300,76.44418622,658051.823,1159426.850,108.30,658051.850,1159426.854,134.7,1,658051.359,1159428.035,10.48526133,76.44418417,0.000,-0.480,7.9,-7.9,-0.6,11.6,1350,1350,RTK FIXED
5.168,082419.20,10.48525300,76.44418600,10.48525300,76.44418613,658051.823,1159426.850,108.30,658051.839,1159426.852,133.3,1,658051.359,1159428.035,10.48526133,76.44418417,0.000,-0.480,7.9,-7.9,0.0,10.2,1608,1608,RTK FIXED
5.215,082419.20,10.48525300,76.44418600,10.48525300,76.44418608,658051.823,1159426.850,108.30,658051.833,1159426.851,131.9,1,658051.359,1159428.035,10.48526133,76.44418417,0.000,-0.480,7.9,-7.9,0.5,9.2,1608,1608,RTK FIXED
5.269,082419.40,10.48525300,76.44418600,10.48525300,76.44418605,658051.796,1159426.826,108.30,658051.818,1159426.841,130.5,1,658051.359,1159428.035,10.48526133,76.44418417,0.000,-0.464,7.6,-7.6,-0.5,8.7,1554,1554,RTK FIXED
5.315,082419.40,10.48525300,76.44418600,10.48525300,76.44418603,658051.796,1159426.826,108.30,658051.809,1159426.835,129.2,1,658051.359,1159428.035,10.48526133,76.44418417,0.000,-0.464,7.6,-7.6,0.5,7.6,1554,1554,RTK FIXED
5.368,082419.40,10.48525300,76.44418600,10.48525300,76.44418602,658051.796,1159426.826,108.30,658051.804,1159426.832,127.9,1,658051.359,1159428.035,10.48526133,76.44418417,0.000,-0.464,7.6,-7.6,-0.5,7.0,1554,1554,RTK FIXED
5.415,082419.40,10.48525300,76.44418600,10.48525300,76.44418601,658051.796,1159426.826,108.30,658051.801,1159426.830,126.6,1,658051.359,1159428.035,10.48526133,76.44418417,0.000,-0.464,7.6,-7.6,0.5,5.9,1554,1554,RTK FIXED
5.469,082419.60,10.48525400,76.44418500,10.48525340,76.44418561,658051.659,1159426.916,108.30,658051.744,1159426.864,140.0,1,658051.359,1159428.035,10.48526133,76.44418417,0.000,-0.480,7.9,-7.9,-0.5,5.0,1608,1608,RTK FIXED
5.515,082419.60,10.48525400,76.44418500,10.48525364,76.44418536,658051.659,1159426.916,108.30,658051.710,1159426.885,138.7,1,658051.359,1159428.035,10.48526133,76.44418417,0.000,-0.480,7.9,-7.9,0.5,4.9,1608,1608,RTK FIXED
5.568,082419.60,10.48525400,76.44418500,10.48525378,76.44418522,658051.659,1159426.916,108.30,658051.689,1159426.897,137.3,1,658051.359,1159428.035,10.48526133,76.44418417,0.000,-0.480,7.9,-7.9,0.0,4.2,1608,1608,RTK FIXED
5.623,082419.60,10.48525400,76.44418500,10.48525387,76.44418513,658051.659,1159426.916,108.30,658051.677,1159426.905,135.9,1,658051.359,1159428.035,10.48526133,76.44418417,0.000,-0.480,7.9,-7.9,0.0,3.7,1608,1608,RTK FIXED
5.669,082419.80,10.48525400,76.44418500,10.48525392,76.44418508,658051.706,1159426.953,108.30,658051.689,1159426.924,134.5,1,658051.359,1159428.035,10.48526133,76.44418417,0.000,-0.480,7.9,-7.9,0.0,3.8,1608,1608,RTK FIXED
5.723,082419.80,10.48525400,76.44418500,10.48525395,76.44418505,658051.706,1159426.953,108.30,658051.696,1159426.936,133.2,1,658051.359,1159428.035,10.48526133,76.44418417,0.000,-0.480,7.9,-7.9,-0.5,2.8,1608,1608,RTK FIXED
5.769,082419.80,10.48525400,76.44418500,10.48525397,76.44418503,658051.706,1159426.953,108.30,658051.700,1159426.943,131.8,1,658051.359,1159428.035,10.48526133,76.44418417,0.000,-0.480,7.9,-7.9,0.5,2.7,1608,1608,RTK FIXED
5.823,082419.80,10.48525400,76.44418500,10.48525398,76.44418502,658051.706,1159426.953,108.30,658051.702,1159426.947,130.4,1,658051.359,1159428.035,10.48526133,76.44418417,0.000,-0.480,7.9,-7.9,-0.5,2.3,1608,1608,RTK FIXED
5.870,082420.00,10.48525400,76.44418500,10.48525399,76.44418501,658051.679,1159426.930,108.30,658051.693,1159426.940,129.0,1,658051.359,1159428.035,10.48526133,76.44418417,0.000,-0.480,7.9,-7.9,0.5,2.2,1608,1608,RTK FIXED
5.923,082420.00,10.48525400,76.44418500,10.48525399,76.44418501,658051.679,1159426.930,108.30,658051.687,1159426.936,127.7,1,658051.359,1159428.035,10.48526133,76.44418417,0.000,-0.480,7.9,-7.9,0.0,1.9,1608,1608,RTK FIXED
5.970,082420.00,10.48525400,76.44418500,10.48525400,76.44418500,658051.679,1159426.930,108.30,658051.684,1159426.934,126.3,1,658051.359,1159428.035,10.48526133,76.44418417,0.000,-0.480,7.9,-7.9,-0.5,2.1,1608,1608,RTK FIXED
6.024,082420.20,10.48525400,76.44418500,10.48525400,76.44418500,658051.657,1159426.915,108.30,658051.673,1159426.926,132.7,1,658051.359,1159428.035,10.48526133,76.44418417,0.000,-0.480,7.9,-7.9,0.5,2.3,1608,1608,RTK FIXED
6.077,082420.20,10.48525400,76.44418500,10.48525400,76.44418500,658051.657,1159426.915,108.30,658051.667,1159426.922,131.3,1,658051.359,1159428.035,10.48526133,76.44418417,0.000,-0.480,7.9,-7.9,-0.5,1.9,1608,1608,RTK FIXED
6.123,082420.20,10.48525400,76.44418500,10.48525400,76.44418500,658051.657,1159426.915,108.30,658051.663,1159426.919,129.9,1,658051.359,1159428.035,10.48526133,76.44418417,0.000,-0.480,7.9,-7.9,0.5,2.2,1608,1608,RTK FIXED
6.178,082420.40,10.48525400,76.44418500,10.48525400,76.44418500,658051.676,1159426.929,108.30,658051.668,1159426.923,128.5,1,658051.359,1159428.035,10.48526133,76.44418417,0.000,-0.480,7.9,-7.9,-0.5,2.3,1608,1608,RTK FIXED
6.223,082420.40,10.48525400,76.44418500,10.48525400,76.44418500,658051.676,1159426.929,108.30,658051.671,1159426.925,127.2,1,658051.359,1159428.035,10.48526133,76.44418417,0.000,-0.480,7.9,-7.9,0.0,2.2,1608,1608,RTK FIXED
6.277,082420.40,10.48525400,76.44418500,10.48525400,76.44418500,658051.676,1159426.929,108.30,658051.673,1159426.927,125.8,1,658051.359,1159428.035,10.48526133,76.44418417,0.000,-0.480,7.9,-7.9,0.0,1.8,1608,1608,RTK FIXED
6.323,082420.40,10.48525400,76.44418500,10.48525400,76.44418500,658051.676,1159426.929,108.30,658051.674,1159426.927,124.4,1,658051.359,1159428.035,10.48526133,76.44418417,0.000,-0.480,7.9,-7.9,0.0,2.2,1608,1608,RTK FIXED
6.377,082420.40,10.48525400,76.44418500,10.48525400,76.44418500,658051.676,1159426.929,108.30,658051.675,1159426.928,123.0,1,658051.359,1159428.035,10.48526133,76.44418417,0.000,-0.480,7.9,-7.9,0.5,1.9,1608,1608,RTK FIXED
6.423,082420.40,10.48525400,76.44418500,10.48525400,76.44418500,658051.676,1159426.929,108.30,658051.676,1159426.928,121.7,1,658051.359,1159428.035,10.48526133,76.44418417,0.000,-0.480,7.9,-7.9,0.0,1.6,1608,1608,RTK FIXED
6.478,082420.60,10.48525400,76.44418500,10.48525400,76.44418500,658051.631,1159426.900,108.30,658051.658,1159426.917,120.3,1,658051.359,1159428.035,10.48526133,76.44418417,0.000,-0.443,7.3,-7.3,0.0,1.8,1486,1486,RTK FIXED
6.523,082420.60,10.48525400,76.44418500,10.48525400,76.44418500,658051.631,1159426.900,108.30,658051.647,1159426.910,119.0,1,658051.359,1159428.035,10.48526133,76.44418417,0.000,-0.443,7.3,-7.3,0.0,1.7,1486,1486,RTK FIXED
6.578,082420.60,10.48525400,76.44418500,10.48525400,76.44418500,658051.631,1159426.900,108.30,658051.641,1159426.906,117.8,1,658051.359,1159428.035,10.48526133,76.44418417,0.000,-0.443,7.3,-7.3,-0.5,1.8,1486,1486,RTK FIXED
6.623,082420.60,10.48525400,76.44418500,10.48525400,76.44418500,658051.631,1159426.900,108.30,658051.637,1159426.903,116.5,1,658051.359,1159428.035,10.48526133,76.44418417,0.000,-0.443,7.3,-7.3,0.0,1.6,1486,1486,RTK FIXED
6.678,082420.80,10.48525400,76.44418500,10.48525400,76.44418500,658051.602,1159426.885,108.30,658051.623,1159426.896,115.2,1,658051.359,1159428.035,10.48526133,76.44418417,0.000,-0.406,6.6,-6.6,0.0,1.4,1361,1361,RTK FIXED
6.732,082420.80,10.48525400,76.44418500,10.48525400,76.44418500,658051.602,1159426.885,108.30,658051.615,1159426.892,114.0,1,658051.359,1159428.035,10.48526133,76.44418417,0.000,-0.406,6.6,-6.6,0.5,1.4,1361,1361,RTK FIXED
6.778,082420.80,10.48525400,76.44418500,10.48525400,76.44418500,658051.602,1159426.885,108.30,658051.610,1159426.889,112.9,1,658051.359,1159428.035,10.48526133,76.44418417,0.000,-0.406,6.6,-6.6,-0.5,1.1,1361,1361,RTK FIXED
6.831,082420.80,10.48525400,76.44418500,10.48525400,76.44418500,658051.602,1159426.885,108.30,658051.607,1159426.887,111.7,1,658051.359,1159428.035,10.48526133,76.44418417,0.000,-0.406,6.6,-6.6,0.0,1.4,1361,1361,RTK FIXED
6.879,082421.00,10.48525400,76.44418400,10.48525400,76.44418460,658051.465,1159426.874,108.30,658051.550,1159426.882,134.8,1,658051.359,1159428.035,10.48526133,76.44418417,0.000,-0.516,8.4,-8.4,0.0,0.5,1728,1728,RTK FIXED
6.932,082421.00,10.48525400,76.44418400,10.48525400,76.44418436,658051.465,1159426.874,108.30,658051.516,1159426.879,133.3,1,658051.359,1159428.035,10.48526133,76.44418417,0.000,-0.516,8.4,-8.4,0.5,0.9,1728,1728,RTK FIXED
6.979,082421.20,10.48525400,76.44418400,10.48525400,76.44418422,658051.583,1159426.941,108.30,658051.543,1159426.904,131.8,1,658051.359,1159428.035,10.48526133,76.44418417,0.000,-0.480,7.9,-7.9,-0.5,1.1,1608,1608,RTK FIXED
7.031,082421.20,10.48525400,76.44418400,10.48525400,76.44418413,658051.583,1159426.941,108.30,658051.559,1159426.919,130.5,1,658051.359,1159428.035,10.48526133,76.44418417,0.000,-0.480,7.9,-7.9,0.0,0.5,1608,1608,RTK FIXED
7.078,082421.20,10.48525400,76.44418400,10.48525400,76.44418408,658051.583,1159426.941,108.30,658051.569,1159426.928,129.1,1,658051.359,1159428.035,10.48526133,76.44418417,0.000,-0.480,7.9,-7.9,0.5,0.0,1608,1608,RTK FIXED
7.132,082421.20,10.48525400,76.44418400,10.48525400,76.44418405,658051.583,1159426.941,108.30,658051.575,1159426.933,127.7,1,658051.359,1159428.035,10.48526133,76.44418417,0.000,-0.480,7.9,-7.9,0.0,0.0,1608,1608,RTK FIXED
7.187,082421.40,10.48525500,76.44418400,10.48525440,76.44418403,658051.555,1159427.030,108.30,658051.567,1159426.972,126.3,1,658051.359,1159428.035,10.48526133,76.44418417,0.000,-0.480,7.9,-7.9,0.0,0.0,1608,1608,RTK FIXED
7.232,082421.40,10.48525500,76.44418400,10.48525464,76.44418402,658051.555,1159427.030,108.30,658051.562,1159426.995,125.0,1,658051.359,1159428.035,10.48526133,76.44418417,0.000,-0.480,7.9,-7.9,0.0,0.0,1608,1608,RTK FIXED
7.286,082421.40,10.48525500,76.44418400,10.48525478,76.44418401,658051.555,1159427.030,108.30,658051.559,1159427.009,123.6,1,658051.359,1159428.035,10.48526133,76.44418417,0.000,-0.480,7.9,-7.9,-0.5,0.0,1608,1608,RTK FIXED
7.332,082421.40,10.48525500,76.44418400,10.48525487,76.44418401,658051.555,1159427.030,108.30,658051.557,1159427.018,122.2,1,658051.359,1159428.035,10.48526133,76.44418417,0.000,-0.480,7.9,-7.9,0.0,0.0,1608,1608,RTK FIXED
7.386,082421.40,10.48525500,76.44418400,10.48525492,76.44418400,658051.555,1159427.030,108.30,658051.556,1159427.023,120.8,1,658051.359,1159428.035,10.48526133,76.44418417,0.000,-0.480,7.9,-7.9,0.5,0.0,1608,1608,RTK FIXED
7.432,082421.40,10.48525500,76.44418400,10.48525495,76.44418400,658051.555,1159427.030,108.30,658051.556,1159427.026,119.5,1,658051.359,1159428.035,10.48526133,76.44418417,0.000,-0.480,7.9,-7.9,0.0,0.0,1608,1608,RTK FIXED
7.487,082421.60,10.48525500,76.44418400,10.48525497,76.44418400,658051.509,1159427.003,108.30,658051.537,1159427.017,114.7,1,658051.359,1159428.035,10.48526133,76.44418417,0.000,-0.433,7.1,-7.1,-0.5,0.0,1452,1452,RTK FIXED
7.532,082421.60,10.48525500,76.44418400,10.48525498,76.44418400,658051.509,1159427.003,108.30,658051.526,1159427.011,113.4,1,658051.359,1159428.035,10.48526133,76.44418417,0.000,-0.433,7.1,-7.1,0.0,0.0,1452,1452,RTK FIXED
7.587,082421.60,10.48525500,76.44418400,10.48525499,76.44418400,658051.509,1159427.003,108.30,658051.519,1159427.008,112.2,1,658051.359,1159428.035,10.48526133,76.44418417,0.000,-0.433,7.1,-7.1,0.0,0.0,1452,1452,RTK FIXED
7.632,082421.60,10.48525500,76.44418400,10.48525499,76.44418400,658051.509,1159427.003,108.30,658051.515,1159427.006,110.9,1,658051.359,1159428.035,10.48526133,76.44418417,0.000,-0.433,7.1,-7.1,0.0,0.0,1452,1452,RTK FIXED
7.687,082421.80,10.48525500,76.44418400,10.48525500,76.44418400,658051.459,1159426.983,108.30,658051.492,1159426.997,109.7,1,658051.359,1159428.035,10.48526133,76.44418417,0.000,-0.397,6.5,-6.5,0.5,0.0,1329,1329,RTK FIXED
7.732,082421.80,10.48525500,76.44418400,10.48525500,76.44418400,658051.459,1159426.983,108.30,658051.479,1159426.991,108.6,1,658051.359,1159428.035,10.48526133,76.44418417,0.000,-0.397,6.5,-6.5,0.0,0.0,1329,1329,RTK FIXED
7.787,082421.80,10.48525500,76.44418400,10.48525500,76.44418400,658051.459,1159426.983,108.30,658051.471,1159426.988,107.4,1,658051.359,1159428.035,10.48526133,76.44418417,0.000,-0.397,6.5,-6.5,-0.5,0.0,1329,1329,RTK FIXED
7.841,082422.00,10.48525500,76.44418400,10.48525500,76.44418400,658051.438,1159426.976,108.30,658051.458,1159426.983,106.3,1,658051.359,1159428.035,10.48526133,76.44418417,0.000,-0.375,6.1,-6.1,0.5,0.0,1258,1258,RTK FIXED
7.887,082422.00,10.48525500,76.44418400,10.48525500,76.44418400,658051.438,1159426.976,108.30,658051.450,1159426.980,105.2,1,658051.359,1159428.035,10.48526133,76.44418417,0.000,-0.375,6.1,-6.1,0.0,0.0,1258,1258,RTK FIXED
7.941,082422.20,10.48525500,76.44418400,10.48525500,76.44418400,658051.424,1159426.973,108.30,658051.439,1159426.977,127.0,1,658051.359,1159428.035,10.48526133,76.44418417,0.000,-0.480,7.9,-7.9,0.0,0.0,1608,1608,RTK FIXED
7.987,082422.20,10.48525500,76.44418400,10.48525500,76.44418400,658051.424,1159426.973,108.30,658051.433,1159426.976,125.6,1,658051.359,1159428.035,10.48526133,76.44418417,0.000,-0.480,7.9,-7.9,-0.5,0.0,1608,1608,RTK FIXED
8.040,082422.20,10.48525500,76.44418400,10.48525500,76.44418400,658051.424,1159426.973,108.30,658051.430,1159426.975,124.2,1,658051.359,1159428.035,10.48526133,76.44418417,0.000,-0.480,7.9,-7.9,0.5,0.0,1608,1608,RTK FIXED
8.087,082422.20,10.48525500,76.44418400,10.48525500,76.44418400,658051.424,1159426.973,108.30,658051.428,1159426.974,122.9,1,658051.359,1159428.035,10.48526133,76.44418417,0.000,-0.480,7.9,-7.9,-0.5,0.0,1608,1608,RTK FIXED
8.140,082422.20,10.48525500,76.44418400,10.48525500,76.44418400,658051.424,1159426.973,108.30,658051.426,1159426.974,121.5,1,658051.359,1159428.035,10.48526133,76.44418417,0.000,-0.480,7.9,-7.9,0.0,0.0,1608,1608,RTK FIXED
8.187,082422.20,10.48525500,76.44418400,10.48525500,76.44418400,658051.424,1159426.973,108.30,658051.425,1159426.973,120.1,1,658051.359,1159428.035,10.48526133,76.44418417,0.000,-0.480,7.9,-7.9,0.0,0.0,1608,1608,RTK FIXED
8.241,082422.40,10.48525500,76.44418400,10.48525500,76.44418400,658051.513,1159427.005,108.30,658051.460,1159426.986,118.7,1,658051.359,1159428.035,10.48526133,76.44418417,0.000,-0.480,7.9,-7.9,0.0,0.0,1608,1608,RTK FIXED
8.287,082422.40,10.48525500,76.44418400,10.48525500,76.44418400,658051.513,1159427.005,108.30,658051.481,1159426.994,117.4,1,658051.359,1159428.035,10.48526133,76.44418417,0.000,-0.480,7.9,-7.9,0.0,0.0,1608,1608,RTK FIXED
8.341,082422.40,10.48525500,76.44418400,10.48525500,76.44418400,658051.513,1159427.005,108.30,658051.494,1159426.998,116.0,1,658051.359,1159428.035,10.48526133,76.44418417,0.000,-0.480,7.9,-7.9,0.5,0.0,1608,1608,RTK FIXED
8.395,082422.40,10.48525500,76.44418400,10.48525500,76.44418400,658051.513,1159427.005,108.30,658051.501,1159427.001,114.6,1,658051.359,1159428.035,10.48526133,76.44418417,0.000,-0.480,7.9,-7.9,-0.5,0.0,1608,1608,RTK FIXED
8.441,082422.60,10.48525600,76.44418400,10.48525540,76.44418400,658051.480,1159427.101,108.30,658051.493,1159427.041,113.2,1,658051.359,1159428.035,10.48526133,76.44418417,0.000,-0.436,7.1,-7.1,0.5,0.0,1461,1461,RTK FIXED
8.495,082422.60,10.48525600,76.44418400,10.48525564,76.44418400,658051.480,1159427.101,108.30,658051.488,1159427.065,112.0,1,658051.359,1159428.035,10.48526133,76.44418417,0.000,-0.436,7.1,-7.1,0.0,0.0,1461,1461,RTK FIXED
8.540,082422.60,10.48525600,76.44418400,10.48525578,76.44418400,658051.480,1159427.101,108.30,658051.484,1159427.079,110.7,1,658051.359,1159428.035,10.48526133,76.44418417,0.000,-0.436,7.1,-7.1,-0.5,0.0,1461,1461,RTK FIXED
8.595,082422.60,10.48525600,76.44418400,10.48525587,76.44418400,658051.480,1159427.101,108.30,658051.483,1159427.088,109.5,1,658051.359,1159428.035,10.48526133,76.44418417,0.000,-0.436,7.1,-7.1,0.0,0.0,1461,1461,RTK FIXED
8.642,082422.80,10.48525600,76.44418400,10.48525592,76.44418400,658051.449,1159427.090,108.30,658051.469,1159427.089,100.8,1,658051.359,1159428.035,10.48526133,76.44418417,0.000,-0.295,4.8,-4.8,0.0,0.0,1100,1100,RTK FIXED
8.695,082422.80,10.48525600,76.44418400,10.48525595,76.44418400,658051.449,1159427.090,108.30,658051.461,1159427.089,99.9,1,658051.359,1159428.035,10.48526133,76.44418417,0.000,-0.295,4.8,-4.8,0.0,0.0,1100,1100,RTK FIXED
8.741,082422.80,10.48525600,76.44418400,10.48525597,76.44418400,658051.449,1159427.090,108.30,658051.457,1159427.090,99.1,1,658051.359,1159428.035,10.48526133,76.44418417,0.000,-0.295,4.8,-4.8,0.0,0.0,1100,1100,RTK FIXED
8.795,082422.80,10.48525600,76.44418400,10.48525598,76.44418400,658051.449,1159427.090,108.30,658051.454,1159427.090,98.2,1,658051.359,1159428.035,10.48526133,76.44418417,0.000,-0.295,4.8,-4.8,0.0,0.0,1100,1100,RTK FIXED
8.849,082423.00,10.48525600,76.44418400,10.48525599,76.44418400,658051.381,1159427.077,108.30,658051.424,1159427.085,97.4,1,658051.359,1159428.035,10.48526133,76.44418417,0.000,-0.274,4.5,-4.5,0.0,0.0,1100,1100,RTK FIXED
8.896,082423.00,10.48525600,76.44418400,10.48525599,76.44418400,658051.381,1159427.077,108.30,658051.407,1159427.081,96.6,1,658051.359,1159428.035,10.48526133,76.44418417,0.000,-0.274,4.5,-4.5,0.0,0.0,1100,1100,RTK FIXED
8.950,082423.20,10.48525600,76.44418400,10.48525600,76.44418400,658051.370,1159427.076,108.30,658051.392,1159427.079,95.8,1,658051.359,1159428.035,10.48526133,76.44418417,0.000,-0.269,4.4,-4.4,0.0,0.0,1100,1100,RTK FIXED
8.996,082423.20,10.48525600,76.44418400,10.48525600,76.44418400,658051.370,1159427.076,108.30,658051.384,1159427.078,95.0,1,658051.359,1159428.035,10.48526133,76.44418417,0.000,-0.269,4.4,-4.4,0.0,0.0,1100,1100,RTK FIXED
9.049,082423.20,10.48525600,76.44418400,10.48525600,76.44418400,658051.370,1159427.076,108.30,658051.378,1159427.077,94.3,1,658051.359,1159428.035,10.48526133,76.44418417,0.000,-0.269,4.4,-4.4,0.0,0.0,1100,1100,RTK FIXED
9.095,082423.20,10.48525600,76.44418400,10.48525600,76.44418400,658051.370,1159427.076,108.30,658051.375,1159427.076,93.5,1,658051.359,1159428.035,10.48526133,76.44418417,0.000,-0.269,4.4,-4.4,0.0,0.0,1100,1100,RTK FIXED
9.150,082423.40,10.48525600,76.44418400,10.48525600,76.44418400,658051.351,1159427.075,108.30,658051.365,1159427.076,115.8,1,658051.359,1159428.035,10.48526133,76.44418417,0.000,-0.480,7.9,-7.9,0.5,0.0,1550,1550,RTK FIXED
9.196,082423.40,10.48525600,76.44418400,10.48525600,76.44418400,658051.351,1159427.075,108.30,658051.359,1159427.075,114.4,1,658051.359,1159428.035,10.48526133,76.44418417,0.000,-0.480,7.9,-7.9,-0.5,0.0,1608,1608,RTK FIXED
9.250,082423.40,10.48525600,76.44418400,10.48525600,76.44418400,658051.351,1159427.075,108.30,658051.356,1159427.075,113.0,1,658051.359,1159428.035,10.48526133,76.44418417,0.000,-0.480,7.9,-7.9,0.5,0.0,1608,1608,RTK FIXED
9.296,082423.40,10.48525600,76.44418400,10.48525600,76.44418400,658051.351,1159427.075,108.30,658051.354,1159427.075,111.6,1,658051.359,1159428.035,10.48526133,76.44418417,0.000,-0.480,7.9,-7.9,0.0,0.0,1608,1608,RTK FIXED
9.350,082423.40,10.48525600,76.44418400,10.48525600,76.44418400,658051.351,1159427.075,108.30,658051.352,1159427.075,110.3,1,658051.359,1159428.035,10.48526133,76.44418417,0.000,-0.480,7.9,-7.9,0.0,0.0,1608,1608,RTK FIXED
9.396,082423.40,10.48525600,76.44418400,10.48525600,76.44418400,658051.351,1159427.075,108.30,658051.352,1159427.075,108.9,1,658051.359,1159428.035,10.48526133,76.44418417,0.000,-0.480,7.9,-7.9,0.0,0.0,1608,1608,RTK FIXED
9.450,082423.60,10.48525600,76.44418400,10.48525600,76.44418400,658051.445,1159427.089,108.30,658051.389,1159427.081,107.5,1,658051.359,1159428.035,10.48526133,76.44418417,0.000,-0.398,6.5,-6.5,-0.5,-0.9,1332,1332,RTK FIXED
9.496,082423.60,10.48525600,76.44418400,10.48525600,76.44418400,658051.445,1159427.089,108.30,658051.411,1159427.084,106.4,1,658051.359,1159428.035,10.48526133,76.44418417,0.000,-0.398,6.5,-6.5,0.5,-1.6,1332,1332,RTK FIXED
9.550,082423.60,10.48525600,76.44418400,10.48525600,76.44418400,658051.445,1159427.089,108.30,658051.425,1159427.086,105.2,1,658051.359,1159428.035,10.48526133,76.44418417,0.000,-0.398,6.5,-6.5,0.0,-1.9,1332,1332,RTK FIXED
9.605,082423.60,10.48525600,76.44418400,10.48525600,76.44418400,658051.445,1159427.089,108.30,658051.433,1159427.087,104.1,1,658051.359,1159428.035,10.48526133,76.44418417,0.000,-0.398,6.5,-6.5,-0.5,-1.8,1332,1332,RTK FIXED
9.651,082423.80,10.48525600,76.44418400,10.48525600,76.44418400,658051.416,1159427.082,108.30,658051.426,1159427.085,103.0,1,658051.359,1159428.035,10.48526133,76.44418417,0.000,-0.344,5.6,-5.6,0.5,-2.7,1153,1153,RTK FIXED
9.704,082423.80,10.48525600,76.44418400,10.48525600,76.44418400,658051.416,1159427.082,108.30,658051.422,1159427.084,102.0,1,658051.359,1159428.035,10.48526133,76.44418417,0.000,-0.344,5.6,-5.6,-0.5,-2.8,1153,1153,RTK FIXED
9.750,082423.80,10.48525600,76.44418400,10.48525600,76.44418400,658051.416,1159427.082,108.30,658051.420,1159427.083,101.0,1,658051.359,1159428.035,10.48526133,76.44418417,0.000,-0.344,5.6,-5.6,0.5,-1.6,1153,1153,RTK FIXED
9.804,082423.80,10.48525600,76.44418400,10.48525600,76.44418400,658051.416,1159427.082,108.30,658051.418,1159427.083,100.0,1,658051.359,1159428.035,10.48526133,76.44418417,0.000,-0.344,5.6,-5.6,0.0,-1.4,1153,1153,RTK FIXED
9.852,082424.00,10.48525700,76.44418400,10.48525640,76.44418400,658051.391,1159427.188,108.30,658051.407,1159427.125,99.0,1,658051.359,1159428.035,10.48526133,76.44418417,0.000,-0.290,4.8,-4.8,0.0,-2.1,1100,1100,RTK FIXED
9.904,082424.00,10.48525700,76.44418400,10.48525664,76.44418400,658051.391,1159427.188,108.30,658051.401,1159427.150,98.2,1,658051.359,1159428.035,10.48526133,76.44418417,0.000,-0.290,4.8,-4.8,-0.5,-1.4,1100,1100,RTK FIXED
9.951,082424.20,10.48525700,76.44418400,10.48525678,76.44418400,658051.380,1159427.187,108.30,658051.392,1159427.165,97.3,1,658051.359,1159428.035,10.48526133,76.44418417,0.000,-0.269,4.4,-4.4,0.5,-0.5,1100,1100,RTK FIXED
10.004,082424.20,10.48525700,76.44418400,10.48525687,76.44418400,658051.380,1159427.187,108.30,658051.387,1159427.174,96.6,1,658051.359,1159428.035,10.48526133,76.44418417,0.000,-0.269,4.4,-4.4,0.0,-1.4,1100,1100,RTK FIXED
10.050,082424.20,10.48525700,76.44418400,10.48525692,76.44418400,658051.380,1159427.187,108.30,658051.384,1159427.179,95.8,1,658051.359,1159428.035,10.48526133,76.44418417,0.000,-0.269,4.4,-4.4,-0.5,-0.5,1100,1100,RTK FIXED
10.104,082424.20,10.48525700,76.44418400,10.48525695,76.44418400,658051.380,1159427.187,108.30,658051.383,1159427.182,95.0,1,658051.359,1159428.035,10.48526133,76.44418417,0.000,-0.269,4.4,-4.4,0.5,-1.4,1100,1100,RTK FIXED
10.313,082424.40,10.48525700,76.44418400,10.48525697,76.44418400,658051.360,1159427.186,108.30,658051.374,1159427.184,93.8,1,658051.359,1159428.035,10.48526133,76.44418417,0.365,0.062,9.0,10.0,0.0,-0.2,450,450,RTK FIXED
10.351,082424.40,10.48525700,76.44418400,10.48525698,76.44418400,658051.360,1159427.186,108.30,658051.368,1159427.185,93.8,1,658051.359,1159428.035,10.48526133,76.44418417,0.365,0.062,9.0,10.0,0.0,0.0,900,900,RTK FIXED
10.396,082424.40,10.48525700,76.44418400,10.48525699,76.44418400,658051.360,1159427.186,108.30,658051.365,1159427.185,93.8,1,658051.359,1159428.035,10.48526133,76.44418417,0.365,0.062,9.0,10.0,-0.6,0.0,1350,1350,RTK FIXED
10.452,082424.60,10.48525700,76.44418400,10.48525699,76.44418400,658051.357,1159427.186,108.30,658051.362,1159427.185,93.8,1,658051.359,1159428.035,10.48526133,76.44418417,0.365,0.066,9.0,10.0,0.0,0.0,1800,1800,RTK FIXED
10.497,082424.60,10.48525700,76.44418400,10.48525700,76.44418400,658051.357,1159427.186,108.30,658051.360,1159427.185,93.8,1,658051.359,1159428.035,10.48526133,76.44418417,0.365,0.066,9.0,10.0,0.0,0.0,1837,2047,RTK FIXED
10.554,082424.60,10.48525700,76.44418400,10.48525700,76.44418400,658051.357,1159427.186,108.30,658051.359,1159427.185,93.8,1,658051.359,1159428.035,10.48526133,76.44418417,0.365,0.066,9.0,10.0,0.4,0.0,1837,2047,RTK FIXED
10.596,082424.60,10.48525700,76.44418400,10.48525700,76.44418400,658051.357,1159427.186,108.30,658051.358,1159427.186,93.8,1,658051.359,1159428.035,10.48526133,76.44418417,0.365,0.066,9.0,10.0,-0.6,0.6,1837,2047,RTK FIXED
10.651,082424.80,10.48525700,76.44418400,10.48525700,76.44418400,658051.357,1159427.186,108.30,658051.358,1159427.186,93.8,1,658051.359,1159428.035,10.48526133,76.44418417,0.365,0.068,8.9,10.0,0.5,0.5,1830,2047,RTK FIXED
10.696,082424.80,10.48525700,76.44418400,10.48525700,76.44418400,658051.357,1159427.186,108.30,658051.358,1159427.186,93.8,1,658051.359,1159428.035,10.48526133,76.44418417,0.365,0.068,8.9,10.0,-0.6,1.7,1830,2047,RTK FIXED
10.751,082424.80,10.48525700,76.44418400,10.48525700,76.44418400,658051.357,1159427.186,108.30,658051.357,1159427.186,93.8,1,658051.359,1159428.035,10.48526133,76.44418417,0.365,0.068,8.9,10.0,0.0,1.4,1830,2047,RTK FIXED
10.797,082424.80,10.48525700,76.44418400,10.48525700,76.44418400,658051.357,1159427.186,108.30,658051.357,1159427.186,93.8,1,658051.359,1159428.035,10.48526133,76.44418417,0.365,0.068,8.9,10.0,0.0,2.2,1830,2047,RTK FIXED
10.851,082425.00,10.48525700,76.44418400,10.48525700,76.44418400,658051.357,1159427.186,108.30,658051.357,1159427.186,93.8,1,658051.359,1159428.035,10.48526133,76.44418417,0.365,0.070,8.9,10.0,0.5,2.8,1824,2047,RTK FIXED
10.904,082425.00,10.48525700,76.44418400,10.48525700,76.44418400,658051.357,1159427.186,108.30,658051.357,1159427.186,93.8,1,658051.359,1159428.035,10.48526133,76.44418417,0.365,0.070,8.9,10.0,-0.5,2.4,1824,2047,RTK FIXED
10.952,082425.20,10.48525700,76.44418400,10.48525700,76.44418400,658051.357,1159427.186,108.30,658051.357,1159427.186,93.8,1,658051.359,1159428.035,10.48526133,76.44418417,0.365,0.071,8.9,10.0,0.5,2.6,1821,2047,RTK FIXED
11.004,082425.20,10.48525700,76.44418400,10.48525700,76.44418400,658051.357,1159427.186,108.30,658051.357,1159427.186,93.8,1,658051.359,1159428.035,10.48526133,76.44418417,0.365,0.071,8.9,10.0,-0.5,2.4,1821,2047,RTK FIXED
11.051,082425.20,10.48525700,76.44418400,10.48525700,76.44418400,658051.357,1159427.186,108.30,658051.357,1159427.186,93.8,1,658051.359,1159428.035,10.48526133,76.44418417,0.365,0.071,8.9,10.0,0.0,1.6,1821,2047,RTK FIXED
11.105,082425.20,10.48525700,76.44418400,10.48525700,76.44418400,658051.357,1159427.186,108.30,658051.357,1159427.186,93.8,1,658051.359,1159428.035,10.48526133,76.44418417,0.365,0.071,8.9,10.0,0.5,4.2,1821,2047,RTK FIXED
11.152,082425.40,10.48525700,76.44418400,10.48525700,76.44418400,658051.357,1159427.186,108.30,658051.357,1159427.186,93.8,1,658051.359,1159428.035,10.48526133,76.44418417,0.365,0.073,8.9,10.0,0.0,4.8,1814,2047,RTK FIXED
11.205,082425.40,10.48525700,76.44418400,10.48525700,76.44418400,658051.357,1159427.186,108.30,658051.357,1159427.186,93.8,1,658051.359,1159428.035,10.48526133,76.44418417,0.365,0.073,8.9,10.0,0.0,5.6,1814,2047,RTK FIXED
11.252,082425.40,10.48525700,76.44418400,10.48525700,76.44418400,658051.357,1159427.186,108.30,658051.357,1159427.186,93.8,1,658051.359,1159428.035,10.48526133,76.44418417,0.365,0.073,8.9,10.0,-0.5,5.4,1814,2047,RTK FIXED
11.305,082425.40,10.48525700,76.44418400,10.48525700,76.44418400,658051.357,1159427.186,108.30,658051.357,1159427.186,93.8,1,658051.359,1159428.035,10.48526133,76.44418417,0.365,0.073,8.9,10.0,0.0,6.5,1814,2047,RTK FIXED
11.352,082425.40,10.48525700,76.44418400,10.48525700,76.44418400,658051.357,1159427.186,108.30,658051.357,1159427.186,93.8,1,658051.359,1159428.035,10.48526133,76.44418417,0.365,0.073,8.9,10.0,0.0,8.1,1814,2047,RTK FIXED
11.407,082425.40,10.48525700,76.44418400,10.48525700,76.44418400,658051.357,1159427.186,108.30,658051.357,1159427.186,93.8,1,658051.359,1159428.035,10.48526133,76.44418417,0.365,0.073,8.9,10.0,0.5,8.7,1814,2047,RTK FIXED
11.452,082425.60,10.48525700,76.44418400,10.48525700,76.44418400,658051.357,1159427.186,108.30,658051.357,1159427.186,93.8,1,658051.359,1159428.035,10.48526133,76.44418417,0.365,0.076,8.8,10.0,0.0,10.5,1805,2047,RTK FIXED
11.506,082425.60,10.48525700,76.44418400,10.48525700,76.44418400,658051.357,1159427.186,108.30,658051.357,1159427.186,93.8,1,658051.359,1159428.035,10.48526133,76.44418417,0.365,0.076,8.8,10.0,-0.5,11.2,1805,2047,RTK FIXED
11.560,082425.60,10.48525700,76.44418400,10.48525700,76.44418400,658051.357,1159427.186,108.30,658051.357,1159427.186,93.8,1,658051.359,1159428.035,10.48526133,76.44418417,0.365,0.076,8.8,10.0,0.5,12.0,1805,2047,RTK FIXED
11.606,082425.60,10.48525700,76.44418400,10.48525700,76.44418400,658051.357,1159427.186,108.30,658051.357,1159427.186,93.8,1,658051.359,1159428.035,10.48526133,76.44418417,0.365,0.076,8.8,10.0,0.0,13.0,1805,2047,RTK FIXED
11.660,082425.80,10.48525700,76.44418400,10.48525700,76.44418400,658051.357,1159427.186,108.30,658051.357,1159427.186,93.8,1,658051.359,1159428.035,10.48526133,76.44418417,0.365,0.079,8.8,10.0,0.0,13.7,1798,2047,RTK FIXED
11.705,082425.80,10.48525700,76.44418400,10.48525700,76.44418400,658051.357,1159427.186,108.30,658051.357,1159427.186,93.8,1,658051.359,1159428.035,10.48526133,76.44418417,0.365,0.079,8.8,10.0,-0.6,14.0,1798,2047,RTK FIXED
11.760,082425.80,10.48525700,76.44418400,10.48525700,76.44418400,658051.357,1159427.186,108.30,658051.357,1159427.186,93.8,1,658051.359,1159428.035,10.48526133,76.44418417,0.365,0.079,8.8,10.0,0.5,15.1,1798,2047,RTK FIXED
11.806,082425.80,10.48525700,76.44418400,10.48525700,76.44418400,658051.357,1159427.186,108.30,658051.357,1159427.186,93.8,1,658051.359,1159428.035,10.48526133,76.44418417,0.365,0.079,8.8,10.0,0.0,15.7,1798,2047,RTK FIXED
11.860,082426.00,10.48525800,76.44418400,10.48525740,76.44418400,658051.357,1159427.296,108.30,658051.357,1159427.230,93.8,1,658051.359,1159428.035,10.48526133,76.44418417,0.365,0.080,8.8,10.0,-0.5,16.1,1793,2047,RTK FIXED
11.906,082426.00,10.48525800,76.44418400,10.48525764,76.44418400,658051.357,1159427.296,108.30,658051.357,1159427.256,93.8,1,658051.359,1159428.035,10.48526133,76.44418417,0.365,0.080,8.8,10.0,0.5,16.4,1793,2047,RTK FIXED
11.960,082426.20,10.48525800,76.44418400,10.48525778,76.44418400,658051.357,1159427.296,108.30,658051.357,1159427.272,96.9,1,658051.359,1159428.035,10.48526133,76.44418417,0.364,0.074,8.9,10.0,0.0,17.5,1813,2047,RTK FIXED
12.006,082426.20,10.48525800,76.44418400,10.48525787,76.44418400,658051.357,1159427.296,108.30,658051.357,1159427.282,96.9,1,658051.359,1159428.035,10.48526133,76.44418417,0.364,0.074,8.9,10.0,0.0,16.9,1813,2047,RTK FIXED
12.060,082426.20,10.48525800,76.44418400,10.48525792,76.44418400,658051.357,1159427.296,108.30,658051.357,1159427.288,96.9,1,658051.359,1159428.035,10.48526133,76.44418417,0.364,0.074,8.9,10.0,-0.5,17.2,1813,2047,RTK FIXED
12.106,082426.20,10.48525800,76.44418400,10.48525795,76.44418400,658051.357,1159427.296,108.30,658051.357,1159427.291,96.9,1,658051.359,1159428.035,10.48526133,76.44418417,0.364,0.074,8.9,10.0,0.0,18.1,1813,2047,RTK FIXED
12.160,082426.40,10.48525800,76.44418400,10.48525797,76.44418400,658051.377,1159427.298,108.30,658051.365,1159427.294,96.9,1,658051.359,1159428.035,10.48526133,76.44418417,0.365,0.075,8.8,10.0,0.5,16.9,1808,2047,RTK FIXED
12.214,082426.40,10.48525800,76.44418400,10.48525798,76.44418400,658051.377,1159427.298,108.30,658051.369,1159427.295,96.9,1,658051.359,1159428.035,10.48526133,76.44418417,0.365,0.075,8.8,10.0,-0.5,17.3,1808,2047,RTK FIXED
12.260,082426.40,10.48525800,76.44418400,10.48525799,76.44418400,658051.377,1159427.298,108.30,658051.372,1159427.296,96.9,1,658051.359,1159428.035,10.48526133,76.44418417,0.365,0.075,8.8,10.0,0.0,17.4,1808,2047,RTK FIXED
12.314,082426.40,10.48525800,76.44418400,10.48525799,76.44418400,658051.377,1159427.298,108.30,658051.374,1159427.297,96.9,1,658051.359,1159428.035,10.48526133,76.44418417,0.365,0.075,8.8,10.0,0.5,17.1,1808,2047,RTK FIXED
12.360,082426.40,10.48525800,76.44418400,10.48525800,76.44418400,658051.377,1159427.298,108.30,658051.375,1159427.297,96.9,1,658051.359,1159428.035,10.48526133,76.44418417,0.365,0.075,8.8,10.0,0.0,16.9,1808,2047,RTK FIXED
12.415,082426.40,10.48525800,76.44418400,10.48525800,76.44418400,658051.377,1159427.298,108.30,658051.376,1159427.297,96.9,1,658051.359,1159428.035,10.48526133,76.44418417,0.365,0.075,8.8,10.0,-0.5,18.1,1808,2047,RTK FIXED
12.461,082426.60,10.48525900,76.44418400,10.48525840,76.44418400,658051.376,1159427.408,108.30,658051.376,1159427.342,96.9,1,658051.359,1159428.035,10.48526133,76.44418417,0.366,0.078,8.8,10.0,0.6,17.1,1801,2047,RTK FIXED
12.515,082426.60,10.48525900,76.44418400,10.48525864,76.44418400,658051.376,1159427.408,108.30,658051.376,1159427.368,96.9,1,658051.359,1159428.035,10.48526133,76.44418417,0.366,0.078,8.8,10.0,-0.5,17.7,1801,2047,RTK FIXED
12.560,082426.60,10.48525900,76.44418400,10.48525878,76.44418400,658051.376,1159427.408,108.30,658051.376,1159427.384,96.9,1,658051.359,1159428.035,10.48526133,76.44418417,0.366,0.078,8.8,10.0,0.0,16.9,1801,2047,RTK FIXED
12.614,082426.60,10.48525900,76.44418400,10.48525887,76.44418400,658051.376,1159427.408,108.30,658051.376,1159427.394,96.9,1,658051.359,1159428.035,10.48526133,76.44418417,0.366,0.078,8.8,10.0,0.0,17.7,1801,2047,RTK FIXED
12.660,082426.80,10.48525900,76.44418300,10.48525892,76.44418360,658051.267,1159427.408,108.30,658051.332,1159427.399,99.5,1,658051.359,1159428.035,10.48526133,76.44418417,0.362,0.073,8.9,10.0,0.5,17.8,1815,2047,RTK FIXED
12.715,082426.80,10.48525900,76.44418300,10.48525895,76.44418336,658051.267,1159427.408,108.30,658051.306,1159427.403,99.5,1,658051.359,1159428.035,10.48526133,76.44418417,0.362,0.073,8.9,10.0,0.0,17.6,1815,2047,RTK FIXED
12.769,082426.80,10.48525900,76.44418300,10.48525897,76.44418322,658051.267,1159427.408,108.30,658051.290,1159427.405,99.5,1,658051.359,1159428.035,10.48526133,76.44418417,0.362,0.073,8.9,10.0,-0.5,15.7,1815,2047,RTK FIXED
12.815,082427.00,10.48525900,76.44418300,10.48525898,76.44418313,658051.283,1159427.410,108.30,658051.287,1159427.407,99.5,1,658051.359,1159428.035,10.48526133,76.44418417,0.362,0.073,8.9,10.0,0.0,17.2,1812,2047,RTK FIXED
12.868,082427.00,10.48525900,76.44418300,10.48525899,76.44418308,658051.283,1159427.410,108.30,658051.286,1159427.408,99.5,1,658051.359,1159428.035,10.48526133,76.44418417,0.362,0.073,8.9,10.0,0.0,18.5,1812,2047,RTK FIXED
12.914,082427.00,10.48525900,76.44418300,10.48525899,76.44418305,658051.283,1159427.410,108.30,658051.285,1159427.409,99.5,1,658051.359,1159428.035,10.48526133,76.44418417,0.362,0.073,8.9,10.0,0.0,17.8,1812,2047,RTK FIXED
12.969,082427.20,10.48525900,76.44418300,10.48525900,76.44418303,658051.283,1159427.410,108.30,658051.284,1159427.409,99.5,1,658051.359,1159428.035,10.48526133,76.44418417,0.362,0.074,8.8,10.0,0.0,17.8,1809,2047,RTK FIXED
13.015,082427.20,10.48525900,76.44418300,10.48525900,76.44418302,658051.283,1159427.410,108.30,658051.284,1159427.409,99.5,1,658051.359,1159428.035,10.48526133,76.44418417,0.362,0.074,8.8,10.0,0.5,18.0,1809,2047,RTK FIXED
13.068,082427.20,10.48525900,76.44418300,10.48525900,76.44418301,658051.283,1159427.410,108.30,658051.284,1159427.409,99.5,1,658051.359,1159428.035,10.48526133,76.44418417,0.362,0.074,8.8,10.0,-0.5,17.7,1809,2047,RTK FIXED
13.115,082427.20,10.48525900,76.44418300,10.48525900,76.44418301,658051.283,1159427.410,108.30,658051.284,1159427.409,99.5,1,658051.359,1159428.035,10.48526133,76.44418417,0.362,0.074,8.8,10.0,0.0,18.2,1809,2047,RTK FIXED
13.169,082427.20,10.48525900,76.44418300,10.48525900,76.44418300,658051.283,1159427.410,108.30,658051.284,1159427.410,99.5,1,658051.359,1159428.035,10.48526133,76.44418417,0.362,0.074,8.8,10.0,0.0,17.8,1809,2047,RTK FIXED
13.215,082427.20,10.48525900,76.44418300,10.48525900,76.44418300,658051.283,1159427.410,108.30,658051.284,1159427.410,99.5,1,658051.359,1159428.035,10.48526133,76.44418417,0.362,0.074,8.8,10.0,0.0,18.0,1809,2047,RTK FIXED
13.269,082427.40,10.48526000,76.44418300,10.48525940,76.44418300,658051.283,1159427.520,108.30,658051.283,1159427.454,103.5,1,658051.359,1159428.035,10.48526133,76.44418417,0.357,0.064,9.0,10.0,0.5,18.7,1838,2047,RTK FIXED
13.323,082427.40,10.48526000,76.44418300,10.48525964,76.44418300,658051.283,1159427.520,108.30,658051.283,1159427.480,103.5,1,658051.359,1159428.035,10.48526133,76.44418417,0.357,0.064,9.0,10.0,0.0,18.2,1838,2047,RTK FIXED
13.369,082427.40,10.48526000,76.44418300,10.48525978,76.44418300,658051.283,1159427.520,108.30,658051.283,1159427.496,103.5,1,658051.359,1159428.035,10.48526133,76.44418417,0.357,0.064,9.0,10.0,0.0,17.9,1838,2047,RTK FIXED
13.423,082427.40,10.48526000,76.44418300,10.48525987,76.44418300,658051.283,1159427.520,108.30,658051.283,1159427.506,103.5,1,658051.359,1159428.035,10.48526133,76.44418417,0.357,0.064,9.0,10.0,-0.5,17.9,1838,2047,RTK FIXED
13.469,082427.60,10.48526000,76.44418200,10.48525992,76.44418260,658051.199,1159427.524,108.30,658051.249,1159427.513,103.5,1,658051.359,1159428.035,10.48526133,76.44418417,0.355,0.064,9.0,10.0,0.0,18.4,1837,2047,RTK FIXED
13.523,082427.60,10.48526000,76.44418200,10.48525995,76.44418236,658051.199,1159427.524,108.30,658051.229,1159427.518,103.5,1,658051.359,1159428.035,10.48526133,76.44418417,0.355,0.064,9.0,10.0,0.5,18.7,1837,2047,RTK FIXED
13.569,082427.60,10.48526000,76.44418200,10.48525997,76.44418222,658051.199,1159427.524,108.30,658051.217,1159427.520,103.5,1,658051.359,1159428.035,10.48526133,76.44418417,0.355,0.064,9.0,10.0,0.0,18.5,1837,2047,RTK FIXED
13.622,082427.60,10.48526000,76.44418200,10.48525998,76.44418213,658051.199,1159427.524,108.30,658051.210,1159427.522,103.5,1,658051.359,1159428.035,10.48526133,76.44418417,0.355,0.064,9.0,10.0,-0.5,18.7,1837,2047,RTK FIXED
13.670,082427.80,10.48526000,76.44418200,10.48525999,76.44418208,658051.199,1159427.524,108.30,658051.205,1159427.523,103.5,1,658051.359,1159428.035,10.48526133,76.44418417,0.354,0.064,9.0,10.0,0.0,18.0,1837,2047,RTK FIXED
13.723,082427.80,10.48526000,76.44418200,10.48525999,76.44418205,658051.199,1159427.524,108.30,658051.203,1159427.523,103.5,1,658051.359,1159428.035,10.48526133,76.44418417,0.354,0.064,9.0,10.0,0.5,18.7,1837,2047,RTK FIXED
13.769,082427.80,10.48526000,76.44418200,10.48526000,76.44418203,658051.199,1159427.524,108.30,658051.201,1159427.524,103.5,1,658051.359,1159428.035,10.48526133,76.44418417,0.354,0.064,9.0,10.0,0.0,18.4,1837,2047,RTK FIXED
13.824,082427.80,10.48526000,76.44418200,10.48526000,76.44418202,658051.199,1159427.524,108.30,658051.200,1159427.524,103.5,1,658051.359,1159428.035,10.48526133,76.44418417,0.354,0.064,9.0,10.0,-0.5,18.4,1837,2047,RTK FIXED
13.878,082428.00,10.48526000,76.44418200,10.48526000,76.44418201,658051.199,1159427.524,108.30,658051.200,1159427.524,114.2,1,658051.359,1159428.035,10.48526133,76.44418417,0.316,0.024,9.6,10.0,0.5,18.6,1957,2047,RTK FIXED
13.923,082428.00,10.48526000,76.44418200,10.48526000,76.44418201,658051.199,1159427.524,108.30,658051.199,1159427.524,114.2,1,658051.359,1159428.035,10.48526133,76.44418417,0.316,0.024,9.6,10.0,0.0,18.6,1957,2047,RTK FIXED
13.978,082428.20,10.48526000,76.44418200,10.48526000,76.44418200,658051.265,1159427.545,108.30,658051.226,1159427.532,114.2,1,658051.359,1159428.035,10.48526133,76.44418417,0.322,0.024,9.6,10.0,-0.5,18.4,1957,2047,RTK FIXED
14.023,082428.20,10.48526000,76.44418200,10.48526000,76.44418200,658051.265,1159427.545,108.30,658051.241,1159427.537,114.2,1,658051.359,1159428.035,10.48526133,76.44418417,0.322,0.024,9.6,10.0,0.5,18.0,1957,2047,RTK FIXED
14.077,082428.20,10.48526000,76.44418200,10.48526000,76.44418200,658051.265,1159427.545,108.30,658051.251,1159427.540,114.2,1,658051.359,1159428.035,10.48526133,76.44418417,0.322,0.024,9.6,10.0,-0.5,18.5,1957,2047,RTK FIXED
14.123,082428.20,10.48526000,76.44418200,10.48526000,76.44418200,658051.265,1159427.545,108.30,658051.256,1159427.542,114.2,1,658051.359,1159428.035,10.48526133,76.44418417,0.322,0.024,9.6,10.0,0.0,18.4,1957,2047,RTK FIXED
14.178,082428.40,10.48526100,76.44418100,10.48526040,76.44418160,658051.155,1159427.655,108.30,658051.216,1159427.587,114.2,1,658051.359,1159428.035,10.48526133,76.44418417,0.322,0.021,9.6,10.0,0.0,18.9,1967,2047,RTK FIXED
14.224,082428.40,10.48526100,76.44418100,10.48526064,76.44418136,658051.155,1159427.655,108.30,658051.191,1159427.614,114.2,1,658051.359,1159428.035,10.48526133,76.44418417,0.322,0.021,9.6,10.0,0.5,18.5,1967,2047,RTK FIXED
14.277,082428.40,10.48526100,76.44418100,10.48526078,76.44418122,658051.155,1159427.655,108.30,658051.177,1159427.630,114.2,1,658051.359,1159428.035,10.48526133,76.44418417,0.322,0.021,9.6,10.0,0.0,19.0,1967,2047,RTK FIXED
14.323,082428.40,10.48526100,76.44418100,10.48526087,76.44418113,658051.155,1159427.655,108.30,658051.168,1159427.640,114.2,1,658051.359,1159428.035,10.48526133,76.44418417,0.322,0.021,9.6,10.0,0.0,19.1,1967,2047,RTK FIXED
14.378,082428.40,10.48526100,76.44418100,10.48526092,76.44418108,658051.155,1159427.655,108.30,658051.163,1159427.646,114.2,1,658051.359,1159428.035,10.48526133,76.44418417,0.322,0.021,9.6,10.0,-0.5,19.7,1967,2047,RTK FIXED
14.424,082428.40,10.48526100,76.44418100,10.48526095,76.44418105,658051.155,1159427.655,108.30,658051.160,1159427.650,114.2,1,658051.359,1159428.035,10.48526133,76.44418417,0.322,0.021,9.6,10.0,0.0,19.0,1967,2047,RTK FIXED
14.478,082428.60,10.48526100,76.44418100,10.48526097,76.44418103,658051.155,1159427.655,108.30,658051.158,1159427.652,112.7,1,658051.359,1159428.035,10.48526133,76.44418417,0.328,0.024,9.6,10.0,0.5,19.2,1960,2047,RTK FIXED
14.532,082428.60,10.48526100,76.44418100,10.48526098,76.44418102,658051.155,1159427.655,108.30,658051.156,1159427.653,112.7,1,658051.359,1159428.035,10.48526133,76.44418417,0.328,0.024,9.6,10.0,0.0,18.3,1960,2047,RTK FIXED
14.582,082428.60,10.48526100,76.44418100,10.48526099,76.44418101,658051.155,1159427.655,108.30,658051.156,1159427.654,112.7,1,658051.359,1159428.035,10.48526133,76.44418417,0.328,0.024,9.6,10.0,0.0,17.9,1960,2047,RTK FIXED
14.632,082428.60,10.48526100,76.44418100,10.48526099,76.44418101,658051.155,1159427.655,108.30,658051.155,1159427.654,112.7,1,658051.359,1159428.035,10.48526133,76.44418417,0.328,0.024,9.6,10.0,0.0,18.0,1960,2047,RTK FIXED
14.679,082428.80,10.48526100,76.44418100,10.48526100,76.44418100,658051.145,1159427.651,108.30,658051.151,1159427.653,112.7,1,658051.359,1159428.035,10.48526133,76.44418417,0.323,0.021,9.6,10.0,0.0,18.2,1970,2047,RTK FIXED
14.732,082428.80,10.48526100,76.44418100,10.48526100,76.44418100,658051.145,1159427.651,108.30,658051.149,1159427.652,112.7,1,658051.359,1159428.035,10.48526133,76.44418417,0.323,0.021,9.6,10.0,0.0,18.2,1970,2047,RTK FIXED
14.778,082428.80,10.48526100,76.44418100,10.48526100,76.44418100,658051.145,1159427.651,108.30,658051.148,1159427.652,112.7,1,658051.359,1159428.035,10.48526133,76.44418417,0.323,0.021,9.6,10.0,0.0,18.5,1970,2047,RTK FIXED
14.832,082428.80,10.48526100,76.44418100,10.48526100,76.44418100,658051.145,1159427.651,108.30,658051.147,1159427.651,112.7,1,658051.359,1159428.035,10.48526133,76.44418417,0.323,0.021,9.6,10.0,-0.5,18.1,1970,2047,RTK FIXED
14.879,082429.00,10.48526200,76.44418100,10.48526140,76.44418100,658051.145,1159427.762,108.30,658051.146,1159427.696,112.7,1,658051.359,1159428.035,10.48526133,76.44418417,0.295,0.015,9.7,10.0,0.0,18.2,1986,2047,RTK FIXED
14.931,082429.00,10.48526200,76.44418100,10.48526164,76.44418100,658051.145,1159427.762,108.30,658051.146,1159427.722,112.7,1,658051.359,1159428.035,10.48526133,76.44418417,0.295,0.015,9.7,10.0,0.5,18.5,1986,2047,RTK FIXED
14.978,082429.20,10.48526200,76.44418000,10.48526178,76.44418060,658051.036,1159427.761,108.30,658051.102,1159427.738,116.5,1,658051.359,1159428.035,10.48526133,76.44418417,0.274,-0.004,10.0,9.9,0.0,18.6,2047,2028,RTK FIXED
15.032,082429.20,10.48526200,76.44418000,10.48526187,76.44418036,658051.036,1159427.761,108.30,658051.075,1159427.747,116.5,1,658051.359,1159428.035,10.48526133,76.44418417,0.274,-0.004,10.0,9.9,-0.5,16.3,2047,2028,RTK FIXED
15.086,082429.20,10.48526200,76.44418000,10.48526192,76.44418022,658051.036,1159427.761,108.30,658051.059,1159427.753,116.5,1,658051.359,1159428.035,10.48526133,76.44418417,0.274,-0.004,10.0,9.9,0.0,18.0,2047,2028,RTK FIXED
15.132,082429.20,10.48526200,76.44418000,10.48526195,76.44418013,658051.036,1159427.761,108.30,658051.050,1159427.756,116.5,1,658051.359,1159428.035,10.48526133,76.44418417,0.274,-0.004,10.0,9.9,0.5,17.9,2047,2028,RTK FIXED
15.187,082429.40,10.48526200,76.44418000,10.48526197,76.44418008,658051.058,1159427.771,108.30,658051.053,1159427.762,116.5,1,658051.359,1159428.035,10.48526133,76.44418417,0.269,-0.009,10.0,9.8,0.0,17.9,2047,2007,RTK FIXED
15.232,082429.40,10.48526200,76.44418000,10.48526198,76.44418005,658051.058,1159427.771,108.30,658051.055,1159427.766,116.5,1,658051.359,1159428.035,10.48526133,76.44418417,0.269,-0.009,10.0,9.8,0.0,18.1,2047,2007,RTK FIXED
15.286,082429.40,10.48526200,76.44418000,10.48526199,76.44418003,658051.058,1159427.771,108.30,658051.056,1159427.768,116.5,1,658051.359,1159428.035,10.48526133,76.44418417,0.269,-0.009,10.0,9.8,0.0,18.1,2047,2007,RTK FIXED
15.332,082429.40,10.48526200,76.44418000,10.48526199,76.44418002,658051.058,1159427.771,108.30,658051.057,1159427.769,116.5,1,658051.359,1159428.035,10.48526133,76.44418417,0.269,-0.009,10.0,9.8,-0.5,17.8,2047,2007,RTK FIXED
15.387,082429.40,10.48526200,76.44418000,10.48526200,76.44418001,658051.058,1159427.771,108.30,658051.058,1159427.770,116.5,1,658051.359,1159428.035,10.48526133,76.44418417,0.269,-0.009,10.0,9.8,0.0,18.5,2047,2007,RTK FIXED
15.432,082429.40,10.48526200,76.44418000,10.48526200,76.44418001,658051.058,1159427.771,108.30,658051.058,1159427.770,116.5,1,658051.359,1159428.035,10.48526133,76.44418417,0.269,-0.009,10.0,9.8,0.5,18.0,2047,2007,RTK FIXED
15.487,082429.60,10.48526200,76.44418000,10.48526200,76.44418000,658051.058,1159427.771,108.30,658051.058,1159427.770,116.5,1,658051.359,1159428.035,10.48526133,76.44418417,0.267,-0.014,10.0,9.7,0.0,17.9,2047,1982,RTK FIXED
15.532,082429.60,10.48526200,76.44418000,10.48526200,76.44418000,658051.058,1159427.771,108.30,658051.058,1159427.771,116.5,1,658051.359,1159428.035,10.48526133,76.44418417,0.267,-0.014,10.0,9.7,0.0,17.7,2047,1982,RTK FIXED
15.587,082429.60,10.48526200,76.44418000,10.48526200,76.44418000,658051.058,1159427.771,108.30,658051.058,1159427.771,116.5,1,658051.359,1159428.035,10.48526133,76.44418417,0.267,-0.014,10.0,9.7,0.0,17.0,2047,1982,RTK FIXED
15.641,082429.80,10.48526200,76.44418000,10.48526200,76.44418000,658051.058,1159427.771,108.30,658051.058,1159427.771,116.5,1,658051.359,1159428.035,10.48526133,76.44418417,0.266,-0.017,10.0,9.6,0.0,17.0,2047,1970,RTK FIXED
15.687,082429.80,10.48526200,76.44418000,10.48526200,76.44418000,658051.058,1159427.771,108.30,658051.058,1159427.771,116.5,1,658051.359,1159428.035,10.48526133,76.44418417,0.266,-0.017,10.0,9.6,-0.5,16.4,2047,1970,RTK FIXED
15.740,082429.80,10.48526200,76.44418000,10.48526200,76.44418000,658051.058,1159427.771,108.30,658051.058,1159427.771,116.5,1,658051.359,1159428.035,10.48526133,76.44418417,0.266,-0.017,10.0,9.6,0.0,17.2,2047,1970,RTK FIXED
15.787,082429.80,10.48526200,76.44418000,10.48526200,76.44418000,658051.058,1159427.771,108.30,658051.058,1159427.771,116.5,1,658051.359,1159428.035,10.48526133,76.44418417,0.266,-0.017,10.0,9.6,0.5,17.3,2047,1970,RTK FIXED
15.840,082429.80,10.48526200,76.44418000,10.48526200,76.44418000,658051.058,1159427.771,108.30,658051.058,1159427.771,116.5,1,658051.359,1159428.035,10.48526133,76.44418417,0.266,-0.017,10.0,9.6,-0.5,16.7,2047,1970,RTK FIXED
16.053,082430.00,10.48526300,76.44417900,10.48526240,76.44417960,658050.948,1159427.881,108.30,658051.014,1159427.815,121.5,2,658050.825,1159428.954,10.48526967,76.44417933,0.000,-0.480,7.9,-7.9,0.1,16.5,450,450,RTK FIXED
16.087,082430.20,10.48526300,76.44417900,10.48526264,76.44417936,658050.969,1159427.891,108.30,658050.996,1159427.845,120.1,2,658050.825,1159428.954,10.48526967,76.44417933,0.000,-0.480,7.9,-7.9,-0.7,15.2,900,900,RTK FIXED
16.141,082430.40,10.48526300,76.44417900,10.48526278,76.44417922,658050.961,1159427.887,108.30,658050.982,1159427.862,118.7,2,658050.825,1159428.954,10.48526967,76.44417933,0.000,-0.480,7.9,-7.9,0.5,14.0,1350,1350,RTK FIXED
16.187,082430.40,10.48526300,76.44417900,10.48526287,76.44417913,658050.961,1159427.887,108.30,658050.974,1159427.872,117.3,2,658050.825,1159428.954,10.48526967,76.44417933,0.000,-0.480,7.9,-7.9,-0.5,13.0,1608,1608,RTK FIXED
16.240,082430.40,10.48526300,76.44417900,10.48526292,76.44417908,658050.961,1159427.887,108.30,658050.969,1159427.878,116.0,2,658050.825,1159428.954,10.48526967,76.44417933,0.000,-0.480,7.9,-7.9,0.5,11.8,1608,1608,RTK FIXED
16.287,082430.40,10.48526300,76.44417900,10.48526295,76.44417905,658050.961,1159427.887,108.30,658050.966,1159427.882,114.6,2,658050.825,1159428.954,10.48526967,76.44417933,0.000,-0.480,7.9,-7.9,-0.5,11.2,1608,1608,RTK FIXED
16.340,082430.40,10.48526300,76.44417900,10.48526297,76.44417903,658050.961,1159427.887,108.30,658050.964,1159427.884,113.2,2,658050.825,1159428.954,10.48526967,76.44417933,0.000,-0.480,7.9,-7.9,0.5,9.4,1608,1608,RTK FIXED
16.387,082430.40,10.48526300,76.44417900,10.48526298,76.44417902,658050.961,1159427.887,108.30,658050.963,1159427.885,111.8,2,658050.825,1159428.954,10.48526967,76.44417933,0.000,-0.480,7.9,-7.9,0.0,8.5,1608,1608,RTK FIXED
16.442,082430.60,10.48526400,76.44417800,10.48526339,76.44417861,658050.802,1159427.976,108.30,658050.899,1159427.922,118.7,2,658050.825,1159428.954,10.48526967,76.44417933,0.000,-0.480,7.9,-7.9,0.0,6.9,1608,1608,RTK FIXED
16.487,082430.60,10.48526400,76.44417800,10.48526363,76.44417837,658050.802,1159427.976,108.30,658050.860,1159427.944,117.3,2,658050.825,1159428.954,10.48526967,76.44417933,0.000,-0.480,7.9,-7.9,-0.5,6.6,1608,1608,RTK FIXED
16.541,082430.60,10.48526400,76.44417800,10.48526378,76.44417822,658050.802,1159427.976,108.30,658050.837,1159427.957,115.9,2,658050.825,1159428.954,10.48526967,76.44417933,0.000,-0.480,7.9,-7.9,0.5,6.4,1608,1608,RTK FIXED
16.599,082430.60,10.48526400,76.44417800,10.48526387,76.44417813,658050.802,1159427.976,108.30,658050.823,1159427.965,114.6,2,658050.825,1159428.954,10.48526967,76.44417933,0.000,-0.480,7.9,-7.9,-0.4,5.2,1608,1608,RTK FIXED
16.642,082430.80,10.48526400,76.44417800,10.48526392,76.44417808,658050.819,1159427.983,108.30,658050.821,1159427.972,113.2,2,658050.825,1159428.954,10.48526967,76.44417933,0.000,-0.480,7.9,-7.9,0.0,4.7,1608,1608,RTK FIXED
16.695,082430.80,10.48526400,76.44417800,10.48526395,76.44417805,658050.819,1159427.983,108.30,658050.820,1159427.976,111.8,2,658050.825,1159428.954,10.48526967,76.44417933,0.000,-0.480,7.9,-7.9,0.0,4.7,1608,1608,RTK FIXED
16.742,082430.80,10.48526400,76.44417800,10.48526397,76.44417803,658050.819,1159427.983,108.30,658050.820,1159427.979,110.4,2,658050.825,1159428.954,10.48526967,76.44417933,0.000,-0.480,7.9,-7.9,0.0,3.8,1608,1608,RTK FIXED
16.795,082430.80,10.48526400,76.44417800,10.48526398,76.44417802,658050.819,1159427.983,108.30,658050.819,1159427.980,109.1,2,658050.825,1159428.954,10.48526967,76.44417933,0.000,-0.480,7.9,-7.9,0.5,2.8,1608,1608,RTK FIXED
16.842,082431.00,10.48526400,76.44417800,10.48526399,76.44417801,658050.785,1159427.971,108.30,658050.805,1159427.977,120.0,2,658050.825,1159428.954,10.48526967,76.44417933,0.000,-0.480,7.9,-7.9,0.0,2.7,1608,1608,RTK FIXED
16.895,082431.00,10.48526400,76.44417800,10.48526399,76.44417801,658050.785,1159427.971,108.30,658050.797,1159427.974,118.6,2,658050.825,1159428.954,10.48526967,76.44417933,0.000,-0.480,7.9,-7.9,-0.5,1.9,1608,1608,RTK FIXED
16.942,082431.20,10.48526400,76.44417800,10.48526400,76.44417800,658050.843,1159427.993,108.30,658050.815,1159427.982,117.3,2,658050.825,1159428.954,10.48526967,76.44417933,0.000,-0.480,7.9,-7.9,0.5,2.1,1608,1608,RTK FIXED
16.996,082431.20,10.48526400,76.44417800,10.48526400,76.44417800,658050.843,1159427.993,108.30,658050.826,1159427.986,115.9,2,658050.825,1159428.954,10.48526967,76.44417933,0.000,-0.480,7.9,-7.9,-0.5,1.4,1608,1608,RTK FIXED
17.042,082431.20,10.48526400,76.44417800,10.48526400,76.44417800,658050.843,1159427.993,108.30,658050.833,1159427.989,114.5,2,658050.825,1159428.954,10.48526967,76.44417933,0.000,-0.480,7.9,-7.9,0.0,1.6,1608,1608,RTK FIXED
17.096,082431.20,10.48526400,76.44417800,10.48526400,76.44417800,658050.843,1159427.993,108.30,658050.837,1159427.991,113.1,2,658050.825,1159428.954,10.48526967,76.44417933,0.000,-0.480,7.9,-7.9,0.0,1.4,1608,1608,RTK FIXED
17.142,082431.40,10.48526400,76.44417800,10.48526400,76.44417800,658050.810,1159427.979,108.30,658050.826,1159427.986,111.8,2,658050.825,1159428.954,10.48526967,76.44417933,0.000,-0.478,7.8,-7.8,0.0,2.2,1600,1600,RTK FIXED
17.196,082431.40,10.48526400,76.44417800,10.48526400,76.44417800,658050.810,1159427.979,108.30,658050.820,1159427.983,110.4,2,658050.825,1159428.954,10.48526967,76.44417933,0.000,-0.478,7.8,-7.8,0.5,1.4,1600,1600,RTK FIXED
17.250,082431.40,10.48526400,76.44417800,10.48526400,76.44417800,658050.810,1159427.979,108.30,658050.816,1159427.982,109.0,2,658050.825,1159428.954,10.48526967,76.44417933,0.000,-0.478,7.8,-7.8,-0.5,1.4,1600,1600,RTK FIXED
17.296,082431.40,10.48526400,76.44417800,10.48526400,76.44417800,658050.810,1159427.979,108.30,658050.813,1159427.981,107.7,2,658050.825,1159428.954,10.48526967,76.44417933,0.000,-0.478,7.8,-7.8,0.0,1.1,1600,1600,RTK FIXED
17.350,082431.40,10.48526400,76.44417800,10.48526400,76.44417800,658050.810,1159427.979,108.30,658050.812,1159427.980,106.3,2,658050.825,1159428.954,10.48526967,76.44417933,0.000,-0.478,7.8,-7.8,0.5,1.4,1600,1600,RTK FIXED
17.396,082431.40,10.48526400,76.44417800,10.48526400,76.44417800,658050.810,1159427.979,108.30,658050.811,1159427.980,104.9,2,658050.825,1159428.954,10.48526967,76.44417933,0.000,-0.478,7.8,-7.8,0.0,1.1,1600,1600,RTK FIXED
17.451,082431.60,10.48526400,76.44417800,10.48526400,76.44417800,658050.759,1159427.965,108.30,658050.790,1159427.974,103.5,2,658050.825,1159428.954,10.48526967,76.44417933,0.000,-0.400,6.5,-6.5,-0.5,1.4,1340,1340,RTK FIXED
17.496,082431.60,10.48526400,76.44417800,10.48526400,76.44417800,658050.759,1159427.965,108.30,658050.778,1159427.970,102.4,2,658050.825,1159428.954,10.48526967,76.44417933,0.000,-0.400,6.5,-6.5,0.5,0.5,1340,1340,RTK FIXED
17.550,082431.60,10.48526400,76.44417800,10.48526400,76.44417800,658050.759,1159427.965,108.30,658050.770,1159427.968,101.3,2,658050.825,1159428.954,10.48526967,76.44417933,0.000,-0.400,6.5,-6.5,-0.5,1.4,1340,1340,RTK FIXED
17.596,082431.60,10.48526400,76.44417800,10.48526400,76.44417800,658050.759,1159427.965,108.30,658050.766,1159427.967,100.1,2,658050.825,1159428.954,10.48526967,76.44417933,0.000,-0.400,6.5,-6.5,0.5,0.5,1340,1340,RTK FIXED
17.651,082431.80,10.48526400,76.44417800,10.48526400,76.44417800,658050.730,1159427.960,108.30,658050.751,1159427.964,99.0,2,658050.825,1159428.954,10.48526967,76.44417933,0.000,-0.363,6.0,-6.0,0.0,0.9,1218,1218,RTK FIXED
17.697,082431.80,10.48526400,76.44417800,10.48526400,76.44417800,658050.730,1159427.960,108.30,658050.743,1159427.962,97.9,2,658050.825,1159428.954,10.48526967,76.44417933,0.000,-0.363,6.0,-6.0,0.0,0.5,1218,1218,RTK FIXED
17.750,082431.80,10.48526400,76.44417800,10.48526400,76.44417800,658050.730,1159427.960,108.30,658050.738,1159427.961,96.9,2,658050.825,1159428.954,10.48526967,76.44417933,0.000,-0.363,6.0,-6.0,0.0,0.5,1218,1218,RTK FIXED
17.796,082431.80,10.48526400,76.44417800,10.48526400,76.44417800,658050.730,1159427.960,108.30,658050.735,1159427.960,95.8,2,658050.825,1159428.954,10.48526967,76.44417933,0.000,-0.363,6.0,-6.0,-0.5,0.0,1218,1218,RTK FIXED
17.851,082432.00,10.48526500,76.44417800,10.48526440,76.44417800,658050.703,1159428.068,108.30,658050.722,1159428.003,111.2,2,658050.825,1159428.954,10.48526967,76.44417933,0.000,-0.480,7.9,-7.9,0.0,0.0,1608,1608,RTK FIXED
17.904,082432.00,10.48526500,76.44417800,10.48526464,76.44417800,658050.703,1159428.068,108.30,658050.714,1159428.029,109.8,2,658050.825,1159428.954,10.48526967,76.44417933,0.000,-0.480,7.9,-7.9,0.0,0.0,1608,1608,RTK FIXED
17.951,082432.20,10.48526500,76.44417800,10.48526478,76.44417800,658050.789,1159428.083,108.30,658050.744,1159428.051,108.4,2,658050.825,1159428.954,10.48526967,76.44417933,0.000,-0.454,7.4,-7.4,0.0,0.0,1523,1523,RTK FIXED
18.004,082432.20,10.48526500,76.44417800,10.48526487,76.44417800,658050.789,1159428.083,108.30,658050.762,1159428.064,107.1,2,658050.825,1159428.954,10.48526967,76.44417933,0.000,-0.454,7.4,-7.4,0.0,0.0,1523,1523,RTK FIXED
18.051,082432.20,10.48526500,76.44417800,10.48526492,76.44417800,658050.789,1159428.083,108.30,658050.773,1159428.071,105.8,2,658050.825,1159428.954,10.48526967,76.44417933,0.000,-0.454,7.4,-7.4,0.5,0.0,1523,1523,RTK FIXED
18.104,082432.20,10.48526500,76.44417800,10.48526495,76.44417800,658050.789,1159428.083,108.30,658050.779,1159428.076,104.5,2,658050.825,1159428.954,10.48526967,76.44417933,0.000,-0.454,7.4,-7.4,0.0,0.0,1523,1523,RTK FIXED
18.151,082432.40,10.48526500,76.44417800,10.48526497,76.44417800,658050.756,1159428.075,108.30,658050.770,1159428.076,103.2,2,658050.825,1159428.954,10.48526967,76.44417933,0.000,-0.392,6.4,-6.4,0.0,0.0,1315,1315,RTK FIXED
18.204,082432.40,10.48526500,76.44417800,10.48526498,76.44417800,658050.756,1159428.075,108.30,658050.765,1159428.075,102.1,2,658050.825,1159428.954,10.48526967,76.44417933,0.000,-0.392,6.4,-6.4,-0.5,0.0,1315,1315,RTK FIXED
18.251,082432.40,10.48526500,76.44417800,10.48526499,76.44417800,658050.756,1159428.075,108.30,658050.761,1159428.075,101.0,2,658050.825,1159428.954,10.48526967,76.44417933,0.000,-0.392,6.4,-6.4,0.0,0.0,1315,1315,RTK FIXED
18.304,082432.40,10.48526500,76.44417800,10.48526499,76.44417800,658050.756,1159428.075,108.30,658050.759,1159428.075,99.8,2,658050.825,1159428.954,10.48526967,76.44417933,0.000,-0.392,6.4,-6.4,0.0,0.0,1315,1315,RTK FIXED
18.350,082432.40,10.48526500,76.44417800,10.48526500,76.44417800,658050.756,1159428.075,108.30,658050.758,1159428.075,98.7,2,658050.825,1159428.954,10.48526967,76.44417933,0.000,-0.392,6.4,-6.4,0.0,0.0,1315,1315,RTK FIXED
18.404,082432.40,10.48526500,76.44417800,10.48526500,76.44417800,658050.756,1159428.075,108.30,658050.758,1159428.075,97.6,2,658050.825,1159428.954,10.48526967,76.44417933,0.000,-0.392,6.4,-6.4,0.5,0.0,1315,1315,RTK FIXED
18.459,082432.60,10.48526500,76.44417800,10.48526500,76.44417800,658050.713,1159428.068,108.30,658050.740,1159428.072,96.5,2,658050.825,1159428.954,10.48526967,76.44417933,0.000,-0.324,5.3,-5.3,-0.5,0.0,1100,1100,RTK FIXED
18.504,082432.60,10.48526500,76.44417800,10.48526500,76.44417800,658050.713,1159428.068,108.30,658050.729,1159428.071,95.5,2,658050.825,1159428.954,10.48526967,76.44417933,0.000,-0.324,5.3,-5.3,0.6,0.0,1100,1100,RTK FIXED
18.559,082432.60,10.48526500,76.44417800,10.48526500,76.44417800,658050.713,1159428.068,108.30,658050.723,1159428.070,94.6,2,658050.825,1159428.954,10.48526967,76.44417933,0.000,-0.324,5.3,-5.3,-0.5,0.0,1100,1100,RTK FIXED
18.605,082432.60,10.48526500,76.44417800,10.48526500,76.44417800,658050.713,1159428.068,108.30,658050.719,1159428.069,93.7,2,658050.825,1159428.954,10.48526967,76.44417933,0.000,-0.324,5.3,-5.3,0.0,0.0,1100,1100,RTK FIXED
18.659,082432.80,10.48526500,76.44417800,10.48526500,76.44417800,658050.689,1159428.067,108.30,658050.707,1159428.068,92.8,2,658050.825,1159428.954,10.48526967,76.44417933,0.000,-0.291,4.8,-4.8,0.0,0.0,1100,1100,RTK FIXED
18.704,082432.80,10.48526500,76.44417800,10.48526500,76.44417800,658050.689,1159428.067,108.30,658050.700,1159428.068,91.9,2,658050.825,1159428.954,10.48526967,76.44417933,0.000,-0.291,4.8,-4.8,0.6,0.0,1100,1100,RTK FIXED
18.759,082432.80,10.48526500,76.44417800,10.48526500,76.44417800,658050.689,1159428.067,108.30,658050.696,1159428.068,91.1,2,658050.825,1159428.954,10.48526967,76.44417933,0.000,-0.291,4.8,-4.8,0.0,0.0,1100,1100,RTK FIXED
18.804,082432.80,10.48526500,76.44417800,10.48526500,76.44417800,658050.689,1159428.067,108.30,658050.693,1159428.067,90.3,2,658050.825,1159428.954,10.48526967,76.44417933,0.000,-0.291,4.8,-4.8,-0.5,0.0,1100,1100,RTK FIXED
19.022,082433.00,10.48526500,76.44417900,10.48526500,76.44417840,658050.777,1159428.068,108.30,658050.727,1159428.068,89.4,2,658050.825,1159428.954,10.48526967,76.44417933,0.364,0.078,8.8,10.0,0.1,0.0,450,450,RTK FIXED
19.060,082433.20,10.48526500,76.44417900,10.48526500,76.44417864,658050.777,1159428.068,108.30,658050.747,1159428.068,89.4,2,658050.825,1159428.954,10.48526967,76.44417933,0.365,0.080,8.8,10.0,0.0,0.0,900,900,RTK FIXED
19.106,082433.20,10.48526500,76.44417900,10.48526500,76.44417878,658050.777,1159428.068,108.30,658050.759,1159428.068,89.4,2,658050.825,1159428.954,10.48526967,76.44417933,0.365,0.080,8.8,10.0,0.0,0.0,1350,1350,RTK FIXED
19.159,082433.20,10.48526500,76.44417900,10.48526500,76.44417887,658050.777,1159428.068,108.30,658050.766,1159428.068,89.4,2,658050.825,1159428.954,10.48526967,76.44417933,0.365,0.080,8.8,10.0,0.0,0.0,1793,1800,RTK FIXED
19.205,082433.20,10.48526500,76.44417900,10.48526500,76.44417892,658050.777,1159428.068,108.30,658050.771,1159428.068,89.4,2,658050.825,1159428.954,10.48526967,76.44417933,0.365,0.080,8.8,10.0,0.0,0.0,1793,2047,RTK FIXED
19.260,082433.40,10.48526500,76.44417900,10.48526500,76.44417895,658050.777,1159428.068,108.30,658050.773,1159428.068,89.4,2,658050.825,1159428.954,10.48526967,76.44417933,0.365,0.083,8.7,10.0,-0.5,0.0,1786,2047,RTK FIXED
19.306,082433.40,10.48526500,76.44417900,10.48526500,76.44417897,658050.777,1159428.068,108.30,658050.775,1159428.068,89.4,2,658050.825,1159428.954,10.48526967,76.44417933,0.365,0.083,8.7,10.0,0.5,0.0,1786,2047,RTK FIXED
19.359,082433.40,10.48526500,76.44417900,10.48526500,76.44417898,658050.777,1159428.068,108.30,658050.776,1159428.068,89.4,2,658050.825,1159428.954,10.48526967,76.44417933,0.365,0.083,8.7,10.0,-0.5,1.4,1786,2047,RTK FIXED
19.406,082433.40,10.48526500,76.44417900,10.48526500,76.44417899,658050.777,1159428.068,108.30,658050.776,1159428.068,89.4,2,658050.825,1159428.954,10.48526967,76.44417933,0.365,0.083,8.7,10.0,0.5,1.1,1786,2047,RTK FIXED
19.460,082433.60,10.48526500,76.44417900,10.48526500,76.44417899,658050.777,1159428.068,108.30,658050.777,1159428.068,89.4,2,658050.825,1159428.954,10.48526967,76.44417933,0.365,0.086,8.7,10.0,0.0,1.4,1778,2047,RTK FIXED
19.514,082433.60,10.48526500,76.44417900,10.48526500,76.44417900,658050.777,1159428.068,108.30,658050.777,1159428.068,89.4,2,658050.825,1159428.954,10.48526967,76.44417933,0.365,0.086,8.7,10.0,-0.5,1.9,1778,2047,RTK FIXED
19.560,082433.60,10.48526500,76.44417900,10.48526500,76.44417900,658050.777,1159428.068,108.30,658050.777,1159428.068,89.4,2,658050.825,1159428.954,10.48526967,76.44417933,0.365,0.086,8.7,10.0,0.0,2.7,1778,2047,RTK FIXED
19.613,082433.60,10.48526500,76.44417900,10.48526500,76.44417900,658050.777,1159428.068,108.30,658050.777,1159428.068,89.4,2,658050.825,1159428.954,10.48526967,76.44417933,0.365,0.086,8.7,10.0,0.5,2.8,1778,2047,RTK FIXED
19.660,082433.80,10.48526500,76.44417900,10.48526500,76.44417900,658050.777,1159428.068,108.30,658050.777,1159428.068,89.4,2,658050.825,1159428.954,10.48526967,76.44417933,0.365,0.088,8.6,10.0,0.0,3.2,1770,2047,RTK FIXED
19.714,082433.80,10.48526500,76.44417900,10.48526500,76.44417900,658050.777,1159428.068,108.30,658050.777,1159428.068,89.4,2,658050.825,1159428.954,10.48526967,76.44417933,0.365,0.088,8.6,10.0,0.0,3.3,1770,2047,RTK FIXED
19.760,082433.80,10.48526500,76.44417900,10.48526500,76.44417900,658050.777,1159428.068,108.30,658050.777,1159428.068,89.4,2,658050.825,1159428.954,10.48526967,76.44417933,0.365,0.088,8.6,10.0,-0.5,2.7,1770,2047,RTK FIXED
19.814,082434.00,10.48526500,76.44417900,10.48526500,76.44417900,658050.777,1159428.068,108.30,658050.777,1159428.068,89.4,2,658050.825,1159428.954,10.48526967,76.44417933,0.365,0.090,8.6,10.0,0.5,3.2,1764,2047,RTK FIXED
19.860,082434.00,10.48526500,76.44417900,10.48526500,76.44417900,658050.777,1159428.068,108.30,658050.777,1159428.068,89.4,2,658050.825,1159428.954,10.48526967,76.44417933,0.365,0.090,8.6,10.0,0.0,4.4,1764,2047,RTK FIXED
19.915,082434.00,10.48526500,76.44417900,10.48526500,76.44417900,658050.777,1159428.068,108.30,658050.777,1159428.068,89.4,2,658050.825,1159428.954,10.48526967,76.44417933,0.365,0.090,8.6,10.0,0.0,5.5,1764,2047,RTK FIXED
19.960,082434.20,10.48526500,76.44417900,10.48526500,76.44417900,658050.777,1159428.068,108.30,658050.777,1159428.068,89.4,2,658050.825,1159428.954,10.48526967,76.44417933,0.365,0.093,8.6,10.0,0.0,5.5,1758,2047,RTK FIXED
20.014,082434.20,10.48526500,76.44417900,10.48526500,76.44417900,658050.777,1159428.068,108.30,658050.777,1159428.068,89.4,2,658050.825,1159428.954,10.48526967,76.44417933,0.365,0.093,8.6,10.0,-0.5,6.5,1758,2047,RTK FIXED
20.068,082434.20,10.48526500,76.44417900,10.48526500,76.44417900,658050.777,1159428.068,108.30,658050.777,1159428.068,89.4,2,658050.825,1159428.954,10.48526967,76.44417933,0.365,0.093,8.6,10.0,0.5,8.4,1758,2047,RTK FIXED
20.114,082434.20,10.48526500,76.44417900,10.48526500,76.44417900,658050.777,1159428.068,108.30,658050.777,1159428.068,89.4,2,658050.825,1159428.954,10.48526967,76.44417933,0.365,0.093,8.6,10.0,0.0,9.1,1758,2047,RTK FIXED
20.167,082434.20,10.48526500,76.44417900,10.48526500,76.44417900,658050.777,1159428.068,108.30,658050.777,1159428.068,89.4,2,658050.825,1159428.954,10.48526967,76.44417933,0.365,0.093,8.6,10.0,0.0,9.9,1758,2047,RTK FIXED
20.214,082434.20,10.48526500,76.44417900,10.48526500,76.44417900,658050.777,1159428.068,108.30,658050.777,1159428.068,89.4,2,658050.825,1159428.954,10.48526967,76.44417933,0.365,0.093,8.6,10.0,-0.5,11.2,1758,2047,RTK FIXED
20.268,082434.40,10.48526600,76.44417900,10.48526540,76.44417900,658050.777,1159428.178,108.30,658050.777,1159428.112,84.6,2,658050.825,1159428.954,10.48526967,76.44417933,0.364,0.110,8.3,10.0,0.0,12.0,1708,2047,RTK FIXED
20.314,082434.40,10.48526600,76.44417900,10.48526564,76.44417900,658050.777,1159428.178,108.30,658050.777,1159428.139,84.6,2,658050.825,1159428.954,10.48526967,76.44417933,0.364,0.110,8.3,10.0,0.5,13.1,1708,2047,RTK FIXED
20.368,082434.40,10.48526600,76.44417900,10.48526578,76.44417900,658050.777,1159428.178,108.30,658050.777,1159428.155,84.6,2,658050.825,1159428.954,10.48526967,76.44417933,0.364,0.110,8.3,10.0,0.0,13.5,1708,2047,RTK FIXED
20.415,082434.40,10.48526600,76.44417900,10.48526587,76.44417900,658050.777,1159428.178,108.30,658050.777,1159428.164,84.6,2,658050.825,1159428.954,10.48526967,76.44417933,0.364,0.110,8.3,10.0,0.0,14.5,1708,2047,RTK FIXED
20.468,082434.60,10.48526600,76.44417900,10.48526592,76.44417900,658050.746,1159428.181,108.30,658050.764,1159428.171,84.6,2,658050.825,1159428.954,10.48526967,76.44417933,0.364,0.114,8.3,10.0,-0.5,15.3,1697,2047,RTK FIXED
20.515,082434.60,10.48526600,76.44417900,10.48526595,76.44417900,658050.746,1159428.181,108.30,658050.757,1159428.175,84.6,2,658050.825,1159428.954,10.48526967,76.44417933,0.364,0.114,8.3,10.0,0.5,15.8,1697,2047,RTK FIXED
20.569,082434.60,10.48526600,76.44417900,10.48526597,76.44417900,658050.746,1159428.181,108.30,658050.752,1159428.177,84.6,2,658050.825,1159428.954,10.48526967,76.44417933,0.364,0.114,8.3,10.0,0.0,16.1,1697,2047,RTK FIXED
20.622,082434.60,10.48526600,76.44417900,10.48526598,76.44417900,658050.746,1159428.181,108.30,658050.750,1159428.179,84.6,2,658050.825,1159428.954,10.48526967,76.44417933,0.364,0.114,8.3,10.0,-0.5,17.2,1697,2047,RTK FIXED
20.669,082434.80,10.48526600,76.44417900,10.48526599,76.44417900,658050.746,1159428.181,108.30,658050.748,1159428.180,84.6,2,658050.825,1159428.954,10.48526967,76.44417933,0.364,0.118,8.2,10.0,0.5,17.7,1685,2047,RTK FIXED
20.723,082434.80,10.48526600,76.44417900,10.48526599,76.44417900,658050.746,1159428.181,108.30,658050.747,1159428.180,84.6,2,658050.825,1159428.954,10.48526967,76.44417933,0.364,0.118,8.2,10.0,0.0,18.2,1685,2047,RTK FIXED
20.768,082434.80,10.48526600,76.44417900,10.48526600,76.44417900,658050.746,1159428.181,108.30,658050.747,1159428.180,84.6,2,658050.825,1159428.954,10.48526967,76.44417933,0.364,0.118,8.2,10.0,0.0,17.6,1685,2047,RTK FIXED
20.822,082434.80,10.48526600,76.44417900,10.48526600,76.44417900,658050.746,1159428.181,108.30,658050.746,1159428.181,84.6,2,658050.825,1159428.954,10.48526967,76.44417933,0.364,0.118,8.2,10.0,0.0,17.4,1685,2047,RTK FIXED
20.869,082435.00,10.48526600,76.44417900,10.48526600,76.44417900,658050.746,1159428.181,108.30,658050.746,1159428.181,84.6,2,658050.825,1159428.954,10.48526967,76.44417933,0.364,0.122,8.2,10.0,-0.5,18.2,1673,2047,RTK FIXED
20.923,082435.00,10.48526600,76.44417900,10.48526600,76.44417900,658050.746,1159428.181,108.30,658050.746,1159428.181,84.6,2,658050.825,1159428.954,10.48526967,76.44417933,0.364,0.122,8.2,10.0,0.5,17.8,1673,2047,RTK FIXED
20.971,082435.20,10.48526700,76.44417900,10.48526640,76.44417900,658050.745,1159428.292,108.30,658050.746,1159428.225,90.5,2,658050.825,1159428.954,10.48526967,76.44417933,0.366,0.109,8.4,10.0,-0.5,18.2,1711,2047,RTK FIXED
21.022,082435.20,10.48526700,76.44417900,10.48526664,76.44417900,658050.745,1159428.292,108.30,658050.745,1159428.252,90.5,2,658050.825,1159428.954,10.48526967,76.44417933,0.366,0.109,8.4,10.0,0.0,18.0,1711,2047,RTK FIXED
21.068,082435.20,10.48526700,76.44417900,10.48526678,76.44417900,658050.745,1159428.292,108.30,658050.745,1159428.268,90.5,2,658050.825,1159428.954,10.48526967,76.44417933,0.366,0.109,8.4,10.0,0.5,17.9,1711,2047,RTK FIXED
21.123,082435.20,10.48526700,76.44417900,10.48526687,76.44417900,658050.745,1159428.292,108.30,658050.745,1159428.277,90.5,2,658050.825,1159428.954,10.48526967,76.44417933,0.366,0.109,8.4,10.0,-0.5,17.9,1711,2047,RTK FIXED
21.177,082435.40,10.48526700,76.44417900,10.48526692,76.44417900,658050.783,1159428.289,108.30,658050.761,1159428.282,90.5,2,658050.825,1159428.954,10.48526967,76.44417933,0.366,0.112,8.3,10.0,0.5,18.0,1704,2047,RTK FIXED
21.223,082435.40,10.48526700,76.44417900,10.48526695,76.44417900,658050.783,1159428.289,108.30,658050.770,1159428.285,90.5,2,658050.825,1159428.954,10.48526967,76.44417933,0.366,0.112,8.3,10.0,-0.5,18.6,1704,2047,RTK FIXED
21.276,082435.40,10.48526700,76.44417900,10.48526697,76.44417900,658050.783,1159428.289,108.30,658050.775,1159428.286,90.5,2,658050.825,1159428.954,10.48526967,76.44417933,0.366,0.112,8.3,10.0,0.0,17.8,1704,2047,RTK FIXED
21.323,082435.40,10.48526700,76.44417900,10.48526698,76.44417900,658050.783,1159428.289,108.30,658050.779,1159428.287,90.5,2,658050.825,1159428.954,10.48526967,76.44417933,0.366,0.112,8.3,10.0,0.5,18.1,1704,2047,RTK FIXED
21.377,082435.40,10.48526700,76.44417900,10.48526699,76.44417900,658050.783,1159428.289,108.30,658050.780,1159428.288,90.5,2,658050.825,1159428.954,10.48526967,76.44417933,0.366,0.112,8.3,10.0,-0.5,17.7,1704,2047,RTK FIXED
21.423,082435.40,10.48526700,76.44417900,10.48526699,76.44417900,658050.783,1159428.289,108.30,658050.782,1159428.288,90.5,2,658050.825,1159428.954,10.48526967,76.44417933,0.366,0.112,8.3,10.0,0.5,18.3,1704,2047,RTK FIXED
21.477,082435.60,10.48526700,76.44417800,10.48526700,76.44417860,658050.674,1159428.288,108.30,658050.739,1159428.288,90.5,2,658050.825,1159428.954,10.48526967,76.44417933,0.366,0.117,8.3,10.0,0.0,18.0,1690,2047,RTK FIXED
21.523,082435.60,10.48526700,76.44417800,10.48526700,76.44417836,658050.674,1159428.288,108.30,658050.713,1159428.288,90.5,2,658050.825,1159428.954,10.48526967,76.44417933,0.366,0.117,8.3,10.0,0.0,18.0,1690,2047,RTK FIXED
21.576,082435.60,10.48526700,76.44417800,10.48526700,76.44417822,658050.674,1159428.288,108.30,658050.697,1159428.288,90.5,2,658050.825,1159428.954,10.48526967,76.44417933,0.366,0.117,8.3,10.0,0.0,17.4,1690,2047,RTK FIXED
21.623,082435.60,10.48526700,76.44417800,10.48526700,76.44417813,658050.674,1159428.288,108.30,658050.688,1159428.288,90.5,2,658050.825,1159428.954,10.48526967,76.44417933,0.366,0.117,8.3,10.0,0.0,18.1,1690,2047,RTK FIXED
21.678,082435.80,10.48526800,76.44417800,10.48526740,76.44417808,658050.673,1159428.399,108.30,658050.682,1159428.333,97.4,2,658050.825,1159428.954,10.48526967,76.44417933,0.361,0.101,8.4,10.0,-0.5,17.5,1729,2047,RTK FIXED
21.723,082435.80,10.48526800,76.44417800,10.48526764,76.44417805,658050.673,1159428.399,108.30,658050.679,1159428.359,97.4,2,658050.825,1159428.954,10.48526967,76.44417933,0.361,0.101,8.4,10.0,0.0,18.0,1729,2047,RTK FIXED
21.777,082435.80,10.48526800,76.44417800,10.48526778,76.44417803,658050.673,1159428.399,108.30,658050.677,1159428.375,97.4,2,658050.825,1159428.954,10.48526967,76.44417933,0.361,0.101,8.4,10.0,0.0,17.6,1729,2047,RTK FIXED
21.831,082435.80,10.48526800,76.44417800,10.48526787,76.44417802,658050.673,1159428.399,108.30,658050.675,1159428.385,97.4,2,658050.825,1159428.954,10.48526967,76.44417933,0.361,0.101,8.4,10.0,0.5,18.1,1729,2047,RTK FIXED
21.878,082436.00,10.48526800,76.44417800,10.48526792,76.44417801,658050.718,1159428.401,108.30,658050.692,1159428.391,97.4,2,658050.825,1159428.954,10.48526967,76.44417933,0.363,0.102,8.4,10.0,-0.5,17.7,1727,2047,RTK FIXED
21.932,082436.00,10.48526800,76.44417800,10.48526795,76.44417801,658050.718,1159428.401,108.30,658050.702,1159428.395,97.4,2,658050.825,1159428.954,10.48526967,76.44417933,0.363,0.102,8.4,10.0,0.0,17.5,1727,2047,RTK FIXED
21.978,082436.20,10.48526800,76.44417800,10.48526797,76.44417800,658050.718,1159428.401,108.30,658050.709,1159428.397,97.4,2,658050.825,1159428.954,10.48526967,76.44417933,0.364,0.103,8.4,10.0,0.5,18.0,1726,2047,RTK FIXED
22.031,082436.20,10.48526800,76.44417800,10.48526798,76.44417800,658050.718,1159428.401,108.30,658050.712,1159428.399,97.4,2,658050.825,1159428.954,10.48526967,76.44417933,0.364,0.103,8.4,10.0,-0.5,17.7,1726,2047,RTK FIXED
22.078,082436.20,10.48526800,76.44417800,10.48526799,76.44417800,658050.718,1159428.401,108.30,658050.714,1159428.400,97.4,2,658050.825,1159428.954,10.48526967,76.44417933,0.364,0.103,8.4,10.0,0.5,17.9,1726,2047,RTK FIXED
22.132,082436.40,10.48526900,76.44417800,10.48526839,76.44417800,658050.717,1159428.511,108.30,658050.716,1159428.444,93.7,2,658050.825,1159428.954,10.48526967,76.44417933,0.366,0.113,8.3,10.0,-0.5,17.4,1699,2047,RTK FIXED
22.178,082436.40,10.48526900,76.44417800,10.48526864,76.44417800,658050.717,1159428.511,108.30,658050.716,1159428.471,93.7,2,658050.825,1159428.954,10.48526967,76.44417933,0.366,0.113,8.3,10.0,0.5,18.0,1699,2047,RTK FIXED
22.232,082436.40,10.48526900,76.44417800,10.48526878,76.44417800,658050.717,1159428.511,108.30,658050.717,1159428.487,93.7,2,658050.825,1159428.954,10.48526967,76.44417933,0.366,0.113,8.3,10.0,0.0,17.6,1699,2047,RTK FIXED
22.278,082436.40,10.48526900,76.44417800,10.48526887,76.44417800,658050.717,1159428.511,108.30,658050.717,1159428.497,93.7,2,658050.825,1159428.954,10.48526967,76.44417933,0.366,0.113,8.3,10.0,-0.5,17.9,1699,2047,RTK FIXED
22.332,082436.40,10.48526900,76.44417800,10.48526892,76.44417800,658050.717,1159428.511,108.30,658050.717,1159428.503,93.7,2,658050.825,1159428.954,10.48526967,76.44417933,0.366,0.113,8.3,10.0,0.5,17.5,1699,2047,RTK FIXED
22.385,082436.40,10.48526900,76.44417800,10.48526895,76.44417800,658050.717,1159428.511,108.30,658050.717,1159428.506,93.7,2,658050.825,1159428.954,10.48526967,76.44417933,0.366,0.113,8.3,10.0,0.0,17.3,1699,2047,RTK FIXED
22.431,082436.40,10.48526900,76.44417800,10.48526897,76.44417800,658050.717,1159428.511,108.30,658050.717,1159428.508,93.7,2,658050.825,1159428.954,10.48526967,76.44417933,0.366,0.113,8.3,10.0,-0.5,17.5,1699,2047,RTK FIXED
22.486,082436.60,10.48526900,76.44417800,10.48526898,76.44417800,658050.694,1159428.510,108.30,658050.708,1159428.509,93.7,2,658050.825,1159428.954,10.48526967,76.44417933,0.366,0.117,8.2,10.0,0.5,17.7,1688,2047,RTK FIXED
22.532,082436.60,10.48526900,76.44417800,10.48526899,76.44417800,658050.694,1159428.510,108.30,658050.702,1159428.509,93.7,2,658050.825,1159428.954,10.48526967,76.44417933,0.366,0.117,8.2,10.0,0.0,17.0,1688,2047,RTK FIXED
22.586,082436.60,10.48526900,76.44417800,10.48526899,76.44417800,658050.694,1159428.510,108.30,658050.699,1159428.509,93.7,2,658050.825,1159428.954,10.48526967,76.44417933,0.366,0.117,8.2,10.0,0.0,17.7,1688,2047,RTK FIXED
22.632,082436.60,10.48526900,76.44417800,10.48526900,76.44417800,658050.694,1159428.510,108.30,658050.697,1159428.510,93.7,2,658050.825,1159428.954,10.48526967,76.44417933,0.366,0.117,8.2,10.0,-0.5,17.3,1688,2047,RTK FIXED
22.686,082436.80,10.48526900,76.44417700,10.48526900,76.44417760,658050.584,1159428.509,108.30,658050.652,1159428.509,93.7,2,658050.825,1159428.954,10.48526967,76.44417933,0.366,0.118,8.2,10.0,0.5,17.5,1687,2047,RTK FIXED
22.732,082436.80,10.48526900,76.44417700,10.48526900,76.44417736,658050.584,1159428.509,108.30,658050.625,1159428.509,93.7,2,658050.825,1159428.954,10.48526967,76.44417933,0.366,0.118,8.2,10.0,0.0,17.5,1687,2047,RTK FIXED
22.786,082436.80,10.48526900,76.44417700,10.48526900,76.44417722,658050.584,1159428.509,108.30,658050.609,1159428.509,93.7,2,658050.825,1159428.954,10.48526967,76.44417933,0.366,0.118,8.2,10.0,0.0,17.7,1687,2047,RTK FIXED
22.832,082436.80,10.48526900,76.44417700,10.48526900,76.44417713,658050.584,1159428.509,108.30,658050.599,1159428.509,93.7,2,658050.825,1159428.954,10.48526967,76.44417933,0.366,0.118,8.2,10.0,0.0,17.3,1687,2047,RTK FIXED
22.887,082437.00,10.48526900,76.44417700,10.48526900,76.44417708,658050.584,1159428.509,108.30,658050.593,1159428.509,108.6,2,658050.825,1159428.954,10.48526967,76.44417933,0.336,0.075,8.7,10.0,-0.5,17.9,1790,2047,RTK FIXED
22.941,082437.20,10.48527000,76.44417700,10.48526940,76.44417705,658050.678,1159428.636,108.30,658050.627,1159428.560,108.6,2,658050.825,1159428.954,10.48526967,76.44417933,0.333,0.075,8.7,10.0,0.0,17.6,1787,2047,RTK FIXED
22.986,082437.20,10.48527000,76.44417700,10.48526964,76.44417703,658050.678,1159428.636,108.30,658050.648,1159428.590,108.6,2,658050.825,1159428.954,10.48526967,76.44417933,0.333,0.075,8.7,10.0,0.0,17.4,1787,2047,RTK FIXED
23.040,082437.20,10.48527000,76.44417700,10.48526978,76.44417702,658050.678,1159428.636,108.30,658050.660,1159428.609,108.6,2,658050.825,1159428.954,10.48526967,76.44417933,0.333,0.075,8.7,10.0,0.5,17.6,1787,2047,RTK FIXED
23.086,082437.20,10.48527000,76.44417700,10.48526987,76.44417701,658050.678,1159428.636,108.30,658050.667,1159428.619,108.6,2,658050.825,1159428.954,10.48526967,76.44417933,0.333,0.075,8.7,10.0,-0.5,17.9,1787,2047,RTK FIXED
23.140,082437.40,10.48527000,76.44417700,10.48526992,76.44417701,658050.678,1159428.636,108.30,658050.672,1159428.626,97.3,2,658050.825,1159428.954,10.48526967,76.44417933,0.324,0.108,8.2,10.0,0.5,17.1,1674,2047,RTK FIXED
23.187,082437.40,10.48527000,76.44417700,10.48526995,76.44417700,658050.678,1159428.636,108.30,658050.674,1159428.630,97.3,2,658050.825,1159428.954,10.48526967,76.44417933,0.324,0.108,8.2,10.0,0.0,18.5,1674,2047,RTK FIXED
23.240,082437.40,10.48527000,76.44417700,10.48526997,76.44417700,658050.678,1159428.636,108.30,658050.676,1159428.632,97.3,2,658050.825,1159428.954,10.48526967,76.44417933,0.324,0.108,8.2,10.0,0.0,17.7,1674,2047,RTK FIXED
23.286,082437.40,10.48527000,76.44417700,10.48526998,76.44417700,658050.678,1159428.636,108.30,658050.677,1159428.634,97.3,2,658050.825,1159428.954,10.48526967,76.44417933,0.324,0.108,8.2,10.0,-0.5,18.5,1674,2047,RTK FIXED
23.340,082437.40,10.48527000,76.44417700,10.48526999,76.44417700,658050.678,1159428.636,108.30,658050.677,1159428.635,97.3,2,658050.825,1159428.954,10.48526967,76.44417933,0.324,0.108,8.2,10.0,0.0,17.7,1674,2047,RTK FIXED
23.386,082437.40,10.48527000,76.44417700,10.48526999,76.44417700,658050.678,1159428.636,108.30,658050.678,1159428.635,97.3,2,658050.825,1159428.954,10.48526967,76.44417933,0.324,0.108,8.2,10.0,0.5,18.2,1674,2047,RTK FIXED
23.441,082437.60,10.48527000,76.44417600,10.48527000,76.44417660,658050.497,1159428.621,108.30,658050.606,1159428.629,97.3,2,658050.825,1159428.954,10.48526967,76.44417933,0.337,0.108,8.2,10.0,0.0,17.5,1687,2047,RTK FIXED
23.495,082437.60,10.48527000,76.44417600,10.48527000,76.44417636,658050.497,1159428.621,108.30,658050.562,1159428.626,97.3,2,658050.825,1159428.954,10.48526967,76.44417933,0.337,0.108,8.2,10.0,0.0,18.1,1687,2047,RTK FIXED
23.540,082437.60,10.48527000,76.44417600,10.48527000,76.44417622,658050.497,1159428.621,108.30,658050.536,1159428.624,97.3,2,658050.825,1159428.954,10.48526967,76.44417933,0.337,0.108,8.2,10.0,-0.6,18.2,1687,2047,RTK FIXED
23.595,082437.60,10.48527000,76.44417600,10.48527000,76.44417613,658050.497,1159428.621,108.30,658050.521,1159428.623,97.3,2,658050.825,1159428.954,10.48526967,76.44417933,0.337,0.108,8.2,10.0,0.5,17.7,1687,2047,RTK FIXED
23.804,082437.80,10.48527000,76.44417600,10.48527000,76.44417608,658050.497,1159428.621,108.30,658050.511,1159428.622,118.3,2,658050.825,1159428.954,10.48526967,76.44417933,0.000,-0.480,7.9,-7.9,0.0,17.3,450,450,RTK FIXED
23.844,082438.00,10.48527100,76.44417600,10.48527040,76.44417605,658050.618,1159428.765,108.40,658050.554,1159428.679,116.9,3,658050.292,1159429.873,10.48527800,76.44417450,0.000,-0.410,6.7,-6.7,-0.6,15.0,900,900,RTK FIXED
23.886,082438.00,10.48527100,76.44417600,10.48527064,76.44417603,658050.618,1159428.765,108.40,658050.580,1159428.714,115.7,3,658050.292,1159429.873,10.48527800,76.44417450,0.000,-0.410,6.7,-6.7,0.6,14.0,1350,1350,RTK FIXED
24.104,082438.20,10.48527100,76.44417600,10.48527078,76.44417602,658050.604,1159428.759,108.40,658050.590,1159428.732,101.4,3,658050.292,1159429.873,10.48527800,76.44417450,0.365,0.049,9.2,10.0,-0.1,10.8,450,450,RTK FIXED
24.141,082438.40,10.48527100,76.44417600,10.48527087,76.44417601,658050.523,1159428.735,108.40,658050.563,1159428.733,101.4,3,658050.292,1159429.873,10.48527800,76.44417450,0.364,0.049,9.2,10.0,0.7,7.3,900,900,RTK FIXED
24.187,082438.40,10.48527100,76.44417600,10.48527092,76.44417601,658050.523,1159428.735,108.40,658050.547,1159428.734,101.4,3,658050.292,1159429.873,10.48527800,76.44417450,0.364,0.049,9.2,10.0,0.0,6.5,1350,1350,RTK FIXED
24.241,082438.40,10.48527100,76.44417600,10.48527095,76.44417600,658050.523,1159428.735,108.40,658050.537,1159428.734,101.4,3,658050.292,1159429.873,10.48527800,76.44417450,0.364,0.049,9.2,10.0,-0.5,5.6,1800,1800,RTK FIXED
24.287,082438.40,10.48527100,76.44417600,10.48527097,76.44417600,658050.523,1159428.735,108.40,658050.532,1159428.735,101.4,3,658050.292,1159429.873,10.48527800,76.44417450,0.364,0.049,9.2,10.0,0.5,4.9,1888,2047,RTK FIXED
24.341,082438.40,10.48527100,76.44417600,10.48527098,76.44417600,658050.523,1159428.735,108.40,658050.528,1159428.735,101.4,3,658050.292,1159429.873,10.48527800,76.44417450,0.364,0.049,9.2,10.0,0.0,5.5,1888,2047,RTK FIXED
24.387,082438.40,10.48527100,76.44417600,10.48527099,76.44417600,658050.523,1159428.735,108.40,658050.526,1159428.735,101.4,3,658050.292,1159429.873,10.48527800,76.44417450,0.364,0.049,9.2,10.0,0.0,6.5,1888,2047,RTK FIXED
24.442,082438.60,10.48527100,76.44417600,10.48527099,76.44417600,658050.523,1159428.735,108.30,658050.525,1159428.735,101.4,3,658050.292,1159429.873,10.48527800,76.44417450,0.363,0.050,9.2,10.0,-0.5,8.3,1884,2047,RTK FIXED
24.495,082438.60,10.48527100,76.44417600,10.48527100,76.44417600,658050.523,1159428.735,108.30,658050.524,1159428.735,101.4,3,658050.292,1159429.873,10.48527800,76.44417450,0.363,0.050,9.2,10.0,0.0,9.3,1884,2047,RTK FIXED
24.542,082438.60,10.48527100,76.44417600,10.48527100,76.44417600,658050.523,1159428.735,108.30,658050.524,1159428.735,101.4,3,658050.292,1159429.873,10.48527800,76.44417450,0.363,0.050,9.2,10.0,0.5,10.8,1884,2047,RTK FIXED
24.595,082438.60,10.48527100,76.44417600,10.48527100,76.44417600,658050.523,1159428.735,108.30,658050.524,1159428.735,101.4,3,658050.292,1159429.873,10.48527800,76.44417450,0.363,0.050,9.2,10.0,-0.5,11.1,1884,2047,RTK FIXED
24.806,082438.80,10.48527100,76.44417500,10.48527100,76.44417560,658050.414,1159428.735,108.30,658050.480,1159428.735,121.0,3,658050.292,1159429.873,10.48527800,76.44417450,0.000,-0.480,7.9,-7.9,0.1,11.5,450,450,RTK FIXED
24.842,082439.00,10.48527100,76.44417500,10.48527100,76.44417536,658050.525,1159428.773,108.30,658050.498,1159428.750,119.7,3,658050.292,1159429.873,10.48527800,76.44417450,0.000,-0.480,7.9,-7.9,0.0,8.6,900,900,RTK FIXED
24.888,082439.00,10.48527100,76.44417500,10.48527100,76.44417522,658050.525,1159428.773,108.30,658050.508,1159428.759,118.3,3,658050.292,1159429.873,10.48527800,76.44417450,0.000,-0.480,7.9,-7.9,-0.5,8.2,1350,1350,RTK FIXED
24.943,082439.20,10.48527100,76.44417500,10.48527100,76.44417513,658050.509,1159428.765,108.30,658050.509,1159428.761,116.9,3,658050.292,1159429.873,10.48527800,76.44417450,0.000,-0.457,7.5,-7.5,0.0,6.4,1532,1532,RTK FIXED
24.988,082439.20,10.48527100,76.44417500,10.48527100,76.44417508,658050.509,1159428.765,108.30,658050.509,1159428.763,115.6,3,658050.292,1159429.873,10.48527800,76.44417450,0.000,-0.457,7.5,-7.5,0.0,4.9,1532,1532,RTK FIXED
25.042,082439.20,10.48527100,76.44417500,10.48527100,76.44417505,658050.509,1159428.765,108.30,658050.509,1159428.764,114.3,3,658050.292,1159429.873,10.48527800,76.44417450,0.000,-0.457,7.5,-7.5,0.5,4.2,1532,1532,RTK FIXED
25.088,082439.20,10.48527100,76.44417500,10.48527100,76.44417503,658050.509,1159428.765,108.30,658050.509,1159428.764,113.0,3,658050.292,1159429.873,10.48527800,76.44417450,0.000,-0.457,7.5,-7.5,-0.5,3.3,1532,1532,RTK FIXED
25.143,082439.40,10.48527100,76.44417500,10.48527100,76.44417502,658050.478,1159428.752,108.30,658050.496,1159428.759,111.7,3,658050.292,1159429.873,10.48527800,76.44417450,0.000,-0.407,6.7,-6.7,0.0,2.3,1364,1364,RTK FIXED
25.196,082439.40,10.48527100,76.44417500,10.48527100,76.44417501,658050.478,1159428.752,108.30,658050.489,1159428.756,110.5,3,658050.292,1159429.873,10.48527800,76.44417450,0.000,-0.407,6.7,-6.7,0.5,0.9,1364,1364,RTK FIXED
25.242,082439.40,10.48527100,76.44417500,10.48527100,76.44417501,658050.478,1159428.752,108.30,658050.484,1159428.754,109.3,3,658050.292,1159429.873,10.48527800,76.44417450,0.000,-0.407,6.7,-6.7,-0.5,1.1,1364,1364,RTK FIXED
25.296,082439.40,10.48527100,76.44417500,10.48527100,76.44417500,658050.478,1159428.752,108.30,658050.482,1159428.753,108.2,3,658050.292,1159429.873,10.48527800,76.44417450,0.000,-0.407,6.7,-6.7,0.5,0.5,1364,1364,RTK FIXED
25.343,082439.40,10.48527100,76.44417500,10.48527100,76.44417500,658050.478,1159428.752,108.30,658050.480,1159428.753,107.0,3,658050.292,1159429.873,10.48527800,76.44417450,0.000,-0.407,6.7,-6.7,-0.5,1.1,1364,1364,RTK FIXED
25.396,082439.40,10.48527100,76.44417500,10.48527100,76.44417500,658050.478,1159428.752,108.30,658050.479,1159428.752,105.8,3,658050.292,1159429.873,10.48527800,76.44417450,0.000,-0.407,6.7,-6.7,0.5,1.9,1364,1364,RTK FIXED
25.443,082439.60,10.48527100,76.44417500,10.48527100,76.44417500,658050.434,1159428.739,108.30,658050.461,1159428.747,104.7,3,658050.292,1159429.873,10.48527800,76.44417450,0.000,-0.347,5.7,-5.7,-0.5,0.5,1162,1162,RTK FIXED
25.496,082439.60,10.48527100,76.44417500,10.48527100,76.44417500,658050.434,1159428.739,108.30,658050.450,1159428.744,103.7,3,658050.292,1159429.873,10.48527800,76.44417450,0.000,-0.347,5.7,-5.7,0.5,0.5,1162,1162,RTK FIXED
25.542,082439.60,10.48527100,76.44417500,10.48527100,76.44417500,658050.434,1159428.739,108.30,658050.444,1159428.742,102.7,3,658050.292,1159429.873,10.48527800,76.44417450,0.000,-0.347,5.7,-5.7,0.0,0.5,1162,1162,RTK FIXED
25.596,082439.60,10.48527100,76.44417500,10.48527100,76.44417500,658050.434,1159428.739,108.30,658050.440,1159428.741,101.7,3,658050.292,1159429.873,10.48527800,76.44417450,0.000,-0.347,5.7,-5.7,0.0,0.0,1162,1162,RTK FIXED
25.643,082439.80,10.48527100,76.44417500,10.48527100,76.44417500,658050.409,1159428.734,108.30,658050.428,1159428.738,100.7,3,658050.292,1159429.873,10.48527800,76.44417450,0.000,-0.318,5.2,-5.2,0.0,0.0,1100,1100,RTK FIXED
25.696,082439.80,10.48527100,76.44417500,10.48527100,76.44417500,658050.409,1159428.734,108.30,658050.420,1159428.736,99.8,3,658050.292,1159429.873,10.48527800,76.44417450,0.000,-0.318,5.2,-5.2,0.0,0.0,1100,1100,RTK FIXED
25.750,082439.80,10.48527100,76.44417500,10.48527100,76.44417500,658050.409,1159428.734,108.30,658050.416,1159428.735,98.9,3,658050.292,1159429.873,10.48527800,76.44417450,0.000,-0.318,5.2,-5.2,0.0,0.0,1100,1100,RTK FIXED
25.796,082439.80,10.48527100,76.44417500,10.48527100,76.44417500,658050.409,1159428.734,108.30,658050.413,1159428.735,98.0,3,658050.292,1159429.873,10.48527800,76.44417450,0.000,-0.318,5.2,-5.2,-0.5,0.0,1100,1100,RTK FIXED
25.851,082440.00,10.48527100,76.44417500,10.48527100,76.44417500,658050.386,1159428.731,108.30,658050.402,1159428.733,97.1,3,658050.292,1159429.873,10.48527800,76.44417450,0.000,-0.292,4.8,-4.8,0.0,0.0,1100,1100,RTK FIXED
25.897,082440.00,10.48527100,76.44417500,10.48527100,76.44417500,658050.386,1159428.731,108.30,658050.396,1159428.732,96.2,3,658050.292,1159429.873,10.48527800,76.44417450,0.000,-0.292,4.8,-4.8,0.5,0.0,1100,1100,RTK FIXED
25.951,082440.20,10.48527100,76.44417500,10.48527100,76.44417500,658050.375,1159428.730,108.30,658050.387,1159428.731,119.7,3,658050.292,1159429.873,10.48527800,76.44417450,0.000,-0.480,7.9,-7.9,-0.5,0.0,1550,1550,RTK FIXED
25.997,082440.20,10.48527100,76.44417500,10.48527100,76.44417500,658050.375,1159428.730,108.30,658050.382,1159428.731,118.3,3,658050.292,1159429.873,10.48527800,76.44417450,0.000,-0.480,7.9,-7.9,0.5,0.0,1608,1608,RTK FIXED
26.051,082440.20,10.48527100,76.44417500,10.48527100,76.44417500,658050.375,1159428.730,108.30,658050.379,1159428.731,116.9,3,658050.292,1159429.873,10.48527800,76.44417450,0.000,-0.480,7.9,-7.9,0.0,0.0,1608,1608,RTK FIXED
26.097,082440.20,10.48527100,76.44417500,10.48527100,76.44417500,658050.375,1159428.730,108.30,658050.378,1159428.730,115.5,3,658050.292,1159429.873,10.48527800,76.44417450,0.000,-0.480,7.9,-7.9,-0.5,0.0,1608,1608,RTK FIXED
26.151,082440.40,10.48527100,76.44417500,10.48527100,76.44417500,658050.493,1159428.758,108.30,658050.424,1159428.741,114.2,3,658050.292,1159429.873,10.48527800,76.44417450,0.000,-0.473,7.8,-7.8,0.0,0.0,1586,1586,RTK FIXED
26.196,082440.40,10.48527100,76.44417500,10.48527100,76.44417500,658050.493,1159428.758,108.30,658050.451,1159428.748,112.8,3,658050.292,1159429.873,10.48527800,76.44417450,0.000,-0.473,7.8,-7.8,0.0,0.0,1586,1586,RTK FIXED
26.251,082440.40,10.48527100,76.44417500,10.48527100,76.44417500,658050.493,1159428.758,108.30,658050.468,1159428.752,111.5,3,658050.292,1159429.873,10.48527800,76.44417450,0.000,-0.473,7.8,-7.8,0.5,0.0,1586,1586,RTK FIXED
26.305,082440.40,10.48527100,76.44417500,10.48527100,76.44417500,658050.493,1159428.758,108.30,658050.478,1159428.754,110.1,3,658050.292,1159429.873,10.48527800,76.44417450,0.000,-0.473,7.8,-7.8,0.0,0.0,1586,1586,RTK FIXED
26.351,082440.60,10.48527200,76.44417500,10.48527140,76.44417500,658050.459,1159428.856,108.30,658050.470,1159428.795,108.7,3,658050.292,1159429.873,10.48527800,76.44417450,0.000,-0.393,6.4,-6.4,0.0,0.0,1317,1317,RTK FIXED
26.405,082440.60,10.48527200,76.44417500,10.48527164,76.44417500,658050.459,1159428.856,108.30,658050.466,1159428.820,107.6,3,658050.292,1159429.873,10.48527800,76.44417450,0.000,-0.393,6.4,-6.4,-0.5,0.0,1317,1317,RTK FIXED
26.451,082440.60,10.48527200,76.44417500,10.48527178,76.44417500,658050.459,1159428.856,108.30,658050.463,1159428.834,106.5,3,658050.292,1159429.873,10.48527800,76.44417450,0.000,-0.393,6.4,-6.4,0.5,0.0,1317,1317,RTK FIXED
26.504,082440.60,10.48527200,76.44417500,10.48527187,76.44417500,658050.459,1159428.856,108.30,658050.461,1159428.843,105.4,3,658050.292,1159429.873,10.48527800,76.44417450,0.000,-0.393,6.4,-6.4,0.0,0.0,1317,1317,RTK FIXED
26.551,082440.60,10.48527200,76.44417500,10.48527192,76.44417500,658050.459,1159428.856,108.30,658050.461,1159428.848,104.2,3,658050.292,1159429.873,10.48527800,76.44417450,0.000,-0.393,6.4,-6.4,-0.5,0.0,1317,1317,RTK FIXED
26.604,082440.60,10.48527200,76.44417500,10.48527195,76.44417500,658050.459,1159428.856,108.30,658050.460,1159428.852,103.1,3,658050.292,1159429.873,10.48527800,76.44417450,0.000,-0.393,6.4,-6.4,0.0,0.0,1317,1317,RTK FIXED
26.816,082440.80,10.48527200,76.44417500,10.48527197,76.44417500,658050.417,1159428.846,108.30,658050.443,1159428.849,91.7,3,658050.292,1159429.873,10.48527800,76.44417450,0.366,0.071,8.9,10.0,0.1,0.0,450,450,RTK FIXED
26.852,082441.00,10.48527200,76.44417500,10.48527198,76.44417500,658050.351,1159428.840,108.40,658050.406,1159428.845,91.7,3,658050.292,1159429.873,10.48527800,76.44417450,0.366,0.074,8.9,10.0,0.0,0.0,900,900,RTK FIXED
26.898,082441.00,10.48527200,76.44417500,10.48527199,76.44417500,658050.351,1159428.840,108.40,658050.384,1159428.843,91.7,3,658050.292,1159429.873,10.48527800,76.44417450,0.366,0.074,8.9,10.0,0.0,0.0,1350,1350,RTK FIXED
26.952,082441.20,10.48527200,76.44417500,10.48527199,76.44417500,658050.351,1159428.840,108.40,658050.370,1159428.842,91.7,3,658050.292,1159429.873,10.48527800,76.44417450,0.365,0.076,8.8,10.0,0.0,0.0,1800,1800,RTK FIXED
26.998,082441.20,10.48527200,76.44417500,10.48527200,76.44417500,658050.351,1159428.840,108.40,658050.363,1159428.841,91.7,3,658050.292,1159429.873,10.48527800,76.44417450,0.365,0.076,8.8,10.0,0.0,0.0,1807,2047,RTK FIXED
27.052,082441.20,10.48527200,76.44417500,10.48527200,76.44417500,658050.351,1159428.840,108.40,658050.358,1159428.841,91.7,3,658050.292,1159429.873,10.48527800,76.44417450,0.365,0.076,8.8,10.0,-0.5,0.0,1807,2047,RTK FIXED
27.106,082441.20,10.48527200,76.44417500,10.48527200,76.44417500,658050.351,1159428.840,108.40,658050.355,1159428.840,91.7,3,658050.292,1159429.873,10.48527800,76.44417450,0.365,0.076,8.8,10.0,0.5,0.5,1807,2047,RTK FIXED
27.152,082441.40,10.48527200,76.44417500,10.48527200,76.44417500,658050.351,1159428.840,108.40,658050.353,1159428.840,91.7,3,658050.292,1159429.873,10.48527800,76.44417450,0.365,0.079,8.8,10.0,-0.5,1.1,1799,2047,RTK FIXED
27.206,082441.40,10.48527200,76.44417500,10.48527200,76.44417500,658050.351,1159428.840,108.40,658050.352,1159428.840,91.7,3,658050.292,1159429.873,10.48527800,76.44417450,0.365,0.079,8.8,10.0,0.5,1.4,1799,2047,RTK FIXED
27.252,082441.40,10.48527200,76.44417500,10.48527200,76.44417500,658050.351,1159428.840,108.40,658050.351,1159428.840,91.7,3,658050.292,1159429.873,10.48527800,76.44417450,0.365,0.079,8.8,10.0,0.0,1.6,1799,2047,RTK FIXED
27.305,082441.40,10.48527200,76.44417500,10.48527200,76.44417500,658050.351,1159428.840,108.40,658050.351,1159428.840,91.7,3,658050.292,1159429.873,10.48527800,76.44417450,0.365,0.079,8.8,10.0,-0.5,2.8,1799,2047,RTK FIXED
27.352,082441.40,10.48527200,76.44417500,10.48527200,76.44417500,658050.351,1159428.840,108.40,658050.351,1159428.840,91.7,3,658050.292,1159429.873,10.48527800,76.44417450,0.365,0.079,8.8,10.0,0.0,2.7,1799,2047,RTK FIXED
27.406,082441.40,10.48527200,76.44417500,10.48527200,76.44417500,658050.351,1159428.840,108.40,658050.351,1159428.840,91.7,3,658050.292,1159429.873,10.48527800,76.44417450,0.365,0.079,8.8,10.0,0.5,3.3,1799,2047,RTK FIXED
27.453,082441.60,10.48527200,76.44417500,10.48527200,76.44417500,658050.351,1159428.840,108.40,658050.351,1159428.840,91.7,3,658050.292,1159429.873,10.48527800,76.44417450,0.365,0.082,8.7,10.0,-0.5,4.3,1787,2047,RTK FIXED
27.506,082441.60,10.48527200,76.44417500,10.48527200,76.44417500,658050.351,1159428.840,108.40,658050.351,1159428.840,91.7,3,658050.292,1159429.873,10.48527800,76.44417450,0.365,0.082,8.7,10.0,0.5,4.2,1787,2047,RTK FIXED
27.552,082441.60,10.48527200,76.44417500,10.48527200,76.44417500,658050.351,1159428.840,108.40,658050.351,1159428.840,91.7,3,658050.292,1159429.873,10.48527800,76.44417450,0.365,0.082,8.7,10.0,0.0,3.8,1787,2047,RTK FIXED
27.606,082441.60,10.48527200,76.44417500,10.48527200,76.44417500,658050.351,1159428.840,108.40,658050.351,1159428.840,91.7,3,658050.292,1159429.873,10.48527800,76.44417450,0.365,0.082,8.7,10.0,0.0,4.2,1787,2047,RTK FIXED
27.653,082441.80,10.48527200,76.44417500,10.48527200,76.44417500,658050.351,1159428.840,108.40,658050.351,1159428.840,112.6,3,658050.292,1159429.873,10.48527800,76.44417450,0.304,0.011,9.8,10.0,-0.5,5.9,2002,2047,RTK FIXED
27.706,082441.80,10.48527200,76.44417500,10.48527200,76.44417500,658050.351,1159428.840,108.40,658050.351,1159428.840,112.6,3,658050.292,1159429.873,10.48527800,76.44417450,0.304,0.011,9.8,10.0,0.0,5.6,2002,2047,RTK FIXED
27.760,082441.80,10.48527200,76.44417500,10.48527200,76.44417500,658050.351,1159428.840,108.40,658050.351,1159428.840,112.6,3,658050.292,1159429.873,10.48527800,76.44417450,0.304,0.011,9.8,10.0,0.5,6.4,2002,2047,RTK FIXED
27.806,082441.80,10.48527200,76.44417500,10.48527200,76.44417500,658050.351,1159428.840,108.40,658050.351,1159428.840,112.6,3,658050.292,1159429.873,10.48527800,76.44417450,0.304,0.011,9.8,10.0,-0.5,7.1,2002,2047,RTK FIXED
27.860,082442.00,10.48527200,76.44417500,10.48527200,76.44417500,658050.483,1159428.865,108.40,658050.404,1159428.850,112.6,3,658050.292,1159429.873,10.48527800,76.44417450,0.317,0.012,9.8,10.0,0.0,7.9,2000,2047,RTK FIXED
27.906,082442.00,10.48527200,76.44417500,10.48527200,76.44417500,658050.483,1159428.865,108.40,658050.435,1159428.856,112.6,3,658050.292,1159429.873,10.48527800,76.44417450,0.317,0.012,9.8,10.0,0.0,8.6,2000,2047,RTK FIXED
27.961,082442.20,10.48527200,76.44417500,10.48527200,76.44417500,658050.483,1159428.865,108.40,658050.454,1159428.859,82.5,3,658050.292,1159429.873,10.48527800,76.44417450,0.354,0.101,8.4,10.0,0.0,9.2,1725,2047,RTK FIXED
28.006,082442.20,10.48527200,76.44417500,10.48527200,76.44417500,658050.483,1159428.865,108.40,658050.466,1159428.861,82.5,3,658050.292,1159429.873,10.48527800,76.44417450,0.354,0.101,8.4,10.0,0.5,12.0,1725,2047,RTK FIXED
28.060,082442.20,10.48527200,76.44417500,10.48527200,76.44417500,658050.483,1159428.865,108.40,658050.473,1159428.863,82.5,3,658050.292,1159429.873,10.48527800,76.44417450,0.354,0.101,8.4,10.0,-0.5,13.4,1725,2047,RTK FIXED
28.107,082442.20,10.48527200,76.44417500,10.48527200,76.44417500,658050.483,1159428.865,108.40,658050.477,1159428.863,82.5,3,658050.292,1159429.873,10.48527800,76.44417450,0.354,0.101,8.4,10.0,0.5,14.0,1725,2047,RTK FIXED
28.160,082442.20,10.48527200,76.44417500,10.48527200,76.44417500,658050.483,1159428.865,108.40,658050.479,1159428.864,82.5,3,658050.292,1159429.873,10.48527800,76.44417450,0.354,0.101,8.4,10.0,0.0,14.4,1725,2047,RTK FIXED
28.208,082442.20,10.48527200,76.44417500,10.48527200,76.44417500,658050.483,1159428.865,108.40,658050.481,1159428.864,82.5,3,658050.292,1159429.873,10.48527800,76.44417450,0.354,0.101,8.4,10.0,-0.5,15.3,1725,2047,RTK FIXED
28.261,082442.40,10.48527300,76.44417500,10.48527240,76.44417500,658050.291,1159428.955,108.40,658050.405,1159428.901,82.5,3,658050.292,1159429.873,10.48527800,76.44417450,0.358,0.108,8.3,10.0,0.0,16.5,1706,2047,RTK FIXED
28.306,082442.40,10.48527300,76.44417500,10.48527264,76.44417500,658050.291,1159428.955,108.40,658050.359,1159428.922,82.5,3,658050.292,1159429.873,10.48527800,76.44417450,0.358,0.108,8.3,10.0,0.6,16.6,1706,2047,RTK FIXED
28.360,082442.40,10.48527300,76.44417500,10.48527278,76.44417500,658050.291,1159428.955,108.40,658050.332,1159428.935,82.5,3,658050.292,1159429.873,10.48527800,76.44417450,0.358,0.108,8.3,10.0,-0.5,17.6,1706,2047,RTK FIXED
28.415,082442.40,10.48527300,76.44417500,10.48527287,76.44417500,658050.291,1159428.955,108.40,658050.315,1159428.943,82.5,3,658050.292,1159429.873,10.48527800,76.44417450,0.358,0.108,8.3,10.0,0.5,17.4,1706,2047,RTK FIXED
28.461,082442.60,10.48527300,76.44417500,10.48527292,76.44417500,658050.291,1159428.955,108.40,658050.306,1159428.948,101.4,3,658050.292,1159429.873,10.48527800,76.44417450,0.352,0.061,9.0,10.0,0.0,17.7,1843,2047,RTK FIXED
28.515,082442.60,10.48527300,76.44417500,10.48527295,76.44417500,658050.291,1159428.955,108.40,658050.300,1159428.951,101.4,3,658050.292,1159429.873,10.48527800,76.44417450,0.352,0.061,9.0,10.0,0.0,17.3,1843,2047,RTK FIXED
28.561,082442.60,10.48527300,76.44417500,10.48527297,76.44417500,658050.291,1159428.955,108.40,658050.296,1159428.952,101.4,3,658050.292,1159429.873,10.48527800,76.44417450,0.352,0.061,9.0,10.0,-0.5,17.3,1843,2047,RTK FIXED
28.614,082442.60,10.48527300,76.44417500,10.48527298,76.44417500,658050.291,1159428.955,108.40,658050.294,1159428.953,101.4,3,658050.292,1159429.873,10.48527800,76.44417450,0.352,0.061,9.0,10.0,0.0,17.4,1843,2047,RTK FIXED
28.661,082442.80,10.48527300,76.44417500,10.48527299,76.44417500,658050.413,1159428.956,108.40,658050.342,1159428.954,101.4,3,658050.292,1159429.873,10.48527800,76.44417450,0.356,0.062,9.0,10.0,0.0,17.5,1844,2047,RTK FIXED
28.719,082442.80,10.48527300,76.44417500,10.48527299,76.44417500,658050.413,1159428.956,108.40,658050.370,1159428.955,101.4,3,658050.292,1159429.873,10.48527800,76.44417450,0.356,0.062,9.0,10.0,0.0,17.5,1844,2047,RTK FIXED
28.761,082442.80,10.48527300,76.44417500,10.48527300,76.44417500,658050.413,1159428.956,108.40,658050.387,1159428.955,101.4,3,658050.292,1159429.873,10.48527800,76.44417450,0.356,0.062,9.0,10.0,0.6,17.6,1844,2047,RTK FIXED
28.816,082442.80,10.48527300,76.44417500,10.48527300,76.44417500,658050.413,1159428.956,108.40,658050.397,1159428.956,101.4,3,658050.292,1159429.873,10.48527800,76.44417450,0.356,0.062,9.0,10.0,-0.5,17.7,1844,2047,RTK FIXED
28.862,082443.00,10.48527400,76.44417500,10.48527340,76.44417500,658050.412,1159429.066,108.40,658050.403,1159429.000,88.1,3,658050.292,1159429.873,10.48527800,76.44417450,0.362,0.099,8.5,10.0,0.5,17.5,1737,2047,RTK FIXED
28.915,082443.00,10.48527400,76.44417500,10.48527364,76.44417500,658050.412,1159429.066,108.40,658050.407,1159429.027,88.1,3,658050.292,1159429.873,10.48527800,76.44417450,0.362,0.099,8.5,10.0,-0.5,17.3,1737,2047,RTK FIXED
28.970,082443.20,10.48527400,76.44417500,10.48527378,76.44417500,658050.327,1159429.062,108.40,658050.375,1159429.041,88.1,3,658050.292,1159429.873,10.48527800,76.44417450,0.362,0.101,8.5,10.0,0.0,18.0,1731,2047,RTK FIXED
29.015,082443.20,10.48527400,76.44417500,10.48527387,76.44417500,658050.327,1159429.062,108.40,658050.355,1159429.049,88.1,3,658050.292,1159429.873,10.48527800,76.44417450,0.362,0.101,8.5,10.0,0.0,17.0,1731,2047,RTK FIXED
29.069,082443.20,10.48527400,76.44417500,10.48527392,76.44417500,658050.327,1159429.062,108.40,658050.344,1159429.054,88.1,3,658050.292,1159429.873,10.48527800,76.44417450,0.362,0.101,8.5,10.0,0.0,17.5,1731,2047,RTK FIXED
29.115,082443.20,10.48527400,76.44417500,10.48527395,76.44417500,658050.327,1159429.062,108.40,658050.337,1159429.057,88.1,3,658050.292,1159429.873,10.48527800,76.44417450,0.362,0.101,8.5,10.0,0.0,17.7,1731,2047,RTK FIXED
29.170,082443.40,10.48527400,76.44417500,10.48527397,76.44417500,658050.327,1159429.062,108.40,658050.333,1159429.059,88.1,3,658050.292,1159429.873,10.48527800,76.44417450,0.362,0.105,8.4,10.0,0.0,17.7,1720,2047,RTK FIXED
29.215,082443.40,10.48527400,76.44417500,10.48527398,76.44417500,658050.327,1159429.062,108.40,658050.330,1159429.060,88.1,3,658050.292,1159429.873,10.48527800,76.44417450,0.362,0.105,8.4,10.0,0.5,17.0,1720,2047,RTK FIXED
29.269,082443.40,10.48527400,76.44417500,10.48527399,76.44417500,658050.327,1159429.062,108.40,658050.329,1159429.061,88.1,3,658050.292,1159429.873,10.48527800,76.44417450,0.362,0.105,8.4,10.0,0.0,17.6,1720,2047,RTK FIXED
29.315,082443.40,10.48527400,76.44417500,10.48527399,76.44417500,658050.327,1159429.062,108.40,658050.328,1159429.061,88.1,3,658050.292,1159429.873,10.48527800,76.44417450,0.362,0.105,8.4,10.0,0.0,17.3,1720,2047,RTK FIXED
29.369,082443.40,10.48527400,76.44417500,10.48527400,76.44417500,658050.327,1159429.062,108.40,658050.327,1159429.061,88.1,3,658050.292,1159429.873,10.48527800,76.44417450,0.362,0.105,8.4,10.0,0.0,17.2,1720,2047,RTK FIXED
29.415,082443.40,10.48527400,76.44417500,10.48527400,76.44417500,658050.327,1159429.062,108.40,658050.327,1159429.061,88.1,3,658050.292,1159429.873,10.48527800,76.44417450,0.362,0.105,8.4,10.0,-0.5,17.5,1720,2047,RTK FIXED
29.470,082443.60,10.48527500,76.44417400,10.48527440,76.44417460,658050.217,1159429.172,108.40,658050.283,1159429.106,101.2,3,658050.292,1159429.873,10.48527800,76.44417450,0.358,0.074,8.8,10.0,0.5,17.8,1808,2047,RTK FIXED
29.515,082443.60,10.48527500,76.44417400,10.48527464,76.44417436,658050.217,1159429.172,108.40,658050.256,1159429.132,101.2,3,658050.292,1159429.873,10.48527800,76.44417450,0.358,0.074,8.8,10.0,-0.5,16.5,1808,2047,RTK FIXED
29.570,082443.60,10.48527500,76.44417400,10.48527478,76.44417422,658050.217,1159429.172,108.40,658050.240,1159429.148,101.2,3,658050.292,1159429.873,10.48527800,76.44417450,0.358,0.074,8.8,10.0,0.5,17.5,1808,2047,RTK FIXED
29.623,082443.60,10.48527500,76.44417400,10.48527487,76.44417413,658050.217,1159429.172,108.40,658050.231,1159429.157,101.2,3,658050.292,1159429.873,10.48527800,76.44417450,0.358,0.074,8.8,10.0,-0.5,17.8,1808,2047,RTK FIXED
29.670,082443.80,10.48527500,76.44417400,10.48527492,76.44417408,658050.301,1159429.176,108.40,658050.259,1159429.165,101.2,3,658050.292,1159429.873,10.48527800,76.44417450,0.360,0.075,8.8,10.0,0.5,17.4,1806,2047,RTK FIXED
29.724,082443.80,10.48527500,76.44417400,10.48527495,76.44417405,658050.301,1159429.176,108.40,658050.276,1159429.170,101.2,3,658050.292,1159429.873,10.48527800,76.44417450,0.360,0.075,8.8,10.0,0.0,17.8,1806,2047,RTK FIXED
29.770,082443.80,10.48527500,76.44417400,10.48527497,76.44417403,658050.301,1159429.176,108.40,658050.286,1159429.172,101.2,3,658050.292,1159429.873,10.48527800,76.44417450,0.360,0.075,8.8,10.0,0.0,17.9,1806,2047,RTK FIXED
29.823,082443.80,10.48527500,76.44417400,10.48527498,76.44417402,658050.301,1159429.176,108.40,658050.292,1159429.174,101.2,3,658050.292,1159429.873,10.48527800,76.44417450,0.360,0.075,8.8,10.0,0.0,17.3,1806,2047,RTK FIXED
29.870,082444.00,10.48527500,76.44417400,10.48527499,76.44417401,658050.301,1159429.176,108.40,658050.296,1159429.175,101.2,3,658050.292,1159429.873,10.48527800,76.44417450,0.361,0.076,8.8,10.0,0.0,17.9,1804,2047,RTK FIXED
29.924,082444.00,10.48527500,76.44417400,10.48527499,76.44417401,658050.301,1159429.176,108.40,658050.298,1159429.175,101.2,3,658050.292,1159429.873,10.48527800,76.44417450,0.361,0.076,8.8,10.0,0.0,18.2,1804,2047,RTK FIXED
29.971,082444.20,10.48527600,76.44417400,10.48527540,76.44417400,658050.300,1159429.287,108.40,658050.299,1159429.220,97.3,3,658050.292,1159429.873,10.48527800,76.44417450,0.366,0.087,8.7,10.0,0.0,17.7,1776,2047,RTK FIXED
30.024,082444.20,10.48527600,76.44417400,10.48527564,76.44417400,658050.300,1159429.287,108.40,658050.299,1159429.247,97.3,3,658050.292,1159429.873,10.48527800,76.44417450,0.366,0.087,8.7,10.0,0.0,16.4,1776,2047,RTK FIXED
30.070,082444.20,10.48527600,76.44417400,10.48527578,76.44417400,658050.300,1159429.287,108.40,658050.300,1159429.263,97.3,3,658050.292,1159429.873,10.48527800,76.44417450,0.366,0.087,8.7,10.0,-0.5,18.0,1776,2047,RTK FIXED
30.124,082444.20,10.48527600,76.44417400,10.48527587,76.44417400,658050.300,1159429.287,108.40,658050.300,1159429.273,97.3,3,658050.292,1159429.873,10.48527800,76.44417450,0.366,0.087,8.7,10.0,0.0,17.9,1776,2047,RTK FIXED
30.178,082444.40,10.48527600,76.44417400,10.48527592,76.44417400,658050.275,1159429.284,108.40,658050.290,1159429.277,97.3,3,658050.292,1159429.873,10.48527800,76.44417450,0.366,0.089,8.6,10.0,0.5,18.4,1769,2047,RTK FIXED
30.224,082444.40,10.48527600,76.44417400,10.48527595,76.44417400,658050.275,1159429.284,108.40,658050.284,1159429.280,97.3,3,658050.292,1159429.873,10.48527800,76.44417450,0.366,0.089,8.6,10.0,-0.5,17.6,1769,2047,RTK FIXED
30.278,082444.40,10.48527600,76.44417400,10.48527597,76.44417400,658050.275,1159429.284,108.40,658050.281,1159429.281,97.3,3,658050.292,1159429.873,10.48527800,76.44417450,0.366,0.089,8.6,10.0,0.0,18.6,1769,2047,RTK FIXED
30.323,082444.40,10.48527600,76.44417400,10.48527598,76.44417400,658050.275,1159429.284,108.40,658050.278,1159429.282,97.3,3,658050.292,1159429.873,10.48527800,76.44417450,0.366,0.089,8.6,10.0,0.0,18.1,1769,2047,RTK FIXED
30.378,082444.40,10.48527600,76.44417400,10.48527599,76.44417400,658050.275,1159429.284,108.40,658050.277,1159429.283,97.3,3,658050.292,1159429.873,10.48527800,76.44417450,0.366,0.089,8.6,10.0,0.5,18.3,1769,2047,RTK FIXED
30.427,082444.40,10.48527600,76.44417400,10.48527599,76.44417400,658050.275,1159429.284,108.40,658050.276,1159429.283,97.3,3,658050.292,1159429.873,10.48527800,76.44417450,0.366,0.089,8.6,10.0,0.0,19.0,1769,2047,RTK FIXED
30.479,082444.60,10.48527600,76.44417300,10.48527600,76.44417360,658050.166,1159429.283,108.40,658050.232,1159429.283,97.3,3,658050.292,1159429.873,10.48527800,76.44417450,0.365,0.092,8.6,10.0,0.0,17.5,1760,2047,RTK FIXED
30.524,082444.60,10.48527600,76.44417300,10.48527600,76.44417336,658050.166,1159429.283,108.40,658050.205,1159429.283,97.3,3,658050.292,1159429.873,10.48527800,76.44417450,0.365,0.092,8.6,10.0,-0.5,18.7,1760,2047,RTK FIXED
30.579,082444.60,10.48527600,76.44417300,10.48527600,76.44417322,658050.166,1159429.283,108.40,658050.190,1159429.283,97.3,3,658050.292,1159429.873,10.48527800,76.44417450,0.365,0.092,8.6,10.0,0.5,18.4,1760,2047,RTK FIXED
30.624,082444.60,10.48527600,76.44417300,10.48527600,76.44417313,658050.166,1159429.283,108.40,658050.180,1159429.283,97.3,3,658050.292,1159429.873,10.48527800,76.44417450,0.365,0.092,8.6,10.0,-0.5,18.1,1760,2047,RTK FIXED
30.679,082444.80,10.48527600,76.44417300,10.48527600,76.44417308,658050.166,1159429.283,108.40,658050.174,1159429.283,111.4,3,658050.292,1159429.873,10.48527800,76.44417450,0.331,0.048,9.2,10.0,0.0,18.7,1877,2047,RTK FIXED
30.735,082444.80,10.48527600,76.44417300,10.48527600,76.44417305,658050.166,1159429.283,108.40,658050.171,1159429.283,111.4,3,658050.292,1159429.873,10.48527800,76.44417450,0.331,0.048,9.2,10.0,0.4,18.5,1877,2047,RTK FIXED
30.779,082444.80,10.48527600,76.44417300,10.48527600,76.44417303,658050.166,1159429.283,108.40,658050.169,1159429.283,111.4,3,658050.292,1159429.873,10.48527800,76.44417450,0.331,0.048,9.2,10.0,0.0,18.4,1877,2047,RTK FIXED
30.832,082444.80,10.48527600,76.44417300,10.48527600,76.44417302,658050.166,1159429.283,108.40,658050.168,1159429.283,111.4,3,658050.292,1159429.873,10.48527800,76.44417450,0.331,0.048,9.2,10.0,-0.5,18.3,1877,2047,RTK FIXED
30.879,082445.00,10.48527600,76.44417300,10.48527600,76.44417301,658050.255,1159429.303,108.40,658050.202,1159429.291,111.4,3,658050.292,1159429.873,10.48527800,76.44417450,0.336,0.047,9.2,10.0,0.5,18.1,1881,2047,RTK FIXED
30.933,082445.00,10.48527600,76.44417300,10.48527600,76.44417301,658050.255,1159429.303,108.40,658050.223,1159429.296,111.4,3,658050.292,1159429.873,10.48527800,76.44417450,0.336,0.047,9.2,10.0,-0.5,18.5,1881,2047,RTK FIXED
30.979,082445.20,10.48527700,76.44417300,10.48527640,76.44417300,658050.254,1159429.414,108.40,658050.236,1159429.343,111.4,3,658050.292,1159429.873,10.48527800,76.44417450,0.344,0.049,9.2,10.0,0.0,18.0,1880,2047,RTK FIXED
31.032,082445.20,10.48527700,76.44417300,10.48527664,76.44417300,658050.254,1159429.414,108.40,658050.243,1159429.371,111.4,3,658050.292,1159429.873,10.48527800,76.44417450,0.344,0.049,9.2,10.0,0.5,18.7,1880,2047,RTK FIXED
31.078,082445.20,10.48527700,76.44417300,10.48527678,76.44417300,658050.254,1159429.414,108.40,658050.247,1159429.388,111.4,3,658050.292,1159429.873,10.48527800,76.44417450,0.344,0.049,9.2,10.0,-0.5,18.6,1880,2047,RTK FIXED
31.133,082445.40,10.48527700,76.44417200,10.48527687,76.44417260,658050.145,1159429.413,108.40,658050.206,1159429.398,106.6,3,658050.292,1159429.873,10.48527800,76.44417450,0.354,0.063,9.0,10.0,0.5,18.6,1839,2047,RTK FIXED
31.179,082445.40,10.48527700,76.44417200,10.48527692,76.44417236,658050.145,1159429.413,108.40,658050.182,1159429.404,106.6,3,658050.292,1159429.873,10.48527800,76.44417450,0.354,0.063,9.0,10.0,-0.6,18.2,1839,2047,RTK FIXED
31.233,082445.40,10.48527700,76.44417200,10.48527695,76.44417222,658050.145,1159429.413,108.40,658050.167,1159429.408,106.6,3,658050.292,1159429.873,10.48527800,76.44417450,0.354,0.063,9.0,10.0,0.5,18.9,1839,2047,RTK FIXED
31.287,082445.40,10.48527700,76.44417200,10.48527697,76.44417213,658050.145,1159429.413,108.40,658050.158,1159429.410,106.6,3,658050.292,1159429.873,10.48527800,76.44417450,0.354,0.063,9.0,10.0,-0.5,19.0,1839,2047,RTK FIXED
31.332,082445.40,10.48527700,76.44417200,10.48527698,76.44417208,658050.145,1159429.413,108.40,658050.153,1159429.411,106.6,3,658050.292,1159429.873,10.48527800,76.44417450,0.354,0.063,9.0,10.0,0.0,18.7,1839,2047,RTK FIXED
31.387,082445.40,10.48527700,76.44417200,10.48527699,76.44417205,658050.145,1159429.413,108.40,658050.149,1159429.412,106.6,3,658050.292,1159429.873,10.48527800,76.44417450,0.354,0.063,9.0,10.0,0.5,18.3,1839,2047,RTK FIXED
31.435,082445.60,10.48527700,76.44417200,10.48527699,76.44417203,658050.115,1159429.404,108.40,658050.136,1159429.409,106.6,3,658050.292,1159429.873,10.48527800,76.44417450,0.351,0.062,9.0,10.0,-0.5,18.3,1841,2047,RTK FIXED
31.487,082445.60,10.48527700,76.44417200,10.48527700,76.44417202,658050.115,1159429.404,108.40,658050.127,1159429.407,106.6,3,658050.292,1159429.873,10.48527800,76.44417450,0.351,0.062,9.0,10.0,0.5,17.2,1841,2047,RTK FIXED
31.532,082445.60,10.48527700,76.44417200,10.48527700,76.44417201,658050.115,1159429.404,108.40,658050.122,1159429.406,106.6,3,658050.292,1159429.873,10.48527800,76.44417450,0.351,0.062,9.0,10.0,0.0,17.6,1841,2047,RTK FIXED
31.587,082445.60,10.48527700,76.44417200,10.48527700,76.44417201,658050.115,1159429.404,108.40,658050.119,1159429.405,106.6,3,658050.292,1159429.873,10.48527800,76.44417450,0.351,0.062,9.0,10.0,0.0,17.4,1841,2047,RTK FIXED
31.634,082445.80,10.48527800,76.44417200,10.48527740,76.44417200,658050.114,1159429.515,108.40,658050.117,1159429.449,113.3,3,658050.292,1159429.873,10.48527800,76.44417450,0.331,0.038,9.3,10.0,-0.5,18.3,1911,2047,RTK FIXED
31.687,082445.80,10.48527800,76.44417200,10.48527764,76.44417200,658050.114,1159429.515,108.40,658050.116,1159429.475,113.3,3,658050.292,1159429.873,10.48527800,76.44417450,0.331,0.038,9.3,10.0,0.5,17.3,1911,2047,RTK FIXED
31.741,082445.80,10.48527800,76.44417200,10.48527778,76.44417200,658050.114,1159429.515,108.40,658050.116,1159429.491,113.3,3,658050.292,1159429.873,10.48527800,76.44417450,0.331,0.038,9.3,10.0,0.0,17.7,1911,2047,RTK FIXED
31.787,082445.80,10.48527800,76.44417200,10.48527787,76.44417200,658050.114,1159429.515,108.40,658050.115,1159429.500,113.3,3,658050.292,1159429.873,10.48527800,76.44417450,0.331,0.038,9.3,10.0,-0.5,17.8,1911,2047,RTK FIXED
31.841,082446.00,10.48527800,76.44417200,10.48527792,76.44417200,658050.155,1159429.528,108.40,658050.131,1159429.511,113.3,3,658050.292,1159429.873,10.48527800,76.44417450,0.313,0.034,9.4,10.0,0.0,17.5,1918,2047,RTK FIXED
31.888,082446.00,10.48527800,76.44417200,10.48527795,76.44417200,658050.155,1159429.528,108.40,658050.141,1159429.518,113.3,3,658050.292,1159429.873,10.48527800,76.44417450,0.313,0.034,9.4,10.0,0.0,17.3,1918,2047,RTK FIXED
31.942,082446.20,10.48527800,76.44417200,10.48527797,76.44417200,658050.155,1159429.528,108.40,658050.147,1159429.522,113.3,3,658050.292,1159429.873,10.48527800,76.44417450,0.299,0.032,9.4,10.0,0.5,17.7,1921,2047,RTK FIXED
31.988,082446.20,10.48527800,76.44417200,10.48527798,76.44417200,658050.155,1159429.528,108.40,658050.150,1159429.525,113.3,3,658050.292,1159429.873,10.48527800,76.44417450,0.299,0.032,9.4,10.0,0.0,17.3,1921,2047,RTK FIXED
32.041,082446.20,10.48527800,76.44417200,10.48527799,76.44417200,658050.155,1159429.528,108.40,658050.152,1159429.526,113.3,3,658050.292,1159429.873,10.48527800,76.44417450,0.299,0.032,9.4,10.0,0.0,17.8,1921,2047,RTK FIXED
32.088,082446.20,10.48527800,76.44417200,10.48527799,76.44417200,658050.155,1159429.528,108.40,658050.153,1159429.527,113.3,3,658050.292,1159429.873,10.48527800,76.44417450,0.299,0.032,9.4,10.0,-0.5,17.1,1921,2047,RTK FIXED
32.142,082446.40,10.48527800,76.44417100,10.48527800,76.44417160,658050.046,1159429.528,108.40,658050.110,1159429.527,114.2,3,658050.292,1159429.873,10.48527800,76.44417450,0.294,0.024,9.5,10.0,0.0,17.7,1948,2047,RTK FIXED
32.187,082446.40,10.48527800,76.44417100,10.48527800,76.44417136,658050.046,1159429.528,108.40,658050.084,1159429.527,114.2,3,658050.292,1159429.873,10.48527800,76.44417450,0.294,0.024,9.5,10.0,0.0,15.2,1948,2047,RTK FIXED
32.241,082446.40,10.48527800,76.44417100,10.48527800,76.44417122,658050.046,1159429.528,108.40,658050.069,1159429.527,114.2,3,658050.292,1159429.873,10.48527800,76.44417450,0.294,0.024,9.5,10.0,0.5,17.3,1948,2047,RTK FIXED
32.295,082446.40,10.48527800,76.44417100,10.48527800,76.44417113,658050.046,1159429.528,108.40,658050.060,1159429.528,114.2,3,658050.292,1159429.873,10.48527800,76.44417450,0.294,0.024,9.5,10.0,-0.5,17.5,1948,2047,RTK FIXED
32.341,082446.40,10.48527800,76.44417100,10.48527800,76.44417108,658050.046,1159429.528,108.40,658050.054,1159429.528,114.2,3,658050.292,1159429.873,10.48527800,76.44417450,0.294,0.024,9.5,10.0,0.0,17.3,1948,2047,RTK FIXED
32.395,082446.40,10.48527800,76.44417100,10.48527800,76.44417105,658050.046,1159429.528,108.40,658050.051,1159429.528,114.2,3,658050.292,1159429.873,10.48527800,76.44417450,0.294,0.024,9.5,10.0,0.0,17.2,1948,2047,RTK FIXED
32.444,082446.60,10.48527900,76.44417100,10.48527840,76.44417103,658050.051,1159429.641,108.40,658050.051,1159429.573,114.2,4,658049.759,1159430.793,10.48528633,76.44416967,0.344,0.042,9.3,10.0,0.5,17.2,1902,2047,RTK FIXED
32.496,082446.60,10.48527900,76.44417100,10.48527864,76.44417102,658050.051,1159429.641,108.40,658050.051,1159429.600,114.2,4,658049.759,1159430.793,10.48528633,76.44416967,0.344,0.042,9.3,10.0,0.0,17.1,1902,2047,RTK FIXED
32.542,082446.60,10.48527900,76.44417100,10.48527878,76.44417101,658050.051,1159429.641,108.40,658050.051,1159429.616,114.2,4,658049.759,1159430.793,10.48528633,76.44416967,0.344,0.042,9.3,10.0,0.0,17.4,1902,2047,RTK FIXED
32.596,082446.60,10.48527900,76.44417100,10.48527887,76.44417101,658050.051,1159429.641,108.40,658050.051,1159429.626,114.2,4,658049.759,1159430.793,10.48528633,76.44416967,0.344,0.042,9.3,10.0,-0.5,17.2,1902,2047,RTK FIXED
32.642,082446.80,10.48527900,76.44417100,10.48527892,76.44417100,658050.051,1159429.641,108.40,658050.051,1159429.632,114.1,4,658049.759,1159430.793,10.48528633,76.44416967,0.343,0.039,9.3,10.0,0.0,17.6,1912,2047,RTK FIXED
32.695,082446.80,10.48527900,76.44417100,10.48527895,76.44417100,658050.051,1159429.641,108.40,658050.051,1159429.635,114.1,4,658049.759,1159430.793,10.48528633,76.44416967,0.343,0.039,9.3,10.0,0.5,17.1,1912,2047,RTK FIXED
32.742,082446.80,10.48527900,76.44417100,10.48527897,76.44417100,658050.051,1159429.641,108.40,658050.051,1159429.637,114.1,4,658049.759,1159430.793,10.48528633,76.44416967,0.343,0.039,9.3,10.0,0.0,17.5,1912,2047,RTK FIXED
32.796,082446.80,10.48527900,76.44417100,10.48527898,76.44417100,658050.051,1159429.641,108.40,658050.051,1159429.639,114.1,4,658049.759,1159430.793,10.48528633,76.44416967,0.343,0.039,9.3,10.0,-0.5,17.2,1912,2047,RTK FIXED
32.850,082447.00,10.48527900,76.44417100,10.48527899,76.44417100,658050.050,1159429.640,108.40,658050.051,1159429.639,114.1,4,658049.759,1159430.793,10.48528633,76.44416967,0.342,0.036,9.4,10.0,0.5,17.5,1921,2047,RTK FIXED
32.896,082447.00,10.48527900,76.44417100,10.48527899,76.44417100,658050.050,1159429.640,108.40,658050.050,1159429.640,114.1,4,658049.759,1159430.793,10.48528633,76.44416967,0.342,0.036,9.4,10.0,0.0,17.5,1921,2047,RTK FIXED
32.950,082447.20,10.48528000,76.44417100,10.48527940,76.44417100,658050.050,1159429.751,108.40,658050.050,1159429.684,114.1,4,658049.759,1159430.793,10.48528633,76.44416967,0.343,0.032,9.5,10.0,0.0,17.4,1935,2047,RTK FIXED
32.996,082447.20,10.48528000,76.44417100,10.48527964,76.44417100,658050.050,1159429.751,108.40,658050.050,1159429.711,114.1,4,658049.759,1159430.793,10.48528633,76.44416967,0.343,0.032,9.5,10.0,-0.5,18.1,1935,2047,RTK FIXED
33.049,082447.20,10.48528000,76.44417100,10.48527978,76.44417100,658050.050,1159429.751,108.40,658050.050,1159429.727,114.1,4,658049.759,1159430.793,10.48528633,76.44416967,0.343,0.032,9.5,10.0,0.5,17.8,1935,2047,RTK FIXED
33.095,082447.20,10.48528000,76.44417100,10.48527987,76.44417100,658050.050,1159429.751,108.40,658050.050,1159429.736,114.1,4,658049.759,1159430.793,10.48528633,76.44416967,0.343,0.032,9.5,10.0,0.0,17.9,1935,2047,RTK FIXED
33.151,082447.40,10.48528000,76.44417000,10.48527992,76.44417060,658049.940,1159429.750,108.40,658050.006,1159429.742,115.7,4,658049.759,1159430.793,10.48528633,76.44416967,0.327,0.018,9.7,10.0,0.0,17.7,1980,2047,RTK FIXED
33.182,082447.40,10.48528000,76.44417000,10.48527995,76.44417036,658049.940,1159429.750,108.40,658049.980,1159429.745,115.7,4,658049.759,1159430.793,10.48528633,76.44416967,0.327,0.018,0.0,0.0,0.0,18.3,0,0,RTK FIXED
33.229,082447.40,10.48528000,76.44417000,10.48527997,76.44417022,658049.940,1159429.750,108.40,658049.964,1159429.747,115.7,4,658049.759,1159430.793,10.48528633,76.44416967,0.327,0.018,0.0,0.0,-0.5,16.9,0,0,RTK FIXED
33.275,082447.40,10.48528000,76.44417000,10.48527998,76.44417013,658049.940,1159429.750,108.40,658049.954,1159429.749,115.7,4,658049.759,1159430.793,10.48528633,76.44416967,0.327,0.018,0.0,0.0,0.0,16.2,0,0,RTK FIXED
33.329,082447.40,10.48528000,76.44417000,10.48527999,76.44417008,658049.940,1159429.750,108.40,658049.949,1159429.749,115.7,4,658049.759,1159430.793,10.48528633,76.44416967,0.327,0.018,0.0,0.0,0.0,14.9,0,0,RTK FIXED
33.375,082447.40,10.48528000,76.44417000,10.48527999,76.44417005,658049.940,1159429.750,108.40,658049.945,1159429.750,115.7,4,658049.759,1159430.793,10.48528633,76.44416967,0.327,0.018,0.0,0.0,0.5,15.7,0,0,RTK FIXED
33.430,082447.60,10.48528000,76.44417000,10.48528000,76.44417003,658049.950,1159429.755,108.40,658049.947,1159429.752,115.7,4,658049.759,1159430.793,10.48528633,76.44416967,0.323,0.013,0.0,0.0,0.0,12.9,0,0,RTK FIXED
33.483,082447.60,10.48528000,76.44417000,10.48528000,76.44417002,658049.950,1159429.755,108.40,658049.948,1159429.753,115.7,4,658049.759,1159430.793,10.48528633,76.44416967,0.323,0.013,0.0,0.0,-0.5,10.8,0,0,RTK FIXED
33.529,082447.60,10.48528000,76.44417000,10.48528000,76.44417001,658049.950,1159429.755,108.40,658049.949,1159429.753,115.7,4,658049.759,1159430.793,10.48528633,76.44416967,0.323,0.013,0.0,0.0,0.0,9.2,0,0,RTK FIXED
33.583,082447.60,10.48528000,76.44417000,10.48528000,76.44417001,658049.950,1159429.755,108.40,658049.949,1159429.754,115.7,4,658049.759,1159430.793,10.48528633,76.44416967,0.323,0.013,0.0,0.0,0.5,7.9,0,0,RTK FIXED
33.630,082447.80,10.48528000,76.44417000,10.48528000,76.44417000,658049.950,1159429.755,108.40,658049.950,1159429.754,115.7,4,658049.759,1159430.793,10.48528633,76.44416967,0.321,0.010,0.0,0.0,-0.5,7.0,0,0,RTK FIXED
33.683,082447.80,10.48528000,76.44417000,10.48528000,76.44417000,658049.950,1159429.755,108.40,658049.950,1159429.754,115.7,4,658049.759,1159430.793,10.48528633,76.44416967,0.321,0.010,0.0,0.0,0.0,7.0,0,0,RTK FIXED
33.730,082447.80,10.48528000,76.44417000,10.48528000,76.44417000,658049.950,1159429.755,108.40,658049.950,1159429.754,115.7,4,658049.759,1159430.793,10.48528633,76.44416967,0.321,0.010,0.0,0.0,0.0,5.4,0,0,RTK FIXED
33.783,082447.80,10.48528000,76.44417000,10.48528000,76.44417000,658049.950,1159429.755,108.40,658049.950,1159429.754,115.7,4,658049.759,1159430.793,10.48528633,76.44416967,0.321,0.010,0.0,0.0,0.0,4.6,0,0,RTK FIXED
33.830,082448.00,10.48528100,76.44417000,10.48528040,76.44417000,658049.949,1159429.865,108.40,658049.950,1159429.799,116.7,4,658049.759,1159430.793,10.48528633,76.44416967,0.322,0.005,0.0,0.0,0.0,3.8,0,0,RTK FIXED
33.884,082448.00,10.48528100,76.44417000,10.48528064,76.44417000,658049.949,1159429.865,108.40,658049.950,1159429.825,116.7,4,658049.759,1159430.793,10.48528633,76.44416967,0.322,0.005,0.0,0.0,0.0,2.8,0,0,RTK FIXED
33.930,082448.20,10.48528100,76.44417000,10.48528078,76.44417000,658049.955,1159429.868,108.40,658049.952,1159429.842,116.7,4,658049.759,1159430.793,10.48528633,76.44416967,0.326,0.005,0.0,0.0,0.5,1.6,0,0,RTK FIXED
33.984,082448.20,10.48528100,76.44417000,10.48528087,76.44417000,658049.955,1159429.868,108.40,658049.953,1159429.852,116.7,4,658049.759,1159430.793,10.48528633,76.44416967,0.326,0.005,0.0,0.0,-0.5,0.0,0,0,RTK FIXED
34.038,082448.20,10.48528100,76.44417000,10.48528092,76.44417000,658049.955,1159429.868,108.40,658049.954,1159429.859,116.7,4,658049.759,1159430.793,10.48528633,76.44416967,0.326,0.005,0.0,0.0,0.0,0.0,0,0,RTK FIXED
34.084,082448.20,10.48528100,76.44417000,10.48528095,76.44417000,658049.955,1159429.868,108.40,658049.954,1159429.862,116.7,4,658049.759,1159430.793,10.48528633,76.44416967,0.326,0.005,0.0,0.0,0.0,0.0,0,0,RTK FIXED
34.138,082448.40,10.48528100,76.44417000,10.48528097,76.44417000,658049.955,1159429.868,108.40,658049.955,1159429.864,116.7,4,658049.759,1159430.793,10.48528633,76.44416967,0.328,0.003,0.0,0.0,0.0,0.0,0,0,RTK FIXED
34.184,082448.40,10.48528100,76.44417000,10.48528098,76.44417000,658049.955,1159429.868,108.40,658049.955,1159429.866,116.7,4,658049.759,1159430.793,10.48528633,76.44416967,0.328,0.003,0.0,0.0,0.0,0.0,0,0,RTK FIXED
34.238,082448.40,10.48528100,76.44417000,10.48528099,76.44417000,658049.955,1159429.868,108.40,658049.955,1159429.867,116.7,4,658049.759,1159430.793,10.48528633,76.44416967,0.328,0.003,0.0,0.0,0.0,0.0,0,0,RTK FIXED
34.284,082448.40,10.48528100,76.44417000,10.48528099,76.44417000,658049.955,1159429.868,108.40,658049.955,1159429.867,116.7,4,658049.759,1159430.793,10.48528633,76.44416967,0.328,0.003,0.0,0.0,0.0,0.0,0,0,RTK FIXED
34.338,082448.40,10.48528100,76.44417000,10.48528100,76.44417000,658049.955,1159429.868,108.40,658049.955,1159429.867,116.7,4,658049.759,1159430.793,10.48528633,76.44416967,0.328,0.003,0.0,0.0,0.0,0.0,0,0,RTK FIXED
34.384,082448.40,10.48528100,76.44417000,10.48528100,76.44417000,658049.955,1159429.868,108.40,658049.955,1159429.867,116.7,4,658049.759,1159430.793,10.48528633,76.44416967,0.328,0.003,0.0,0.0,0.0,0.0,0,0,RTK FIXED
34.439,082448.60,10.48528100,76.44417000,10.48528100,76.44417000,658049.955,1159429.868,108.40,658049.955,1159429.868,116.7,4,658049.759,1159430.793,10.48528633,76.44416967,0.329,-0.001,0.0,0.0,0.0,0.0,0,0,RTK FIXED
34.484,082448.60,10.48528100,76.44417000,10.48528100,76.44417000,658049.955,1159429.868,108.40,658049.955,1159429.868,116.7,4,658049.759,1159430.793,10.48528633,76.44416967,0.329,-0.001,0.0,0.0,0.0,0.0,0,0,RTK FIXED
34.538,082448.60,10.48528100,76.44417000,10.48528100,76.44417000,658049.955,1159429.868,108.40,658049.955,1159429.868,116.7,4,658049.759,1159430.793,10.48528633,76.44416967,0.329,-0.001,0.0,0.0,0.0,0.0,0,0,RTK FIXED
34.592,082448.60,10.48528100,76.44417000,10.48528100,76.44417000,658049.955,1159429.868,108.40,658049.955,1159429.868,116.7,4,658049.759,1159430.793,10.48528633,76.44416967,0.329,-0.001,0.0,0.0,0.0,0.0,0,0,RTK FIXED
34.639,082448.80,10.48528100,76.44417000,10.48528100,76.44417000,658049.955,1159429.868,108.40,658049.955,1159429.868,116.7,4,658049.759,1159430.793,10.48528633,76.44416967,0.330,-0.003,0.0,0.0,0.0,0.0,0,0,RTK FIXED
34.692,082448.80,10.48528100,76.44417000,10.48528100,76.44417000,658049.955,1159429.868,108.40,658049.955,1159429.868,116.7,4,658049.759,1159430.793,10.48528633,76.44416967,0.330,-0.003,0.0,0.0,0.0,0.0,0,0,RTK FIXED
34.743,082448.80,10.48528100,76.44417000,10.48528100,76.44417000,658049.955,1159429.868,108.40,658049.955,1159429.868,116.7,4,658049.759,1159430.793,10.48528633,76.44416967,0.330,-0.003,0.0,0.0,0.0,0.0,0,0,RTK FIXED
34.793,082448.80,10.48528100,76.44417000,10.48528100,76.44417000,658049.955,1159429.868,108.40,658049.955,1159429.868,116.7,4,658049.759,1159430.793,10.48528633,76.44416967,0.330,-0.003,0.0,0.0,0.0,0.0,0,0,RTK FIXED
34.839,082449.00,10.48528100,76.44417000,10.48528100,76.44417000,658049.955,1159429.868,108.40,658049.955,1159429.868,116.7,4,658049.759,1159430.793,10.48528633,76.44416967,0.330,-0.005,0.0,0.0,0.0,0.0,0,0,RTK FIXED
34.892,082449.00,10.48528100,76.44417000,10.48528100,76.44417000,658049.955,1159429.868,108.40,658049.955,1159429.868,116.7,4,658049.759,1159430.793,10.48528633,76.44416967,0.330,-0.005,0.0,0.0,0.0,0.0,0,0,RTK FIXED
34.939,082449.20,10.48528100,76.44417000,10.48528100,76.44417000,658049.955,1159429.868,108.40,658049.955,1159429.868,116.7,4,658049.759,1159430.793,10.48528633,76.44416967,0.331,-0.006,0.0,0.0,0.0,0.0,0,0,RTK FIXED
34.992,082449.20,10.48528100,76.44417000,10.48528100,76.44417000,658049.955,1159429.868,108.40,658049.955,1159429.868,116.7,4,658049.759,1159430.793,10.48528633,76.44416967,0.331,-0.006,0.0,0.0,0.0,0.0,0,0,RTK FIXED
35.039,082449.20,10.48528100,76.44417000,10.48528100,76.44417000,658049.955,1159429.868,108.40,658049.955,1159429.868,116.7,4,658049.759,1159430.793,10.48528633,76.44416967,0.331,-0.006,0.0,0.0,0.0,0.0,0,0,RTK FIXED
35.092,082449.20,10.48528100,76.44417000,10.48528100,76.44417000,658049.955,1159429.868,108.40,658049.955,1159429.868,116.7,4,658049.759,1159430.793,10.48528633,76.44416967,0.331,-0.006,0.0,0.0,0.0,0.0,0,0,RTK FIXED
35.139,082449.40,10.48528100,76.44417000,10.48528100,76.44417000,658049.955,1159429.868,108.40,658049.955,1159429.868,116.7,4,658049.759,1159430.793,10.48528633,76.44416967,0.331,-0.009,0.0,0.0,0.0,0.0,0,0,RTK FIXED
35.193,082449.40,10.48528100,76.44417000,10.48528100,76.44417000,658049.955,1159429.868,108.40,658049.955,1159429.868,116.7,4,658049.759,1159430.793,10.48528633,76.44416967,0.331,-0.009,0.0,0.0,0.0,0.0,0,0,RTK FIXED
35.247,082449.40,10.48528100,76.44417000,10.48528100,76.44417000,658049.955,1159429.868,108.40,658049.955,1159429.868,116.7,4,658049.759,1159430.793,10.48528633,76.44416967,0.331,-0.009,0.0,0.0,0.0,0.0,0,0,RTK FIXED
35.293,082449.40,10.48528100,76.44417000,10.48528100,76.44417000,658049.955,1159429.868,108.40,658049.955,1159429.868,116.7,4,658049.759,1159430.793,10.48528633,76.44416967,0.331,-0.009,0.0,0.0,0.0,0.0,0,0,RTK FIXED
35.347,082449.40,10.48528100,76.44417000,10.48528100,76.44417000,658049.955,1159429.868,108.40,658049.955,1159429.868,116.7,4,658049.759,1159430.793,10.48528633,76.44416967,0.331,-0.009,0.0,0.0,0.0,0.0,0,0,RTK FIXED
35.393,082449.40,10.48528100,76.44417000,10.48528100,76.44417000,658049.955,1159429.868,108.40,658049.955,1159429.868,116.7,4,658049.759,1159430.793,10.48528633,76.44416967,0.331,-0.009,0.0,0.0,0.0,0.0,0,0,RTK FIXED
35.447,082449.60,10.48528100,76.44417000,10.48528100,76.44417000,658049.955,1159429.868,108.40,658049.955,1159429.868,116.7,4,658049.759,1159430.793,10.48528633,76.44416967,0.331,-0.012,0.0,0.0,0.0,0.0,0,0,RTK FIXED
35.493,082449.60,10.48528100,76.44417000,10.48528100,76.44417000,658049.955,1159429.868,108.40,658049.955,1159429.868,116.7,4,658049.759,1159430.793,10.48528633,76.44416967,0.331,-0.012,0.0,0.0,0.0,0.0,0,0,RTK FIXED
35.547,082449.60,10.48528100,76.44417000,10.48528100,76.44417000,658049.955,1159429.868,108.40,658049.955,1159429.868,116.7,4,658049.759,1159430.793,10.48528633,76.44416967,0.331,-0.012,0.0,0.0,0.0,0.0,0,0,RTK FIXED
35.593,082449.60,10.48528100,76.44417000,10.48528100,76.44417000,658049.955,1159429.868,108.40,658049.955,1159429.868,116.7,4,658049.759,1159430.793,10.48528633,76.44416967,0.331,-0.012,0.0,0.0,0.0,0.0,0,0,RTK FIXED
35.647,082449.80,10.48528100,76.44417000,10.48528100,76.44417000,658049.955,1159429.868,108.40,658049.955,1159429.868,110.3,4,658049.759,1159430.793,10.48528633,76.44416967,0.351,0.007,0.0,0.0,0.0,0.0,0,0,RTK FIXED
35.693,082449.80,10.48528100,76.44417000,10.48528100,76.44417000,658049.955,1159429.868,108.40,658049.955,1159429.868,110.3,4,658049.759,1159430.793,10.48528633,76.44416967,0.351,0.007,0.0,0.0,0.0,0.0,0,0,RTK FIXED
35.748,082449.80,10.48528100,76.44417000,10.48528100,76.44417000,658049.955,1159429.868,108.40,658049.955,1159429.868,110.3,4,658049.759,1159430.793,10.48528633,76.44416967,0.351,0.007,0.0,0.0,0.0,0.0,0,0,RTK FIXED
35.801,082449.80,10.48528100,76.44417000,10.48528100,76.44417000,658049.955,1159429.868,108.40,658049.955,1159429.868,110.3,4,658049.759,1159430.793,10.48528633,76.44416967,0.351,0.007,0.0,0.0,0.0,0.0,0,0,RTK FIXED
35.847,082450.00,10.48528100,76.44417000,10.48528100,76.44417000,658049.917,1159429.852,108.40,658049.940,1159429.862,110.3,4,658049.759,1159430.793,10.48528633,76.44416967,0.348,0.006,0.0,0.0,0.0,0.0,0,0,RTK FIXED
35.901,082450.00,10.48528100,76.44417000,10.48528100,76.44417000,658049.917,1159429.852,108.40,658049.931,1159429.858,110.3,4,658049.759,1159430.793,10.48528633,76.44416967,0.348,0.006,0.0,0.0,0.0,0.0,0,0,RTK FIXED
35.948,082450.20,10.48528100,76.44417000,10.48528100,76.44417000,658049.917,1159429.852,108.40,658049.925,1159429.856,110.3,4,658049.759,1159430.793,10.48528633,76.44416967,0.346,0.005,0.0,0.0,0.0,0.0,0,0,RTK FIXED
36.001,082450.20,10.48528100,76.44417000,10.48528100,76.44417000,658049.917,1159429.852,108.40,658049.922,1159429.854,110.3,4,658049.759,1159430.793,10.48528633,76.44416967,0.346,0.005,0.0,0.0,0.0,0.0,0,0,RTK FIXED
36.047,082450.20,10.48528100,76.44417000,10.48528100,76.44417000,658049.917,1159429.852,108.40,658049.920,1159429.854,110.3,4,658049.759,1159430.793,10.48528633,76.44416967,0.346,0.005,0.0,0.0,0.0,0.0,0,0,RTK FIXED
36.101,082450.20,10.48528100,76.44417000,10.48528100,76.44417000,658049.917,1159429.852,108.40,658049.919,1159429.853,110.3,4,658049.759,1159430.793,10.48528633,76.44416967,0.346,0.005,0.0,0.0,0.0,0.0,0,0,RTK FIXED
36.148,082450.40,10.48528100,76.44417000,10.48528100,76.44417000,658049.917,1159429.852,108.40,658049.918,1159429.853,110.3,4,658049.759,1159430.793,10.48528633,76.44416967,0.345,0.003,0.0,0.0,0.0,0.0,0,0,RTK FIXED
36.201,082450.40,10.48528100,76.44417000,10.48528100,76.44417000,658049.917,1159429.852,108.40,658049.918,1159429.853,110.3,4,658049.759,1159430.793,10.48528633,76.44416967,0.345,0.003,0.0,0.0,0.0,0.0,0,0,RTK FIXED
36.247,082450.40,10.48528100,76.44417000,10.48528100,76.44417000,658049.917,1159429.852,108.40,658049.917,1159429.853,110.3,4,658049.759,1159430.793,10.48528633,76.44416967,0.345,0.003,0.0,0.0,0.0,0.0,0,0,RTK FIXED
36.301,082450.40,10.48528100,76.44417000,10.48528100,76.44417000,658049.917,1159429.852,108.40,658049.917,1159429.852,110.3,4,658049.759,1159430.793,10.48528633,76.44416967,0.345,0.003,0.0,0.0,0.0,0.0,0,0,RTK FIXED
36.355,082450.40,10.48528100,76.44417000,10.48528100,76.44417000,658049.917,1159429.852,108.40,658049.917,1159429.852,110.3,4,658049.759,1159430.793,10.48528633,76.44416967,0.345,0.003,0.0,0.0,0.0,0.0,0,0,RTK FIXED
36.401,082450.40,10.48528100,76.44417000,10.48528100,76.44417000,658049.917,1159429.852,108.40,658049.917,1159429.852,110.3,4,658049.759,1159430.793,10.48528633,76.44416967,0.345,0.003,0.0,0.0,0.0,0.0,0,0,RTK FIXED
36.455,082450.60,10.48528100,76.44417000,10.48528100,76.44417000,658049.917,1159429.852,108.40,658049.917,1159429.852,110.3,4,658049.759,1159430.793,10.48528633,76.44416967,0.345,0.002,0.0,0.0,0.0,0.0,0,0,RTK FIXED
36.501,082450.60,10.48528100,76.44417000,10.48528100,76.44417000,658049.917,1159429.852,108.40,658049.917,1159429.852,110.3,4,658049.759,1159430.793,10.48528633,76.44416967,0.345,0.002,0.0,0.0,0.0,0.0,0,0,RTK FIXED
36.555,082450.60,10.48528100,76.44417000,10.48528100,76.44417000,658049.917,1159429.852,108.40,658049.917,1159429.852,110.3,4,658049.759,1159430.793,10.48528633,76.44416967,0.345,0.002,0.0,0.0,0.0,0.0,0,0,RTK FIXED
36.601,082450.80,10.48528100,76.44417000,10.48528100,76.44417000,658049.917,1159429.852,108.40,658049.917,1159429.852,110.3,4,658049.759,1159430.793,10.48528633,76.44416967,0.344,0.001,0.0,0.0,0.0,0.0,0,0,RTK FIXED
37.724,082450.80,10.48528100,76.44417000,10.48528100,76.44417000,658049.917,1159429.852,108.40,658049.917,1159429.852,110.3,4,658049.759,1159430.793,10.48528633,76.44416967,0.344,0.001,0.0,0.0,0.0,0.0,0,0,RTK FIXED
37.733,082451.80,10.48528100,76.44417000,10.48528100,76.44417000,658049.917,1159429.852,108.40,658049.917,1159429.852,110.3,4,658049.759,1159430.793,10.48528633,76.44416967,0.344,-0.006,0.0,0.0,0.0,0.0,0,0,RTK FIXED
37.786,082451.80,10.48528100,76.44417000,10.48528100,76.44417000,658049.917,1159429.852,108.40,658049.917,1159429.852,110.3,4,658049.759,1159430.793,10.48528633,76.44416967,0.344,-0.006,0.0,0.0,0.0,0.0,0,0,RTK FIXED
37.841,082452.00,10.48528100,76.44417000,10.48528100,76.44417000,658049.917,1159429.852,108.40,658049.917,1159429.852,110.3,4,658049.759,1159430.793,10.48528633,76.44416967,0.344,-0.007,0.0,0.0,0.0,0.0,0,0,RTK FIXED
37.887,082452.00,10.48528100,76.44417000,10.48528100,76.44417000,658049.917,1159429.852,108.40,658049.917,1159429.852,110.3,4,658049.759,1159430.793,10.48528633,76.44416967,0.344,-0.007,0.0,0.0,0.0,0.0,0,0,RTK FIXED
37.941,082452.20,10.48528100,76.44417000,10.48528100,76.44417000,658049.917,1159429.852,108.40,658049.917,1159429.852,110.3,4,658049.759,1159430.793,10.48528633,76.44416967,0.344,-0.007,0.0,0.0,0.0,0.0,0,0,RTK FIXED
37.987,082452.20,10.48528100,76.44417000,10.48528100,76.44417000,658049.917,1159429.852,108.40,658049.917,1159429.852,110.3,4,658049.759,1159430.793,10.48528633,76.44416967,0.344,-0.007,0.0,0.0,0.0,0.0,0,0,RTK FIXED
38.040,082452.20,10.48528100,76.44417000,10.48528100,76.44417000,658049.917,1159429.852,108.40,658049.917,1159429.852,110.3,4,658049.759,1159430.793,10.48528633,76.44416967,0.344,-0.007,0.0,0.0,0.0,0.0,0,0,RTK FIXED
38.087,082452.20,10.48528100,76.44417000,10.48528100,76.44417000,658049.917,1159429.852,108.40,658049.917,1159429.852,110.3,4,658049.759,1159430.793,10.48528633,76.44416967,0.344,-0.007,0.0,0.0,0.0,0.0,0,0,RTK FIXED
38.141,082452.40,10.48528100,76.44417000,10.48528100,76.44417000,658049.917,1159429.852,108.40,658049.917,1159429.852,110.3,4,658049.759,1159430.793,10.48528633,76.44416967,0.344,-0.008,0.0,0.0,0.0,0.0,0,0,RTK FIXED
38.187,082452.40,10.48528100,76.44417000,10.48528100,76.44417000,658049.917,1159429.852,108.40,658049.917,1159429.852,110.3,4,658049.759,1159430.793,10.48528633,76.44416967,0.344,-0.008,0.0,0.0,0.0,0.0,0,0,RTK FIXED
38.241,082452.40,10.48528100,76.44417000,10.48528100,76.44417000,658049.917,1159429.852,108.40,658049.917,1159429.852,110.3,4,658049.759,1159430.793,10.48528633,76.44416967,0.344,-0.008,0.0,0.0,0.0,0.0,0,0,RTK FIXED
38.287,082452.40,10.48528100,76.44417000,10.48528100,76.44417000,658049.917,1159429.852,108.40,658049.917,1159429.852,110.3,4,658049.759,1159430.793,10.48528633,76.44416967,0.344,-0.008,0.0,0.0,0.0,0.0,0,0,RTK FIXED
38.341,082452.40,10.48528100,76.44417000,10.48528100,76.44417000,658049.917,1159429.852,108.40,658049.917,1159429.852,110.3,4,658049.759,1159430.793,10.48528633,76.44416967,0.344,-0.008,0.0,0.0,0.0,0.0,0,0,RTK FIXED
38.395,082452.40,10.48528100,76.44417000,10.48528100,76.44417000,658049.917,1159429.852,108.40,658049.917,1159429.852,110.3,4,658049.759,1159430.793,10.48528633,76.44416967,0.344,-0.008,0.0,0.0,0.0,0.0,0,0,RTK FIXED
38.441,082452.60,10.48528100,76.44417000,10.48528100,76.44417000,658049.917,1159429.852,108.40,658049.917,1159429.852,110.3,4,658049.759,1159430.793,10.48528633,76.44416967,0.344,-0.010,0.0,0.0,0.0,0.0,0,0,RTK FIXED
38.495,082452.60,10.48528100,76.44417000,10.48528100,76.44417000,658049.917,1159429.852,108.40,658049.917,1159429.852,110.3,4,658049.759,1159430.793,10.48528633,76.44416967,0.344,-0.010,0.0,0.0,0.0,0.0,0,0,RTK FIXED
38.541,082452.60,10.48528100,76.44417000,10.48528100,76.44417000,658049.917,1159429.852,108.40,658049.917,1159429.852,110.3,4,658049.759,1159430.793,10.48528633,76.44416967,0.344,-0.010,0.0,0.0,0.0,0.0,0,0,RTK FIXED
38.595,082452.60,10.48528100,76.44417000,10.48528100,76.44417000,658049.917,1159429.852,108.40,658049.917,1159429.852,110.3,4,658049.759,1159430.793,10.48528633,76.44416967,0.344,-0.010,0.0,0.0,0.0,0.0,0,0,RTK FIXED
38.641,082452.80,10.48528100,76.44417000,10.48528100,76.44417000,658049.917,1159429.852,108.40,658049.917,1159429.852,110.3,4,658049.759,1159430.793,10.48528633,76.44416967,0.344,-0.011,0.0,0.0,0.0,0.0,0,0,RTK FIXED
38.695,082452.80,10.48528100,76.44417000,10.48528100,76.44417000,658049.917,1159429.852,108.40,658049.917,1159429.852,110.3,4,658049.759,1159430.793,10.48528633,76.44416967,0.344,-0.011,0.0,0.0,0.0,0.0,0,0,RTK FIXED
38.741,082452.80,10.48528100,76.44417000,10.48528100,76.44417000,658049.917,1159429.852,108.40,658049.917,1159429.852,110.3,4,658049.759,1159430.793,10.48528633,76.44416967,0.344,-0.011,0.0,0.0,0.0,0.0,0,0,RTK FIXED
38.795,082452.80,10.48528100,76.44417000,10.48528100,76.44417000,658049.917,1159429.852,108.40,658049.917,1159429.852,110.3,4,658049.759,1159430.793,10.48528633,76.44416967,0.344,-0.011,0.0,0.0,0.0,0.0,0,0,RTK FIXED
38.842,082453.00,10.48528100,76.44417000,10.48528100,76.44417000,658049.917,1159429.852,108.40,658049.917,1159429.852,110.3,4,658049.759,1159430.793,10.48528633,76.44416967,0.344,-0.012,0.0,0.0,0.0,0.0,0,0,RTK FIXED
38.895,082453.00,10.48528100,76.44417000,10.48528100,76.44417000,658049.917,1159429.852,108.40,658049.917,1159429.852,110.3,4,658049.759,1159430.793,10.48528633,76.44416967,0.344,-0.012,0.0,0.0,0.0,0.0,0,0,RTK FIXED
38.949,082453.20,10.48528100,76.44417000,10.48528100,76.44417000,658049.917,1159429.852,108.40,658049.917,1159429.852,110.3,4,658049.759,1159430.793,10.48528633,76.44416967,0.344,-0.013,0.0,0.0,0.0,0.0,0,0,RTK FIXED
38.995,082453.20,10.48528100,76.44417000,10.48528100,76.44417000,658049.917,1159429.852,108.40,658049.917,1159429.852,110.3,4,658049.759,1159430.793,10.48528633,76.44416967,0.344,-0.013,0.0,0.0,0.0,0.0,0,0,RTK FIXED
39.049,082453.20,10.48528100,76.44417000,10.48528100,76.44417000,658049.917,1159429.852,108.40,658049.917,1159429.852,110.3,4,658049.759,1159430.793,10.48528633,76.44416967,0.344,-0.013,0.0,0.0,0.0,0.0,0,0,RTK FIXED
39.095,082453.20,10.48528100,76.44417000,10.48528100,76.44417000,658049.917,1159429.852,108.40,658049.917,1159429.852,110.3,4,658049.759,1159430.793,10.48528633,76.44416967,0.344,-0.013,0.0,0.0,0.0,0.0,0,0,RTK FIXED
39.150,082453.40,10.48528100,76.44417000,10.48528100,76.44417000,658049.917,1159429.852,108.40,658049.917,1159429.852,110.3,4,658049.759,1159430.793,10.48528633,76.44416967,0.344,-0.014,0.0,0.0,0.0,0.0,0,0,RTK FIXED
39.195,082453.40,10.48528100,76.44417000,10.48528100,76.44417000,658049.917,1159429.852,108.40,658049.917,1159429.852,110.3,4,658049.759,1159430.793,10.48528633,76.44416967,0.344,-0.014,0.0,0.0,0.0,0.0,0,0,RTK FIXED
39.249,082453.40,10.48528100,76.44417000,10.48528100,76.44417000,658049.917,1159429.852,108.40,658049.917,1159429.852,110.3,4,658049.759,1159430.793,10.48528633,76.44416967,0.344,-0.014,0.0,0.0,0.0,0.0,0,0,RTK FIXED
39.295,082453.40,10.48528100,76.44417000,10.48528100,76.44417000,658049.917,1159429.852,108.40,658049.917,1159429.852,110.3,4,658049.759,1159430.793,10.48528633,76.44416967,0.344,-0.014,0.0,0.0,0.0,0.0,0,0,RTK FIXED
39.349,082453.40,10.48528100,76.44417000,10.48528100,76.44417000,658049.917,1159429.852,108.40,658049.917,1159429.852,110.3,4,658049.759,1159430.793,10.48528633,76.44416967,0.344,-0.014,0.0,0.0,0.0,0.0,0,0,RTK FIXED
39.395,082453.40,10.48528100,76.44417000,10.48528100,76.44417000,658049.917,1159429.852,108.40,658049.917,1159429.852,110.3,4,658049.759,1159430.793,10.48528633,76.44416967,0.344,-0.014,0.0,0.0,0.0,0.0,0,0,RTK FIXED
39.450,082453.60,10.48528100,76.44417000,10.48528100,76.44417000,658049.917,1159429.852,108.40,658049.917,1159429.852,110.3,4,658049.759,1159430.793,10.48528633,76.44416967,0.344,-0.016,0.0,0.0,0.0,0.0,0,0,RTK FIXED
39.503,082453.60,10.48528100,76.44417000,10.48528100,76.44417000,658049.917,1159429.852,108.40,658049.917,1159429.852,110.3,4,658049.759,1159430.793,10.48528633,76.44416967,0.344,-0.016,0.0,0.0,0.0,0.0,0,0,RTK FIXED
39.550,082453.60,10.48528100,76.44417000,10.48528100,76.44417000,658049.917,1159429.852,108.40,658049.917,1159429.852,110.3,4,658049.759,1159430.793,10.48528633,76.44416967,0.344,-0.016,0.0,0.0,0.0,0.0,0,0,RTK FIXED
39.603,082453.60,10.48528100,76.44417000,10.48528100,76.44417000,658049.917,1159429.852,108.40,658049.917,1159429.852,110.3,4,658049.759,1159430.793,10.48528633,76.44416967,0.344,-0.016,0.0,0.0,0.0,0.0,0,0,RTK FIXED
39.650,082453.80,10.48528100,76.44417000,10.48528100,76.44417000,658049.917,1159429.852,108.40,658049.917,1159429.852,110.3,4,658049.759,1159430.793,10.48528633,76.44416967,0.344,-0.017,0.0,0.0,0.0,0.0,0,0,RTK FIXED
39.704,082453.80,10.48528100,76.44417000,10.48528100,76.44417000,658049.917,1159429.852,108.40,658049.917,1159429.852,110.3,4,658049.759,1159430.793,10.48528633,76.44416967,0.344,-0.017,0.0,0.0,0.0,0.0,0,0,RTK FIXED
39.750,082453.80,10.48528100,76.44417000,10.48528100,76.44417000,658049.917,1159429.852,108.40,658049.917,1159429.852,110.3,4,658049.759,1159430.793,10.48528633,76.44416967,0.344,-0.017,0.0,0.0,0.0,0.0,0,0,RTK FIXED
39.804,082454.00,10.48528100,76.44417000,10.48528100,76.44417000,658049.917,1159429.852,108.40,658049.917,1159429.852,110.3,4,658049.759,1159430.793,10.48528633,76.44416967,0.344,-0.018,0.0,0.0,0.0,0.0,0,0,RTK FIXED
39.850,082454.00,10.48528100,76.44417000,10.48528100,76.44417000,658049.917,1159429.852,108.40,658049.917,1159429.852,110.3,4,658049.759,1159430.793,10.48528633,76.44416967,0.344,-0.018,0.0,0.0,0.0,0.0,0,0,RTK FIXED
39.904,082454.00,10.48528100,76.44417000,10.48528100,76.44417000,658049.917,1159429.852,108.40,658049.917,1159429.852,110.3,4,658049.759,1159430.793,10.48528633,76.44416967,0.344,-0.018,0.0,0.0,0.0,0.0,0,0,RTK FIXED
39.951,082454.20,10.48528100,76.44417000,10.48528100,76.44417000,658049.917,1159429.852,108.40,658049.917,1159429.852,110.3,4,658049.759,1159430.793,10.48528633,76.44416967,0.344,-0.019,0.0,0.0,0.0,0.0,0,0,RTK FIXED
40.004,082454.20,10.48528100,76.44417000,10.48528100,76.44417000,658049.917,1159429.852,108.40,658049.917,1159429.852,110.3,4,658049.759,1159430.793,10.48528633,76.44416967,0.344,-0.019,0.0,0.0,0.0,0.0,0,0,RTK FIXED
40.058,082454.20,10.48528100,76.44417000,10.48528100,76.44417000,658049.917,1159429.852,108.40,658049.917,1159429.852,110.3,4,658049.759,1159430.793,10.48528633,76.44416967,0.344,-0.019,0.0,0.0,0.0,0.0,0,0,RTK FIXED
40.104,082454.20,10.48528100,76.44417000,10.48528100,76.44417000,658049.917,1159429.852,108.40,658049.917,1159429.852,110.3,4,658049.759,1159430.793,10.48528633,76.44416967,0.344,-0.019,0.0,0.0,0.0,0.0,0,0,RTK FIXED
40.158,082454.20,10.48528100,76.44417000,10.48528100,76.44417000,658049.917,1159429.852,108.40,658049.917,1159429.852,110.3,4,658049.759,1159430.793,10.48528633,76.44416967,0.344,-0.019,0.0,0.0,0.0,0.0,0,0,RTK FIXED
40.204,082454.40,10.48528100,76.44417000,10.48528100,76.44417000,658049.917,1159429.852,108.40,658049.917,1159429.852,110.3,4,658049.759,1159430.793,10.48528633,76.44416967,0.344,-0.020,0.0,0.0,0.0,0.0,0,0,RTK FIXED
40.258,082454.40,10.48528100,76.44417000,10.48528100,76.44417000,658049.917,1159429.852,108.40,658049.917,1159429.852,110.3,4,658049.759,1159430.793,10.48528633,76.44416967,0.344,-0.020,0.0,0.0,0.0,0.0,0,0,RTK FIXED
40.304,082454.40,10.48528100,76.44417000,10.48528100,76.44417000,658049.917,1159429.852,108.40,658049.917,1159429.852,110.3,4,658049.759,1159430.793,10.48528633,76.44416967,0.344,-0.020,0.0,0.0,0.0,0.0,0,0,RTK FIXED
40.358,082454.40,10.48528100,76.44417000,10.48528100,76.44417000,658049.917,1159429.852,108.40,658049.917,1159429.852,110.3,4,658049.759,1159430.793,10.48528633,76.44416967,0.344,-0.020,0.0,0.0,0.0,0.0,0,0,RTK FIXED
40.412,082454.60,10.48528100,76.44417000,10.48528100,76.44417000,658049.917,1159429.852,108.40,658049.917,1159429.852,110.3,4,658049.759,1159430.793,10.48528633,76.44416967,0.344,-0.022,0.0,0.0,0.0,0.0,0,0,RTK FIXED
40.458,082454.60,10.48528100,76.44417000,10.48528100,76.44417000,658049.917,1159429.852,108.40,658049.917,1159429.852,110.3,4,658049.759,1159430.793,10.48528633,76.44416967,0.344,-0.022,0.0,0.0,0.0,0.0,0,0,RTK FIXED
40.512,082454.60,10.48528100,76.44417000,10.48528100,76.44417000,658049.917,1159429.852,108.40,658049.917,1159429.852,110.3,4,658049.759,1159430.793,10.48528633,76.44416967,0.344,-0.022,0.0,0.0,0.0,0.0,0,0,RTK FIXED
40.558,082454.60,10.48528100,76.44417000,10.48528100,76.44417000,658049.917,1159429.852,108.40,658049.917,1159429.852,110.3,4,658049.759,1159430.793,10.48528633,76.44416967,0.344,-0.022,0.0,0.0,0.0,0.0,0,0,RTK FIXED
40.613,082454.80,10.48528100,76.44417000,10.48528100,76.44417000,658049.917,1159429.852,108.40,658049.917,1159429.852,110.3,4,658049.759,1159430.793,10.48528633,76.44416967,0.344,-0.023,0.0,0.0,0.0,0.0,0,0,RTK FIXED
40.659,082454.80,10.48528100,76.44417000,10.48528100,76.44417000,658049.917,1159429.852,108.40,658049.917,1159429.852,110.3,4,658049.759,1159430.793,10.48528633,76.44416967,0.344,-0.023,0.0,0.0,0.0,0.0,0,0,RTK FIXED
40.712,082454.80,10.48528100,76.44417000,10.48528100,76.44417000,658049.917,1159429.852,108.40,658049.917,1159429.852,110.3,4,658049.759,1159430.793,10.48528633,76.44416967,0.344,-0.023,0.0,0.0,0.0,0.0,0,0,RTK FIXED
40.759,082454.80,10.48528100,76.44417000,10.48528100,76.44417000,658049.917,1159429.852,108.40,658049.917,1159429.852,110.3,4,658049.759,1159430.793,10.48528633,76.44416967,0.344,-0.023,0.0,0.0,0.0,0.0,0,0,RTK FIXED
40.813,082455.00,10.48528100,76.44417000,10.48528100,76.44417000,658049.917,1159429.852,108.40,658049.917,1159429.852,110.3,4,658049.759,1159430.793,10.48528633,76.44416967,0.344,-0.024,0.0,0.0,0.0,0.0,0,0,RTK FIXED
40.859,082455.00,10.48528100,76.44417000,10.48528100,76.44417000,658049.917,1159429.852,108.40,658049.917,1159429.852,110.3,4,658049.759,1159430.793,10.48528633,76.44416967,0.344,-0.024,0.0,0.0,0.0,0.0,0,0,RTK FIXED
40.913,082455.20,10.48528100,76.44417000,10.48528100,76.44417000,658049.917,1159429.852,108.40,658049.917,1159429.852,110.3,4,658049.759,1159430.793,10.48528633,76.44416967,0.344,-0.025,0.0,0.0,0.0,0.0,0,0,RTK FIXED
40.967,082455.20,10.48528100,76.44417000,10.48528100,76.44417000,658049.917,1159429.852,108.40,658049.917,1159429.852,110.3,4,658049.759,1159430.793,10.48528633,76.44416967,0.344,-0.025,0.0,0.0,0.0,0.0,0,0,RTK FIXED
41.012,082455.20,10.48528100,76.44417000,10.48528100,76.44417000,658049.917,1159429.852,108.40,658049.917,1159429.852,110.3,4,658049.759,1159430.793,10.48528633,76.44416967,0.344,-0.025,0.0,0.0,0.0,0.0,0,0,RTK FIXED
41.067,082455.20,10.48528100,76.44417000,10.48528100,76.44417000,658049.917,1159429.852,108.40,658049.917,1159429.852,110.3,4,658049.759,1159430.793,10.48528633,76.44416967,0.344,-0.025,0.0,0.0,0.0,0.0,0,0,RTK FIXED
41.113,082455.20,10.48528100,76.44417000,10.48528100,76.44417000,658049.917,1159429.852,108.40,658049.917,1159429.852,110.3,4,658049.759,1159430.793,10.48528633,76.44416967,0.344,-0.025,0.0,0.0,0.0,0.0,0,0,RTK FIXED
41.167,082455.20,10.48528100,76.44417000,10.48528100,76.44417000,658049.917,1159429.852,108.40,658049.917,1159429.852,110.3,4,658049.759,1159430.793,10.48528633,76.44416967,0.344,-0.025,0.0,0.0,0.0,0.0,0,0,RTK FIXED
41.213,082455.40,10.48528100,76.44417000,10.48528100,76.44417000,658049.917,1159429.852,108.40,658049.917,1159429.852,110.3,4,658049.759,1159430.793,10.48528633,76.44416967,0.344,-0.026,0.0,0.0,0.0,0.0,0,0,RTK FIXED
41.267,082455.40,10.48528100,76.44417000,10.48528100,76.44417000,658049.917,1159429.852,108.40,658049.917,1159429.852,110.3,4,658049.759,1159430.793,10.48528633,76.44416967,0.344,-0.026,0.0,0.0,0.0,0.0,0,0,RTK FIXED
41.313,082455.40,10.48528100,76.44417000,10.48528100,76.44417000,658049.917,1159429.852,108.40,658049.917,1159429.852,110.3,4,658049.759,1159430.793,10.48528633,76.44416967,0.344,-0.026,0.0,0.0,0.0,0.0,0,0,RTK FIXED
41.367,082455.40,10.48528100,76.44417000,10.48528100,76.44417000,658049.917,1159429.852,108.40,658049.917,1159429.852,110.3,4,658049.759,1159430.793,10.48528633,76.44416967,0.344,-0.026,0.0,0.0,0.0,0.0,0,0,RTK FIXED
41.413,082455.60,10.48528100,76.44417000,10.48528100,76.44417000,658049.917,1159429.852,108.40,658049.917,1159429.852,110.3,4,658049.759,1159430.793,10.48528633,76.44416967,0.344,-0.027,0.0,0.0,0.0,0.0,0,0,RTK FIXED
41.467,082455.60,10.48528100,76.44417000,10.48528100,76.44417000,658049.917,1159429.852,108.40,658049.917,1159429.852,110.3,4,658049.759,1159430.793,10.48528633,76.44416967,0.344,-0.027,0.0,0.0,0.0,0.0,0,0,RTK FIXED
41.513,082455.60,10.48528100,76.44417000,10.48528100,76.44417000,658049.917,1159429.852,108.40,658049.917,1159429.852,110.3,4,658049.759,1159430.793,10.48528633,76.44416967,0.344,-0.027,0.0,0.0,0.0,0.0,0,0,RTK FIXED
41.567,082455.60,10.48528100,76.44417000,10.48528100,76.44417000,658049.917,1159429.852,108.40,658049.917,1159429.852,110.3,4,658049.759,1159430.793,10.48528633,76.44416967,0.344,-0.027,0.0,0.0,0.0,0.0,0,0,RTK FIXED
41.621,082455.80,10.48528100,76.44417000,10.48528100,76.44417000,658049.917,1159429.852,108.40,658049.917,1159429.852,110.3,4,658049.759,1159430.793,10.48528633,76.44416967,0.344,-0.029,0.0,0.0,0.0,0.0,0,0,RTK FIXED
41.667,082455.80,10.48528100,76.44417000,10.48528100,76.44417000,658049.917,1159429.852,108.40,658049.917,1159429.852,110.3,4,658049.759,1159430.793,10.48528633,76.44416967,0.344,-0.029,0.0,0.0,0.0,0.0,0,0,RTK FIXED
41.721,082455.80,10.48528100,76.44417000,10.48528100,76.44417000,658049.917,1159429.852,108.40,658049.917,1159429.852,110.3,4,658049.759,1159430.793,10.48528633,76.44416967,0.344,-0.029,0.0,0.0,0.0,0.0,0,0,RTK FIXED
41.767,082455.80,10.48528100,76.44417000,10.48528100,76.44417000,658049.917,1159429.852,108.40,658049.917,1159429.852,110.3,4,658049.759,1159430.793,10.48528633,76.44416967,0.344,-0.029,0.0,0.0,0.0,0.0,0,0,RTK FIXED
41.823,082455.80,10.48528100,76.44417000,10.48528100,76.44417000,658049.917,1159429.852,108.40,658049.917,1159429.852,110.3,4,658049.759,1159430.793,10.48528633,76.44416967,0.344,-0.029,0.0,0.0,0.0,0.0,0,0,RTK FIXED
41.868,082456.00,10.48528100,76.44417000,10.48528100,76.44417000,658049.917,1159429.852,108.40,658049.917,1159429.852,110.3,4,658049.759,1159430.793,10.48528633,76.44416967,0.344,-0.030,0.0,0.0,0.0,0.0,0,0,RTK FIXED
