Time_Sec,UTC,Latitude,Longitude,Smoothed_Latitude,Smoothed_Longitude,UTM_X,UTM_Y,UTM_Z,Smoothed_UTM_X,Smoothed_UTM_Y,Yaw_Deg,Target_WP_Index,Target_WP_X,Target_WP_Y,Target_Latitude,Target_Longitude,Command_V,Command_W,Left_RPM,Right_RPM,Actual_Left_RPM,Actual_Right_RPM,Left_DAC,Right_DAC,RTK_Fix_Status
0.027,074929.00,10.48525200,76.44418700,10.48525200,76.44418700,658051.850,1159426.679,107.90,658051.850,1159426.679,109.9,1,658051.359,1159428.035,10.48526133,76.44418417,0.366,0.000,0.0,0.0,0.0,0.0,0,0,RTK FIXED
0.069,074929.00,10.48525200,76.44418700,10.48525200,76.44418700,658051.850,1159426.679,107.90,658051.850,1159426.679,109.9,1,658051.359,1159428.035,10.48526133,76.44418417,0.366,0.000,0.0,0.0,0.0,0.0,0,0,RTK FIXED
0.124,074929.20,10.48525200,76.44418700,10.48525200,76.44418700,658051.790,1159426.653,107.90,658051.826,1159426.668,109.9,1,658051.359,1159428.035,10.48526133,76.44418417,0.366,-0.016,0.0,0.0,0.0,0.0,0,0,RTK FIXED
0.169,074929.20,10.48525200,76.44418700,10.48525200,76.44418700,658051.790,1159426.653,107.90,658051.812,1159426.662,109.9,1,658051.359,1159428.035,10.48526133,76.44418417,0.366,-0.016,0.0,0.0,0.0,0.0,0,0,RTK FIXED
0.224,074929.40,10.48525200,76.44418700,10.48525200,76.44418700,658051.790,1159426.653,107.90,658051.803,1159426.658,109.9,1,658051.359,1159428.035,10.48526133,76.44418417,0.365,-0.026,0.0,0.0,0.0,0.0,0,0,RTK FIXED
0.269,074929.40,10.48525200,76.44418700,10.48525200,76.44418700,658051.790,1159426.653,107.90,658051.798,1159426.656,109.9,1,658051.359,1159428.035,10.48526133,76.44418417,0.365,-0.026,0.0,0.0,0.0,0.0,0,0,RTK FIXED
0.324,074929.40,10.48525200,76.44418700,10.48525200,76.44418700,658051.790,1159426.653,107.90,658051.795,1159426.655,109.9,1,658051.359,1159428.035,10.48526133,76.44418417,0.365,-0.026,0.0,0.0,0.0,0.0,0,0,RTK FIXED
0.377,074929.40,10.48525200,76.44418700,10.48525200,76.44418700,658051.790,1159426.653,107.90,658051.793,1159426.654,109.9,1,658051.359,1159428.035,10.48526133,76.44418417,0.365,-0.026,0.0,0.0,0.0,0.0,0,0,RTK FIXED
0.424,074929.60,10.48525200,76.44418700,10.48525200,76.44418700,658051.790,1159426.653,107.90,658051.792,1159426.653,109.9,1,658051.359,1159428.035,10.48526133,76.44418417,0.365,-0.032,0.0,0.0,0.0,0.0,0,0,RTK FIXED
0.477,074929.60,10.48525200,76.44418700,10.48525200,76.44418700,658051.790,1159426.653,107.90,658051.791,1159426.653,109.9,1,658051.359,1159428.035,10.48526133,76.44418417,0.365,-0.032,0.0,0.0,0.0,0.0,0,0,RTK FIXED
0.523,074929.60,10.48525200,76.44418700,10.48525200,76.44418700,658051.790,1159426.653,107.90,658051.791,1159426.653,109.9,1,658051.359,1159428.035,10.48526133,76.44418417,0.365,-0.032,0.0,0.0,0.0,0.0,0,0,RTK FIXED
0.577,074929.60,10.48525200,76.44418700,10.48525200,76.44418700,658051.790,1159426.653,107.90,658051.790,1159426.653,109.9,1,658051.359,1159428.035,10.48526133,76.44418417,0.365,-0.032,0.0,0.0,0.0,0.0,0,0,RTK FIXED
0.624,074929.60,10.48525200,76.44418700,10.48525200,76.44418700,658051.790,1159426.653,107.90,658051.790,1159426.653,109.9,1,658051.359,1159428.035,10.48526133,76.44418417,0.365,-0.032,0.0,0.0,0.0,0.0,0,0,RTK FIXED
0.677,074929.60,10.48525200,76.44418700,10.48525200,76.44418700,658051.790,1159426.653,107.90,658051.790,1159426.653,109.9,1,658051.359,1159428.035,10.48526133,76.44418417,0.365,-0.032,0.0,0.0,0.0,0.0,0,0,RTK FIXED
0.724,074929.80,10.48525200,76.44418700,10.48525200,76.44418700,658051.790,1159426.653,107.90,658051.790,1159426.653,109.9,1,658051.359,1159428.035,10.48526133,76.44418417,0.365,-0.035,0.0,0.0,0.0,0.0,0,0,RTK FIXED
0.777,074929.80,10.48525200,76.44418700,10.48525200,76.44418700,658051.790,1159426.653,107.90,658051.790,1159426.653,109.9,1,658051.359,1159428.035,10.48526133,76.44418417,0.365,-0.035,0.0,0.0,0.0,0.0,0,0,RTK FIXED
0.824,074929.80,10.48525200,76.44418700,10.48525200,76.44418700,658051.790,1159426.653,107.90,658051.790,1159426.653,109.9,1,658051.359,1159428.035,10.48526133,76.44418417,0.365,-0.035,0.0,0.0,0.0,0.0,0,0,RTK FIXED
0.877,074929.80,10.48525200,76.44418700,10.48525200,76.44418700,658051.790,1159426.653,107.90,658051.790,1159426.653,109.9,1,658051.359,1159428.035,10.48526133,76.44418417,0.365,-0.035,0.0,0.0,0.0,0.0,0,0,RTK FIXED
0.924,074930.00,10.48525200,76.44418700,10.48525200,76.44418700,658051.790,1159426.653,107.90,658051.790,1159426.653,109.9,1,658051.359,1159428.035,10.48526133,76.44418417,0.365,-0.038,0.0,0.0,0.0,0.0,0,0,RTK FIXED
0.977,074930.00,10.48525200,76.44418700,10.48525200,76.44418700,658051.790,1159426.653,107.90,658051.790,1159426.653,109.9,1,658051.359,1159428.035,10.48526133,76.44418417,0.365,-0.038,0.0,0.0,0.0,0.0,0,0,RTK FIXED
1.032,074930.00,10.48525200,76.44418700,10.48525200,76.44418700,658051.790,1159426.653,107.90,658051.790,1159426.653,109.9,1,658051.359,1159428.035,10.48526133,76.44418417,0.365,-0.038,0.0,0.0,0.0,0.0,0,0,RTK FIXED
1.704,074930.60,10.48525200,76.44418700,10.48525200,76.44418700,658051.790,1159426.653,107.90,658051.790,1159426.653,107.4,1,658051.359,1159428.035,10.48526133,76.44418417,0.366,0.000,0.0,0.0,0.0,0.2,0,0,RTK FIXED
1.740,074930.80,10.48525200,76.44418700,10.48525200,76.44418700,658051.775,1159426.648,107.90,658051.784,1159426.651,107.4,1,658051.359,1159428.035,10.48526133,76.44418417,0.366,-0.005,0.0,0.0,0.0,0.0,0,0,RTK FIXED
1.785,074930.80,10.48525200,76.44418700,10.48525200,76.44418700,658051.775,1159426.648,107.90,658051.780,1159426.650,107.4,1,658051.359,1159428.035,10.48526133,76.44418417,0.366,-0.005,0.0,0.0,0.0,0.0,0,0,RTK FIXED
1.839,074930.80,10.48525200,76.44418700,10.48525200,76.44418700,658051.775,1159426.648,107.90,658051.778,1159426.649,107.4,1,658051.359,1159428.035,10.48526133,76.44418417,0.366,-0.005,0.0,0.0,0.0,0.0,0,0,RTK FIXED
1.894,074930.80,10.48525200,76.44418700,10.48525200,76.44418700,658051.775,1159426.648,107.90,658051.777,1159426.649,107.4,1,658051.359,1159428.035,10.48526133,76.44418417,0.366,-0.005,0.0,0.0,0.0,0.0,0,0,RTK FIXED
1.940,074931.00,10.48525200,76.44418700,10.48525200,76.44418700,658051.775,1159426.648,107.90,658051.776,1159426.648,107.4,1,658051.359,1159428.035,10.48526133,76.44418417,0.366,-0.008,0.0,0.0,0.0,0.0,0,0,RTK FIXED
1.993,074931.00,10.48525200,76.44418700,10.48525200,76.44418700,658051.775,1159426.648,107.90,658051.775,1159426.648,107.4,1,658051.359,1159428.035,10.48526133,76.44418417,0.366,-0.008,0.0,0.0,0.0,0.0,0,0,RTK FIXED
2.039,074931.00,10.48525200,76.44418700,10.48525200,76.44418700,658051.775,1159426.648,107.90,658051.775,1159426.648,107.4,1,658051.359,1159428.035,10.48526133,76.44418417,0.366,-0.008,0.0,0.0,0.0,0.0,0,0,RTK FIXED
2.093,074931.00,10.48525200,76.44418700,10.48525200,76.44418700,658051.775,1159426.648,107.90,658051.775,1159426.648,107.4,1,658051.359,1159428.035,10.48526133,76.44418417,0.366,-0.008,0.0,0.0,0.0,0.0,0,0,RTK FIXED
2.140,074931.20,10.48525200,76.44418700,10.48525200,76.44418700,658051.775,1159426.648,107.90,658051.775,1159426.648,107.4,1,658051.359,1159428.035,10.48526133,76.44418417,0.366,-0.009,0.0,0.0,0.0,0.0,0,0,RTK FIXED
2.193,074931.20,10.48525200,76.44418700,10.48525200,76.44418700,658051.775,1159426.648,107.90,658051.775,1159426.648,107.4,1,658051.359,1159428.035,10.48526133,76.44418417,0.366,-0.009,0.0,0.0,0.0,0.0,0,0,RTK FIXED
2.240,074931.20,10.48525200,76.44418700,10.48525200,76.44418700,658051.775,1159426.648,107.90,658051.775,1159426.648,107.4,1,658051.359,1159428.035,10.48526133,76.44418417,0.366,-0.009,0.0,0.0,0.0,0.0,0,0,RTK FIXED
2.293,074931.40,10.48525200,76.44418700,10.48525200,76.44418700,658051.775,1159426.648,107.90,658051.775,1159426.648,107.4,1,658051.359,1159428.035,10.48526133,76.44418417,0.366,-0.010,0.0,0.0,0.0,0.0,0,0,RTK FIXED
2.339,074931.40,10.48525200,76.44418700,10.48525200,76.44418700,658051.775,1159426.648,107.90,658051.775,1159426.648,107.4,1,658051.359,1159428.035,10.48526133,76.44418417,0.366,-0.010,0.0,0.0,0.0,0.0,0,0,RTK FIXED
2.393,074931.40,10.48525200,76.44418700,10.48525200,76.44418700,658051.775,1159426.648,107.90,658051.775,1159426.648,107.4,1,658051.359,1159428.035,10.48526133,76.44418417,0.366,-0.010,0.0,0.0,0.0,0.0,0,0,RTK FIXED
2.448,074931.60,10.48525200,76.44418700,10.48525200,76.44418700,658051.775,1159426.648,107.90,658051.775,1159426.648,135.9,1,658051.359,1159428.035,10.48526133,76.44418417,0.332,-0.218,0.0,0.0,0.0,0.0,0,0,RTK FIXED
2.493,074931.60,10.48525200,76.44418700,10.48525200,76.44418700,658051.775,1159426.648,107.90,658051.775,1159426.648,135.9,1,658051.359,1159428.035,10.48526133,76.44418417,0.332,-0.218,0.0,0.0,0.0,0.0,0,0,RTK FIXED
2.548,074931.60,10.48525200,76.44418700,10.48525200,76.44418700,658051.775,1159426.648,107.90,658051.775,1159426.648,135.9,1,658051.359,1159428.035,10.48526133,76.44418417,0.332,-0.218,0.0,0.0,0.0,0.0,0,0,RTK FIXED
2.593,074931.60,10.48525200,76.44418700,10.48525200,76.44418700,658051.775,1159426.648,107.90,658051.775,1159426.648,135.9,1,658051.359,1159428.035,10.48526133,76.44418417,0.332,-0.218,0.0,0.0,0.0,0.0,0,0,RTK FIXED
2.648,074931.60,10.48525200,76.44418700,10.48525200,76.44418700,658051.775,1159426.648,107.90,658051.775,1159426.648,135.9,1,658051.359,1159428.035,10.48526133,76.44418417,0.332,-0.218,0.0,0.0,0.0,0.0,0,0,RTK FIXED
2.693,074931.60,10.48525200,76.44418700,10.48525200,76.44418700,658051.775,1159426.648,107.90,658051.775,1159426.648,135.9,1,658051.359,1159428.035,10.48526133,76.44418417,0.332,-0.218,0.0,0.0,0.0,0.0,0,0,RTK FIXED
2.748,074931.80,10.48525200,76.44418700,10.48525200,76.44418700,658051.932,1159426.739,107.90,658051.838,1159426.684,135.9,1,658051.359,1159428.035,10.48526133,76.44418417,0.333,-0.215,0.0,0.0,0.0,0.0,0,0,RTK FIXED
2.793,074931.80,10.48525200,76.44418700,10.48525200,76.44418700,658051.932,1159426.739,107.90,658051.875,1159426.706,135.9,1,658051.359,1159428.035,10.48526133,76.44418417,0.333,-0.215,0.0,0.0,0.0,0.0,0,0,RTK FIXED
2.848,074931.80,10.48525200,76.44418700,10.48525200,76.44418700,658051.932,1159426.739,107.90,658051.898,1159426.720,135.9,1,658051.359,1159428.035,10.48526133,76.44418417,0.333,-0.215,0.0,0.0,0.0,0.0,0,0,RTK FIXED
2.893,074931.80,10.48525200,76.44418700,10.48525200,76.44418700,658051.932,1159426.739,107.90,658051.912,1159426.727,135.9,1,658051.359,1159428.035,10.48526133,76.44418417,0.333,-0.215,0.0,0.0,0.0,0.0,0,0,RTK FIXED
2.948,074932.00,10.48525200,76.44418700,10.48525200,76.44418700,658051.932,1159426.739,107.90,658051.920,1159426.732,104.2,1,658051.359,1159428.035,10.48526133,76.44418417,0.360,0.087,0.0,0.0,0.0,0.0,0,0,RTK FIXED
3.001,074932.00,10.48525200,76.44418700,10.48525200,76.44418700,658051.932,1159426.739,107.90,658051.925,1159426.735,104.2,1,658051.359,1159428.035,10.48526133,76.44418417,0.360,0.087,0.0,0.0,0.0,0.0,0,0,RTK FIXED
3.047,074932.00,10.48525200,76.44418700,10.48525200,76.44418700,658051.932,1159426.739,107.90,658051.928,1159426.737,104.2,1,658051.359,1159428.035,10.48526133,76.44418417,0.360,0.087,0.0,0.0,0.0,0.0,0,0,RTK FIXED
3.102,074932.20,10.48525200,76.44418700,10.48525200,76.44418700,658051.754,1159426.643,107.90,658051.858,1159426.699,104.2,1,658051.359,1159428.035,10.48526133,76.44418417,0.364,0.054,0.0,0.0,0.0,0.0,0,0,RTK FIXED
3.148,074932.20,10.48525200,76.44418700,10.48525200,76.44418700,658051.754,1159426.643,107.90,658051.817,1159426.677,104.2,1,658051.359,1159428.035,10.48526133,76.44418417,0.364,0.054,0.0,0.0,0.0,0.0,0,0,RTK FIXED
3.202,074932.20,10.48525200,76.44418700,10.48525200,76.44418700,658051.754,1159426.643,107.90,658051.792,1159426.663,104.2,1,658051.359,1159428.035,10.48526133,76.44418417,0.364,0.054,0.0,0.0,0.0,0.0,0,0,RTK FIXED
3.248,074932.40,10.48525200,76.44418700,10.48525200,76.44418700,658051.754,1159426.643,107.90,658051.777,1159426.655,135.2,1,658051.359,1159428.035,10.48526133,76.44418417,0.332,-0.218,0.0,0.0,0.0,0.0,0,0,RTK FIXED
3.302,074932.40,10.48525200,76.44418700,10.48525200,76.44418700,658051.754,1159426.643,107.90,658051.768,1159426.650,135.2,1,658051.359,1159428.035,10.48526133,76.44418417,0.332,-0.218,0.0,0.0,0.0,0.0,0,0,RTK FIXED
3.348,074932.40,10.48525200,76.44418700,10.48525200,76.44418700,658051.754,1159426.643,107.90,658051.762,1159426.647,135.2,1,658051.359,1159428.035,10.48526133,76.44418417,0.332,-0.218,0.0,0.0,0.0,0.0,0,0,RTK FIXED
3.401,074932.40,10.48525200,76.44418700,10.48525200,76.44418700,658051.754,1159426.643,107.90,658051.759,1159426.645,135.2,1,658051.359,1159428.035,10.48526133,76.44418417,0.332,-0.218,0.0,0.0,0.0,0.0,0,0,RTK FIXED
3.456,074932.60,10.48525200,76.44418700,10.48525200,76.44418700,658051.929,1159426.736,107.90,658051.827,1159426.682,135.2,1,658051.359,1159428.035,10.48526133,76.44418417,0.337,-0.201,0.0,0.0,0.0,0.0,0,0,RTK FIXED
3.502,074932.60,10.48525200,76.44418700,10.48525200,76.44418700,658051.929,1159426.736,107.90,658051.868,1159426.704,135.2,1,658051.359,1159428.035,10.48526133,76.44418417,0.337,-0.201,0.0,0.0,0.0,0.0,0,0,RTK FIXED
3.556,074932.60,10.48525200,76.44418700,10.48525200,76.44418700,658051.929,1159426.736,107.90,658051.892,1159426.717,135.2,1,658051.359,1159428.035,10.48526133,76.44418417,0.337,-0.201,0.0,0.0,0.0,0.0,0,0,RTK FIXED
3.602,074932.60,10.48525200,76.44418700,10.48525200,76.44418700,658051.929,1159426.736,107.90,658051.907,1159426.725,135.2,1,658051.359,1159428.035,10.48526133,76.44418417,0.337,-0.201,0.0,0.0,0.0,0.0,0,0,RTK FIXED
3.656,074932.60,10.48525200,76.44418700,10.48525200,76.44418700,658051.929,1159426.736,107.90,658051.916,1159426.729,135.2,1,658051.359,1159428.035,10.48526133,76.44418417,0.337,-0.201,0.0,0.0,0.0,0.0,0,0,RTK FIXED
3.702,074932.60,10.48525200,76.44418700,10.48525200,76.44418700,658051.929,1159426.736,107.90,658051.921,1159426.732,135.2,1,658051.359,1159428.035,10.48526133,76.44418417,0.337,-0.201,0.0,0.0,0.0,0.0,0,0,RTK FIXED
3.756,074932.80,10.48525200,76.44418700,10.48525200,76.44418700,658051.929,1159426.736,107.90,658051.924,1159426.734,103.2,1,658051.359,1159428.035,10.48526133,76.44418417,0.359,0.101,0.0,0.0,0.0,0.0,0,0,RTK FIXED
3.802,074932.80,10.48525200,76.44418700,10.48525200,76.44418700,658051.929,1159426.736,107.90,658051.926,1159426.735,103.2,1,658051.359,1159428.035,10.48526133,76.44418417,0.359,0.101,0.0,0.0,0.0,0.0,0,0,RTK FIXED
3.855,074932.80,10.48525200,76.44418700,10.48525200,76.44418700,658051.929,1159426.736,107.90,658051.927,1159426.735,103.2,1,658051.359,1159428.035,10.48526133,76.44418417,0.359,0.101,0.0,0.0,0.0,0.0,0,0,RTK FIXED
3.901,074932.80,10.48525200,76.44418700,10.48525200,76.44418700,658051.929,1159426.736,107.90,658051.928,1159426.736,103.2,1,658051.359,1159428.035,10.48526133,76.44418417,0.359,0.101,0.0,0.0,0.0,0.0,0,0,RTK FIXED
3.957,074933.00,10.48525200,76.44418700,10.48525200,76.44418700,658051.748,1159426.641,107.90,658051.856,1159426.698,103.2,1,658051.359,1159428.035,10.48526133,76.44418417,0.363,0.064,0.0,0.0,0.0,0.0,0,0,RTK FIXED
4.002,074933.00,10.48525200,76.44418700,10.48525200,76.44418700,658051.748,1159426.641,107.90,658051.813,1159426.675,103.2,1,658051.359,1159428.035,10.48526133,76.44418417,0.363,0.064,0.0,0.0,0.0,0.0,0,0,RTK FIXED
4.056,074933.00,10.48525200,76.44418700,10.48525200,76.44418700,658051.748,1159426.641,107.90,658051.787,1159426.662,103.2,1,658051.359,1159428.035,10.48526133,76.44418417,0.363,0.064,0.0,0.0,0.0,0.0,0,0,RTK FIXED
4.110,074933.20,10.48525200,76.44418700,10.48525200,76.44418700,658051.748,1159426.641,107.90,658051.771,1159426.654,134.4,1,658051.359,1159428.035,10.48526133,76.44418417,0.332,-0.218,0.0,0.0,0.0,0.0,0,0,RTK FIXED
4.156,074933.20,10.48525200,76.44418700,10.48525200,76.44418700,658051.748,1159426.641,107.90,658051.762,1159426.649,134.4,1,658051.359,1159428.035,10.48526133,76.44418417,0.332,-0.218,0.0,0.0,0.0,0.0,0,0,RTK FIXED
4.210,074933.20,10.48525200,76.44418700,10.48525200,76.44418700,658051.748,1159426.641,107.90,658051.756,1159426.646,134.4,1,658051.359,1159428.035,10.48526133,76.44418417,0.332,-0.218,0.0,0.0,0.0,0.0,0,0,RTK FIXED
4.257,074933.40,10.48525200,76.44418700,10.48525200,76.44418700,658051.925,1159426.733,107.90,658051.824,1159426.681,134.4,1,658051.359,1159428.035,10.48526133,76.44418417,0.338,-0.196,0.0,0.0,0.0,0.0,0,0,RTK FIXED
4.310,074933.40,10.48525200,76.44418700,10.48525200,76.44418700,658051.925,1159426.733,107.90,658051.864,1159426.701,134.4,1,658051.359,1159428.035,10.48526133,76.44418417,0.338,-0.196,0.0,0.0,0.0,0.0,0,0,RTK FIXED
4.357,074933.40,10.48525200,76.44418700,10.48525200,76.44418700,658051.925,1159426.733,107.90,658051.889,1159426.714,134.4,1,658051.359,1159428.035,10.48526133,76.44418417,0.338,-0.196,0.0,0.0,0.0,0.0,0,0,RTK FIXED
4.411,074933.60,10.48525200,76.44418700,10.48525200,76.44418700,658051.925,1159426.733,107.90,658051.903,1159426.722,102.3,1,658051.359,1159428.035,10.48526133,76.44418417,0.358,0.106,0.0,0.0,0.0,0.0,0,0,RTK FIXED
4.457,074933.60,10.48525200,76.44418700,10.48525200,76.44418700,658051.925,1159426.733,107.90,658051.912,1159426.726,102.3,1,658051.359,1159428.035,10.48526133,76.44418417,0.358,0.106,0.0,0.0,0.0,0.0,0,0,RTK FIXED
4.511,074933.60,10.48525200,76.44418700,10.48525200,76.44418700,658051.925,1159426.733,107.90,658051.917,1159426.729,102.3,1,658051.359,1159428.035,10.48526133,76.44418417,0.358,0.106,0.0,0.0,0.0,0.0,0,0,RTK FIXED
4.556,074933.60,10.48525200,76.44418700,10.48525200,76.44418700,658051.925,1159426.733,107.90,658051.921,1159426.730,102.3,1,658051.359,1159428.035,10.48526133,76.44418417,0.358,0.106,0.0,0.0,0.0,0.0,0,0,RTK FIXED
4.611,074933.80,10.48525200,76.44418700,10.48525200,76.44418700,658051.742,1159426.640,107.90,658051.849,1159426.694,102.3,1,658051.359,1159428.035,10.48526133,76.44418417,0.363,0.069,0.0,0.0,0.0,0.0,0,0,RTK FIXED
4.665,074933.80,10.48525200,76.44418700,10.48525200,76.44418700,658051.742,1159426.640,107.90,658051.806,1159426.673,102.3,1,658051.359,1159428.035,10.48526133,76.44418417,0.363,0.069,0.0,0.0,0.0,0.0,0,0,RTK FIXED
4.711,074933.80,10.48525200,76.44418700,10.48525200,76.44418700,658051.742,1159426.640,107.90,658051.781,1159426.660,102.3,1,658051.359,1159428.035,10.48526133,76.44418417,0.363,0.069,0.0,0.0,0.0,0.0,0,0,RTK FIXED
4.765,074933.80,10.48525200,76.44418700,10.48525200,76.44418700,658051.742,1159426.640,107.90,658051.765,1159426.652,102.3,1,658051.359,1159428.035,10.48526133,76.44418417,0.363,0.069,0.0,0.0,0.0,0.0,0,0,RTK FIXED
4.811,074933.80,10.48525200,76.44418700,10.48525200,76.44418700,658051.742,1159426.640,107.90,658051.756,1159426.647,102.3,1,658051.359,1159428.035,10.48526133,76.44418417,0.363,0.069,0.0,0.0,0.0,0.0,0,0,RTK FIXED
4.864,074933.80,10.48525200,76.44418700,10.48525200,76.44418700,658051.742,1159426.640,107.90,658051.751,1159426.644,102.3,1,658051.359,1159428.035,10.48526133,76.44418417,0.363,0.069,0.0,0.0,0.0,0.0,0,0,RTK FIXED
4.911,074934.00,10.48525200,76.44418700,10.48525200,76.44418700,658051.742,1159426.640,107.90,658051.747,1159426.643,133.6,1,658051.359,1159428.035,10.48526133,76.44418417,0.332,-0.218,0.0,0.0,0.0,0.0,0,0,RTK FIXED
4.965,074934.00,10.48525200,76.44418700,10.48525200,76.44418700,658051.742,1159426.640,107.90,658051.745,1159426.642,133.6,1,658051.359,1159428.035,10.48526133,76.44418417,0.332,-0.218,0.0,0.0,0.0,0.0,0,0,RTK FIXED
5.012,074934.00,10.48525200,76.44418700,10.48525200,76.44418700,658051.742,1159426.640,107.90,658051.744,1159426.641,133.6,1,658051.359,1159428.035,10.48526133,76.44418417,0.332,-0.218,10.0,6.7,0.0,0.0,450,450,RTK FIXED
5.065,074934.00,10.48525200,76.44418700,10.48525200,76.44418700,658051.742,1159426.640,107.90,658051.743,1159426.641,133.6,1,658051.359,1159428.035,10.48526133,76.44418417,0.332,-0.218,10.0,6.7,0.0,0.0,900,900,RTK FIXED
5.110,074934.00,10.48525200,76.44418700,10.48525200,76.44418700,658051.742,1159426.640,107.90,658051.743,1159426.641,133.6,1,658051.359,1159428.035,10.48526133,76.44418417,0.332,-0.218,10.0,6.7,0.0,0.0,1350,1350,RTK FIXED
5.165,074934.20,10.48525200,76.44418700,10.48525200,76.44418700,658051.921,1159426.729,107.90,658051.814,1159426.676,133.6,1,658051.359,1159428.035,10.48526133,76.44418417,0.340,-0.191,10.0,7.1,0.0,0.0,1800,1455,RTK FIXED
5.220,074934.40,10.48525200,76.44418700,10.48525200,76.44418700,658051.921,1159426.729,107.90,658051.857,1159426.697,101.4,1,658051.359,1159428.035,10.48526133,76.44418417,0.357,0.111,8.3,10.0,0.0,0.0,1698,1905,RTK FIXED
5.265,074934.40,10.48525200,76.44418700,10.48525200,76.44418700,658051.921,1159426.729,107.90,658051.883,1159426.710,101.4,1,658051.359,1159428.035,10.48526133,76.44418417,0.357,0.111,8.3,10.0,0.0,0.0,1698,2047,RTK FIXED
5.319,074934.40,10.48525200,76.44418700,10.48525200,76.44418700,658051.921,1159426.729,107.90,658051.898,1159426.718,101.4,1,658051.359,1159428.035,10.48526133,76.44418417,0.357,0.111,8.3,10.0,0.0,0.0,1698,2047,RTK FIXED
5.365,074934.40,10.48525200,76.44418700,10.48525200,76.44418700,658051.921,1159426.729,107.90,658051.907,1159426.722,101.4,1,658051.359,1159428.035,10.48526133,76.44418417,0.357,0.111,8.3,10.0,0.0,0.0,1698,2047,RTK FIXED
5.420,074934.60,10.48525200,76.44418700,10.48525200,76.44418700,658051.737,1159426.639,107.90,658051.839,1159426.689,101.4,1,658051.359,1159428.035,10.48526133,76.44418417,0.362,0.073,8.9,10.0,0.5,0.5,1812,2047,RTK FIXED
5.465,074934.60,10.48525200,76.44418700,10.48525200,76.44418700,658051.737,1159426.639,107.90,658051.798,1159426.669,101.4,1,658051.359,1159428.035,10.48526133,76.44418417,0.362,0.073,8.9,10.0,0.0,1.6,1812,2047,RTK FIXED
5.520,074934.60,10.48525200,76.44418700,10.48525200,76.44418700,658051.737,1159426.639,107.90,658051.774,1159426.657,101.4,1,658051.359,1159428.035,10.48526133,76.44418417,0.362,0.073,8.9,10.0,-0.5,3.2,1812,2047,RTK FIXED
5.573,074934.60,10.48525200,76.44418700,10.48525200,76.44418700,658051.737,1159426.639,107.90,658051.759,1159426.650,101.4,1,658051.359,1159428.035,10.48526133,76.44418417,0.362,0.073,8.9,10.0,0.0,4.7,1812,2047,RTK FIXED
5.619,074934.60,10.48525200,76.44418700,10.48525200,76.44418700,658051.737,1159426.639,107.90,658051.750,1159426.646,101.4,1,658051.359,1159428.035,10.48526133,76.44418417,0.362,0.073,8.9,10.0,0.0,5.4,1812,2047,RTK FIXED
5.673,074934.60,10.48525200,76.44418700,10.48525200,76.44418700,658051.737,1159426.639,107.90,658051.745,1159426.643,101.4,1,658051.359,1159428.035,10.48526133,76.44418417,0.362,0.073,8.9,10.0,0.0,3.7,1812,2047,RTK FIXED
5.720,074934.80,10.48525200,76.44418700,10.48525200,76.44418700,658051.737,1159426.639,107.90,658051.741,1159426.642,132.7,1,658051.359,1159428.035,10.48526133,76.44418417,0.332,-0.218,10.0,6.7,0.0,4.3,2047,1597,RTK FIXED
5.773,074934.80,10.48525200,76.44418700,10.48525200,76.44418700,658051.737,1159426.639,107.90,658051.740,1159426.641,132.7,1,658051.359,1159428.035,10.48526133,76.44418417,0.332,-0.218,10.0,6.7,0.5,4.7,2047,1372,RTK FIXED
5.820,074934.80,10.48525200,76.44418700,10.48525200,76.44418700,658051.737,1159426.639,107.90,658051.738,1159426.640,132.7,1,658051.359,1159428.035,10.48526133,76.44418417,0.332,-0.218,10.0,6.7,0.0,4.8,2047,1372,RTK FIXED
5.873,074934.80,10.48525200,76.44418700,10.48525200,76.44418700,658051.737,1159426.639,107.90,658051.738,1159426.640,132.7,1,658051.359,1159428.035,10.48526133,76.44418417,0.332,-0.218,10.0,6.7,0.0,5.6,2047,1372,RTK FIXED
5.920,074935.00,10.48525200,76.44418700,10.48525200,76.44418700,658051.917,1159426.725,107.90,658051.809,1159426.674,132.7,1,658051.359,1159428.035,10.48526133,76.44418417,0.341,-0.187,10.0,7.2,0.0,5.9,2047,1468,RTK FIXED
5.974,074935.00,10.48525200,76.44418700,10.48525200,76.44418700,658051.917,1159426.725,107.90,658051.853,1159426.695,132.7,1,658051.359,1159428.035,10.48526133,76.44418417,0.341,-0.187,10.0,7.2,0.0,6.6,2047,1468,RTK FIXED
6.020,074935.00,10.48525200,76.44418700,10.48525200,76.44418700,658051.917,1159426.725,107.90,658051.878,1159426.707,132.7,1,658051.359,1159428.035,10.48526133,76.44418417,0.341,-0.187,10.0,7.2,0.0,7.6,2047,1468,RTK FIXED
6.073,074935.00,10.48525200,76.44418700,10.48525200,76.44418700,658051.917,1159426.725,107.90,658051.894,1159426.714,132.7,1,658051.359,1159428.035,10.48526133,76.44418417,0.341,-0.187,10.0,7.2,-0.5,8.5,2047,1468,RTK FIXED
6.128,074935.20,10.48525200,76.44418700,10.48525200,76.44418700,658051.917,1159426.725,107.90,658051.903,1159426.719,100.5,1,658051.359,1159428.035,10.48526133,76.44418417,0.356,0.115,8.2,10.0,0.5,9.7,1685,1918,RTK FIXED
6.173,074935.20,10.48525200,76.44418700,10.48525200,76.44418700,658051.917,1159426.725,107.90,658051.909,1159426.721,100.5,1,658051.359,1159428.035,10.48526133,76.44418417,0.356,0.115,8.2,10.0,-0.6,9.4,1685,2047,RTK FIXED
6.228,074935.40,10.48525200,76.44418600,10.48525200,76.44418660,658051.622,1159426.638,107.90,658051.794,1159426.688,128.8,1,658051.359,1159428.035,10.48526133,76.44418417,0.338,-0.195,10.0,7.1,0.0,9.9,2047,1597,RTK FIXED
6.274,074935.40,10.48525200,76.44418600,10.48525200,76.44418636,658051.622,1159426.638,107.90,658051.725,1159426.668,128.8,1,658051.359,1159428.035,10.48526133,76.44418417,0.338,-0.195,10.0,7.1,0.0,11.5,2047,1443,RTK FIXED
6.328,074935.40,10.48525200,76.44418600,10.48525200,76.44418622,658051.622,1159426.638,107.90,658051.684,1159426.656,128.8,1,658051.359,1159428.035,10.48526133,76.44418417,0.338,-0.195,10.0,7.1,0.0,11.6,2047,1443,RTK FIXED
6.373,074935.40,10.48525200,76.44418600,10.48525200,76.44418613,658051.622,1159426.638,107.90,658051.659,1159426.649,128.8,1,658051.359,1159428.035,10.48526133,76.44418417,0.338,-0.195,10.0,7.1,0.0,11.0,2047,1443,RTK FIXED
6.428,074935.60,10.48525200,76.44418600,10.48525200,76.44418608,658051.788,1159426.709,107.90,658051.710,1159426.673,128.8,1,658051.359,1159428.035,10.48526133,76.44418417,0.340,-0.189,10.0,7.1,0.0,11.4,2047,1463,RTK FIXED
6.474,074935.60,10.48525200,76.44418600,10.48525200,76.44418605,658051.788,1159426.709,107.90,658051.741,1159426.687,128.8,1,658051.359,1159428.035,10.48526133,76.44418417,0.340,-0.189,10.0,7.1,0.5,9.8,2047,1463,RTK FIXED
6.527,074935.60,10.48525200,76.44418600,10.48525200,76.44418603,658051.788,1159426.709,107.90,658051.760,1159426.696,128.8,1,658051.359,1159428.035,10.48526133,76.44418417,0.340,-0.189,10.0,7.1,-0.5,10.4,2047,1463,RTK FIXED
6.575,074935.60,10.48525200,76.44418600,10.48525200,76.44418602,658051.788,1159426.709,107.90,658051.771,1159426.701,128.8,1,658051.359,1159428.035,10.48526133,76.44418417,0.340,-0.189,10.0,7.1,0.5,10.0,2047,1463,RTK FIXED
6.628,074935.60,10.48525200,76.44418600,10.48525200,76.44418601,658051.788,1159426.709,107.90,658051.778,1159426.704,128.8,1,658051.359,1159428.035,10.48526133,76.44418417,0.340,-0.189,10.0,7.1,-0.5,9.8,2047,1463,RTK FIXED
6.674,074935.60,10.48525200,76.44418600,10.48525200,76.44418601,658051.788,1159426.709,107.90,658051.782,1159426.706,128.8,1,658051.359,1159428.035,10.48526133,76.44418417,0.340,-0.189,10.0,7.1,0.0,10.4,2047,1463,RTK FIXED
6.729,074935.80,10.48525200,76.44418600,10.48525200,76.44418600,658051.788,1159426.709,107.90,658051.784,1159426.707,128.8,1,658051.359,1159428.035,10.48526133,76.44418417,0.341,-0.185,10.0,7.2,0.0,9.6,2047,1475,RTK FIXED
6.781,074935.80,10.48525200,76.44418600,10.48525200,76.44418600,658051.788,1159426.709,107.90,658051.786,1159426.708,128.8,1,658051.359,1159428.035,10.48526133,76.44418417,0.341,-0.185,10.0,7.2,0.0,9.9,2047,1475,RTK FIXED
6.828,074935.80,10.48525200,76.44418600,10.48525200,76.44418600,658051.788,1159426.709,107.90,658051.787,1159426.708,128.8,1,658051.359,1159428.035,10.48526133,76.44418417,0.341,-0.185,10.0,7.2,0.5,9.6,2047,1475,RTK FIXED
6.882,074935.80,10.48525200,76.44418600,10.48525200,76.44418600,658051.788,1159426.709,107.90,658051.787,1159426.708,128.8,1,658051.359,1159428.035,10.48526133,76.44418417,0.341,-0.185,10.0,7.2,-0.5,9.8,2047,1475,RTK FIXED
6.929,074936.00,10.48525200,76.44418600,10.48525200,76.44418600,658051.788,1159426.709,107.90,658051.787,1159426.709,128.8,1,658051.359,1159428.035,10.48526133,76.44418417,0.342,-0.182,10.0,7.2,0.5,10.2,2047,1482,RTK FIXED
6.982,074936.00,10.48525200,76.44418600,10.48525200,76.44418600,658051.788,1159426.709,107.90,658051.788,1159426.709,128.8,1,658051.359,1159428.035,10.48526133,76.44418417,0.342,-0.182,10.0,7.2,0.0,9.8,2047,1482,RTK FIXED
7.029,074936.00,10.48525200,76.44418600,10.48525200,76.44418600,658051.788,1159426.709,107.90,658051.788,1159426.709,128.8,1,658051.359,1159428.035,10.48526133,76.44418417,0.342,-0.182,10.0,7.2,-0.5,9.7,2047,1482,RTK FIXED
7.082,074936.00,10.48525200,76.44418600,10.48525200,76.44418600,658051.788,1159426.709,107.90,658051.788,1159426.709,128.8,1,658051.359,1159428.035,10.48526133,76.44418417,0.342,-0.182,10.0,7.2,0.5,9.8,2047,1482,RTK FIXED
7.129,074936.20,10.48525200,76.44418500,10.48525200,76.44418560,658051.678,1159426.708,107.90,658051.744,1159426.709,128.8,1,658051.359,1159428.035,10.48526133,76.44418417,0.335,-0.207,10.0,6.9,-0.5,9.6,2047,1406,RTK FIXED
7.183,074936.20,10.48525200,76.44418500,10.48525200,76.44418536,658051.678,1159426.708,107.90,658051.718,1159426.708,128.8,1,658051.359,1159428.035,10.48526133,76.44418417,0.335,-0.207,10.0,6.9,0.5,10.0,2047,1406,RTK FIXED
7.236,074936.40,10.48525200,76.44418500,10.48525200,76.44418522,658051.678,1159426.708,107.90,658051.702,1159426.708,128.8,1,658051.359,1159428.035,10.48526133,76.44418417,0.332,-0.218,10.0,6.7,-0.5,9.2,2047,1372,RTK FIXED
7.283,074936.40,10.48525200,76.44418500,10.48525200,76.44418513,658051.678,1159426.708,107.90,658051.693,1159426.708,128.8,1,658051.359,1159428.035,10.48526133,76.44418417,0.332,-0.218,10.0,6.7,0.5,9.7,2047,1372,RTK FIXED
7.336,074936.40,10.48525200,76.44418500,10.48525200,76.44418508,658051.678,1159426.708,107.90,658051.687,1159426.708,128.8,1,658051.359,1159428.035,10.48526133,76.44418417,0.332,-0.218,10.0,6.7,-0.5,8.9,2047,1372,RTK FIXED
7.383,074936.40,10.48525200,76.44418500,10.48525200,76.44418505,658051.678,1159426.708,107.90,658051.684,1159426.708,128.8,1,658051.359,1159428.035,10.48526133,76.44418417,0.332,-0.218,10.0,6.7,0.5,9.1,2047,1372,RTK FIXED
7.437,074936.60,10.48525200,76.44418500,10.48525200,76.44418503,658051.678,1159426.708,107.90,658051.681,1159426.708,128.8,1,658051.359,1159428.035,10.48526133,76.44418417,0.332,-0.218,10.0,6.7,-0.5,8.8,2047,1372,RTK FIXED
7.483,074936.60,10.48525200,76.44418500,10.48525200,76.44418502,658051.678,1159426.708,107.90,658051.680,1159426.708,128.8,1,658051.359,1159428.035,10.48526133,76.44418417,0.332,-0.218,10.0,6.7,0.5,8.7,2047,1372,RTK FIXED
7.537,074936.60,10.48525200,76.44418500,10.48525200,76.44418501,658051.678,1159426.708,107.90,658051.680,1159426.708,128.8,1,658051.359,1159428.035,10.48526133,76.44418417,0.332,-0.218,10.0,6.7,-0.5,8.3,2047,1372,RTK FIXED
7.584,074936.60,10.48525200,76.44418500,10.48525200,76.44418501,658051.678,1159426.708,107.90,658051.679,1159426.708,128.8,1,658051.359,1159428.035,10.48526133,76.44418417,0.332,-0.218,10.0,6.7,0.5,8.1,2047,1372,RTK FIXED
7.637,074936.60,10.48525200,76.44418500,10.48525200,76.44418500,658051.678,1159426.708,107.90,658051.679,1159426.708,128.8,1,658051.359,1159428.035,10.48526133,76.44418417,0.332,-0.218,10.0,6.7,-0.5,8.4,2047,1372,RTK FIXED
7.682,074936.60,10.48525200,76.44418500,10.48525200,76.44418500,658051.678,1159426.708,107.90,658051.679,1159426.708,128.8,1,658051.359,1159428.035,10.48526133,76.44418417,0.332,-0.218,10.0,6.7,0.0,8.3,2047,1372,RTK FIXED
7.900,074936.80,10.48525200,76.44418400,10.48525200,76.44418460,658051.569,1159426.708,107.90,658051.635,1159426.708,140.0,1,658051.359,1159428.035,10.48526133,76.44418417,0.000,-0.611,10.0,-10.0,0.0,7.6,450,450,RTK FIXED
7.938,074937.00,10.48525200,76.44418400,10.48525200,76.44418436,658051.614,1159426.748,107.90,658051.627,1159426.724,138.2,1,658051.359,1159428.035,10.48526133,76.44418417,0.000,-0.600,9.8,-9.8,0.7,6.0,900,900,RTK FIXED
7.984,074937.00,10.48525200,76.44418400,10.48525200,76.44418422,658051.614,1159426.748,107.90,658051.622,1159426.734,136.5,1,658051.359,1159428.035,10.48526133,76.44418417,0.000,-0.600,9.8,-9.8,0.0,6.0,1350,1350,RTK FIXED
8.037,074937.00,10.48525200,76.44418400,10.48525200,76.44418413,658051.614,1159426.748,107.90,658051.619,1159426.740,134.8,1,658051.359,1159428.035,10.48526133,76.44418417,0.000,-0.600,9.8,-9.8,0.0,5.6,1800,1800,RTK FIXED
8.084,074937.00,10.48525200,76.44418400,10.48525200,76.44418408,658051.614,1159426.748,107.90,658051.617,1159426.743,133.1,1,658051.359,1159428.035,10.48526133,76.44418417,0.000,-0.600,9.8,-9.8,-0.5,4.9,2011,2011,RTK FIXED
8.138,074937.20,10.48525200,76.44418400,10.48525200,76.44418405,658051.582,1159426.718,107.90,658051.603,1159426.733,131.4,1,658051.359,1159428.035,10.48526133,76.44418417,0.000,-0.600,9.8,-9.8,0.5,4.1,2011,2011,RTK FIXED
8.183,074937.20,10.48525200,76.44418400,10.48525200,76.44418403,658051.582,1159426.718,107.90,658051.595,1159426.727,129.6,1,658051.359,1159428.035,10.48526133,76.44418417,0.000,-0.600,9.8,-9.8,-0.6,3.9,2011,2011,RTK FIXED
8.238,074937.40,10.48525200,76.44418300,10.48525200,76.44418362,658051.455,1159426.704,107.90,658051.539,1159426.718,142.3,1,658051.359,1159428.035,10.48526133,76.44418417,0.000,-0.738,10.0,-10.0,0.5,3.6,2047,2047,RTK FIXED
8.284,074937.40,10.48525200,76.44418300,10.48525200,76.44418337,658051.455,1159426.704,107.90,658051.505,1159426.712,140.2,1,658051.359,1159428.035,10.48526133,76.44418417,0.000,-0.738,10.0,-10.0,0.0,2.7,2047,2047,RTK FIXED
8.337,074937.40,10.48525200,76.44418300,10.48525200,76.44418322,658051.455,1159426.704,107.90,658051.485,1159426.709,138.0,1,658051.359,1159428.035,10.48526133,76.44418417,0.000,-0.738,10.0,-10.0,-0.5,2.4,2047,2047,RTK FIXED
8.392,074937.40,10.48525200,76.44418300,10.48525200,76.44418313,658051.455,1159426.704,107.90,658051.473,1159426.707,135.9,1,658051.359,1159428.035,10.48526133,76.44418417,0.000,-0.738,10.0,-10.0,0.0,1.8,2047,2047,RTK FIXED
8.438,074937.60,10.48525200,76.44418300,10.48525200,76.44418308,658051.484,1159426.728,107.90,658051.478,1159426.715,133.8,1,658051.359,1159428.035,10.48526133,76.44418417,0.000,-0.636,10.0,-10.0,0.0,1.6,2047,2047,RTK FIXED
8.491,074937.60,10.48525200,76.44418300,10.48525200,76.44418305,658051.484,1159426.728,107.90,658051.480,1159426.720,132.0,1,658051.359,1159428.035,10.48526133,76.44418417,0.000,-0.636,10.0,-10.0,0.0,1.4,2047,2047,RTK FIXED
8.537,074937.60,10.48525200,76.44418300,10.48525200,76.44418303,658051.484,1159426.728,107.90,658051.482,1159426.723,130.2,1,658051.359,1159428.035,10.48526133,76.44418417,0.000,-0.636,10.0,-10.0,0.5,1.6,2047,2047,RTK FIXED
8.592,074937.60,10.48525200,76.44418300,10.48525200,76.44418302,658051.484,1159426.728,107.90,658051.483,1159426.725,128.4,1,658051.359,1159428.035,10.48526133,76.44418417,0.000,-0.636,10.0,-10.0,0.0,0.9,2047,2047,RTK FIXED
8.637,074937.60,10.48525200,76.44418300,10.48525200,76.44418301,658051.484,1159426.728,107.90,658051.484,1159426.726,126.5,1,658051.359,1159428.035,10.48526133,76.44418417,0.000,-0.636,10.0,-10.0,-0.5,1.1,2047,2047,RTK FIXED
8.691,074937.60,10.48525200,76.44418300,10.48525200,76.44418301,658051.484,1159426.728,107.90,658051.484,1159426.727,124.7,1,658051.359,1159428.035,10.48526133,76.44418417,0.000,-0.636,10.0,-10.0,0.5,0.9,2047,2047,RTK FIXED
8.737,074937.80,10.48525200,76.44418300,10.48525200,76.44418300,658051.428,1159426.686,107.90,658051.462,1159426.711,122.9,1,658051.359,1159428.035,10.48526133,76.44418417,0.000,-0.600,9.8,-9.8,0.0,1.1,2011,2011,RTK FIXED
8.792,074937.80,10.48525200,76.44418300,10.48525200,76.44418300,658051.428,1159426.686,107.90,658051.448,1159426.701,121.2,1,658051.359,1159428.035,10.48526133,76.44418417,0.000,-0.600,9.8,-9.8,0.0,0.9,2011,2011,RTK FIXED
8.838,074937.80,10.48525200,76.44418300,10.48525200,76.44418300,658051.428,1159426.686,107.90,658051.440,1159426.695,119.4,1,658051.359,1159428.035,10.48526133,76.44418417,0.000,-0.600,9.8,-9.8,0.0,0.5,2011,2011,RTK FIXED
8.892,074937.80,10.48525200,76.44418300,10.48525200,76.44418300,658051.428,1159426.686,107.90,658051.435,1159426.691,117.7,1,658051.359,1159428.035,10.48526133,76.44418417,0.000,-0.600,9.8,-9.8,0.0,0.9,2011,2011,RTK FIXED
8.946,074938.00,10.48525300,76.44418300,10.48525240,76.44418300,658051.388,1159426.776,107.90,658051.416,1159426.725,132.0,1,658051.359,1159428.035,10.48526133,76.44418417,0.000,-0.675,10.0,-10.0,0.0,0.9,2047,2047,RTK FIXED
8.992,074938.00,10.48525300,76.44418300,10.48525264,76.44418300,658051.388,1159426.776,107.90,658051.405,1159426.745,130.1,1,658051.359,1159428.035,10.48526133,76.44418417,0.000,-0.675,10.0,-10.0,0.0,0.0,2047,2047,RTK FIXED
9.046,074938.20,10.48525300,76.44418300,10.48525278,76.44418300,658051.456,1159426.815,107.90,658051.425,1159426.773,128.1,1,658051.359,1159428.035,10.48526133,76.44418417,0.000,-0.605,9.9,-9.9,0.0,0.5,2029,2029,RTK FIXED
9.092,074938.20,10.48525300,76.44418300,10.48525287,76.44418300,658051.456,1159426.815,107.90,658051.437,1159426.790,126.4,1,658051.359,1159428.035,10.48526133,76.44418417,0.000,-0.605,9.9,-9.9,-0.6,0.0,2029,2029,RTK FIXED
9.146,074938.20,10.48525300,76.44418300,10.48525292,76.44418300,658051.456,1159426.815,107.90,658051.445,1159426.800,124.7,1,658051.359,1159428.035,10.48526133,76.44418417,0.000,-0.605,9.9,-9.9,0.0,0.0,2029,2029,RTK FIXED
9.192,074938.20,10.48525300,76.44418300,10.48525295,76.44418300,658051.456,1159426.815,107.90,658051.449,1159426.806,122.9,1,658051.359,1159428.035,10.48526133,76.44418417,0.000,-0.605,9.9,-9.9,0.0,0.0,2029,2029,RTK FIXED
9.246,074938.40,10.48525300,76.44418300,10.48525297,76.44418300,658051.418,1159426.791,107.90,658051.437,1159426.800,121.2,1,658051.359,1159428.035,10.48526133,76.44418417,0.000,-0.600,9.8,-9.8,0.0,0.0,2011,2011,RTK FIXED
9.292,074938.40,10.48525300,76.44418300,10.48525298,76.44418300,658051.418,1159426.791,107.90,658051.429,1159426.796,119.5,1,658051.359,1159428.035,10.48526133,76.44418417,0.000,-0.600,9.8,-9.8,0.0,0.0,2011,2011,RTK FIXED
9.346,074938.40,10.48525300,76.44418300,10.48525299,76.44418300,658051.418,1159426.791,107.90,658051.425,1159426.794,117.8,1,658051.359,1159428.035,10.48526133,76.44418417,0.000,-0.600,9.8,-9.8,0.0,0.0,2011,2011,RTK FIXED
9.392,074938.40,10.48525300,76.44418300,10.48525299,76.44418300,658051.418,1159426.791,107.90,658051.422,1159426.793,116.0,1,658051.359,1159428.035,10.48526133,76.44418417,0.000,-0.600,9.8,-9.8,0.0,0.0,2011,2011,RTK FIXED
9.446,074938.40,10.48525300,76.44418300,10.48525300,76.44418300,658051.418,1159426.791,107.90,658051.420,1159426.792,114.3,1,658051.359,1159428.035,10.48526133,76.44418417,0.000,-0.600,9.8,-9.8,0.5,0.0,2011,2011,RTK FIXED
9.492,074938.40,10.48525300,76.44418300,10.48525300,76.44418300,658051.418,1159426.791,107.90,658051.420,1159426.792,112.6,1,658051.359,1159428.035,10.48526133,76.44418417,0.000,-0.600,9.8,-9.8,-0.5,0.0,2011,2011,RTK FIXED
9.546,074938.60,10.48525400,76.44418300,10.48525340,76.44418300,658051.357,1159426.874,107.90,658051.395,1159426.824,112.7,1,658051.359,1159428.035,10.48526133,76.44418417,0.000,-0.600,9.8,-9.8,0.5,0.0,2011,2011,RTK FIXED
9.599,074938.60,10.48525400,76.44418300,10.48525364,76.44418300,658051.357,1159426.874,107.90,658051.380,1159426.844,111.0,1,658051.359,1159428.035,10.48526133,76.44418417,0.000,-0.600,9.8,-9.8,-0.5,0.0,2011,2011,RTK FIXED
9.646,074938.60,10.48525400,76.44418300,10.48525378,76.44418300,658051.357,1159426.874,107.90,658051.371,1159426.856,109.3,1,658051.359,1159428.035,10.48526133,76.44418417,0.000,-0.600,9.8,-9.8,0.0,0.0,2011,2011,RTK FIXED
9.700,074938.60,10.48525400,76.44418300,10.48525387,76.44418300,658051.357,1159426.874,107.90,658051.365,1159426.863,107.6,1,658051.359,1159428.035,10.48526133,76.44418417,0.000,-0.600,9.8,-9.8,0.5,0.0,2011,2011,RTK FIXED
9.747,074938.80,10.48525400,76.44418300,10.48525392,76.44418300,658051.326,1159426.864,107.90,658051.349,1159426.864,105.8,1,658051.359,1159428.035,10.48526133,76.44418417,0.000,-0.600,9.8,-9.8,-0.5,0.0,2011,2011,RTK FIXED
9.800,074938.80,10.48525400,76.44418300,10.48525395,76.44418300,658051.326,1159426.864,107.90,658051.340,1159426.864,104.1,1,658051.359,1159428.035,10.48526133,76.44418417,0.000,-0.600,9.8,-9.8,0.5,0.0,2011,2011,RTK FIXED
9.846,074938.80,10.48525400,76.44418300,10.48525397,76.44418300,658051.326,1159426.864,107.90,658051.334,1159426.864,102.4,1,658051.359,1159428.035,10.48526133,76.44418417,0.000,-0.600,9.8,-9.8,0.0,0.0,2011,2011,RTK FIXED
9.900,074938.80,10.48525400,76.44418300,10.48525398,76.44418300,658051.326,1159426.864,107.90,658051.331,1159426.864,100.7,1,658051.359,1159428.035,10.48526133,76.44418417,0.000,-0.600,9.8,-9.8,0.0,0.0,2011,2011,RTK FIXED
9.947,074939.00,10.48525400,76.44418300,10.48525399,76.44418300,658051.282,1159426.856,107.90,658051.311,1159426.861,99.0,1,658051.359,1159428.035,10.48526133,76.44418417,0.000,-0.600,9.8,-9.8,0.0,0.0,2011,2011,RTK FIXED
10.001,074939.00,10.48525400,76.44418300,10.48525399,76.44418300,658051.282,1159426.856,107.90,658051.300,1159426.859,97.2,1,658051.359,1159428.035,10.48526133,76.44418417,0.000,-0.600,9.8,-9.8,-0.5,0.0,2011,2011,RTK FIXED
10.047,074939.00,10.48525400,76.44418300,10.48525400,76.44418300,658051.282,1159426.856,107.90,658051.293,1159426.858,95.5,1,658051.359,1159428.035,10.48526133,76.44418417,0.000,-0.600,9.8,-9.8,0.5,0.0,2011,2011,RTK FIXED
10.101,074939.00,10.48525400,76.44418300,10.48525400,76.44418300,658051.282,1159426.856,107.90,658051.289,1159426.857,93.8,1,658051.359,1159428.035,10.48526133,76.44418417,0.000,-0.600,9.8,-9.8,-0.5,0.0,2011,2011,RTK FIXED
10.156,074939.20,10.48525500,76.44418300,10.48525440,76.44418300,658051.237,1159426.964,107.90,658051.268,1159426.900,107.9,1,658051.359,1159428.035,10.48526133,76.44418417,0.000,-0.600,9.8,-9.8,0.5,0.0,2011,2011,RTK FIXED
10.202,074939.40,10.48525500,76.44418300,10.48525464,76.44418300,658051.328,1159426.976,107.90,658051.292,1159426.930,106.2,1,658051.359,1159428.035,10.48526133,76.44418417,0.000,-0.600,9.8,-9.8,-0.5,0.0,2011,2011,RTK FIXED
10.255,074939.40,10.48525500,76.44418300,10.48525478,76.44418300,658051.328,1159426.976,107.90,658051.306,1159426.948,104.5,1,658051.359,1159428.035,10.48526133,76.44418417,0.000,-0.600,9.8,-9.8,0.0,0.0,2011,2011,RTK FIXED
10.300,074939.40,10.48525500,76.44418300,10.48525487,76.44418300,658051.328,1159426.976,107.90,658051.315,1159426.959,102.7,1,658051.359,1159428.035,10.48526133,76.44418417,0.000,-0.600,9.8,-9.8,0.0,0.0,2011,2011,RTK FIXED
10.355,074939.40,10.48525500,76.44418300,10.48525492,76.44418300,658051.328,1159426.976,107.90,658051.320,1159426.966,101.0,1,658051.359,1159428.035,10.48526133,76.44418417,0.000,-0.600,9.8,-9.8,0.0,0.0,2011,2011,RTK FIXED
10.401,074939.40,10.48525500,76.44418300,10.48525495,76.44418300,658051.328,1159426.976,107.90,658051.323,1159426.970,99.3,1,658051.359,1159428.035,10.48526133,76.44418417,0.000,-0.600,9.8,-9.8,0.0,0.0,2011,2011,RTK FIXED
10.456,074939.60,10.48525600,76.44418300,10.48525537,76.44418300,658051.272,1159427.076,107.90,658051.303,1159427.012,95.8,1,658051.359,1159428.035,10.48526133,76.44418417,0.000,-0.600,9.8,-9.8,0.5,0.0,2011,2011,RTK FIXED
10.501,074939.60,10.48525600,76.44418300,10.48525562,76.44418300,658051.272,1159427.076,107.90,658051.291,1159427.038,94.1,1,658051.359,1159428.035,10.48526133,76.44418417,0.000,-0.600,9.8,-9.8,0.0,0.0,2011,2011,RTK FIXED
10.554,074939.60,10.48525600,76.44418300,10.48525577,76.44418300,658051.272,1159427.076,107.90,658051.283,1159427.053,92.4,1,658051.359,1159428.035,10.48526133,76.44418417,0.000,-0.600,9.8,-9.8,-0.5,0.0,2011,2011,RTK FIXED
10.601,074939.60,10.48525600,76.44418300,10.48525586,76.44418300,658051.272,1159427.076,107.90,658051.279,1159427.062,90.6,1,658051.359,1159428.035,10.48526133,76.44418417,0.000,-0.600,9.8,-9.8,0.0,0.0,2011,2011,RTK FIXED
10.655,074939.60,10.48525600,76.44418300,10.48525592,76.44418300,658051.272,1159427.076,107.90,658051.276,1159427.068,88.9,1,658051.359,1159428.035,10.48526133,76.44418417,0.000,-0.600,9.8,-9.8,0.5,0.0,2011,2011,RTK FIXED
10.872,074939.80,10.48525600,76.44418300,10.48525595,76.44418300,658051.205,1159427.075,107.90,658051.248,1159427.071,87.2,1,658051.359,1159428.035,10.48526133,76.44418417,0.364,-0.055,10.0,9.1,-0.1,0.0,450,450,RTK FIXED
10.908,074939.80,10.48525600,76.44418300,10.48525597,76.44418300,658051.205,1159427.075,107.90,658051.231,1159427.073,87.2,1,658051.359,1159428.035,10.48526133,76.44418417,0.364,-0.055,10.0,9.1,0.0,0.0,900,900,RTK FIXED
10.956,074940.00,10.48525600,76.44418300,10.48525598,76.44418300,658051.205,1159427.075,107.90,658051.221,1159427.074,101.5,1,658051.359,1159428.035,10.48526133,76.44418417,0.341,-0.186,10.0,7.2,0.5,0.0,1350,1350,RTK FIXED
11.009,074940.00,10.48525600,76.44418300,10.48525599,76.44418300,658051.205,1159427.075,107.90,658051.215,1159427.074,101.5,1,658051.359,1159428.035,10.48526133,76.44418417,0.341,-0.186,10.0,7.2,-0.5,0.0,1800,1470,RTK FIXED
11.056,074940.00,10.48525600,76.44418300,10.48525599,76.44418300,658051.205,1159427.075,107.90,658051.211,1159427.075,101.5,1,658051.359,1159428.035,10.48526133,76.44418417,0.341,-0.186,10.0,7.2,0.0,0.0,2047,1470,RTK FIXED
11.110,074940.20,10.48525700,76.44418300,10.48525640,76.44418300,658051.297,1159427.190,107.90,658051.245,1159427.121,101.5,1,658051.359,1159428.035,10.48526133,76.44418417,0.346,-0.166,10.0,7.5,0.5,0.0,2047,1531,RTK FIXED
11.155,074940.20,10.48525700,76.44418300,10.48525664,76.44418300,658051.297,1159427.190,107.90,658051.266,1159427.149,101.5,1,658051.359,1159428.035,10.48526133,76.44418417,0.346,-0.166,10.0,7.5,0.0,0.0,2047,1531,RTK FIXED
11.210,074940.40,10.48525700,76.44418300,10.48525678,76.44418300,658051.297,1159427.190,107.90,658051.278,1159427.165,91.5,1,658051.359,1159428.035,10.48526133,76.44418417,0.363,-0.066,10.0,9.0,0.0,0.5,2047,1835,RTK FIXED
11.256,074940.40,10.48525700,76.44418300,10.48525687,76.44418300,658051.297,1159427.190,107.90,658051.286,1159427.175,91.5,1,658051.359,1159428.035,10.48526133,76.44418417,0.363,-0.066,10.0,9.0,0.0,1.1,2047,1835,RTK FIXED
11.310,074940.40,10.48525700,76.44418300,10.48525692,76.44418300,658051.297,1159427.190,107.90,658051.290,1159427.181,91.5,1,658051.359,1159428.035,10.48526133,76.44418417,0.363,-0.066,10.0,9.0,0.0,1.4,2047,1835,RTK FIXED
11.355,074940.40,10.48525700,76.44418300,10.48525695,76.44418300,658051.297,1159427.190,107.90,658051.293,1159427.185,91.5,1,658051.359,1159428.035,10.48526133,76.44418417,0.363,-0.066,10.0,9.0,0.0,1.6,2047,1835,RTK FIXED
11.410,074940.40,10.48525700,76.44418300,10.48525697,76.44418300,658051.297,1159427.190,107.90,658051.294,1159427.187,91.5,1,658051.359,1159428.035,10.48526133,76.44418417,0.363,-0.066,10.0,9.0,0.0,1.8,2047,1835,RTK FIXED
11.464,074940.40,10.48525700,76.44418300,10.48525698,76.44418300,658051.297,1159427.190,107.90,658051.295,1159427.188,91.5,1,658051.359,1159428.035,10.48526133,76.44418417,0.363,-0.066,10.0,9.0,0.0,1.9,2047,1835,RTK FIXED
11.511,074940.60,10.48525700,76.44418400,10.48525699,76.44418340,658051.342,1159427.185,107.90,658051.314,1159427.187,91.5,1,658051.359,1159428.035,10.48526133,76.44418417,0.364,-0.049,10.0,9.2,0.0,2.1,2047,1887,RTK FIXED
11.564,074940.60,10.48525700,76.44418400,10.48525699,76.44418364,658051.342,1159427.185,107.90,658051.325,1159427.186,91.5,1,658051.359,1159428.035,10.48526133,76.44418417,0.364,-0.049,10.0,9.2,0.0,2.8,2047,1887,RTK FIXED
11.610,074940.60,10.48525700,76.44418400,10.48525700,76.44418378,658051.342,1159427.185,107.90,658051.332,1159427.186,91.5,1,658051.359,1159428.035,10.48526133,76.44418417,0.364,-0.049,10.0,9.2,-0.5,3.8,2047,1887,RTK FIXED
11.664,074940.60,10.48525700,76.44418400,10.48525700,76.44418387,658051.342,1159427.185,107.90,658051.336,1159427.186,91.5,1,658051.359,1159428.035,10.48526133,76.44418417,0.364,-0.049,10.0,9.2,0.0,4.6,2047,1887,RTK FIXED
11.711,074940.80,10.48525700,76.44418400,10.48525700,76.44418392,658051.342,1159427.185,107.90,658051.338,1159427.186,91.5,1,658051.359,1159428.035,10.48526133,76.44418417,0.365,-0.039,10.0,9.4,0.5,4.8,2047,1919,RTK FIXED
11.763,074940.80,10.48525700,76.44418400,10.48525700,76.44418395,658051.342,1159427.185,107.90,658051.340,1159427.185,91.5,1,658051.359,1159428.035,10.48526133,76.44418417,0.365,-0.039,10.0,9.4,-0.5,5.2,2047,1919,RTK FIXED
11.810,074940.80,10.48525700,76.44418400,10.48525700,76.44418397,658051.342,1159427.185,107.90,658051.341,1159427.185,91.5,1,658051.359,1159428.035,10.48526133,76.44418417,0.365,-0.039,10.0,9.4,0.0,4.8,2047,1919,RTK FIXED
11.865,074940.80,10.48525700,76.44418400,10.48525700,76.44418398,658051.342,1159427.185,107.90,658051.341,1159427.185,91.5,1,658051.359,1159428.035,10.48526133,76.44418417,0.365,-0.039,10.0,9.4,0.0,6.4,2047,1919,RTK FIXED
11.909,074940.80,10.48525700,76.44418400,10.48525700,76.44418399,658051.342,1159427.185,107.90,658051.341,1159427.185,91.5,1,658051.359,1159428.035,10.48526133,76.44418417,0.365,-0.039,10.0,9.4,0.6,7.7,2047,1919,RTK FIXED
11.965,074941.00,10.48525700,76.44418400,10.48525700,76.44418399,658051.342,1159427.185,107.90,658051.342,1159427.185,91.5,1,658051.359,1159428.035,10.48526133,76.44418417,0.365,-0.033,10.0,9.5,0.0,8.6,2047,1938,RTK FIXED
12.010,074941.00,10.48525700,76.44418400,10.48525700,76.44418400,658051.342,1159427.185,107.90,658051.342,1159427.185,91.5,1,658051.359,1159428.035,10.48526133,76.44418417,0.365,-0.033,10.0,9.5,0.0,9.4,2047,1938,RTK FIXED
12.065,074941.20,10.48525700,76.44418400,10.48525700,76.44418400,658051.342,1159427.185,107.90,658051.342,1159427.185,91.5,1,658051.359,1159428.035,10.48526133,76.44418417,0.365,-0.029,10.0,9.5,-0.5,11.0,2047,1950,RTK FIXED
12.119,074941.20,10.48525700,76.44418400,10.48525700,76.44418400,658051.342,1159427.185,107.90,658051.342,1159427.185,91.5,1,658051.359,1159428.035,10.48526133,76.44418417,0.365,-0.029,10.0,9.5,0.5,11.6,2047,1950,RTK FIXED
12.164,074941.20,10.48525700,76.44418400,10.48525700,76.44418400,658051.342,1159427.185,107.90,658051.342,1159427.185,91.5,1,658051.359,1159428.035,10.48526133,76.44418417,0.365,-0.029,10.0,9.5,-0.6,12.7,2047,1950,RTK FIXED
12.219,074941.40,10.48525800,76.44418400,10.48525740,76.44418400,658051.341,1159427.296,107.90,658051.342,1159427.230,80.6,1,658051.359,1159428.035,10.48526133,76.44418417,0.362,0.074,8.8,10.0,0.0,13.2,1809,2047,RTK FIXED
12.268,074941.40,10.48525800,76.44418400,10.48525764,76.44418400,658051.341,1159427.296,107.90,658051.342,1159427.256,80.6,1,658051.359,1159428.035,10.48526133,76.44418417,0.362,0.074,8.8,10.0,0.0,15.3,1809,2047,RTK FIXED
12.318,074941.40,10.48525800,76.44418400,10.48525778,76.44418400,658051.341,1159427.296,107.90,658051.341,1159427.272,80.6,1,658051.359,1159428.035,10.48526133,76.44418417,0.362,0.074,8.8,10.0,0.0,14.3,1809,2047,RTK FIXED
12.364,074941.40,10.48525800,76.44418400,10.48525787,76.44418400,658051.341,1159427.296,107.90,658051.341,1159427.282,80.6,1,658051.359,1159428.035,10.48526133,76.44418417,0.362,0.074,8.8,10.0,0.5,15.3,1809,2047,RTK FIXED
12.418,074941.40,10.48525800,76.44418400,10.48525792,76.44418400,658051.341,1159427.296,107.90,658051.341,1159427.287,80.6,1,658051.359,1159428.035,10.48526133,76.44418417,0.362,0.074,8.8,10.0,-0.5,16.6,1809,2047,RTK FIXED
12.464,074941.40,10.48525800,76.44418400,10.48525795,76.44418400,658051.341,1159427.296,107.90,658051.341,1159427.291,80.6,1,658051.359,1159428.035,10.48526133,76.44418417,0.362,0.074,8.8,10.0,0.5,17.0,1809,2047,RTK FIXED
12.519,074941.60,10.48525800,76.44418400,10.48525797,76.44418400,658051.272,1159427.303,107.90,658051.314,1159427.295,80.6,1,658051.359,1159428.035,10.48526133,76.44418417,0.363,0.066,9.0,10.0,0.0,17.3,1836,2047,RTK FIXED
12.573,074941.60,10.48525800,76.44418400,10.48525798,76.44418400,658051.272,1159427.303,107.90,658051.297,1159427.298,80.6,1,658051.359,1159428.035,10.48526133,76.44418417,0.363,0.066,9.0,10.0,0.0,17.2,1836,2047,RTK FIXED
12.619,074941.60,10.48525800,76.44418400,10.48525799,76.44418400,658051.272,1159427.303,107.90,658051.287,1159427.300,80.6,1,658051.359,1159428.035,10.48526133,76.44418417,0.363,0.066,9.0,10.0,0.0,16.8,1836,2047,RTK FIXED
12.672,074941.60,10.48525800,76.44418400,10.48525799,76.44418400,658051.272,1159427.303,107.90,658051.281,1159427.301,80.6,1,658051.359,1159428.035,10.48526133,76.44418417,0.363,0.066,9.0,10.0,-0.5,17.7,1836,2047,RTK FIXED
12.719,074941.80,10.48525800,76.44418400,10.48525800,76.44418400,658051.272,1159427.303,107.90,658051.277,1159427.302,80.6,1,658051.359,1159428.035,10.48526133,76.44418417,0.363,0.061,9.0,10.0,0.5,17.5,1852,2047,RTK FIXED
12.773,074941.80,10.48525800,76.44418400,10.48525800,76.44418400,658051.272,1159427.303,107.90,658051.275,1159427.302,80.6,1,658051.359,1159428.035,10.48526133,76.44418417,0.363,0.061,9.0,10.0,-0.5,17.3,1852,2047,RTK FIXED
12.818,074941.80,10.48525800,76.44418400,10.48525800,76.44418400,658051.272,1159427.303,107.90,658051.274,1159427.302,80.6,1,658051.359,1159428.035,10.48526133,76.44418417,0.363,0.061,9.0,10.0,0.5,17.6,1852,2047,RTK FIXED
12.873,074941.80,10.48525800,76.44418400,10.48525800,76.44418400,658051.272,1159427.303,107.90,658051.273,1159427.302,80.6,1,658051.359,1159428.035,10.48526133,76.44418417,0.363,0.061,9.0,10.0,-0.5,17.9,1852,2047,RTK FIXED
12.918,074941.80,10.48525800,76.44418400,10.48525800,76.44418400,658051.272,1159427.303,107.90,658051.273,1159427.302,80.6,1,658051.359,1159428.035,10.48526133,76.44418417,0.363,0.061,9.0,10.0,0.6,17.6,1852,2047,RTK FIXED
12.973,074942.00,10.48525900,76.44418400,10.48525840,76.44418400,658051.271,1159427.413,107.90,658051.272,1159427.347,91.2,1,658051.359,1159428.035,10.48526133,76.44418417,0.365,-0.028,10.0,9.6,-0.5,17.7,2047,1956,RTK FIXED
13.020,074942.00,10.48525900,76.44418400,10.48525864,76.44418400,658051.271,1159427.413,107.90,658051.272,1159427.373,91.2,1,658051.359,1159428.035,10.48526133,76.44418417,0.365,-0.028,10.0,9.6,0.5,17.9,2047,1956,RTK FIXED
13.073,074942.20,10.48525900,76.44418400,10.48525878,76.44418400,658051.339,1159427.407,107.90,658051.299,1159427.387,91.2,1,658051.359,1159428.035,10.48526133,76.44418417,0.366,-0.011,10.0,9.8,-0.5,17.6,2047,2011,RTK FIXED
13.119,074942.20,10.48525900,76.44418400,10.48525887,76.44418400,658051.339,1159427.407,107.90,658051.315,1159427.395,91.2,1,658051.359,1159428.035,10.48526133,76.44418417,0.366,-0.011,10.0,9.8,0.0,17.1,2047,2011,RTK FIXED
13.172,074942.20,10.48525900,76.44418400,10.48525892,76.44418400,658051.339,1159427.407,107.90,658051.325,1159427.399,91.2,1,658051.359,1159428.035,10.48526133,76.44418417,0.366,-0.011,10.0,9.8,0.0,17.2,2047,2011,RTK FIXED
13.228,074942.40,10.48525900,76.44418400,10.48525895,76.44418400,658051.339,1159427.407,107.90,658051.331,1159427.402,91.2,1,658051.359,1159428.035,10.48526133,76.44418417,0.366,-0.001,10.0,10.0,0.5,17.2,2047,2045,RTK FIXED
13.273,074942.40,10.48525900,76.44418400,10.48525897,76.44418400,658051.339,1159427.407,107.90,658051.334,1159427.404,91.2,1,658051.359,1159428.035,10.48526133,76.44418417,0.366,-0.001,10.0,10.0,-0.5,18.7,2047,2045,RTK FIXED
13.327,074942.40,10.48525900,76.44418400,10.48525898,76.44418400,658051.339,1159427.407,107.90,658051.336,1159427.405,91.2,1,658051.359,1159428.035,10.48526133,76.44418417,0.366,-0.001,10.0,10.0,0.5,19.5,2047,2045,RTK FIXED
13.373,074942.40,10.48525900,76.44418400,10.48525899,76.44418400,658051.339,1159427.407,107.90,658051.338,1159427.406,91.2,1,658051.359,1159428.035,10.48526133,76.44418417,0.366,-0.001,10.0,10.0,-0.5,19.0,2047,2045,RTK FIXED
13.427,074942.40,10.48525900,76.44418400,10.48525899,76.44418400,658051.339,1159427.407,107.90,658051.338,1159427.406,91.2,1,658051.359,1159428.035,10.48526133,76.44418417,0.366,-0.001,10.0,10.0,0.0,19.0,2047,2045,RTK FIXED
13.473,074942.40,10.48525900,76.44418400,10.48525900,76.44418400,658051.339,1159427.407,107.90,658051.339,1159427.406,91.2,1,658051.359,1159428.035,10.48526133,76.44418417,0.366,-0.001,10.0,10.0,0.5,19.0,2047,2045,RTK FIXED
13.528,074942.60,10.48526000,76.44418400,10.48525940,76.44418400,658051.339,1159427.517,107.90,658051.339,1159427.451,84.3,1,658051.359,1159428.035,10.48526133,76.44418417,0.362,0.074,8.8,10.0,0.0,19.2,1811,2047,RTK FIXED
13.573,074942.60,10.48526000,76.44418400,10.48525964,76.44418400,658051.339,1159427.517,107.90,658051.339,1159427.477,84.3,1,658051.359,1159428.035,10.48526133,76.44418417,0.362,0.074,8.8,10.0,0.0,19.2,1811,2047,RTK FIXED
13.628,074942.60,10.48526000,76.44418400,10.48525978,76.44418400,658051.339,1159427.517,107.90,658051.339,1159427.493,84.3,1,658051.359,1159428.035,10.48526133,76.44418417,0.362,0.074,8.8,10.0,0.0,18.0,1811,2047,RTK FIXED
13.673,074942.60,10.48526000,76.44418400,10.48525987,76.44418400,658051.339,1159427.517,107.90,658051.339,1159427.503,84.3,1,658051.359,1159428.035,10.48526133,76.44418417,0.362,0.074,8.8,10.0,-0.5,17.4,1811,2047,RTK FIXED
13.728,074942.80,10.48526000,76.44418400,10.48525992,76.44418400,658051.294,1159427.520,107.90,658051.321,1159427.510,84.3,1,658051.359,1159428.035,10.48526133,76.44418417,0.362,0.072,8.9,10.0,0.0,17.9,1816,2047,RTK FIXED
13.773,074942.80,10.48526000,76.44418400,10.48525995,76.44418400,658051.294,1159427.520,107.90,658051.310,1159427.514,84.3,1,658051.359,1159428.035,10.48526133,76.44418417,0.362,0.072,8.9,10.0,0.0,18.2,1816,2047,RTK FIXED
13.828,074942.80,10.48526000,76.44418400,10.48525997,76.44418400,658051.294,1159427.520,107.90,658051.304,1159427.516,84.3,1,658051.359,1159428.035,10.48526133,76.44418417,0.362,0.072,8.9,10.0,0.5,18.4,1816,2047,RTK FIXED
13.882,074942.80,10.48526000,76.44418400,10.48525998,76.44418400,658051.294,1159427.520,107.90,658051.300,1159427.518,84.3,1,658051.359,1159428.035,10.48526133,76.44418417,0.362,0.072,8.9,10.0,0.0,17.8,1816,2047,RTK FIXED
13.928,074943.00,10.48526000,76.44418300,10.48525999,76.44418360,658051.185,1159427.520,107.90,658051.254,1159427.519,101.0,1,658051.359,1159428.035,10.48526133,76.44418417,0.359,-0.099,10.0,8.5,0.0,18.4,2047,1735,RTK FIXED
13.981,074943.00,10.48526000,76.44418300,10.48525999,76.44418336,658051.185,1159427.520,107.90,658051.226,1159427.519,101.0,1,658051.359,1159428.035,10.48526133,76.44418417,0.359,-0.099,10.0,8.5,0.0,17.9,2047,1735,RTK FIXED
14.028,074943.00,10.48526000,76.44418300,10.48526000,76.44418322,658051.185,1159427.520,107.90,658051.210,1159427.519,101.0,1,658051.359,1159428.035,10.48526133,76.44418417,0.359,-0.099,10.0,8.5,-0.5,17.8,2047,1735,RTK FIXED
14.081,074943.00,10.48526000,76.44418300,10.48526000,76.44418313,658051.185,1159427.520,107.90,658051.200,1159427.519,101.0,1,658051.359,1159428.035,10.48526133,76.44418417,0.359,-0.099,10.0,8.5,0.5,16.7,2047,1735,RTK FIXED
14.128,074943.20,10.48526100,76.44418300,10.48526040,76.44418308,658051.292,1159427.632,107.90,658051.236,1159427.565,101.0,1,658051.359,1159428.035,10.48526133,76.44418417,0.361,-0.082,10.0,8.7,0.0,16.0,2047,1785,RTK FIXED
14.181,074943.20,10.48526100,76.44418300,10.48526064,76.44418305,658051.292,1159427.632,107.90,658051.259,1159427.592,101.0,1,658051.359,1159428.035,10.48526133,76.44418417,0.361,-0.082,10.0,8.7,0.0,16.1,2047,1785,RTK FIXED
14.228,074943.40,10.48526100,76.44418300,10.48526078,76.44418303,658051.292,1159427.632,107.90,658051.272,1159427.608,94.2,1,658051.359,1159428.035,10.48526133,76.44418417,0.366,-0.013,10.0,9.8,-0.5,15.9,2047,2003,RTK FIXED
14.281,074943.40,10.48526100,76.44418300,10.48526087,76.44418302,658051.292,1159427.632,107.90,658051.280,1159427.618,94.2,1,658051.359,1159428.035,10.48526133,76.44418417,0.366,-0.013,10.0,9.8,0.5,15.6,2047,2003,RTK FIXED
14.328,074943.40,10.48526100,76.44418300,10.48526092,76.44418301,658051.292,1159427.632,107.90,658051.285,1159427.623,94.2,1,658051.359,1159428.035,10.48526133,76.44418417,0.366,-0.013,10.0,9.8,-0.5,15.1,2047,2003,RTK FIXED
14.382,074943.40,10.48526100,76.44418300,10.48526095,76.44418301,658051.292,1159427.632,107.90,658051.287,1159427.627,94.2,1,658051.359,1159428.035,10.48526133,76.44418417,0.366,-0.013,10.0,9.8,0.5,16.2,2047,2003,RTK FIXED
14.436,074943.60,10.48526100,76.44418300,10.48526097,76.44418300,658051.248,1159427.628,107.90,658051.272,1159427.627,94.2,1,658051.359,1159428.035,10.48526133,76.44418417,0.356,-0.017,10.0,9.7,-0.5,16.9,2047,1988,RTK FIXED
14.482,074943.60,10.48526100,76.44418300,10.48526098,76.44418300,658051.248,1159427.628,107.90,658051.262,1159427.627,94.2,1,658051.359,1159428.035,10.48526133,76.44418417,0.356,-0.017,10.0,9.7,0.5,17.0,2047,1988,RTK FIXED
14.536,074943.60,10.48526100,76.44418300,10.48526099,76.44418300,658051.248,1159427.628,107.90,658051.257,1159427.627,94.2,1,658051.359,1159428.035,10.48526133,76.44418417,0.356,-0.017,10.0,9.7,-0.5,17.6,2047,1988,RTK FIXED
14.581,074943.60,10.48526100,76.44418300,10.48526099,76.44418300,658051.248,1159427.628,107.90,658051.253,1159427.628,94.2,1,658051.359,1159428.035,10.48526133,76.44418417,0.356,-0.017,10.0,9.7,0.5,17.6,2047,1988,RTK FIXED
14.636,074943.60,10.48526100,76.44418300,10.48526100,76.44418300,658051.248,1159427.628,107.90,658051.251,1159427.628,94.2,1,658051.359,1159428.035,10.48526133,76.44418417,0.356,-0.017,10.0,9.7,0.0,17.8,2047,1988,RTK FIXED
14.681,074943.60,10.48526100,76.44418300,10.48526100,76.44418300,658051.248,1159427.628,107.90,658051.250,1159427.628,94.2,1,658051.359,1159428.035,10.48526133,76.44418417,0.356,-0.017,10.0,9.7,0.0,17.1,2047,1988,RTK FIXED
14.739,074943.80,10.48526200,76.44418300,10.48526140,76.44418300,658051.248,1159427.738,107.90,658051.249,1159427.672,94.2,2,658050.825,1159428.954,10.48526967,76.44417933,0.359,0.101,8.4,10.0,-0.4,17.4,1728,2047,RTK FIXED
14.782,074943.80,10.48526200,76.44418300,10.48526164,76.44418300,658051.248,1159427.738,107.90,658051.249,1159427.698,94.2,2,658050.825,1159428.954,10.48526967,76.44417933,0.359,0.101,8.4,10.0,0.0,17.4,1728,2047,RTK FIXED
14.836,074943.80,10.48526200,76.44418300,10.48526178,76.44418300,658051.248,1159427.738,107.90,658051.248,1159427.714,94.2,2,658050.825,1159428.954,10.48526967,76.44417933,0.359,0.101,8.4,10.0,0.5,17.1,1728,2047,RTK FIXED
14.882,074943.80,10.48526200,76.44418300,10.48526187,76.44418300,658051.248,1159427.738,107.90,658051.248,1159427.724,94.2,2,658050.825,1159428.954,10.48526967,76.44417933,0.359,0.101,8.4,10.0,0.0,17.0,1728,2047,RTK FIXED
14.937,074944.00,10.48526200,76.44418300,10.48526192,76.44418300,658051.248,1159427.738,108.00,658051.248,1159427.730,97.1,2,658050.825,1159428.954,10.48526967,76.44417933,0.362,0.078,8.8,10.0,-0.5,17.8,1798,2047,RTK FIXED
14.989,074944.00,10.48526200,76.44418300,10.48526195,76.44418300,658051.248,1159427.738,108.00,658051.248,1159427.733,97.1,2,658050.825,1159428.954,10.48526967,76.44417933,0.362,0.078,8.8,10.0,0.5,18.0,1798,2047,RTK FIXED
15.036,074944.00,10.48526200,76.44418300,10.48526197,76.44418300,658051.248,1159427.738,108.00,658051.248,1159427.735,97.1,2,658050.825,1159428.954,10.48526967,76.44417933,0.362,0.078,8.8,10.0,0.0,17.6,1798,2047,RTK FIXED
15.091,074944.20,10.48526200,76.44418300,10.48526198,76.44418300,658051.266,1159427.740,108.00,658051.255,1159427.737,97.1,2,658050.825,1159428.954,10.48526967,76.44417933,0.361,0.083,8.7,10.0,-0.5,17.5,1783,2047,RTK FIXED
15.136,074944.20,10.48526200,76.44418300,10.48526199,76.44418300,658051.266,1159427.740,108.00,658051.259,1159427.738,97.1,2,658050.825,1159428.954,10.48526967,76.44417933,0.361,0.083,8.7,10.0,0.5,17.6,1783,2047,RTK FIXED
15.190,074944.20,10.48526200,76.44418300,10.48526199,76.44418300,658051.266,1159427.740,108.00,658051.262,1159427.739,97.1,2,658050.825,1159428.954,10.48526967,76.44417933,0.361,0.083,8.7,10.0,-0.5,17.1,1783,2047,RTK FIXED
15.237,074944.40,10.48526300,76.44418300,10.48526240,76.44418300,658051.265,1159427.850,108.00,658051.263,1159427.783,97.1,2,658050.825,1159428.954,10.48526967,76.44417933,0.360,0.092,8.6,10.0,0.5,17.7,1755,2047,RTK FIXED
15.290,074944.40,10.48526300,76.44418300,10.48526264,76.44418300,658051.265,1159427.850,108.00,658051.264,1159427.810,97.1,2,658050.825,1159428.954,10.48526967,76.44417933,0.360,0.092,8.6,10.0,0.0,17.8,1755,2047,RTK FIXED
15.337,074944.40,10.48526300,76.44418300,10.48526278,76.44418300,658051.265,1159427.850,108.00,658051.265,1159427.826,97.1,2,658050.825,1159428.954,10.48526967,76.44417933,0.360,0.092,8.6,10.0,0.0,17.3,1755,2047,RTK FIXED
15.391,074944.40,10.48526300,76.44418300,10.48526287,76.44418300,658051.265,1159427.850,108.00,658051.265,1159427.836,97.1,2,658050.825,1159428.954,10.48526967,76.44417933,0.360,0.092,8.6,10.0,0.0,17.2,1755,2047,RTK FIXED
15.437,074944.40,10.48526300,76.44418300,10.48526292,76.44418300,658051.265,1159427.850,108.00,658051.265,1159427.841,97.1,2,658050.825,1159428.954,10.48526967,76.44417933,0.360,0.092,8.6,10.0,-0.5,17.3,1755,2047,RTK FIXED
15.491,074944.40,10.48526300,76.44418300,10.48526295,76.44418300,658051.265,1159427.850,108.00,658051.265,1159427.845,97.1,2,658050.825,1159428.954,10.48526967,76.44417933,0.360,0.092,8.6,10.0,0.0,17.6,1755,2047,RTK FIXED
15.545,074944.60,10.48526300,76.44418300,10.48526297,76.44418300,658051.265,1159427.850,108.00,658051.265,1159427.847,93.7,2,658050.825,1159428.954,10.48526967,76.44417933,0.354,0.127,8.1,10.0,0.0,17.0,1648,2047,RTK FIXED
15.591,074944.60,10.48526300,76.44418300,10.48526298,76.44418300,658051.265,1159427.850,108.00,658051.265,1159427.848,93.7,2,658050.825,1159428.954,10.48526967,76.44417933,0.354,0.127,8.1,10.0,0.5,18.0,1648,2047,RTK FIXED
15.645,074944.60,10.48526300,76.44418300,10.48526299,76.44418300,658051.265,1159427.850,108.00,658051.265,1159427.849,93.7,2,658050.825,1159428.954,10.48526967,76.44417933,0.354,0.127,8.1,10.0,-0.5,16.8,1648,2047,RTK FIXED
15.691,074944.60,10.48526300,76.44418300,10.48526299,76.44418300,658051.265,1159427.850,108.00,658051.265,1159427.849,93.7,2,658050.825,1159428.954,10.48526967,76.44417933,0.354,0.127,8.1,10.0,0.0,17.2,1648,2047,RTK FIXED
15.745,074944.80,10.48526400,76.44418300,10.48526340,76.44418300,658051.243,1159427.959,108.00,658051.257,1159427.893,93.7,2,658050.825,1159428.954,10.48526967,76.44417933,0.353,0.134,8.0,10.0,0.0,17.6,1627,2047,RTK FIXED
15.790,074944.80,10.48526400,76.44418300,10.48526364,76.44418300,658051.243,1159427.959,108.00,658051.251,1159427.920,93.7,2,658050.825,1159428.954,10.48526967,76.44417933,0.353,0.134,8.0,10.0,0.0,17.8,1627,2047,RTK FIXED
15.845,074944.80,10.48526400,76.44418300,10.48526378,76.44418300,658051.243,1159427.959,108.00,658051.248,1159427.936,93.7,2,658050.825,1159428.954,10.48526967,76.44417933,0.353,0.134,8.0,10.0,0.5,17.4,1627,2047,RTK FIXED
15.892,074944.80,10.48526400,76.44418300,10.48526387,76.44418300,658051.243,1159427.959,108.00,658051.246,1159427.945,93.7,2,658050.825,1159428.954,10.48526967,76.44417933,0.353,0.134,8.0,10.0,0.0,17.4,1627,2047,RTK FIXED
15.945,074945.00,10.48526400,76.44418300,10.48526392,76.44418300,658051.243,1159427.959,108.00,658051.245,1159427.951,94.7,2,658050.825,1159428.954,10.48526967,76.44417933,0.354,0.130,8.0,10.0,-0.5,17.4,1642,2047,RTK FIXED
15.991,074945.00,10.48526400,76.44418300,10.48526395,76.44418300,658051.243,1159427.959,108.00,658051.244,1159427.954,94.7,2,658050.825,1159428.954,10.48526967,76.44417933,0.354,0.130,8.0,10.0,0.0,17.4,1642,2047,RTK FIXED
16.046,074945.20,10.48526400,76.44418300,10.48526397,76.44418300,658051.250,1159427.960,108.00,658051.246,1159427.956,94.7,2,658050.825,1159428.954,10.48526967,76.44417933,0.353,0.134,8.0,10.0,0.5,17.5,1628,2047,RTK FIXED
16.091,074945.20,10.48526400,76.44418300,10.48526398,76.44418300,658051.250,1159427.960,108.00,658051.248,1159427.958,94.7,2,658050.825,1159428.954,10.48526967,76.44417933,0.353,0.134,8.0,10.0,0.0,17.2,1628,2047,RTK FIXED
16.145,074945.20,10.48526400,76.44418300,10.48526399,76.44418300,658051.250,1159427.960,108.00,658051.249,1159427.958,94.7,2,658050.825,1159428.954,10.48526967,76.44417933,0.353,0.134,8.0,10.0,0.0,17.8,1628,2047,RTK FIXED
16.199,074945.20,10.48526400,76.44418300,10.48526399,76.44418300,658051.250,1159427.960,108.00,658051.249,1159427.959,94.7,2,658050.825,1159428.954,10.48526967,76.44417933,0.353,0.134,8.0,10.0,0.0,17.7,1628,2047,RTK FIXED
16.246,074945.40,10.48526400,76.44418200,10.48526400,76.44418260,658051.140,1159427.959,108.00,658051.206,1159427.959,94.7,2,658050.825,1159428.954,10.48526967,76.44417933,0.357,0.112,8.3,10.0,0.0,17.3,1695,2047,RTK FIXED
16.299,074945.40,10.48526400,76.44418200,10.48526400,76.44418236,658051.140,1159427.959,108.00,658051.180,1159427.959,94.7,2,658050.825,1159428.954,10.48526967,76.44417933,0.357,0.112,8.3,10.0,-0.5,17.7,1695,2047,RTK FIXED
16.345,074945.40,10.48526400,76.44418200,10.48526400,76.44418222,658051.140,1159427.959,108.00,658051.164,1159427.959,94.7,2,658050.825,1159428.954,10.48526967,76.44417933,0.357,0.112,8.3,10.0,0.5,17.9,1695,2047,RTK FIXED
16.399,074945.40,10.48526400,76.44418200,10.48526400,76.44418213,658051.140,1159427.959,108.00,658051.155,1159427.959,94.7,2,658050.825,1159428.954,10.48526967,76.44417933,0.357,0.112,8.3,10.0,0.0,17.7,1695,2047,RTK FIXED
16.445,074945.40,10.48526400,76.44418200,10.48526400,76.44418208,658051.140,1159427.959,108.00,658051.149,1159427.959,94.7,2,658050.825,1159428.954,10.48526967,76.44417933,0.357,0.112,8.3,10.0,0.0,17.9,1695,2047,RTK FIXED
16.500,074945.40,10.48526400,76.44418200,10.48526400,76.44418205,658051.140,1159427.959,108.00,658051.146,1159427.959,94.7,2,658050.825,1159428.954,10.48526967,76.44417933,0.357,0.112,8.3,10.0,0.0,17.6,1695,2047,RTK FIXED
16.546,074945.60,10.48526500,76.44418200,10.48526440,76.44418203,658051.140,1159428.070,108.00,658051.143,1159428.003,104.8,2,658050.825,1159428.954,10.48526967,76.44417933,0.366,0.025,9.6,10.0,0.0,18.3,1964,2047,RTK FIXED
16.600,074945.60,10.48526500,76.44418200,10.48526464,76.44418202,658051.140,1159428.070,108.00,658051.142,1159428.030,104.8,2,658050.825,1159428.954,10.48526967,76.44417933,0.366,0.025,9.6,10.0,0.0,17.7,1964,2047,RTK FIXED
16.645,074945.60,10.48526500,76.44418200,10.48526478,76.44418201,658051.140,1159428.070,108.00,658051.141,1159428.046,104.8,2,658050.825,1159428.954,10.48526967,76.44417933,0.366,0.025,9.6,10.0,0.0,18.0,1964,2047,RTK FIXED
16.700,074945.60,10.48526500,76.44418200,10.48526487,76.44418201,658051.140,1159428.070,108.00,658051.141,1159428.055,104.8,2,658050.825,1159428.954,10.48526967,76.44417933,0.366,0.025,9.6,10.0,0.0,18.9,1964,2047,RTK FIXED
16.754,074945.80,10.48526500,76.44418200,10.48526492,76.44418200,658051.204,1159428.079,108.00,658051.166,1159428.065,104.8,2,658050.825,1159428.954,10.48526967,76.44417933,0.365,0.041,9.4,10.0,0.0,18.0,1914,2047,RTK FIXED
16.800,074945.80,10.48526500,76.44418200,10.48526495,76.44418200,658051.204,1159428.079,108.00,658051.181,1159428.070,104.8,2,658050.825,1159428.954,10.48526967,76.44417933,0.365,0.041,9.4,10.0,0.0,18.5,1914,2047,RTK FIXED
16.853,074945.80,10.48526500,76.44418200,10.48526497,76.44418200,658051.204,1159428.079,108.00,658051.191,1159428.074,104.8,2,658050.825,1159428.954,10.48526967,76.44417933,0.365,0.041,9.4,10.0,-0.5,19.0,1914,2047,RTK FIXED
16.900,074945.80,10.48526500,76.44418200,10.48526498,76.44418200,658051.204,1159428.079,108.00,658051.196,1159428.076,104.8,2,658050.825,1159428.954,10.48526967,76.44417933,0.365,0.041,9.4,10.0,0.5,18.9,1914,2047,RTK FIXED
16.954,074946.00,10.48526500,76.44418200,10.48526499,76.44418200,658051.204,1159428.079,108.00,658051.199,1159428.077,104.8,2,658050.825,1159428.954,10.48526967,76.44417933,0.364,0.050,9.2,10.0,0.0,20.3,1884,2047,RTK FIXED
17.000,074946.00,10.48526500,76.44418200,10.48526499,76.44418200,658051.204,1159428.079,108.00,658051.201,1159428.078,104.8,2,658050.825,1159428.954,10.48526967,76.44417933,0.364,0.050,9.2,10.0,0.0,20.2,1884,2047,RTK FIXED
17.054,074946.00,10.48526500,76.44418200,10.48526500,76.44418200,658051.204,1159428.079,108.00,658051.203,1159428.078,104.8,2,658050.825,1159428.954,10.48526967,76.44417933,0.364,0.050,9.2,10.0,0.0,19.5,1884,2047,RTK FIXED
17.100,074946.20,10.48526600,76.44418200,10.48526540,76.44418200,658051.204,1159428.190,108.00,658051.203,1159428.123,97.5,2,658050.825,1159428.954,10.48526967,76.44417933,0.353,0.133,8.0,10.0,0.0,19.2,1630,2047,RTK FIXED
17.153,074946.20,10.48526600,76.44418200,10.48526564,76.44418200,658051.204,1159428.190,108.00,658051.203,1159428.150,97.5,2,658050.825,1159428.954,10.48526967,76.44417933,0.353,0.133,8.0,10.0,-0.5,18.5,1630,2047,RTK FIXED
17.200,074946.20,10.48526600,76.44418200,10.48526578,76.44418200,658051.204,1159428.190,108.00,658051.204,1159428.166,97.5,2,658050.825,1159428.954,10.48526967,76.44417933,0.353,0.133,8.0,10.0,0.0,18.3,1630,2047,RTK FIXED
17.254,074946.40,10.48526600,76.44418100,10.48526587,76.44418160,658051.048,1159428.181,108.00,658051.141,1159428.172,97.5,2,658050.825,1159428.954,10.48526967,76.44417933,0.357,0.111,8.3,10.0,0.0,16.9,1698,2047,RTK FIXED
17.308,074946.40,10.48526600,76.44418100,10.48526592,76.44418136,658051.048,1159428.181,108.00,658051.104,1159428.176,97.5,2,658050.825,1159428.954,10.48526967,76.44417933,0.357,0.111,8.3,10.0,0.5,18.2,1698,2047,RTK FIXED
17.353,074946.40,10.48526600,76.44418100,10.48526595,76.44418122,658051.048,1159428.181,108.00,658051.081,1159428.178,97.5,2,658050.825,1159428.954,10.48526967,76.44417933,0.357,0.111,8.3,10.0,-0.5,18.1,1698,2047,RTK FIXED
17.408,074946.40,10.48526600,76.44418100,10.48526597,76.44418113,658051.048,1159428.181,108.00,658051.068,1159428.179,97.5,2,658050.825,1159428.954,10.48526967,76.44417933,0.357,0.111,8.3,10.0,0.5,18.3,1698,2047,RTK FIXED
17.453,074946.40,10.48526600,76.44418100,10.48526598,76.44418108,658051.048,1159428.181,108.00,658051.060,1159428.180,97.5,2,658050.825,1159428.954,10.48526967,76.44417933,0.357,0.111,8.3,10.0,0.0,18.1,1698,2047,RTK FIXED
17.508,074946.60,10.48526600,76.44418100,10.48526599,76.44418105,658051.048,1159428.181,108.00,658051.055,1159428.180,114.1,2,658050.825,1159428.954,10.48526967,76.44417933,0.364,-0.048,10.0,9.2,-0.5,18.2,2047,1892,RTK FIXED
17.553,074946.60,10.48526600,76.44418100,10.48526599,76.44418103,658051.048,1159428.181,108.00,658051.052,1159428.181,114.1,2,658050.825,1159428.954,10.48526967,76.44417933,0.364,-0.048,10.0,9.2,0.0,17.8,2047,1892,RTK FIXED
17.608,074946.60,10.48526600,76.44418100,10.48526600,76.44418102,658051.048,1159428.181,108.00,658051.050,1159428.181,114.1,2,658050.825,1159428.954,10.48526967,76.44417933,0.364,-0.048,10.0,9.2,0.0,17.4,2047,1892,RTK FIXED
17.654,074946.60,10.48526600,76.44418100,10.48526600,76.44418101,658051.048,1159428.181,108.00,658051.049,1159428.181,114.1,2,658050.825,1159428.954,10.48526967,76.44417933,0.364,-0.048,10.0,9.2,0.5,16.8,2047,1892,RTK FIXED
17.708,074946.60,10.48526600,76.44418100,10.48526600,76.44418101,658051.048,1159428.181,108.00,658051.049,1159428.181,114.1,2,658050.825,1159428.954,10.48526967,76.44417933,0.364,-0.048,10.0,9.2,-0.5,16.2,2047,1892,RTK FIXED
17.762,074946.80,10.48526600,76.44418100,10.48526600,76.44418100,658051.152,1159428.208,108.00,658051.090,1159428.192,114.1,2,658050.825,1159428.954,10.48526967,76.44417933,0.365,-0.031,10.0,9.5,0.5,16.2,2047,1946,RTK FIXED
17.808,074946.80,10.48526600,76.44418100,10.48526600,76.44418100,658051.152,1159428.208,108.00,658051.115,1159428.198,114.1,2,658050.825,1159428.954,10.48526967,76.44417933,0.365,-0.031,10.0,9.5,0.0,16.4,2047,1946,RTK FIXED
17.862,074946.80,10.48526600,76.44418100,10.48526600,76.44418100,658051.152,1159428.208,108.00,658051.129,1159428.202,114.1,2,658050.825,1159428.954,10.48526967,76.44417933,0.365,-0.031,10.0,9.5,-0.5,17.2,2047,1946,RTK FIXED
17.908,074946.80,10.48526600,76.44418100,10.48526600,76.44418100,658051.152,1159428.208,108.00,658051.138,1159428.204,114.1,2,658050.825,1159428.954,10.48526967,76.44417933,0.365,-0.031,10.0,9.5,0.0,18.1,2047,1946,RTK FIXED
17.963,074947.00,10.48526700,76.44418100,10.48526640,76.44418100,658051.151,1159428.318,108.00,658051.143,1159428.250,100.4,2,658050.825,1159428.954,10.48526967,76.44417933,0.357,0.113,8.3,10.0,0.0,18.7,1691,2047,RTK FIXED
18.008,074947.00,10.48526700,76.44418100,10.48526664,76.44418100,658051.151,1159428.318,108.00,658051.147,1159428.277,100.4,2,658050.825,1159428.954,10.48526967,76.44417933,0.357,0.113,8.3,10.0,0.0,17.0,1691,2047,RTK FIXED
18.062,074947.00,10.48526700,76.44418100,10.48526678,76.44418100,658051.151,1159428.318,108.00,658051.148,1159428.294,100.4,2,658050.825,1159428.954,10.48526967,76.44417933,0.357,0.113,8.3,10.0,0.0,17.6,1691,2047,RTK FIXED
18.109,074947.20,10.48526700,76.44418100,10.48526687,76.44418100,658051.066,1159428.294,108.00,658051.115,1159428.294,100.4,2,658050.825,1159428.954,10.48526967,76.44417933,0.358,0.106,8.4,10.0,0.0,18.1,1712,2047,RTK FIXED
18.162,074947.20,10.48526700,76.44418100,10.48526692,76.44418100,658051.066,1159428.294,108.00,658051.096,1159428.294,100.4,2,658050.825,1159428.954,10.48526967,76.44417933,0.358,0.106,8.4,10.0,0.5,16.9,1712,2047,RTK FIXED
18.208,074947.20,10.48526700,76.44418100,10.48526695,76.44418100,658051.066,1159428.294,108.00,658051.084,1159428.294,100.4,2,658050.825,1159428.954,10.48526967,76.44417933,0.358,0.106,8.4,10.0,0.0,16.4,1712,2047,RTK FIXED
18.263,074947.40,10.48526700,76.44418100,10.48526697,76.44418100,658051.066,1159428.294,108.00,658051.076,1159428.294,100.4,2,658050.825,1159428.954,10.48526967,76.44417933,0.358,0.102,8.4,10.0,0.0,17.8,1724,2047,RTK FIXED
18.308,074947.40,10.48526700,76.44418100,10.48526698,76.44418100,658051.066,1159428.294,108.00,658051.072,1159428.294,100.4,2,658050.825,1159428.954,10.48526967,76.44417933,0.358,0.102,8.4,10.0,0.0,17.6,1724,2047,RTK FIXED
18.363,074947.40,10.48526700,76.44418100,10.48526699,76.44418100,658051.066,1159428.294,108.00,658051.070,1159428.294,100.4,2,658050.825,1159428.954,10.48526967,76.44417933,0.358,0.102,8.4,10.0,0.0,17.5,1724,2047,RTK FIXED
18.416,074947.40,10.48526700,76.44418100,10.48526699,76.44418100,658051.066,1159428.294,108.00,658051.068,1159428.294,100.4,2,658050.825,1159428.954,10.48526967,76.44417933,0.358,0.102,8.4,10.0,-0.5,17.4,1724,2047,RTK FIXED
18.464,074947.40,10.48526700,76.44418100,10.48526700,76.44418100,658051.066,1159428.294,108.00,658051.067,1159428.294,100.4,2,658050.825,1159428.954,10.48526967,76.44417933,0.358,0.102,8.4,10.0,0.5,17.9,1724,2047,RTK FIXED
18.517,074947.60,10.48526700,76.44418000,10.48526700,76.44418060,658050.956,1159428.294,108.00,658051.023,1159428.294,116.3,2,658050.825,1159428.954,10.48526967,76.44417933,0.363,-0.062,10.0,9.0,-0.5,17.7,2047,1846,RTK FIXED
18.562,074947.60,10.48526700,76.44418000,10.48526700,76.44418036,658050.956,1159428.294,108.00,658050.996,1159428.294,116.3,2,658050.825,1159428.954,10.48526967,76.44417933,0.363,-0.062,10.0,9.0,0.6,17.2,2047,1846,RTK FIXED
18.617,074947.60,10.48526700,76.44418000,10.48526700,76.44418022,658050.956,1159428.294,108.00,658050.980,1159428.294,116.3,2,658050.825,1159428.954,10.48526967,76.44417933,0.363,-0.062,10.0,9.0,-0.5,16.9,2047,1846,RTK FIXED
18.663,074947.60,10.48526700,76.44418000,10.48526700,76.44418013,658050.956,1159428.294,108.00,658050.971,1159428.294,116.3,2,658050.825,1159428.954,10.48526967,76.44417933,0.363,-0.062,10.0,9.0,0.0,15.7,2047,1846,RTK FIXED
18.717,074947.80,10.48526800,76.44418000,10.48526740,76.44418008,658051.054,1159428.434,108.00,658051.004,1159428.350,116.3,2,658050.825,1159428.954,10.48526967,76.44417933,0.365,-0.040,10.0,9.4,0.5,15.6,2047,1917,RTK FIXED
18.763,074947.80,10.48526800,76.44418000,10.48526764,76.44418005,658051.054,1159428.434,108.00,658051.024,1159428.383,116.3,2,658050.825,1159428.954,10.48526967,76.44417933,0.365,-0.040,10.0,9.4,0.0,15.3,2047,1917,RTK FIXED
18.816,074947.80,10.48526800,76.44418000,10.48526778,76.44418003,658051.054,1159428.434,108.00,658051.036,1159428.404,116.3,2,658050.825,1159428.954,10.48526967,76.44417933,0.365,-0.040,10.0,9.4,-0.5,15.1,2047,1917,RTK FIXED
18.864,074947.80,10.48526800,76.44418000,10.48526787,76.44418002,658051.054,1159428.434,108.00,658051.043,1159428.416,116.3,2,658050.825,1159428.954,10.48526967,76.44417933,0.365,-0.040,10.0,9.4,0.5,15.9,2047,1917,RTK FIXED
18.918,074948.00,10.48526800,76.44418000,10.48526792,76.44418001,658051.054,1159428.434,108.00,658051.048,1159428.423,106.5,2,658050.825,1159428.954,10.48526967,76.44417933,0.363,0.060,9.1,10.0,-0.5,16.6,1855,2047,RTK FIXED
18.971,074948.00,10.48526800,76.44418000,10.48526795,76.44418001,658051.054,1159428.434,108.00,658051.050,1159428.427,106.5,2,658050.825,1159428.954,10.48526967,76.44417933,0.363,0.060,9.1,10.0,0.5,17.4,1855,2047,RTK FIXED
19.017,074948.00,10.48526800,76.44418000,10.48526797,76.44418000,658051.054,1159428.434,108.00,658051.052,1159428.430,106.5,2,658050.825,1159428.954,10.48526967,76.44417933,0.363,0.060,9.1,10.0,-0.5,18.4,1855,2047,RTK FIXED
19.071,074948.00,10.48526800,76.44418000,10.48526798,76.44418000,658051.054,1159428.434,108.00,658051.053,1159428.432,106.5,2,658050.825,1159428.954,10.48526967,76.44417933,0.363,0.060,9.1,10.0,0.0,16.6,1855,2047,RTK FIXED
19.118,074948.20,10.48526800,76.44418000,10.48526799,76.44418000,658050.994,1159428.412,108.00,658051.029,1159428.424,106.5,2,658050.825,1159428.954,10.48526967,76.44417933,0.364,0.052,9.2,10.0,0.5,17.6,1878,2047,RTK FIXED
19.172,074948.20,10.48526800,76.44418000,10.48526799,76.44418000,658050.994,1159428.412,108.00,658051.015,1159428.419,106.5,2,658050.825,1159428.954,10.48526967,76.44417933,0.364,0.052,9.2,10.0,-0.5,16.4,1878,2047,RTK FIXED
19.218,074948.20,10.48526800,76.44418000,10.48526800,76.44418000,658050.994,1159428.412,108.00,658051.007,1159428.417,106.5,2,658050.825,1159428.954,10.48526967,76.44417933,0.364,0.052,9.2,10.0,0.5,17.3,1878,2047,RTK FIXED
19.271,074948.20,10.48526800,76.44418000,10.48526800,76.44418000,658050.994,1159428.412,108.00,658051.002,1159428.415,106.5,2,658050.825,1159428.954,10.48526967,76.44417933,0.364,0.052,9.2,10.0,-0.5,17.3,1878,2047,RTK FIXED
19.318,074948.40,10.48526900,76.44418000,10.48526840,76.44418000,658050.994,1159428.523,108.00,658050.999,1159428.458,106.5,2,658050.825,1159428.954,10.48526967,76.44417933,0.363,0.062,9.0,10.0,0.5,17.7,1849,2047,RTK FIXED
19.372,074948.40,10.48526900,76.44418000,10.48526864,76.44418000,658050.994,1159428.523,108.00,658050.997,1159428.484,106.5,2,658050.825,1159428.954,10.48526967,76.44417933,0.363,0.062,9.0,10.0,-0.5,17.7,1849,2047,RTK FIXED
19.418,074948.60,10.48526900,76.44418000,10.48526878,76.44418000,658050.994,1159428.523,108.00,658050.996,1159428.500,108.6,2,658050.825,1159428.954,10.48526967,76.44417933,0.364,0.049,9.2,10.0,0.5,17.8,1889,2047,RTK FIXED
19.471,074948.60,10.48526900,76.44418000,10.48526887,76.44418000,658050.994,1159428.523,108.00,658050.995,1159428.509,108.6,2,658050.825,1159428.954,10.48526967,76.44417933,0.364,0.049,9.2,10.0,-0.5,18.0,1889,2047,RTK FIXED
19.525,074948.60,10.48526900,76.44418000,10.48526892,76.44418000,658050.994,1159428.523,108.00,658050.994,1159428.515,108.6,2,658050.825,1159428.954,10.48526967,76.44417933,0.364,0.049,9.2,10.0,0.5,17.4,1889,2047,RTK FIXED
19.572,074948.60,10.48526900,76.44418000,10.48526895,76.44418000,658050.994,1159428.523,108.00,658050.994,1159428.518,108.6,2,658050.825,1159428.954,10.48526967,76.44417933,0.364,0.049,9.2,10.0,-0.5,17.9,1889,2047,RTK FIXED
19.625,074948.60,10.48526900,76.44418000,10.48526897,76.44418000,658050.994,1159428.523,108.00,658050.994,1159428.520,108.6,2,658050.825,1159428.954,10.48526967,76.44417933,0.364,0.049,9.2,10.0,0.5,17.6,1889,2047,RTK FIXED
19.671,074948.60,10.48526900,76.44418000,10.48526898,76.44418000,658050.994,1159428.523,108.00,658050.994,1159428.521,108.6,2,658050.825,1159428.954,10.48526967,76.44417933,0.364,0.049,9.2,10.0,-0.5,18.1,1889,2047,RTK FIXED
19.726,074948.80,10.48526900,76.44417900,10.48526899,76.44417960,658050.898,1159428.526,108.00,658050.955,1159428.523,108.6,2,658050.825,1159428.954,10.48526967,76.44417933,0.365,0.032,9.5,10.0,0.5,17.8,1943,2047,RTK FIXED
19.772,074948.80,10.48526900,76.44417900,10.48526899,76.44417936,658050.898,1159428.526,108.00,658050.932,1159428.524,108.6,2,658050.825,1159428.954,10.48526967,76.44417933,0.365,0.032,9.5,10.0,0.0,18.0,1943,2047,RTK FIXED
19.825,074948.80,10.48526900,76.44417900,10.48526900,76.44417922,658050.898,1159428.526,108.00,658050.918,1159428.525,108.6,2,658050.825,1159428.954,10.48526967,76.44417933,0.365,0.032,9.5,10.0,-0.5,17.9,1943,2047,RTK FIXED
19.872,074948.80,10.48526900,76.44417900,10.48526900,76.44417913,658050.898,1159428.526,108.00,658050.910,1159428.526,108.6,2,658050.825,1159428.954,10.48526967,76.44417933,0.365,0.032,9.5,10.0,0.0,18.1,1943,2047,RTK FIXED
19.926,074949.00,10.48526900,76.44417900,10.48526900,76.44417908,658050.898,1159428.526,108.00,658050.905,1159428.526,108.6,2,658050.825,1159428.954,10.48526967,76.44417933,0.366,0.022,9.6,10.0,0.0,18.0,1975,2047,RTK FIXED
19.972,074949.00,10.48526900,76.44417900,10.48526900,76.44417905,658050.898,1159428.526,108.00,658050.902,1159428.526,108.6,2,658050.825,1159428.954,10.48526967,76.44417933,0.366,0.022,9.6,10.0,0.0,17.9,1975,2047,RTK FIXED
20.025,074949.00,10.48526900,76.44417900,10.48526900,76.44417903,658050.898,1159428.526,108.00,658050.900,1159428.526,108.6,2,658050.825,1159428.954,10.48526967,76.44417933,0.366,0.022,9.6,10.0,0.0,18.4,1975,2047,RTK FIXED
20.080,074949.00,10.48526900,76.44417900,10.48526900,76.44417902,658050.898,1159428.526,108.00,658050.899,1159428.526,108.6,2,658050.825,1159428.954,10.48526967,76.44417933,0.366,0.022,9.6,10.0,0.5,18.8,1975,2047,RTK FIXED
20.126,074949.20,10.48527000,76.44417900,10.48526940,76.44417901,658050.897,1159428.637,108.00,658050.898,1159428.570,116.6,2,658050.825,1159428.954,10.48526967,76.44417933,0.324,-0.041,10.0,9.3,0.0,18.8,2047,1897,RTK FIXED
20.179,074949.20,10.48527000,76.44417900,10.48526964,76.44417901,658050.897,1159428.637,108.00,658050.898,1159428.597,116.6,2,658050.825,1159428.954,10.48526967,76.44417933,0.324,-0.041,10.0,9.3,0.0,18.5,2047,1897,RTK FIXED
20.229,074949.40,10.48527000,76.44417900,10.48526978,76.44417900,658050.946,1159428.656,108.00,658050.917,1159428.620,116.6,3,658050.292,1159429.873,10.48527800,76.44417450,0.366,-0.007,10.0,9.9,0.0,19.1,2047,2023,RTK FIXED
20.280,074949.40,10.48527000,76.44417900,10.48526987,76.44417900,658050.946,1159428.656,108.00,658050.928,1159428.634,116.6,3,658050.292,1159429.873,10.48527800,76.44417450,0.366,-0.007,10.0,9.9,0.0,17.2,2047,2023,RTK FIXED
20.326,074949.40,10.48527000,76.44417900,10.48526992,76.44417900,658050.946,1159428.656,108.00,658050.935,1159428.643,116.6,3,658050.292,1159429.873,10.48527800,76.44417450,0.366,-0.007,10.0,9.9,0.0,18.1,2047,2023,RTK FIXED
20.380,074949.40,10.48527000,76.44417900,10.48526995,76.44417900,658050.946,1159428.656,108.00,658050.939,1159428.648,116.6,3,658050.292,1159429.873,10.48527800,76.44417450,0.366,-0.007,10.0,9.9,0.0,17.9,2047,2023,RTK FIXED
20.427,074949.60,10.48527000,76.44417800,10.48526997,76.44417860,658050.836,1159428.655,108.00,658050.898,1159428.651,116.6,3,658050.292,1159429.873,10.48527800,76.44417450,0.366,-0.018,10.0,9.7,-0.5,18.7,2047,1988,RTK FIXED
20.480,074949.60,10.48527000,76.44417800,10.48526998,76.44417836,658050.836,1159428.655,108.00,658050.873,1159428.652,116.6,3,658050.292,1159429.873,10.48527800,76.44417450,0.366,-0.018,10.0,9.7,0.5,18.7,2047,1988,RTK FIXED
20.526,074949.60,10.48527000,76.44417800,10.48526999,76.44417822,658050.836,1159428.655,108.00,658050.858,1159428.653,116.6,3,658050.292,1159429.873,10.48527800,76.44417450,0.366,-0.018,10.0,9.7,-0.5,18.4,2047,1988,RTK FIXED
20.580,074949.60,10.48527000,76.44417800,10.48526999,76.44417813,658050.836,1159428.655,108.00,658050.849,1159428.654,116.6,3,658050.292,1159429.873,10.48527800,76.44417450,0.366,-0.018,10.0,9.7,0.0,19.0,2047,1988,RTK FIXED
20.626,074949.60,10.48527000,76.44417800,10.48527000,76.44417808,658050.836,1159428.655,108.00,658050.844,1159428.654,116.6,3,658050.292,1159429.873,10.48527800,76.44417450,0.366,-0.018,10.0,9.7,0.0,18.0,2047,1988,RTK FIXED
20.680,074949.60,10.48527000,76.44417800,10.48527000,76.44417805,658050.836,1159428.655,108.00,658050.841,1159428.655,116.6,3,658050.292,1159429.873,10.48527800,76.44417450,0.366,-0.018,10.0,9.7,0.0,17.5,2047,1988,RTK FIXED
20.735,074949.80,10.48527100,76.44417800,10.48527040,76.44417803,658050.836,1159428.766,108.00,658050.839,1159428.699,115.6,3,658050.292,1159429.873,10.48527800,76.44417450,0.366,-0.007,10.0,9.9,0.0,18.0,2047,2023,RTK FIXED
20.780,074949.80,10.48527100,76.44417800,10.48527064,76.44417802,658050.836,1159428.766,108.00,658050.837,1159428.726,115.6,3,658050.292,1159429.873,10.48527800,76.44417450,0.366,-0.007,10.0,9.9,0.0,18.0,2047,2023,RTK FIXED
20.834,074949.80,10.48527100,76.44417800,10.48527078,76.44417801,658050.836,1159428.766,108.00,658050.837,1159428.742,115.6,3,658050.292,1159429.873,10.48527800,76.44417450,0.366,-0.007,10.0,9.9,0.0,18.1,2047,2023,RTK FIXED
20.881,074949.80,10.48527100,76.44417800,10.48527087,76.44417801,658050.836,1159428.766,108.00,658050.836,1159428.751,115.6,3,658050.292,1159429.873,10.48527800,76.44417450,0.366,-0.007,10.0,9.9,0.5,18.8,2047,2023,RTK FIXED
20.935,074950.00,10.48527100,76.44417800,10.48527092,76.44417800,658050.829,1159428.763,108.00,658050.833,1159428.756,115.6,3,658050.292,1159429.873,10.48527800,76.44417450,0.366,-0.007,10.0,9.9,0.0,18.5,2047,2022,RTK FIXED
20.981,074950.00,10.48527100,76.44417800,10.48527095,76.44417800,658050.829,1159428.763,108.00,658050.832,1159428.759,115.6,3,658050.292,1159429.873,10.48527800,76.44417450,0.366,-0.007,10.0,9.9,-0.5,18.0,2047,2022,RTK FIXED
21.034,074950.00,10.48527100,76.44417800,10.48527097,76.44417800,658050.829,1159428.763,108.00,658050.831,1159428.760,115.6,3,658050.292,1159429.873,10.48527800,76.44417450,0.366,-0.007,10.0,9.9,0.0,17.2,2047,2022,RTK FIXED
21.081,074950.00,10.48527100,76.44417800,10.48527098,76.44417800,658050.829,1159428.763,108.00,658050.830,1159428.761,115.6,3,658050.292,1159429.873,10.48527800,76.44417450,0.366,-0.007,10.0,9.9,0.5,18.4,2047,2022,RTK FIXED
21.135,074950.20,10.48527100,76.44417800,10.48527099,76.44417800,658050.829,1159428.763,108.00,658050.830,1159428.762,115.6,3,658050.292,1159429.873,10.48527800,76.44417450,0.366,-0.008,10.0,9.9,0.0,18.0,2047,2022,RTK FIXED
21.180,074950.20,10.48527100,76.44417800,10.48527099,76.44417800,658050.829,1159428.763,108.00,658050.830,1159428.762,115.6,3,658050.292,1159429.873,10.48527800,76.44417450,0.366,-0.008,10.0,9.9,-0.6,18.3,2047,2022,RTK FIXED
21.235,074950.40,10.48527200,76.44417800,10.48527140,76.44417800,658050.829,1159428.873,108.00,658050.829,1159428.807,112.8,3,658050.292,1159429.873,10.48527800,76.44417450,0.365,0.026,9.6,10.0,0.0,18.2,1960,2047,RTK FIXED
21.289,074950.40,10.48527200,76.44417800,10.48527164,76.44417800,658050.829,1159428.873,108.00,658050.829,1159428.833,112.8,3,658050.292,1159429.873,10.48527800,76.44417450,0.365,0.026,9.6,10.0,0.0,18.2,1960,2047,RTK FIXED
21.334,074950.40,10.48527200,76.44417800,10.48527178,76.44417800,658050.829,1159428.873,108.00,658050.829,1159428.849,112.8,3,658050.292,1159429.873,10.48527800,76.44417450,0.365,0.026,9.6,10.0,0.0,18.2,1960,2047,RTK FIXED
21.390,074950.40,10.48527200,76.44417800,10.48527187,76.44417800,658050.829,1159428.873,108.00,658050.829,1159428.859,112.8,3,658050.292,1159429.873,10.48527800,76.44417450,0.365,0.026,9.6,10.0,0.0,18.2,1960,2047,RTK FIXED
21.436,074950.60,10.48527200,76.44417700,10.48527192,76.44417760,658050.703,1159428.866,108.00,658050.778,1159428.862,112.8,3,658050.292,1159429.873,10.48527800,76.44417450,0.366,0.007,9.9,10.0,0.6,18.3,2024,2047,RTK FIXED
21.488,074950.60,10.48527200,76.44417700,10.48527195,76.44417736,658050.703,1159428.866,108.00,658050.748,1159428.863,112.8,3,658050.292,1159429.873,10.48527800,76.44417450,0.366,0.007,9.9,10.0,-0.5,18.0,2024,2047,RTK FIXED
21.535,074950.60,10.48527200,76.44417700,10.48527197,76.44417722,658050.703,1159428.866,108.00,658050.730,1159428.864,112.8,3,658050.292,1159429.873,10.48527800,76.44417450,0.366,0.007,9.9,10.0,0.0,17.7,2024,2047,RTK FIXED
21.589,074950.60,10.48527200,76.44417700,10.48527198,76.44417713,658050.703,1159428.866,108.00,658050.719,1159428.865,112.8,3,658050.292,1159429.873,10.48527800,76.44417450,0.366,0.007,9.9,10.0,0.0,18.0,2024,2047,RTK FIXED
21.635,074950.60,10.48527200,76.44417700,10.48527199,76.44417708,658050.703,1159428.866,108.00,658050.712,1159428.865,112.8,3,658050.292,1159429.873,10.48527800,76.44417450,0.366,0.007,9.9,10.0,0.5,17.8,2024,2047,RTK FIXED
21.689,074950.60,10.48527200,76.44417700,10.48527199,76.44417705,658050.703,1159428.866,108.00,658050.708,1159428.866,112.8,3,658050.292,1159429.873,10.48527800,76.44417450,0.366,0.007,9.9,10.0,0.0,18.2,2024,2047,RTK FIXED
21.736,074950.80,10.48527200,76.44417700,10.48527200,76.44417703,658050.703,1159428.866,108.00,658050.706,1159428.866,124.0,3,658050.292,1159429.873,10.48527800,76.44417450,0.358,-0.104,10.0,8.4,-0.5,17.5,2047,1718,RTK FIXED
21.789,074950.80,10.48527200,76.44417700,10.48527200,76.44417702,658050.703,1159428.866,108.00,658050.705,1159428.866,124.0,3,658050.292,1159429.873,10.48527800,76.44417450,0.358,-0.104,10.0,8.4,0.5,17.9,2047,1718,RTK FIXED
21.835,074950.80,10.48527200,76.44417700,10.48527200,76.44417701,658050.703,1159428.866,108.00,658050.704,1159428.866,124.0,3,658050.292,1159429.873,10.48527800,76.44417450,0.358,-0.104,10.0,8.4,-0.5,17.5,2047,1718,RTK FIXED
21.889,074950.80,10.48527200,76.44417700,10.48527200,76.44417701,658050.703,1159428.866,108.00,658050.703,1159428.866,124.0,3,658050.292,1159429.873,10.48527800,76.44417450,0.358,-0.104,10.0,8.4,0.0,17.0,2047,1718,RTK FIXED
21.944,074951.00,10.48527300,76.44417700,10.48527240,76.44417700,658050.767,1159429.009,108.00,658050.729,1159428.923,124.0,3,658050.292,1159429.873,10.48527800,76.44417450,0.361,-0.085,10.0,8.7,0.0,17.0,2047,1777,RTK FIXED
21.989,074951.00,10.48527300,76.44417700,10.48527264,76.44417700,658050.767,1159429.009,108.00,658050.744,1159428.958,124.0,3,658050.292,1159429.873,10.48527800,76.44417450,0.361,-0.085,10.0,8.7,0.0,15.3,2047,1777,RTK FIXED
22.043,074951.00,10.48527300,76.44417700,10.48527278,76.44417700,658050.767,1159429.009,108.00,658050.753,1159428.978,124.0,3,658050.292,1159429.873,10.48527800,76.44417450,0.361,-0.085,10.0,8.7,0.0,15.3,2047,1777,RTK FIXED
22.089,074951.00,10.48527300,76.44417700,10.48527287,76.44417700,658050.767,1159429.009,108.00,658050.759,1159428.991,124.0,3,658050.292,1159429.873,10.48527800,76.44417450,0.361,-0.085,10.0,8.7,0.0,14.7,2047,1777,RTK FIXED
22.144,074951.20,10.48527300,76.44417700,10.48527292,76.44417700,658050.767,1159429.009,108.00,658050.762,1159428.998,112.3,3,658050.292,1159429.873,10.48527800,76.44417450,0.365,0.032,9.5,10.0,0.0,14.2,1942,2047,RTK FIXED
22.189,074951.20,10.48527300,76.44417700,10.48527295,76.44417700,658050.767,1159429.009,108.00,658050.764,1159429.003,112.3,3,658050.292,1159429.873,10.48527800,76.44417450,0.365,0.032,9.5,10.0,0.0,14.8,1942,2047,RTK FIXED
22.244,074951.40,10.48527300,76.44417700,10.48527297,76.44417700,658050.699,1159428.975,108.00,658050.738,1159428.992,112.3,3,658050.292,1159429.873,10.48527800,76.44417450,0.366,0.022,9.6,10.0,0.5,15.2,1974,2047,RTK FIXED
22.289,074951.40,10.48527300,76.44417700,10.48527298,76.44417700,658050.699,1159428.975,108.00,658050.722,1159428.985,112.3,3,658050.292,1159429.873,10.48527800,76.44417450,0.366,0.022,9.6,10.0,0.0,14.2,1974,2047,RTK FIXED
22.344,074951.40,10.48527300,76.44417700,10.48527299,76.44417700,658050.699,1159428.975,108.00,658050.713,1159428.981,112.3,3,658050.292,1159429.873,10.48527800,76.44417450,0.366,0.022,9.6,10.0,0.0,15.7,1974,2047,RTK FIXED
22.389,074951.40,10.48527300,76.44417700,10.48527299,76.44417700,658050.699,1159428.975,108.00,658050.707,1159428.979,112.3,3,658050.292,1159429.873,10.48527800,76.44417450,0.366,0.022,9.6,10.0,-0.5,14.3,1974,2047,RTK FIXED
22.444,074951.60,10.48527400,76.44417700,10.48527340,76.44417700,658050.698,1159429.086,108.00,658050.704,1159429.022,112.3,3,658050.292,1159429.873,10.48527800,76.44417450,0.365,0.030,9.5,10.0,0.5,16.8,1949,2047,RTK FIXED
22.498,074951.60,10.48527400,76.44417700,10.48527364,76.44417700,658050.698,1159429.086,108.00,658050.702,1159429.047,112.3,3,658050.292,1159429.873,10.48527800,76.44417450,0.365,0.030,9.5,10.0,0.0,17.9,1949,2047,RTK FIXED
22.544,074951.60,10.48527400,76.44417700,10.48527378,76.44417700,658050.698,1159429.086,108.00,658050.700,1159429.063,112.3,3,658050.292,1159429.873,10.48527800,76.44417450,0.365,0.030,9.5,10.0,0.0,17.2,1949,2047,RTK FIXED
22.597,074951.60,10.48527400,76.44417700,10.48527387,76.44417700,658050.698,1159429.086,108.00,658050.700,1159429.072,112.3,3,658050.292,1159429.873,10.48527800,76.44417450,0.365,0.030,9.5,10.0,0.0,17.7,1949,2047,RTK FIXED
22.644,074951.60,10.48527400,76.44417700,10.48527392,76.44417700,658050.698,1159429.086,108.00,658050.699,1159429.078,112.3,3,658050.292,1159429.873,10.48527800,76.44417450,0.365,0.030,9.5,10.0,-0.5,18.2,1949,2047,RTK FIXED
22.697,074951.60,10.48527400,76.44417700,10.48527395,76.44417700,658050.698,1159429.086,108.00,658050.699,1159429.081,112.3,3,658050.292,1159429.873,10.48527800,76.44417450,0.365,0.030,9.5,10.0,0.0,17.5,1949,2047,RTK FIXED
22.745,074951.80,10.48527400,76.44417600,10.48527397,76.44417660,658050.589,1159429.085,108.00,658050.655,1159429.083,119.1,3,658050.292,1159429.873,10.48527800,76.44417450,0.364,-0.049,10.0,9.2,0.5,17.3,2047,1888,RTK FIXED
22.798,074951.80,10.48527400,76.44417600,10.48527398,76.44417636,658050.589,1159429.085,108.00,658050.629,1159429.084,119.1,3,658050.292,1159429.873,10.48527800,76.44417450,0.364,-0.049,10.0,9.2,-0.5,17.9,2047,1888,RTK FIXED
22.844,074951.80,10.48527400,76.44417600,10.48527399,76.44417622,658050.589,1159429.085,108.00,658050.613,1159429.084,119.1,3,658050.292,1159429.873,10.48527800,76.44417450,0.364,-0.049,10.0,9.2,0.5,17.3,2047,1888,RTK FIXED
22.897,074951.80,10.48527400,76.44417600,10.48527399,76.44417613,658050.589,1159429.085,108.00,658050.603,1159429.085,119.1,3,658050.292,1159429.873,10.48527800,76.44417450,0.364,-0.049,10.0,9.2,0.0,16.9,2047,1888,RTK FIXED
22.944,074952.00,10.48527400,76.44417600,10.48527400,76.44417608,658050.630,1159429.104,108.00,658050.614,1159429.092,119.1,3,658050.292,1159429.873,10.48527800,76.44417450,0.364,-0.049,10.0,9.2,-0.5,16.5,2047,1887,RTK FIXED
22.997,074952.00,10.48527400,76.44417600,10.48527400,76.44417605,658050.630,1159429.104,108.00,658050.620,1159429.097,119.1,3,658050.292,1159429.873,10.48527800,76.44417450,0.364,-0.049,10.0,9.2,0.5,16.0,2047,1887,RTK FIXED
23.052,074952.00,10.48527400,76.44417600,10.48527400,76.44417603,658050.630,1159429.104,108.00,658050.624,1159429.100,119.1,3,658050.292,1159429.873,10.48527800,76.44417450,0.364,-0.049,10.0,9.2,0.0,15.9,2047,1887,RTK FIXED
23.098,074952.20,10.48527500,76.44417600,10.48527440,76.44417602,658050.629,1159429.214,108.00,658050.626,1159429.145,115.3,3,658050.292,1159429.873,10.48527800,76.44417450,0.366,-0.003,10.0,10.0,-0.5,16.2,2047,2038,RTK FIXED
23.152,074952.20,10.48527500,76.44417600,10.48527464,76.44417601,658050.629,1159429.214,108.00,658050.627,1159429.173,115.3,3,658050.292,1159429.873,10.48527800,76.44417450,0.366,-0.003,10.0,10.0,0.0,17.2,2047,2038,RTK FIXED
23.197,074952.20,10.48527500,76.44417600,10.48527478,76.44417601,658050.629,1159429.214,108.00,658050.628,1159429.189,115.3,3,658050.292,1159429.873,10.48527800,76.44417450,0.366,-0.003,10.0,10.0,0.0,16.5,2047,2038,RTK FIXED
23.252,074952.40,10.48527500,76.44417600,10.48527487,76.44417600,658050.607,1159429.203,108.00,658050.620,1159429.195,115.3,3,658050.292,1159429.873,10.48527800,76.44417450,0.366,-0.001,10.0,10.0,0.0,16.9,2047,2045,RTK FIXED
23.298,074952.40,10.48527500,76.44417600,10.48527492,76.44417600,658050.607,1159429.203,108.00,658050.614,1159429.198,115.3,3,658050.292,1159429.873,10.48527800,76.44417450,0.366,-0.001,10.0,10.0,0.5,17.4,2047,2045,RTK FIXED
23.352,074952.40,10.48527500,76.44417600,10.48527495,76.44417600,658050.607,1159429.203,108.00,658050.611,1159429.200,115.3,3,658050.292,1159429.873,10.48527800,76.44417450,0.366,-0.001,10.0,10.0,0.0,17.1,2047,2045,RTK FIXED
23.398,074952.40,10.48527500,76.44417600,10.48527497,76.44417600,658050.607,1159429.203,108.00,658050.610,1159429.202,115.3,3,658050.292,1159429.873,10.48527800,76.44417450,0.366,-0.001,10.0,10.0,-0.5,18.0,2047,2045,RTK FIXED
23.452,074952.40,10.48527500,76.44417600,10.48527498,76.44417600,658050.607,1159429.203,108.00,658050.608,1159429.202,115.3,3,658050.292,1159429.873,10.48527800,76.44417450,0.366,-0.001,10.0,10.0,0.0,18.5,2047,2045,RTK FIXED
23.498,074952.40,10.48527500,76.44417600,10.48527499,76.44417600,658050.607,1159429.203,108.00,658050.608,1159429.203,115.3,3,658050.292,1159429.873,10.48527800,76.44417450,0.366,-0.001,10.0,10.0,0.5,18.6,2047,2045,RTK FIXED
23.553,074952.60,10.48527500,76.44417600,10.48527499,76.44417600,658050.607,1159429.203,108.00,658050.607,1159429.203,115.3,3,658050.292,1159429.873,10.48527800,76.44417450,0.366,0.000,10.0,10.0,0.0,18.2,2046,2047,RTK FIXED
23.606,074952.60,10.48527500,76.44417600,10.48527500,76.44417600,658050.607,1159429.203,108.00,658050.607,1159429.203,115.3,3,658050.292,1159429.873,10.48527800,76.44417450,0.366,0.000,10.0,10.0,0.0,19.1,2046,2047,RTK FIXED
23.652,074952.60,10.48527500,76.44417600,10.48527500,76.44417600,658050.607,1159429.203,108.00,658050.607,1159429.203,115.3,3,658050.292,1159429.873,10.48527800,76.44417450,0.366,0.000,10.0,10.0,0.0,18.4,2046,2047,RTK FIXED
23.707,074952.60,10.48527500,76.44417600,10.48527500,76.44417600,658050.607,1159429.203,108.00,658050.607,1159429.203,115.3,3,658050.292,1159429.873,10.48527800,76.44417450,0.366,0.000,10.0,10.0,0.0,18.4,2046,2047,RTK FIXED
23.753,074952.80,10.48527600,76.44417600,10.48527540,76.44417600,658050.606,1159429.314,108.00,658050.607,1159429.248,112.3,3,658050.292,1159429.873,10.48527800,76.44417450,0.365,0.041,9.3,10.0,-0.5,18.4,1913,2047,RTK FIXED
23.806,074952.80,10.48527600,76.44417600,10.48527564,76.44417600,658050.606,1159429.314,108.00,658050.607,1159429.274,112.3,3,658050.292,1159429.873,10.48527800,76.44417450,0.365,0.041,9.3,10.0,0.0,18.3,1913,2047,RTK FIXED
23.852,074952.80,10.48527600,76.44417600,10.48527578,76.44417600,658050.606,1159429.314,108.00,658050.606,1159429.290,112.3,3,658050.292,1159429.873,10.48527800,76.44417450,0.365,0.041,9.3,10.0,0.5,18.7,1913,2047,RTK FIXED
23.906,074952.80,10.48527600,76.44417600,10.48527587,76.44417600,658050.606,1159429.314,108.00,658050.606,1159429.300,112.3,3,658050.292,1159429.873,10.48527800,76.44417450,0.365,0.041,9.3,10.0,-0.5,18.8,1913,2047,RTK FIXED
23.953,074953.00,10.48527600,76.44417600,10.48527592,76.44417600,658050.588,1159429.307,108.00,658050.599,1159429.303,112.3,3,658050.292,1159429.873,10.48527800,76.44417450,0.365,0.045,9.3,10.0,0.0,18.2,1901,2047,RTK FIXED
24.006,074953.00,10.48527600,76.44417600,10.48527595,76.44417600,658050.588,1159429.307,108.00,658050.595,1159429.304,112.3,3,658050.292,1159429.873,10.48527800,76.44417450,0.365,0.045,9.3,10.0,0.0,18.9,1901,2047,RTK FIXED
24.053,074953.00,10.48527600,76.44417600,10.48527597,76.44417600,658050.588,1159429.307,108.00,658050.592,1159429.305,112.3,3,658050.292,1159429.873,10.48527800,76.44417450,0.365,0.045,9.3,10.0,0.0,18.0,1901,2047,RTK FIXED
24.106,074953.00,10.48527600,76.44417600,10.48527598,76.44417600,658050.588,1159429.307,108.00,658050.591,1159429.306,112.3,3,658050.292,1159429.873,10.48527800,76.44417450,0.365,0.045,9.3,10.0,0.0,18.0,1901,2047,RTK FIXED
24.161,074953.20,10.48527600,76.44417500,10.48527599,76.44417560,658050.479,1159429.306,108.00,658050.546,1159429.306,112.3,3,658050.292,1159429.873,10.48527800,76.44417450,0.366,0.024,9.6,10.0,0.5,18.6,1969,2047,RTK FIXED
24.208,074953.20,10.48527600,76.44417500,10.48527599,76.44417536,658050.479,1159429.306,108.00,658050.519,1159429.306,112.3,3,658050.292,1159429.873,10.48527800,76.44417450,0.366,0.024,9.6,10.0,-0.5,17.8,1969,2047,RTK FIXED
24.261,074953.40,10.48527600,76.44417500,10.48527600,76.44417522,658050.479,1159429.306,108.00,658050.503,1159429.306,122.7,3,658050.292,1159429.873,10.48527800,76.44417450,0.361,-0.079,10.0,8.8,0.5,18.1,2047,1794,RTK FIXED
24.308,074953.40,10.48527600,76.44417500,10.48527600,76.44417513,658050.479,1159429.306,108.00,658050.493,1159429.306,122.7,3,658050.292,1159429.873,10.48527800,76.44417450,0.361,-0.079,10.0,8.8,0.0,18.9,2047,1794,RTK FIXED
24.361,074953.40,10.48527600,76.44417500,10.48527600,76.44417508,658050.479,1159429.306,108.00,658050.487,1159429.306,122.7,3,658050.292,1159429.873,10.48527800,76.44417450,0.361,-0.079,10.0,8.8,0.0,17.8,2047,1794,RTK FIXED
24.407,074953.40,10.48527600,76.44417500,10.48527600,76.44417505,658050.479,1159429.306,108.00,658050.484,1159429.306,122.7,3,658050.292,1159429.873,10.48527800,76.44417450,0.361,-0.079,10.0,8.8,0.0,17.8,2047,1794,RTK FIXED
24.461,074953.60,10.48527700,76.44417500,10.48527640,76.44417503,658050.538,1159429.446,108.00,658050.506,1159429.362,122.7,3,658050.292,1159429.873,10.48527800,76.44417450,0.364,-0.057,10.0,9.1,0.0,17.1,2047,1863,RTK FIXED
24.507,074953.60,10.48527700,76.44417500,10.48527664,76.44417502,658050.538,1159429.446,108.00,658050.519,1159429.396,122.7,3,658050.292,1159429.873,10.48527800,76.44417450,0.364,-0.057,10.0,9.1,-0.5,16.9,2047,1863,RTK FIXED
24.561,074953.60,10.48527700,76.44417500,10.48527678,76.44417501,658050.538,1159429.446,108.00,658050.527,1159429.416,122.7,3,658050.292,1159429.873,10.48527800,76.44417450,0.364,-0.057,10.0,9.1,0.5,15.8,2047,1863,RTK FIXED
24.608,074953.60,10.48527700,76.44417500,10.48527687,76.44417501,658050.538,1159429.446,108.00,658050.531,1159429.428,122.7,3,658050.292,1159429.873,10.48527800,76.44417450,0.364,-0.057,10.0,9.1,-0.5,16.1,2047,1863,RTK FIXED
24.661,074953.60,10.48527700,76.44417500,10.48527692,76.44417500,658050.538,1159429.446,108.00,658050.534,1159429.435,122.7,3,658050.292,1159429.873,10.48527800,76.44417450,0.364,-0.057,10.0,9.1,0.5,15.8,2047,1863,RTK FIXED
24.708,074953.80,10.48527700,76.44417500,10.48527695,76.44417500,658050.538,1159429.446,108.00,658050.536,1159429.440,111.3,3,658050.292,1159429.873,10.48527800,76.44417450,0.364,0.056,9.1,10.0,-0.5,16.7,1866,2047,RTK FIXED
24.761,074953.80,10.48527700,76.44417500,10.48527697,76.44417500,658050.538,1159429.446,108.00,658050.537,1159429.442,111.3,3,658050.292,1159429.873,10.48527800,76.44417450,0.364,0.056,9.1,10.0,0.5,15.9,1866,2047,RTK FIXED
24.815,074953.80,10.48527700,76.44417500,10.48527698,76.44417500,658050.538,1159429.446,108.00,658050.538,1159429.444,111.3,3,658050.292,1159429.873,10.48527800,76.44417450,0.364,0.056,9.1,10.0,-0.5,16.6,1866,2047,RTK FIXED
24.861,074953.80,10.48527700,76.44417500,10.48527699,76.44417500,658050.538,1159429.446,108.00,658050.538,1159429.445,111.3,3,658050.292,1159429.873,10.48527800,76.44417450,0.364,0.056,9.1,10.0,0.5,16.8,1866,2047,RTK FIXED
24.915,074953.80,10.48527700,76.44417500,10.48527699,76.44417500,658050.538,1159429.446,108.00,658050.538,1159429.445,111.3,3,658050.292,1159429.873,10.48527800,76.44417450,0.364,0.056,9.1,10.0,0.0,15.8,1866,2047,RTK FIXED
24.962,074954.00,10.48527800,76.44417500,10.48527740,76.44417500,658050.472,1159429.525,108.00,658050.511,1159429.477,111.3,3,658050.292,1159429.873,10.48527800,76.44417450,0.363,0.060,9.1,10.0,-0.5,16.6,1855,2047,RTK FIXED
25.016,074954.00,10.48527800,76.44417500,10.48527764,76.44417500,658050.472,1159429.525,108.00,658050.495,1159429.496,111.3,3,658050.292,1159429.873,10.48527800,76.44417450,0.363,0.060,9.1,10.0,0.5,17.7,1855,2047,RTK FIXED
25.062,074954.00,10.48527800,76.44417500,10.48527778,76.44417500,658050.472,1159429.525,108.00,658050.486,1159429.508,111.3,3,658050.292,1159429.873,10.48527800,76.44417450,0.363,0.060,9.1,10.0,-0.5,18.5,1855,2047,RTK FIXED
25.115,074954.00,10.48527800,76.44417500,10.48527787,76.44417500,658050.472,1159429.525,108.00,658050.480,1159429.515,111.3,3,658050.292,1159429.873,10.48527800,76.44417450,0.363,0.060,9.1,10.0,0.5,18.1,1855,2047,RTK FIXED
25.162,074954.20,10.48527800,76.44417500,10.48527792,76.44417500,658050.472,1159429.525,108.00,658050.477,1159429.519,112.2,3,658050.292,1159429.873,10.48527800,76.44417450,0.354,0.053,9.1,10.0,-0.5,17.5,1870,2047,RTK FIXED
25.216,074954.20,10.48527800,76.44417500,10.48527795,76.44417500,658050.472,1159429.525,108.00,658050.475,1159429.521,112.2,3,658050.292,1159429.873,10.48527800,76.44417450,0.354,0.053,9.1,10.0,0.5,18.1,1870,2047,RTK FIXED
25.261,074954.40,10.48527800,76.44417400,10.48527797,76.44417460,658050.368,1159429.527,108.00,658050.432,1159429.524,112.2,3,658050.292,1159429.873,10.48527800,76.44417450,0.324,0.033,9.4,10.0,0.0,17.6,1927,2047,RTK FIXED
25.316,074954.40,10.48527800,76.44417400,10.48527798,76.44417436,658050.368,1159429.527,108.00,658050.406,1159429.525,112.2,3,658050.292,1159429.873,10.48527800,76.44417450,0.324,0.033,9.4,10.0,0.0,17.1,1927,2047,RTK FIXED
25.369,074954.40,10.48527800,76.44417400,10.48527799,76.44417422,658050.368,1159429.527,108.00,658050.391,1159429.526,112.2,3,658050.292,1159429.873,10.48527800,76.44417450,0.324,0.033,9.4,10.0,-0.5,17.9,1927,2047,RTK FIXED
25.420,074954.60,10.48527800,76.44417400,10.48527799,76.44417413,658050.368,1159429.527,108.00,658050.382,1159429.526,126.0,4,658049.759,1159430.793,10.48528633,76.44416967,0.361,-0.085,10.0,8.7,0.5,18.0,2047,1777,RTK FIXED
25.469,074954.60,10.48527800,76.44417400,10.48527800,76.44417408,658050.368,1159429.527,108.00,658050.376,1159429.526,126.0,4,658049.759,1159430.793,10.48528633,76.44416967,0.361,-0.085,10.0,8.7,0.0,17.5,2047,1777,RTK FIXED
25.516,074954.60,10.48527800,76.44417400,10.48527800,76.44417405,658050.368,1159429.527,108.00,658050.373,1159429.527,126.0,4,658049.759,1159430.793,10.48528633,76.44416967,0.361,-0.085,10.0,8.7,-0.5,17.1,2047,1777,RTK FIXED
25.569,074954.60,10.48527800,76.44417400,10.48527800,76.44417403,658050.368,1159429.527,108.00,658050.371,1159429.527,126.0,4,658049.759,1159430.793,10.48528633,76.44416967,0.361,-0.085,10.0,8.7,0.5,15.9,2047,1777,RTK FIXED
25.616,074954.60,10.48527800,76.44417400,10.48527800,76.44417402,658050.368,1159429.527,108.00,658050.370,1159429.527,126.0,4,658049.759,1159430.793,10.48528633,76.44416967,0.361,-0.085,10.0,8.7,-0.5,16.0,2047,1777,RTK FIXED
25.669,074954.60,10.48527800,76.44417400,10.48527800,76.44417401,658050.368,1159429.527,108.00,658050.369,1159429.527,126.0,4,658049.759,1159430.793,10.48528633,76.44416967,0.361,-0.085,10.0,8.7,0.5,16.0,2047,1777,RTK FIXED
25.716,074954.80,10.48527900,76.44417400,10.48527840,76.44417401,658050.446,1159429.678,108.00,658050.400,1159429.587,126.0,4,658049.759,1159430.793,10.48528633,76.44416967,0.363,-0.066,10.0,9.0,-0.5,15.8,2047,1835,RTK FIXED
25.769,074954.80,10.48527900,76.44417400,10.48527864,76.44417400,658050.446,1159429.678,108.00,658050.418,1159429.624,126.0,4,658049.759,1159430.793,10.48528633,76.44416967,0.363,-0.066,10.0,9.0,0.0,14.7,2047,1835,RTK FIXED
25.816,074954.80,10.48527900,76.44417400,10.48527878,76.44417400,658050.446,1159429.678,108.00,658050.430,1159429.646,126.0,4,658049.759,1159430.793,10.48528633,76.44416967,0.363,-0.066,10.0,9.0,0.5,14.8,2047,1835,RTK FIXED
25.869,074954.80,10.48527900,76.44417400,10.48527887,76.44417400,658050.446,1159429.678,108.00,658050.436,1159429.659,126.0,4,658049.759,1159430.793,10.48528633,76.44416967,0.363,-0.066,10.0,9.0,-0.5,14.6,2047,1835,RTK FIXED
25.924,074955.00,10.48527900,76.44417400,10.48527892,76.44417400,658050.446,1159429.678,108.00,658050.440,1159429.667,111.9,4,658049.759,1159430.793,10.48528633,76.44416967,0.363,0.069,8.9,10.0,0.0,14.5,1826,2047,RTK FIXED
25.969,074955.00,10.48527900,76.44417400,10.48527895,76.44417400,658050.446,1159429.678,108.00,658050.443,1159429.671,111.9,4,658049.759,1159430.793,10.48528633,76.44416967,0.363,0.069,8.9,10.0,0.0,15.5,1826,2047,RTK FIXED
26.024,074955.00,10.48527900,76.44417400,10.48527897,76.44417400,658050.446,1159429.678,108.00,658050.444,1159429.674,111.9,4,658049.759,1159430.793,10.48528633,76.44416967,0.363,0.069,8.9,10.0,0.0,15.1,1826,2047,RTK FIXED
26.069,074955.00,10.48527900,76.44417400,10.48527898,76.44417400,658050.446,1159429.678,108.00,658050.445,1159429.676,111.9,4,658049.759,1159430.793,10.48528633,76.44416967,0.363,0.069,8.9,10.0,0.5,16.5,1826,2047,RTK FIXED
26.124,074955.20,10.48527900,76.44417400,10.48527899,76.44417400,658050.366,1159429.637,108.00,658050.413,1159429.660,111.9,4,658049.759,1159430.793,10.48528633,76.44416967,0.363,0.060,9.1,10.0,0.0,15.0,1855,2047,RTK FIXED
26.170,074955.20,10.48527900,76.44417400,10.48527899,76.44417400,658050.366,1159429.637,108.00,658050.394,1159429.651,111.9,4,658049.759,1159430.793,10.48528633,76.44416967,0.363,0.060,9.1,10.0,-0.5,15.8,1855,2047,RTK FIXED
26.225,074955.40,10.48528000,76.44417300,10.48527940,76.44417360,658050.256,1159429.747,108.00,658050.339,1159429.689,122.5,4,658049.759,1159430.793,10.48528633,76.44416967,0.364,-0.048,10.0,9.2,0.5,17.5,2047,1891,RTK FIXED
26.270,074955.40,10.48528000,76.44417300,10.48527964,76.44417336,658050.256,1159429.747,108.00,658050.305,1159429.712,122.5,4,658049.759,1159430.793,10.48528633,76.44416967,0.364,-0.048,10.0,9.2,0.0,17.5,2047,1891,RTK FIXED
26.324,074955.40,10.48528000,76.44417300,10.48527978,76.44417322,658050.256,1159429.747,108.00,658050.285,1159429.726,122.5,4,658049.759,1159430.793,10.48528633,76.44416967,0.364,-0.048,10.0,9.2,-0.5,16.9,2047,1891,RTK FIXED
26.370,074955.40,10.48528000,76.44417300,10.48527987,76.44417313,658050.256,1159429.747,108.00,658050.274,1159429.734,122.5,4,658049.759,1159430.793,10.48528633,76.44416967,0.364,-0.048,10.0,9.2,0.5,16.2,2047,1891,RTK FIXED
26.425,074955.60,10.48528000,76.44417300,10.48527992,76.44417308,658050.317,1159429.776,108.00,658050.291,1159429.751,122.5,4,658049.759,1159430.793,10.48528633,76.44416967,0.365,-0.044,10.0,9.3,-0.5,15.9,2047,1905,RTK FIXED
26.478,074955.60,10.48528000,76.44417300,10.48527995,76.44417305,658050.317,1159429.776,108.00,658050.302,1159429.761,122.5,4,658049.759,1159430.793,10.48528633,76.44416967,0.365,-0.044,10.0,9.3,0.0,16.0,2047,1905,RTK FIXED
26.524,074955.60,10.48528000,76.44417300,10.48527997,76.44417303,658050.317,1159429.776,108.00,658050.308,1159429.767,122.5,4,658049.759,1159430.793,10.48528633,76.44416967,0.365,-0.044,10.0,9.3,0.0,16.2,2047,1905,RTK FIXED
26.578,074955.60,10.48528000,76.44417300,10.48527998,76.44417302,658050.317,1159429.776,108.00,658050.312,1159429.771,122.5,4,658049.759,1159430.793,10.48528633,76.44416967,0.365,-0.044,10.0,9.3,0.0,16.2,2047,1905,RTK FIXED
26.625,074955.80,10.48528000,76.44417300,10.48527999,76.44417301,658050.317,1159429.776,108.00,658050.314,1159429.773,122.5,4,658049.759,1159430.793,10.48528633,76.44416967,0.365,-0.041,10.0,9.4,0.5,15.5,2047,1914,RTK FIXED
26.678,074955.80,10.48528000,76.44417300,10.48527999,76.44417301,658050.317,1159429.776,108.00,658050.315,1159429.774,122.5,4,658049.759,1159430.793,10.48528633,76.44416967,0.365,-0.041,10.0,9.4,0.0,16.4,2047,1914,RTK FIXED
26.725,074955.80,10.48528000,76.44417300,10.48528000,76.44417300,658050.317,1159429.776,108.00,658050.316,1159429.775,122.5,4,658049.759,1159430.793,10.48528633,76.44416967,0.365,-0.041,10.0,9.4,-0.5,16.8,2047,1914,RTK FIXED
26.779,074955.80,10.48528000,76.44417300,10.48528000,76.44417300,658050.317,1159429.776,108.00,658050.317,1159429.776,122.5,4,658049.759,1159430.793,10.48528633,76.44416967,0.365,-0.041,10.0,9.4,0.0,16.7,2047,1914,RTK FIXED
26.825,074955.80,10.48528000,76.44417300,10.48528000,76.44417300,658050.317,1159429.776,108.00,658050.317,1159429.776,122.5,4,658049.759,1159430.793,10.48528633,76.44416967,0.365,-0.041,10.0,9.4,0.5,16.2,2047,1914,RTK FIXED
26.879,074955.80,10.48528000,76.44417300,10.48528000,76.44417300,658050.317,1159429.776,108.00,658050.317,1159429.776,122.5,4,658049.759,1159430.793,10.48528633,76.44416967,0.365,-0.041,10.0,9.4,0.0,16.2,2047,1914,RTK FIXED
26.933,074956.00,10.48528100,76.44417300,10.48528040,76.44417300,658050.317,1159429.887,108.00,658050.317,1159429.821,115.9,4,658049.759,1159430.793,10.48528633,76.44416967,0.365,0.031,9.5,10.0,0.0,16.5,1946,2047,RTK FIXED
26.979,074956.00,10.48528100,76.44417300,10.48528064,76.44417300,658050.317,1159429.887,108.00,658050.317,1159429.847,115.9,4,658049.759,1159430.793,10.48528633,76.44416967,0.365,0.031,9.5,10.0,-0.5,16.5,1946,2047,RTK FIXED
27.032,074956.00,10.48528100,76.44417300,10.48528078,76.44417300,658050.317,1159429.887,108.00,658050.317,1159429.863,115.9,4,658049.759,1159430.793,10.48528633,76.44416967,0.365,0.031,9.5,10.0,0.5,16.4,1946,2047,RTK FIXED
27.080,074956.00,10.48528100,76.44417300,10.48528087,76.44417300,658050.317,1159429.887,108.00,658050.317,1159429.873,115.9,4,658049.759,1159430.793,10.48528633,76.44416967,0.365,0.031,9.5,10.0,-0.5,17.6,1946,2047,RTK FIXED
27.133,074956.20,10.48528100,76.44417300,10.48528092,76.44417300,658050.279,1159429.867,108.00,658050.302,1159429.870,115.9,4,658049.759,1159430.793,10.48528633,76.44416967,0.365,0.030,9.5,10.0,0.5,18.0,1950,2047,RTK FIXED
27.179,074956.20,10.48528100,76.44417300,10.48528095,76.44417300,658050.279,1159429.867,108.00,658050.293,1159429.869,115.9,4,658049.759,1159430.793,10.48528633,76.44416967,0.365,0.030,9.5,10.0,0.0,18.1,1950,2047,RTK FIXED
27.233,074956.40,10.48528100,76.44417300,10.48528097,76.44417300,658050.279,1159429.867,108.00,658050.287,1159429.868,115.9,4,658049.759,1159430.793,10.48528633,76.44416967,0.365,0.029,9.5,10.0,-0.5,18.4,1953,2047,RTK FIXED
27.279,074956.40,10.48528100,76.44417300,10.48528098,76.44417300,658050.279,1159429.867,108.00,658050.284,1159429.868,115.9,4,658049.759,1159430.793,10.48528633,76.44416967,0.365,0.029,9.5,10.0,0.0,18.0,1953,2047,RTK FIXED
27.333,074956.40,10.48528100,76.44417300,10.48528099,76.44417300,658050.279,1159429.867,108.00,658050.282,1159429.868,115.9,4,658049.759,1159430.793,10.48528633,76.44416967,0.365,0.029,9.5,10.0,0.5,18.1,1953,2047,RTK FIXED
27.379,074956.40,10.48528100,76.44417300,10.48528099,76.44417300,658050.279,1159429.867,108.00,658050.281,1159429.867,115.9,4,658049.759,1159430.793,10.48528633,76.44416967,0.365,0.029,9.5,10.0,-0.5,18.4,1953,2047,RTK FIXED
27.433,074956.60,10.48528200,76.44417300,10.48528140,76.44417300,658050.278,1159429.978,108.00,658050.280,1159429.912,114.0,4,658049.759,1159430.793,10.48528633,76.44416967,0.364,0.058,9.1,10.0,0.5,18.4,1860,2047,RTK FIXED
27.479,074956.60,10.48528200,76.44417300,10.48528164,76.44417300,658050.278,1159429.978,108.00,658050.279,1159429.938,114.0,4,658049.759,1159430.793,10.48528633,76.44416967,0.364,0.058,9.1,10.0,0.0,18.2,1860,2047,RTK FIXED
27.534,074956.60,10.48528200,76.44417300,10.48528178,76.44417300,658050.278,1159429.978,108.00,658050.279,1159429.954,114.0,4,658049.759,1159430.793,10.48528633,76.44416967,0.364,0.058,9.1,10.0,-0.5,18.3,1860,2047,RTK FIXED
27.587,074956.60,10.48528200,76.44417300,10.48528187,76.44417300,658050.278,1159429.978,108.00,658050.279,1159429.963,114.0,4,658049.759,1159430.793,10.48528633,76.44416967,0.364,0.058,9.1,10.0,0.0,18.2,1860,2047,RTK FIXED
27.633,074956.60,10.48528200,76.44417300,10.48528192,76.44417300,658050.278,1159429.978,108.00,658050.279,1159429.969,114.0,4,658049.759,1159430.793,10.48528633,76.44416967,0.364,0.058,9.1,10.0,0.5,18.0,1860,2047,RTK FIXED
27.687,074956.60,10.48528200,76.44417300,10.48528195,76.44417300,658050.278,1159429.978,108.00,658050.278,1159429.973,114.0,4,658049.759,1159430.793,10.48528633,76.44416967,0.364,0.058,9.1,10.0,0.0,18.6,1860,2047,RTK FIXED
27.734,074956.80,10.48528200,76.44417300,10.48528197,76.44417300,658050.267,1159429.973,108.00,658050.274,1159429.973,114.0,4,658049.759,1159430.793,10.48528633,76.44416967,0.363,0.063,9.0,10.0,-0.5,18.2,1844,2047,RTK FIXED
27.788,074956.80,10.48528200,76.44417300,10.48528198,76.44417300,658050.267,1159429.973,108.00,658050.271,1159429.973,114.0,4,658049.759,1159430.793,10.48528633,76.44416967,0.363,0.063,9.0,10.0,0.0,17.7,1844,2047,RTK FIXED
27.833,074956.80,10.48528200,76.44417300,10.48528199,76.44417300,658050.267,1159429.973,108.00,658050.270,1159429.973,114.0,4,658049.759,1159430.793,10.48528633,76.44416967,0.363,0.063,9.0,10.0,0.5,18.0,1844,2047,RTK FIXED
27.889,074956.80,10.48528200,76.44417300,10.48528199,76.44417300,658050.267,1159429.973,108.00,658050.269,1159429.973,114.0,4,658049.759,1159430.793,10.48528633,76.44416967,0.363,0.063,9.0,10.0,-0.5,18.7,1844,2047,RTK FIXED
27.934,074957.00,10.48528200,76.44417200,10.48528200,76.44417260,658050.158,1159429.972,108.00,658050.224,1159429.973,114.0,4,658049.759,1159430.793,10.48528633,76.44416967,0.365,0.042,9.3,10.0,0.5,18.0,1909,2047,RTK FIXED
27.988,074957.00,10.48528200,76.44417200,10.48528200,76.44417236,658050.158,1159429.972,108.00,658050.198,1159429.973,114.0,4,658049.759,1159430.793,10.48528633,76.44416967,0.365,0.042,9.3,10.0,-0.5,18.2,1909,2047,RTK FIXED
28.033,074957.00,10.48528200,76.44417200,10.48528200,76.44417222,658050.158,1159429.972,108.00,658050.182,1159429.973,114.0,4,658049.759,1159430.793,10.48528633,76.44416967,0.365,0.042,9.3,10.0,0.5,18.0,1909,2047,RTK FIXED
28.088,074957.20,10.48528300,76.44417200,10.48528240,76.44417213,658050.157,1159430.083,108.00,658050.172,1159430.017,118.8,4,658049.759,1159430.793,10.48528633,76.44416967,0.366,0.002,10.0,10.0,0.0,18.3,2039,2047,RTK FIXED
28.141,074957.20,10.48528300,76.44417200,10.48528264,76.44417208,658050.157,1159430.083,108.00,658050.166,1159430.043,118.8,4,658049.759,1159430.793,10.48528633,76.44416967,0.366,0.002,10.0,10.0,-0.5,18.0,2039,2047,RTK FIXED
28.188,074957.20,10.48528300,76.44417200,10.48528278,76.44417205,658050.157,1159430.083,108.00,658050.163,1159430.059,118.8,4,658049.759,1159430.793,10.48528633,76.44416967,0.366,0.002,10.0,10.0,0.0,18.1,2039,2047,RTK FIXED
28.242,074957.40,10.48528300,76.44417200,10.48528287,76.44417203,658050.185,1159430.096,108.00,658050.172,1159430.074,118.8,4,658049.759,1159430.793,10.48528633,76.44416967,0.366,0.011,9.8,10.0,0.0,18.3,2011,2047,RTK FIXED
28.288,074957.40,10.48528300,76.44417200,10.48528292,76.44417202,658050.185,1159430.096,108.00,658050.177,1159430.083,118.8,4,658049.759,1159430.793,10.48528633,76.44416967,0.366,0.011,9.8,10.0,0.0,18.1,2011,2047,RTK FIXED
28.342,074957.40,10.48528300,76.44417200,10.48528295,76.44417201,658050.185,1159430.096,108.00,658050.180,1159430.088,118.8,4,658049.759,1159430.793,10.48528633,76.44416967,0.366,0.011,9.8,10.0,0.5,18.6,2011,2047,RTK FIXED
28.389,074957.40,10.48528300,76.44417200,10.48528297,76.44417201,658050.185,1159430.096,108.00,658050.182,1159430.091,118.8,4,658049.759,1159430.793,10.48528633,76.44416967,0.366,0.011,9.8,10.0,-0.5,18.0,2011,2047,RTK FIXED
28.442,074957.60,10.48528300,76.44417200,10.48528298,76.44417200,658050.185,1159430.096,108.00,658050.183,1159430.093,118.8,4,658049.759,1159430.793,10.48528633,76.44416967,0.366,0.016,9.7,10.0,0.0,18.3,1995,2047,RTK FIXED
28.488,074957.60,10.48528300,76.44417200,10.48528299,76.44417200,658050.185,1159430.096,108.00,658050.184,1159430.094,118.8,4,658049.759,1159430.793,10.48528633,76.44416967,0.366,0.016,9.7,10.0,0.0,18.6,1995,2047,RTK FIXED
28.542,074957.60,10.48528300,76.44417200,10.48528299,76.44417200,658050.185,1159430.096,108.00,658050.185,1159430.095,118.8,4,658049.759,1159430.793,10.48528633,76.44416967,0.366,0.016,9.7,10.0,0.5,18.5,1995,2047,RTK FIXED
28.588,074957.60,10.48528300,76.44417200,10.48528300,76.44417200,658050.185,1159430.096,108.00,658050.185,1159430.095,118.8,4,658049.759,1159430.793,10.48528633,76.44416967,0.366,0.016,9.7,10.0,0.0,18.4,1995,2047,RTK FIXED
28.642,074957.60,10.48528300,76.44417200,10.48528300,76.44417200,658050.185,1159430.096,108.00,658050.185,1159430.096,118.8,4,658049.759,1159430.793,10.48528633,76.44416967,0.366,0.016,9.7,10.0,-0.5,18.2,1995,2047,RTK FIXED
28.696,074957.60,10.48528300,76.44417200,10.48528300,76.44417200,658050.185,1159430.096,108.00,658050.185,1159430.096,118.8,4,658049.759,1159430.793,10.48528633,76.44416967,0.366,0.016,9.7,10.0,0.5,18.5,1995,2047,RTK FIXED
28.742,074957.80,10.48528300,76.44417200,10.48528300,76.44417200,658050.185,1159430.096,108.00,658050.185,1159430.096,118.8,4,658049.759,1159430.793,10.48528633,76.44416967,0.366,0.019,9.7,10.0,0.0,17.7,1985,2047,RTK FIXED
28.796,074957.80,10.48528300,76.44417200,10.48528300,76.44417200,658050.185,1159430.096,108.00,658050.185,1159430.096,118.8,4,658049.759,1159430.793,10.48528633,76.44416967,0.366,0.019,9.7,10.0,-0.5,18.2,1985,2047,RTK FIXED
28.841,074957.80,10.48528300,76.44417200,10.48528300,76.44417200,658050.185,1159430.096,108.00,658050.185,1159430.096,118.8,4,658049.759,1159430.793,10.48528633,76.44416967,0.366,0.019,9.7,10.0,0.0,17.6,1985,2047,RTK FIXED
28.896,074957.80,10.48528300,76.44417200,10.48528300,76.44417200,658050.185,1159430.096,108.00,658050.185,1159430.096,118.8,4,658049.759,1159430.793,10.48528633,76.44416967,0.366,0.019,9.7,10.0,0.5,18.1,1985,2047,RTK FIXED
28.943,074958.00,10.48528400,76.44417100,10.48528340,76.44417160,658050.075,1159430.206,108.00,658050.141,1159430.140,117.5,4,658049.759,1159430.793,10.48528633,76.44416967,0.366,0.022,9.7,10.0,0.0,17.9,1976,2047,RTK FIXED
28.996,074958.00,10.48528400,76.44417100,10.48528364,76.44417136,658050.075,1159430.206,108.00,658050.115,1159430.166,117.5,4,658049.759,1159430.793,10.48528633,76.44416967,0.366,0.022,9.7,10.0,-0.5,18.0,1976,2047,RTK FIXED
29.042,074958.00,10.48528400,76.44417100,10.48528378,76.44417122,658050.075,1159430.206,108.00,658050.099,1159430.182,117.5,4,658049.759,1159430.793,10.48528633,76.44416967,0.366,0.022,9.7,10.0,0.5,18.2,1976,2047,RTK FIXED
29.096,074958.00,10.48528400,76.44417100,10.48528387,76.44417113,658050.075,1159430.206,108.00,658050.089,1159430.192,117.5,4,658049.759,1159430.793,10.48528633,76.44416967,0.366,0.022,9.7,10.0,0.0,18.0,1976,2047,RTK FIXED
29.143,074958.20,10.48528400,76.44417100,10.48528392,76.44417108,658050.068,1159430.202,108.00,658050.081,1159430.196,117.5,4,658049.759,1159430.793,10.48528633,76.44416967,0.366,0.015,9.8,10.0,-0.5,17.8,1998,2047,RTK FIXED
29.196,074958.20,10.48528400,76.44417100,10.48528395,76.44417105,658050.068,1159430.202,108.00,658050.076,1159430.199,117.5,4,658049.759,1159430.793,10.48528633,76.44416967,0.366,0.015,9.8,10.0,0.5,17.7,1998,2047,RTK FIXED
29.251,074958.40,10.48528400,76.44417100,10.48528397,76.44417103,658050.068,1159430.202,108.00,658050.073,1159430.200,117.5,4,658049.759,1159430.793,10.48528633,76.44416967,0.366,0.010,9.8,10.0,-0.5,18.0,2012,2047,RTK FIXED
29.296,074958.40,10.48528400,76.44417100,10.48528398,76.44417102,658050.068,1159430.202,108.00,658050.071,1159430.201,117.5,4,658049.759,1159430.793,10.48528633,76.44416967,0.366,0.010,9.8,10.0,0.0,17.0,2012,2047,RTK FIXED
29.350,074958.40,10.48528400,76.44417100,10.48528399,76.44417101,658050.068,1159430.202,108.00,658050.070,1159430.202,117.5,4,658049.759,1159430.793,10.48528633,76.44416967,0.366,0.010,9.8,10.0,0.5,18.4,2012,2047,RTK FIXED
29.396,074958.40,10.48528400,76.44417100,10.48528399,76.44417101,658050.068,1159430.202,108.00,658050.069,1159430.202,117.5,4,658049.759,1159430.793,10.48528633,76.44416967,0.366,0.010,9.8,10.0,0.0,17.6,2012,2047,RTK FIXED
29.451,074958.60,10.48528500,76.44417100,10.48528440,76.44417100,658050.067,1159430.313,108.00,658050.068,1159430.246,118.3,4,658049.759,1159430.793,10.48528633,76.44416967,0.366,0.015,9.7,10.0,0.0,17.8,1996,2047,RTK FIXED
29.497,074958.60,10.48528500,76.44417100,10.48528464,76.44417100,658050.067,1159430.313,108.00,658050.068,1159430.273,118.3,4,658049.759,1159430.793,10.48528633,76.44416967,0.366,0.015,9.7,10.0,-0.5,18.0,1996,2047,RTK FIXED
29.551,074958.60,10.48528500,76.44417100,10.48528478,76.44417100,658050.067,1159430.313,108.00,658050.068,1159430.289,118.3,4,658049.759,1159430.793,10.48528633,76.44416967,0.366,0.015,9.7,10.0,0.5,18.1,1996,2047,RTK FIXED
29.597,074958.60,10.48528500,76.44417100,10.48528487,76.44417100,658050.067,1159430.313,108.00,658050.068,1159430.299,118.3,4,658049.759,1159430.793,10.48528633,76.44416967,0.366,0.015,9.7,10.0,0.0,18.5,1996,2047,RTK FIXED
29.651,074958.60,10.48528500,76.44417100,10.48528492,76.44417100,658050.067,1159430.313,108.00,658050.068,1159430.304,118.3,4,658049.759,1159430.793,10.48528633,76.44416967,0.366,0.015,9.7,10.0,0.0,18.1,1996,2047,RTK FIXED
29.697,074958.60,10.48528500,76.44417100,10.48528495,76.44417100,658050.067,1159430.313,108.00,658050.068,1159430.308,118.3,4,658049.759,1159430.793,10.48528633,76.44416967,0.366,0.015,9.7,10.0,0.0,18.4,1996,2047,RTK FIXED
29.751,074958.80,10.48528500,76.44417100,10.48528497,76.44417100,658050.072,1159430.315,108.00,658050.069,1159430.311,118.3,4,658049.759,1159430.793,10.48528633,76.44416967,0.366,0.023,9.6,10.0,-0.5,17.9,1970,2047,RTK FIXED
29.797,074958.80,10.48528500,76.44417100,10.48528498,76.44417100,658050.072,1159430.315,108.00,658050.070,1159430.312,118.3,4,658049.759,1159430.793,10.48528633,76.44416967,0.366,0.023,9.6,10.0,0.0,18.0,1970,2047,RTK FIXED
29.851,074958.80,10.48528500,76.44417100,10.48528499,76.44417100,658050.072,1159430.315,108.00,658050.071,1159430.314,118.3,4,658049.759,1159430.793,10.48528633,76.44416967,0.366,0.023,9.6,10.0,0.5,17.7,1970,2047,RTK FIXED
29.904,074958.80,10.48528500,76.44417100,10.48528499,76.44417100,658050.072,1159430.315,108.00,658050.071,1159430.314,118.3,4,658049.759,1159430.793,10.48528633,76.44416967,0.366,0.023,9.6,10.0,-0.5,18.3,1970,2047,RTK FIXED
29.952,074959.00,10.48528500,76.44417000,10.48528500,76.44417060,658049.962,1159430.315,108.00,658050.028,1159430.314,118.3,4,658049.759,1159430.793,10.48528633,76.44416967,0.366,0.004,9.9,10.0,0.0,18.5,2032,2047,RTK FIXED
30.005,074959.00,10.48528500,76.44417000,10.48528500,76.44417036,658049.962,1159430.315,108.00,658050.001,1159430.314,118.3,4,658049.759,1159430.793,10.48528633,76.44416967,0.366,0.004,9.9,10.0,0.5,17.8,2032,2047,RTK FIXED
30.051,074959.00,10.48528500,76.44417000,10.48528500,76.44417022,658049.962,1159430.315,108.00,658049.986,1159430.314,118.3,4,658049.759,1159430.793,10.48528633,76.44416967,0.366,0.004,9.9,10.0,0.0,18.4,2032,2047,RTK FIXED
30.105,074959.20,10.48528600,76.44417000,10.48528540,76.44417013,658049.962,1159430.425,108.00,658049.976,1159430.359,120.6,4,658049.759,1159430.793,10.48528633,76.44416967,0.366,-0.013,10.0,9.8,0.0,18.4,2047,2002,RTK FIXED
30.151,074959.20,10.48528600,76.44417000,10.48528564,76.44417008,658049.962,1159430.425,108.00,658049.970,1159430.385,120.6,4,658049.759,1159430.793,10.48528633,76.44416967,0.366,-0.013,10.0,9.8,0.0,18.5,2047,2002,RTK FIXED
30.205,074959.20,10.48528600,76.44417000,10.48528578,76.44417005,658049.962,1159430.425,108.00,658049.967,1159430.401,120.6,4,658049.759,1159430.793,10.48528633,76.44416967,0.366,-0.013,10.0,9.8,0.0,18.6,2047,2002,RTK FIXED
30.252,074959.40,10.48528600,76.44417000,10.48528587,76.44417003,658049.975,1159430.432,108.00,658049.970,1159430.414,120.6,4,658049.759,1159430.793,10.48528633,76.44416967,0.366,-0.008,10.0,9.9,-0.5,18.8,2047,2019,RTK FIXED
30.305,074959.40,10.48528600,76.44417000,10.48528592,76.44417002,658049.975,1159430.432,108.00,658049.972,1159430.421,120.6,4,658049.759,1159430.793,10.48528633,76.44416967,0.366,-0.008,10.0,9.9,0.0,17.8,2047,2019,RTK FIXED
30.352,074959.40,10.48528600,76.44417000,10.48528595,76.44417001,658049.975,1159430.432,108.00,658049.973,1159430.425,120.6,4,658049.759,1159430.793,10.48528633,76.44416967,0.366,-0.008,10.0,9.9,0.5,18.3,2047,2019,RTK FIXED
30.405,074959.40,10.48528600,76.44417000,10.48528597,76.44417001,658049.975,1159430.432,108.00,658049.974,1159430.428,120.6,4,658049.759,1159430.793,10.48528633,76.44416967,0.366,-0.008,10.0,9.9,0.0,18.1,2047,2019,RTK FIXED
30.460,074959.60,10.48528600,76.44417000,10.48528598,76.44417000,658049.975,1159430.432,108.00,658049.974,1159430.430,120.6,4,658049.759,1159430.793,10.48528633,76.44416967,0.363,-0.005,10.0,9.9,0.0,18.4,2047,2030,RTK FIXED
30.505,074959.60,10.48528600,76.44417000,10.48528599,76.44417000,658049.975,1159430.432,108.00,658049.974,1159430.431,120.6,4,658049.759,1159430.793,10.48528633,76.44416967,0.363,-0.005,10.0,9.9,-0.5,19.2,2047,2030,RTK FIXED
30.560,074959.60,10.48528600,76.44417000,10.48528599,76.44417000,658049.975,1159430.432,108.00,658049.975,1159430.431,120.6,4,658049.759,1159430.793,10.48528633,76.44416967,0.363,-0.005,10.0,9.9,0.0,18.9,2047,2030,RTK FIXED
30.605,074959.60,10.48528600,76.44417000,10.48528600,76.44417000,658049.975,1159430.432,108.00,658049.975,1159430.432,120.6,4,658049.759,1159430.793,10.48528633,76.44416967,0.363,-0.005,10.0,9.9,0.5,18.0,2047,2030,RTK FIXED
30.660,074959.80,10.48528700,76.44417000,10.48528640,76.44417000,658049.974,1159430.543,108.00,658049.975,1159430.476,114.8,4,658049.759,1159430.793,10.48528633,76.44416967,0.320,0.061,8.9,10.0,0.0,18.4,1826,2047,RTK FIXED
30.705,074959.80,10.48528700,76.44417000,10.48528664,76.44417000,658049.974,1159430.543,108.00,658049.974,1159430.503,114.8,4,658049.759,1159430.793,10.48528633,76.44416967,0.320,0.061,8.9,10.0,-0.5,18.1,1826,2047,RTK FIXED
30.759,074959.80,10.48528700,76.44417000,10.48528678,76.44417000,658049.974,1159430.543,108.00,658049.974,1159430.519,114.8,4,658049.759,1159430.793,10.48528633,76.44416967,0.320,0.061,8.9,10.0,0.5,18.3,1826,2047,RTK FIXED
30.806,074959.80,10.48528700,76.44417000,10.48528687,76.44417000,658049.974,1159430.543,108.00,658049.974,1159430.528,114.8,4,658049.759,1159430.793,10.48528633,76.44416967,0.320,0.061,8.9,10.0,-0.5,19.1,1826,2047,RTK FIXED
30.860,074959.80,10.48528700,76.44417000,10.48528692,76.44417000,658049.974,1159430.543,108.00,658049.974,1159430.534,114.8,4,658049.759,1159430.793,10.48528633,76.44416967,0.320,0.061,8.9,10.0,0.0,18.6,1826,2047,RTK FIXED
30.905,074959.80,10.48528700,76.44417000,10.48528695,76.44417000,658049.974,1159430.543,108.00,658049.974,1159430.538,114.8,4,658049.759,1159430.793,10.48528633,76.44416967,0.320,0.061,8.9,10.0,0.0,18.5,1826,2047,RTK FIXED
30.962,075000.00,10.48528700,76.44417000,10.48528697,76.44417000,658049.941,1159430.526,108.00,658049.961,1159430.533,114.8,5,658049.225,1159431.712,10.48529467,76.44416483,0.364,0.057,9.1,10.0,0.0,18.4,1864,2047,RTK FIXED
31.005,075000.00,10.48528700,76.44417000,10.48528698,76.44417000,658049.941,1159430.526,108.00,658049.953,1159430.530,114.8,5,658049.225,1159431.712,10.48529467,76.44416483,0.364,0.057,9.1,10.0,0.0,18.0,1864,2047,RTK FIXED
31.060,075000.00,10.48528700,76.44417000,10.48528699,76.44417000,658049.941,1159430.526,108.00,658049.948,1159430.529,114.8,5,658049.225,1159431.712,10.48529467,76.44416483,0.364,0.057,9.1,10.0,0.5,18.4,1864,2047,RTK FIXED
31.114,075000.20,10.48528700,76.44416900,10.48528699,76.44416960,658049.831,1159430.526,108.00,658049.901,1159430.528,124.6,5,658049.225,1159431.712,10.48529467,76.44416483,0.365,-0.045,10.0,9.3,-0.5,17.8,2047,1900,RTK FIXED
31.159,075000.20,10.48528700,76.44416900,10.48528700,76.44416936,658049.831,1159430.526,108.00,658049.873,1159430.527,124.6,5,658049.225,1159431.712,10.48529467,76.44416483,0.365,-0.045,10.0,9.3,0.6,19.0,2047,1900,RTK FIXED
31.214,075000.40,10.48528800,76.44416900,10.48528740,76.44416922,658049.887,1159430.666,108.00,658049.879,1159430.583,124.6,5,658049.225,1159431.712,10.48529467,76.44416483,0.365,-0.034,10.0,9.5,0.0,17.7,2047,1936,RTK FIXED
31.260,075000.40,10.48528800,76.44416900,10.48528764,76.44416913,658049.887,1159430.666,108.00,658049.882,1159430.616,124.6,5,658049.225,1159431.712,10.48529467,76.44416483,0.365,-0.034,10.0,9.5,-0.5,17.0,2047,1936,RTK FIXED
31.313,075000.40,10.48528800,76.44416900,10.48528778,76.44416908,658049.887,1159430.666,108.00,658049.884,1159430.636,124.6,5,658049.225,1159431.712,10.48529467,76.44416483,0.365,-0.034,10.0,9.5,0.0,17.0,2047,1936,RTK FIXED
31.360,075000.40,10.48528800,76.44416900,10.48528787,76.44416905,658049.887,1159430.666,108.00,658049.885,1159430.648,124.6,5,658049.225,1159431.712,10.48529467,76.44416483,0.365,-0.034,10.0,9.5,0.5,16.9,2047,1936,RTK FIXED
31.414,075000.60,10.48528800,76.44416900,10.48528792,76.44416903,658049.887,1159430.666,108.00,658049.886,1159430.655,116.8,5,658049.225,1159431.712,10.48529467,76.44416483,0.365,0.041,9.3,10.0,0.0,17.0,1912,2047,RTK FIXED
31.460,075000.60,10.48528800,76.44416900,10.48528795,76.44416902,658049.887,1159430.666,108.00,658049.886,1159430.660,116.8,5,658049.225,1159431.712,10.48529467,76.44416483,0.365,0.041,9.3,10.0,0.0,17.5,1912,2047,RTK FIXED
31.514,075000.60,10.48528800,76.44416900,10.48528797,76.44416901,658049.887,1159430.666,108.00,658049.886,1159430.662,116.8,5,658049.225,1159431.712,10.48529467,76.44416483,0.365,0.041,9.3,10.0,0.0,17.7,1912,2047,RTK FIXED
31.559,075000.60,10.48528800,76.44416900,10.48528798,76.44416901,658049.887,1159430.666,108.00,658049.886,1159430.664,116.8,5,658049.225,1159431.712,10.48529467,76.44416483,0.365,0.041,9.3,10.0,-0.5,18.1,1912,2047,RTK FIXED
31.613,075000.60,10.48528800,76.44416900,10.48528799,76.44416900,658049.887,1159430.666,108.00,658049.886,1159430.665,116.8,5,658049.225,1159431.712,10.48529467,76.44416483,0.365,0.041,9.3,10.0,0.0,17.6,1912,2047,RTK FIXED
31.668,075000.60,10.48528800,76.44416900,10.48528799,76.44416900,658049.887,1159430.666,108.00,658049.886,1159430.665,116.8,5,658049.225,1159431.712,10.48529467,76.44416483,0.365,0.041,9.3,10.0,0.0,18.3,1912,2047,RTK FIXED
31.714,075000.80,10.48528800,76.44416900,10.48528800,76.44416900,658049.843,1159430.642,108.00,658049.869,1159430.656,116.8,5,658049.225,1159431.712,10.48529467,76.44416483,0.365,0.036,9.4,10.0,0.0,17.8,1929,2047,RTK FIXED
31.769,075000.80,10.48528800,76.44416900,10.48528800,76.44416900,658049.843,1159430.642,108.00,658049.858,1159430.650,116.8,5,658049.225,1159431.712,10.48529467,76.44416483,0.365,0.036,9.4,10.0,0.0,18.5,1929,2047,RTK FIXED
31.814,075000.80,10.48528800,76.44416900,10.48528800,76.44416900,658049.843,1159430.642,108.00,658049.852,1159430.647,116.8,5,658049.225,1159431.712,10.48529467,76.44416483,0.365,0.036,9.4,10.0,0.0,18.1,1929,2047,RTK FIXED
31.868,075000.80,10.48528800,76.44416900,10.48528800,76.44416900,658049.843,1159430.642,108.00,658049.848,1159430.645,116.8,5,658049.225,1159431.712,10.48529467,76.44416483,0.365,0.036,9.4,10.0,0.0,18.5,1929,2047,RTK FIXED
31.916,075001.00,10.48528800,76.44416800,10.48528800,76.44416860,658049.733,1159430.641,108.00,658049.802,1159430.643,131.0,5,658049.225,1159431.712,10.48529467,76.44416483,0.357,-0.111,10.0,8.3,0.0,18.0,2047,1699,RTK FIXED
31.968,075001.00,10.48528800,76.44416800,10.48528800,76.44416836,658049.733,1159430.641,108.00,658049.775,1159430.642,131.0,5,658049.225,1159431.712,10.48529467,76.44416483,0.357,-0.111,10.0,8.3,0.0,17.5,2047,1699,RTK FIXED
32.014,075001.00,10.48528800,76.44416800,10.48528800,76.44416822,658049.733,1159430.641,108.00,658049.758,1159430.642,131.0,5,658049.225,1159431.712,10.48529467,76.44416483,0.357,-0.111,10.0,8.3,0.5,17.4,2047,1699,RTK FIXED
32.069,075001.00,10.48528800,76.44416800,10.48528800,76.44416813,658049.733,1159430.641,108.00,658049.748,1159430.642,131.0,5,658049.225,1159431.712,10.48529467,76.44416483,0.357,-0.111,10.0,8.3,-0.5,16.9,2047,1699,RTK FIXED
32.114,075001.20,10.48528900,76.44416800,10.48528840,76.44416808,658049.810,1159430.801,108.00,658049.773,1159430.705,131.0,5,658049.225,1159431.712,10.48529467,76.44416483,0.360,-0.094,10.0,8.5,0.0,16.7,2047,1749,RTK FIXED
32.168,075001.20,10.48528900,76.44416800,10.48528864,76.44416805,658049.810,1159430.801,108.00,658049.788,1159430.743,131.0,5,658049.225,1159431.712,10.48529467,76.44416483,0.360,-0.094,10.0,8.5,0.0,16.1,2047,1749,RTK FIXED
32.215,075001.40,10.48528900,76.44416800,10.48528878,76.44416803,658049.810,1159430.801,108.00,658049.797,1159430.766,119.5,5,658049.225,1159431.712,10.48529467,76.44416483,0.366,0.017,9.7,10.0,0.5,14.9,1991,2047,RTK FIXED
32.268,075001.40,10.48528900,76.44416800,10.48528887,76.44416802,658049.810,1159430.801,108.00,658049.802,1159430.780,119.5,5,658049.225,1159431.712,10.48529467,76.44416483,0.366,0.017,9.7,10.0,-0.5,14.2,1991,2047,RTK FIXED
32.322,075001.40,10.48528900,76.44416800,10.48528892,76.44416801,658049.810,1159430.801,108.00,658049.805,1159430.788,119.5,5,658049.225,1159431.712,10.48529467,76.44416483,0.366,0.017,9.7,10.0,0.5,14.8,1991,2047,RTK FIXED
32.369,075001.40,10.48528900,76.44416800,10.48528895,76.44416801,658049.810,1159430.801,108.00,658049.807,1159430.793,119.5,5,658049.225,1159431.712,10.48529467,76.44416483,0.366,0.017,9.7,10.0,0.0,16.2,1991,2047,RTK FIXED
32.422,075001.40,10.48528900,76.44416800,10.48528897,76.44416800,658049.810,1159430.801,108.00,658049.808,1159430.796,119.5,5,658049.225,1159431.712,10.48529467,76.44416483,0.366,0.017,9.7,10.0,-0.5,15.8,1991,2047,RTK FIXED
32.469,075001.40,10.48528900,76.44416800,10.48528898,76.44416800,658049.810,1159430.801,108.00,658049.809,1159430.798,119.5,5,658049.225,1159431.712,10.48529467,76.44416483,0.366,0.017,9.7,10.0,0.0,16.2,1991,2047,RTK FIXED
32.523,075001.60,10.48528900,76.44416800,10.48528899,76.44416800,658049.748,1159430.760,108.00,658049.785,1159430.783,119.5,5,658049.225,1159431.712,10.48529467,76.44416483,0.366,0.007,9.9,10.0,0.5,16.6,2025,2047,RTK FIXED
32.569,075001.60,10.48528900,76.44416800,10.48528899,76.44416800,658049.748,1159430.760,108.00,658049.770,1159430.773,119.5,5,658049.225,1159431.712,10.48529467,76.44416483,0.366,0.007,9.9,10.0,0.0,16.4,2025,2047,RTK FIXED
32.623,075001.60,10.48528900,76.44416800,10.48528900,76.44416800,658049.748,1159430.760,108.00,658049.761,1159430.768,119.5,5,658049.225,1159431.712,10.48529467,76.44416483,0.366,0.007,9.9,10.0,-0.5,18.1,2025,2047,RTK FIXED
32.669,075001.60,10.48528900,76.44416800,10.48528900,76.44416800,658049.748,1159430.760,108.00,658049.756,1159430.765,119.5,5,658049.225,1159431.712,10.48529467,76.44416483,0.366,0.007,9.9,10.0,0.0,17.2,2025,2047,RTK FIXED
32.723,075001.80,10.48529000,76.44416800,10.48528940,76.44416800,658049.748,1159430.870,108.00,658049.753,1159430.807,119.5,5,658049.225,1159431.712,10.48529467,76.44416483,0.366,0.014,9.8,10.0,0.0,18.1,2002,2047,RTK FIXED
32.768,075001.80,10.48529000,76.44416800,10.48528964,76.44416800,658049.748,1159430.870,108.00,658049.751,1159430.832,119.5,5,658049.225,1159431.712,10.48529467,76.44416483,0.366,0.014,9.8,10.0,0.0,17.8,2002,2047,RTK FIXED
32.823,075001.80,10.48529000,76.44416800,10.48528978,76.44416800,658049.748,1159430.870,108.00,658049.749,1159430.847,119.5,5,658049.225,1159431.712,10.48529467,76.44416483,0.366,0.014,9.8,10.0,0.0,18.3,2002,2047,RTK FIXED
32.877,075001.80,10.48529000,76.44416800,10.48528987,76.44416800,658049.748,1159430.870,108.00,658049.749,1159430.856,119.5,5,658049.225,1159431.712,10.48529467,76.44416483,0.366,0.014,9.8,10.0,0.5,17.6,2002,2047,RTK FIXED
32.923,075001.80,10.48529000,76.44416800,10.48528992,76.44416800,658049.748,1159430.870,108.00,658049.748,1159430.862,119.5,5,658049.225,1159431.712,10.48529467,76.44416483,0.366,0.014,9.8,10.0,0.0,17.9,2002,2047,RTK FIXED
32.977,075002.00,10.48529000,76.44416800,10.48528995,76.44416800,658049.748,1159430.870,108.00,658049.748,1159430.865,119.7,5,658049.225,1159431.712,10.48529467,76.44416483,0.366,0.016,9.7,10.0,0.0,17.9,1995,2047,RTK FIXED
33.023,075002.00,10.48529000,76.44416800,10.48528997,76.44416800,658049.748,1159430.870,108.00,658049.748,1159430.867,119.7,5,658049.225,1159431.712,10.48529467,76.44416483,0.366,0.016,9.7,10.0,-0.5,17.9,1995,2047,RTK FIXED
33.077,075002.00,10.48529000,76.44416800,10.48528998,76.44416800,658049.748,1159430.870,108.00,658049.748,1159430.868,119.7,5,658049.225,1159431.712,10.48529467,76.44416483,0.366,0.016,9.7,10.0,0.5,17.6,1995,2047,RTK FIXED
33.124,075002.20,10.48529000,76.44416700,10.48528999,76.44416760,658049.640,1159430.870,108.00,658049.705,1159430.869,119.7,5,658049.225,1159431.712,10.48529467,76.44416483,0.366,-0.005,10.0,9.9,-0.5,17.8,2047,2030,RTK FIXED
33.177,075002.20,10.48529000,76.44416700,10.48528999,76.44416736,658049.640,1159430.870,108.00,658049.679,1159430.870,119.7,5,658049.225,1159431.712,10.48529467,76.44416483,0.366,-0.005,10.0,9.9,0.5,17.7,2047,2030,RTK FIXED
33.224,075002.40,10.48529100,76.44416700,10.48529040,76.44416722,658049.639,1159430.981,108.00,658049.663,1159430.914,124.9,5,658049.225,1159431.712,10.48529467,76.44416483,0.364,-0.049,10.0,9.2,-0.5,17.7,2047,1887,RTK FIXED
33.277,075002.40,10.48529100,76.44416700,10.48529064,76.44416713,658049.639,1159430.981,108.00,658049.653,1159430.941,124.9,5,658049.225,1159431.712,10.48529467,76.44416483,0.364,-0.049,10.0,9.2,0.5,17.3,2047,1887,RTK FIXED
33.323,075002.40,10.48529100,76.44416700,10.48529078,76.44416708,658049.639,1159430.981,108.00,658049.648,1159430.957,124.9,5,658049.225,1159431.712,10.48529467,76.44416483,0.364,-0.049,10.0,9.2,-0.5,17.4,2047,1887,RTK FIXED
33.377,075002.40,10.48529100,76.44416700,10.48529087,76.44416705,658049.639,1159430.981,108.00,658049.644,1159430.967,124.9,5,658049.225,1159431.712,10.48529467,76.44416483,0.364,-0.049,10.0,9.2,0.0,17.1,2047,1887,RTK FIXED
33.424,075002.40,10.48529100,76.44416700,10.48529092,76.44416703,658049.639,1159430.981,108.00,658049.642,1159430.972,124.9,5,658049.225,1159431.712,10.48529467,76.44416483,0.364,-0.049,10.0,9.2,0.0,16.6,2047,1887,RTK FIXED
33.477,075002.40,10.48529100,76.44416700,10.48529095,76.44416702,658049.639,1159430.981,108.00,658049.641,1159430.976,124.9,5,658049.225,1159431.712,10.48529467,76.44416483,0.364,-0.049,10.0,9.2,0.5,16.4,2047,1887,RTK FIXED
33.532,075002.60,10.48529100,76.44416700,10.48529097,76.44416701,658049.668,1159430.998,108.00,658049.652,1159430.985,124.9,5,658049.225,1159431.712,10.48529467,76.44416483,0.365,-0.040,10.0,9.4,0.0,16.5,2047,1916,RTK FIXED
33.578,075002.60,10.48529100,76.44416700,10.48529098,76.44416701,658049.668,1159430.998,108.00,658049.658,1159430.990,124.9,5,658049.225,1159431.712,10.48529467,76.44416483,0.365,-0.040,10.0,9.4,-0.5,16.7,2047,1916,RTK FIXED
33.632,075002.80,10.48529100,76.44416700,10.48529099,76.44416700,658049.668,1159430.998,108.00,658049.662,1159430.993,124.9,5,658049.225,1159431.712,10.48529467,76.44416483,0.365,-0.035,10.0,9.4,0.0,17.2,2047,1933,RTK FIXED
33.678,075002.80,10.48529100,76.44416700,10.48529099,76.44416700,658049.668,1159430.998,108.00,658049.665,1159430.995,124.9,5,658049.225,1159431.712,10.48529467,76.44416483,0.365,-0.035,10.0,9.4,0.0,16.8,2047,1933,RTK FIXED
33.732,075002.80,10.48529100,76.44416700,10.48529100,76.44416700,658049.668,1159430.998,108.00,658049.666,1159430.997,124.9,5,658049.225,1159431.712,10.48529467,76.44416483,0.365,-0.035,10.0,9.4,0.0,16.8,2047,1933,RTK FIXED
33.778,075002.80,10.48529100,76.44416700,10.48529100,76.44416700,658049.668,1159430.998,108.00,658049.667,1159430.997,124.9,5,658049.225,1159431.712,10.48529467,76.44416483,0.365,-0.035,10.0,9.4,0.5,16.8,2047,1933,RTK FIXED
33.832,075002.80,10.48529100,76.44416700,10.48529100,76.44416700,658049.668,1159430.998,108.00,658049.667,1159430.998,124.9,5,658049.225,1159431.712,10.48529467,76.44416483,0.365,-0.035,10.0,9.4,0.0,17.1,2047,1933,RTK FIXED
33.877,075002.80,10.48529100,76.44416700,10.48529100,76.44416700,658049.668,1159430.998,108.00,658049.668,1159430.998,124.9,5,658049.225,1159431.712,10.48529467,76.44416483,0.365,-0.035,10.0,9.4,0.0,17.0,2047,1933,RTK FIXED
33.932,075003.00,10.48529200,76.44416700,10.48529140,76.44416700,658049.668,1159431.109,108.00,658049.668,1159431.042,116.2,5,658049.225,1159431.712,10.48529467,76.44416483,0.363,0.059,9.1,10.0,-0.5,17.2,1857,2047,RTK FIXED
33.985,075003.00,10.48529200,76.44416700,10.48529164,76.44416700,658049.668,1159431.109,108.00,658049.668,1159431.069,116.2,5,658049.225,1159431.712,10.48529467,76.44416483,0.363,0.059,9.1,10.0,0.5,17.5,1857,2047,RTK FIXED
34.031,075003.00,10.48529200,76.44416700,10.48529178,76.44416700,658049.668,1159431.109,108.00,658049.668,1159431.085,116.2,5,658049.225,1159431.712,10.48529467,76.44416483,0.363,0.059,9.1,10.0,-0.5,16.8,1857,2047,RTK FIXED
34.087,075003.00,10.48529200,76.44416700,10.48529187,76.44416700,658049.668,1159431.109,108.00,658049.668,1159431.095,116.2,5,658049.225,1159431.712,10.48529467,76.44416483,0.363,0.059,9.1,10.0,0.0,18.0,1857,2047,RTK FIXED
34.132,075003.20,10.48529200,76.44416600,10.48529192,76.44416660,658049.509,1159431.081,108.00,658049.604,1159431.089,116.2,5,658049.225,1159431.712,10.48529467,76.44416483,0.365,0.031,9.5,10.0,0.5,16.4,1944,2047,RTK FIXED
34.185,075003.20,10.48529200,76.44416600,10.48529195,76.44416636,658049.509,1159431.081,108.00,658049.566,1159431.086,116.2,5,658049.225,1159431.712,10.48529467,76.44416483,0.365,0.031,9.5,10.0,0.0,18.0,1944,2047,RTK FIXED
34.232,075003.20,10.48529200,76.44416600,10.48529197,76.44416622,658049.509,1159431.081,108.00,658049.543,1159431.084,116.2,5,658049.225,1159431.712,10.48529467,76.44416483,0.365,0.031,9.5,10.0,-0.5,18.1,1944,2047,RTK FIXED
34.287,075003.20,10.48529200,76.44416600,10.48529198,76.44416613,658049.509,1159431.081,108.00,658049.529,1159431.083,116.2,5,658049.225,1159431.712,10.48529467,76.44416483,0.365,0.031,9.5,10.0,0.0,18.8,1944,2047,RTK FIXED
34.333,075003.40,10.48529200,76.44416600,10.48529199,76.44416608,658049.509,1159431.081,108.00,658049.521,1159431.082,129.3,5,658049.225,1159431.712,10.48529467,76.44416483,0.359,-0.099,10.0,8.5,0.0,17.4,2047,1733,RTK FIXED
34.385,075003.40,10.48529200,76.44416600,10.48529199,76.44416605,658049.509,1159431.081,108.00,658049.516,1159431.082,129.3,5,658049.225,1159431.712,10.48529467,76.44416483,0.359,-0.099,10.0,8.5,0.0,18.0,2047,1733,RTK FIXED
34.440,075003.40,10.48529200,76.44416600,10.48529200,76.44416603,658049.509,1159431.081,108.00,658049.513,1159431.081,129.3,5,658049.225,1159431.712,10.48529467,76.44416483,0.359,-0.099,10.0,8.5,0.5,17.4,2047,1733,RTK FIXED
34.487,075003.40,10.48529200,76.44416600,10.48529200,76.44416602,658049.509,1159431.081,108.00,658049.511,1159431.081,129.3,5,658049.225,1159431.712,10.48529467,76.44416483,0.359,-0.099,10.0,8.5,0.0,17.0,2047,1733,RTK FIXED
34.540,075003.60,10.48529200,76.44416600,10.48529200,76.44416601,658049.581,1159431.125,108.00,658049.539,1159431.099,129.3,5,658049.225,1159431.712,10.48529467,76.44416483,0.360,-0.088,10.0,8.6,-0.5,15.5,2047,1767,RTK FIXED
34.585,075003.60,10.48529200,76.44416600,10.48529200,76.44416601,658049.581,1159431.125,108.00,658049.556,1159431.109,129.3,5,658049.225,1159431.712,10.48529467,76.44416483,0.360,-0.088,10.0,8.6,0.6,15.5,2047,1767,RTK FIXED
34.640,075003.60,10.48529200,76.44416600,10.48529200,76.44416600,658049.581,1159431.125,108.00,658049.566,1159431.115,129.3,5,658049.225,1159431.712,10.48529467,76.44416483,0.360,-0.088,10.0,8.6,0.0,15.8,2047,1767,RTK FIXED
34.687,075003.80,10.48529300,76.44416600,10.48529240,76.44416600,658049.580,1159431.235,108.00,658049.572,1159431.163,115.8,5,658049.225,1159431.712,10.48529467,76.44416483,0.364,0.050,9.2,10.0,-0.5,15.9,1886,2047,RTK FIXED
34.740,075003.80,10.48529300,76.44416600,10.48529264,76.44416600,658049.580,1159431.235,108.00,658049.575,1159431.192,115.8,5,658049.225,1159431.712,10.48529467,76.44416483,0.364,0.050,9.2,10.0,0.5,15.6,1886,2047,RTK FIXED
34.786,075003.80,10.48529300,76.44416600,10.48529278,76.44416600,658049.580,1159431.235,108.00,658049.577,1159431.209,115.8,5,658049.225,1159431.712,10.48529467,76.44416483,0.364,0.050,9.2,10.0,0.0,15.5,1886,2047,RTK FIXED
34.841,075004.00,10.48529300,76.44416600,10.48529287,76.44416600,658049.506,1159431.190,108.00,658049.549,1159431.202,115.8,5,658049.225,1159431.712,10.48529467,76.44416483,0.365,0.040,9.4,10.0,-0.5,15.6,1916,2047,RTK FIXED
34.886,075004.00,10.48529300,76.44416600,10.48529292,76.44416600,658049.506,1159431.190,108.00,658049.531,1159431.197,115.8,5,658049.225,1159431.712,10.48529467,76.44416483,0.365,0.040,9.4,10.0,0.0,15.5,1916,2047,RTK FIXED
34.940,075004.00,10.48529300,76.44416600,10.48529295,76.44416600,658049.506,1159431.190,108.00,658049.521,1159431.195,115.8,5,658049.225,1159431.712,10.48529467,76.44416483,0.365,0.040,9.4,10.0,0.0,15.3,1916,2047,RTK FIXED
34.986,075004.00,10.48529300,76.44416600,10.48529297,76.44416600,658049.506,1159431.190,108.00,658049.515,1159431.193,115.8,5,658049.225,1159431.712,10.48529467,76.44416483,0.365,0.040,9.4,10.0,0.5,17.3,1916,2047,RTK FIXED
35.040,075004.00,10.48529300,76.44416600,10.48529298,76.44416600,658049.506,1159431.190,108.00,658049.511,1159431.192,115.8,5,658049.225,1159431.712,10.48529467,76.44416483,0.365,0.040,9.4,10.0,-0.5,18.4,1916,2047,RTK FIXED
35.094,075004.00,10.48529300,76.44416600,10.48529299,76.44416600,658049.506,1159431.190,108.00,658049.509,1159431.191,115.8,5,658049.225,1159431.712,10.48529467,76.44416483,0.365,0.040,9.4,10.0,0.0,17.6,1916,2047,RTK FIXED
35.141,075004.20,10.48529300,76.44416600,10.48529299,76.44416600,658049.506,1159431.190,108.00,658049.508,1159431.191,115.8,5,658049.225,1159431.712,10.48529467,76.44416483,0.365,0.035,9.4,10.0,0.0,17.7,1934,2047,RTK FIXED
35.195,075004.20,10.48529300,76.44416600,10.48529300,76.44416600,658049.506,1159431.190,108.00,658049.507,1159431.191,115.8,5,658049.225,1159431.712,10.48529467,76.44416483,0.365,0.035,9.4,10.0,0.5,18.2,1934,2047,RTK FIXED
35.242,075004.40,10.48529400,76.44416600,10.48529340,76.44416600,658049.505,1159431.301,108.00,658049.506,1159431.235,118.4,5,658049.225,1159431.712,10.48529467,76.44416483,0.366,0.022,9.6,10.0,0.0,18.3,1975,2047,RTK FIXED
35.294,075004.40,10.48529400,76.44416600,10.48529364,76.44416600,658049.505,1159431.301,108.00,658049.506,1159431.261,118.4,5,658049.225,1159431.712,10.48529467,76.44416483,0.366,0.022,9.6,10.0,-0.5,17.8,1975,2047,RTK FIXED
35.340,075004.40,10.48529400,76.44416600,10.48529378,76.44416600,658049.505,1159431.301,108.00,658049.506,1159431.277,118.4,5,658049.225,1159431.712,10.48529467,76.44416483,0.366,0.022,9.6,10.0,0.0,18.0,1975,2047,RTK FIXED
35.395,075004.40,10.48529400,76.44416600,10.48529387,76.44416600,658049.505,1159431.301,108.00,658049.506,1159431.287,118.4,5,658049.225,1159431.712,10.48529467,76.44416483,0.366,0.022,9.6,10.0,0.5,17.9,1975,2047,RTK FIXED
35.441,075004.60,10.48529400,76.44416500,10.48529392,76.44416560,658049.411,1159431.308,108.00,658049.468,1159431.295,118.4,5,658049.225,1159431.712,10.48529467,76.44416483,0.366,0.009,9.9,10.0,0.0,17.7,2018,2047,RTK FIXED
35.497,075004.60,10.48529400,76.44416500,10.48529395,76.44416536,658049.411,1159431.308,108.00,658049.445,1159431.300,118.4,5,658049.225,1159431.712,10.48529467,76.44416483,0.366,0.009,9.9,10.0,0.0,17.9,2018,2047,RTK FIXED
35.541,075004.60,10.48529400,76.44416500,10.48529397,76.44416522,658049.411,1159431.308,108.00,658049.432,1159431.303,118.4,5,658049.225,1159431.712,10.48529467,76.44416483,0.366,0.009,9.9,10.0,-0.6,17.7,2018,2047,RTK FIXED
35.594,075004.60,10.48529400,76.44416500,10.48529398,76.44416513,658049.411,1159431.308,108.00,658049.423,1159431.305,118.4,5,658049.225,1159431.712,10.48529467,76.44416483,0.366,0.009,9.9,10.0,0.5,17.8,2018,2047,RTK FIXED
35.648,075004.60,10.48529400,76.44416500,10.48529399,76.44416508,658049.411,1159431.308,108.00,658049.419,1159431.306,118.4,5,658049.225,1159431.712,10.48529467,76.44416483,0.366,0.009,9.9,10.0,0.0,18.0,2018,2047,RTK FIXED
35.694,075004.60,10.48529400,76.44416500,10.48529399,76.44416505,658049.411,1159431.308,108.00,658049.416,1159431.307,118.4,5,658049.225,1159431.712,10.48529467,76.44416483,0.366,0.009,9.9,10.0,-0.5,17.9,2018,2047,RTK FIXED
35.749,075004.80,10.48529400,76.44416500,10.48529400,76.44416503,658049.411,1159431.308,108.00,658049.414,1159431.307,125.7,5,658049.225,1159431.712,10.48529467,76.44416483,0.363,-0.063,10.0,9.0,0.5,18.1,2047,1844,RTK FIXED
35.795,075004.80,10.48529400,76.44416500,10.48529400,76.44416502,658049.411,1159431.308,108.00,658049.413,1159431.308,125.7,5,658049.225,1159431.712,10.48529467,76.44416483,0.363,-0.063,10.0,9.0,0.0,17.5,2047,1844,RTK FIXED
35.849,075004.80,10.48529400,76.44416500,10.48529400,76.44416501,658049.411,1159431.308,108.00,658049.412,1159431.308,125.7,5,658049.225,1159431.712,10.48529467,76.44416483,0.363,-0.063,10.0,9.0,0.0,17.6,2047,1844,RTK FIXED
35.896,075004.80,10.48529400,76.44416500,10.48529400,76.44416501,658049.411,1159431.308,108.00,658049.412,1159431.308,125.7,5,658049.225,1159431.712,10.48529467,76.44416483,0.363,-0.063,10.0,9.0,0.0,16.8,2047,1844,RTK FIXED
35.949,075005.00,10.48529500,76.44416500,10.48529440,76.44416500,658049.451,1159431.443,108.00,658049.428,1159431.362,125.7,5,658049.225,1159431.712,10.48529467,76.44416483,0.344,-0.042,10.0,9.3,-0.5,17.4,2047,1902,RTK FIXED
35.996,075005.00,10.48529500,76.44416500,10.48529464,76.44416500,658049.451,1159431.443,108.00,658049.437,1159431.394,125.7,5,658049.225,1159431.712,10.48529467,76.44416483,0.344,-0.042,10.0,9.3,0.5,16.9,2047,1902,RTK FIXED
36.049,075005.00,10.48529500,76.44416500,10.48529478,76.44416500,658049.451,1159431.443,108.00,658049.443,1159431.413,125.7,5,658049.225,1159431.712,10.48529467,76.44416483,0.344,-0.042,10.0,9.3,0.0,15.9,2047,1902,RTK FIXED
36.095,075005.00,10.48529500,76.44416500,10.48529487,76.44416500,658049.451,1159431.443,108.00,658049.446,1159431.425,125.7,5,658049.225,1159431.712,10.48529467,76.44416483,0.344,-0.042,10.0,9.3,-0.5,15.8,2047,1902,RTK FIXED
36.152,075005.20,10.48529500,76.44416500,10.48529492,76.44416500,658049.451,1159431.443,108.00,658049.448,1159431.432,114.9,6,658048.692,1159432.631,10.48530300,76.44416000,0.364,0.058,9.1,10.0,0.4,15.8,1860,2047,RTK FIXED
36.204,075005.20,10.48529500,76.44416500,10.48529495,76.44416500,658049.451,1159431.443,108.00,658049.450,1159431.436,114.9,6,658048.692,1159432.631,10.48530300,76.44416000,0.364,0.058,9.1,10.0,-0.5,16.0,1860,2047,RTK FIXED
36.249,075005.20,10.48529500,76.44416500,10.48529497,76.44416500,658049.451,1159431.443,108.00,658049.450,1159431.439,114.9,6,658048.692,1159432.631,10.48530300,76.44416000,0.364,0.058,9.1,10.0,0.0,16.3,1860,2047,RTK FIXED
36.303,075005.20,10.48529500,76.44416500,10.48529498,76.44416500,658049.451,1159431.443,108.00,658049.451,1159431.440,114.9,6,658048.692,1159432.631,10.48530300,76.44416000,0.364,0.058,9.1,10.0,0.0,15.8,1860,2047,RTK FIXED
36.350,075005.40,10.48529500,76.44416500,10.48529499,76.44416500,658049.390,1159431.409,108.00,658049.427,1159431.428,114.9,6,658048.692,1159432.631,10.48530300,76.44416000,0.364,0.051,9.2,10.0,0.5,16.1,1880,2047,RTK FIXED
36.404,075005.40,10.48529500,76.44416500,10.48529499,76.44416500,658049.390,1159431.409,108.00,658049.412,1159431.420,114.9,6,658048.692,1159432.631,10.48530300,76.44416000,0.364,0.051,9.2,10.0,0.0,17.7,1880,2047,RTK FIXED
36.449,075005.40,10.48529500,76.44416500,10.48529500,76.44416500,658049.390,1159431.409,108.00,658049.403,1159431.416,114.9,6,658048.692,1159432.631,10.48530300,76.44416000,0.364,0.051,9.2,10.0,0.0,17.4,1880,2047,RTK FIXED
36.504,075005.60,10.48529600,76.44416500,10.48529540,76.44416500,658049.390,1159431.520,108.00,658049.398,1159431.457,114.9,6,658048.692,1159432.631,10.48530300,76.44416000,0.364,0.057,9.1,10.0,0.0,17.5,1862,2047,RTK FIXED
36.549,075005.60,10.48529600,76.44416500,10.48529564,76.44416500,658049.390,1159431.520,108.00,658049.395,1159431.482,114.9,6,658048.692,1159432.631,10.48530300,76.44416000,0.364,0.057,9.1,10.0,0.0,17.5,1862,2047,RTK FIXED
36.604,075005.60,10.48529600,76.44416500,10.48529578,76.44416500,658049.390,1159431.520,108.00,658049.393,1159431.497,114.9,6,658048.692,1159432.631,10.48530300,76.44416000,0.364,0.057,9.1,10.0,-0.5,18.0,1862,2047,RTK FIXED
36.650,075005.80,10.48529600,76.44416500,10.48529587,76.44416500,658049.390,1159431.520,108.00,658049.392,1159431.506,115.8,6,658048.692,1159432.631,10.48530300,76.44416000,0.364,0.053,9.2,10.0,0.5,17.4,1874,2047,RTK FIXED
36.704,075005.80,10.48529600,76.44416500,10.48529592,76.44416500,658049.390,1159431.520,108.00,658049.391,1159431.512,115.8,6,658048.692,1159432.631,10.48530300,76.44416000,0.364,0.053,9.2,10.0,0.0,17.6,1874,2047,RTK FIXED
36.758,075005.80,10.48529600,76.44416500,10.48529595,76.44416500,658049.390,1159431.520,108.00,658049.390,1159431.515,115.8,6,658048.692,1159432.631,10.48530300,76.44416000,0.364,0.053,9.2,10.0,0.0,17.6,1874,2047,RTK FIXED
36.804,075005.80,10.48529600,76.44416500,10.48529597,76.44416500,658049.390,1159431.520,108.00,658049.390,1159431.517,115.8,6,658048.692,1159432.631,10.48530300,76.44416000,0.364,0.053,9.2,10.0,-0.5,17.9,1874,2047,RTK FIXED
36.858,075005.80,10.48529600,76.44416500,10.48529598,76.44416500,658049.390,1159431.520,108.00,658049.390,1159431.518,115.8,6,658048.692,1159432.631,10.48530300,76.44416000,0.364,0.053,9.2,10.0,0.5,17.6,1874,2047,RTK FIXED
36.904,075005.80,10.48529600,76.44416500,10.48529599,76.44416500,658049.390,1159431.520,108.00,658049.390,1159431.519,115.8,6,658048.692,1159432.631,10.48530300,76.44416000,0.364,0.053,9.2,10.0,-0.5,17.9,1874,2047,RTK FIXED
36.958,075006.00,10.48529600,76.44416400,10.48529599,76.44416460,658049.286,1159431.521,108.00,658049.348,1159431.520,115.8,6,658048.692,1159432.631,10.48530300,76.44416000,0.365,0.039,9.4,10.0,0.0,18.0,1919,2047,RTK FIXED
37.004,075006.00,10.48529600,76.44416400,10.48529600,76.44416436,658049.286,1159431.521,108.00,658049.323,1159431.520,115.8,6,658048.692,1159432.631,10.48530300,76.44416000,0.365,0.039,9.4,10.0,0.5,18.0,1919,2047,RTK FIXED
37.057,075006.00,10.48529600,76.44416400,10.48529600,76.44416422,658049.286,1159431.521,108.00,658049.308,1159431.521,115.8,6,658048.692,1159432.631,10.48530300,76.44416000,0.365,0.039,9.4,10.0,0.0,17.8,1919,2047,RTK FIXED
37.104,075006.00,10.48529600,76.44416400,10.48529600,76.44416413,658049.286,1159431.521,108.00,658049.299,1159431.521,115.8,6,658048.692,1159432.631,10.48530300,76.44416000,0.365,0.039,9.4,10.0,-0.5,18.2,1919,2047,RTK FIXED
37.159,075006.20,10.48529700,76.44416400,10.48529640,76.44416408,658049.285,1159431.632,108.00,658049.293,1159431.565,121.7,6,658048.692,1159432.631,10.48530300,76.44416000,0.366,-0.010,10.0,9.8,0.5,18.4,2047,2013,RTK FIXED
37.204,075006.40,10.48529700,76.44416400,10.48529664,76.44416405,658049.319,1159431.649,108.00,658049.304,1159431.599,121.7,6,658048.692,1159432.631,10.48530300,76.44416000,0.366,-0.001,10.0,10.0,-0.5,18.1,2047,2043,RTK FIXED
37.257,075006.40,10.48529700,76.44416400,10.48529678,76.44416403,658049.319,1159431.649,108.00,658049.310,1159431.619,121.7,6,658048.692,1159432.631,10.48530300,76.44416000,0.366,-0.001,10.0,10.0,0.0,17.9,2047,2043,RTK FIXED
37.312,075006.40,10.48529700,76.44416400,10.48529687,76.44416402,658049.319,1159431.649,108.00,658049.313,1159431.631,121.7,6,658048.692,1159432.631,10.48530300,76.44416000,0.366,-0.001,10.0,10.0,0.5,18.3,2047,2043,RTK FIXED
37.357,075006.40,10.48529700,76.44416400,10.48529692,76.44416401,658049.319,1159431.649,108.00,658049.316,1159431.638,121.7,6,658048.692,1159432.631,10.48530300,76.44416000,0.366,-0.001,10.0,10.0,0.0,18.2,2047,2043,RTK FIXED
37.412,075006.40,10.48529700,76.44416400,10.48529695,76.44416401,658049.319,1159431.649,108.00,658049.317,1159431.643,121.7,6,658048.692,1159432.631,10.48530300,76.44416000,0.366,-0.001,10.0,10.0,0.0,18.7,2047,2043,RTK FIXED
37.459,075006.60,10.48529700,76.44416400,10.48529697,76.44416400,658049.319,1159431.649,108.00,658049.318,1159431.645,121.7,6,658048.692,1159432.631,10.48530300,76.44416000,0.366,0.005,9.9,10.0,-0.5,18.8,2032,2047,RTK FIXED
37.512,075006.60,10.48529700,76.44416400,10.48529698,76.44416400,658049.319,1159431.649,108.00,658049.318,1159431.647,121.7,6,658048.692,1159432.631,10.48530300,76.44416000,0.366,0.005,9.9,10.0,0.0,19.6,2032,2047,RTK FIXED
37.558,075006.60,10.48529700,76.44416400,10.48529699,76.44416400,658049.319,1159431.649,108.00,658049.318,1159431.648,121.7,6,658048.692,1159432.631,10.48530300,76.44416000,0.366,0.005,9.9,10.0,0.5,18.9,2032,2047,RTK FIXED
37.613,075006.80,10.48529800,76.44416400,10.48529739,76.44416400,658049.318,1159431.760,108.00,658049.318,1159431.693,113.2,6,658048.692,1159432.631,10.48530300,76.44416000,0.359,0.096,8.5,10.0,0.0,18.4,1744,2047,RTK FIXED
37.658,075006.80,10.48529800,76.44416400,10.48529764,76.44416400,658049.318,1159431.760,108.00,658049.318,1159431.720,113.2,6,658048.692,1159432.631,10.48530300,76.44416000,0.359,0.096,8.5,10.0,-0.5,18.6,1744,2047,RTK FIXED
37.712,075006.80,10.48529800,76.44416400,10.48529778,76.44416400,658049.318,1159431.760,108.00,658049.318,1159431.736,113.2,6,658048.692,1159432.631,10.48530300,76.44416000,0.359,0.096,8.5,10.0,0.5,18.5,1744,2047,RTK FIXED
37.758,075006.80,10.48529800,76.44416400,10.48529787,76.44416400,658049.318,1159431.760,108.00,658049.318,1159431.745,113.2,6,658048.692,1159432.631,10.48530300,76.44416000,0.359,0.096,8.5,10.0,0.0,18.4,1744,2047,RTK FIXED
37.812,075006.80,10.48529800,76.44416400,10.48529792,76.44416400,658049.318,1159431.760,108.00,658049.318,1159431.751,113.2,6,658048.692,1159432.631,10.48530300,76.44416000,0.359,0.096,8.5,10.0,0.0,19.0,1744,2047,RTK FIXED
37.858,075006.80,10.48529800,76.44416400,10.48529795,76.44416400,658049.318,1159431.760,108.00,658049.318,1159431.755,113.2,6,658048.692,1159432.631,10.48530300,76.44416000,0.359,0.096,8.5,10.0,0.0,18.1,1744,2047,RTK FIXED
37.912,075006.80,10.48529800,76.44416400,10.48529797,76.44416400,658049.318,1159431.760,108.00,658049.318,1159431.757,113.2,6,658048.692,1159432.631,10.48530300,76.44416000,0.359,0.096,8.5,10.0,-0.5,18.5,1744,2047,RTK FIXED
37.967,075007.00,10.48529800,76.44416300,10.48529798,76.44416360,658049.159,1159431.735,108.00,658049.255,1159431.748,113.2,6,658048.692,1159432.631,10.48530300,76.44416000,0.362,0.072,8.9,10.0,0.0,18.2,1816,2047,RTK FIXED
38.013,075007.00,10.48529800,76.44416300,10.48529799,76.44416336,658049.159,1159431.735,108.00,658049.217,1159431.743,113.2,6,658048.692,1159432.631,10.48530300,76.44416000,0.362,0.072,8.9,10.0,0.0,18.5,1816,2047,RTK FIXED
38.067,075007.00,10.48529800,76.44416300,10.48529799,76.44416322,658049.159,1159431.735,108.00,658049.194,1159431.740,113.2,6,658048.692,1159432.631,10.48530300,76.44416000,0.362,0.072,8.9,10.0,0.0,17.6,1816,2047,RTK FIXED
38.113,075007.00,10.48529800,76.44416300,10.48529800,76.44416313,658049.159,1159431.735,108.00,658049.180,1159431.738,113.2,6,658048.692,1159432.631,10.48530300,76.44416000,0.362,0.072,8.9,10.0,0.0,17.9,1816,2047,RTK FIXED
38.167,075007.20,10.48529800,76.44416300,10.48529800,76.44416308,658049.159,1159431.735,108.00,658049.172,1159431.737,126.8,6,658048.692,1159432.631,10.48530300,76.44416000,0.363,-0.062,10.0,9.0,0.0,18.3,2047,1848,RTK FIXED
38.213,075007.40,10.48529800,76.44416300,10.48529800,76.44416305,658049.236,1159431.777,108.00,658049.198,1159431.753,126.8,6,658048.692,1159432.631,10.48530300,76.44416000,0.364,-0.050,10.0,9.2,0.0,17.9,2047,1886,RTK FIXED
38.267,075007.40,10.48529800,76.44416300,10.48529800,76.44416303,658049.236,1159431.777,108.00,658049.213,1159431.763,126.8,6,658048.692,1159432.631,10.48530300,76.44416000,0.364,-0.050,10.0,9.2,0.5,17.8,2047,1886,RTK FIXED
38.313,075007.40,10.48529800,76.44416300,10.48529800,76.44416302,658049.236,1159431.777,108.00,658049.222,1159431.768,126.8,6,658048.692,1159432.631,10.48530300,76.44416000,0.364,-0.050,10.0,9.2,0.0,16.7,2047,1886,RTK FIXED
38.367,075007.40,10.48529800,76.44416300,10.48529800,76.44416301,658049.236,1159431.777,108.00,658049.228,1159431.772,126.8,6,658048.692,1159432.631,10.48530300,76.44416000,0.364,-0.050,10.0,9.2,0.0,16.3,2047,1886,RTK FIXED
38.413,075007.40,10.48529800,76.44416300,10.48529800,76.44416301,658049.236,1159431.777,108.00,658049.231,1159431.774,126.8,6,658048.692,1159432.631,10.48530300,76.44416000,0.364,-0.050,10.0,9.2,0.0,16.5,2047,1886,RTK FIXED
38.468,075007.60,10.48529900,76.44416300,10.48529840,76.44416300,658049.236,1159431.888,108.00,658049.233,1159431.819,113.4,6,658048.692,1159432.631,10.48530300,76.44416000,0.360,0.088,8.6,10.0,0.0,16.7,1766,2047,RTK FIXED
38.521,075007.60,10.48529900,76.44416300,10.48529864,76.44416300,658049.236,1159431.888,108.00,658049.234,1159431.847,113.4,6,658048.692,1159432.631,10.48530300,76.44416000,0.360,0.088,8.6,10.0,-0.5,17.4,1766,2047,RTK FIXED
38.568,075007.60,10.48529900,76.44416300,10.48529878,76.44416300,658049.236,1159431.888,108.00,658049.235,1159431.863,113.4,6,658048.692,1159432.631,10.48530300,76.44416000,0.360,0.088,8.6,10.0,0.0,17.3,1766,2047,RTK FIXED
38.621,075007.60,10.48529900,76.44416300,10.48529887,76.44416300,658049.236,1159431.888,108.00,658049.235,1159431.873,113.4,6,658048.692,1159432.631,10.48530300,76.44416000,0.360,0.088,8.6,10.0,0.0,17.1,1766,2047,RTK FIXED
38.668,075007.60,10.48529900,76.44416300,10.48529892,76.44416300,658049.236,1159431.888,108.00,658049.236,1159431.879,113.4,6,658048.692,1159432.631,10.48530300,76.44416000,0.360,0.088,8.6,10.0,0.5,17.8,1766,2047,RTK FIXED
38.721,075007.80,10.48529900,76.44416300,10.48529895,76.44416300,658049.160,1159431.846,108.00,658049.205,1159431.866,113.4,6,658048.692,1159432.631,10.48530300,76.44416000,0.361,0.079,8.8,10.0,0.0,16.2,1794,2047,RTK FIXED
38.767,075007.80,10.48529900,76.44416300,10.48529897,76.44416300,658049.160,1159431.846,108.00,658049.187,1159431.858,113.4,6,658048.692,1159432.631,10.48530300,76.44416000,0.361,0.079,8.8,10.0,0.0,17.4,1794,2047,RTK FIXED
38.821,075007.80,10.48529900,76.44416300,10.48529898,76.44416300,658049.160,1159431.846,108.00,658049.176,1159431.853,113.4,6,658048.692,1159432.631,10.48530300,76.44416000,0.361,0.079,8.8,10.0,-0.5,17.7,1794,2047,RTK FIXED
38.868,075007.80,10.48529900,76.44416300,10.48529899,76.44416300,658049.160,1159431.846,108.00,658049.170,1159431.851,113.4,6,658048.692,1159432.631,10.48530300,76.44416000,0.361,0.079,8.8,10.0,0.0,17.7,1794,2047,RTK FIXED
38.921,075007.80,10.48529900,76.44416300,10.48529899,76.44416300,658049.160,1159431.846,108.00,658049.166,1159431.849,113.4,6,658048.692,1159432.631,10.48530300,76.44416000,0.361,0.079,8.8,10.0,0.0,17.9,1794,2047,RTK FIXED
38.968,075008.00,10.48529900,76.44416200,10.48529900,76.44416260,658049.050,1159431.846,108.00,658049.120,1159431.848,127.6,6,658048.692,1159432.631,10.48530300,76.44416000,0.362,-0.074,10.0,8.8,0.0,17.6,2047,1811,RTK FIXED
39.022,075008.00,10.48529900,76.44416200,10.48529900,76.44416236,658049.050,1159431.846,108.00,658049.092,1159431.847,127.6,6,658048.692,1159432.631,10.48530300,76.44416000,0.362,-0.074,10.0,8.8,0.0,17.6,2047,1811,RTK FIXED
39.067,075008.00,10.48529900,76.44416200,10.48529900,76.44416222,658049.050,1159431.846,108.00,658049.075,1159431.847,127.6,6,658048.692,1159432.631,10.48530300,76.44416000,0.362,-0.074,10.0,8.8,0.0,17.0,2047,1811,RTK FIXED
39.122,075008.20,10.48530000,76.44416200,10.48529940,76.44416213,658049.130,1159432.001,108.00,658049.097,1159431.908,127.6,6,658048.692,1159432.631,10.48530300,76.44416000,0.364,-0.055,10.0,9.1,0.5,15.6,2047,1870,RTK FIXED
39.176,075008.20,10.48530000,76.44416200,10.48529964,76.44416208,658049.130,1159432.001,108.00,658049.110,1159431.945,127.6,6,658048.692,1159432.631,10.48530300,76.44416000,0.364,-0.055,10.0,9.1,0.0,15.3,2047,1870,RTK FIXED
39.222,075008.40,10.48530000,76.44416200,10.48529978,76.44416205,658049.130,1159432.001,108.00,658049.118,1159431.968,117.4,6,658048.692,1159432.631,10.48530300,76.44416000,0.364,0.046,9.3,10.0,-0.5,15.1,1898,2047,RTK FIXED
39.276,075008.40,10.48530000,76.44416200,10.48529987,76.44416203,658049.130,1159432.001,108.00,658049.123,1159431.981,117.4,6,658048.692,1159432.631,10.48530300,76.44416000,0.364,0.046,9.3,10.0,0.5,15.3,1898,2047,RTK FIXED
39.321,075008.40,10.48530000,76.44416200,10.48529992,76.44416202,658049.130,1159432.001,108.00,658049.126,1159431.989,117.4,6,658048.692,1159432.631,10.48530300,76.44416000,0.364,0.046,9.3,10.0,0.0,15.4,1898,2047,RTK FIXED
39.375,075008.40,10.48530000,76.44416200,10.48529995,76.44416201,658049.130,1159432.001,108.00,658049.128,1159431.994,117.4,6,658048.692,1159432.631,10.48530300,76.44416000,0.364,0.046,9.3,10.0,0.0,16.6,1898,2047,RTK FIXED
39.422,075008.60,10.48530000,76.44416200,10.48529997,76.44416201,658049.074,1159431.967,108.00,658049.106,1159431.983,117.4,6,658048.692,1159432.631,10.48530300,76.44416000,0.365,0.036,9.4,10.0,-0.5,17.1,1929,2047,RTK FIXED
39.475,075008.60,10.48530000,76.44416200,10.48529998,76.44416200,658049.074,1159431.967,108.00,658049.093,1159431.977,117.4,6,658048.692,1159432.631,10.48530300,76.44416000,0.365,0.036,9.4,10.0,0.0,17.5,1929,2047,RTK FIXED
39.521,075008.60,10.48530000,76.44416200,10.48529999,76.44416200,658049.074,1159431.967,108.00,658049.085,1159431.973,117.4,6,658048.692,1159432.631,10.48530300,76.44416000,0.365,0.036,9.4,10.0,0.5,17.9,1929,2047,RTK FIXED
39.576,075008.60,10.48530000,76.44416200,10.48529999,76.44416200,658049.074,1159431.967,108.00,658049.081,1159431.971,117.4,6,658048.692,1159432.631,10.48530300,76.44416000,0.365,0.036,9.4,10.0,0.0,16.9,1929,2047,RTK FIXED
39.621,075008.60,10.48530000,76.44416200,10.48530000,76.44416200,658049.074,1159431.967,108.00,658049.078,1159431.969,117.4,6,658048.692,1159432.631,10.48530300,76.44416000,0.365,0.036,9.4,10.0,0.0,17.5,1929,2047,RTK FIXED
39.676,075008.60,10.48530000,76.44416200,10.48530000,76.44416200,658049.074,1159431.967,108.00,658049.076,1159431.968,117.4,6,658048.692,1159432.631,10.48530300,76.44416000,0.365,0.036,9.4,10.0,0.0,17.5,1929,2047,RTK FIXED
39.730,075008.80,10.48530000,76.44416200,10.48530000,76.44416200,658049.074,1159431.967,108.00,658049.075,1159431.968,117.4,6,658048.692,1159432.631,10.48530300,76.44416000,0.365,0.031,9.5,10.0,-0.5,17.5,1947,2047,RTK FIXED
39.775,075008.80,10.48530000,76.44416200,10.48530000,76.44416200,658049.074,1159431.967,108.00,658049.075,1159431.968,117.4,6,658048.692,1159432.631,10.48530300,76.44416000,0.365,0.031,9.5,10.0,0.6,17.7,1947,2047,RTK FIXED
39.830,075008.80,10.48530000,76.44416200,10.48530000,76.44416200,658049.074,1159431.967,108.00,658049.074,1159431.967,117.4,6,658048.692,1159432.631,10.48530300,76.44416000,0.365,0.031,9.5,10.0,-0.5,17.9,1947,2047,RTK FIXED
39.876,075008.80,10.48530000,76.44416200,10.48530000,76.44416200,658049.074,1159431.967,108.00,658049.074,1159431.967,117.4,6,658048.692,1159432.631,10.48530300,76.44416000,0.365,0.031,9.5,10.0,0.0,17.8,1947,2047,RTK FIXED
39.930,075009.00,10.48530100,76.44416100,10.48530040,76.44416160,658048.964,1159432.077,108.00,658049.030,1159432.011,125.4,6,658048.692,1159432.631,10.48530300,76.44416000,0.364,-0.053,10.0,9.2,0.0,17.6,2047,1876,RTK FIXED
39.976,075009.00,10.48530100,76.44416100,10.48530064,76.44416136,658048.964,1159432.077,108.00,658049.004,1159432.038,125.4,6,658048.692,1159432.631,10.48530300,76.44416000,0.364,-0.053,10.0,9.2,0.0,18.0,2047,1876,RTK FIXED
40.030,075009.00,10.48530100,76.44416100,10.48530078,76.44416122,658048.964,1159432.077,108.00,658048.988,1159432.053,125.4,6,658048.692,1159432.631,10.48530300,76.44416000,0.364,-0.053,10.0,9.2,0.5,17.6,2047,1876,RTK FIXED
40.076,075009.00,10.48530100,76.44416100,10.48530087,76.44416113,658048.964,1159432.077,108.00,658048.978,1159432.063,125.4,6,658048.692,1159432.631,10.48530300,76.44416000,0.364,-0.053,10.0,9.2,0.0,16.3,2047,1876,RTK FIXED
40.130,075009.20,10.48530100,76.44416100,10.48530092,76.44416108,658049.009,1159432.103,108.00,658048.990,1159432.079,125.4,6,658048.692,1159432.631,10.48530300,76.44416000,0.364,-0.048,10.0,9.2,-0.5,16.2,2047,1892,RTK FIXED
40.176,075009.20,10.48530100,76.44416100,10.48530095,76.44416105,658049.009,1159432.103,108.00,658048.998,1159432.089,125.4,6,658048.692,1159432.631,10.48530300,76.44416000,0.364,-0.048,10.0,9.2,0.0,15.9,2047,1892,RTK FIXED
40.231,075009.40,10.48530100,76.44416100,10.48530097,76.44416103,658049.009,1159432.103,108.00,658049.002,1159432.094,125.4,6,658048.692,1159432.631,10.48530300,76.44416000,0.365,-0.045,10.0,9.3,0.0,16.4,2047,1901,RTK FIXED
40.284,075009.40,10.48530100,76.44416100,10.48530098,76.44416102,658049.009,1159432.103,108.00,658049.005,1159432.098,125.4,6,658048.692,1159432.631,10.48530300,76.44416000,0.365,-0.045,10.0,9.3,0.5,16.8,2047,1901,RTK FIXED
40.330,075009.40,10.48530100,76.44416100,10.48530099,76.44416101,658049.009,1159432.103,108.00,658049.006,1159432.100,125.4,6,658048.692,1159432.631,10.48530300,76.44416000,0.365,-0.045,10.0,9.3,-0.5,17.3,2047,1901,RTK FIXED
40.384,075009.40,10.48530100,76.44416100,10.48530099,76.44416101,658049.009,1159432.103,108.00,658049.007,1159432.101,125.4,6,658048.692,1159432.631,10.48530300,76.44416000,0.365,-0.045,10.0,9.3,0.0,17.1,2047,1901,RTK FIXED
40.431,075009.60,10.48530200,76.44416100,10.48530140,76.44416100,658049.008,1159432.214,108.00,658049.008,1159432.146,118.6,6,658048.692,1159432.631,10.48530300,76.44416000,0.365,0.030,9.5,10.0,0.5,17.2,1947,2047,RTK FIXED
40.484,075009.60,10.48530200,76.44416100,10.48530164,76.44416100,658049.008,1159432.214,108.00,658049.008,1159432.173,118.6,6,658048.692,1159432.631,10.48530300,76.44416000,0.365,0.030,9.5,10.0,-0.5,16.8,1947,2047,RTK FIXED
40.530,075009.60,10.48530200,76.44416100,10.48530178,76.44416100,658049.008,1159432.214,108.00,658049.008,1159432.189,118.6,6,658048.692,1159432.631,10.48530300,76.44416000,0.365,0.030,9.5,10.0,0.5,16.3,1947,2047,RTK FIXED
40.584,075009.60,10.48530200,76.44416100,10.48530187,76.44416100,658049.008,1159432.214,108.00,658049.008,1159432.199,118.6,6,658048.692,1159432.631,10.48530300,76.44416000,0.365,0.030,9.5,10.0,0.0,16.7,1947,2047,RTK FIXED
40.631,075009.60,10.48530200,76.44416100,10.48530192,76.44416100,658049.008,1159432.214,108.00,658049.008,1159432.205,118.6,6,658048.692,1159432.631,10.48530300,76.44416000,0.365,0.030,9.5,10.0,0.0,16.8,1947,2047,RTK FIXED
40.685,075009.60,10.48530200,76.44416100,10.48530195,76.44416100,658049.008,1159432.214,108.00,658049.008,1159432.208,118.6,6,658048.692,1159432.631,10.48530300,76.44416000,0.365,0.030,9.5,10.0,0.0,17.4,1947,2047,RTK FIXED
40.731,075009.80,10.48530200,76.44416100,10.48530197,76.44416100,658048.970,1159432.191,108.00,658048.993,1159432.201,118.6,6,658048.692,1159432.631,10.48530300,76.44416000,0.365,0.029,9.5,10.0,0.0,18.0,1953,2047,RTK FIXED
40.785,075009.80,10.48530200,76.44416100,10.48530198,76.44416100,658048.970,1159432.191,108.00,658048.984,1159432.197,118.6,6,658048.692,1159432.631,10.48530300,76.44416000,0.365,0.029,9.5,10.0,0.0,18.7,1953,2047,RTK FIXED
40.838,075009.80,10.48530200,76.44416100,10.48530199,76.44416100,658048.970,1159432.191,108.00,658048.978,1159432.195,118.6,6,658048.692,1159432.631,10.48530300,76.44416000,0.365,0.029,9.5,10.0,-0.5,18.6,1953,2047,RTK FIXED
40.885,075009.80,10.48530200,76.44416100,10.48530199,76.44416100,658048.970,1159432.191,108.00,658048.975,1159432.193,118.6,6,658048.692,1159432.631,10.48530300,76.44416000,0.365,0.029,9.5,10.0,0.5,18.4,1953,2047,RTK FIXED
40.939,075010.00,10.48530200,76.44416000,10.48530200,76.44416060,658048.861,1159432.191,108.00,658048.929,1159432.192,128.1,6,658048.692,1159432.631,10.48530300,76.44416000,0.361,-0.080,10.0,8.8,-0.5,18.4,2047,1793,RTK FIXED
40.985,075010.00,10.48530200,76.44416000,10.48530200,76.44416036,658048.861,1159432.191,108.00,658048.902,1159432.192,128.1,6,658048.692,1159432.631,10.48530300,76.44416000,0.361,-0.080,10.0,8.8,0.0,18.0,2047,1793,RTK FIXED
41.039,075010.00,10.48530200,76.44416000,10.48530200,76.44416022,658048.861,1159432.191,108.00,658048.885,1159432.191,128.1,6,658048.692,1159432.631,10.48530300,76.44416000,0.361,-0.080,10.0,8.8,0.5,18.1,2047,1793,RTK FIXED
41.084,075010.00,10.48530200,76.44416000,10.48530200,76.44416013,658048.861,1159432.191,108.00,658048.875,1159432.191,128.1,6,658048.692,1159432.631,10.48530300,76.44416000,0.361,-0.080,10.0,8.8,-0.5,17.0,2047,1793,RTK FIXED
41.139,075010.20,10.48530200,76.44416000,10.48530200,76.44416008,658048.913,1159432.223,108.00,658048.891,1159432.204,128.1,6,658048.692,1159432.631,10.48530300,76.44416000,0.361,-0.079,10.0,8.8,0.5,16.4,2047,1795,RTK FIXED
41.186,075010.20,10.48530200,76.44416000,10.48530200,76.44416005,658048.913,1159432.223,108.00,658048.900,1159432.212,128.1,6,658048.692,1159432.631,10.48530300,76.44416000,0.361,-0.079,10.0,8.8,0.0,16.9,2047,1795,RTK FIXED
41.240,075010.40,10.48530300,76.44416000,10.48530240,76.44416003,658048.913,1159432.334,108.00,658048.905,1159432.260,120.7,6,658048.692,1159432.631,10.48530300,76.44416000,0.359,-0.001,10.0,10.0,0.0,15.6,2047,2045,RTK FIXED
41.285,075010.40,10.48530300,76.44416000,10.48530264,76.44416002,658048.913,1159432.334,108.00,658048.908,1159432.290,120.7,6,658048.692,1159432.631,10.48530300,76.44416000,0.359,-0.001,10.0,10.0,0.0,16.4,2047,2045,RTK FIXED
41.339,075010.40,10.48530300,76.44416000,10.48530278,76.44416001,658048.913,1159432.334,108.00,658048.910,1159432.307,120.7,6,658048.692,1159432.631,10.48530300,76.44416000,0.359,-0.001,10.0,10.0,0.0,16.3,2047,2045,RTK FIXED
41.386,075010.40,10.48530300,76.44416000,10.48530287,76.44416001,658048.913,1159432.334,108.00,658048.911,1159432.318,120.7,6,658048.692,1159432.631,10.48530300,76.44416000,0.359,-0.001,10.0,10.0,-0.5,16.1,2047,2045,RTK FIXED
41.440,075010.60,10.48530300,76.44416000,10.48530292,76.44416000,658048.873,1159432.308,108.00,658048.896,1159432.314,120.7,6,658048.692,1159432.631,10.48530300,76.44416000,0.334,-0.004,10.0,9.9,0.5,16.7,2047,2032,RTK FIXED
41.493,075010.60,10.48530300,76.44416000,10.48530295,76.44416000,658048.873,1159432.308,108.00,658048.886,1159432.311,120.7,6,658048.692,1159432.631,10.48530300,76.44416000,0.334,-0.004,10.0,9.9,0.0,16.9,2047,2032,RTK FIXED
41.539,075010.60,10.48530300,76.44416000,10.48530297,76.44416000,658048.873,1159432.308,108.00,658048.881,1159432.310,120.7,6,658048.692,1159432.631,10.48530300,76.44416000,0.334,-0.004,10.0,9.9,-0.5,16.8,2047,2032,RTK FIXED
41.593,075010.60,10.48530300,76.44416000,10.48530298,76.44416000,658048.873,1159432.308,108.00,658048.878,1159432.309,120.7,6,658048.692,1159432.631,10.48530300,76.44416000,0.334,-0.004,10.0,9.9,0.0,17.1,2047,2032,RTK FIXED
41.640,075010.60,10.48530300,76.44416000,10.48530299,76.44416000,658048.873,1159432.308,108.00,658048.876,1159432.309,120.7,6,658048.692,1159432.631,10.48530300,76.44416000,0.334,-0.004,10.0,9.9,0.5,18.9,2047,2032,RTK FIXED
41.693,075010.60,10.48530300,76.44416000,10.48530299,76.44416000,658048.873,1159432.308,108.00,658048.874,1159432.308,120.7,6,658048.692,1159432.631,10.48530300,76.44416000,0.334,-0.004,10.0,9.9,0.0,17.7,2047,2032,RTK FIXED
41.906,075010.80,10.48530400,76.44416000,10.48530340,76.44416000,658048.872,1159432.418,108.00,658048.873,1159432.352,118.0,7,658049.948,1159433.356,10.48530950,76.44417150,0.000,-0.946,10.0,-10.0,-0.1,17.4,450,450,RTK FIXED
41.940,075011.00,10.48530400,76.44415900,10.48530364,76.44415960,658048.731,1159432.402,108.00,658048.817,1159432.372,115.3,7,658049.948,1159433.356,10.48530950,76.44417150,0.000,-0.964,10.0,-10.0,0.7,16.0,900,900,RTK FIXED
41.994,075011.00,10.48530400,76.44415900,10.48530378,76.44415936,658048.731,1159432.402,108.00,658048.782,1159432.384,112.5,7,658049.948,1159433.356,10.48530950,76.44417150,0.000,-0.964,10.0,-10.0,-0.5,14.4,1350,1350,RTK FIXED
42.040,075011.00,10.48530400,76.44415900,10.48530387,76.44415922,658048.731,1159432.402,108.00,658048.762,1159432.391,109.8,7,658049.948,1159433.356,10.48530950,76.44417150,0.000,-0.964,10.0,-10.0,0.5,13.6,1800,1800,RTK FIXED
42.093,075011.00,10.48530400,76.44415900,10.48530392,76.44415913,658048.731,1159432.402,108.00,658048.750,1159432.396,107.0,7,658049.948,1159433.356,10.48530950,76.44417150,0.000,-0.964,10.0,-10.0,0.0,11.1,2047,2047,RTK FIXED
42.140,075011.20,10.48530400,76.44415900,10.48530395,76.44415908,658048.663,1159432.380,108.00,658048.715,1159432.389,122.2,7,658049.948,1159433.356,10.48530950,76.44417150,0.000,-1.118,10.0,-10.0,0.0,10.7,2047,2047,RTK FIXED
42.193,075011.20,10.48530400,76.44415900,10.48530397,76.44415905,658048.663,1159432.380,108.00,658048.694,1159432.386,119.0,7,658049.948,1159433.356,10.48530950,76.44417150,0.000,-1.118,10.0,-10.0,-0.5,9.8,2047,2047,RTK FIXED
42.240,075011.20,10.48530400,76.44415900,10.48530398,76.44415903,658048.663,1159432.380,108.00,658048.682,1159432.383,115.8,7,658049.948,1159433.356,10.48530950,76.44417150,0.000,-1.118,10.0,-10.0,0.5,8.7,2047,2047,RTK FIXED
42.294,075011.20,10.48530400,76.44415900,10.48530399,76.44415902,658048.663,1159432.380,108.00,658048.675,1159432.382,112.5,7,658049.948,1159433.356,10.48530950,76.44417150,0.000,-1.118,10.0,-10.0,0.0,8.4,2047,2047,RTK FIXED
42.340,075011.40,10.48530400,76.44415900,10.48530399,76.44415901,658048.695,1159432.389,108.00,658048.683,1159432.385,109.3,7,658049.948,1159433.356,10.48530950,76.44417150,0.000,-0.951,10.0,-10.0,-0.5,7.0,2047,2047,RTK FIXED
42.393,075011.40,10.48530400,76.44415900,10.48530400,76.44415901,658048.695,1159432.389,108.00,658048.688,1159432.386,106.6,7,658049.948,1159433.356,10.48530950,76.44417150,0.000,-0.951,10.0,-10.0,0.5,7.1,2047,2047,RTK FIXED
42.448,075011.60,10.48530400,76.44415900,10.48530400,76.44415900,658048.661,1159432.380,108.00,658048.677,1159432.384,103.9,7,658049.948,1159433.356,10.48530950,76.44417150,0.000,-0.890,10.0,-10.0,-0.5,5.4,2047,2047,RTK FIXED
42.494,075011.60,10.48530400,76.44415900,10.48530400,76.44415900,658048.661,1159432.380,108.00,658048.671,1159432.382,101.3,7,658049.948,1159433.356,10.48530950,76.44417150,0.000,-0.890,10.0,-10.0,0.5,4.4,2047,2047,RTK FIXED
42.548,075011.60,10.48530400,76.44415900,10.48530400,76.44415900,658048.661,1159432.380,108.00,658048.667,1159432.381,98.8,7,658049.948,1159433.356,10.48530950,76.44417150,0.000,-0.890,10.0,-10.0,0.0,3.7,2047,2047,RTK FIXED
42.593,075011.60,10.48530400,76.44415900,10.48530400,76.44415900,658048.661,1159432.380,108.00,658048.665,1159432.380,96.2,7,658049.948,1159433.356,10.48530950,76.44417150,0.000,-0.890,10.0,-10.0,-0.5,3.3,2047,2047,RTK FIXED
42.648,075011.80,10.48530500,76.44415900,10.48530440,76.44415900,658048.595,1159432.482,108.00,658048.637,1159432.421,111.4,7,658049.948,1159433.356,10.48530950,76.44417150,0.000,-1.056,10.0,-10.0,0.5,3.2,2047,2047,RTK FIXED
42.693,075011.80,10.48530500,76.44415900,10.48530464,76.44415900,658048.595,1159432.482,108.00,658048.620,1159432.445,108.4,7,658049.948,1159433.356,10.48530950,76.44417150,0.000,-1.056,10.0,-10.0,0.0,2.8,2047,2047,RTK FIXED
42.748,075011.80,10.48530500,76.44415900,10.48530478,76.44415900,658048.595,1159432.482,108.00,658048.610,1159432.460,105.3,7,658049.948,1159433.356,10.48530950,76.44417150,0.000,-1.056,10.0,-10.0,0.0,1.8,2047,2047,RTK FIXED
42.794,075011.80,10.48530500,76.44415900,10.48530487,76.44415900,658048.595,1159432.482,108.00,658048.604,1159432.469,102.3,7,658049.948,1159433.356,10.48530950,76.44417150,0.000,-1.056,10.0,-10.0,-0.6,1.7,2047,2047,RTK FIXED
42.848,075011.80,10.48530500,76.44415900,10.48530492,76.44415900,658048.595,1159432.482,108.00,658048.601,1159432.474,99.3,7,658049.948,1159433.356,10.48530950,76.44417150,0.000,-1.056,10.0,-10.0,0.5,1.8,2047,2047,RTK FIXED
42.896,075011.80,10.48530500,76.44415900,10.48530495,76.44415900,658048.595,1159432.482,108.00,658048.599,1159432.477,96.3,7,658049.948,1159433.356,10.48530950,76.44417150,0.000,-1.056,10.0,-10.0,0.0,1.1,2047,2047,RTK FIXED
42.949,075012.00,10.48530500,76.44415900,10.48530497,76.44415900,658048.592,1159432.482,108.00,658048.596,1159432.479,93.2,7,658049.948,1159433.356,10.48530950,76.44417150,0.000,-0.819,10.0,-10.0,0.0,1.4,2047,2047,RTK FIXED
42.994,075012.00,10.48530500,76.44415900,10.48530498,76.44415900,658048.592,1159432.482,108.00,658048.595,1159432.480,90.9,7,658049.948,1159433.356,10.48530950,76.44417150,0.000,-0.819,10.0,-10.0,0.0,1.1,2047,2047,RTK FIXED
43.048,075012.00,10.48530500,76.44415900,10.48530499,76.44415900,658048.592,1159432.482,108.00,658048.594,1159432.481,88.5,7,658049.948,1159433.356,10.48530950,76.44417150,0.000,-0.819,10.0,-10.0,0.0,0.9,2047,2047,RTK FIXED
43.101,075012.00,10.48530500,76.44415900,10.48530499,76.44415900,658048.592,1159432.482,108.00,658048.593,1159432.481,86.2,7,658049.948,1159433.356,10.48530950,76.44417150,0.000,-0.819,10.0,-10.0,0.0,1.4,2047,2047,RTK FIXED
43.149,075012.20,10.48530500,76.44415900,10.48530500,76.44415900,658048.532,1159432.485,108.00,658048.569,1159432.483,83.8,7,658049.948,1159433.356,10.48530950,76.44417150,0.000,-0.713,10.0,-10.0,-0.5,1.1,2047,2047,RTK FIXED
43.202,075012.20,10.48530500,76.44415900,10.48530500,76.44415900,658048.532,1159432.485,108.00,658048.554,1159432.484,81.8,7,658049.948,1159433.356,10.48530950,76.44417150,0.000,-0.713,10.0,-10.0,0.5,1.9,2047,2047,RTK FIXED
43.249,075012.40,10.48530500,76.44415900,10.48530500,76.44415900,658048.506,1159432.489,108.00,658048.535,1159432.486,101.7,7,658049.948,1159433.356,10.48530950,76.44417150,0.000,-1.003,10.0,-10.0,-0.5,1.1,2047,2047,RTK FIXED
43.302,075012.40,10.48530500,76.44415900,10.48530500,76.44415900,658048.506,1159432.489,108.00,658048.523,1159432.487,98.8,7,658049.948,1159433.356,10.48530950,76.44417150,0.000,-1.003,10.0,-10.0,0.5,0.9,2047,2047,RTK FIXED
43.349,075012.40,10.48530500,76.44415900,10.48530500,76.44415900,658048.506,1159432.489,108.00,658048.516,1159432.488,95.9,7,658049.948,1159433.356,10.48530950,76.44417150,0.000,-1.003,10.0,-10.0,0.0,0.5,2047,2047,RTK FIXED
43.402,075012.40,10.48530500,76.44415900,10.48530500,76.44415900,658048.506,1159432.489,108.00,658048.512,1159432.489,93.1,7,658049.948,1159433.356,10.48530950,76.44417150,0.000,-1.003,10.0,-10.0,0.0,0.5,2047,2047,RTK FIXED
43.457,075012.60,10.48530500,76.44415900,10.48530500,76.44415900,658048.573,1159432.482,108.00,658048.536,1159432.486,90.2,7,658049.948,1159433.356,10.48530950,76.44417150,0.000,-0.833,10.0,-10.0,-0.5,0.0,2047,2047,RTK FIXED
43.503,075012.60,10.48530500,76.44415900,10.48530500,76.44415900,658048.573,1159432.482,108.00,658048.551,1159432.484,87.8,7,658049.948,1159433.356,10.48530950,76.44417150,0.000,-0.833,10.0,-10.0,0.5,0.0,2047,2047,RTK FIXED
43.557,075012.60,10.48530500,76.44415900,10.48530500,76.44415900,658048.573,1159432.482,108.00,658048.560,1159432.483,85.4,7,658049.948,1159433.356,10.48530950,76.44417150,0.000,-0.833,10.0,-10.0,-0.5,0.0,2047,2047,RTK FIXED
43.602,075012.60,10.48530500,76.44415900,10.48530500,76.44415900,658048.573,1159432.482,108.00,658048.565,1159432.483,83.0,7,658049.948,1159433.356,10.48530950,76.44417150,0.000,-0.833,10.0,-10.0,0.5,0.0,2047,2047,RTK FIXED
43.657,075012.60,10.48530500,76.44415900,10.48530500,76.44415900,658048.573,1159432.482,108.00,658048.568,1159432.482,80.7,7,658049.948,1159433.356,10.48530950,76.44417150,0.000,-0.833,10.0,-10.0,0.0,0.0,2047,2047,RTK FIXED
43.711,075012.80,10.48530600,76.44416000,10.48530540,76.44415940,658048.606,1159432.603,108.00,658048.583,1159432.530,78.3,7,658049.948,1159433.356,10.48530950,76.44417150,0.000,-0.685,10.0,-10.0,0.0,0.0,2047,2047,RTK FIXED
43.757,075012.80,10.48530600,76.44416000,10.48530564,76.44415964,658048.606,1159432.603,108.00,658048.592,1159432.559,76.3,7,658049.948,1159433.356,10.48530950,76.44417150,0.000,-0.685,10.0,-10.0,-0.5,0.0,2047,2047,RTK FIXED
43.811,075012.80,10.48530600,76.44416000,10.48530578,76.44415978,658048.606,1159432.603,108.00,658048.597,1159432.577,74.3,7,658049.948,1159433.356,10.48530950,76.44417150,0.000,-0.685,10.0,-10.0,0.0,0.0,2047,2047,RTK FIXED
43.857,075012.80,10.48530600,76.44416000,10.48530587,76.44415987,658048.606,1159432.603,108.00,658048.601,1159432.587,72.4,7,658049.948,1159433.356,10.48530950,76.44417150,0.000,-0.685,10.0,-10.0,0.5,0.0,2047,2047,RTK FIXED
43.911,075012.80,10.48530600,76.44416000,10.48530592,76.44415992,658048.606,1159432.603,108.00,658048.603,1159432.593,70.4,7,658049.948,1159433.356,10.48530950,76.44417150,0.000,-0.685,10.0,-10.0,0.0,0.0,2047,2047,RTK FIXED
43.957,075013.00,10.48530600,76.44416000,10.48530595,76.44415995,658048.545,1159432.622,108.00,658048.580,1159432.605,73.4,7,658049.948,1159433.356,10.48530950,76.44417150,0.000,-0.649,10.0,-10.0,-0.5,0.0,2047,2047,RTK FIXED
44.011,075013.00,10.48530600,76.44416000,10.48530597,76.44415997,658048.545,1159432.622,108.00,658048.566,1159432.612,71.5,7,658049.948,1159433.356,10.48530950,76.44417150,0.000,-0.649,10.0,-10.0,0.0,0.0,2047,2047,RTK FIXED
44.058,075013.00,10.48530600,76.44416000,10.48530598,76.44415998,658048.545,1159432.622,108.00,658048.558,1159432.616,69.7,7,658049.948,1159433.356,10.48530950,76.44417150,0.000,-0.649,10.0,-10.0,0.0,0.0,2047,2047,RTK FIXED
44.112,075013.20,10.48530600,76.44416000,10.48530599,76.44415999,658048.542,1159432.624,108.00,658048.551,1159432.619,67.8,7,658049.948,1159433.356,10.48530950,76.44417150,0.000,-0.600,9.8,-9.8,0.5,0.0,2011,2011,RTK FIXED
44.157,075013.20,10.48530600,76.44416000,10.48530599,76.44415999,658048.542,1159432.624,108.00,658048.547,1159432.621,66.1,7,658049.948,1159433.356,10.48530950,76.44417150,0.000,-0.600,9.8,-9.8,-0.5,0.0,2011,2011,RTK FIXED
44.212,075013.40,10.48530600,76.44416100,10.48530600,76.44416040,658048.631,1159432.634,108.00,658048.581,1159432.626,64.4,7,658049.948,1159433.356,10.48530950,76.44417150,0.000,-0.600,9.8,-9.8,0.0,0.0,2011,2011,RTK FIXED
44.265,075013.40,10.48530600,76.44416100,10.48530600,76.44416064,658048.631,1159432.634,108.00,658048.601,1159432.629,62.7,7,658049.948,1159433.356,10.48530950,76.44417150,0.000,-0.600,9.8,-9.8,0.0,0.0,2011,2011,RTK FIXED
44.311,075013.40,10.48530600,76.44416100,10.48530600,76.44416078,658048.631,1159432.634,108.00,658048.613,1159432.631,60.9,7,658049.948,1159433.356,10.48530950,76.44417150,0.000,-0.600,9.8,-9.8,0.0,0.0,2011,2011,RTK FIXED
44.365,075013.40,10.48530600,76.44416100,10.48530600,76.44416087,658048.631,1159432.634,108.00,658048.620,1159432.632,59.2,7,658049.948,1159433.356,10.48530950,76.44417150,0.000,-0.600,9.8,-9.8,0.0,0.0,2011,2011,RTK FIXED
44.412,075013.40,10.48530600,76.44416100,10.48530600,76.44416092,658048.631,1159432.634,108.00,658048.624,1159432.633,57.5,7,658049.948,1159433.356,10.48530950,76.44417150,0.000,-0.600,9.8,-9.8,0.0,0.0,2011,2011,RTK FIXED
44.465,075013.40,10.48530600,76.44416100,10.48530600,76.44416095,658048.631,1159432.634,108.00,658048.627,1159432.633,55.8,7,658049.948,1159433.356,10.48530950,76.44417150,0.000,-0.600,9.8,-9.8,0.5,0.0,2011,2011,RTK FIXED
44.512,075013.60,10.48530600,76.44416100,10.48530600,76.44416097,658048.575,1159432.670,108.00,658048.606,1159432.648,54.1,7,658049.948,1159433.356,10.48530950,76.44417150,0.000,-0.600,9.8,-9.8,-0.5,0.0,2011,2011,RTK FIXED
44.565,075013.60,10.48530600,76.44416100,10.48530600,76.44416098,658048.575,1159432.670,108.00,658048.594,1159432.657,52.3,7,658049.948,1159433.356,10.48530950,76.44417150,0.000,-0.600,9.8,-9.8,0.5,0.0,2011,2011,RTK FIXED
44.612,075013.60,10.48530600,76.44416100,10.48530600,76.44416099,658048.575,1159432.670,108.00,658048.586,1159432.662,50.6,7,658049.948,1159433.356,10.48530950,76.44417150,0.000,-0.600,9.8,-9.8,0.0,0.0,2011,2011,RTK FIXED
44.665,075013.60,10.48530600,76.44416100,10.48530600,76.44416099,658048.575,1159432.670,108.00,658048.582,1159432.665,48.9,7,658049.948,1159433.356,10.48530950,76.44417150,0.000,-0.600,9.8,-9.8,0.0,0.0,2011,2011,RTK FIXED
44.712,075013.80,10.48530700,76.44416100,10.48530640,76.44416100,658048.541,1159432.809,108.00,658048.565,1159432.723,60.2,7,658049.948,1159433.356,10.48530950,76.44417150,0.000,-0.600,9.8,-9.8,0.0,0.0,2011,2011,RTK FIXED
44.765,075013.80,10.48530700,76.44416100,10.48530664,76.44416100,658048.541,1159432.809,108.00,658048.555,1159432.757,58.5,7,658049.948,1159433.356,10.48530950,76.44417150,0.000,-0.600,9.8,-9.8,0.0,0.0,2011,2011,RTK FIXED
44.820,075013.80,10.48530700,76.44416100,10.48530678,76.44416100,658048.541,1159432.809,108.00,658048.550,1159432.778,56.8,7,658049.948,1159433.356,10.48530950,76.44417150,0.000,-0.600,9.8,-9.8,-0.5,0.0,2011,2011,RTK FIXED
44.865,075013.80,10.48530700,76.44416100,10.48530687,76.44416100,658048.541,1159432.809,108.00,658048.546,1159432.791,55.0,7,658049.948,1159433.356,10.48530950,76.44417150,0.000,-0.600,9.8,-9.8,0.0,0.0,2011,2011,RTK FIXED
44.920,075014.00,10.48530700,76.44416200,10.48530692,76.44416140,658048.680,1159432.784,108.00,658048.600,1159432.788,53.3,7,658049.948,1159433.356,10.48530950,76.44417150,0.000,-0.600,9.8,-9.8,0.0,0.0,2011,2011,RTK FIXED
44.966,075014.00,10.48530700,76.44416200,10.48530695,76.44416164,658048.680,1159432.784,108.00,658048.632,1159432.786,51.6,7,658049.948,1159433.356,10.48530950,76.44417150,0.000,-0.600,9.8,-9.8,0.0,0.0,2011,2011,RTK FIXED
45.020,075014.00,10.48530700,76.44416200,10.48530697,76.44416178,658048.680,1159432.784,108.00,658048.651,1159432.785,49.9,7,658049.948,1159433.356,10.48530950,76.44417150,0.000,-0.600,9.8,-9.8,0.5,0.0,2011,2011,RTK FIXED
45.065,075014.00,10.48530700,76.44416200,10.48530698,76.44416187,658048.680,1159432.784,108.00,658048.663,1159432.785,48.2,7,658049.948,1159433.356,10.48530950,76.44417150,0.000,-0.600,9.8,-9.8,0.0,0.0,2011,2011,RTK FIXED
45.120,075014.20,10.48530700,76.44416200,10.48530699,76.44416192,658048.647,1159432.813,108.00,658048.656,1159432.796,46.5,7,658049.948,1159433.356,10.48530950,76.44417150,0.000,-0.600,9.8,-9.8,0.0,0.0,2011,2011,RTK FIXED
45.166,075014.20,10.48530700,76.44416200,10.48530699,76.44416195,658048.647,1159432.813,108.00,658048.652,1159432.803,44.8,7,658049.948,1159433.356,10.48530950,76.44417150,0.000,-0.600,9.8,-9.8,0.0,0.0,2011,2011,RTK FIXED
45.220,075014.40,10.48530700,76.44416300,10.48530700,76.44416237,658048.741,1159432.830,108.00,658048.688,1159432.814,43.1,7,658049.948,1159433.356,10.48530950,76.44417150,0.000,-0.600,9.8,-9.8,0.0,0.0,2011,2011,RTK FIXED
45.265,075014.40,10.48530700,76.44416300,10.48530700,76.44416262,658048.741,1159432.830,108.00,658048.709,1159432.820,41.3,7,658049.948,1159433.356,10.48530950,76.44417150,0.000,-0.600,9.8,-9.8,0.0,0.0,2011,2011,RTK FIXED
45.320,075014.40,10.48530700,76.44416300,10.48530700,76.44416277,658048.741,1159432.830,108.00,658048.722,1159432.824,39.6,7,658049.948,1159433.356,10.48530950,76.44417150,0.000,-0.600,9.8,-9.8,-0.5,0.0,2011,2011,RTK FIXED
45.373,075014.40,10.48530700,76.44416300,10.48530700,76.44416286,658048.741,1159432.830,108.00,658048.730,1159432.826,37.9,7,658049.948,1159433.356,10.48530950,76.44417150,0.000,-0.600,9.8,-9.8,0.0,0.0,2011,2011,RTK FIXED
45.420,075014.60,10.48530700,76.44416300,10.48530700,76.44416292,658048.714,1159432.865,108.00,658048.723,1159432.842,37.6,7,658049.948,1159433.356,10.48530950,76.44417150,0.000,-0.600,9.8,-9.8,0.0,0.0,2011,2011,RTK FIXED
45.473,075014.60,10.48530700,76.44416300,10.48530700,76.44416295,658048.714,1159432.865,108.00,658048.720,1159432.851,35.8,7,658049.948,1159433.356,10.48530950,76.44417150,0.000,-0.600,9.8,-9.8,0.5,0.0,2011,2011,RTK FIXED
45.519,075014.60,10.48530700,76.44416300,10.48530700,76.44416297,658048.714,1159432.865,108.00,658048.717,1159432.856,34.1,7,658049.948,1159433.356,10.48530950,76.44417150,0.000,-0.600,9.8,-9.8,-0.5,0.0,2011,2011,RTK FIXED
45.573,075014.60,10.48530700,76.44416300,10.48530700,76.44416298,658048.714,1159432.865,108.00,658048.716,1159432.860,32.4,7,658049.948,1159433.356,10.48530950,76.44417150,0.000,-0.600,9.8,-9.8,0.0,0.0,2011,2011,RTK FIXED
45.620,075014.60,10.48530700,76.44416300,10.48530700,76.44416299,658048.714,1159432.865,108.00,658048.715,1159432.862,30.7,7,658049.948,1159433.356,10.48530950,76.44417150,0.000,-0.600,9.8,-9.8,0.5,0.0,2011,2011,RTK FIXED
45.674,075014.60,10.48530700,76.44416300,10.48530700,76.44416299,658048.714,1159432.865,108.00,658048.715,1159432.863,29.0,7,658049.948,1159433.356,10.48530950,76.44417150,0.000,-0.600,9.8,-9.8,-0.5,0.0,2011,2011,RTK FIXED
45.721,075014.80,10.48530700,76.44416300,10.48530700,76.44416300,658048.685,1159432.914,108.00,658048.703,1159432.883,27.2,7,658049.948,1159433.356,10.48530950,76.44417150,0.000,-0.600,9.8,-9.8,0.5,0.0,2011,2011,RTK FIXED
45.773,075014.80,10.48530700,76.44416300,10.48530700,76.44416300,658048.685,1159432.914,108.00,658048.696,1159432.896,25.5,7,658049.948,1159433.356,10.48530950,76.44417150,0.000,-0.600,9.8,-9.8,0.0,0.0,2011,2011,RTK FIXED
45.820,075014.80,10.48530700,76.44416300,10.48530700,76.44416300,658048.685,1159432.914,108.00,658048.691,1159432.903,23.8,7,658049.948,1159433.356,10.48530950,76.44417150,0.000,-0.600,9.8,-9.8,-0.5,0.0,2011,2011,RTK FIXED
45.873,075014.80,10.48530700,76.44416300,10.48530700,76.44416300,658048.685,1159432.914,108.00,658048.689,1159432.908,22.1,7,658049.948,1159433.356,10.48530950,76.44417150,0.000,-0.600,9.8,-9.8,0.0,0.0,2011,2011,RTK FIXED
45.928,075014.80,10.48530700,76.44416300,10.48530700,76.44416300,658048.685,1159432.914,108.00,658048.687,1159432.910,20.4,7,658049.948,1159433.356,10.48530950,76.44417150,0.000,-0.600,9.8,-9.8,0.5,0.0,2011,2011,RTK FIXED
46.138,075015.00,10.48530600,76.44416400,10.48530660,76.44416340,658048.775,1159432.856,108.00,658048.722,1159432.889,18.6,7,658049.948,1159433.356,10.48530950,76.44417150,0.366,-0.012,10.0,9.8,-0.1,0.0,450,450,RTK FIXED
46.176,075015.20,10.48530600,76.44416400,10.48530636,76.44416364,658048.775,1159432.856,108.00,658048.743,1159432.876,18.6,7,658049.948,1159433.356,10.48530950,76.44417150,0.366,-0.006,10.0,9.9,0.0,0.0,900,900,RTK FIXED
46.221,075015.40,10.48530600,76.44416400,10.48530622,76.44416378,658048.775,1159432.856,108.00,658048.756,1159432.868,18.6,7,658049.948,1159433.356,10.48530950,76.44417150,0.366,-0.002,10.0,10.0,0.5,0.0,1350,1350,RTK FIXED
46.274,075015.40,10.48530600,76.44416400,10.48530613,76.44416387,658048.775,1159432.856,108.00,658048.763,1159432.863,18.6,7,658049.948,1159433.356,10.48530950,76.44417150,0.366,-0.002,10.0,10.0,0.0,0.0,1800,1800,RTK FIXED
46.321,075015.40,10.48530600,76.44416400,10.48530608,76.44416392,658048.775,1159432.856,108.00,658048.768,1159432.860,18.6,7,658049.948,1159433.356,10.48530950,76.44417150,0.366,-0.002,10.0,10.0,0.0,0.0,2047,2041,RTK FIXED
46.375,075015.40,10.48530600,76.44416400,10.48530605,76.44416395,658048.775,1159432.856,108.00,658048.771,1159432.859,18.6,7,658049.948,1159433.356,10.48530950,76.44417150,0.366,-0.002,10.0,10.0,-0.5,0.0,2047,2041,RTK FIXED
46.421,075015.40,10.48530600,76.44416400,10.48530603,76.44416397,658048.775,1159432.856,108.00,658048.772,1159432.858,18.6,7,658049.948,1159433.356,10.48530950,76.44417150,0.366,-0.002,10.0,10.0,0.5,0.0,2047,2041,RTK FIXED
46.475,075015.40,10.48530600,76.44416400,10.48530602,76.44416398,658048.775,1159432.856,108.00,658048.773,1159432.857,18.6,7,658049.948,1159433.356,10.48530950,76.44417150,0.366,-0.002,10.0,10.0,0.0,0.9,2047,2041,RTK FIXED
46.529,075015.60,10.48530600,76.44416400,10.48530601,76.44416399,658048.775,1159432.856,108.00,658048.774,1159432.857,20.7,7,658049.948,1159433.356,10.48530950,76.44417150,0.366,-0.017,10.0,9.7,0.0,1.4,2047,1991,RTK FIXED
46.575,075015.60,10.48530600,76.44416400,10.48530601,76.44416399,658048.775,1159432.856,108.00,658048.774,1159432.856,20.7,7,658049.948,1159433.356,10.48530950,76.44417150,0.366,-0.017,10.0,9.7,0.0,1.6,2047,1991,RTK FIXED
46.628,075015.60,10.48530600,76.44416400,10.48530600,76.44416400,658048.775,1159432.856,108.00,658048.774,1159432.856,20.7,7,658049.948,1159433.356,10.48530950,76.44417150,0.366,-0.017,10.0,9.7,-0.5,1.9,2047,1991,RTK FIXED
46.674,075015.60,10.48530600,76.44416400,10.48530600,76.44416400,658048.775,1159432.856,108.00,658048.774,1159432.856,20.7,7,658049.948,1159433.356,10.48530950,76.44417150,0.366,-0.017,10.0,9.7,0.0,2.7,2047,1991,RTK FIXED
46.729,075015.80,10.48530600,76.44416500,10.48530600,76.44416440,658048.888,1159432.844,108.00,658048.820,1159432.851,20.7,7,658049.948,1159433.356,10.48530950,76.44417150,0.366,0.001,10.0,10.0,0.5,2.3,2045,2047,RTK FIXED
46.775,075015.80,10.48530600,76.44416500,10.48530600,76.44416464,658048.888,1159432.844,108.00,658048.847,1159432.848,20.7,7,658049.948,1159433.356,10.48530950,76.44417150,0.366,0.001,10.0,10.0,0.0,3.3,2045,2047,RTK FIXED
46.829,075015.80,10.48530600,76.44416500,10.48530600,76.44416478,658048.888,1159432.844,108.00,658048.864,1159432.847,20.7,7,658049.948,1159433.356,10.48530950,76.44417150,0.366,0.001,10.0,10.0,0.0,3.7,2045,2047,RTK FIXED
46.875,075015.80,10.48530600,76.44416500,10.48530600,76.44416487,658048.888,1159432.844,108.00,658048.873,1159432.846,20.7,7,658049.948,1159433.356,10.48530950,76.44417150,0.366,0.001,10.0,10.0,0.0,3.8,2045,2047,RTK FIXED
46.929,075016.00,10.48530600,76.44416500,10.48530600,76.44416492,658048.888,1159432.844,108.00,658048.879,1159432.845,12.8,7,658049.948,1159433.356,10.48530950,76.44417150,0.361,0.080,8.8,10.0,-0.5,3.2,1792,2047,RTK FIXED
46.975,075016.00,10.48530600,76.44416500,10.48530600,76.44416495,658048.888,1159432.844,108.00,658048.883,1159432.845,12.8,7,658049.948,1159433.356,10.48530950,76.44417150,0.361,0.080,8.8,10.0,0.5,3.3,1792,2047,RTK FIXED
47.029,075016.00,10.48530600,76.44416500,10.48530600,76.44416497,658048.888,1159432.844,108.00,658048.885,1159432.844,12.8,7,658049.948,1159433.356,10.48530950,76.44417150,0.361,0.080,8.8,10.0,0.0,5.1,1792,2047,RTK FIXED
47.075,075016.00,10.48530600,76.44416500,10.48530600,76.44416498,658048.888,1159432.844,108.00,658048.886,1159432.844,12.8,7,658049.948,1159433.356,10.48530950,76.44417150,0.361,0.080,8.8,10.0,0.0,5.5,1792,2047,RTK FIXED
47.129,075016.20,10.48530600,76.44416500,10.48530600,76.44416499,658048.875,1159432.893,108.00,658048.882,1159432.864,12.8,7,658049.948,1159433.356,10.48530950,76.44417150,0.362,0.075,8.8,10.0,0.0,6.5,1809,2047,RTK FIXED
47.184,075016.20,10.48530600,76.44416500,10.48530600,76.44416499,658048.875,1159432.893,108.00,658048.879,1159432.876,12.8,7,658049.948,1159433.356,10.48530950,76.44417150,0.362,0.075,8.8,10.0,0.0,8.5,1809,2047,RTK FIXED
47.230,075016.40,10.48530500,76.44416500,10.48530560,76.44416500,658048.875,1159432.783,108.00,658048.877,1159432.838,12.8,7,658049.948,1159433.356,10.48530950,76.44417150,0.359,0.095,8.5,10.0,0.0,8.9,1747,2047,RTK FIXED
47.283,075016.40,10.48530500,76.44416500,10.48530536,76.44416500,658048.875,1159432.783,108.00,658048.877,1159432.816,12.8,7,658049.948,1159433.356,10.48530950,76.44417150,0.359,0.095,8.5,10.0,-0.5,10.3,1747,2047,RTK FIXED
47.329,075016.40,10.48530500,76.44416500,10.48530522,76.44416500,658048.875,1159432.783,108.00,658048.876,1159432.803,12.8,7,658049.948,1159433.356,10.48530950,76.44417150,0.359,0.095,8.5,10.0,0.0,11.4,1747,2047,RTK FIXED
47.384,075016.40,10.48530500,76.44416500,10.48530513,76.44416500,658048.875,1159432.783,108.00,658048.876,1159432.795,12.8,7,658049.948,1159433.356,10.48530950,76.44417150,0.359,0.095,8.5,10.0,0.5,12.0,1747,2047,RTK FIXED
47.432,075016.40,10.48530500,76.44416500,10.48530508,76.44416500,658048.875,1159432.783,108.00,658048.876,1159432.790,12.8,7,658049.948,1159433.356,10.48530950,76.44417150,0.359,0.095,8.5,10.0,-0.5,12.8,1747,2047,RTK FIXED
47.484,075016.40,10.48530500,76.44416500,10.48530505,76.44416500,658048.875,1159432.783,108.00,658048.875,1159432.787,12.8,7,658049.948,1159433.356,10.48530950,76.44417150,0.359,0.095,8.5,10.0,0.0,14.3,1747,2047,RTK FIXED
47.530,075016.60,10.48530500,76.44416500,10.48530503,76.44416500,658048.875,1159432.783,108.00,658048.875,1159432.785,12.8,7,658049.948,1159433.356,10.48530950,76.44417150,0.358,0.107,8.4,10.0,0.5,13.8,1710,2047,RTK FIXED
47.584,075016.60,10.48530500,76.44416500,10.48530502,76.44416500,658048.875,1159432.783,108.00,658048.875,1159432.784,12.8,7,658049.948,1159433.356,10.48530950,76.44417150,0.358,0.107,8.4,10.0,0.0,15.4,1710,2047,RTK FIXED
47.629,075016.60,10.48530500,76.44416500,10.48530501,76.44416500,658048.875,1159432.783,108.00,658048.875,1159432.783,12.8,7,658049.948,1159433.356,10.48530950,76.44417150,0.358,0.107,8.4,10.0,0.0,15.3,1710,2047,RTK FIXED
47.685,075016.60,10.48530500,76.44416500,10.48530501,76.44416500,658048.875,1159432.783,108.00,658048.875,1159432.783,12.8,7,658049.948,1159433.356,10.48530950,76.44417150,0.358,0.107,8.4,10.0,0.0,16.2,1710,2047,RTK FIXED
47.738,075016.80,10.48530500,76.44416600,10.48530500,76.44416540,658048.985,1159432.783,108.00,658048.919,1159432.783,-1.1,7,658049.948,1159433.356,10.48530950,76.44417150,0.332,0.218,6.7,10.0,-0.5,16.9,1372,2047,RTK FIXED
47.784,075016.80,10.48530500,76.44416600,10.48530500,76.44416564,658048.985,1159432.783,108.00,658048.945,1159432.783,-1.1,7,658049.948,1159433.356,10.48530950,76.44417150,0.332,0.218,6.7,10.0,0.5,17.5,1372,2047,RTK FIXED
47.837,075016.80,10.48530500,76.44416600,10.48530500,76.44416578,658048.985,1159432.783,108.00,658048.961,1159432.783,-1.1,7,658049.948,1159433.356,10.48530950,76.44417150,0.332,0.218,6.7,10.0,-0.5,17.2,1372,2047,RTK FIXED
47.884,075016.80,10.48530500,76.44416600,10.48530500,76.44416587,658048.985,1159432.783,108.00,658048.971,1159432.783,-1.1,7,658049.948,1159433.356,10.48530950,76.44417150,0.332,0.218,6.7,10.0,0.0,16.7,1372,2047,RTK FIXED
47.938,075017.00,10.48530500,76.44416600,10.48530500,76.44416592,658048.978,1159432.872,108.00,658048.974,1159432.819,-1.1,7,658049.948,1159433.356,10.48530950,76.44417150,0.332,0.218,6.7,10.0,0.0,17.5,1372,2047,RTK FIXED
47.984,075017.00,10.48530500,76.44416600,10.48530500,76.44416595,658048.978,1159432.872,108.00,658048.975,1159432.840,-1.1,7,658049.948,1159433.356,10.48530950,76.44417150,0.332,0.218,6.7,10.0,0.5,17.0,1372,2047,RTK FIXED
48.037,075017.00,10.48530500,76.44416600,10.48530500,76.44416597,658048.978,1159432.872,108.00,658048.976,1159432.853,-1.1,7,658049.948,1159433.356,10.48530950,76.44417150,0.332,0.218,6.7,10.0,0.0,16.9,1372,2047,RTK FIXED
48.084,075017.20,10.48530600,76.44416600,10.48530540,76.44416598,658048.978,1159432.983,108.00,658048.977,1159432.905,19.0,7,658049.948,1159433.356,10.48530950,76.44417150,0.365,0.038,9.4,10.0,-0.5,17.4,1822,2047,RTK FIXED
48.137,075017.20,10.48530600,76.44416600,10.48530564,76.44416599,658048.978,1159432.983,108.00,658048.977,1159432.936,19.0,7,658049.948,1159433.356,10.48530950,76.44417150,0.365,0.038,9.4,10.0,0.5,17.7,1924,2047,RTK FIXED
48.184,075017.20,10.48530600,76.44416600,10.48530578,76.44416599,658048.978,1159432.983,108.00,658048.977,1159432.955,19.0,7,658049.948,1159433.356,10.48530950,76.44417150,0.365,0.038,9.4,10.0,0.0,17.0,1924,2047,RTK FIXED
48.238,075017.40,10.48530600,76.44416600,10.48530587,76.44416600,658048.994,1159432.855,108.00,658048.984,1159432.915,19.0,7,658049.948,1159433.356,10.48530950,76.44417150,0.364,0.050,9.2,10.0,-0.5,17.5,1884,2047,RTK FIXED
48.284,075017.40,10.48530600,76.44416600,10.48530592,76.44416600,658048.994,1159432.855,108.00,658048.988,1159432.891,19.0,7,658049.948,1159433.356,10.48530950,76.44417150,0.364,0.050,9.2,10.0,0.5,17.0,1884,2047,RTK FIXED
48.337,075017.40,10.48530600,76.44416600,10.48530595,76.44416600,658048.994,1159432.855,108.00,658048.991,1159432.876,19.0,7,658049.948,1159433.356,10.48530950,76.44417150,0.364,0.050,9.2,10.0,-0.5,17.7,1884,2047,RTK FIXED
48.391,075017.40,10.48530600,76.44416600,10.48530597,76.44416600,658048.994,1159432.855,108.00,658048.992,1159432.868,19.0,7,658049.948,1159433.356,10.48530950,76.44417150,0.364,0.050,9.2,10.0,0.5,17.6,1884,2047,RTK FIXED
48.438,075017.60,10.48530600,76.44416700,10.48530598,76.44416640,658049.104,1159432.855,108.00,658049.037,1159432.863,19.0,7,658049.948,1159433.356,10.48530950,76.44417150,0.362,0.071,8.9,10.0,0.0,17.3,1818,2047,RTK FIXED
48.492,075017.60,10.48530600,76.44416700,10.48530599,76.44416664,658049.104,1159432.855,108.00,658049.063,1159432.860,19.0,7,658049.948,1159433.356,10.48530950,76.44417150,0.362,0.071,8.9,10.0,0.0,17.9,1818,2047,RTK FIXED
48.538,075017.60,10.48530600,76.44416700,10.48530599,76.44416678,658049.104,1159432.855,108.00,658049.080,1159432.858,19.0,7,658049.948,1159433.356,10.48530950,76.44417150,0.362,0.071,8.9,10.0,0.0,18.4,1818,2047,RTK FIXED
48.592,075017.60,10.48530600,76.44416700,10.48530600,76.44416687,658049.104,1159432.855,108.00,658049.089,1159432.857,19.0,7,658049.948,1159433.356,10.48530950,76.44417150,0.362,0.071,8.9,10.0,-0.5,18.5,1818,2047,RTK FIXED
48.637,075017.60,10.48530600,76.44416700,10.48530600,76.44416692,658049.104,1159432.855,108.00,658049.095,1159432.856,19.0,7,658049.948,1159433.356,10.48530950,76.44417150,0.362,0.071,8.9,10.0,0.6,18.8,1818,2047,RTK FIXED
48.693,075017.60,10.48530600,76.44416700,10.48530600,76.44416695,658049.104,1159432.855,108.00,658049.098,1159432.856,19.0,7,658049.948,1159433.356,10.48530950,76.44417150,0.362,0.071,8.9,10.0,-0.5,18.9,1818,2047,RTK FIXED
48.739,075017.80,10.48530600,76.44416700,10.48530600,76.44416697,658049.104,1159432.855,108.00,658049.101,1159432.856,8.6,7,658049.948,1159433.356,10.48530950,76.44417150,0.344,0.174,7.4,10.0,0.0,18.5,1506,2047,RTK FIXED
48.792,075017.80,10.48530600,76.44416700,10.48530600,76.44416698,658049.104,1159432.855,108.00,658049.102,1159432.856,8.6,7,658049.948,1159433.356,10.48530950,76.44417150,0.344,0.174,7.4,10.0,0.5,18.2,1506,2047,RTK FIXED
48.838,075017.80,10.48530600,76.44416700,10.48530600,76.44416699,658049.104,1159432.855,108.00,658049.103,1159432.855,8.6,7,658049.948,1159433.356,10.48530950,76.44417150,0.344,0.174,7.4,10.0,0.0,18.0,1506,2047,RTK FIXED
48.893,075017.80,10.48530600,76.44416700,10.48530600,76.44416699,658049.104,1159432.855,108.00,658049.103,1159432.855,8.6,7,658049.948,1159433.356,10.48530950,76.44417150,0.344,0.174,7.4,10.0,-0.5,18.6,1506,2047,RTK FIXED
48.947,075018.00,10.48530600,76.44416700,10.48530600,76.44416700,658049.089,1159432.921,108.00,658049.098,1159432.881,8.6,7,658049.948,1159433.356,10.48530950,76.44417150,0.346,0.166,7.5,10.0,0.5,17.3,1531,2047,RTK FIXED
48.993,075018.00,10.48530600,76.44416700,10.48530600,76.44416700,658049.089,1159432.921,108.00,658049.094,1159432.897,8.6,7,658049.948,1159433.356,10.48530950,76.44417150,0.346,0.166,7.5,10.0,0.0,18.5,1531,2047,RTK FIXED
49.046,075018.00,10.48530600,76.44416700,10.48530600,76.44416700,658049.089,1159432.921,108.00,658049.092,1159432.907,8.6,7,658049.948,1159433.356,10.48530950,76.44417150,0.346,0.166,7.5,10.0,0.0,18.1,1531,2047,RTK FIXED
49.093,075018.00,10.48530600,76.44416700,10.48530600,76.44416700,658049.089,1159432.921,108.00,658049.091,1159432.912,8.6,7,658049.948,1159433.356,10.48530950,76.44417150,0.346,0.166,7.5,10.0,-0.5,18.3,1531,2047,RTK FIXED
49.147,075018.20,10.48530600,76.44416800,10.48530600,76.44416740,658049.199,1159432.921,108.00,658049.134,1159432.916,8.6,7,658049.948,1159433.356,10.48530950,76.44417150,0.344,0.175,7.4,10.0,0.5,17.6,1505,2047,RTK FIXED
49.192,075018.20,10.48530600,76.44416800,10.48530600,76.44416764,658049.199,1159432.921,108.00,658049.160,1159432.918,8.6,7,658049.948,1159433.356,10.48530950,76.44417150,0.344,0.175,7.4,10.0,-0.6,18.2,1505,2047,RTK FIXED
49.247,075018.40,10.48530700,76.44416800,10.48530640,76.44416778,658049.198,1159433.032,108.00,658049.175,1159432.963,19.0,7,658049.948,1159433.356,10.48530950,76.44417150,0.363,0.066,9.0,10.0,0.5,17.7,1835,2047,RTK FIXED
49.293,075018.40,10.48530700,76.44416800,10.48530664,76.44416787,658049.198,1159433.032,108.00,658049.185,1159432.991,19.0,7,658049.948,1159433.356,10.48530950,76.44417150,0.363,0.066,9.0,10.0,0.0,18.1,1835,2047,RTK FIXED
49.347,075018.40,10.48530700,76.44416800,10.48530678,76.44416792,658049.198,1159433.032,108.00,658049.190,1159433.007,19.0,7,658049.948,1159433.356,10.48530950,76.44417150,0.363,0.066,9.0,10.0,-0.5,17.6,1835,2047,RTK FIXED
49.393,075018.40,10.48530700,76.44416800,10.48530687,76.44416795,658049.198,1159433.032,108.00,658049.193,1159433.017,19.0,7,658049.948,1159433.356,10.48530950,76.44417150,0.363,0.066,9.0,10.0,0.5,18.4,1835,2047,RTK FIXED
49.449,075018.60,10.48530700,76.44416800,10.48530692,76.44416797,658049.213,1159432.967,108.00,658049.201,1159432.997,19.0,7,658049.948,1159433.356,10.48530950,76.44417150,0.362,0.071,8.9,10.0,-0.4,17.8,1821,2047,RTK FIXED
49.500,075018.60,10.48530700,76.44416800,10.48530695,76.44416798,658049.213,1159432.967,108.00,658049.206,1159432.985,19.0,7,658049.948,1159433.356,10.48530950,76.44417150,0.362,0.071,8.9,10.0,0.5,18.2,1821,2047,RTK FIXED
49.547,075018.60,10.48530700,76.44416800,10.48530697,76.44416799,658049.213,1159432.967,108.00,658049.208,1159432.978,19.0,7,658049.948,1159433.356,10.48530950,76.44417150,0.362,0.071,8.9,10.0,0.0,18.6,1821,2047,RTK FIXED
49.600,075018.60,10.48530700,76.44416800,10.48530698,76.44416799,658049.213,1159432.967,108.00,658049.210,1159432.973,19.0,7,658049.948,1159433.356,10.48530950,76.44417150,0.362,0.071,8.9,10.0,-0.5,17.8,1821,2047,RTK FIXED
49.646,075018.60,10.48530700,76.44416800,10.48530699,76.44416800,658049.213,1159432.967,108.00,658049.211,1159432.971,19.0,7,658049.948,1159433.356,10.48530950,76.44417150,0.362,0.071,8.9,10.0,0.0,18.6,1821,2047,RTK FIXED
49.700,075018.60,10.48530700,76.44416800,10.48530699,76.44416800,658049.213,1159432.967,108.00,658049.212,1159432.969,19.0,7,658049.948,1159433.356,10.48530950,76.44417150,0.362,0.071,8.9,10.0,0.0,18.6,1821,2047,RTK FIXED
49.748,075018.80,10.48530700,76.44416800,10.48530700,76.44416800,658049.213,1159432.967,108.00,658049.212,1159432.968,19.0,7,658049.948,1159433.356,10.48530950,76.44417150,0.362,0.073,8.9,10.0,0.0,18.3,1813,2047,RTK FIXED
49.801,075018.80,10.48530700,76.44416800,10.48530700,76.44416800,658049.213,1159432.967,108.00,658049.212,1159432.968,19.0,7,658049.948,1159433.356,10.48530950,76.44417150,0.362,0.073,8.9,10.0,0.0,18.7,1813,2047,RTK FIXED
49.847,075018.80,10.48530700,76.44416800,10.48530700,76.44416800,658049.213,1159432.967,108.00,658049.212,1159432.967,19.0,7,658049.948,1159433.356,10.48530950,76.44417150,0.362,0.073,8.9,10.0,0.5,19.2,1813,2047,RTK FIXED
49.901,075018.80,10.48530700,76.44416800,10.48530700,76.44416800,658049.213,1159432.967,108.00,658049.212,1159432.967,19.0,7,658049.948,1159433.356,10.48530950,76.44417150,0.362,0.073,8.9,10.0,-0.5,18.8,1813,2047,RTK FIXED
49.948,075019.00,10.48530700,76.44416900,10.48530700,76.44416840,658049.322,1159432.967,108.00,658049.256,1159432.967,15.4,7,658049.948,1159433.356,10.48530950,76.44417150,0.356,0.120,8.2,10.0,0.5,18.3,1671,2047,RTK FIXED
50.001,075019.00,10.48530700,76.44416900,10.48530700,76.44416864,658049.322,1159432.967,108.00,658049.283,1159432.967,15.4,7,658049.948,1159433.356,10.48530950,76.44417150,0.356,0.120,8.2,10.0,0.0,18.7,1671,2047,RTK FIXED
50.047,075019.00,10.48530700,76.44416900,10.48530700,76.44416878,658049.322,1159432.967,108.00,658049.298,1159432.967,15.4,7,658049.948,1159433.356,10.48530950,76.44417150,0.356,0.120,8.2,10.0,-0.5,18.0,1671,2047,RTK FIXED
50.101,075019.00,10.48530700,76.44416900,10.48530700,76.44416887,658049.322,1159432.967,108.00,658049.308,1159432.967,15.4,7,658049.948,1159433.356,10.48530950,76.44417150,0.356,0.120,8.2,10.0,0.5,18.2,1671,2047,RTK FIXED
50.156,075019.20,10.48530700,76.44416900,10.48530700,76.44416892,658049.316,1159432.990,108.00,658049.311,1159432.976,15.4,7,658049.948,1159433.356,10.48530950,76.44417150,0.355,0.123,8.1,10.0,0.0,18.6,1661,2047,RTK FIXED
50.201,075019.20,10.48530700,76.44416900,10.48530700,76.44416895,658049.316,1159432.990,108.00,658049.313,1159432.981,15.4,7,658049.948,1159433.356,10.48530950,76.44417150,0.355,0.123,8.1,10.0,0.0,18.0,1661,2047,RTK FIXED
50.256,075019.40,10.48530800,76.44416900,10.48530740,76.44416897,658049.315,1159433.100,108.00,658049.314,1159433.029,15.4,7,658049.948,1159433.356,10.48530950,76.44417150,0.359,0.101,8.4,10.0,-0.5,18.0,1727,2047,RTK FIXED
50.301,075019.40,10.48530800,76.44416900,10.48530764,76.44416898,658049.315,1159433.100,108.00,658049.314,1159433.057,15.4,7,658049.948,1159433.356,10.48530950,76.44417150,0.359,0.101,8.4,10.0,0.5,17.5,1727,2047,RTK FIXED
50.355,075019.40,10.48530800,76.44416900,10.48530778,76.44416899,658049.315,1159433.100,108.00,658049.315,1159433.075,15.4,7,658049.948,1159433.356,10.48530950,76.44417150,0.359,0.101,8.4,10.0,0.0,18.1,1727,2047,RTK FIXED
50.401,075019.40,10.48530800,76.44416900,10.48530787,76.44416899,658049.315,1159433.100,108.00,658049.315,1159433.085,15.4,7,658049.948,1159433.356,10.48530950,76.44417150,0.359,0.101,8.4,10.0,-0.5,17.9,1727,2047,RTK FIXED
50.456,075019.60,10.48530800,76.44417000,10.48530792,76.44416940,658049.425,1159433.101,108.00,658049.359,1159433.091,23.4,7,658049.948,1159433.356,10.48530950,76.44417150,0.365,0.031,9.5,10.0,0.5,17.8,1944,2047,RTK FIXED
50.502,075019.60,10.48530800,76.44417000,10.48530795,76.44416964,658049.425,1159433.101,108.00,658049.385,1159433.095,23.4,7,658049.948,1159433.356,10.48530950,76.44417150,0.365,0.031,9.5,10.0,0.0,17.6,1944,2047,RTK FIXED
50.556,075019.60,10.48530800,76.44417000,10.48530797,76.44416978,658049.425,1159433.101,108.00,658049.401,1159433.097,23.4,7,658049.948,1159433.356,10.48530950,76.44417150,0.365,0.031,9.5,10.0,-0.5,17.6,1944,2047,RTK FIXED
50.601,075019.60,10.48530800,76.44417000,10.48530798,76.44416987,658049.425,1159433.101,108.00,658049.410,1159433.099,23.4,7,658049.948,1159433.356,10.48530950,76.44417150,0.365,0.031,9.5,10.0,0.5,17.5,1944,2047,RTK FIXED
50.656,075019.60,10.48530800,76.44417000,10.48530799,76.44416992,658049.425,1159433.101,108.00,658049.416,1159433.099,23.4,7,658049.948,1159433.356,10.48530950,76.44417150,0.365,0.031,9.5,10.0,0.0,18.0,1944,2047,RTK FIXED
50.710,075019.60,10.48530800,76.44417000,10.48530799,76.44416995,658049.425,1159433.101,108.00,658049.420,1159433.100,23.4,7,658049.948,1159433.356,10.48530950,76.44417150,0.365,0.031,9.5,10.0,0.0,18.4,1944,2047,RTK FIXED
50.756,075019.80,10.48530800,76.44417000,10.48530800,76.44416997,658049.441,1159433.051,108.00,658049.428,1159433.080,23.4,7,658049.948,1159433.356,10.48530950,76.44417150,0.365,0.044,9.3,10.0,-0.5,18.4,1903,2047,RTK FIXED
50.810,075019.80,10.48530800,76.44417000,10.48530800,76.44416998,658049.441,1159433.051,108.00,658049.433,1159433.069,23.4,7,658049.948,1159433.356,10.48530950,76.44417150,0.365,0.044,9.3,10.0,0.5,17.8,1903,2047,RTK FIXED
50.856,075019.80,10.48530800,76.44417000,10.48530800,76.44416999,658049.441,1159433.051,108.00,658049.436,1159433.062,23.4,7,658049.948,1159433.356,10.48530950,76.44417150,0.365,0.044,9.3,10.0,-0.5,18.9,1903,2047,RTK FIXED
50.910,075019.80,10.48530800,76.44417000,10.48530800,76.44416999,658049.441,1159433.051,108.00,658049.438,1159433.057,23.4,7,658049.948,1159433.356,10.48530950,76.44417150,0.365,0.044,9.3,10.0,0.0,20.0,1903,2047,RTK FIXED
50.956,075020.00,10.48530800,76.44417000,10.48530800,76.44417000,658049.441,1159433.051,108.00,658049.439,1159433.055,23.4,7,658049.948,1159433.356,10.48530950,76.44417150,0.364,0.052,9.2,10.0,0.5,19.3,1878,2047,RTK FIXED
51.010,075020.00,10.48530800,76.44417000,10.48530800,76.44417000,658049.441,1159433.051,108.00,658049.440,1159433.053,23.4,7,658049.948,1159433.356,10.48530950,76.44417150,0.364,0.052,9.2,10.0,0.0,18.3,1878,2047,RTK FIXED
51.055,075020.00,10.48530800,76.44417000,10.48530800,76.44417000,658049.441,1159433.051,108.00,658049.440,1159433.052,23.4,7,658049.948,1159433.356,10.48530950,76.44417150,0.364,0.052,9.2,10.0,-0.6,18.2,1878,2047,RTK FIXED
51.110,075020.00,10.48530800,76.44417000,10.48530800,76.44417000,658049.441,1159433.051,108.00,658049.440,1159433.052,23.4,7,658049.948,1159433.356,10.48530950,76.44417150,0.364,0.052,9.2,10.0,0.5,16.0,1878,2047,RTK FIXED
51.157,075020.20,10.48530900,76.44417000,10.48530840,76.44417000,658049.440,1159433.162,108.00,658049.440,1159433.096,24.9,7,658049.948,1159433.356,10.48530950,76.44417150,0.366,0.020,9.7,10.0,-0.5,17.7,1982,2047,RTK FIXED
51.210,075020.20,10.48530900,76.44417000,10.48530864,76.44417000,658049.440,1159433.162,108.00,658049.440,1159433.122,24.9,7,658049.948,1159433.356,10.48530950,76.44417150,0.366,0.020,9.7,10.0,0.5,17.7,1982,2047,RTK FIXED
51.264,075020.40,10.48530900,76.44417100,10.48530878,76.44417040,658049.553,1159433.153,108.00,658049.485,1159433.135,24.9,7,658049.948,1159433.356,10.48530950,76.44417150,0.366,0.024,9.6,10.0,-0.5,17.4,1968,2047,RTK FIXED
51.310,075020.40,10.48530900,76.44417100,10.48530887,76.44417064,658049.553,1159433.153,108.00,658049.513,1159433.142,24.9,7,658049.948,1159433.356,10.48530950,76.44417150,0.366,0.024,9.6,10.0,0.5,18.2,1968,2047,RTK FIXED
51.364,075020.40,10.48530900,76.44417100,10.48530892,76.44417078,658049.553,1159433.153,108.00,658049.529,1159433.146,24.9,7,658049.948,1159433.356,10.48530950,76.44417150,0.366,0.024,9.6,10.0,-0.5,17.8,1968,2047,RTK FIXED
51.410,075020.40,10.48530900,76.44417100,10.48530895,76.44417087,658049.553,1159433.153,108.00,658049.539,1159433.149,24.9,7,658049.948,1159433.356,10.48530950,76.44417150,0.366,0.024,9.6,10.0,0.5,17.8,1968,2047,RTK FIXED
51.465,075020.60,10.48530900,76.44417100,10.48530897,76.44417092,658049.553,1159433.153,108.00,658049.545,1159433.151,24.4,7,658049.948,1159433.356,10.48530950,76.44417150,0.365,0.032,9.5,10.0,-0.5,18.6,1943,2047,RTK FIXED
51.510,075020.60,10.48530900,76.44417100,10.48530898,76.44417095,658049.553,1159433.153,108.00,658049.548,1159433.152,24.4,7,658049.948,1159433.356,10.48530950,76.44417150,0.365,0.032,9.5,10.0,0.0,17.5,1943,2047,RTK FIXED
51.563,075020.60,10.48530900,76.44417100,10.48530899,76.44417097,658049.553,1159433.153,108.00,658049.550,1159433.152,24.4,7,658049.948,1159433.356,10.48530950,76.44417150,0.365,0.032,9.5,10.0,0.0,17.9,1943,2047,RTK FIXED
51.610,075020.60,10.48530900,76.44417100,10.48530899,76.44417098,658049.553,1159433.153,108.00,658049.551,1159433.153,24.4,7,658049.948,1159433.356,10.48530950,76.44417150,0.365,0.032,9.5,10.0,0.0,18.3,1943,2047,RTK FIXED
51.664,075020.60,10.48530900,76.44417100,10.48530900,76.44417099,658049.553,1159433.153,108.00,658049.552,1159433.153,24.4,7,658049.948,1159433.356,10.48530950,76.44417150,0.365,0.032,9.5,10.0,0.0,17.9,1943,2047,RTK FIXED
51.710,075020.80,10.48530900,76.44417100,10.48530900,76.44417099,658049.552,1159433.157,108.00,658049.552,1159433.154,24.4,7,658049.948,1159433.356,10.48530950,76.44417150,0.365,0.032,9.5,10.0,0.5,18.1,1941,2047,RTK FIXED
51.764,075020.80,10.48530900,76.44417100,10.48530900,76.44417100,658049.552,1159433.157,108.00,658049.552,1159433.155,24.4,7,658049.948,1159433.356,10.48530950,76.44417150,0.365,0.032,9.5,10.0,0.0,17.9,1941,2047,RTK FIXED
51.811,075020.80,10.48530900,76.44417100,10.48530900,76.44417100,658049.552,1159433.157,108.00,658049.552,1159433.156,24.4,7,658049.948,1159433.356,10.48530950,76.44417150,0.365,0.032,9.5,10.0,0.0,17.9,1941,2047,RTK FIXED
51.864,075020.80,10.48530900,76.44417100,10.48530900,76.44417100,658049.552,1159433.157,108.00,658049.552,1159433.156,24.4,7,658049.948,1159433.356,10.48530950,76.44417150,0.365,0.032,9.5,10.0,-0.5,18.4,1941,2047,RTK FIXED
51.917,075020.80,10.48530900,76.44417100,10.48530900,76.44417100,658049.552,1159433.157,108.00,658049.552,1159433.156,24.4,7,658049.948,1159433.356,10.48530950,76.44417150,0.365,0.032,9.5,10.0,0.5,18.1,1941,2047,RTK FIXED
51.965,075021.00,10.48531000,76.44417100,10.48530940,76.44417100,658049.551,1159433.267,108.00,658049.552,1159433.201,24.4,7,658049.948,1159433.356,10.48530950,76.44417150,0.355,0.009,9.9,10.0,0.0,18.3,2017,2047,RTK FIXED
52.021,075021.20,10.48531000,76.44417200,10.48530964,76.44417140,658049.661,1159433.268,108.00,658049.595,1159433.227,31.5,8,658051.203,1159434.080,10.48531600,76.44418300,0.365,-0.041,10.0,9.3,-0.4,18.2,2047,1913,RTK FIXED
52.064,075021.20,10.48531000,76.44417200,10.48530978,76.44417164,658049.661,1159433.268,108.00,658049.622,1159433.243,31.5,8,658051.203,1159434.080,10.48531600,76.44418300,0.365,-0.041,10.0,9.3,0.0,18.3,2047,1913,RTK FIXED
52.119,075021.20,10.48531000,76.44417200,10.48530987,76.44417178,658049.661,1159433.268,108.00,658049.637,1159433.253,31.5,8,658051.203,1159434.080,10.48531600,76.44418300,0.365,-0.041,10.0,9.3,0.0,18.2,2047,1913,RTK FIXED
52.165,075021.20,10.48531000,76.44417200,10.48530992,76.44417187,658049.661,1159433.268,108.00,658049.647,1159433.259,31.5,8,658051.203,1159434.080,10.48531600,76.44418300,0.365,-0.041,10.0,9.3,0.0,17.8,2047,1913,RTK FIXED
52.219,075021.40,10.48531000,76.44417200,10.48530995,76.44417192,658049.681,1159433.226,108.00,658049.661,1159433.246,31.5,8,658051.203,1159434.080,10.48531600,76.44418300,0.365,-0.034,10.0,9.5,0.0,17.8,2047,1935,RTK FIXED
52.264,075021.40,10.48531000,76.44417200,10.48530997,76.44417195,658049.681,1159433.226,108.00,658049.669,1159433.238,31.5,8,658051.203,1159434.080,10.48531600,76.44418300,0.365,-0.034,10.0,9.5,0.0,17.6,2047,1935,RTK FIXED
52.319,075021.40,10.48531000,76.44417200,10.48530998,76.44417197,658049.681,1159433.226,108.00,658049.674,1159433.233,31.5,8,658051.203,1159434.080,10.48531600,76.44418300,0.365,-0.034,10.0,9.5,0.0,17.8,2047,1935,RTK FIXED
52.366,075021.40,10.48531000,76.44417200,10.48530999,76.44417198,658049.681,1159433.226,108.00,658049.677,1159433.230,31.5,8,658051.203,1159434.080,10.48531600,76.44418300,0.365,-0.034,10.0,9.5,0.5,17.8,2047,1935,RTK FIXED
52.419,075021.40,10.48531000,76.44417200,10.48530999,76.44417199,658049.681,1159433.226,108.00,658049.679,1159433.229,31.5,8,658051.203,1159434.080,10.48531600,76.44418300,0.365,-0.034,10.0,9.5,0.0,18.1,2047,1935,RTK FIXED
52.472,075021.40,10.48531000,76.44417200,10.48531000,76.44417199,658049.681,1159433.226,108.00,658049.680,1159433.228,31.5,8,658051.203,1159434.080,10.48531600,76.44418300,0.365,-0.034,10.0,9.5,-0.5,17.3,2047,1935,RTK FIXED
52.520,075021.60,10.48531000,76.44417200,10.48531000,76.44417200,658049.681,1159433.226,108.00,658049.680,1159433.227,31.5,8,658051.203,1159434.080,10.48531600,76.44418300,0.365,-0.030,10.0,9.5,0.0,17.3,2047,1949,RTK FIXED
52.573,075021.60,10.48531000,76.44417200,10.48531000,76.44417200,658049.681,1159433.226,108.00,658049.681,1159433.227,31.5,8,658051.203,1159434.080,10.48531600,76.44418300,0.365,-0.030,10.0,9.5,0.5,17.4,2047,1949,RTK FIXED
52.619,075021.60,10.48531000,76.44417200,10.48531000,76.44417200,658049.681,1159433.226,108.00,658049.681,1159433.227,31.5,8,658051.203,1159434.080,10.48531600,76.44418300,0.365,-0.030,10.0,9.5,-0.5,17.8,2047,1949,RTK FIXED
52.673,075021.60,10.48531000,76.44417200,10.48531000,76.44417200,658049.681,1159433.226,108.00,658049.681,1159433.226,31.5,8,658051.203,1159434.080,10.48531600,76.44418300,0.365,-0.030,10.0,9.5,0.0,17.2,2047,1949,RTK FIXED
52.720,075021.80,10.48531100,76.44417300,10.48531040,76.44417240,658049.790,1159433.337,108.00,658049.725,1159433.271,28.6,8,658051.203,1159434.080,10.48531600,76.44418300,0.366,-0.010,10.0,9.8,0.5,17.2,2047,2013,RTK FIXED
52.772,075021.80,10.48531100,76.44417300,10.48531064,76.44417264,658049.790,1159433.337,108.00,658049.751,1159433.297,28.6,8,658051.203,1159434.080,10.48531600,76.44418300,0.366,-0.010,10.0,9.8,0.0,18.1,2047,2013,RTK FIXED
52.820,075021.80,10.48531100,76.44417300,10.48531078,76.44417278,658049.790,1159433.337,108.00,658049.767,1159433.313,28.6,8,658051.203,1159434.080,10.48531600,76.44418300,0.366,-0.010,10.0,9.8,-0.5,17.4,2047,2013,RTK FIXED
52.873,075021.80,10.48531100,76.44417300,10.48531087,76.44417287,658049.790,1159433.337,108.00,658049.776,1159433.323,28.6,8,658051.203,1159434.080,10.48531600,76.44418300,0.366,-0.010,10.0,9.8,0.0,17.7,2047,2013,RTK FIXED
52.920,075022.00,10.48531100,76.44417300,10.48531092,76.44417292,658049.781,1159433.354,108.00,658049.778,1159433.335,28.6,8,658051.203,1159434.080,10.48531600,76.44418300,0.366,-0.018,10.0,9.7,0.5,17.7,2047,1987,RTK FIXED
52.973,075022.00,10.48531100,76.44417300,10.48531095,76.44417295,658049.781,1159433.354,108.00,658049.780,1159433.343,28.6,8,658051.203,1159434.080,10.48531600,76.44418300,0.366,-0.018,10.0,9.7,0.0,17.7,2047,1987,RTK FIXED
53.020,075022.00,10.48531100,76.44417300,10.48531097,76.44417297,658049.781,1159433.354,108.00,658049.780,1159433.347,28.6,8,658051.203,1159434.080,10.48531600,76.44418300,0.366,-0.018,10.0,9.7,0.0,17.3,2047,1987,RTK FIXED
53.073,075022.00,10.48531100,76.44417300,10.48531098,76.44417298,658049.781,1159433.354,108.00,658049.781,1159433.350,28.6,8,658051.203,1159434.080,10.48531600,76.44418300,0.366,-0.018,10.0,9.7,0.0,17.7,2047,1987,RTK FIXED
53.128,075022.20,10.48531100,76.44417300,10.48531099,76.44417299,658049.781,1159433.354,108.00,658049.781,1159433.352,28.6,8,658051.203,1159434.080,10.48531600,76.44418300,0.366,-0.023,10.0,9.6,0.0,18.0,2047,1971,RTK FIXED
53.174,075022.20,10.48531100,76.44417300,10.48531099,76.44417299,658049.781,1159433.354,108.00,658049.781,1159433.353,28.6,8,658051.203,1159434.080,10.48531600,76.44418300,0.366,-0.023,10.0,9.6,-0.5,17.5,2047,1971,RTK FIXED
53.228,075022.40,10.48531100,76.44417300,10.48531100,76.44417300,658049.781,1159433.354,108.00,658049.781,1159433.353,34.3,8,658051.203,1159434.080,10.48531600,76.44418300,0.362,-0.076,10.0,8.8,0.0,18.3,2047,1805,RTK FIXED
53.274,075022.40,10.48531100,76.44417300,10.48531100,76.44417300,658049.781,1159433.354,108.00,658049.781,1159433.353,34.3,8,658051.203,1159434.080,10.48531600,76.44418300,0.362,-0.076,10.0,8.8,0.6,17.6,2047,1805,RTK FIXED
53.328,075022.40,10.48531100,76.44417300,10.48531100,76.44417300,658049.781,1159433.354,108.00,658049.781,1159433.354,34.3,8,658051.203,1159434.080,10.48531600,76.44418300,0.362,-0.076,10.0,8.8,0.0,17.6,2047,1805,RTK FIXED
53.374,075022.40,10.48531100,76.44417300,10.48531100,76.44417300,658049.781,1159433.354,108.00,658049.781,1159433.354,34.3,8,658051.203,1159434.080,10.48531600,76.44418300,0.362,-0.076,10.0,8.8,-0.5,17.8,2047,1805,RTK FIXED
53.428,075022.60,10.48531100,76.44417400,10.48531100,76.44417340,658049.909,1159433.323,108.00,658049.832,1159433.341,34.3,8,658051.203,1159434.080,10.48531600,76.44418300,0.363,-0.060,10.0,9.1,0.0,17.1,2047,1855,RTK FIXED
53.473,075022.60,10.48531100,76.44417400,10.48531100,76.44417364,658049.909,1159433.323,108.00,658049.863,1159433.334,34.3,8,658051.203,1159434.080,10.48531600,76.44418300,0.363,-0.060,10.0,9.1,0.6,16.7,2047,1855,RTK FIXED
53.527,075022.60,10.48531100,76.44417400,10.48531100,76.44417378,658049.909,1159433.323,108.00,658049.881,1159433.329,34.3,8,658051.203,1159434.080,10.48531600,76.44418300,0.363,-0.060,10.0,9.1,0.0,15.8,2047,1855,RTK FIXED
53.574,075022.60,10.48531100,76.44417400,10.48531100,76.44417387,658049.909,1159433.323,108.00,658049.892,1159433.327,34.3,8,658051.203,1159434.080,10.48531600,76.44418300,0.363,-0.060,10.0,9.1,-0.5,16.0,2047,1855,RTK FIXED
53.627,075022.60,10.48531100,76.44417400,10.48531100,76.44417392,658049.909,1159433.323,108.00,658049.899,1159433.325,34.3,8,658051.203,1159434.080,10.48531600,76.44418300,0.363,-0.060,10.0,9.1,0.0,15.9,2047,1855,RTK FIXED
53.674,075022.60,10.48531100,76.44417400,10.48531100,76.44417395,658049.909,1159433.323,108.00,658049.903,1159433.324,34.3,8,658051.203,1159434.080,10.48531600,76.44418300,0.363,-0.060,10.0,9.1,0.0,15.6,2047,1855,RTK FIXED
53.728,075022.80,10.48531100,76.44417400,10.48531100,76.44417397,658049.909,1159433.323,108.00,658049.905,1159433.324,22.4,8,658051.203,1159434.080,10.48531600,76.44418300,0.364,0.054,9.1,10.0,0.0,15.5,1872,2047,RTK FIXED
53.781,075022.80,10.48531100,76.44417400,10.48531100,76.44417398,658049.909,1159433.323,108.00,658049.907,1159433.323,22.4,8,658051.203,1159434.080,10.48531600,76.44418300,0.364,0.054,9.1,10.0,0.5,16.1,1872,2047,RTK FIXED
53.828,075022.80,10.48531100,76.44417400,10.48531100,76.44417399,658049.909,1159433.323,108.00,658049.908,1159433.323,22.4,8,658051.203,1159434.080,10.48531600,76.44418300,0.364,0.054,9.1,10.0,0.0,15.4,1872,2047,RTK FIXED
53.882,075022.80,10.48531100,76.44417400,10.48531100,76.44417399,658049.909,1159433.323,108.00,658049.908,1159433.323,22.4,8,658051.203,1159434.080,10.48531600,76.44418300,0.364,0.054,9.1,10.0,0.0,15.8,1872,2047,RTK FIXED
53.929,075023.00,10.48531200,76.44417500,10.48531140,76.44417440,658049.984,1159433.502,108.00,658049.938,1159433.395,31.9,8,658051.203,1159434.080,10.48531600,76.44418300,0.364,-0.051,10.0,9.2,0.0,15.5,2047,1881,RTK FIXED
53.981,075023.00,10.48531200,76.44417500,10.48531164,76.44417464,658049.984,1159433.502,108.00,658049.956,1159433.437,31.9,8,658051.203,1159434.080,10.48531600,76.44418300,0.364,-0.051,10.0,9.2,-0.5,16.6,2047,1881,RTK FIXED
54.029,075023.00,10.48531200,76.44417500,10.48531178,76.44417478,658049.984,1159433.502,108.00,658049.967,1159433.463,31.9,8,658051.203,1159434.080,10.48531600,76.44418300,0.364,-0.051,10.0,9.2,0.0,17.4,2047,1881,RTK FIXED
54.083,075023.20,10.48531200,76.44417500,10.48531187,76.44417487,658050.010,1159433.447,108.00,658049.984,1159433.457,31.9,8,658051.203,1159434.080,10.48531600,76.44418300,0.364,-0.050,10.0,9.2,0.0,16.7,2047,1886,RTK FIXED
54.128,075023.20,10.48531200,76.44417500,10.48531192,76.44417492,658050.010,1159433.447,108.00,658049.995,1159433.453,31.9,8,658051.203,1159434.080,10.48531600,76.44418300,0.364,-0.050,10.0,9.2,0.0,16.4,2047,1886,RTK FIXED
54.182,075023.20,10.48531200,76.44417500,10.48531195,76.44417495,658050.010,1159433.447,108.00,658050.001,1159433.450,31.9,8,658051.203,1159434.080,10.48531600,76.44418300,0.364,-0.050,10.0,9.2,0.0,15.3,2047,1886,RTK FIXED
54.229,075023.40,10.48531200,76.44417500,10.48531197,76.44417497,658050.010,1159433.447,108.00,658050.005,1159433.449,31.9,8,658051.203,1159434.080,10.48531600,76.44418300,0.364,-0.049,10.0,9.2,0.5,15.5,2047,1890,RTK FIXED
54.282,075023.40,10.48531200,76.44417500,10.48531198,76.44417498,658050.010,1159433.447,108.00,658050.007,1159433.448,31.9,8,658051.203,1159434.080,10.48531600,76.44418300,0.364,-0.049,10.0,9.2,0.0,15.9,2047,1890,RTK FIXED
54.336,075023.40,10.48531200,76.44417500,10.48531199,76.44417499,658050.010,1159433.447,108.00,658050.008,1159433.448,31.9,8,658051.203,1159434.080,10.48531600,76.44418300,0.364,-0.049,10.0,9.2,0.0,16.7,2047,1890,RTK FIXED
54.382,075023.40,10.48531200,76.44417500,10.48531199,76.44417499,658050.010,1159433.447,108.00,658050.009,1159433.447,31.9,8,658051.203,1159434.080,10.48531600,76.44418300,0.364,-0.049,10.0,9.2,0.0,15.1,2047,1890,RTK FIXED
54.437,075023.40,10.48531200,76.44417500,10.48531200,76.44417500,658050.010,1159433.447,108.00,658050.009,1159433.447,31.9,8,658051.203,1159434.080,10.48531600,76.44418300,0.364,-0.049,10.0,9.2,0.0,16.1,2047,1890,RTK FIXED
54.483,075023.40,10.48531200,76.44417500,10.48531200,76.44417500,658050.010,1159433.447,108.00,658050.010,1159433.447,31.9,8,658051.203,1159434.080,10.48531600,76.44418300,0.364,-0.049,10.0,9.2,-0.5,16.4,2047,1890,RTK FIXED
54.537,075023.60,10.48531200,76.44417500,10.48531200,76.44417500,658050.010,1159433.447,108.00,658050.010,1159433.447,30.1,8,658051.203,1159434.080,10.48531600,76.44418300,0.365,-0.032,10.0,9.5,0.0,16.1,2047,1943,RTK FIXED
54.583,075023.60,10.48531200,76.44417500,10.48531200,76.44417500,658050.010,1159433.447,108.00,658050.010,1159433.447,30.1,8,658051.203,1159434.080,10.48531600,76.44418300,0.365,-0.032,10.0,9.5,0.5,16.4,2047,1943,RTK FIXED
54.637,075023.60,10.48531200,76.44417500,10.48531200,76.44417500,658050.010,1159433.447,108.00,658050.010,1159433.447,30.1,8,658051.203,1159434.080,10.48531600,76.44418300,0.365,-0.032,10.0,9.5,0.0,15.8,2047,1943,RTK FIXED
54.684,075023.60,10.48531200,76.44417500,10.48531200,76.44417500,658050.010,1159433.447,108.00,658050.010,1159433.447,30.1,8,658051.203,1159434.080,10.48531600,76.44418300,0.365,-0.032,10.0,9.5,-0.5,15.7,2047,1943,RTK FIXED
54.737,075023.80,10.48531200,76.44417600,10.48531200,76.44417540,658050.114,1159433.458,108.00,658050.051,1159433.451,30.1,8,658051.203,1159434.080,10.48531600,76.44418300,0.366,-0.021,10.0,9.7,0.0,16.1,2047,1978,RTK FIXED
54.782,075023.80,10.48531200,76.44417600,10.48531200,76.44417564,658050.114,1159433.458,108.00,658050.076,1159433.454,30.1,8,658051.203,1159434.080,10.48531600,76.44418300,0.366,-0.021,10.0,9.7,0.6,16.1,2047,1978,RTK FIXED
54.837,075023.80,10.48531200,76.44417600,10.48531200,76.44417578,658050.114,1159433.458,108.00,658050.091,1159433.455,30.1,8,658051.203,1159434.080,10.48531600,76.44418300,0.366,-0.021,10.0,9.7,0.0,16.9,2047,1978,RTK FIXED
54.891,075023.80,10.48531200,76.44417600,10.48531200,76.44417587,658050.114,1159433.458,108.00,658050.100,1159433.456,30.1,8,658051.203,1159434.080,10.48531600,76.44418300,0.366,-0.021,10.0,9.7,0.0,16.2,2047,1978,RTK FIXED
54.937,075024.00,10.48531200,76.44417600,10.48531200,76.44417592,658050.114,1159433.458,108.00,658050.106,1159433.457,24.0,8,658051.203,1159434.080,10.48531600,76.44418300,0.365,0.039,9.4,10.0,-0.5,17.1,1919,2047,RTK FIXED
54.991,075024.00,10.48531200,76.44417600,10.48531200,76.44417595,658050.114,1159433.458,108.00,658050.109,1159433.457,24.0,8,658051.203,1159434.080,10.48531600,76.44418300,0.365,0.039,9.4,10.0,0.0,16.4,1919,2047,RTK FIXED
55.036,075024.00,10.48531200,76.44417600,10.48531200,76.44417597,658050.114,1159433.458,108.00,658050.111,1159433.457,24.0,8,658051.203,1159434.080,10.48531600,76.44418300,0.365,0.039,9.4,10.0,0.5,17.5,1919,2047,RTK FIXED
55.091,075024.00,10.48531200,76.44417600,10.48531200,76.44417598,658050.114,1159433.458,108.00,658050.112,1159433.457,24.0,8,658051.203,1159434.080,10.48531600,76.44418300,0.365,0.039,9.4,10.0,0.0,17.8,1919,2047,RTK FIXED
55.137,075024.20,10.48531300,76.44417600,10.48531240,76.44417599,658050.096,1159433.604,108.00,658050.106,1159433.516,24.0,8,658051.203,1159434.080,10.48531600,76.44418300,0.366,0.009,9.8,10.0,0.0,17.8,2016,2047,RTK FIXED
55.191,075024.20,10.48531300,76.44417600,10.48531264,76.44417599,658050.096,1159433.604,108.00,658050.102,1159433.551,24.0,8,658051.203,1159434.080,10.48531600,76.44418300,0.366,0.009,9.8,10.0,-0.5,17.8,2016,2047,RTK FIXED
55.237,075024.20,10.48531300,76.44417600,10.48531278,76.44417600,658050.096,1159433.604,108.00,658050.100,1159433.572,24.0,8,658051.203,1159434.080,10.48531600,76.44418300,0.366,0.009,9.8,10.0,0.0,17.8,2016,2047,RTK FIXED
55.291,075024.20,10.48531300,76.44417600,10.48531287,76.44417600,658050.096,1159433.604,108.00,658050.098,1159433.585,24.0,8,658051.203,1159434.080,10.48531600,76.44418300,0.366,0.009,9.8,10.0,0.5,17.7,2016,2047,RTK FIXED
55.338,075024.40,10.48531300,76.44417700,10.48531292,76.44417640,658050.206,1159433.604,108.00,658050.141,1159433.593,34.2,8,658051.203,1159434.080,10.48531600,76.44418300,0.361,-0.084,10.0,8.7,0.0,17.7,2047,1779,RTK FIXED
55.391,075024.40,10.48531300,76.44417700,10.48531295,76.44417664,658050.206,1159433.604,108.00,658050.167,1159433.597,34.2,8,658051.203,1159434.080,10.48531600,76.44418300,0.361,-0.084,10.0,8.7,0.0,18.2,2047,1779,RTK FIXED
55.437,075024.40,10.48531300,76.44417700,10.48531297,76.44417678,658050.206,1159433.604,108.00,658050.182,1159433.600,34.2,8,658051.203,1159434.080,10.48531600,76.44418300,0.361,-0.084,10.0,8.7,-0.5,16.8,2047,1779,RTK FIXED
55.495,075024.40,10.48531300,76.44417700,10.48531298,76.44417687,658050.206,1159433.604,108.00,658050.192,1159433.602,34.2,8,658051.203,1159434.080,10.48531600,76.44418300,0.361,-0.084,10.0,8.7,0.4,17.2,2047,1779,RTK FIXED
55.545,075024.60,10.48531300,76.44417700,10.48531299,76.44417692,658050.236,1159433.546,108.00,658050.210,1159433.579,34.2,8,658051.203,1159434.080,10.48531600,76.44418300,0.362,-0.070,10.0,8.9,-0.5,17.4,2047,1822,RTK FIXED
55.592,075024.60,10.48531300,76.44417700,10.48531299,76.44417695,658050.236,1159433.546,108.00,658050.220,1159433.566,34.2,8,658051.203,1159434.080,10.48531600,76.44418300,0.362,-0.070,10.0,8.9,0.5,16.3,2047,1822,RTK FIXED
55.645,075024.60,10.48531300,76.44417700,10.48531300,76.44417697,658050.236,1159433.546,108.00,658050.227,1159433.558,34.2,8,658051.203,1159434.080,10.48531600,76.44418300,0.362,-0.070,10.0,8.9,-0.5,15.9,2047,1822,RTK FIXED
55.693,075024.60,10.48531300,76.44417700,10.48531300,76.44417698,658050.236,1159433.546,108.00,658050.230,1159433.553,34.2,8,658051.203,1159434.080,10.48531600,76.44418300,0.362,-0.070,10.0,8.9,0.0,15.2,2047,1822,RTK FIXED
55.746,075024.80,10.48531300,76.44417700,10.48531300,76.44417699,658050.236,1159433.546,108.00,658050.233,1159433.550,34.2,8,658051.203,1159434.080,10.48531600,76.44418300,0.363,-0.062,10.0,9.0,0.5,15.6,2047,1847,RTK FIXED
55.791,075024.80,10.48531300,76.44417700,10.48531300,76.44417699,658050.236,1159433.546,108.00,658050.234,1159433.548,34.2,8,658051.203,1159434.080,10.48531600,76.44418300,0.363,-0.062,10.0,9.0,0.0,15.3,2047,1847,RTK FIXED
55.845,075024.80,10.48531300,76.44417700,10.48531300,76.44417700,658050.236,1159433.546,108.00,658050.235,1159433.547,34.2,8,658051.203,1159434.080,10.48531600,76.44418300,0.363,-0.062,10.0,9.0,0.0,16.1,2047,1847,RTK FIXED
55.891,075024.80,10.48531300,76.44417700,10.48531300,76.44417700,658050.236,1159433.546,108.00,658050.235,1159433.547,34.2,8,658051.203,1159434.080,10.48531600,76.44418300,0.363,-0.062,10.0,9.0,0.0,15.4,2047,1847,RTK FIXED
55.946,075025.00,10.48531300,76.44417800,10.48531300,76.44417740,658050.346,1159433.546,108.00,658050.280,1159433.547,23.7,8,658051.203,1159434.080,10.48531600,76.44418300,0.364,0.048,9.2,10.0,0.0,15.9,1890,2047,RTK FIXED
55.992,075025.00,10.48531300,76.44417800,10.48531300,76.44417764,658050.346,1159433.546,108.00,658050.306,1159433.546,23.7,8,658051.203,1159434.080,10.48531600,76.44418300,0.364,0.048,9.2,10.0,-0.5,16.4,1890,2047,RTK FIXED
56.046,075025.20,10.48531300,76.44417800,10.48531300,76.44417778,658050.314,1159433.607,108.00,658050.309,1159433.571,23.7,8,658051.203,1159434.080,10.48531600,76.44418300,0.365,0.043,9.3,10.0,0.5,15.6,1909,2047,RTK FIXED
56.092,075025.20,10.48531300,76.44417800,10.48531300,76.44417787,658050.314,1159433.607,108.00,658050.311,1159433.585,23.7,8,658051.203,1159434.080,10.48531600,76.44418300,0.365,0.043,9.3,10.0,-0.5,16.4,1909,2047,RTK FIXED
56.146,075025.20,10.48531300,76.44417800,10.48531300,76.44417792,658050.314,1159433.607,108.00,658050.313,1159433.594,23.7,8,658051.203,1159434.080,10.48531600,76.44418300,0.365,0.043,9.3,10.0,0.0,15.2,1909,2047,RTK FIXED
56.200,075025.20,10.48531300,76.44417800,10.48531300,76.44417795,658050.314,1159433.607,108.00,658050.313,1159433.599,23.7,8,658051.203,1159434.080,10.48531600,76.44418300,0.365,0.043,9.3,10.0,0.0,17.1,1909,2047,RTK FIXED
56.245,075025.20,10.48531300,76.44417800,10.48531300,76.44417797,658050.314,1159433.607,108.00,658050.314,1159433.602,23.7,8,658051.203,1159434.080,10.48531600,76.44418300,0.365,0.043,9.3,10.0,0.0,18.2,1909,2047,RTK FIXED
56.300,075025.20,10.48531300,76.44417800,10.48531300,76.44417798,658050.314,1159433.607,108.00,658050.314,1159433.604,23.7,8,658051.203,1159434.080,10.48531600,76.44418300,0.365,0.043,9.3,10.0,0.0,18.3,1909,2047,RTK FIXED
56.346,075025.40,10.48531400,76.44417800,10.48531340,76.44417799,658050.314,1159433.717,108.00,658050.314,1159433.649,36.4,8,658051.203,1159434.080,10.48531600,76.44418300,0.359,-0.096,7.5,4.3,0.0,18.8,1526,1597,DGPS
56.400,075025.40,10.48531400,76.44417800,10.48531364,76.44417799,658050.314,1159433.717,108.00,658050.314,1159433.676,36.4,8,658051.203,1159434.080,10.48531600,76.44418300,0.359,-0.096,7.5,4.3,0.0,18.2,1526,1147,DGPS
56.446,075025.40,10.48531400,76.44417800,10.48531378,76.44417800,658050.314,1159433.717,108.00,658050.314,1159433.693,36.4,8,658051.203,1159434.080,10.48531600,76.44418300,0.359,-0.096,7.5,4.3,0.5,17.4,1526,1100,DGPS
56.499,075025.40,10.48531400,76.44417800,10.48531387,76.44417800,658050.314,1159433.717,108.00,658050.314,1159433.703,36.4,8,658051.203,1159434.080,10.48531600,76.44418300,0.359,-0.096,7.5,4.3,0.0,16.4,1526,1100,DGPS
56.546,075025.60,10.48531400,76.44417800,10.48531392,76.44417800,658050.353,1159433.645,108.00,658050.330,1159433.680,36.4,8,658051.203,1159434.080,10.48531600,76.44418300,0.360,-0.092,7.4,4.4,0.0,15.4,1514,1100,DGPS
56.600,075025.60,10.48531400,76.44417800,10.48531395,76.44417800,658050.353,1159433.645,108.00,658050.339,1159433.666,36.4,8,658051.203,1159434.080,10.48531600,76.44418300,0.360,-0.092,7.4,4.4,0.0,13.5,1514,1100,DGPS
56.645,075025.60,10.48531400,76.44417800,10.48531397,76.44417800,658050.353,1159433.645,108.00,658050.345,1159433.657,36.4,8,658051.203,1159434.080,10.48531600,76.44418300,0.360,-0.092,7.4,4.4,0.0,12.7,1514,1100,DGPS
56.700,075025.60,10.48531400,76.44417800,10.48531398,76.44417800,658050.353,1159433.645,108.00,658050.348,1159433.652,36.4,8,658051.203,1159434.080,10.48531600,76.44418300,0.360,-0.092,7.4,4.4,0.0,11.4,1514,1100,DGPS
56.755,075025.80,10.48531400,76.44417900,10.48531399,76.44417840,658050.463,1159433.646,108.00,658050.394,1159433.650,27.6,8,658051.203,1159434.080,10.48531600,76.44418300,0.366,0.000,6.0,6.0,-0.5,10.5,1225,1228,DGPS
56.800,075025.80,10.48531400,76.44417900,10.48531399,76.44417864,658050.463,1159433.646,108.00,658050.421,1159433.648,27.6,8,658051.203,1159434.080,10.48531600,76.44418300,0.366,0.000,6.0,6.0,0.0,10.4,1225,1228,DGPS
56.853,075025.80,10.48531400,76.44417900,10.48531400,76.44417878,658050.463,1159433.646,108.00,658050.438,1159433.647,27.6,8,658051.203,1159434.080,10.48531600,76.44418300,0.366,0.000,6.0,6.0,0.5,9.9,1225,1228,DGPS
56.901,075026.00,10.48531400,76.44417900,10.48531400,76.44417887,658050.434,1159433.694,108.00,658050.436,1159433.666,27.6,8,658051.203,1159434.080,10.48531600,76.44418300,0.366,-0.004,6.1,5.9,-0.5,8.5,1240,1212,DGPS
56.953,075026.00,10.48531400,76.44417900,10.48531400,76.44417892,658050.434,1159433.694,108.00,658050.435,1159433.677,27.6,8,658051.203,1159434.080,10.48531600,76.44418300,0.366,-0.004,6.1,5.9,0.0,7.6,1240,1212,DGPS
57.000,075026.00,10.48531400,76.44417900,10.48531400,76.44417895,658050.434,1159433.694,108.00,658050.435,1159433.684,27.6,8,658051.203,1159434.080,10.48531600,76.44418300,0.366,-0.004,6.1,5.9,0.5,7.5,1240,1212,DGPS
57.054,075026.00,10.48531400,76.44417900,10.48531400,76.44417897,658050.434,1159433.694,108.00,658050.434,1159433.688,27.6,8,658051.203,1159434.080,10.48531600,76.44418300,0.366,-0.004,6.1,5.9,0.0,6.0,1240,1212,DGPS
57.101,075026.20,10.48531400,76.44417900,10.48531400,76.44417898,658050.434,1159433.694,108.00,658050.434,1159433.691,27.6,8,658051.203,1159434.080,10.48531600,76.44418300,0.366,-0.007,6.1,5.9,0.0,5.9,1249,1203,DGPS
57.154,075026.20,10.48531400,76.44417900,10.48531400,76.44417899,658050.434,1159433.694,108.00,658050.434,1159433.692,27.6,8,658051.203,1159434.080,10.48531600,76.44418300,0.366,-0.007,6.1,5.9,0.0,5.6,1249,1203,DGPS
57.201,075026.20,10.48531400,76.44417900,10.48531400,76.44417899,658050.434,1159433.694,108.00,658050.434,1159433.693,27.6,8,658051.203,1159434.080,10.48531600,76.44418300,0.366,-0.007,6.1,5.9,0.0,4.9,1249,1203,DGPS
57.255,075026.40,10.48531400,76.44417900,10.48531400,76.44417900,658050.434,1159433.694,108.00,658050.434,1159433.694,27.6,8,658051.203,1159434.080,10.48531600,76.44418300,0.366,-0.009,6.1,5.9,0.0,5.1,1255,1198,DGPS
57.308,075026.40,10.48531400,76.44417900,10.48531400,76.44417900,658050.434,1159433.694,108.00,658050.434,1159433.694,27.6,8,658051.203,1159434.080,10.48531600,76.44418300,0.366,-0.009,6.1,5.9,-0.5,4.2,1255,1198,DGPS
57.355,075026.40,10.48531400,76.44417900,10.48531400,76.44417900,658050.434,1159433.694,108.00,658050.434,1159433.694,27.6,8,658051.203,1159434.080,10.48531600,76.44418300,0.366,-0.009,6.1,5.9,0.0,3.8,1255,1198,DGPS
57.408,075026.40,10.48531400,76.44417900,10.48531400,76.44417900,658050.434,1159433.694,108.00,658050.434,1159433.694,27.6,8,658051.203,1159434.080,10.48531600,76.44418300,0.366,-0.009,6.1,5.9,0.5,3.7,1255,1198,DGPS
57.455,075026.40,10.48531400,76.44417900,10.48531400,76.44417900,658050.434,1159433.694,108.00,658050.434,1159433.694,27.6,8,658051.203,1159434.080,10.48531600,76.44418300,0.366,-0.009,6.1,5.9,-0.5,3.8,1255,1198,DGPS
57.512,075026.60,10.48531400,76.44418000,10.48531400,76.44417940,658050.543,1159433.695,108.00,658050.478,1159433.694,27.4,8,658051.203,1159434.080,10.48531600,76.44418300,0.366,0.006,5.9,6.1,0.4,3.5,1206,1247,DGPS
57.554,075026.60,10.48531400,76.44418000,10.48531400,76.44417964,658050.543,1159433.695,108.00,658050.504,1159433.695,27.4,8,658051.203,1159434.080,10.48531600,76.44418300,0.366,0.006,5.9,6.1,0.0,4.2,1206,1247,DGPS
57.609,075026.60,10.48531400,76.44418000,10.48531400,76.44417978,658050.543,1159433.695,108.00,658050.520,1159433.695,27.4,8,658051.203,1159434.080,10.48531600,76.44418300,0.366,0.006,5.9,6.1,0.0,4.1,1206,1247,DGPS
57.655,075026.60,10.48531400,76.44418000,10.48531400,76.44417987,658050.543,1159433.695,108.00,658050.529,1159433.695,27.4,8,658051.203,1159434.080,10.48531600,76.44418300,0.366,0.006,5.9,6.1,0.0,3.8,1206,1247,DGPS
57.710,075026.80,10.48531400,76.44418000,10.48531400,76.44417992,658050.543,1159433.696,108.00,658050.534,1159433.695,27.4,8,658051.203,1159434.080,10.48531600,76.44418300,0.366,0.013,9.6,10.0,0.0,4.6,1656,1697,RTK FLOAT
57.755,075026.80,10.48531400,76.44418000,10.48531400,76.44417995,658050.543,1159433.696,108.00,658050.538,1159433.696,27.4,8,658051.203,1159434.080,10.48531600,76.44418300,0.366,0.013,9.6,10.0,-0.6,4.5,1974,2047,RTK FLOAT
57.809,075026.80,10.48531400,76.44418000,10.48531400,76.44417997,658050.543,1159433.696,108.00,658050.540,1159433.696,27.4,8,658051.203,1159434.080,10.48531600,76.44418300,0.366,0.013,9.6,10.0,0.5,5.5,1974,2047,RTK FLOAT
57.855,075026.80,10.48531400,76.44418000,10.48531400,76.44417998,658050.543,1159433.696,108.00,658050.541,1159433.696,27.4,8,658051.203,1159434.080,10.48531600,76.44418300,0.366,0.013,9.6,10.0,0.0,6.6,1974,2047,RTK FLOAT
57.909,075026.80,10.48531400,76.44418000,10.48531400,76.44417999,658050.543,1159433.696,108.00,658050.542,1159433.696,27.4,8,658051.203,1159434.080,10.48531600,76.44418300,0.366,0.013,9.6,10.0,-0.5,8.3,1974,2047,RTK FLOAT
57.964,075027.00,10.48531400,76.44418000,10.48531400,76.44417999,658050.543,1159433.696,108.00,658050.542,1159433.696,27.4,8,658051.203,1159434.080,10.48531600,76.44418300,0.366,0.018,9.5,10.0,0.0,9.2,1951,2047,RTK FLOAT
58.009,075027.00,10.48531400,76.44418000,10.48531400,76.44418000,658050.543,1159433.696,108.00,658050.542,1159433.696,27.4,8,658051.203,1159434.080,10.48531600,76.44418300,0.366,0.018,9.5,10.0,0.0,11.0,1951,2047,RTK FLOAT
58.063,075027.00,10.48531400,76.44418000,10.48531400,76.44418000,658050.543,1159433.696,108.00,658050.542,1159433.696,27.4,8,658051.203,1159434.080,10.48531600,76.44418300,0.366,0.018,9.5,10.0,0.0,11.6,1951,2047,RTK FLOAT
58.109,075027.00,10.48531400,76.44418000,10.48531400,76.44418000,658050.543,1159433.696,108.00,658050.542,1159433.696,27.4,8,658051.203,1159434.080,10.48531600,76.44418300,0.366,0.018,9.5,10.0,0.5,12.4,1951,2047,RTK FLOAT
58.164,075027.20,10.48531400,76.44418000,10.48531400,76.44418000,658050.543,1159433.696,108.00,658050.543,1159433.696,27.4,8,658051.203,1159434.080,10.48531600,76.44418300,0.366,0.020,9.5,10.0,-0.5,13.3,1937,2047,RTK FLOAT
58.209,075027.20,10.48531400,76.44418000,10.48531400,76.44418000,658050.543,1159433.696,108.00,658050.543,1159433.696,27.4,8,658051.203,1159434.080,10.48531600,76.44418300,0.366,0.020,9.5,10.0,0.0,13.7,1937,2047,RTK FLOAT
58.264,075027.20,10.48531400,76.44418000,10.48531400,76.44418000,658050.543,1159433.696,108.00,658050.543,1159433.696,27.4,8,658051.203,1159434.080,10.48531600,76.44418300,0.366,0.020,9.5,10.0,0.5,15.0,1937,2047,RTK FLOAT
58.310,075027.40,10.48531400,76.44418000,10.48531400,76.44418000,658050.543,1159433.696,108.00,658050.543,1159433.696,27.4,8,658051.203,1159434.080,10.48531600,76.44418300,0.366,0.022,9.4,10.0,0.0,16.0,1929,2047,RTK FLOAT
58.364,075027.40,10.48531400,76.44418000,10.48531400,76.44418000,658050.543,1159433.696,108.00,658050.543,1159433.696,27.4,8,658051.203,1159434.080,10.48531600,76.44418300,0.366,0.022,9.4,10.0,0.0,16.8,1929,2047,RTK FLOAT
58.409,075027.40,10.48531400,76.44418000,10.48531400,76.44418000,658050.543,1159433.696,108.00,658050.543,1159433.696,27.4,8,658051.203,1159434.080,10.48531600,76.44418300,0.366,0.022,9.4,10.0,-0.5,17.0,1929,2047,RTK FLOAT
58.464,075027.40,10.48531400,76.44418000,10.48531400,76.44418000,658050.543,1159433.696,108.00,658050.543,1159433.696,27.4,8,658051.203,1159434.080,10.48531600,76.44418300,0.366,0.022,9.4,10.0,0.5,18.4,1929,2047,RTK FLOAT
58.518,075027.60,10.48531500,76.44418000,10.48531440,76.44418000,658050.542,1159433.807,108.00,658050.542,1159433.740,30.6,8,658051.203,1159434.080,10.48531600,76.44418300,0.365,-0.029,10.0,9.2,0.0,17.6,2047,1889,RTK FLOAT
58.564,075027.60,10.48531500,76.44418000,10.48531464,76.44418000,658050.542,1159433.807,108.00,658050.542,1159433.767,30.6,8,658051.203,1159434.080,10.48531600,76.44418300,0.365,-0.029,10.0,9.2,-0.5,18.4,2047,1889,RTK FLOAT
58.617,075027.60,10.48531500,76.44418000,10.48531478,76.44418000,658050.542,1159433.807,108.00,658050.542,1159433.783,30.6,8,658051.203,1159434.080,10.48531600,76.44418300,0.365,-0.029,10.0,9.2,0.0,17.8,2047,1889,RTK FLOAT
58.664,075027.60,10.48531500,76.44418000,10.48531487,76.44418000,658050.542,1159433.807,108.00,658050.542,1159433.792,30.6,8,658051.203,1159434.080,10.48531600,76.44418300,0.365,-0.029,10.0,9.2,0.0,16.8,2047,1889,RTK FLOAT
58.718,075027.80,10.48531500,76.44418000,10.48531492,76.44418000,658050.552,1159433.788,108.00,658050.546,1159433.791,30.6,8,658051.203,1159434.080,10.48531600,76.44418300,0.365,-0.038,10.0,9.0,0.5,16.1,2047,1844,RTK FLOAT
58.764,075027.80,10.48531500,76.44418000,10.48531495,76.44418000,658050.552,1159433.788,108.00,658050.548,1159433.790,30.6,8,658051.203,1159434.080,10.48531600,76.44418300,0.365,-0.038,10.0,9.0,-0.5,16.4,2047,1844,RTK FLOAT
58.817,075027.80,10.48531500,76.44418000,10.48531497,76.44418000,658050.552,1159433.788,108.00,658050.550,1159433.789,30.6,8,658051.203,1159434.080,10.48531600,76.44418300,0.365,-0.038,10.0,9.0,0.5,15.5,2047,1844,RTK FLOAT
58.863,075027.80,10.48531500,76.44418000,10.48531498,76.44418000,658050.552,1159433.788,108.00,658050.550,1159433.789,30.6,8,658051.203,1159434.080,10.48531600,76.44418300,0.365,-0.038,10.0,9.0,-0.5,16.8,2047,1844,RTK FLOAT
58.918,075028.00,10.48531500,76.44418100,10.48531499,76.44418040,658050.661,1159433.789,108.00,658050.595,1159433.789,30.6,8,658051.203,1159434.080,10.48531600,76.44418300,0.365,-0.030,10.0,9.2,0.0,16.8,2047,1887,RTK FLOAT
58.972,075028.00,10.48531500,76.44418100,10.48531499,76.44418064,658050.661,1159433.789,108.00,658050.621,1159433.789,30.6,8,658051.203,1159434.080,10.48531600,76.44418300,0.365,-0.030,10.0,9.2,0.5,15.8,2047,1887,RTK FLOAT
59.017,075028.00,10.48531500,76.44418100,10.48531500,76.44418078,658050.661,1159433.789,108.00,658050.637,1159433.789,30.6,8,658051.203,1159434.080,10.48531600,76.44418300,0.365,-0.030,10.0,9.2,-0.5,15.4,2047,1887,RTK FLOAT
59.072,075028.00,10.48531500,76.44418100,10.48531500,76.44418087,658050.661,1159433.789,108.00,658050.647,1159433.789,30.6,8,658051.203,1159434.080,10.48531600,76.44418300,0.365,-0.030,10.0,9.2,0.0,15.9,2047,1887,RTK FLOAT
59.118,075028.20,10.48531500,76.44418100,10.48531500,76.44418092,658050.661,1159433.789,108.00,658050.653,1159433.789,29.0,8,658051.203,1159434.080,10.48531600,76.44418300,0.366,-0.011,10.0,9.7,0.5,16.2,2047,1989,RTK FLOAT
59.172,075028.20,10.48531500,76.44418100,10.48531500,76.44418095,658050.661,1159433.789,108.00,658050.656,1159433.789,29.0,8,658051.203,1159434.080,10.48531600,76.44418300,0.366,-0.011,10.0,9.7,-0.5,15.4,2047,1989,RTK FLOAT
59.217,075028.20,10.48531500,76.44418100,10.48531500,76.44418097,658050.661,1159433.789,108.00,658050.658,1159433.789,29.0,8,658051.203,1159434.080,10.48531600,76.44418300,0.366,-0.011,10.0,9.7,0.5,15.9,2047,1989,RTK FLOAT
59.272,075028.20,10.48531500,76.44418100,10.48531500,76.44418098,658050.661,1159433.789,108.00,658050.659,1159433.789,29.0,8,658051.203,1159434.080,10.48531600,76.44418300,0.366,-0.011,10.0,9.7,0.0,16.0,2047,1989,RTK FLOAT
59.318,075028.40,10.48531500,76.44418100,10.48531500,76.44418099,658050.656,1159433.798,108.00,658050.658,1159433.793,29.0,8,658051.203,1159434.080,10.48531600,76.44418300,0.366,-0.010,10.0,9.7,0.0,17.2,2047,1991,RTK FLOAT
59.372,075028.40,10.48531500,76.44418100,10.48531500,76.44418099,658050.656,1159433.798,108.00,658050.657,1159433.795,29.0,8,658051.203,1159434.080,10.48531600,76.44418300,0.366,-0.010,10.0,9.7,0.0,15.9,2047,1991,RTK FLOAT
59.425,075028.40,10.48531500,76.44418100,10.48531500,76.44418100,658050.656,1159433.798,108.00,658050.657,1159433.796,29.0,8,658051.203,1159434.080,10.48531600,76.44418300,0.366,-0.010,10.0,9.7,-0.5,16.4,2047,1991,RTK FLOAT
59.472,075028.40,10.48531500,76.44418100,10.48531500,76.44418100,658050.656,1159433.798,108.00,658050.657,1159433.797,29.0,8,658051.203,1159434.080,10.48531600,76.44418300,0.366,-0.010,10.0,9.7,0.0,17.0,2047,1991,RTK FLOAT
59.529,075028.60,10.48531500,76.44418200,10.48531500,76.44418140,658050.766,1159433.799,108.00,658050.700,1159433.798,29.0,8,658051.203,1159434.080,10.48531600,76.44418300,0.366,0.004,9.9,10.0,0.4,17.6,2027,2047,RTK FLOAT
59.572,075028.60,10.48531500,76.44418200,10.48531500,76.44418164,658050.766,1159433.799,108.00,658050.726,1159433.798,29.0,8,658051.203,1159434.080,10.48531600,76.44418300,0.366,0.004,9.9,10.0,0.0,16.9,2027,2047,RTK FLOAT
59.626,075028.60,10.48531500,76.44418200,10.48531500,76.44418178,658050.766,1159433.799,108.00,658050.742,1159433.798,29.0,8,658051.203,1159434.080,10.48531600,76.44418300,0.366,0.004,9.9,10.0,-0.5,17.7,2027,2047,RTK FLOAT
59.672,075028.60,10.48531500,76.44418200,10.48531500,76.44418187,658050.766,1159433.799,108.00,658050.751,1159433.798,29.0,8,658051.203,1159434.080,10.48531600,76.44418300,0.366,0.004,9.9,10.0,0.5,17.3,2027,2047,RTK FLOAT
59.726,075028.80,10.48531500,76.44418200,10.48531500,76.44418192,658050.766,1159433.799,108.00,658050.757,1159433.799,23.0,8,658051.203,1159434.080,10.48531600,76.44418300,0.363,0.064,8.4,10.0,0.0,17.5,1715,2047,RTK FLOAT
59.772,075028.80,10.48531500,76.44418200,10.48531500,76.44418195,658050.766,1159433.799,108.00,658050.761,1159433.799,23.0,8,658051.203,1159434.080,10.48531600,76.44418300,0.363,0.064,8.4,10.0,-0.5,18.0,1715,2047,RTK FLOAT
59.826,075028.80,10.48531500,76.44418200,10.48531500,76.44418197,658050.766,1159433.799,108.00,658050.763,1159433.799,23.0,8,658051.203,1159434.080,10.48531600,76.44418300,0.363,0.064,8.4,10.0,0.5,18.1,1715,2047,RTK FLOAT
59.872,075028.80,10.48531500,76.44418200,10.48531500,76.44418198,658050.766,1159433.799,108.00,658050.764,1159433.799,23.0,8,658051.203,1159434.080,10.48531600,76.44418300,0.363,0.064,8.4,10.0,-0.5,17.9,1715,2047,RTK FLOAT
59.927,075029.00,10.48531600,76.44418200,10.48531540,76.44418199,658050.749,1159433.944,108.00,658050.758,1159433.857,23.0,8,658051.203,1159434.080,10.48531600,76.44418300,0.365,0.035,9.1,10.0,0.5,18.0,1858,2047,RTK FLOAT
59.980,075029.00,10.48531600,76.44418200,10.48531564,76.44418199,658050.749,1159433.944,108.00,658050.754,1159433.892,23.0,8,658051.203,1159434.080,10.48531600,76.44418300,0.365,0.035,9.1,10.0,-0.5,18.2,1858,2047,RTK FLOAT
60.026,075029.00,10.48531600,76.44418200,10.48531578,76.44418200,658050.749,1159433.944,108.00,658050.752,1159433.913,23.0,8,658051.203,1159434.080,10.48531600,76.44418300,0.365,0.035,9.1,10.0,0.0,17.9,1858,2047,RTK FLOAT
60.080,075029.00,10.48531600,76.44418200,10.48531587,76.44418200,658050.749,1159433.944,108.00,658050.751,1159433.925,23.0,8,658051.203,1159434.080,10.48531600,76.44418300,0.365,0.035,9.1,10.0,0.5,17.6,1858,2047,RTK FLOAT
60.127,075029.20,10.48531600,76.44418300,10.48531592,76.44418240,658050.859,1159433.945,108.00,658050.794,1159433.933,33.1,8,658051.203,1159434.080,10.48531600,76.44418300,0.364,-0.056,10.0,9.1,0.0,17.7,2047,1866,RTK FIXED
60.181,075029.20,10.48531600,76.44418300,10.48531595,76.44418264,658050.859,1159433.945,108.00,658050.820,1159433.938,33.1,8,658051.203,1159434.080,10.48531600,76.44418300,0.364,-0.056,10.0,9.1,-0.5,17.6,2047,1866,RTK FIXED
60.227,075029.20,10.48531600,76.44418300,10.48531597,76.44418278,658050.859,1159433.945,108.00,658050.835,1159433.941,33.1,8,658051.203,1159434.080,10.48531600,76.44418300,0.364,-0.056,10.0,9.1,0.5,17.5,2047,1866,RTK FIXED
60.280,075029.20,10.48531600,76.44418300,10.48531598,76.44418287,658050.859,1159433.945,108.00,658050.845,1159433.942,33.1,8,658051.203,1159434.080,10.48531600,76.44418300,0.364,-0.056,10.0,9.1,0.0,16.3,2047,1866,RTK FIXED
60.327,075029.40,10.48531600,76.44418300,10.48531599,76.44418292,658050.888,1159433.887,108.00,658050.862,1159433.920,33.1,8,658051.203,1159434.080,10.48531600,76.44418300,0.338,-0.042,10.0,9.3,0.0,16.5,2047,1900,RTK FIXED
60.380,075029.40,10.48531600,76.44418300,10.48531599,76.44418295,658050.888,1159433.887,108.00,658050.872,1159433.907,33.1,8,658051.203,1159434.080,10.48531600,76.44418300,0.338,-0.042,10.0,9.3,-0.5,16.0,2047,1900,RTK FIXED
60.427,075029.40,10.48531600,76.44418300,10.48531600,76.44418297,658050.888,1159433.887,108.00,658050.878,1159433.899,33.1,8,658051.203,1159434.080,10.48531600,76.44418300,0.338,-0.042,10.0,9.3,0.5,16.0,2047,1900,RTK FIXED
60.481,075029.40,10.48531600,76.44418300,10.48531600,76.44418298,658050.888,1159433.887,108.00,658050.882,1159433.894,33.1,8,658051.203,1159434.080,10.48531600,76.44418300,0.338,-0.042,10.0,9.3,0.0,16.8,2047,1900,RTK FIXED
60.692,075029.60,10.48531700,76.44418400,10.48531640,76.44418339,658050.997,1159433.998,108.00,658050.928,1159433.936,29.4,9,658051.754,1159433.198,10.48530800,76.44418800,0.000,-0.968,10.0,-10.0,0.0,16.8,450,450,RTK FIXED
60.728,075029.80,10.48531700,76.44418400,10.48531664,76.44418363,658050.977,1159434.035,108.00,658050.947,1159433.975,26.6,9,658051.754,1159433.198,10.48530800,76.44418800,0.000,-0.977,10.0,-10.0,-0.7,14.7,900,900,RTK FIXED
60.773,075029.80,10.48531700,76.44418400,10.48531678,76.44418378,658050.977,1159434.035,108.00,658050.959,1159433.999,23.8,9,658051.754,1159433.198,10.48530800,76.44418800,0.000,-0.977,10.0,-10.0,0.0,13.2,1350,1350,RTK FIXED
60.827,075029.80,10.48531700,76.44418400,10.48531687,76.44418387,658050.977,1159434.035,108.00,658050.966,1159434.013,21.0,9,658051.754,1159433.198,10.48530800,76.44418800,0.000,-0.977,10.0,-10.0,0.5,12.5,1800,1800,RTK FIXED
60.873,075029.80,10.48531700,76.44418400,10.48531692,76.44418392,658050.977,1159434.035,108.00,658050.970,1159434.022,18.2,9,658051.754,1159433.198,10.48530800,76.44418800,0.000,-0.977,10.0,-10.0,-0.5,11.4,2047,2047,RTK FIXED
60.928,075030.00,10.48531700,76.44418400,10.48531695,76.44418395,658050.953,1159434.103,108.00,658050.963,1159434.054,30.2,9,658051.754,1159433.198,10.48530800,76.44418800,0.000,-1.072,10.0,-10.0,0.5,11.1,2047,2047,RTK FIXED
60.981,075030.00,10.48531700,76.44418400,10.48531697,76.44418397,658050.953,1159434.103,108.00,658050.959,1159434.074,27.1,9,658051.754,1159433.198,10.48530800,76.44418800,0.000,-1.072,10.0,-10.0,0.0,9.3,2047,2047,RTK FIXED
61.028,075030.00,10.48531700,76.44418400,10.48531698,76.44418398,658050.953,1159434.103,108.00,658050.956,1159434.085,24.0,9,658051.754,1159433.198,10.48530800,76.44418800,0.000,-1.072,10.0,-10.0,-0.5,8.6,2047,2047,RTK FIXED
61.081,075030.00,10.48531700,76.44418400,10.48531699,76.44418399,658050.953,1159434.103,108.00,658050.955,1159434.092,21.0,9,658051.754,1159433.198,10.48530800,76.44418800,0.000,-1.072,10.0,-10.0,0.0,7.4,2047,2047,RTK FIXED
61.128,075030.20,10.48531700,76.44418500,10.48531699,76.44418439,658051.066,1159434.088,108.00,658050.999,1159434.091,17.9,9,658051.754,1159433.198,10.48530800,76.44418800,0.000,-0.940,10.0,-10.0,0.0,6.5,2047,2047,RTK FIXED
61.181,075030.20,10.48531700,76.44418500,10.48531700,76.44418464,658051.066,1159434.088,108.00,658051.026,1159434.089,15.2,9,658051.754,1159433.198,10.48530800,76.44418800,0.000,-0.940,10.0,-10.0,0.5,5.6,2047,2047,RTK FIXED
61.228,075030.20,10.48531700,76.44418500,10.48531700,76.44418478,658051.066,1159434.088,108.00,658051.042,1159434.089,12.5,9,658051.754,1159433.198,10.48530800,76.44418800,0.000,-0.940,10.0,-10.0,-0.5,5.4,2047,2047,RTK FIXED
61.281,075030.20,10.48531700,76.44418500,10.48531700,76.44418487,658051.066,1159434.088,108.00,658051.052,1159434.088,9.8,9,658051.754,1159433.198,10.48530800,76.44418800,0.000,-0.940,10.0,-10.0,0.5,5.1,2047,2047,RTK FIXED
61.328,075030.40,10.48531700,76.44418500,10.48531700,76.44418492,658051.053,1159434.156,108.00,658051.052,1159434.115,17.3,9,658051.754,1159433.198,10.48530800,76.44418800,0.000,-0.975,10.0,-10.0,-0.5,3.7,2047,2047,RTK FIXED
61.382,075030.40,10.48531700,76.44418500,10.48531700,76.44418495,658051.053,1159434.156,108.00,658051.053,1159434.132,14.5,9,658051.754,1159433.198,10.48530800,76.44418800,0.000,-0.975,10.0,-10.0,0.5,3.7,2047,2047,RTK FIXED
61.428,075030.40,10.48531700,76.44418500,10.48531700,76.44418497,658051.053,1159434.156,108.00,658051.053,1159434.141,11.7,9,658051.754,1159433.198,10.48530800,76.44418800,0.000,-0.975,10.0,-10.0,0.0,3.2,2047,2047,RTK FIXED
61.482,075030.40,10.48531700,76.44418500,10.48531700,76.44418498,658051.053,1159434.156,108.00,658051.053,1159434.147,8.9,9,658051.754,1159433.198,10.48530800,76.44418800,0.000,-0.975,10.0,-10.0,0.0,2.3,2047,2047,RTK FIXED
61.536,075030.60,10.48531700,76.44418500,10.48531700,76.44418499,658051.053,1159434.163,108.00,658051.053,1159434.153,6.1,9,658051.754,1159433.198,10.48530800,76.44418800,0.000,-0.837,10.0,-10.0,0.0,2.3,2047,2047,RTK FIXED
61.581,075030.60,10.48531700,76.44418500,10.48531700,76.44418499,658051.053,1159434.163,108.00,658051.053,1159434.157,3.7,9,658051.754,1159433.198,10.48530800,76.44418800,0.000,-0.837,10.0,-10.0,0.0,2.2,2047,2047,RTK FIXED
61.636,075030.60,10.48531700,76.44418500,10.48531700,76.44418500,658051.053,1159434.163,108.00,658051.053,1159434.159,1.3,9,658051.754,1159433.198,10.48530800,76.44418800,0.000,-0.837,10.0,-10.0,-0.5,1.8,2047,2047,RTK FIXED
61.681,075030.60,10.48531700,76.44418500,10.48531700,76.44418500,658051.053,1159434.163,108.00,658051.053,1159434.161,-1.1,9,658051.754,1159433.198,10.48530800,76.44418800,0.000,-0.837,10.0,-10.0,0.6,2.2,2047,2047,RTK FIXED
61.736,075030.80,10.48531700,76.44418500,10.48531700,76.44418500,658051.053,1159434.224,108.00,658051.053,1159434.186,-3.5,9,658051.754,1159433.198,10.48530800,76.44418800,0.000,-0.724,10.0,-10.0,0.0,2.3,2047,2047,RTK FIXED
61.781,075030.80,10.48531700,76.44418500,10.48531700,76.44418500,658051.053,1159434.224,108.00,658051.053,1159434.201,-5.6,9,658051.754,1159433.198,10.48530800,76.44418800,0.000,-0.724,10.0,-10.0,0.0,1.7,2047,2047,RTK FIXED
61.835,075030.80,10.48531700,76.44418500,10.48531700,76.44418500,658051.053,1159434.224,108.00,658051.053,1159434.211,-7.6,9,658051.754,1159433.198,10.48530800,76.44418800,0.000,-0.724,10.0,-10.0,-0.5,1.8,2047,2047,RTK FIXED
61.882,075030.80,10.48531700,76.44418500,10.48531700,76.44418500,658051.053,1159434.224,108.00,658051.053,1159434.216,-9.7,9,658051.754,1159433.198,10.48530800,76.44418800,0.000,-0.724,10.0,-10.0,0.5,2.1,2047,2047,RTK FIXED
61.936,075031.00,10.48531700,76.44418500,10.48531700,76.44418500,658051.061,1159434.277,108.00,658051.056,1159434.241,13.9,9,658051.754,1159433.198,10.48530800,76.44418800,0.000,-1.012,10.0,-10.0,-0.5,1.8,2047,2047,RTK FIXED
61.981,075031.00,10.48531700,76.44418500,10.48531700,76.44418500,658051.061,1159434.277,108.00,658051.058,1159434.255,11.0,9,658051.754,1159433.198,10.48530800,76.44418800,0.000,-1.012,10.0,-10.0,0.6,1.7,2047,2047,RTK FIXED
62.036,075031.00,10.48531700,76.44418500,10.48531700,76.44418500,658051.061,1159434.277,108.00,658051.059,1159434.264,8.1,9,658051.754,1159433.198,10.48530800,76.44418800,0.000,-1.012,10.0,-10.0,-0.5,1.4,2047,2047,RTK FIXED
62.082,075031.00,10.48531700,76.44418500,10.48531700,76.44418500,658051.061,1159434.277,108.00,658051.060,1159434.269,5.2,9,658051.754,1159433.198,10.48530800,76.44418800,0.000,-1.012,10.0,-10.0,0.0,1.6,2047,2047,RTK FIXED
62.137,075031.20,10.48531700,76.44418600,10.48531700,76.44418540,658051.161,1159434.187,108.00,658051.100,1159434.237,2.3,9,658051.754,1159433.198,10.48530800,76.44418800,0.000,-0.869,10.0,-10.0,0.5,1.4,2047,2047,RTK FIXED
62.189,075031.20,10.48531700,76.44418600,10.48531700,76.44418564,658051.161,1159434.187,108.00,658051.125,1159434.217,-0.2,9,658051.754,1159433.198,10.48530800,76.44418800,0.000,-0.869,10.0,-10.0,0.0,1.4,2047,2047,RTK FIXED
62.236,075031.20,10.48531700,76.44418600,10.48531700,76.44418578,658051.161,1159434.187,108.00,658051.139,1159434.205,-2.7,9,658051.754,1159433.198,10.48530800,76.44418800,0.000,-0.869,10.0,-10.0,-0.5,1.1,2047,2047,RTK FIXED
62.290,075031.20,10.48531700,76.44418600,10.48531700,76.44418587,658051.161,1159434.187,108.00,658051.148,1159434.198,-5.1,9,658051.754,1159433.198,10.48530800,76.44418800,0.000,-0.869,10.0,-10.0,0.5,0.5,2047,2047,RTK FIXED
62.337,075031.40,10.48531700,76.44418600,10.48531700,76.44418592,658051.166,1159434.252,108.00,658051.155,1159434.219,-7.6,9,658051.754,1159433.198,10.48530800,76.44418800,0.000,-0.752,10.0,-10.0,0.0,0.5,2047,2047,RTK FIXED
62.390,075031.40,10.48531700,76.44418600,10.48531700,76.44418595,658051.166,1159434.252,108.00,658051.159,1159434.232,-9.8,9,658051.754,1159433.198,10.48530800,76.44418800,0.000,-0.752,10.0,-10.0,-0.5,0.5,2047,2047,RTK FIXED
62.437,075031.40,10.48531700,76.44418600,10.48531700,76.44418597,658051.166,1159434.252,108.00,658051.162,1159434.240,-11.9,9,658051.754,1159433.198,10.48530800,76.44418800,0.000,-0.752,10.0,-10.0,0.0,0.0,2047,2047,RTK FIXED
62.490,075031.40,10.48531700,76.44418600,10.48531700,76.44418598,658051.166,1159434.252,108.00,658051.163,1159434.245,-14.1,9,658051.754,1159433.198,10.48530800,76.44418800,0.000,-0.752,10.0,-10.0,0.5,0.0,2047,2047,RTK FIXED
62.537,075031.60,10.48531600,76.44418600,10.48531660,76.44418599,658051.179,1159434.195,108.00,658051.170,1159434.225,-11.0,9,658051.754,1159433.198,10.48530800,76.44418800,0.000,-0.715,10.0,-10.0,-0.5,0.0,2047,2047,RTK FIXED
62.590,075031.60,10.48531600,76.44418600,10.48531636,76.44418599,658051.179,1159434.195,108.00,658051.173,1159434.213,-13.0,9,658051.754,1159433.198,10.48530800,76.44418800,0.000,-0.715,10.0,-10.0,0.5,0.0,2047,2047,RTK FIXED
62.637,075031.60,10.48531600,76.44418600,10.48531622,76.44418600,658051.179,1159434.195,108.00,658051.176,1159434.206,-15.1,9,658051.754,1159433.198,10.48530800,76.44418800,0.000,-0.715,10.0,-10.0,-0.5,0.0,2047,2047,RTK FIXED
62.690,075031.60,10.48531600,76.44418600,10.48531613,76.44418600,658051.179,1159434.195,108.00,658051.177,1159434.201,-17.1,9,658051.754,1159433.198,10.48530800,76.44418800,0.000,-0.715,10.0,-10.0,0.5,0.0,2047,2047,RTK FIXED
62.737,075031.80,10.48531600,76.44418600,10.48531608,76.44418600,658051.185,1159434.213,108.00,658051.180,1159434.206,-19.2,9,658051.754,1159433.198,10.48530800,76.44418800,0.000,-0.607,9.9,-9.9,-0.5,0.0,2033,2033,RTK FIXED
62.791,075031.80,10.48531600,76.44418600,10.48531605,76.44418600,658051.185,1159434.213,108.00,658051.182,1159434.209,-20.9,9,658051.754,1159433.198,10.48530800,76.44418800,0.000,-0.607,9.9,-9.9,0.0,0.0,2033,2033,RTK FIXED
62.845,075031.80,10.48531600,76.44418600,10.48531603,76.44418600,658051.185,1159434.213,108.00,658051.183,1159434.210,-22.7,9,658051.754,1159433.198,10.48530800,76.44418800,0.000,-0.607,9.9,-9.9,0.0,0.0,2033,2033,RTK FIXED
62.890,075031.80,10.48531600,76.44418600,10.48531602,76.44418600,658051.185,1159434.213,108.00,658051.184,1159434.211,-24.4,9,658051.754,1159433.198,10.48530800,76.44418800,0.000,-0.607,9.9,-9.9,0.0,0.0,2033,2033,RTK FIXED
62.945,075032.00,10.48531600,76.44418700,10.48531601,76.44418640,658051.313,1159434.254,108.00,658051.236,1159434.229,-26.1,9,658051.754,1159433.198,10.48530800,76.44418800,0.000,-0.600,9.8,-9.8,0.0,0.0,2011,2011,RTK FIXED
62.991,075032.00,10.48531600,76.44418700,10.48531601,76.44418664,658051.313,1159434.254,108.00,658051.267,1159434.239,-27.9,9,658051.754,1159433.198,10.48530800,76.44418800,0.000,-0.600,9.8,-9.8,0.5,0.0,2011,2011,RTK FIXED
63.045,075032.20,10.48531500,76.44418700,10.48531560,76.44418678,658051.325,1159434.163,108.00,658051.290,1159434.209,-21.9,9,658051.754,1159433.198,10.48530800,76.44418800,0.000,-0.648,10.0,-10.0,-0.5,0.0,2047,2047,RTK FIXED
63.091,075032.20,10.48531500,76.44418700,10.48531536,76.44418687,658051.325,1159434.163,108.00,658051.304,1159434.190,-23.7,9,658051.754,1159433.198,10.48530800,76.44418800,0.000,-0.648,10.0,-10.0,0.0,0.0,2047,2047,RTK FIXED
63.145,075032.20,10.48531500,76.44418700,10.48531522,76.44418692,658051.325,1159434.163,108.00,658051.312,1159434.179,-25.6,9,658051.754,1159433.198,10.48530800,76.44418800,0.000,-0.648,10.0,-10.0,0.0,0.0,2047,2047,RTK FIXED
63.192,075032.20,10.48531500,76.44418700,10.48531513,76.44418695,658051.325,1159434.163,108.00,658051.317,1159434.173,-27.4,9,658051.754,1159433.198,10.48530800,76.44418800,0.000,-0.648,10.0,-10.0,0.5,0.0,2047,2047,RTK FIXED
63.245,075032.20,10.48531500,76.44418700,10.48531508,76.44418697,658051.325,1159434.163,108.00,658051.320,1159434.169,-29.3,9,658051.754,1159433.198,10.48530800,76.44418800,0.000,-0.648,10.0,-10.0,-0.5,0.0,2047,2047,RTK FIXED
63.292,075032.20,10.48531500,76.44418700,10.48531505,76.44418698,658051.325,1159434.163,108.00,658051.322,1159434.167,-31.2,9,658051.754,1159433.198,10.48530800,76.44418800,0.000,-0.648,10.0,-10.0,0.0,0.0,2047,2047,RTK FIXED
63.345,075032.40,10.48531500,76.44418700,10.48531503,76.44418699,658051.337,1159434.182,108.00,658051.328,1159434.173,-33.0,9,658051.754,1159433.198,10.48530800,76.44418800,0.000,-0.600,9.8,-9.8,0.5,0.0,2011,2011,RTK FIXED
63.398,075032.40,10.48531500,76.44418700,10.48531502,76.44418699,658051.337,1159434.182,108.00,658051.331,1159434.176,-34.7,9,658051.754,1159433.198,10.48530800,76.44418800,0.000,-0.600,9.8,-9.8,0.0,0.0,2011,2011,RTK FIXED
63.445,075032.40,10.48531500,76.44418700,10.48531501,76.44418700,658051.337,1159434.182,108.00,658051.333,1159434.178,-36.4,9,658051.754,1159433.198,10.48530800,76.44418800,0.000,-0.600,9.8,-9.8,-0.5,0.0,2011,2011,RTK FIXED
63.499,075032.40,10.48531500,76.44418700,10.48531501,76.44418700,658051.337,1159434.182,108.00,658051.335,1159434.180,-38.2,9,658051.754,1159433.198,10.48530800,76.44418800,0.000,-0.600,9.8,-9.8,0.5,0.0,2011,2011,RTK FIXED
63.545,075032.60,10.48531500,76.44418700,10.48531500,76.44418700,658051.364,1159434.217,108.00,658051.346,1159434.195,-39.9,9,658051.754,1159433.198,10.48530800,76.44418800,0.000,-0.600,9.8,-9.8,-0.5,0.0,2011,2011,RTK FIXED
63.599,075032.60,10.48531500,76.44418700,10.48531500,76.44418700,658051.364,1159434.217,108.00,658051.353,1159434.203,-41.6,9,658051.754,1159433.198,10.48530800,76.44418800,0.000,-0.600,9.8,-9.8,0.5,0.0,2011,2011,RTK FIXED
63.645,075032.60,10.48531500,76.44418700,10.48531500,76.44418700,658051.364,1159434.217,108.00,658051.358,1159434.209,-43.3,9,658051.754,1159433.198,10.48530800,76.44418800,0.000,-0.600,9.8,-9.8,-0.5,0.0,2011,2011,RTK FIXED
63.700,075032.60,10.48531500,76.44418700,10.48531500,76.44418700,658051.364,1159434.217,108.00,658051.360,1159434.212,-45.0,9,658051.754,1159433.198,10.48530800,76.44418800,0.000,-0.600,9.8,-9.8,0.5,0.0,2011,2011,RTK FIXED
63.746,075032.80,10.48531400,76.44418700,10.48531460,76.44418700,658051.396,1159434.138,108.00,658051.374,1159434.182,-37.6,9,658051.754,1159433.198,10.48530800,76.44418800,0.000,-0.600,9.8,-9.8,0.0,0.0,2011,2011,RTK FIXED
63.800,075032.80,10.48531400,76.44418700,10.48531436,76.44418700,658051.396,1159434.138,108.00,658051.383,1159434.164,-39.3,9,658051.754,1159433.198,10.48530800,76.44418800,0.000,-0.600,9.8,-9.8,-0.5,0.0,2011,2011,RTK FIXED
63.845,075032.80,10.48531400,76.44418700,10.48531422,76.44418700,658051.396,1159434.138,108.00,658051.388,1159434.154,-41.0,9,658051.754,1159433.198,10.48530800,76.44418800,0.000,-0.600,9.8,-9.8,0.0,0.0,2011,2011,RTK FIXED
63.900,075032.80,10.48531400,76.44418700,10.48531413,76.44418700,658051.396,1159434.138,108.00,658051.391,1159434.147,-42.7,9,658051.754,1159433.198,10.48530800,76.44418800,0.000,-0.600,9.8,-9.8,0.0,0.0,2011,2011,RTK FIXED
63.954,075033.00,10.48531400,76.44418700,10.48531408,76.44418700,658051.385,1159434.127,108.00,658051.389,1159434.139,-44.5,9,658051.754,1159433.198,10.48530800,76.44418800,0.000,-0.600,9.8,-9.8,0.5,0.0,2011,2011,RTK FIXED
64.000,075033.00,10.48531400,76.44418700,10.48531405,76.44418700,658051.385,1159434.127,108.00,658051.387,1159434.135,-46.2,9,658051.754,1159433.198,10.48530800,76.44418800,0.000,-0.600,9.8,-9.8,-0.5,0.0,2011,2011,RTK FIXED
64.053,075033.00,10.48531400,76.44418700,10.48531403,76.44418700,658051.385,1159434.127,108.00,658051.386,1159434.132,-47.9,9,658051.754,1159433.198,10.48530800,76.44418800,0.000,-0.600,9.8,-9.8,0.5,0.0,2011,2011,RTK FIXED
64.100,075033.00,10.48531400,76.44418700,10.48531402,76.44418700,658051.385,1159434.127,108.00,658051.386,1159434.130,-49.6,9,658051.754,1159433.198,10.48530800,76.44418800,0.000,-0.600,9.8,-9.8,0.0,0.0,2011,2011,RTK FIXED
64.154,075033.20,10.48531400,76.44418700,10.48531401,76.44418700,658051.419,1159434.156,108.00,658051.399,1159434.140,-51.3,9,658051.754,1159433.198,10.48530800,76.44418800,0.000,-0.600,9.8,-9.8,0.0,0.0,2011,2011,RTK FIXED
64.200,075033.20,10.48531400,76.44418700,10.48531401,76.44418700,658051.419,1159434.156,108.00,658051.407,1159434.147,-53.0,9,658051.754,1159433.198,10.48530800,76.44418800,0.000,-0.600,9.8,-9.8,0.0,0.0,2011,2011,RTK FIXED
64.253,075033.20,10.48531400,76.44418700,10.48531400,76.44418700,658051.419,1159434.156,108.00,658051.411,1159434.151,-54.8,9,658051.754,1159433.198,10.48530800,76.44418800,0.000,-0.600,9.8,-9.8,-0.5,0.0,2011,2011,RTK FIXED
64.300,075033.20,10.48531400,76.44418700,10.48531400,76.44418700,658051.419,1159434.156,108.00,658051.414,1159434.153,-56.5,9,658051.754,1159433.198,10.48530800,76.44418800,0.000,-0.600,9.8,-9.8,0.5,0.0,2011,2011,RTK FIXED
64.354,075033.40,10.48531300,76.44418700,10.48531360,76.44418700,658051.456,1159434.070,108.00,658051.431,1159434.120,-53.0,9,658051.754,1159433.198,10.48530800,76.44418800,0.000,-0.600,9.8,-9.8,0.0,0.0,2011,2011,RTK FIXED
64.400,075033.40,10.48531300,76.44418700,10.48531336,76.44418700,658051.456,1159434.070,108.00,658051.441,1159434.100,-54.7,9,658051.754,1159433.198,10.48530800,76.44418800,0.000,-0.600,9.8,-9.8,0.0,0.0,2011,2011,RTK FIXED
64.453,075033.40,10.48531300,76.44418700,10.48531322,76.44418700,658051.456,1159434.070,108.00,658051.447,1159434.088,-56.5,9,658051.754,1159433.198,10.48530800,76.44418800,0.000,-0.600,9.8,-9.8,-0.5,0.0,2011,2011,RTK FIXED
64.508,075033.40,10.48531300,76.44418700,10.48531313,76.44418700,658051.456,1159434.070,108.00,658051.451,1159434.081,-58.2,9,658051.754,1159433.198,10.48530800,76.44418800,0.000,-0.600,9.8,-9.8,0.0,0.0,2011,2011,RTK FIXED
64.554,075033.60,10.48531300,76.44418700,10.48531308,76.44418700,658051.465,1159434.076,108.00,658051.457,1159434.079,-59.9,9,658051.754,1159433.198,10.48530800,76.44418800,0.000,-0.600,9.8,-9.8,0.0,0.0,2011,2011,RTK FIXED
64.608,075033.60,10.48531300,76.44418700,10.48531305,76.44418700,658051.465,1159434.076,108.00,658051.460,1159434.078,-61.6,9,658051.754,1159433.198,10.48530800,76.44418800,0.000,-0.600,9.8,-9.8,0.0,0.0,2011,2011,RTK FIXED
64.654,075033.60,10.48531300,76.44418700,10.48531303,76.44418700,658051.465,1159434.076,108.00,658051.462,1159434.077,-63.3,9,658051.754,1159433.198,10.48530800,76.44418800,0.000,-0.600,9.8,-9.8,0.0,0.0,2011,2011,RTK FIXED
64.708,075033.60,10.48531300,76.44418700,10.48531302,76.44418700,658051.465,1159434.076,108.00,658051.464,1159434.076,-65.0,9,658051.754,1159433.198,10.48530800,76.44418800,0.000,-0.600,9.8,-9.8,0.5,0.0,2011,2011,RTK FIXED
64.754,075033.80,10.48531200,76.44418700,10.48531261,76.44418700,658051.506,1159433.984,108.00,658051.481,1159434.039,-62.8,9,658051.754,1159433.198,10.48530800,76.44418800,0.000,-0.600,9.8,-9.8,-0.5,0.0,2011,2011,RTK FIXED
64.809,075033.80,10.48531200,76.44418700,10.48531237,76.44418700,658051.506,1159433.984,108.00,658051.491,1159434.017,-64.5,9,658051.754,1159433.198,10.48530800,76.44418800,0.000,-0.600,9.8,-9.8,0.5,0.0,2011,2011,RTK FIXED
64.854,075033.80,10.48531200,76.44418700,10.48531222,76.44418700,658051.506,1159433.984,108.00,658051.497,1159434.004,-66.2,9,658051.754,1159433.198,10.48530800,76.44418800,0.000,-0.600,9.8,-9.8,0.0,0.0,2011,2011,RTK FIXED
64.909,075033.80,10.48531200,76.44418700,10.48531213,76.44418700,658051.506,1159433.984,108.00,658051.501,1159433.996,-67.9,9,658051.754,1159433.198,10.48530800,76.44418800,0.000,-0.600,9.8,-9.8,0.0,0.0,2011,2011,RTK FIXED
65.118,075034.00,10.48531200,76.44418600,10.48531208,76.44418660,658051.414,1159433.990,108.00,658051.466,1159433.993,-69.7,9,658051.754,1159433.198,10.48530800,76.44418800,0.366,-0.007,10.0,9.9,0.0,0.0,450,450,RTK FIXED
65.155,075034.20,10.48531200,76.44418600,10.48531205,76.44418636,658051.414,1159433.990,108.00,658051.445,1159433.992,-69.7,9,658051.754,1159433.198,10.48530800,76.44418800,0.366,0.004,9.9,10.0,0.0,0.0,900,900,RTK FIXED
65.201,075034.20,10.48531200,76.44418600,10.48531203,76.44418622,658051.414,1159433.990,108.00,658051.433,1159433.991,-69.7,9,658051.754,1159433.198,10.48530800,76.44418800,0.366,0.004,9.9,10.0,-0.5,0.0,1350,1350,RTK FIXED
65.255,075034.20,10.48531200,76.44418600,10.48531202,76.44418613,658051.414,1159433.990,108.00,658051.425,1159433.991,-69.7,9,658051.754,1159433.198,10.48530800,76.44418800,0.366,0.004,9.9,10.0,0.0,0.0,1800,1800,RTK FIXED
65.301,075034.20,10.48531200,76.44418600,10.48531201,76.44418608,658051.414,1159433.990,108.00,658051.421,1159433.990,-69.7,9,658051.754,1159433.198,10.48530800,76.44418800,0.366,0.004,9.9,10.0,0.5,0.0,2035,2047,RTK FIXED
65.355,075034.40,10.48531100,76.44418600,10.48531161,76.44418605,658051.415,1159433.879,107.90,658051.419,1159433.946,-82.3,9,658051.754,1159433.198,10.48530800,76.44418800,0.353,0.135,7.9,10.0,0.0,0.0,1627,2047,RTK FIXED
65.401,075034.40,10.48531100,76.44418600,10.48531136,76.44418603,658051.415,1159433.879,107.90,658051.417,1159433.919,-82.3,9,658051.754,1159433.198,10.48530800,76.44418800,0.353,0.135,7.9,10.0,0.0,0.0,1627,2047,RTK FIXED
65.454,075034.40,10.48531100,76.44418600,10.48531122,76.44418602,658051.415,1159433.879,107.90,658051.416,1159433.903,-82.3,9,658051.754,1159433.198,10.48530800,76.44418800,0.353,0.135,7.9,10.0,-0.5,0.5,1627,2047,RTK FIXED
65.500,075034.40,10.48531100,76.44418600,10.48531113,76.44418601,658051.415,1159433.879,107.90,658051.416,1159433.894,-82.3,9,658051.754,1159433.198,10.48530800,76.44418800,0.353,0.135,7.9,10.0,0.0,1.1,1627,2047,RTK FIXED
65.554,075034.60,10.48531100,76.44418600,10.48531108,76.44418601,658051.494,1159433.897,107.90,658051.447,1159433.895,-82.3,9,658051.754,1159433.198,10.48530800,76.44418800,0.354,0.128,8.0,10.0,0.0,1.4,1645,2047,RTK FIXED
65.609,075034.60,10.48531100,76.44418600,10.48531105,76.44418600,658051.494,1159433.897,107.90,658051.466,1159433.896,-82.3,9,658051.754,1159433.198,10.48530800,76.44418800,0.354,0.128,8.0,10.0,0.5,2.3,1645,2047,RTK FIXED
65.656,075034.60,10.48531100,76.44418600,10.48531103,76.44418600,658051.494,1159433.897,107.90,658051.477,1159433.896,-82.3,9,658051.754,1159433.198,10.48530800,76.44418800,0.354,0.128,8.0,10.0,-0.5,2.7,1645,2047,RTK FIXED
65.709,075034.60,10.48531100,76.44418600,10.48531102,76.44418600,658051.494,1159433.897,107.90,658051.484,1159433.896,-82.3,9,658051.754,1159433.198,10.48530800,76.44418800,0.354,0.128,8.0,10.0,0.0,2.8,1645,2047,RTK FIXED
65.756,075034.80,10.48531100,76.44418600,10.48531101,76.44418600,658051.494,1159433.897,107.90,658051.488,1159433.897,-82.3,9,658051.754,1159433.198,10.48530800,76.44418800,0.355,0.125,8.1,10.0,0.5,2.1,1656,2047,RTK FIXED
65.809,075034.80,10.48531100,76.44418600,10.48531101,76.44418600,658051.494,1159433.897,107.90,658051.491,1159433.897,-82.3,9,658051.754,1159433.198,10.48530800,76.44418800,0.355,0.125,8.1,10.0,0.0,2.8,1656,2047,RTK FIXED
65.855,075034.80,10.48531100,76.44418600,10.48531100,76.44418600,658051.494,1159433.897,107.90,658051.492,1159433.897,-82.3,9,658051.754,1159433.198,10.48530800,76.44418800,0.355,0.125,8.1,10.0,-0.5,2.7,1656,2047,RTK FIXED
65.909,075034.80,10.48531100,76.44418600,10.48531100,76.44418600,658051.494,1159433.897,107.90,658051.493,1159433.897,-82.3,9,658051.754,1159433.198,10.48530800,76.44418800,0.355,0.125,8.1,10.0,0.0,4.2,1656,2047,RTK FIXED
65.956,075035.00,10.48531100,76.44418600,10.48531100,76.44418600,658051.494,1159433.897,107.90,658051.493,1159433.897,-82.3,9,658051.754,1159433.198,10.48530800,76.44418800,0.355,0.123,8.1,10.0,0.5,4.8,1663,2047,RTK FIXED
66.009,075035.00,10.48531100,76.44418600,10.48531100,76.44418600,658051.494,1159433.897,107.90,658051.494,1159433.897,-82.3,9,658051.754,1159433.198,10.48530800,76.44418800,0.355,0.123,8.1,10.0,0.0,5.6,1663,2047,RTK FIXED
66.056,075035.00,10.48531100,76.44418600,10.48531100,76.44418600,658051.494,1159433.897,107.90,658051.494,1159433.897,-82.3,9,658051.754,1159433.198,10.48530800,76.44418800,0.355,0.123,8.1,10.0,0.0,5.4,1663,2047,RTK FIXED
66.110,075035.20,10.48531100,76.44418600,10.48531100,76.44418600,658051.494,1159433.897,107.90,658051.494,1159433.897,-70.3,9,658051.754,1159433.198,10.48530800,76.44418800,0.366,0.017,9.7,10.0,0.0,6.5,1992,2047,RTK FIXED
66.163,075035.20,10.48531100,76.44418600,10.48531100,76.44418600,658051.494,1159433.897,107.90,658051.494,1159433.897,-70.3,9,658051.754,1159433.198,10.48530800,76.44418800,0.366,0.017,9.7,10.0,-0.5,8.4,1992,2047,RTK FIXED
66.209,075035.20,10.48531100,76.44418600,10.48531100,76.44418600,658051.494,1159433.897,107.90,658051.494,1159433.897,-70.3,9,658051.754,1159433.198,10.48530800,76.44418800,0.366,0.017,9.7,10.0,0.0,9.2,1992,2047,RTK FIXED
66.265,075035.20,10.48531100,76.44418600,10.48531100,76.44418600,658051.494,1159433.897,107.90,658051.494,1159433.897,-70.3,9,658051.754,1159433.198,10.48530800,76.44418800,0.366,0.017,9.7,10.0,0.0,10.1,1992,2047,RTK FIXED
66.309,075035.20,10.48531100,76.44418600,10.48531100,76.44418600,658051.494,1159433.897,107.90,658051.494,1159433.897,-70.3,9,658051.754,1159433.198,10.48530800,76.44418800,0.366,0.017,9.7,10.0,0.0,10.9,1992,2047,RTK FIXED
66.364,075035.40,10.48531100,76.44418600,10.48531100,76.44418600,658051.419,1159433.881,107.90,658051.464,1159433.890,-70.3,9,658051.754,1159433.198,10.48530800,76.44418800,0.365,0.034,9.5,10.0,0.5,12.8,1937,2047,RTK FIXED
66.409,075035.40,10.48531100,76.44418600,10.48531100,76.44418600,658051.419,1159433.881,107.90,658051.446,1159433.886,-70.3,9,658051.754,1159433.198,10.48530800,76.44418800,0.365,0.034,9.5,10.0,0.0,13.2,1937,2047,RTK FIXED
66.464,075035.40,10.48531100,76.44418600,10.48531100,76.44418600,658051.419,1159433.881,107.90,658051.435,1159433.884,-70.3,9,658051.754,1159433.198,10.48530800,76.44418800,0.365,0.034,9.5,10.0,0.0,13.8,1937,2047,RTK FIXED
66.509,075035.40,10.48531100,76.44418600,10.48531100,76.44418600,658051.419,1159433.881,107.90,658051.428,1159433.883,-70.3,9,658051.754,1159433.198,10.48530800,76.44418800,0.365,0.034,9.5,10.0,0.0,14.9,1937,2047,RTK FIXED
66.564,075035.60,10.48531100,76.44418600,10.48531100,76.44418600,658051.419,1159433.881,107.90,658051.425,1159433.882,-70.3,9,658051.754,1159433.198,10.48530800,76.44418800,0.365,0.044,9.3,10.0,-0.5,15.9,1905,2047,RTK FIXED
66.609,075035.60,10.48531100,76.44418600,10.48531100,76.44418600,658051.419,1159433.881,107.90,658051.422,1159433.881,-70.3,9,658051.754,1159433.198,10.48530800,76.44418800,0.365,0.044,9.3,10.0,0.0,16.1,1905,2047,RTK FIXED
66.664,075035.60,10.48531100,76.44418600,10.48531100,76.44418600,658051.419,1159433.881,107.90,658051.421,1159433.881,-70.3,9,658051.754,1159433.198,10.48530800,76.44418800,0.365,0.044,9.3,10.0,0.5,17.0,1905,2047,RTK FIXED
66.718,075035.80,10.48531000,76.44418600,10.48531060,76.44418600,658051.419,1159433.770,107.90,658051.420,1159433.837,-88.0,9,658051.754,1159433.198,10.48530800,76.44418800,0.332,0.218,6.7,10.0,0.0,18.0,1455,2047,RTK FIXED
66.764,075035.80,10.48531000,76.44418600,10.48531036,76.44418600,658051.419,1159433.770,107.90,658051.420,1159433.810,-88.0,9,658051.754,1159433.198,10.48530800,76.44418800,0.332,0.218,6.7,10.0,0.0,18.0,1372,2047,RTK FIXED
66.817,075035.80,10.48531000,76.44418600,10.48531022,76.44418600,658051.419,1159433.770,107.90,658051.420,1159433.794,-88.0,9,658051.754,1159433.198,10.48530800,76.44418800,0.332,0.218,6.7,10.0,0.0,17.3,1372,2047,RTK FIXED
66.863,075035.80,10.48531000,76.44418600,10.48531013,76.44418600,658051.419,1159433.770,107.90,658051.419,1159433.784,-88.0,9,658051.754,1159433.198,10.48530800,76.44418800,0.332,0.218,6.7,10.0,-0.5,17.9,1372,2047,RTK FIXED
66.918,075035.80,10.48531000,76.44418600,10.48531008,76.44418600,658051.419,1159433.770,107.90,658051.419,1159433.779,-88.0,9,658051.754,1159433.198,10.48530800,76.44418800,0.332,0.218,6.7,10.0,0.5,17.9,1372,2047,RTK FIXED
66.964,075036.00,10.48531000,76.44418600,10.48531005,76.44418600,658051.532,1159433.788,107.90,658051.464,1159433.782,-88.0,9,658051.754,1159433.198,10.48530800,76.44418800,0.336,0.205,6.9,10.0,0.0,17.7,1412,2047,RTK FIXED
67.017,075036.00,10.48531000,76.44418600,10.48531003,76.44418600,658051.532,1159433.788,107.90,658051.491,1159433.785,-88.0,9,658051.754,1159433.198,10.48530800,76.44418800,0.336,0.205,6.9,10.0,-0.5,17.0,1412,2047,RTK FIXED
67.064,075036.00,10.48531000,76.44418600,10.48531002,76.44418600,658051.532,1159433.788,107.90,658051.507,1159433.786,-88.0,9,658051.754,1159433.198,10.48530800,76.44418800,0.336,0.205,6.9,10.0,0.0,17.6,1412,2047,RTK FIXED
67.118,075036.20,10.48531000,76.44418600,10.48531001,76.44418600,658051.532,1159433.788,107.90,658051.517,1159433.787,-88.0,9,658051.754,1159433.198,10.48530800,76.44418800,0.338,0.197,7.0,10.0,0.0,17.5,1437,2047,RTK FIXED
67.164,075036.20,10.48531000,76.44418600,10.48531001,76.44418600,658051.532,1159433.788,107.90,658051.523,1159433.788,-88.0,9,658051.754,1159433.198,10.48530800,76.44418800,0.338,0.197,7.0,10.0,0.0,17.4,1437,2047,RTK FIXED
67.218,075036.20,10.48531000,76.44418600,10.48531000,76.44418600,658051.532,1159433.788,107.90,658051.526,1159433.788,-88.0,9,658051.754,1159433.198,10.48530800,76.44418800,0.338,0.197,7.0,10.0,0.0,17.3,1437,2047,RTK FIXED
67.272,075036.20,10.48531000,76.44418600,10.48531000,76.44418600,658051.532,1159433.788,107.90,658051.529,1159433.788,-88.0,9,658051.754,1159433.198,10.48530800,76.44418800,0.338,0.197,7.0,10.0,0.5,17.6,1437,2047,RTK FIXED
67.318,075036.40,10.48530900,76.44418600,10.48530960,76.44418600,658051.532,1159433.678,107.90,658051.530,1159433.744,-76.0,9,658051.754,1159433.198,10.48530800,76.44418800,0.358,0.102,8.4,10.0,0.0,17.2,1726,2047,RTK FIXED
67.372,075036.40,10.48530900,76.44418600,10.48530936,76.44418600,658051.532,1159433.678,107.90,658051.531,1159433.717,-76.0,9,658051.754,1159433.198,10.48530800,76.44418800,0.358,0.102,8.4,10.0,0.0,17.2,1726,2047,RTK FIXED
67.417,075036.40,10.48530900,76.44418600,10.48530922,76.44418600,658051.532,1159433.678,107.90,658051.531,1159433.702,-76.0,9,658051.754,1159433.198,10.48530800,76.44418800,0.358,0.102,8.4,10.0,-0.6,17.6,1726,2047,RTK FIXED
67.472,075036.40,10.48530900,76.44418600,10.48530913,76.44418600,658051.532,1159433.678,107.90,658051.532,1159433.692,-76.0,9,658051.754,1159433.198,10.48530800,76.44418800,0.358,0.102,8.4,10.0,0.5,17.0,1726,2047,RTK FIXED
67.519,075036.60,10.48530900,76.44418600,10.48530908,76.44418600,658051.455,1159433.669,107.90,658051.501,1159433.683,-76.0,9,658051.754,1159433.198,10.48530800,76.44418800,0.355,0.125,8.1,10.0,-0.5,17.1,1656,2047,RTK FIXED
67.572,075036.60,10.48530900,76.44418600,10.48530905,76.44418600,658051.455,1159433.669,107.90,658051.483,1159433.677,-76.0,9,658051.754,1159433.198,10.48530800,76.44418800,0.355,0.125,8.1,10.0,0.0,17.0,1656,2047,RTK FIXED
67.618,075036.60,10.48530900,76.44418600,10.48530903,76.44418600,658051.455,1159433.669,107.90,658051.472,1159433.674,-76.0,9,658051.754,1159433.198,10.48530800,76.44418800,0.355,0.125,8.1,10.0,0.0,17.9,1656,2047,RTK FIXED
67.673,075036.60,10.48530900,76.44418600,10.48530902,76.44418600,658051.455,1159433.669,107.90,658051.465,1159433.672,-76.0,9,658051.754,1159433.198,10.48530800,76.44418800,0.355,0.125,8.1,10.0,0.0,17.4,1656,2047,RTK FIXED
67.719,075036.80,10.48530900,76.44418600,10.48530901,76.44418600,658051.455,1159433.669,107.90,658051.461,1159433.671,-76.0,9,658051.754,1159433.198,10.48530800,76.44418800,0.352,0.139,7.9,10.0,0.0,17.2,1614,2047,RTK FIXED
67.772,075036.80,10.48530900,76.44418600,10.48530901,76.44418600,658051.455,1159433.669,107.90,658051.459,1159433.670,-76.0,9,658051.754,1159433.198,10.48530800,76.44418800,0.352,0.139,7.9,10.0,0.0,17.3,1614,2047,RTK FIXED
67.818,075036.80,10.48530900,76.44418600,10.48530900,76.44418600,658051.455,1159433.669,107.90,658051.457,1159433.670,-76.0,9,658051.754,1159433.198,10.48530800,76.44418800,0.352,0.139,7.9,10.0,0.5,17.5,1614,2047,RTK FIXED
67.873,075036.80,10.48530900,76.44418600,10.48530900,76.44418600,658051.455,1159433.669,107.90,658051.457,1159433.669,-76.0,9,658051.754,1159433.198,10.48530800,76.44418800,0.352,0.139,7.9,10.0,0.0,17.4,1614,2047,RTK FIXED
67.927,075037.00,10.48530800,76.44418600,10.48530860,76.44418600,658051.456,1159433.558,107.90,658051.456,1159433.625,-86.5,9,658051.754,1159433.198,10.48530800,76.44418800,0.332,0.218,6.7,10.0,0.0,17.6,1372,2047,RTK FIXED
67.973,075037.00,10.48530800,76.44418600,10.48530836,76.44418600,658051.456,1159433.558,107.90,658051.456,1159433.598,-86.5,9,658051.754,1159433.198,10.48530800,76.44418800,0.332,0.218,6.7,10.0,-0.5,17.4,1372,2047,RTK FIXED
68.026,075037.20,10.48530800,76.44418600,10.48530822,76.44418600,658051.523,1159433.567,107.90,658051.483,1159433.586,-86.5,9,658051.754,1159433.198,10.48530800,76.44418800,0.332,0.218,6.7,10.0,0.5,17.7,1372,2047,RTK FIXED
68.073,075037.20,10.48530800,76.44418600,10.48530813,76.44418600,658051.523,1159433.567,107.90,658051.499,1159433.578,-86.5,9,658051.754,1159433.198,10.48530800,76.44418800,0.332,0.218,6.7,10.0,-0.5,17.6,1372,2047,RTK FIXED
68.127,075037.20,10.48530800,76.44418600,10.48530808,76.44418600,658051.523,1159433.567,107.90,658051.509,1159433.574,-86.5,9,658051.754,1159433.198,10.48530800,76.44418800,0.332,0.218,6.7,10.0,0.0,17.3,1372,2047,RTK FIXED
68.173,075037.20,10.48530800,76.44418600,10.48530805,76.44418600,658051.523,1159433.567,107.90,658051.514,1159433.571,-86.5,9,658051.754,1159433.198,10.48530800,76.44418800,0.332,0.218,6.7,10.0,0.0,17.3,1372,2047,RTK FIXED
68.227,075037.20,10.48530800,76.44418600,10.48530803,76.44418600,658051.523,1159433.567,107.90,658051.518,1159433.569,-86.5,9,658051.754,1159433.198,10.48530800,76.44418800,0.332,0.218,6.7,10.0,0.5,17.2,1372,2047,RTK FIXED
68.273,075037.20,10.48530800,76.44418600,10.48530802,76.44418600,658051.523,1159433.567,107.90,658051.520,1159433.568,-86.5,9,658051.754,1159433.198,10.48530800,76.44418800,0.332,0.218,6.7,10.0,-0.5,17.8,1372,2047,RTK FIXED
68.327,075037.40,10.48530800,76.44418600,10.48530801,76.44418600,658051.523,1159433.567,107.90,658051.521,1159433.568,-86.5,9,658051.754,1159433.198,10.48530800,76.44418800,0.332,0.218,6.7,10.0,0.0,17.4,1372,2047,RTK FIXED
68.373,075037.40,10.48530800,76.44418600,10.48530801,76.44418600,658051.523,1159433.567,107.90,658051.522,1159433.567,-86.5,9,658051.754,1159433.198,10.48530800,76.44418800,0.332,0.218,6.7,10.0,0.5,17.5,1372,2047,RTK FIXED
68.427,075037.40,10.48530800,76.44418600,10.48530800,76.44418600,658051.523,1159433.567,107.90,658051.522,1159433.567,-86.5,9,658051.754,1159433.198,10.48530800,76.44418800,0.332,0.218,6.7,10.0,-0.5,17.6,1372,2047,RTK FIXED
68.481,075037.40,10.48530800,76.44418600,10.48530800,76.44418600,658051.523,1159433.567,107.90,658051.523,1159433.567,-86.5,9,658051.754,1159433.198,10.48530800,76.44418800,0.332,0.218,6.7,10.0,0.0,17.6,1372,2047,RTK FIXED
68.528,075037.60,10.48530700,76.44418600,10.48530760,76.44418600,658051.524,1159433.456,107.90,658051.523,1159433.523,-80.7,9,658051.754,1159433.198,10.48530800,76.44418800,0.305,0.214,6.5,10.0,0.0,17.6,1335,2047,RTK FIXED
68.581,075037.60,10.48530700,76.44418600,10.48530736,76.44418600,658051.524,1159433.456,107.90,658051.523,1159433.496,-80.7,9,658051.754,1159433.198,10.48530800,76.44418800,0.305,0.214,6.5,10.0,0.5,18.3,1335,2047,RTK FIXED
68.627,075037.60,10.48530700,76.44418600,10.48530722,76.44418600,658051.524,1159433.456,107.90,658051.523,1159433.480,-80.7,9,658051.754,1159433.198,10.48530800,76.44418800,0.305,0.214,6.5,10.0,0.0,17.3,1335,2047,RTK FIXED
68.681,075037.60,10.48530700,76.44418600,10.48530713,76.44418600,658051.524,1159433.456,107.90,658051.523,1159433.471,-80.7,9,658051.754,1159433.198,10.48530800,76.44418800,0.305,0.214,6.5,10.0,-0.5,18.1,1335,2047,RTK FIXED
68.730,075037.80,10.48530700,76.44418700,10.48530708,76.44418640,658051.596,1159433.454,107.90,658051.552,1159433.464,-80.7,10,658052.306,1159432.316,10.48530000,76.44419300,0.336,0.205,6.9,10.0,0.5,17.3,1414,2047,RTK FIXED
68.781,075037.80,10.48530700,76.44418700,10.48530705,76.44418664,658051.596,1159433.454,107.90,658051.570,1159433.460,-80.7,10,658052.306,1159432.316,10.48530000,76.44419300,0.336,0.205,6.9,10.0,0.0,18.0,1414,2047,RTK FIXED
68.828,075037.80,10.48530700,76.44418700,10.48530703,76.44418678,658051.596,1159433.454,107.90,658051.580,1159433.457,-80.7,10,658052.306,1159432.316,10.48530000,76.44419300,0.336,0.205,6.9,10.0,-0.5,17.9,1414,2047,RTK FIXED
68.881,075037.80,10.48530700,76.44418700,10.48530702,76.44418687,658051.596,1159433.454,107.90,658051.586,1159433.456,-80.7,10,658052.306,1159432.316,10.48530000,76.44419300,0.336,0.205,6.9,10.0,0.5,17.7,1414,2047,RTK FIXED
68.928,075037.80,10.48530700,76.44418700,10.48530701,76.44418692,658051.596,1159433.454,107.90,658051.590,1159433.455,-80.7,10,658052.306,1159432.316,10.48530000,76.44419300,0.336,0.205,6.9,10.0,-0.5,17.8,1414,2047,RTK FIXED
68.982,075038.00,10.48530700,76.44418700,10.48530701,76.44418695,658051.596,1159433.454,107.90,658051.592,1159433.455,-80.7,10,658052.306,1159432.316,10.48530000,76.44419300,0.336,0.202,6.9,10.0,0.5,18.5,1422,2047,RTK FIXED
69.027,075038.00,10.48530700,76.44418700,10.48530700,76.44418697,658051.596,1159433.454,107.90,658051.594,1159433.454,-80.7,10,658052.306,1159432.316,10.48530000,76.44419300,0.336,0.202,6.9,10.0,0.0,18.1,1422,2047,RTK FIXED
69.081,075038.00,10.48530700,76.44418700,10.48530700,76.44418698,658051.596,1159433.454,107.90,658051.595,1159433.454,-80.7,10,658052.306,1159432.316,10.48530000,76.44419300,0.336,0.202,6.9,10.0,-0.5,18.0,1422,2047,RTK FIXED
69.136,075038.20,10.48530700,76.44418700,10.48530700,76.44418699,658051.596,1159433.454,107.90,658051.595,1159433.454,-70.1,10,658052.306,1159432.316,10.48530000,76.44419300,0.358,0.108,8.3,10.0,0.5,17.9,1707,2047,RTK FIXED
69.181,075038.20,10.48530700,76.44418700,10.48530700,76.44418699,658051.596,1159433.454,107.90,658051.595,1159433.454,-70.1,10,658052.306,1159432.316,10.48530000,76.44419300,0.358,0.108,8.3,10.0,0.0,18.3,1707,2047,RTK FIXED
69.236,075038.20,10.48530700,76.44418700,10.48530700,76.44418700,658051.596,1159433.454,107.90,658051.595,1159433.454,-70.1,10,658052.306,1159432.316,10.48530000,76.44419300,0.358,0.108,8.3,10.0,-0.5,18.2,1707,2047,RTK FIXED
69.281,075038.20,10.48530700,76.44418700,10.48530700,76.44418700,658051.596,1159433.454,107.90,658051.596,1159433.454,-70.1,10,658052.306,1159432.316,10.48530000,76.44419300,0.358,0.108,8.3,10.0,0.0,18.2,1707,2047,RTK FIXED
69.336,075038.40,10.48530700,76.44418700,10.48530700,76.44418700,658051.529,1159433.438,107.90,658051.569,1159433.448,-70.1,10,658052.306,1159432.316,10.48530000,76.44419300,0.356,0.118,8.2,10.0,0.0,18.7,1675,2047,RTK FIXED
69.382,075038.40,10.48530700,76.44418700,10.48530700,76.44418700,658051.529,1159433.438,107.90,658051.553,1159433.444,-70.1,10,658052.306,1159432.316,10.48530000,76.44419300,0.356,0.118,8.2,10.0,0.5,18.0,1675,2047,RTK FIXED
69.436,075038.40,10.48530700,76.44418700,10.48530700,76.44418700,658051.529,1159433.438,107.90,658051.543,1159433.442,-70.1,10,658052.306,1159432.316,10.48530000,76.44419300,0.356,0.118,8.2,10.0,-0.5,18.1,1675,2047,RTK FIXED
69.482,075038.40,10.48530700,76.44418700,10.48530700,76.44418700,658051.529,1159433.438,107.90,658051.538,1159433.440,-70.1,10,658052.306,1159432.316,10.48530000,76.44419300,0.356,0.118,8.2,10.0,0.0,18.5,1675,2047,RTK FIXED
69.536,075038.60,10.48530600,76.44418700,10.48530660,76.44418700,658051.530,1159433.328,107.90,658051.534,1159433.395,-70.1,10,658052.306,1159432.316,10.48530000,76.44419300,0.353,0.136,7.9,10.0,0.5,18.3,1622,2047,RTK FIXED
69.585,075038.60,10.48530600,76.44418700,10.48530636,76.44418700,658051.530,1159433.328,107.90,658051.532,1159433.368,-70.1,10,658052.306,1159432.316,10.48530000,76.44419300,0.353,0.136,7.9,10.0,-0.5,18.4,1622,2047,RTK FIXED
69.636,075038.60,10.48530600,76.44418700,10.48530622,76.44418700,658051.530,1159433.328,107.90,658051.531,1159433.352,-70.1,10,658052.306,1159432.316,10.48530000,76.44419300,0.353,0.136,7.9,10.0,0.0,19.2,1622,2047,RTK FIXED
69.690,075038.60,10.48530600,76.44418700,10.48530613,76.44418700,658051.530,1159433.328,107.90,658051.531,1159433.342,-70.1,10,658052.306,1159432.316,10.48530000,76.44419300,0.353,0.136,7.9,10.0,0.5,18.5,1622,2047,RTK FIXED
69.736,075038.80,10.48530600,76.44418800,10.48530608,76.44418740,658051.639,1159433.328,107.90,658051.574,1159433.337,-75.0,10,658052.306,1159432.316,10.48530000,76.44419300,0.344,0.173,7.4,10.0,-0.5,18.3,1511,2047,RTK FIXED
69.790,075038.80,10.48530600,76.44418800,10.48530605,76.44418764,658051.639,1159433.328,107.90,658051.600,1159433.333,-75.0,10,658052.306,1159432.316,10.48530000,76.44419300,0.344,0.173,7.4,10.0,0.0,18.7,1511,2047,RTK FIXED
69.838,075038.80,10.48530600,76.44418800,10.48530603,76.44418778,658051.639,1159433.328,107.90,658051.616,1159433.331,-75.0,10,658052.306,1159432.316,10.48530000,76.44419300,0.344,0.173,7.4,10.0,0.5,18.9,1511,2047,RTK FIXED
69.889,075038.80,10.48530600,76.44418800,10.48530602,76.44418787,658051.639,1159433.328,107.90,658051.625,1159433.330,-75.0,10,658052.306,1159432.316,10.48530000,76.44419300,0.344,0.173,7.4,10.0,0.0,17.8,1511,2047,RTK FIXED
69.936,075039.00,10.48530600,76.44418800,10.48530601,76.44418792,658051.669,1159433.337,107.90,658051.643,1159433.333,-75.0,10,658052.306,1159432.316,10.48530000,76.44419300,0.347,0.163,7.5,10.0,0.0,18.1,1540,2047,RTK FIXED
69.990,075039.00,10.48530600,76.44418800,10.48530601,76.44418795,658051.669,1159433.337,107.90,658051.653,1159433.334,-75.0,10,658052.306,1159432.316,10.48530000,76.44419300,0.347,0.163,7.5,10.0,0.0,18.1,1540,2047,RTK FIXED
70.036,075039.00,10.48530600,76.44418800,10.48530600,76.44418797,658051.669,1159433.337,107.90,658051.660,1159433.335,-75.0,10,658052.306,1159432.316,10.48530000,76.44419300,0.347,0.163,7.5,10.0,-0.5,18.3,1540,2047,RTK FIXED
70.091,075039.00,10.48530600,76.44418800,10.48530600,76.44418798,658051.669,1159433.337,107.90,658051.664,1159433.336,-75.0,10,658052.306,1159432.316,10.48530000,76.44419300,0.347,0.163,7.5,10.0,0.0,17.8,1540,2047,RTK FIXED
70.137,075039.20,10.48530600,76.44418800,10.48530600,76.44418799,658051.669,1159433.337,107.90,658051.666,1159433.336,-75.0,10,658052.306,1159432.316,10.48530000,76.44419300,0.348,0.157,7.6,10.0,0.0,18.0,1558,2047,RTK FIXED
70.190,075039.20,10.48530600,76.44418800,10.48530600,76.44418799,658051.669,1159433.337,107.90,658051.667,1159433.337,-75.0,10,658052.306,1159432.316,10.48530000,76.44419300,0.348,0.157,7.6,10.0,0.5,17.5,1558,2047,RTK FIXED
70.244,075039.20,10.48530600,76.44418800,10.48530600,76.44418800,658051.669,1159433.337,107.90,658051.668,1159433.337,-75.0,10,658052.306,1159432.316,10.48530000,76.44419300,0.348,0.157,7.6,10.0,0.0,17.9,1558,2047,RTK FIXED
70.291,075039.20,10.48530600,76.44418800,10.48530600,76.44418800,658051.669,1159433.337,107.90,658051.669,1159433.337,-75.0,10,658052.306,1159432.316,10.48530000,76.44419300,0.348,0.157,7.6,10.0,0.0,18.0,1558,2047,RTK FIXED
70.345,075039.40,10.48530600,76.44418900,10.48530600,76.44418840,658051.779,1159433.337,107.90,658051.713,1159433.337,-57.0,10,658052.306,1159432.316,10.48530000,76.44419300,0.366,-0.023,10.0,9.6,0.0,17.8,2008,1972,RTK FIXED
70.390,075039.40,10.48530600,76.44418900,10.48530600,76.44418864,658051.779,1159433.337,107.90,658051.739,1159433.337,-57.0,10,658052.306,1159432.316,10.48530000,76.44419300,0.366,-0.023,10.0,9.6,-0.5,18.0,2047,1972,RTK FIXED
70.445,075039.40,10.48530600,76.44418900,10.48530600,76.44418878,658051.779,1159433.337,107.90,658051.755,1159433.337,-57.0,10,658052.306,1159432.316,10.48530000,76.44419300,0.366,-0.023,10.0,9.6,0.5,17.4,2047,1972,RTK FIXED
70.492,075039.40,10.48530600,76.44418900,10.48530600,76.44418887,658051.779,1159433.337,107.90,658051.765,1159433.337,-57.0,10,658052.306,1159432.316,10.48530000,76.44419300,0.366,-0.023,10.0,9.6,-0.5,17.2,2047,1972,RTK FIXED
70.545,075039.60,10.48530500,76.44418900,10.48530560,76.44418892,658051.672,1159433.183,107.90,658051.728,1159433.275,-57.0,10,658052.306,1159432.316,10.48530000,76.44419300,0.366,-0.000,10.0,10.0,0.0,16.9,2047,2045,RTK FIXED
70.590,075039.60,10.48530500,76.44418900,10.48530536,76.44418895,658051.672,1159433.183,107.90,658051.705,1159433.238,-57.0,10,658052.306,1159432.316,10.48530000,76.44419300,0.366,-0.000,10.0,10.0,0.0,16.4,2047,2045,RTK FIXED
70.645,075039.60,10.48530500,76.44418900,10.48530522,76.44418897,658051.672,1159433.183,107.90,658051.692,1159433.216,-57.0,10,658052.306,1159432.316,10.48530000,76.44419300,0.366,-0.000,10.0,10.0,0.0,17.6,2047,2045,RTK FIXED
70.691,075039.60,10.48530500,76.44418900,10.48530513,76.44418898,658051.672,1159433.183,107.90,658051.684,1159433.203,-57.0,10,658052.306,1159432.316,10.48530000,76.44419300,0.366,-0.000,10.0,10.0,0.0,17.4,2047,2045,RTK FIXED
70.745,075039.80,10.48530500,76.44418900,10.48530508,76.44418899,658051.672,1159433.183,107.90,658051.679,1159433.195,-69.2,10,658052.306,1159432.316,10.48530000,76.44419300,0.355,0.121,8.1,10.0,0.0,19.3,1667,2047,RTK FIXED
70.799,075039.80,10.48530500,76.44418900,10.48530505,76.44418899,658051.672,1159433.183,107.90,658051.677,1159433.190,-69.2,10,658052.306,1159432.316,10.48530000,76.44419300,0.355,0.121,8.1,10.0,0.5,19.6,1667,2047,RTK FIXED
70.845,075039.80,10.48530500,76.44418900,10.48530503,76.44418900,658051.672,1159433.183,107.90,658051.675,1159433.187,-69.2,10,658052.306,1159432.316,10.48530000,76.44419300,0.355,0.121,8.1,10.0,0.0,18.4,1667,2047,RTK FIXED
70.899,075039.80,10.48530500,76.44418900,10.48530502,76.44418900,658051.672,1159433.183,107.90,658051.674,1159433.185,-69.2,10,658052.306,1159432.316,10.48530000,76.44419300,0.355,0.121,8.1,10.0,0.0,19.0,1667,2047,RTK FIXED
70.945,075040.00,10.48530500,76.44418900,10.48530501,76.44418900,658051.744,1159433.216,107.90,658051.702,1159433.198,-69.2,10,658052.306,1159432.316,10.48530000,76.44419300,0.357,0.112,8.3,10.0,-0.5,18.8,1694,2047,RTK FIXED
70.999,075040.00,10.48530500,76.44418900,10.48530501,76.44418900,658051.744,1159433.216,107.90,658051.719,1159433.205,-69.2,10,658052.306,1159432.316,10.48530000,76.44419300,0.357,0.112,8.3,10.0,0.5,17.8,1694,2047,RTK FIXED
71.045,075040.00,10.48530500,76.44418900,10.48530500,76.44418900,658051.744,1159433.216,107.90,658051.729,1159433.210,-69.2,10,658052.306,1159432.316,10.48530000,76.44419300,0.357,0.112,8.3,10.0,0.0,16.3,1694,2047,RTK FIXED
71.099,075040.00,10.48530500,76.44418900,10.48530500,76.44418900,658051.744,1159433.216,107.90,658051.735,1159433.212,-69.2,10,658052.306,1159432.316,10.48530000,76.44419300,0.357,0.112,8.3,10.0,-0.5,17.1,1694,2047,RTK FIXED
71.145,075040.20,10.48530500,76.44419000,10.48530500,76.44418940,658051.853,1159433.217,107.90,658051.782,1159433.214,-51.6,10,658052.306,1159432.316,10.48530000,76.44419300,0.362,-0.070,10.0,8.9,0.5,17.7,2047,1824,RTK FIXED
71.198,075040.20,10.48530500,76.44419000,10.48530500,76.44418964,658051.853,1159433.217,107.90,658051.810,1159433.215,-51.6,10,658052.306,1159432.316,10.48530000,76.44419300,0.362,-0.070,10.0,8.9,0.0,17.5,2047,1824,RTK FIXED
71.245,075040.20,10.48530500,76.44419000,10.48530500,76.44418978,658051.853,1159433.217,107.90,658051.828,1159433.216,-51.6,10,658052.306,1159432.316,10.48530000,76.44419300,0.362,-0.070,10.0,8.9,0.0,16.5,2047,1824,RTK FIXED
71.298,075040.20,10.48530500,76.44419000,10.48530500,76.44418987,658051.853,1159433.217,107.90,658051.838,1159433.216,-51.6,10,658052.306,1159432.316,10.48530000,76.44419300,0.362,-0.070,10.0,8.9,-0.5,16.0,2047,1824,RTK FIXED
71.346,075040.40,10.48530500,76.44419000,10.48530500,76.44418992,658051.753,1159433.164,107.90,658051.804,1159433.195,-51.6,10,658052.306,1159432.316,10.48530000,76.44419300,0.363,-0.059,10.0,9.1,0.5,15.9,2047,1856,RTK FIXED
71.399,075040.40,10.48530500,76.44419000,10.48530500,76.44418995,658051.753,1159433.164,107.90,658051.784,1159433.183,-51.6,10,658052.306,1159432.316,10.48530000,76.44419300,0.363,-0.059,10.0,9.1,0.0,16.3,2047,1856,RTK FIXED
71.453,075040.40,10.48530500,76.44419000,10.48530500,76.44418997,658051.753,1159433.164,107.90,658051.771,1159433.175,-51.6,10,658052.306,1159432.316,10.48530000,76.44419300,0.363,-0.059,10.0,9.1,-0.5,15.8,2047,1856,RTK FIXED
71.499,075040.40,10.48530500,76.44419000,10.48530500,76.44418998,658051.753,1159433.164,107.90,658051.764,1159433.170,-51.6,10,658052.306,1159432.316,10.48530000,76.44419300,0.363,-0.059,10.0,9.1,0.5,16.2,2047,1856,RTK FIXED
71.553,075040.60,10.48530400,76.44419000,10.48530460,76.44418999,658051.754,1159433.053,107.90,658051.760,1159433.123,-64.6,10,658052.306,1159432.316,10.48530000,76.44419300,0.362,0.075,8.8,10.0,-0.5,15.7,1807,2047,RTK FIXED
71.605,075040.60,10.48530400,76.44419000,10.48530436,76.44418999,658051.754,1159433.053,107.90,658051.757,1159433.095,-64.6,10,658052.306,1159432.316,10.48530000,76.44419300,0.362,0.075,8.8,10.0,0.0,17.2,1807,2047,RTK FIXED
71.652,075040.60,10.48530400,76.44419000,10.48530422,76.44419000,658051.754,1159433.053,107.90,658051.756,1159433.078,-64.6,10,658052.306,1159432.316,10.48530000,76.44419300,0.362,0.075,8.8,10.0,0.5,15.7,1807,2047,RTK FIXED
71.700,075040.60,10.48530400,76.44419000,10.48530413,76.44419000,658051.754,1159433.053,107.90,658051.755,1159433.068,-64.6,10,658052.306,1159432.316,10.48530000,76.44419300,0.362,0.075,8.8,10.0,0.0,16.5,1807,2047,RTK FIXED
71.753,075040.80,10.48530400,76.44419100,10.48530408,76.44419040,658051.935,1159433.096,107.90,658051.827,1159433.079,-64.6,10,658052.306,1159432.316,10.48530000,76.44419300,0.365,0.043,9.3,10.0,0.0,17.2,1906,2047,RTK FIXED
71.800,075040.80,10.48530400,76.44419100,10.48530405,76.44419064,658051.935,1159433.096,107.90,658051.870,1159433.086,-64.6,10,658052.306,1159432.316,10.48530000,76.44419300,0.365,0.043,9.3,10.0,-0.5,16.1,1906,2047,RTK FIXED
71.853,075040.80,10.48530400,76.44419100,10.48530403,76.44419078,658051.935,1159433.096,107.90,658051.896,1159433.090,-64.6,10,658052.306,1159432.316,10.48530000,76.44419300,0.365,0.043,9.3,10.0,0.0,16.7,1906,2047,RTK FIXED
71.899,075040.80,10.48530400,76.44419100,10.48530402,76.44419087,658051.935,1159433.096,107.90,658051.912,1159433.092,-64.6,10,658052.306,1159432.316,10.48530000,76.44419300,0.365,0.043,9.3,10.0,0.5,18.0,1906,2047,RTK FIXED
71.954,075041.00,10.48530400,76.44419100,10.48530401,76.44419092,658051.935,1159433.096,107.90,658051.921,1159433.094,-49.6,10,658052.306,1159432.316,10.48530000,76.44419300,0.358,-0.107,10.0,8.4,-0.5,17.4,2047,1710,RTK FIXED
72.008,075041.00,10.48530400,76.44419100,10.48530401,76.44419095,658051.935,1159433.096,107.90,658051.927,1159433.094,-49.6,10,658052.306,1159432.316,10.48530000,76.44419300,0.358,-0.107,10.0,8.4,0.0,18.2,2047,1710,RTK FIXED
72.053,075041.00,10.48530400,76.44419100,10.48530400,76.44419097,658051.935,1159433.096,107.90,658051.930,1159433.095,-49.6,10,658052.306,1159432.316,10.48530000,76.44419300,0.358,-0.107,10.0,8.4,0.6,17.1,2047,1710,RTK FIXED
72.108,075041.00,10.48530400,76.44419100,10.48530400,76.44419098,658051.935,1159433.096,107.90,658051.932,1159433.095,-49.6,10,658052.306,1159432.316,10.48530000,76.44419300,0.358,-0.107,10.0,8.4,-0.5,17.0,2047,1710,RTK FIXED
72.154,075041.20,10.48530400,76.44419100,10.48530400,76.44419099,658051.853,1159433.045,107.90,658051.900,1159433.075,-49.6,10,658052.306,1159432.316,10.48530000,76.44419300,0.360,-0.094,10.0,8.5,0.5,16.7,2047,1749,RTK FIXED
72.208,075041.20,10.48530400,76.44419100,10.48530400,76.44419099,658051.853,1159433.045,107.90,658051.881,1159433.063,-49.6,10,658052.306,1159432.316,10.48530000,76.44419300,0.360,-0.094,10.0,8.5,0.0,15.9,2047,1749,RTK FIXED
72.253,075041.20,10.48530400,76.44419100,10.48530400,76.44419100,658051.853,1159433.045,107.90,658051.870,1159433.056,-49.6,10,658052.306,1159432.316,10.48530000,76.44419300,0.360,-0.094,10.0,8.5,0.0,15.4,2047,1749,RTK FIXED
72.308,075041.20,10.48530400,76.44419100,10.48530400,76.44419100,658051.853,1159433.045,107.90,658051.863,1159433.052,-49.6,10,658052.306,1159432.316,10.48530000,76.44419300,0.360,-0.094,10.0,8.5,0.0,15.6,2047,1749,RTK FIXED
72.354,075041.40,10.48530300,76.44419100,10.48530360,76.44419100,658051.853,1159432.935,107.90,658051.859,1159433.005,-64.0,10,658052.306,1159432.316,10.48530000,76.44419300,0.364,0.054,9.1,10.0,-0.5,15.0,1872,2047,RTK FIXED
72.407,075041.40,10.48530300,76.44419100,10.48530336,76.44419100,658051.853,1159432.935,107.90,658051.857,1159432.977,-64.0,10,658052.306,1159432.316,10.48530000,76.44419300,0.364,0.054,9.1,10.0,0.5,14.7,1872,2047,RTK FIXED
72.454,075041.40,10.48530300,76.44419100,10.48530322,76.44419100,658051.853,1159432.935,107.90,658051.855,1159432.960,-64.0,10,658052.306,1159432.316,10.48530000,76.44419300,0.364,0.054,9.1,10.0,0.0,15.0,1872,2047,RTK FIXED
72.507,075041.40,10.48530300,76.44419100,10.48530313,76.44419100,658051.853,1159432.935,107.90,658051.854,1159432.950,-64.0,10,658052.306,1159432.316,10.48530000,76.44419300,0.364,0.054,9.1,10.0,0.0,15.9,1872,2047,RTK FIXED
72.555,075041.60,10.48530300,76.44419200,10.48530308,76.44419140,658052.042,1159432.984,107.90,658051.929,1159432.964,-64.0,10,658052.306,1159432.316,10.48530000,76.44419300,0.366,0.021,9.7,10.0,-0.5,15.3,1977,2047,RTK FIXED
72.607,075041.60,10.48530300,76.44419200,10.48530305,76.44419164,658052.042,1159432.984,107.90,658051.974,1159432.972,-64.0,10,658052.306,1159432.316,10.48530000,76.44419300,0.366,0.021,9.7,10.0,0.5,15.6,1977,2047,RTK FIXED
72.662,075041.60,10.48530300,76.44419200,10.48530303,76.44419178,658052.042,1159432.984,107.90,658052.001,1159432.977,-64.0,10,658052.306,1159432.316,10.48530000,76.44419300,0.366,0.021,9.7,10.0,-0.5,16.5,1977,2047,RTK FIXED
72.708,075041.60,10.48530300,76.44419200,10.48530302,76.44419187,658052.042,1159432.984,107.90,658052.017,1159432.980,-64.0,10,658052.306,1159432.316,10.48530000,76.44419300,0.366,0.021,9.7,10.0,0.5,18.3,1977,2047,RTK FIXED
72.762,075041.80,10.48530300,76.44419200,10.48530301,76.44419192,658052.042,1159432.984,107.90,658052.027,1159432.981,-48.6,10,658052.306,1159432.316,10.48530000,76.44419300,0.353,-0.133,10.0,8.0,-0.5,18.0,2047,1632,RTK FIXED
72.808,075041.80,10.48530300,76.44419200,10.48530301,76.44419195,658052.042,1159432.984,107.90,658052.033,1159432.982,-48.6,10,658052.306,1159432.316,10.48530000,76.44419300,0.353,-0.133,10.0,8.0,0.0,18.5,2047,1632,RTK FIXED
72.862,075041.80,10.48530300,76.44419200,10.48530300,76.44419197,658052.042,1159432.984,107.90,658052.036,1159432.983,-48.6,10,658052.306,1159432.316,10.48530000,76.44419300,0.353,-0.133,10.0,8.0,0.5,17.7,2047,1632,RTK FIXED
72.908,075041.80,10.48530300,76.44419200,10.48530300,76.44419198,658052.042,1159432.984,107.90,658052.039,1159432.983,-48.6,10,658052.306,1159432.316,10.48530000,76.44419300,0.353,-0.133,10.0,8.0,0.0,17.8,2047,1632,RTK FIXED
72.962,075042.00,10.48530300,76.44419200,10.48530300,76.44419199,658051.958,1159432.931,107.90,658052.006,1159432.963,-48.6,10,658052.306,1159432.316,10.48530000,76.44419300,0.355,-0.120,10.0,8.2,0.0,16.6,2047,1670,RTK FIXED
73.008,075042.00,10.48530300,76.44419200,10.48530300,76.44419199,658051.958,1159432.931,107.90,658051.987,1159432.950,-48.6,10,658052.306,1159432.316,10.48530000,76.44419300,0.355,-0.120,10.0,8.2,-0.5,15.8,2047,1670,RTK FIXED
73.063,075042.20,10.48530200,76.44419200,10.48530260,76.44419200,658051.958,1159432.821,107.90,658051.975,1159432.898,-63.3,10,658052.306,1159432.316,10.48530000,76.44419300,0.365,0.030,9.5,10.0,0.0,16.1,1949,2047,RTK FIXED
73.108,075042.20,10.48530200,76.44419200,10.48530236,76.44419200,658051.958,1159432.821,107.90,658051.969,1159432.867,-63.3,10,658052.306,1159432.316,10.48530000,76.44419300,0.365,0.030,9.5,10.0,0.5,14.7,1949,2047,RTK FIXED
73.162,075042.20,10.48530200,76.44419200,10.48530222,76.44419200,658051.958,1159432.821,107.90,658051.964,1159432.849,-63.3,10,658052.306,1159432.316,10.48530000,76.44419300,0.365,0.030,9.5,10.0,0.0,13.9,1949,2047,RTK FIXED
73.216,075042.20,10.48530200,76.44419200,10.48530213,76.44419200,658051.958,1159432.821,107.90,658051.962,1159432.837,-63.3,10,658052.306,1159432.316,10.48530000,76.44419300,0.365,0.030,9.5,10.0,-0.5,14.8,1949,2047,RTK FIXED
73.262,075042.20,10.48530200,76.44419200,10.48530208,76.44419200,658051.958,1159432.821,107.90,658051.960,1159432.831,-63.3,10,658052.306,1159432.316,10.48530000,76.44419300,0.365,0.030,9.5,10.0,0.0,15.2,1949,2047,RTK FIXED
73.317,075042.40,10.48530200,76.44419200,10.48530205,76.44419200,658052.038,1159432.871,107.90,658051.991,1159432.847,-63.3,10,658052.306,1159432.316,10.48530000,76.44419300,0.366,0.020,9.7,10.0,0.0,15.2,1982,2047,RTK FIXED
73.363,075042.40,10.48530200,76.44419200,10.48530203,76.44419200,658052.038,1159432.871,107.90,658052.010,1159432.857,-63.3,10,658052.306,1159432.316,10.48530000,76.44419300,0.366,0.020,9.7,10.0,0.5,15.8,1982,2047,RTK FIXED
73.416,075042.40,10.48530200,76.44419200,10.48530202,76.44419200,658052.038,1159432.871,107.90,658052.021,1159432.863,-63.3,10,658052.306,1159432.316,10.48530000,76.44419300,0.366,0.020,9.7,10.0,-0.5,17.2,1982,2047,RTK FIXED
73.463,075042.40,10.48530200,76.44419200,10.48530201,76.44419200,658052.038,1159432.871,107.90,658052.028,1159432.866,-63.3,10,658052.306,1159432.316,10.48530000,76.44419300,0.366,0.020,9.7,10.0,0.0,18.3,1982,2047,RTK FIXED
73.517,075042.60,10.48530200,76.44419200,10.48530201,76.44419200,658052.038,1159432.871,107.90,658052.032,1159432.868,-63.3,10,658052.306,1159432.316,10.48530000,76.44419300,0.366,0.014,9.8,10.0,0.5,18.4,2002,2047,RTK FIXED
73.563,075042.60,10.48530200,76.44419200,10.48530200,76.44419200,658052.038,1159432.871,107.90,658052.034,1159432.870,-63.3,10,658052.306,1159432.316,10.48530000,76.44419300,0.366,0.014,9.8,10.0,-0.5,18.1,2002,2047,RTK FIXED
73.619,075042.60,10.48530200,76.44419200,10.48530200,76.44419200,658052.038,1159432.871,107.90,658052.036,1159432.870,-63.3,10,658052.306,1159432.316,10.48530000,76.44419300,0.366,0.014,9.8,10.0,0.0,18.2,2002,2047,RTK FIXED
73.663,075042.60,10.48530200,76.44419200,10.48530200,76.44419200,658052.038,1159432.871,107.90,658052.037,1159432.871,-63.3,10,658052.306,1159432.316,10.48530000,76.44419300,0.366,0.014,9.8,10.0,0.6,17.7,2002,2047,RTK FIXED
73.717,075042.80,10.48530200,76.44419300,10.48530200,76.44419240,658052.147,1159432.872,107.90,658052.081,1159432.871,-49.4,10,658052.306,1159432.316,10.48530000,76.44419300,0.353,-0.134,10.0,8.0,0.0,17.8,2047,1628,RTK FIXED
73.762,075042.80,10.48530200,76.44419300,10.48530200,76.44419264,658052.147,1159432.872,107.90,658052.108,1159432.872,-49.4,10,658052.306,1159432.316,10.48530000,76.44419300,0.353,-0.134,10.0,8.0,-0.6,17.8,2047,1628,RTK FIXED
73.817,075042.80,10.48530200,76.44419300,10.48530200,76.44419278,658052.147,1159432.872,107.90,658052.123,1159432.872,-49.4,10,658052.306,1159432.316,10.48530000,76.44419300,0.353,-0.134,10.0,8.0,0.0,17.9,2047,1628,RTK FIXED
73.870,075042.80,10.48530200,76.44419300,10.48530200,76.44419287,658052.147,1159432.872,107.90,658052.133,1159432.872,-49.4,10,658052.306,1159432.316,10.48530000,76.44419300,0.353,-0.134,10.0,8.0,0.5,18.3,2047,1628,RTK FIXED
73.916,075042.80,10.48530200,76.44419300,10.48530200,76.44419292,658052.147,1159432.872,107.90,658052.139,1159432.872,-49.4,10,658052.306,1159432.316,10.48530000,76.44419300,0.353,-0.134,10.0,8.0,0.0,16.8,2047,1628,RTK FIXED
73.971,075043.00,10.48530100,76.44419300,10.48530160,76.44419295,658052.072,1159432.714,107.90,658052.112,1159432.809,-49.4,10,658052.306,1159432.316,10.48530000,76.44419300,0.357,-0.114,10.0,8.3,0.0,15.4,2047,1690,RTK FIXED
74.017,075043.00,10.48530100,76.44419300,10.48530136,76.44419297,658052.072,1159432.714,107.90,658052.096,1159432.771,-49.4,10,658052.306,1159432.316,10.48530000,76.44419300,0.357,-0.114,10.0,8.3,-0.5,14.8,2047,1690,RTK FIXED
74.071,075043.00,10.48530100,76.44419300,10.48530122,76.44419298,658052.072,1159432.714,107.90,658052.087,1159432.748,-49.4,10,658052.306,1159432.316,10.48530000,76.44419300,0.357,-0.114,10.0,8.3,0.0,13.5,2047,1690,RTK FIXED
74.117,075043.20,10.48530100,76.44419300,10.48530113,76.44419299,658052.072,1159432.714,107.90,658052.081,1159432.734,-60.9,10,658052.306,1159432.316,10.48530000,76.44419300,0.366,-0.001,10.0,10.0,0.5,13.9,2047,2045,RTK FIXED
74.171,075043.20,10.48530100,76.44419300,10.48530108,76.44419299,658052.072,1159432.714,107.90,658052.077,1159432.726,-60.9,10,658052.306,1159432.316,10.48530000,76.44419300,0.366,-0.001,10.0,10.0,-0.5,13.6,2047,2045,RTK FIXED
74.217,075043.20,10.48530100,76.44419300,10.48530105,76.44419300,658052.072,1159432.714,107.90,658052.075,1159432.721,-60.9,10,658052.306,1159432.316,10.48530000,76.44419300,0.366,-0.001,10.0,10.0,0.5,14.1,2047,2045,RTK FIXED
74.271,075043.20,10.48530100,76.44419300,10.48530103,76.44419300,658052.072,1159432.714,107.90,658052.074,1159432.718,-60.9,10,658052.306,1159432.316,10.48530000,76.44419300,0.366,-0.001,10.0,10.0,-0.5,14.3,2047,2045,RTK FIXED
74.317,075043.40,10.48530100,76.44419300,10.48530102,76.44419300,658052.134,1159432.755,107.90,658052.098,1159432.733,-60.9,10,658052.306,1159432.316,10.48530000,76.44419300,0.366,-0.012,10.0,9.8,0.0,15.2,2047,2008,RTK FIXED
74.371,075043.40,10.48530100,76.44419300,10.48530101,76.44419300,658052.134,1159432.755,107.90,658052.113,1159432.742,-60.9,10,658052.306,1159432.316,10.48530000,76.44419300,0.366,-0.012,10.0,9.8,0.0,16.2,2047,2008,RTK FIXED
74.425,075043.40,10.48530100,76.44419300,10.48530101,76.44419300,658052.134,1159432.755,107.90,658052.121,1159432.747,-60.9,10,658052.306,1159432.316,10.48530000,76.44419300,0.366,-0.012,10.0,9.8,0.5,15.8,2047,2008,RTK FIXED
74.472,075043.40,10.48530100,76.44419300,10.48530100,76.44419300,658052.134,1159432.755,107.90,658052.127,1159432.750,-60.9,10,658052.306,1159432.316,10.48530000,76.44419300,0.366,-0.012,10.0,9.8,-0.5,16.7,2047,2008,RTK FIXED
74.525,075043.60,10.48530000,76.44419300,10.48530060,76.44419300,658052.135,1159432.644,107.90,658052.130,1159432.708,-60.9,10,658052.306,1159432.316,10.48530000,76.44419300,0.357,-0.004,10.0,9.9,0.0,16.7,2047,2034,RTK FIXED
74.572,075043.60,10.48530000,76.44419300,10.48530036,76.44419300,658052.135,1159432.644,107.90,658052.132,1159432.682,-60.9,10,658052.306,1159432.316,10.48530000,76.44419300,0.357,-0.004,10.0,9.9,0.5,16.8,2047,2034,RTK FIXED
74.625,075043.60,10.48530000,76.44419300,10.48530022,76.44419300,658052.135,1159432.644,107.90,658052.133,1159432.667,-60.9,10,658052.306,1159432.316,10.48530000,76.44419300,0.357,-0.004,10.0,9.9,0.0,17.7,2047,2034,RTK FIXED
74.672,075043.60,10.48530000,76.44419300,10.48530013,76.44419300,658052.135,1159432.644,107.90,658052.134,1159432.658,-60.9,10,658052.306,1159432.316,10.48530000,76.44419300,0.357,-0.004,10.0,9.9,0.0,17.9,2047,2034,RTK FIXED
74.728,075043.80,10.48530000,76.44419400,10.48530008,76.44419340,658052.244,1159432.645,107.90,658052.178,1159432.652,-55.3,11,658052.857,1159431.433,10.48529200,76.44419800,0.364,-0.056,10.0,9.1,-0.4,17.4,2047,1866,RTK FIXED
74.772,075043.80,10.48530000,76.44419400,10.48530005,76.44419364,658052.244,1159432.645,107.90,658052.204,1159432.649,-55.3,11,658052.857,1159431.433,10.48529200,76.44419800,0.364,-0.056,10.0,9.1,0.6,18.2,2047,1866,RTK FIXED
74.825,075043.80,10.48530000,76.44419400,10.48530003,76.44419378,658052.244,1159432.645,107.90,658052.220,1159432.647,-55.3,11,658052.857,1159431.433,10.48529200,76.44419800,0.364,-0.056,10.0,9.1,0.0,17.2,2047,1866,RTK FIXED
74.872,075043.80,10.48530000,76.44419400,10.48530002,76.44419387,658052.244,1159432.645,107.90,658052.230,1159432.646,-55.3,11,658052.857,1159431.433,10.48529200,76.44419800,0.364,-0.056,10.0,9.1,-0.5,16.7,2047,1866,RTK FIXED
74.925,075043.80,10.48530000,76.44419400,10.48530001,76.44419392,658052.244,1159432.645,107.90,658052.236,1159432.646,-55.3,11,658052.857,1159431.433,10.48529200,76.44419800,0.364,-0.056,10.0,9.1,0.0,16.0,2047,1866,RTK FIXED
74.972,075044.00,10.48530000,76.44419400,10.48530001,76.44419395,658052.213,1159432.626,107.90,658052.227,1159432.638,-55.3,11,658052.857,1159431.433,10.48529200,76.44419800,0.364,-0.058,10.0,9.1,0.5,16.3,2047,1859,RTK FIXED
75.025,075044.00,10.48530000,76.44419400,10.48530000,76.44419397,658052.213,1159432.626,107.90,658052.221,1159432.633,-55.3,11,658052.857,1159431.433,10.48529200,76.44419800,0.364,-0.058,10.0,9.1,0.0,16.6,2047,1859,RTK FIXED
75.080,075044.00,10.48530000,76.44419400,10.48530000,76.44419398,658052.213,1159432.626,107.90,658052.218,1159432.630,-55.3,11,658052.857,1159431.433,10.48529200,76.44419800,0.364,-0.058,10.0,9.1,0.0,16.5,2047,1859,RTK FIXED
75.126,075044.20,10.48529900,76.44419400,10.48529960,76.44419399,658052.213,1159432.516,107.90,658052.216,1159432.584,-59.6,11,658052.857,1159431.433,10.48529200,76.44419800,0.366,-0.013,10.0,9.8,-0.5,16.1,2047,2004,RTK FIXED
75.180,075044.20,10.48529900,76.44419400,10.48529936,76.44419399,658052.213,1159432.516,107.90,658052.215,1159432.557,-59.6,11,658052.857,1159431.433,10.48529200,76.44419800,0.366,-0.013,10.0,9.8,0.0,16.4,2047,2004,RTK FIXED
75.225,075044.20,10.48529900,76.44419400,10.48529922,76.44419400,658052.213,1159432.516,107.90,658052.214,1159432.540,-59.6,11,658052.857,1159431.433,10.48529200,76.44419800,0.366,-0.013,10.0,9.8,0.0,15.4,2047,2004,RTK FIXED
75.280,075044.20,10.48529900,76.44419400,10.48529913,76.44419400,658052.213,1159432.516,107.90,658052.214,1159432.530,-59.6,11,658052.857,1159431.433,10.48529200,76.44419800,0.366,-0.013,10.0,9.8,0.0,16.5,2047,2004,RTK FIXED
75.326,075044.40,10.48529900,76.44419400,10.48529908,76.44419400,658052.237,1159432.530,107.90,658052.223,1159432.530,-59.6,11,658052.857,1159431.433,10.48529200,76.44419800,0.366,-0.013,10.0,9.8,0.0,16.1,2047,2004,RTK FIXED
75.379,075044.40,10.48529900,76.44419400,10.48529905,76.44419400,658052.237,1159432.530,107.90,658052.229,1159432.530,-59.6,11,658052.857,1159431.433,10.48529200,76.44419800,0.366,-0.013,10.0,9.8,0.5,16.6,2047,2004,RTK FIXED
75.426,075044.40,10.48529900,76.44419400,10.48529903,76.44419400,658052.237,1159432.530,107.90,658052.232,1159432.530,-59.6,11,658052.857,1159431.433,10.48529200,76.44419800,0.366,-0.013,10.0,9.8,-0.5,17.7,2047,2004,RTK FIXED
75.480,075044.40,10.48529900,76.44419400,10.48529902,76.44419400,658052.237,1159432.530,107.90,658052.234,1159432.530,-59.6,11,658052.857,1159431.433,10.48529200,76.44419800,0.366,-0.013,10.0,9.8,0.0,17.5,2047,2004,RTK FIXED
75.526,075044.60,10.48529900,76.44419400,10.48529901,76.44419400,658052.237,1159432.530,107.90,658052.235,1159432.530,-59.6,11,658052.857,1159431.433,10.48529200,76.44419800,0.366,-0.013,10.0,9.8,0.0,17.9,2047,2003,RTK FIXED
75.580,075044.60,10.48529900,76.44419400,10.48529901,76.44419400,658052.237,1159432.530,107.90,658052.236,1159432.530,-59.6,11,658052.857,1159431.433,10.48529200,76.44419800,0.366,-0.013,10.0,9.8,0.0,17.7,2047,2003,RTK FIXED
75.634,075044.60,10.48529900,76.44419400,10.48529900,76.44419400,658052.237,1159432.530,107.90,658052.237,1159432.530,-59.6,11,658052.857,1159431.433,10.48529200,76.44419800,0.366,-0.013,10.0,9.8,0.0,17.3,2047,2003,RTK FIXED
75.680,075044.60,10.48529900,76.44419400,10.48529900,76.44419400,658052.237,1159432.530,107.90,658052.237,1159432.530,-59.6,11,658052.857,1159431.433,10.48529200,76.44419800,0.366,-0.013,10.0,9.8,0.5,18.0,2047,2003,RTK FIXED
75.734,075044.80,10.48529800,76.44419500,10.48529860,76.44419440,658052.347,1159432.420,107.90,658052.281,1159432.486,-57.7,11,658052.857,1159431.433,10.48529200,76.44419800,0.365,-0.039,10.0,9.4,-0.5,17.3,2047,1921,RTK FIXED
75.780,075044.80,10.48529800,76.44419500,10.48529836,76.44419464,658052.347,1159432.420,107.90,658052.307,1159432.459,-57.7,11,658052.857,1159431.433,10.48529200,76.44419800,0.365,-0.039,10.0,9.4,0.5,18.0,2047,1921,RTK FIXED
75.833,075044.80,10.48529800,76.44419500,10.48529822,76.44419478,658052.347,1159432.420,107.90,658052.323,1159432.444,-57.7,11,658052.857,1159431.433,10.48529200,76.44419800,0.365,-0.039,10.0,9.4,0.0,17.4,2047,1921,RTK FIXED
75.880,075044.80,10.48529800,76.44419500,10.48529813,76.44419487,658052.347,1159432.420,107.90,658052.333,1159432.434,-57.7,11,658052.857,1159431.433,10.48529200,76.44419800,0.365,-0.039,10.0,9.4,-0.5,17.3,2047,1921,RTK FIXED
75.935,075045.00,10.48529800,76.44419500,10.48529808,76.44419492,658052.336,1159432.414,107.90,658052.334,1159432.426,-57.7,11,658052.857,1159431.433,10.48529200,76.44419800,0.365,-0.042,10.0,9.3,0.5,16.4,2047,1910,RTK FIXED
75.980,075045.00,10.48529800,76.44419500,10.48529805,76.44419495,658052.336,1159432.414,107.90,658052.335,1159432.421,-57.7,11,658052.857,1159431.433,10.48529200,76.44419800,0.365,-0.042,10.0,9.3,0.0,17.0,2047,1910,RTK FIXED
76.034,075045.00,10.48529800,76.44419500,10.48529803,76.44419497,658052.336,1159432.414,107.90,658052.336,1159432.418,-57.7,11,658052.857,1159431.433,10.48529200,76.44419800,0.365,-0.042,10.0,9.3,-0.5,16.6,2047,1910,RTK FIXED
76.080,075045.00,10.48529800,76.44419500,10.48529802,76.44419498,658052.336,1159432.414,107.90,658052.336,1159432.416,-57.7,11,658052.857,1159431.433,10.48529200,76.44419800,0.365,-0.042,10.0,9.3,0.5,16.9,2047,1910,RTK FIXED
76.135,075045.20,10.48529800,76.44419500,10.48529801,76.44419499,658052.336,1159432.414,107.90,658052.336,1159432.415,-57.7,11,658052.857,1159431.433,10.48529200,76.44419800,0.365,-0.044,10.0,9.3,0.0,17.4,2047,1903,RTK FIXED
76.188,075045.20,10.48529800,76.44419500,10.48529801,76.44419499,658052.336,1159432.414,107.90,658052.336,1159432.415,-57.7,11,658052.857,1159431.433,10.48529200,76.44419800,0.365,-0.044,10.0,9.3,0.0,16.8,2047,1903,RTK FIXED
76.235,075045.20,10.48529800,76.44419500,10.48529800,76.44419500,658052.336,1159432.414,107.90,658052.336,1159432.414,-57.7,11,658052.857,1159431.433,10.48529200,76.44419800,0.365,-0.044,10.0,9.3,-0.5,16.8,2047,1903,RTK FIXED
76.290,075045.20,10.48529800,76.44419500,10.48529800,76.44419500,658052.336,1159432.414,107.90,658052.336,1159432.414,-57.7,11,658052.857,1159431.433,10.48529200,76.44419800,0.365,-0.044,10.0,9.3,0.5,16.8,2047,1903,RTK FIXED
76.335,075045.40,10.48529700,76.44419500,10.48529760,76.44419500,658052.337,1159432.303,107.90,658052.337,1159432.370,-60.2,11,658052.857,1159431.433,10.48529200,76.44419800,0.366,-0.012,10.0,9.8,0.0,16.5,2047,2007,RTK FIXED
76.388,075045.40,10.48529700,76.44419500,10.48529736,76.44419500,658052.337,1159432.303,107.90,658052.337,1159432.343,-60.2,11,658052.857,1159431.433,10.48529200,76.44419800,0.366,-0.012,10.0,9.8,0.0,16.5,2047,2007,RTK FIXED
76.435,075045.40,10.48529700,76.44419500,10.48529722,76.44419500,658052.337,1159432.303,107.90,658052.337,1159432.327,-60.2,11,658052.857,1159431.433,10.48529200,76.44419800,0.366,-0.012,10.0,9.8,0.0,17.2,2047,2007,RTK FIXED
76.490,075045.40,10.48529700,76.44419500,10.48529713,76.44419500,658052.337,1159432.303,107.90,658052.337,1159432.317,-60.2,11,658052.857,1159431.433,10.48529200,76.44419800,0.366,-0.012,10.0,9.8,0.0,17.6,2047,2007,RTK FIXED
76.535,075045.60,10.48529700,76.44419500,10.48529708,76.44419500,658052.351,1159432.311,107.90,658052.342,1159432.315,-60.2,11,658052.857,1159431.433,10.48529200,76.44419800,0.366,-0.009,10.0,9.9,-0.5,17.1,2047,2017,RTK FIXED
76.589,075045.60,10.48529700,76.44419500,10.48529705,76.44419500,658052.351,1159432.311,107.90,658052.346,1159432.313,-60.2,11,658052.857,1159431.433,10.48529200,76.44419800,0.366,-0.009,10.0,9.9,0.0,17.8,2047,2017,RTK FIXED
76.635,075045.60,10.48529700,76.44419500,10.48529703,76.44419500,658052.351,1159432.311,107.90,658052.348,1159432.312,-60.2,11,658052.857,1159431.433,10.48529200,76.44419800,0.366,-0.009,10.0,9.9,0.5,18.5,2047,2017,RTK FIXED
76.690,075045.60,10.48529700,76.44419500,10.48529702,76.44419500,658052.351,1159432.311,107.90,658052.349,1159432.312,-60.2,11,658052.857,1159431.433,10.48529200,76.44419800,0.366,-0.009,10.0,9.9,0.0,18.5,2047,2017,RTK FIXED
76.736,075045.80,10.48529700,76.44419600,10.48529701,76.44419540,658052.460,1159432.311,107.90,658052.394,1159432.312,-60.2,11,658052.857,1159431.433,10.48529200,76.44419800,0.365,-0.030,10.0,9.5,0.0,17.7,2047,1947,RTK FIXED
76.789,075045.80,10.48529700,76.44419600,10.48529701,76.44419564,658052.460,1159432.311,107.90,658052.420,1159432.312,-60.2,11,658052.857,1159431.433,10.48529200,76.44419800,0.365,-0.030,10.0,9.5,0.0,17.8,2047,1947,RTK FIXED
76.843,075045.80,10.48529700,76.44419600,10.48529700,76.44419578,658052.460,1159432.311,107.90,658052.436,1159432.312,-60.2,11,658052.857,1159431.433,10.48529200,76.44419800,0.365,-0.030,10.0,9.5,0.0,17.7,2047,1947,RTK FIXED
76.889,075045.80,10.48529700,76.44419600,10.48529700,76.44419587,658052.460,1159432.311,107.90,658052.446,1159432.311,-60.2,11,658052.857,1159431.433,10.48529200,76.44419800,0.365,-0.030,10.0,9.5,-0.5,17.3,2047,1947,RTK FIXED
76.944,075046.00,10.48529600,76.44419600,10.48529660,76.44419592,658052.461,1159432.201,107.90,658052.452,1159432.267,-56.7,11,658052.857,1159431.433,10.48529200,76.44419800,0.363,-0.059,10.0,9.1,0.0,17.9,2047,1858,RTK FIXED
76.989,075046.00,10.48529600,76.44419600,10.48529636,76.44419595,658052.461,1159432.201,107.90,658052.456,1159432.241,-56.7,11,658052.857,1159431.433,10.48529200,76.44419800,0.363,-0.059,10.0,9.1,0.5,17.5,2047,1858,RTK FIXED
77.043,075046.00,10.48529600,76.44419600,10.48529622,76.44419597,658052.461,1159432.201,107.90,658052.458,1159432.225,-56.7,11,658052.857,1159431.433,10.48529200,76.44419800,0.363,-0.059,10.0,9.1,0.0,16.7,2047,1858,RTK FIXED
77.089,075046.00,10.48529600,76.44419600,10.48529613,76.44419598,658052.461,1159432.201,107.90,658052.459,1159432.215,-56.7,11,658052.857,1159431.433,10.48529200,76.44419800,0.363,-0.059,10.0,9.1,-0.5,16.7,2047,1858,RTK FIXED
77.144,075046.20,10.48529600,76.44419600,10.48529608,76.44419599,658052.441,1159432.190,107.90,658052.452,1159432.205,-56.7,11,658052.857,1159431.433,10.48529200,76.44419800,0.364,-0.052,10.0,9.2,0.0,17.0,2047,1879,RTK FIXED
77.189,075046.20,10.48529600,76.44419600,10.48529605,76.44419599,658052.441,1159432.190,107.90,658052.448,1159432.199,-56.7,11,658052.857,1159431.433,10.48529200,76.44419800,0.364,-0.052,10.0,9.2,0.5,16.4,2047,1879,RTK FIXED
77.244,075046.20,10.48529600,76.44419600,10.48529603,76.44419600,658052.441,1159432.190,107.90,658052.445,1159432.195,-56.7,11,658052.857,1159431.433,10.48529200,76.44419800,0.364,-0.052,10.0,9.2,0.0,16.6,2047,1879,RTK FIXED
77.289,075046.20,10.48529600,76.44419600,10.48529602,76.44419600,658052.441,1159432.190,107.90,658052.444,1159432.193,-56.7,11,658052.857,1159431.433,10.48529200,76.44419800,0.364,-0.052,10.0,9.2,0.0,16.4,2047,1879,RTK FIXED
77.344,075046.40,10.48529600,76.44419600,10.48529601,76.44419600,658052.441,1159432.190,107.90,658052.443,1159432.192,-56.7,11,658052.857,1159431.433,10.48529200,76.44419800,0.364,-0.048,10.0,9.2,0.0,16.6,2047,1892,RTK FIXED
77.389,075046.40,10.48529600,76.44419600,10.48529601,76.44419600,658052.441,1159432.190,107.90,658052.442,1159432.191,-56.7,11,658052.857,1159431.433,10.48529200,76.44419800,0.364,-0.048,10.0,9.2,-0.6,16.0,2047,1892,RTK FIXED
77.444,075046.40,10.48529600,76.44419600,10.48529600,76.44419600,658052.441,1159432.190,107.90,658052.442,1159432.190,-56.7,11,658052.857,1159431.433,10.48529200,76.44419800,0.364,-0.048,10.0,9.2,0.0,16.5,2047,1892,RTK FIXED
77.497,075046.40,10.48529600,76.44419600,10.48529600,76.44419600,658052.441,1159432.190,107.90,658052.442,1159432.190,-56.7,11,658052.857,1159431.433,10.48529200,76.44419800,0.364,-0.048,10.0,9.2,0.0,16.3,2047,1892,RTK FIXED
77.544,075046.60,10.48529600,76.44419600,10.48529600,76.44419600,658052.441,1159432.190,107.90,658052.442,1159432.190,-56.7,11,658052.857,1159431.433,10.48529200,76.44419800,0.364,-0.045,10.0,9.3,0.5,16.1,2047,1900,RTK FIXED
77.597,075046.60,10.48529600,76.44419600,10.48529600,76.44419600,658052.441,1159432.190,107.90,658052.442,1159432.190,-56.7,11,658052.857,1159431.433,10.48529200,76.44419800,0.364,-0.045,10.0,9.3,-0.5,15.9,2047,1900,RTK FIXED
77.647,075046.60,10.48529600,76.44419600,10.48529600,76.44419600,658052.441,1159432.190,107.90,658052.441,1159432.190,-56.7,11,658052.857,1159431.433,10.48529200,76.44419800,0.364,-0.045,10.0,9.3,0.5,17.4,2047,1900,RTK FIXED
77.697,075046.60,10.48529600,76.44419600,10.48529600,76.44419600,658052.441,1159432.190,107.90,658052.441,1159432.190,-56.7,11,658052.857,1159431.433,10.48529200,76.44419800,0.364,-0.045,10.0,9.3,0.0,14.4,2047,1900,RTK FIXED
77.744,075046.80,10.48529500,76.44419600,10.48529560,76.44419600,658052.442,1159432.079,107.90,658052.442,1159432.145,-63.6,11,658052.857,1159431.433,10.48529200,76.44419800,0.365,0.031,9.5,10.0,-0.5,16.0,1946,2047,RTK FIXED
77.797,075046.80,10.48529500,76.44419600,10.48529536,76.44419600,658052.442,1159432.079,107.90,658052.442,1159432.119,-63.6,11,658052.857,1159431.433,10.48529200,76.44419800,0.365,0.031,9.5,10.0,0.0,16.0,1946,2047,RTK FIXED
77.844,075046.80,10.48529500,76.44419600,10.48529522,76.44419600,658052.442,1159432.079,107.90,658052.442,1159432.103,-63.6,11,658052.857,1159431.433,10.48529200,76.44419800,0.365,0.031,9.5,10.0,0.5,16.8,1946,2047,RTK FIXED
77.899,075046.80,10.48529500,76.44419600,10.48529513,76.44419600,658052.442,1159432.079,107.90,658052.442,1159432.093,-63.6,11,658052.857,1159431.433,10.48529200,76.44419800,0.365,0.031,9.5,10.0,0.0,16.8,1946,2047,RTK FIXED
77.944,075047.00,10.48529500,76.44419700,10.48529508,76.44419640,658052.590,1159432.101,107.90,658052.501,1159432.096,-63.6,11,658052.857,1159431.433,10.48529200,76.44419800,0.366,0.006,9.9,10.0,0.0,16.7,2027,2047,RTK FIXED
77.997,075047.00,10.48529500,76.44419700,10.48529505,76.44419664,658052.590,1159432.101,107.90,658052.537,1159432.098,-63.6,11,658052.857,1159431.433,10.48529200,76.44419800,0.366,0.006,9.9,10.0,0.0,17.8,2027,2047,RTK FIXED
78.052,075047.20,10.48529500,76.44419700,10.48529503,76.44419678,658052.590,1159432.101,107.90,658052.558,1159432.099,-50.7,11,658052.857,1159431.433,10.48529200,76.44419800,0.355,-0.121,10.0,8.1,-0.5,17.3,2047,1666,RTK FIXED
78.097,075047.20,10.48529500,76.44419700,10.48529502,76.44419687,658052.590,1159432.101,107.90,658052.571,1159432.100,-50.7,11,658052.857,1159431.433,10.48529200,76.44419800,0.355,-0.121,10.0,8.1,0.0,17.7,2047,1666,RTK FIXED
78.152,075047.20,10.48529500,76.44419700,10.48529501,76.44419692,658052.590,1159432.101,107.90,658052.579,1159432.100,-50.7,11,658052.857,1159431.433,10.48529200,76.44419800,0.355,-0.121,10.0,8.1,0.0,16.5,2047,1666,RTK FIXED
78.197,075047.20,10.48529500,76.44419700,10.48529501,76.44419695,658052.590,1159432.101,107.90,658052.584,1159432.100,-50.7,11,658052.857,1159431.433,10.48529200,76.44419800,0.355,-0.121,10.0,8.1,0.0,15.9,2047,1666,RTK FIXED
78.252,075047.20,10.48529500,76.44419700,10.48529500,76.44419697,658052.590,1159432.101,107.90,658052.586,1159432.100,-50.7,11,658052.857,1159431.433,10.48529200,76.44419800,0.355,-0.121,10.0,8.1,0.5,16.0,2047,1666,RTK FIXED
78.297,075047.20,10.48529500,76.44419700,10.48529500,76.44419698,658052.590,1159432.101,107.90,658052.588,1159432.100,-50.7,11,658052.857,1159431.433,10.48529200,76.44419800,0.355,-0.121,10.0,8.1,-0.5,15.9,2047,1666,RTK FIXED
78.352,075047.40,10.48529400,76.44419700,10.48529460,76.44419699,658052.520,1159431.947,107.90,658052.561,1159432.039,-50.7,11,658052.857,1159431.433,10.48529200,76.44419800,0.359,-0.095,10.0,8.5,0.0,13.6,2047,1746,RTK FIXED
78.399,075047.40,10.48529400,76.44419700,10.48529436,76.44419699,658052.520,1159431.947,107.90,658052.544,1159432.002,-50.7,11,658052.857,1159431.433,10.48529200,76.44419800,0.359,-0.095,10.0,8.5,0.5,13.5,2047,1746,RTK FIXED
78.452,075047.40,10.48529400,76.44419700,10.48529422,76.44419700,658052.520,1159431.947,107.90,658052.535,1159431.980,-50.7,11,658052.857,1159431.433,10.48529200,76.44419800,0.359,-0.095,10.0,8.5,-0.5,14.0,2047,1746,RTK FIXED
78.498,075047.40,10.48529400,76.44419700,10.48529413,76.44419700,658052.520,1159431.947,107.90,658052.529,1159431.967,-50.7,11,658052.857,1159431.433,10.48529200,76.44419800,0.359,-0.095,10.0,8.5,0.0,13.6,2047,1746,RTK FIXED
78.553,075047.60,10.48529400,76.44419700,10.48529408,76.44419700,658052.520,1159431.947,107.90,658052.525,1159431.959,-64.0,11,658052.857,1159431.433,10.48529200,76.44419800,0.365,0.037,9.4,10.0,0.0,13.8,1926,2047,RTK FIXED
78.605,075047.60,10.48529400,76.44419700,10.48529405,76.44419700,658052.520,1159431.947,107.90,658052.523,1159431.954,-64.0,11,658052.857,1159431.433,10.48529200,76.44419800,0.365,0.037,9.4,10.0,0.5,13.8,1926,2047,RTK FIXED
78.652,075047.60,10.48529400,76.44419700,10.48529403,76.44419700,658052.520,1159431.947,107.90,658052.522,1159431.951,-64.0,11,658052.857,1159431.433,10.48529200,76.44419800,0.365,0.037,9.4,10.0,0.0,14.4,1926,2047,RTK FIXED
78.706,075047.80,10.48529400,76.44419700,10.48529402,76.44419700,658052.594,1159431.991,107.90,658052.550,1159431.967,-64.0,11,658052.857,1159431.433,10.48529200,76.44419800,0.366,0.025,9.6,10.0,-0.5,14.3,1964,2047,RTK FIXED
78.752,075047.80,10.48529400,76.44419700,10.48529401,76.44419700,658052.594,1159431.991,107.90,658052.568,1159431.977,-64.0,11,658052.857,1159431.433,10.48529200,76.44419800,0.366,0.025,9.6,10.0,0.5,14.7,1964,2047,RTK FIXED
78.806,075047.80,10.48529400,76.44419700,10.48529401,76.44419700,658052.594,1159431.991,107.90,658052.578,1159431.982,-64.0,11,658052.857,1159431.433,10.48529200,76.44419800,0.366,0.025,9.6,10.0,0.0,14.8,1964,2047,RTK FIXED
78.853,075047.80,10.48529400,76.44419700,10.48529400,76.44419700,658052.594,1159431.991,107.90,658052.584,1159431.986,-64.0,11,658052.857,1159431.433,10.48529200,76.44419800,0.366,0.025,9.6,10.0,-0.5,16.7,1964,2047,RTK FIXED
78.906,075047.80,10.48529400,76.44419700,10.48529400,76.44419700,658052.594,1159431.991,107.90,658052.588,1159431.988,-64.0,11,658052.857,1159431.433,10.48529200,76.44419800,0.366,0.025,9.6,10.0,0.5,17.7,1964,2047,RTK FIXED
78.953,075048.00,10.48529300,76.44419700,10.48529360,76.44419700,658052.594,1159431.881,107.90,658052.590,1159431.945,-64.0,11,658052.857,1159431.433,10.48529200,76.44419800,0.365,0.033,9.5,10.0,0.0,17.7,1940,2047,RTK FIXED
79.006,075048.00,10.48529300,76.44419700,10.48529336,76.44419700,658052.594,1159431.881,107.90,658052.592,1159431.919,-64.0,11,658052.857,1159431.433,10.48529200,76.44419800,0.365,0.033,9.5,10.0,-0.5,17.5,1940,2047,RTK FIXED
79.053,075048.00,10.48529300,76.44419700,10.48529322,76.44419700,658052.594,1159431.881,107.90,658052.593,1159431.904,-64.0,11,658052.857,1159431.433,10.48529200,76.44419800,0.365,0.033,9.5,10.0,0.0,17.7,1940,2047,RTK FIXED
79.106,075048.00,10.48529300,76.44419700,10.48529313,76.44419700,658052.594,1159431.881,107.90,658052.593,1159431.894,-64.0,11,658052.857,1159431.433,10.48529200,76.44419800,0.365,0.033,9.5,10.0,0.0,18.1,1940,2047,RTK FIXED
79.153,075048.20,10.48529300,76.44419700,10.48529308,76.44419700,658052.594,1159431.881,107.90,658052.594,1159431.889,-62.1,11,658052.857,1159431.433,10.48529200,76.44419800,0.366,0.021,9.7,10.0,0.0,17.8,1979,2047,RTK FIXED
79.207,075048.20,10.48529300,76.44419700,10.48529305,76.44419700,658052.594,1159431.881,107.90,658052.594,1159431.886,-62.1,11,658052.857,1159431.433,10.48529200,76.44419800,0.366,0.021,9.7,10.0,0.5,17.7,1979,2047,RTK FIXED
79.260,075048.20,10.48529300,76.44419700,10.48529303,76.44419700,658052.594,1159431.881,107.90,658052.594,1159431.884,-62.1,11,658052.857,1159431.433,10.48529200,76.44419800,0.366,0.021,9.7,10.0,0.0,18.1,1979,2047,RTK FIXED
79.307,075048.20,10.48529300,76.44419700,10.48529302,76.44419700,658052.594,1159431.881,107.90,658052.594,1159431.882,-62.1,11,658052.857,1159431.433,10.48529200,76.44419800,0.366,0.021,9.7,10.0,-0.5,17.9,1979,2047,RTK FIXED
79.361,075048.40,10.48529300,76.44419800,10.48529301,76.44419740,658052.693,1159431.876,107.90,658052.633,1159431.880,-62.1,11,658052.857,1159431.433,10.48529200,76.44419800,0.366,0.003,10.0,10.0,0.5,17.9,2037,2047,RTK FIXED
79.407,075048.40,10.48529300,76.44419800,10.48529301,76.44419764,658052.693,1159431.876,107.90,658052.657,1159431.878,-62.1,11,658052.857,1159431.433,10.48529200,76.44419800,0.366,0.003,10.0,10.0,0.0,18.1,2037,2047,RTK FIXED
79.460,075048.40,10.48529300,76.44419800,10.48529300,76.44419778,658052.693,1159431.876,107.90,658052.671,1159431.877,-62.1,11,658052.857,1159431.433,10.48529200,76.44419800,0.366,0.003,10.0,10.0,0.0,18.2,2037,2047,RTK FIXED
79.507,075048.40,10.48529300,76.44419800,10.48529300,76.44419787,658052.693,1159431.876,107.90,658052.680,1159431.877,-62.1,11,658052.857,1159431.433,10.48529200,76.44419800,0.366,0.003,10.0,10.0,0.0,18.2,2037,2047,RTK FIXED
79.561,075048.60,10.48529200,76.44419800,10.48529260,76.44419792,658052.693,1159431.765,107.90,658052.685,1159431.832,-57.3,11,658052.857,1159431.433,10.48529200,76.44419800,0.365,-0.035,10.0,9.4,0.0,17.9,2047,1931,RTK FIXED
79.607,075048.60,10.48529200,76.44419800,10.48529236,76.44419795,658052.693,1159431.765,107.90,658052.688,1159431.805,-57.3,11,658052.857,1159431.433,10.48529200,76.44419800,0.365,-0.035,10.0,9.4,0.0,19.1,2047,1931,RTK FIXED
79.665,075048.60,10.48529200,76.44419800,10.48529222,76.44419797,658052.693,1159431.765,107.90,658052.690,1159431.789,-57.3,11,658052.857,1159431.433,10.48529200,76.44419800,0.365,-0.035,10.0,9.4,-0.4,18.2,2047,1931,RTK FIXED
79.707,075048.60,10.48529200,76.44419800,10.48529213,76.44419798,658052.693,1159431.765,107.90,658052.691,1159431.780,-57.3,11,658052.857,1159431.433,10.48529200,76.44419800,0.365,-0.035,10.0,9.4,0.0,18.2,2047,1931,RTK FIXED
79.761,075048.80,10.48529200,76.44419800,10.48529208,76.44419799,658052.666,1159431.750,107.90,658052.681,1159431.768,-57.3,11,658052.857,1159431.433,10.48529200,76.44419800,0.340,-0.025,10.0,9.6,0.5,18.1,2047,1958,RTK FIXED
79.815,075048.80,10.48529200,76.44419800,10.48529205,76.44419799,658052.666,1159431.750,107.90,658052.675,1159431.761,-57.3,11,658052.857,1159431.433,10.48529200,76.44419800,0.340,-0.025,10.0,9.6,0.0,18.7,2047,1958,RTK FIXED
79.861,075048.80,10.48529200,76.44419800,10.48529203,76.44419800,658052.666,1159431.750,107.90,658052.671,1159431.757,-57.3,11,658052.857,1159431.433,10.48529200,76.44419800,0.340,-0.025,10.0,9.6,-0.5,17.3,2047,1958,RTK FIXED
79.915,075048.80,10.48529200,76.44419800,10.48529202,76.44419800,658052.666,1159431.750,107.90,658052.669,1159431.754,-57.3,11,658052.857,1159431.433,10.48529200,76.44419800,0.340,-0.025,10.0,9.6,0.0,18.0,2047,1958,RTK FIXED
79.961,075049.00,10.48529200,76.44419800,10.48529201,76.44419800,658052.666,1159431.750,107.90,658052.668,1159431.752,-57.3,11,658052.857,1159431.433,10.48529200,76.44419800,0.323,-0.019,10.0,9.6,0.5,17.8,2047,1975,RTK FIXED
80.015,075049.00,10.48529200,76.44419800,10.48529201,76.44419800,658052.666,1159431.750,107.90,658052.667,1159431.752,-57.3,11,658052.857,1159431.433,10.48529200,76.44419800,0.323,-0.019,10.0,9.6,0.0,17.2,2047,1975,RTK FIXED
80.061,075049.00,10.48529200,76.44419800,10.48529200,76.44419800,658052.666,1159431.750,107.90,658052.666,1159431.751,-57.3,11,658052.857,1159431.433,10.48529200,76.44419800,0.323,-0.019,10.0,9.6,-0.5,17.4,2047,1975,RTK FIXED
80.116,075049.00,10.48529200,76.44419800,10.48529200,76.44419800,658052.666,1159431.750,107.90,658052.666,1159431.751,-57.3,11,658052.857,1159431.433,10.48529200,76.44419800,0.323,-0.019,10.0,9.6,0.0,17.5,2047,1975,RTK FIXED
80.164,075049.20,10.48529100,76.44419800,10.48529160,76.44419800,658052.666,1159431.640,107.90,658052.666,1159431.706,-65.6,12,658053.409,1159430.551,10.48528400,76.44420300,0.362,0.070,8.9,10.0,0.0,17.7,1823,2047,RTK FIXED
80.216,075049.20,10.48529100,76.44419800,10.48529136,76.44419800,658052.666,1159431.640,107.90,658052.666,1159431.680,-65.6,12,658053.409,1159430.551,10.48528400,76.44420300,0.362,0.070,8.9,10.0,0.5,18.2,1823,2047,RTK FIXED
80.261,075049.20,10.48529100,76.44419800,10.48529122,76.44419800,658052.666,1159431.640,107.90,658052.666,1159431.664,-65.6,12,658053.409,1159430.551,10.48528400,76.44420300,0.362,0.070,8.9,10.0,0.0,18.0,1823,2047,RTK FIXED
80.317,075049.40,10.48529100,76.44419800,10.48529113,76.44419800,658052.714,1159431.664,107.90,658052.685,1159431.664,-65.6,12,658053.409,1159430.551,10.48528400,76.44420300,0.363,0.068,8.9,10.0,0.0,18.0,1827,2047,RTK FIXED
80.361,075049.40,10.48529100,76.44419800,10.48529108,76.44419800,658052.714,1159431.664,107.90,658052.697,1159431.664,-65.6,12,658053.409,1159430.551,10.48528400,76.44420300,0.363,0.068,8.9,10.0,-0.6,17.0,1827,2047,RTK FIXED
80.416,075049.40,10.48529100,76.44419800,10.48529105,76.44419800,658052.714,1159431.664,107.90,658052.703,1159431.664,-65.6,12,658053.409,1159430.551,10.48528400,76.44420300,0.363,0.068,8.9,10.0,0.0,18.0,1827,2047,RTK FIXED
80.469,075049.40,10.48529100,76.44419800,10.48529103,76.44419800,658052.714,1159431.664,107.90,658052.708,1159431.664,-65.6,12,658053.409,1159430.551,10.48528400,76.44420300,0.363,0.068,8.9,10.0,0.5,18.1,1827,2047,RTK FIXED
80.516,075049.60,10.48529100,76.44419800,10.48529102,76.44419800,658052.714,1159431.664,107.90,658052.710,1159431.664,-65.6,12,658053.409,1159430.551,10.48528400,76.44420300,0.363,0.067,8.9,10.0,-0.5,18.2,1831,2047,RTK FIXED
80.569,075049.60,10.48529100,76.44419800,10.48529101,76.44419800,658052.714,1159431.664,107.90,658052.712,1159431.664,-65.6,12,658053.409,1159430.551,10.48528400,76.44420300,0.363,0.067,8.9,10.0,0.5,17.8,1831,2047,RTK FIXED
80.616,075049.60,10.48529100,76.44419800,10.48529101,76.44419800,658052.714,1159431.664,107.90,658052.712,1159431.664,-65.6,12,658053.409,1159430.551,10.48528400,76.44420300,0.363,0.067,8.9,10.0,0.0,18.4,1831,2047,RTK FIXED
80.669,075049.60,10.48529100,76.44419800,10.48529100,76.44419800,658052.714,1159431.664,107.90,658052.713,1159431.664,-65.6,12,658053.409,1159430.551,10.48528400,76.44420300,0.363,0.067,8.9,10.0,-0.5,18.3,1831,2047,RTK FIXED
80.717,075049.80,10.48529000,76.44419900,10.48529060,76.44419840,658052.824,1159431.554,107.90,658052.757,1159431.620,-60.4,12,658053.409,1159430.551,10.48528400,76.44420300,0.366,0.015,9.8,10.0,0.5,17.7,1998,2047,RTK FIXED
80.770,075049.80,10.48529000,76.44419900,10.48529036,76.44419864,658052.824,1159431.554,107.90,658052.784,1159431.593,-60.4,12,658053.409,1159430.551,10.48528400,76.44420300,0.366,0.015,9.8,10.0,-0.5,18.0,1998,2047,RTK FIXED
80.815,075049.80,10.48529000,76.44419900,10.48529022,76.44419878,658052.824,1159431.554,107.90,658052.800,1159431.578,-60.4,12,658053.409,1159430.551,10.48528400,76.44420300,0.366,0.015,9.8,10.0,0.0,18.1,1998,2047,RTK FIXED
80.869,075049.80,10.48529000,76.44419900,10.48529013,76.44419887,658052.824,1159431.554,107.90,658052.809,1159431.568,-60.4,12,658053.409,1159430.551,10.48528400,76.44420300,0.366,0.015,9.8,10.0,0.0,18.1,1998,2047,RTK FIXED
80.917,075049.80,10.48529000,76.44419900,10.48529008,76.44419892,658052.824,1159431.554,107.90,658052.815,1159431.562,-60.4,12,658053.409,1159430.551,10.48528400,76.44420300,0.366,0.015,9.8,10.0,0.0,17.8,1998,2047,RTK FIXED
80.970,075050.00,10.48529000,76.44419900,10.48529005,76.44419895,658052.793,1159431.539,107.90,658052.806,1159431.553,-60.4,12,658053.409,1159430.551,10.48528400,76.44420300,0.366,0.016,9.7,10.0,0.0,18.2,1992,2047,RTK FIXED
81.024,075050.00,10.48529000,76.44419900,10.48529003,76.44419897,658052.793,1159431.539,107.90,658052.801,1159431.548,-60.4,12,658053.409,1159430.551,10.48528400,76.44420300,0.366,0.016,9.7,10.0,0.5,18.2,1992,2047,RTK FIXED
81.069,075050.00,10.48529000,76.44419900,10.48529002,76.44419898,658052.793,1159431.539,107.90,658052.798,1159431.544,-60.4,12,658053.409,1159430.551,10.48528400,76.44420300,0.366,0.016,9.7,10.0,0.0,18.1,1992,2047,RTK FIXED
81.124,075050.20,10.48529000,76.44419900,10.48529001,76.44419899,658052.793,1159431.539,107.90,658052.796,1159431.542,-60.4,12,658053.409,1159430.551,10.48528400,76.44420300,0.366,0.018,9.7,10.0,-0.5,17.8,1988,2047,RTK FIXED
81.169,075050.20,10.48529000,76.44419900,10.48529001,76.44419899,658052.793,1159431.539,107.90,658052.795,1159431.541,-60.4,12,658053.409,1159430.551,10.48528400,76.44420300,0.366,0.018,9.7,10.0,0.0,18.3,1988,2047,RTK FIXED
81.224,075050.20,10.48529000,76.44419900,10.48529000,76.44419900,658052.793,1159431.539,107.90,658052.794,1159431.540,-60.4,12,658053.409,1159430.551,10.48528400,76.44420300,0.366,0.018,9.7,10.0,0.0,18.3,1988,2047,RTK FIXED
81.269,075050.20,10.48529000,76.44419900,10.48529000,76.44419900,658052.793,1159431.539,107.90,658052.794,1159431.540,-60.4,12,658053.409,1159430.551,10.48528400,76.44420300,0.366,0.018,9.7,10.0,0.0,18.2,1988,2047,RTK FIXED
81.324,075050.40,10.48528900,76.44419900,10.48528960,76.44419900,658052.794,1159431.429,107.90,658052.794,1159431.495,-64.1,12,658053.409,1159430.551,10.48528400,76.44420300,0.363,0.064,9.0,10.0,0.5,18.2,1843,2047,RTK FIXED
81.370,075050.40,10.48528900,76.44419900,10.48528936,76.44419900,658052.794,1159431.429,107.90,658052.794,1159431.469,-64.1,12,658053.409,1159430.551,10.48528400,76.44420300,0.363,0.064,9.0,10.0,-0.5,18.0,1843,2047,RTK FIXED
81.424,075050.40,10.48528900,76.44419900,10.48528922,76.44419900,658052.794,1159431.429,107.90,658052.794,1159431.453,-64.1,12,658053.409,1159430.551,10.48528400,76.44420300,0.363,0.064,9.0,10.0,0.0,18.3,1843,2047,RTK FIXED
81.470,075050.40,10.48528900,76.44419900,10.48528913,76.44419900,658052.794,1159431.429,107.90,658052.794,1159431.443,-64.1,12,658053.409,1159430.551,10.48528400,76.44420300,0.363,0.064,9.0,10.0,0.0,18.3,1843,2047,RTK FIXED
81.525,075050.60,10.48528900,76.44419900,10.48528908,76.44419900,658052.815,1159431.439,107.90,658052.802,1159431.442,-64.1,12,658053.409,1159430.551,10.48528400,76.44420300,0.363,0.067,9.0,10.0,0.0,17.8,1832,2047,RTK FIXED
81.579,075050.60,10.48528900,76.44419900,10.48528905,76.44419900,658052.815,1159431.439,107.90,658052.808,1159431.441,-64.1,12,658053.409,1159430.551,10.48528400,76.44420300,0.363,0.067,9.0,10.0,0.5,18.1,1832,2047,RTK FIXED
81.624,075050.60,10.48528900,76.44419900,10.48528903,76.44419900,658052.815,1159431.439,107.90,658052.811,1159431.440,-64.1,12,658053.409,1159430.551,10.48528400,76.44420300,0.363,0.067,9.0,10.0,-0.5,17.5,1832,2047,RTK FIXED
81.682,075050.60,10.48528900,76.44419900,10.48528902,76.44419900,658052.815,1159431.439,107.90,658052.813,1159431.440,-64.1,12,658053.409,1159430.551,10.48528400,76.44420300,0.363,0.067,9.0,10.0,0.0,17.4,1832,2047,RTK FIXED
81.725,075050.80,10.48528900,76.44419900,10.48528901,76.44419900,658052.815,1159431.439,107.90,658052.814,1159431.440,-64.1,12,658053.409,1159430.551,10.48528400,76.44420300,0.363,0.069,8.9,10.0,0.0,17.9,1825,2047,RTK FIXED
81.778,075050.80,10.48528900,76.44419900,10.48528901,76.44419900,658052.815,1159431.439,107.90,658052.814,1159431.439,-64.1,12,658053.409,1159430.551,10.48528400,76.44420300,0.363,0.069,8.9,10.0,0.0,17.4,1825,2047,RTK FIXED
81.825,075050.80,10.48528900,76.44419900,10.48528900,76.44419900,658052.815,1159431.439,107.90,658052.815,1159431.439,-64.1,12,658053.409,1159430.551,10.48528400,76.44420300,0.363,0.069,8.9,10.0,0.0,17.8,1825,2047,RTK FIXED
81.878,075050.80,10.48528900,76.44419900,10.48528900,76.44419900,658052.815,1159431.439,107.90,658052.815,1159431.439,-64.1,12,658053.409,1159430.551,10.48528400,76.44420300,0.363,0.069,8.9,10.0,0.5,17.6,1825,2047,RTK FIXED
81.924,075051.00,10.48528800,76.44420000,10.48528860,76.44419940,658052.925,1159431.329,107.90,658052.859,1159431.395,-61.8,12,658053.409,1159430.551,10.48528400,76.44420300,0.365,0.043,9.3,10.0,-0.5,17.4,1908,2047,RTK FIXED
81.979,075051.00,10.48528800,76.44420000,10.48528836,76.44419964,658052.925,1159431.329,107.90,658052.886,1159431.369,-61.8,12,658053.409,1159430.551,10.48528400,76.44420300,0.365,0.043,9.3,10.0,0.0,18.0,1908,2047,RTK FIXED
82.024,075051.00,10.48528800,76.44420000,10.48528822,76.44419978,658052.925,1159431.329,107.90,658052.901,1159431.353,-61.8,12,658053.409,1159430.551,10.48528400,76.44420300,0.365,0.043,9.3,10.0,0.5,17.5,1908,2047,RTK FIXED
82.079,075051.00,10.48528800,76.44420000,10.48528813,76.44419987,658052.925,1159431.329,107.90,658052.911,1159431.343,-61.8,12,658053.409,1159430.551,10.48528400,76.44420300,0.365,0.043,9.3,10.0,-0.5,18.0,1908,2047,RTK FIXED
82.133,075051.20,10.48528800,76.44420000,10.48528808,76.44419992,658052.912,1159431.323,107.90,658052.911,1159431.335,-61.8,12,658053.409,1159430.551,10.48528400,76.44420300,0.365,0.042,9.3,10.0,0.0,17.9,1911,2047,RTK FIXED
82.179,075051.20,10.48528800,76.44420000,10.48528805,76.44419995,658052.912,1159431.323,107.90,658052.912,1159431.330,-61.8,12,658053.409,1159430.551,10.48528400,76.44420300,0.365,0.042,9.3,10.0,0.5,17.9,1911,2047,RTK FIXED
82.233,075051.20,10.48528800,76.44420000,10.48528803,76.44419997,658052.912,1159431.323,107.90,658052.912,1159431.327,-61.8,12,658053.409,1159430.551,10.48528400,76.44420300,0.365,0.042,9.3,10.0,-0.5,17.7,1911,2047,RTK FIXED
82.280,075051.20,10.48528800,76.44420000,10.48528802,76.44419998,658052.912,1159431.323,107.90,658052.912,1159431.325,-61.8,12,658053.409,1159430.551,10.48528400,76.44420300,0.365,0.042,9.3,10.0,0.0,18.0,1911,2047,RTK FIXED
82.333,075051.40,10.48528800,76.44420000,10.48528801,76.44419999,658052.912,1159431.323,107.90,658052.912,1159431.324,-61.8,12,658053.409,1159430.551,10.48528400,76.44420300,0.365,0.041,9.3,10.0,0.0,17.8,1912,2047,RTK FIXED
82.379,075051.40,10.48528800,76.44420000,10.48528801,76.44419999,658052.912,1159431.323,107.90,658052.912,1159431.324,-61.8,12,658053.409,1159430.551,10.48528400,76.44420300,0.365,0.041,9.3,10.0,0.5,18.6,1912,2047,RTK FIXED
82.433,075051.40,10.48528800,76.44420000,10.48528800,76.44420000,658052.912,1159431.323,107.90,658052.912,1159431.323,-61.8,12,658053.409,1159430.551,10.48528400,76.44420300,0.365,0.041,9.3,10.0,-0.5,18.0,1912,2047,RTK FIXED
82.479,075051.40,10.48528800,76.44420000,10.48528800,76.44420000,658052.912,1159431.323,107.90,658052.912,1159431.323,-61.8,12,658053.409,1159430.551,10.48528400,76.44420300,0.365,0.041,9.3,10.0,0.5,19.0,1912,2047,RTK FIXED
82.533,075051.60,10.48528800,76.44420000,10.48528800,76.44420000,658052.912,1159431.323,107.90,658052.912,1159431.323,-60.1,12,658053.409,1159430.551,10.48528400,76.44420300,0.365,0.027,9.6,10.0,0.0,18.0,1959,2047,RTK FIXED
82.579,075051.60,10.48528800,76.44420000,10.48528800,76.44420000,658052.912,1159431.323,107.90,658052.912,1159431.323,-60.1,12,658053.409,1159430.551,10.48528400,76.44420300,0.365,0.027,9.6,10.0,-0.6,18.2,1959,2047,RTK FIXED
82.633,075051.60,10.48528800,76.44420000,10.48528800,76.44420000,658052.912,1159431.323,107.90,658052.912,1159431.323,-60.1,12,658053.409,1159430.551,10.48528400,76.44420300,0.365,0.027,9.6,10.0,0.5,18.4,1959,2047,RTK FIXED
82.688,075051.60,10.48528800,76.44420000,10.48528800,76.44420000,658052.912,1159431.323,107.90,658052.912,1159431.323,-60.1,12,658053.409,1159430.551,10.48528400,76.44420300,0.365,0.027,9.6,10.0,-0.5,18.7,1959,2047,RTK FIXED
82.733,075051.80,10.48528700,76.44420000,10.48528760,76.44420000,658052.903,1159431.207,107.90,658052.908,1159431.277,-60.1,12,658053.409,1159430.551,10.48528400,76.44420300,0.365,0.044,9.3,10.0,0.5,18.0,1905,2047,RTK FIXED
82.787,075051.80,10.48528700,76.44420000,10.48528736,76.44420000,658052.903,1159431.207,107.90,658052.906,1159431.249,-60.1,12,658053.409,1159430.551,10.48528400,76.44420300,0.365,0.044,9.3,10.0,-0.5,19.1,1905,2047,RTK FIXED
82.833,075051.80,10.48528700,76.44420000,10.48528722,76.44420000,658052.903,1159431.207,107.90,658052.905,1159431.232,-60.1,12,658053.409,1159430.551,10.48528400,76.44420300,0.365,0.044,9.3,10.0,0.0,18.9,1905,2047,RTK FIXED
82.887,075051.80,10.48528700,76.44420000,10.48528713,76.44420000,658052.903,1159431.207,107.90,658052.904,1159431.222,-60.1,12,658053.409,1159430.551,10.48528400,76.44420300,0.365,0.044,9.3,10.0,0.5,18.5,1905,2047,RTK FIXED
82.934,075051.80,10.48528700,76.44420000,10.48528708,76.44420000,658052.903,1159431.207,107.90,658052.904,1159431.216,-60.1,12,658053.409,1159430.551,10.48528400,76.44420300,0.365,0.044,9.3,10.0,0.0,18.9,1905,2047,RTK FIXED
82.988,075052.00,10.48528700,76.44420100,10.48528705,76.44420040,658053.012,1159431.208,107.90,658052.947,1159431.213,-60.6,12,658053.409,1159430.551,10.48528400,76.44420300,0.365,0.035,9.4,10.0,0.0,18.6,1933,2047,RTK FIXED
83.034,075052.20,10.48528700,76.44420100,10.48528703,76.44420064,658053.015,1159431.209,107.90,658052.974,1159431.211,-60.6,12,658053.409,1159430.551,10.48528400,76.44420300,0.365,0.026,9.6,10.0,-0.5,18.4,1960,2047,RTK FIXED
83.088,075052.20,10.48528700,76.44420100,10.48528702,76.44420078,658053.015,1159431.209,107.90,658052.991,1159431.211,-60.6,12,658053.409,1159430.551,10.48528400,76.44420300,0.365,0.026,9.6,10.0,0.0,19.1,1960,2047,RTK FIXED
83.132,075052.20,10.48528700,76.44420100,10.48528701,76.44420087,658053.015,1159431.209,107.90,658053.000,1159431.210,-60.6,12,658053.409,1159430.551,10.48528400,76.44420300,0.365,0.026,9.6,10.0,0.6,19.1,1960,2047,RTK FIXED
83.188,075052.20,10.48528700,76.44420100,10.48528701,76.44420092,658053.015,1159431.209,107.90,658053.006,1159431.210,-60.6,12,658053.409,1159430.551,10.48528400,76.44420300,0.365,0.026,9.6,10.0,-0.5,18.5,1960,2047,RTK FIXED
83.241,075052.20,10.48528700,76.44420100,10.48528700,76.44420095,658053.015,1159431.209,107.90,658053.010,1159431.209,-60.6,12,658053.409,1159430.551,10.48528400,76.44420300,0.365,0.026,9.6,10.0,0.5,18.6,1960,2047,RTK FIXED
83.287,075052.20,10.48528700,76.44420100,10.48528700,76.44420097,658053.015,1159431.209,107.90,658053.012,1159431.209,-60.6,12,658053.409,1159430.551,10.48528400,76.44420300,0.365,0.026,9.6,10.0,-0.6,19.4,1960,2047,RTK FIXED
83.342,075052.40,10.48528600,76.44420100,10.48528660,76.44420098,658053.016,1159431.099,107.90,658053.013,1159431.165,-60.1,12,658053.409,1159430.551,10.48528400,76.44420300,0.365,0.031,9.5,10.0,0.0,18.1,1945,2047,RTK FIXED
83.388,075052.40,10.48528600,76.44420100,10.48528636,76.44420099,658053.016,1159431.099,107.90,658053.014,1159431.138,-60.1,12,658053.409,1159430.551,10.48528400,76.44420300,0.365,0.031,9.5,10.0,0.0,18.6,1945,2047,RTK FIXED
83.441,075052.40,10.48528600,76.44420100,10.48528622,76.44420099,658053.016,1159431.099,107.90,658053.015,1159431.123,-60.1,12,658053.409,1159430.551,10.48528400,76.44420300,0.365,0.031,9.5,10.0,0.0,18.6,1945,2047,RTK FIXED
83.491,075052.40,10.48528600,76.44420100,10.48528613,76.44420100,658053.016,1159431.099,107.90,658053.015,1159431.113,-60.1,12,658053.409,1159430.551,10.48528400,76.44420300,0.365,0.031,9.5,10.0,0.0,20.0,1945,2047,RTK FIXED
83.542,075052.60,10.48528600,76.44420100,10.48528608,76.44420100,658053.013,1159431.097,107.90,658053.014,1159431.107,-60.1,12,658053.409,1159430.551,10.48528400,76.44420300,0.365,0.038,9.4,10.0,0.0,17.9,1924,2047,RTK FIXED
83.588,075052.60,10.48528600,76.44420100,10.48528605,76.44420100,658053.013,1159431.097,107.90,658053.014,1159431.103,-60.1,12,658053.409,1159430.551,10.48528400,76.44420300,0.365,0.038,9.4,10.0,0.0,18.6,1924,2047,RTK FIXED
83.642,075052.60,10.48528600,76.44420100,10.48528603,76.44420100,658053.013,1159431.097,107.90,658053.013,1159431.100,-60.1,12,658053.409,1159430.551,10.48528400,76.44420300,0.365,0.038,9.4,10.0,0.0,19.3,1924,2047,RTK FIXED
83.688,075052.60,10.48528600,76.44420100,10.48528602,76.44420100,658053.013,1159431.097,107.90,658053.013,1159431.099,-60.1,12,658053.409,1159430.551,10.48528400,76.44420300,0.365,0.038,9.4,10.0,0.0,17.8,1924,2047,RTK FIXED
83.742,075052.80,10.48528600,76.44420200,10.48528601,76.44420140,658053.122,1159431.097,107.90,658053.057,1159431.098,-60.1,12,658053.409,1159430.551,10.48528400,76.44420300,0.366,0.018,9.7,10.0,0.0,18.8,1987,2047,RTK FIXED
83.796,075052.80,10.48528600,76.44420200,10.48528601,76.44420164,658053.122,1159431.097,107.90,658053.083,1159431.098,-60.1,12,658053.409,1159430.551,10.48528400,76.44420300,0.366,0.018,9.7,10.0,0.0,18.7,1987,2047,RTK FIXED
83.842,075052.80,10.48528600,76.44420200,10.48528600,76.44420178,658053.122,1159431.097,107.90,658053.098,1159431.098,-60.1,12,658053.409,1159430.551,10.48528400,76.44420300,0.366,0.018,9.7,10.0,0.5,17.9,1987,2047,RTK FIXED
83.897,075052.80,10.48528600,76.44420200,10.48528600,76.44420187,658053.122,1159431.097,107.90,658053.108,1159431.098,-60.1,12,658053.409,1159430.551,10.48528400,76.44420300,0.366,0.018,9.7,10.0,-0.5,18.7,1987,2047,RTK FIXED
83.942,075053.00,10.48528500,76.44420200,10.48528560,76.44420192,658053.123,1159430.987,107.90,658053.114,1159431.053,-57.5,12,658053.409,1159430.551,10.48528400,76.44420300,0.366,-0.001,10.0,10.0,0.0,18.6,2047,2043,RTK FIXED
83.996,075053.00,10.48528500,76.44420200,10.48528536,76.44420195,658053.123,1159430.987,107.90,658053.117,1159431.027,-57.5,12,658053.409,1159430.551,10.48528400,76.44420300,0.366,-0.001,10.0,10.0,0.5,18.2,2047,2043,RTK FIXED
84.041,075053.00,10.48528500,76.44420200,10.48528522,76.44420197,658053.123,1159430.987,107.90,658053.119,1159431.011,-57.5,12,658053.409,1159430.551,10.48528400,76.44420300,0.366,-0.001,10.0,10.0,0.0,18.7,2047,2043,RTK FIXED
84.096,075053.00,10.48528500,76.44420200,10.48528513,76.44420198,658053.123,1159430.987,107.90,658053.121,1159431.001,-57.5,12,658053.409,1159430.551,10.48528400,76.44420300,0.366,-0.001,10.0,10.0,0.0,19.2,2047,2043,RTK FIXED
84.143,075053.20,10.48528500,76.44420200,10.48528508,76.44420199,658053.108,1159430.979,107.90,658053.116,1159430.992,-57.5,12,658053.409,1159430.551,10.48528400,76.44420300,0.366,0.005,9.9,10.0,0.0,19.3,2031,2047,RTK FIXED
84.198,075053.20,10.48528500,76.44420200,10.48528505,76.44420199,658053.108,1159430.979,107.90,658053.113,1159430.987,-57.5,12,658053.409,1159430.551,10.48528400,76.44420300,0.366,0.005,9.9,10.0,0.0,19.5,2031,2047,RTK FIXED
84.243,075053.20,10.48528500,76.44420200,10.48528503,76.44420200,658053.108,1159430.979,107.90,658053.111,1159430.984,-57.5,12,658053.409,1159430.551,10.48528400,76.44420300,0.366,0.005,9.9,10.0,-0.6,18.9,2031,2047,RTK FIXED
84.295,075053.20,10.48528500,76.44420200,10.48528502,76.44420200,658053.108,1159430.979,107.90,658053.110,1159430.982,-57.5,12,658053.409,1159430.551,10.48528400,76.44420300,0.366,0.005,9.9,10.0,0.5,18.6,2031,2047,RTK FIXED
84.350,075053.40,10.48528500,76.44420200,10.48528501,76.44420200,658053.108,1159430.979,107.90,658053.109,1159430.980,-57.5,12,658053.409,1159430.551,10.48528400,76.44420300,0.366,0.008,9.9,10.0,-0.5,18.4,2020,2047,RTK FIXED
84.396,075053.40,10.48528500,76.44420200,10.48528501,76.44420200,658053.108,1159430.979,107.90,658053.109,1159430.980,-57.5,12,658053.409,1159430.551,10.48528400,76.44420300,0.366,0.008,9.9,10.0,0.5,18.2,2020,2047,RTK FIXED
84.450,075053.40,10.48528500,76.44420200,10.48528500,76.44420200,658053.108,1159430.979,107.90,658053.108,1159430.979,-57.5,12,658053.409,1159430.551,10.48528400,76.44420300,0.366,0.008,9.9,10.0,0.0,17.7,2020,2047,RTK FIXED
84.496,075053.40,10.48528500,76.44420200,10.48528500,76.44420200,658053.108,1159430.979,107.90,658053.108,1159430.979,-57.5,12,658053.409,1159430.551,10.48528400,76.44420300,0.366,0.008,9.9,10.0,0.0,17.5,2020,2047,RTK FIXED
84.551,075053.60,10.48528500,76.44420300,10.48528500,76.44420240,658053.218,1159430.979,107.90,658053.152,1159430.979,-54.4,12,658053.409,1159430.551,10.48528400,76.44420300,0.365,-0.040,10.0,9.4,0.0,18.1,2047,1916,RTK FIXED
84.596,075053.60,10.48528500,76.44420300,10.48528500,76.44420264,658053.218,1159430.979,107.90,658053.178,1159430.979,-54.4,12,658053.409,1159430.551,10.48528400,76.44420300,0.365,-0.040,10.0,9.4,-0.6,18.3,2047,1916,RTK FIXED
84.650,075053.60,10.48528500,76.44420300,10.48528500,76.44420278,658053.218,1159430.979,107.90,658053.194,1159430.979,-54.4,12,658053.409,1159430.551,10.48528400,76.44420300,0.365,-0.040,10.0,9.4,0.5,18.4,2047,1916,RTK FIXED
84.696,075053.60,10.48528500,76.44420300,10.48528500,76.44420287,658053.218,1159430.979,107.90,658053.203,1159430.979,-54.4,12,658053.409,1159430.551,10.48528400,76.44420300,0.365,-0.040,10.0,9.4,-0.5,19.2,2047,1916,RTK FIXED
84.751,075053.80,10.48528400,76.44420300,10.48528460,76.44420292,658053.201,1159430.858,107.90,658053.203,1159430.931,-54.4,12,658053.409,1159430.551,10.48528400,76.44420300,0.365,-0.033,10.0,9.5,0.0,17.3,2047,1938,RTK FIXED
84.796,075053.80,10.48528400,76.44420300,10.48528436,76.44420295,658053.201,1159430.858,107.90,658053.202,1159430.901,-54.4,12,658053.409,1159430.551,10.48528400,76.44420300,0.365,-0.033,10.0,9.5,0.5,17.6,2047,1938,RTK FIXED
84.851,075053.80,10.48528400,76.44420300,10.48528422,76.44420297,658053.201,1159430.858,107.90,658053.202,1159430.884,-54.4,12,658053.409,1159430.551,10.48528400,76.44420300,0.365,-0.033,10.0,9.5,-0.5,17.1,2047,1938,RTK FIXED
84.904,075053.80,10.48528400,76.44420300,10.48528413,76.44420298,658053.201,1159430.858,107.90,658053.201,1159430.873,-54.4,12,658053.409,1159430.551,10.48528400,76.44420300,0.365,-0.033,10.0,9.5,0.0,16.2,2047,1938,RTK FIXED
84.951,075054.00,10.48528400,76.44420300,10.48528408,76.44420299,658053.201,1159430.858,107.90,658053.201,1159430.867,-58.6,12,658053.409,1159430.551,10.48528400,76.44420300,0.339,0.008,9.9,10.0,0.5,16.6,2019,2047,RTK FIXED
85.005,075054.00,10.48528400,76.44420300,10.48528405,76.44420299,658053.201,1159430.858,107.90,658053.201,1159430.863,-58.6,12,658053.409,1159430.551,10.48528400,76.44420300,0.339,0.008,9.9,10.0,-0.5,16.9,2019,2047,RTK FIXED
85.050,075054.00,10.48528400,76.44420300,10.48528403,76.44420300,658053.201,1159430.858,107.90,658053.201,1159430.861,-58.6,12,658053.409,1159430.551,10.48528400,76.44420300,0.339,0.008,9.9,10.0,0.0,16.7,2019,2047,RTK FIXED
85.104,075054.00,10.48528400,76.44420300,10.48528402,76.44420300,658053.201,1159430.858,107.90,658053.201,1159430.860,-58.6,12,658053.409,1159430.551,10.48528400,76.44420300,0.339,0.008,9.9,10.0,0.0,17.5,2019,2047,RTK FIXED
85.152,075054.20,10.48528400,76.44420300,10.48528401,76.44420300,658053.224,1159430.872,107.90,658053.210,1159430.865,-58.6,12,658053.409,1159430.551,10.48528400,76.44420300,0.322,0.003,9.9,10.0,0.0,17.4,2034,2047,RTK FIXED
85.204,075054.20,10.48528400,76.44420300,10.48528401,76.44420300,658053.224,1159430.872,107.90,658053.216,1159430.868,-58.6,12,658053.409,1159430.551,10.48528400,76.44420300,0.322,0.003,9.9,10.0,0.5,16.6,2034,2047,RTK FIXED
85.251,075054.20,10.48528400,76.44420300,10.48528400,76.44420300,658053.224,1159430.872,107.90,658053.219,1159430.870,-58.6,12,658053.409,1159430.551,10.48528400,76.44420300,0.322,0.003,9.9,10.0,-0.5,17.2,2034,2047,RTK FIXED
85.304,075054.20,10.48528400,76.44420300,10.48528400,76.44420300,658053.224,1159430.872,107.90,658053.221,1159430.871,-58.6,12,658053.409,1159430.551,10.48528400,76.44420300,0.322,0.003,9.9,10.0,0.5,17.9,2034,2047,RTK FIXED
85.354,075054.40,10.48528300,76.44420300,10.48528360,76.44420300,658053.225,1159430.762,107.90,658053.223,1159430.827,-58.6,13,658053.960,1159429.669,10.48527600,76.44420800,0.366,0.012,9.8,10.0,0.0,18.0,2007,2047,RTK FIXED
85.405,075054.40,10.48528300,76.44420300,10.48528336,76.44420300,658053.225,1159430.762,107.90,658053.224,1159430.801,-58.6,13,658053.960,1159429.669,10.48527600,76.44420800,0.366,0.012,9.8,10.0,0.0,18.1,2007,2047,RTK FIXED
85.459,075054.40,10.48528300,76.44420300,10.48528322,76.44420300,658053.225,1159430.762,107.90,658053.224,1159430.785,-58.6,13,658053.960,1159429.669,10.48527600,76.44420800,0.366,0.012,9.8,10.0,0.0,18.1,2007,2047,RTK FIXED
85.505,075054.40,10.48528300,76.44420300,10.48528313,76.44420300,658053.225,1159430.762,107.90,658053.224,1159430.776,-58.6,13,658053.960,1159429.669,10.48527600,76.44420800,0.366,0.012,9.8,10.0,0.0,17.3,2007,2047,RTK FIXED
85.559,075054.60,10.48528300,76.44420400,10.48528308,76.44420340,658053.334,1159430.762,107.90,658053.268,1159430.770,-56.6,13,658053.960,1159429.669,10.48527600,76.44420800,0.366,-0.017,10.0,9.7,0.0,18.2,2047,1990,RTK FIXED
85.604,075054.60,10.48528300,76.44420400,10.48528305,76.44420364,658053.334,1159430.762,107.90,658053.295,1159430.767,-56.6,13,658053.960,1159429.669,10.48527600,76.44420800,0.366,-0.017,10.0,9.7,0.0,18.1,2047,1990,RTK FIXED
85.659,075054.60,10.48528300,76.44420400,10.48528303,76.44420378,658053.334,1159430.762,107.90,658053.311,1159430.765,-56.6,13,658053.960,1159429.669,10.48527600,76.44420800,0.366,-0.017,10.0,9.7,-0.5,18.2,2047,1990,RTK FIXED
85.705,075054.60,10.48528300,76.44420400,10.48528302,76.44420387,658053.334,1159430.762,107.90,658053.320,1159430.764,-56.6,13,658053.960,1159429.669,10.48527600,76.44420800,0.366,-0.017,10.0,9.7,0.5,17.3,2047,1990,RTK FIXED
85.760,075054.80,10.48528300,76.44420400,10.48528301,76.44420392,658053.323,1159430.755,107.90,658053.321,1159430.760,-56.6,13,658053.960,1159429.669,10.48527600,76.44420800,0.366,-0.022,10.0,9.6,0.0,17.9,2047,1974,RTK FIXED
85.805,075054.80,10.48528300,76.44420400,10.48528301,76.44420395,658053.323,1159430.755,107.90,658053.322,1159430.758,-56.6,13,658053.960,1159429.669,10.48527600,76.44420800,0.366,-0.022,10.0,9.6,-0.5,17.5,2047,1974,RTK FIXED
85.860,075054.80,10.48528300,76.44420400,10.48528300,76.44420397,658053.323,1159430.755,107.90,658053.322,1159430.757,-56.6,13,658053.960,1159429.669,10.48527600,76.44420800,0.366,-0.022,10.0,9.6,0.0,17.5,2047,1974,RTK FIXED
85.905,075054.80,10.48528300,76.44420400,10.48528300,76.44420398,658053.323,1159430.755,107.90,658053.323,1159430.756,-56.6,13,658053.960,1159429.669,10.48527600,76.44420800,0.366,-0.022,10.0,9.6,0.5,17.4,2047,1974,RTK FIXED
85.960,075055.00,10.48528300,76.44420400,10.48528300,76.44420399,658053.323,1159430.755,107.90,658053.323,1159430.756,-56.6,13,658053.960,1159429.669,10.48527600,76.44420800,0.366,-0.025,10.0,9.6,0.0,17.5,2047,1964,RTK FIXED
86.005,075055.00,10.48528300,76.44420400,10.48528300,76.44420399,658053.323,1159430.755,107.90,658053.323,1159430.756,-56.6,13,658053.960,1159429.669,10.48527600,76.44420800,0.366,-0.025,10.0,9.6,-0.6,17.6,2047,1964,RTK FIXED
86.060,075055.00,10.48528300,76.44420400,10.48528300,76.44420400,658053.323,1159430.755,107.90,658053.323,1159430.756,-56.6,13,658053.960,1159429.669,10.48527600,76.44420800,0.366,-0.025,10.0,9.6,0.0,18.4,2047,1964,RTK FIXED
86.113,075055.00,10.48528300,76.44420400,10.48528300,76.44420400,658053.323,1159430.755,107.90,658053.323,1159430.755,-56.6,13,658053.960,1159429.669,10.48527600,76.44420800,0.366,-0.025,10.0,9.6,0.0,17.7,2047,1964,RTK FIXED
86.160,075055.20,10.48528200,76.44420400,10.48528260,76.44420400,658053.323,1159430.645,107.90,658053.323,1159430.711,-57.6,13,658053.960,1159429.669,10.48527600,76.44420800,0.366,-0.007,10.0,9.9,0.0,18.7,2047,2023,RTK FIXED
86.213,075055.20,10.48528200,76.44420400,10.48528236,76.44420400,658053.323,1159430.645,107.90,658053.323,1159430.685,-57.6,13,658053.960,1159429.669,10.48527600,76.44420800,0.366,-0.007,10.0,9.9,0.5,18.3,2047,2023,RTK FIXED
86.260,075055.20,10.48528200,76.44420400,10.48528222,76.44420400,658053.323,1159430.645,107.90,658053.323,1159430.669,-57.6,13,658053.960,1159429.669,10.48527600,76.44420800,0.366,-0.007,10.0,9.9,0.0,17.8,2047,2023,RTK FIXED
86.314,075055.40,10.48528200,76.44420400,10.48528213,76.44420400,658053.329,1159430.648,107.90,658053.326,1159430.660,-57.6,13,658053.960,1159429.669,10.48527600,76.44420800,0.366,-0.003,10.0,10.0,0.0,17.9,2047,2038,RTK FIXED
86.360,075055.40,10.48528200,76.44420400,10.48528208,76.44420400,658053.329,1159430.648,107.90,658053.327,1159430.655,-57.6,13,658053.960,1159429.669,10.48527600,76.44420800,0.366,-0.003,10.0,10.0,-0.5,17.5,2047,2038,RTK FIXED
86.414,075055.40,10.48528200,76.44420400,10.48528205,76.44420400,658053.329,1159430.648,107.90,658053.328,1159430.653,-57.6,13,658053.960,1159429.669,10.48527600,76.44420800,0.366,-0.003,10.0,10.0,0.0,18.1,2047,2038,RTK FIXED
86.460,075055.40,10.48528200,76.44420400,10.48528203,76.44420400,658053.329,1159430.648,107.90,658053.328,1159430.651,-57.6,13,658053.960,1159429.669,10.48527600,76.44420800,0.366,-0.003,10.0,10.0,0.5,19.0,2047,2038,RTK FIXED
86.514,075055.60,10.48528200,76.44420500,10.48528202,76.44420440,658053.438,1159430.649,107.90,658053.372,1159430.650,-57.6,13,658053.960,1159429.669,10.48527600,76.44420800,0.366,-0.020,10.0,9.7,-0.5,18.9,2047,1982,RTK FIXED
86.568,075055.60,10.48528200,76.44420500,10.48528201,76.44420464,658053.438,1159430.649,107.90,658053.399,1159430.649,-57.6,13,658053.960,1159429.669,10.48527600,76.44420800,0.366,-0.020,10.0,9.7,0.0,18.7,2047,1982,RTK FIXED
86.614,075055.60,10.48528200,76.44420500,10.48528201,76.44420478,658053.438,1159430.649,107.90,658053.415,1159430.649,-57.6,13,658053.960,1159429.669,10.48527600,76.44420800,0.366,-0.020,10.0,9.7,0.5,18.5,2047,1982,RTK FIXED
86.668,075055.60,10.48528200,76.44420500,10.48528200,76.44420487,658053.438,1159430.649,107.90,658053.424,1159430.649,-57.6,13,658053.960,1159429.669,10.48527600,76.44420800,0.366,-0.020,10.0,9.7,0.0,18.1,2047,1982,RTK FIXED
86.714,075055.80,10.48528100,76.44420500,10.48528160,76.44420492,658053.439,1159430.538,107.90,658053.430,1159430.605,-55.3,13,658053.960,1159429.669,10.48527600,76.44420800,0.365,-0.038,10.0,9.4,0.0,17.7,2047,1924,RTK FIXED
86.768,075055.80,10.48528100,76.44420500,10.48528136,76.44420495,658053.439,1159430.538,107.90,658053.434,1159430.578,-55.3,13,658053.960,1159429.669,10.48527600,76.44420800,0.365,-0.038,10.0,9.4,0.0,17.7,2047,1924,RTK FIXED
86.814,075055.80,10.48528100,76.44420500,10.48528122,76.44420497,658053.439,1159430.538,107.90,658053.436,1159430.562,-55.3,13,658053.960,1159429.669,10.48527600,76.44420800,0.365,-0.038,10.0,9.4,-0.5,18.4,2047,1924,RTK FIXED
86.868,075055.80,10.48528100,76.44420500,10.48528113,76.44420498,658053.439,1159430.538,107.90,658053.437,1159430.552,-55.3,13,658053.960,1159429.669,10.48527600,76.44420800,0.365,-0.038,10.0,9.4,0.0,17.6,2047,1924,RTK FIXED
86.913,075055.80,10.48528100,76.44420500,10.48528108,76.44420499,658053.439,1159430.538,107.90,658053.438,1159430.547,-55.3,13,658053.960,1159429.669,10.48527600,76.44420800,0.365,-0.038,10.0,9.4,0.6,17.6,2047,1924,RTK FIXED
86.968,075056.00,10.48528100,76.44420500,10.48528105,76.44420499,658053.427,1159430.530,107.90,658053.433,1159430.540,-55.3,13,658053.960,1159429.669,10.48527600,76.44420800,0.365,-0.033,10.0,9.5,0.0,17.8,2047,1938,RTK FIXED
87.014,075056.00,10.48528100,76.44420500,10.48528103,76.44420500,658053.427,1159430.530,107.90,658053.431,1159430.536,-55.3,13,658053.960,1159429.669,10.48527600,76.44420800,0.365,-0.033,10.0,9.5,-0.5,17.4,2047,1938,RTK FIXED
87.068,075056.00,10.48528100,76.44420500,10.48528102,76.44420500,658053.427,1159430.530,107.90,658053.429,1159430.534,-55.3,13,658053.960,1159429.669,10.48527600,76.44420800,0.365,-0.033,10.0,9.5,0.0,16.9,2047,1938,RTK FIXED
87.122,075056.20,10.48528000,76.44420500,10.48528061,76.44420500,658053.427,1159430.420,107.90,658053.428,1159430.488,-62.3,13,658053.960,1159429.669,10.48527600,76.44420800,0.365,0.045,9.3,10.0,0.0,17.3,1901,2047,RTK FIXED
87.168,075056.20,10.48528000,76.44420500,10.48528037,76.44420500,658053.427,1159430.420,107.90,658053.428,1159430.461,-62.3,13,658053.960,1159429.669,10.48527600,76.44420800,0.365,0.045,9.3,10.0,0.5,16.9,1901,2047,RTK FIXED
87.224,075056.20,10.48528000,76.44420500,10.48528022,76.44420500,658053.427,1159430.420,107.90,658053.428,1159430.444,-62.3,13,658053.960,1159429.669,10.48527600,76.44420800,0.365,0.045,9.3,10.0,0.0,17.6,1901,2047,RTK FIXED
87.268,075056.20,10.48528000,76.44420500,10.48528013,76.44420500,658053.427,1159430.420,107.90,658053.427,1159430.435,-62.3,13,658053.960,1159429.669,10.48527600,76.44420800,0.365,0.045,9.3,10.0,0.0,17.4,1901,2047,RTK FIXED
87.323,075056.40,10.48528000,76.44420500,10.48528008,76.44420500,658053.466,1159430.442,107.90,658053.443,1159430.438,-62.3,13,658053.960,1159429.669,10.48527600,76.44420800,0.365,0.044,9.3,10.0,-0.5,17.1,1903,2047,RTK FIXED
87.369,075056.40,10.48528000,76.44420500,10.48528005,76.44420500,658053.466,1159430.442,107.90,658053.452,1159430.439,-62.3,13,658053.960,1159429.669,10.48527600,76.44420800,0.365,0.044,9.3,10.0,0.0,17.8,1903,2047,RTK FIXED
87.422,075056.40,10.48528000,76.44420500,10.48528003,76.44420500,658053.466,1159430.442,107.90,658053.458,1159430.440,-62.3,13,658053.960,1159429.669,10.48527600,76.44420800,0.365,0.044,9.3,10.0,0.5,18.3,1903,2047,RTK FIXED
87.468,075056.40,10.48528000,76.44420500,10.48528002,76.44420500,658053.466,1159430.442,107.90,658053.461,1159430.441,-62.3,13,658053.960,1159429.669,10.48527600,76.44420800,0.365,0.044,9.3,10.0,-0.5,18.6,1903,2047,RTK FIXED
87.524,075056.60,10.48528000,76.44420500,10.48528001,76.44420500,658053.466,1159430.442,107.90,658053.463,1159430.441,-62.3,13,658053.960,1159429.669,10.48527600,76.44420800,0.365,0.044,9.3,10.0,0.4,18.0,1905,2047,RTK FIXED
87.576,075056.60,10.48528000,76.44420500,10.48528001,76.44420500,658053.466,1159430.442,107.90,658053.465,1159430.442,-62.3,13,658053.960,1159429.669,10.48527600,76.44420800,0.365,0.044,9.3,10.0,0.0,17.5,1905,2047,RTK FIXED
87.623,075056.60,10.48528000,76.44420500,10.48528000,76.44420500,658053.466,1159430.442,107.90,658053.465,1159430.442,-62.3,13,658053.960,1159429.669,10.48527600,76.44420800,0.365,0.044,9.3,10.0,-0.5,17.9,1905,2047,RTK FIXED
87.676,075056.60,10.48528000,76.44420500,10.48528000,76.44420500,658053.466,1159430.442,107.90,658053.466,1159430.442,-62.3,13,658053.960,1159429.669,10.48527600,76.44420800,0.365,0.044,9.3,10.0,0.5,18.1,1905,2047,RTK FIXED
87.727,075056.60,10.48528000,76.44420500,10.48528000,76.44420500,658053.466,1159430.442,107.90,658053.466,1159430.442,-62.3,13,658053.960,1159429.669,10.48527600,76.44420800,0.365,0.044,9.3,10.0,-0.5,19.5,1905,2047,RTK FIXED
87.777,075056.80,10.48528000,76.44420600,10.48528000,76.44420540,658053.576,1159430.443,107.90,658053.510,1159430.442,-54.3,13,658053.960,1159429.669,10.48527600,76.44420800,0.364,-0.050,10.0,9.2,0.0,17.0,2047,1885,RTK FIXED
87.823,075056.80,10.48528000,76.44420600,10.48528000,76.44420564,658053.576,1159430.443,107.90,658053.536,1159430.442,-54.3,13,658053.960,1159429.669,10.48527600,76.44420800,0.364,-0.050,10.0,9.2,0.0,17.6,2047,1885,RTK FIXED
87.877,075056.80,10.48528000,76.44420600,10.48528000,76.44420578,658053.576,1159430.443,107.90,658053.552,1159430.442,-54.3,13,658053.960,1159429.669,10.48527600,76.44420800,0.364,-0.050,10.0,9.2,0.0,17.6,2047,1885,RTK FIXED
87.923,075057.00,10.48527900,76.44420600,10.48527960,76.44420587,658053.531,1159430.306,107.90,658053.544,1159430.388,-54.3,13,658053.960,1159429.669,10.48527600,76.44420800,0.365,-0.036,10.0,9.4,0.0,16.3,2047,1928,RTK FIXED
87.977,075057.00,10.48527900,76.44420600,10.48527936,76.44420592,658053.531,1159430.306,107.90,658053.539,1159430.355,-54.3,13,658053.960,1159429.669,10.48527600,76.44420800,0.365,-0.036,10.0,9.4,0.5,16.2,2047,1928,RTK FIXED
88.031,075057.00,10.48527900,76.44420600,10.48527922,76.44420595,658053.531,1159430.306,107.90,658053.536,1159430.335,-54.3,13,658053.960,1159429.669,10.48527600,76.44420800,0.365,-0.036,10.0,9.4,-0.5,16.3,2047,1928,RTK FIXED
88.077,075057.20,10.48527900,76.44420600,10.48527913,76.44420597,658053.531,1159430.306,107.90,658053.534,1159430.324,-61.4,13,658053.960,1159429.669,10.48527600,76.44420800,0.365,0.034,9.5,10.0,0.5,16.6,1936,2047,RTK FIXED
88.131,075057.20,10.48527900,76.44420600,10.48527908,76.44420598,658053.531,1159430.306,107.90,658053.533,1159430.317,-61.4,13,658053.960,1159429.669,10.48527600,76.44420800,0.365,0.034,9.5,10.0,0.0,16.9,1936,2047,RTK FIXED
88.177,075057.20,10.48527900,76.44420600,10.48527905,76.44420599,658053.531,1159430.306,107.90,658053.532,1159430.312,-61.4,13,658053.960,1159429.669,10.48527600,76.44420800,0.365,0.034,9.5,10.0,-0.5,17.8,1936,2047,RTK FIXED
88.231,075057.20,10.48527900,76.44420600,10.48527903,76.44420599,658053.531,1159430.306,107.90,658053.532,1159430.310,-61.4,13,658053.960,1159429.669,10.48527600,76.44420800,0.365,0.034,9.5,10.0,0.5,17.2,1936,2047,RTK FIXED
88.277,075057.20,10.48527900,76.44420600,10.48527902,76.44420600,658053.531,1159430.306,107.90,658053.532,1159430.308,-61.4,13,658053.960,1159429.669,10.48527600,76.44420800,0.365,0.034,9.5,10.0,-0.5,16.7,1936,2047,RTK FIXED
88.332,075057.40,10.48527900,76.44420600,10.48527901,76.44420600,658053.571,1159430.329,107.90,658053.548,1159430.317,-61.4,13,658053.960,1159429.669,10.48527600,76.44420800,0.365,0.027,9.6,10.0,0.5,17.5,1958,2047,RTK FIXED
88.377,075057.40,10.48527900,76.44420600,10.48527901,76.44420600,658053.571,1159430.329,107.90,658053.557,1159430.322,-61.4,13,658053.960,1159429.669,10.48527600,76.44420800,0.365,0.027,9.6,10.0,-0.5,17.0,1958,2047,RTK FIXED
88.431,075057.40,10.48527900,76.44420600,10.48527900,76.44420600,658053.571,1159430.329,107.90,658053.563,1159430.325,-61.4,13,658053.960,1159429.669,10.48527600,76.44420800,0.365,0.027,9.6,10.0,0.0,17.5,1958,2047,RTK FIXED
88.477,075057.40,10.48527900,76.44420600,10.48527900,76.44420600,658053.571,1159430.329,107.90,658053.566,1159430.327,-61.4,13,658053.960,1159429.669,10.48527600,76.44420800,0.365,0.027,9.6,10.0,0.0,17.9,1958,2047,RTK FIXED
88.532,075057.60,10.48527800,76.44420600,10.48527860,76.44420600,658053.572,1159430.219,107.90,658053.568,1159430.283,-61.4,13,658053.960,1159429.669,10.48527600,76.44420800,0.365,0.038,9.4,10.0,0.0,17.5,1924,2047,RTK FIXED
88.585,075057.60,10.48527800,76.44420600,10.48527836,76.44420600,658053.572,1159430.219,107.90,658053.570,1159430.258,-61.4,13,658053.960,1159429.669,10.48527600,76.44420800,0.365,0.038,9.4,10.0,0.0,17.7,1924,2047,RTK FIXED
88.632,075057.60,10.48527800,76.44420600,10.48527822,76.44420600,658053.572,1159430.219,107.90,658053.570,1159430.242,-61.4,13,658053.960,1159429.669,10.48527600,76.44420800,0.365,0.038,9.4,10.0,0.0,18.3,1924,2047,RTK FIXED
88.686,075057.60,10.48527800,76.44420600,10.48527813,76.44420600,658053.572,1159430.219,107.90,658053.571,1159430.233,-61.4,13,658053.960,1159429.669,10.48527600,76.44420800,0.365,0.038,9.4,10.0,0.5,18.1,1924,2047,RTK FIXED
88.732,075057.80,10.48527800,76.44420700,10.48527808,76.44420640,658053.681,1159430.219,107.90,658053.615,1159430.227,-57.5,13,658053.960,1159429.669,10.48527600,76.44420800,0.366,-0.013,10.0,9.8,0.0,17.2,2047,2004,RTK FIXED
88.785,075057.80,10.48527800,76.44420700,10.48527805,76.44420664,658053.681,1159430.219,107.90,658053.641,1159430.224,-57.5,13,658053.960,1159429.669,10.48527600,76.44420800,0.366,-0.013,10.0,9.8,0.0,17.7,2047,2004,RTK FIXED
88.832,075057.80,10.48527800,76.44420700,10.48527803,76.44420678,658053.681,1159430.219,107.90,658053.657,1159430.222,-57.5,13,658053.960,1159429.669,10.48527600,76.44420800,0.366,-0.013,10.0,9.8,0.0,17.9,2047,2004,RTK FIXED
88.885,075057.80,10.48527800,76.44420700,10.48527802,76.44420687,658053.681,1159430.219,107.90,658053.667,1159430.221,-57.5,13,658053.960,1159429.669,10.48527600,76.44420800,0.366,-0.013,10.0,9.8,0.0,17.2,2047,2004,RTK FIXED
88.932,075057.80,10.48527800,76.44420700,10.48527801,76.44420692,658053.681,1159430.219,107.90,658053.673,1159430.220,-57.5,13,658053.960,1159429.669,10.48527600,76.44420800,0.366,-0.013,10.0,9.8,-0.5,17.3,2047,2004,RTK FIXED
88.986,075058.00,10.48527800,76.44420700,10.48527801,76.44420695,658053.659,1159430.207,107.90,658053.667,1159430.215,-57.5,13,658053.960,1159429.669,10.48527600,76.44420800,0.366,-0.017,10.0,9.7,0.5,18.0,2047,1991,RTK FIXED
89.032,075058.00,10.48527800,76.44420700,10.48527800,76.44420697,658053.659,1159430.207,107.90,658053.664,1159430.212,-57.5,13,658053.960,1159429.669,10.48527600,76.44420800,0.366,-0.017,10.0,9.7,0.0,17.4,2047,1991,RTK FIXED
89.085,075058.00,10.48527800,76.44420700,10.48527800,76.44420698,658053.659,1159430.207,107.90,658053.662,1159430.210,-57.5,13,658053.960,1159429.669,10.48527600,76.44420800,0.366,-0.017,10.0,9.7,0.0,17.2,2047,1991,RTK FIXED
89.132,075058.20,10.48527800,76.44420700,10.48527800,76.44420699,658053.659,1159430.207,107.90,658053.661,1159430.209,-57.5,13,658053.960,1159429.669,10.48527600,76.44420800,0.366,-0.019,10.0,9.7,-0.5,18.2,2047,1983,RTK FIXED
89.185,075058.20,10.48527800,76.44420700,10.48527800,76.44420699,658053.659,1159430.207,107.90,658053.660,1159430.208,-57.5,13,658053.960,1159429.669,10.48527600,76.44420800,0.366,-0.019,10.0,9.7,0.0,18.0,2047,1983,RTK FIXED
89.240,075058.20,10.48527800,76.44420700,10.48527800,76.44420700,658053.659,1159430.207,107.90,658053.660,1159430.208,-57.5,13,658053.960,1159429.669,10.48527600,76.44420800,0.366,-0.019,10.0,9.7,0.0,18.3,2047,1983,RTK FIXED
89.286,075058.20,10.48527800,76.44420700,10.48527800,76.44420700,658053.659,1159430.207,107.90,658053.660,1159430.208,-57.5,13,658053.960,1159429.669,10.48527600,76.44420800,0.366,-0.019,10.0,9.7,0.0,18.5,2047,1983,RTK FIXED
89.340,075058.40,10.48527700,76.44420700,10.48527760,76.44420700,658053.660,1159430.097,107.90,658053.660,1159430.163,-59.6,13,658053.960,1159429.669,10.48527600,76.44420800,0.366,0.011,9.8,10.0,0.0,18.3,2009,2047,RTK FIXED
89.385,075058.40,10.48527700,76.44420700,10.48527736,76.44420700,658053.660,1159430.097,107.90,658053.660,1159430.136,-59.6,13,658053.960,1159429.669,10.48527600,76.44420800,0.366,0.011,9.8,10.0,0.6,17.8,2009,2047,RTK FIXED
89.440,075058.40,10.48527700,76.44420700,10.48527722,76.44420700,658053.660,1159430.097,107.90,658053.660,1159430.121,-59.6,13,658053.960,1159429.669,10.48527600,76.44420800,0.366,0.011,9.8,10.0,0.0,17.7,2009,2047,RTK FIXED
89.486,075058.40,10.48527700,76.44420700,10.48527713,76.44420700,658053.660,1159430.097,107.90,658053.660,1159430.111,-59.6,13,658053.960,1159429.669,10.48527600,76.44420800,0.366,0.011,9.8,10.0,-0.5,17.3,2009,2047,RTK FIXED
89.541,075058.60,10.48527700,76.44420800,10.48527708,76.44420740,658053.781,1159430.104,107.90,658053.708,1159430.108,-59.6,13,658053.960,1159429.669,10.48527600,76.44420800,0.366,-0.007,10.0,9.9,0.5,18.0,2047,2023,RTK FIXED
89.585,075058.60,10.48527700,76.44420800,10.48527705,76.44420764,658053.781,1159430.104,107.90,658053.737,1159430.106,-59.6,13,658053.960,1159429.669,10.48527600,76.44420800,0.366,-0.007,10.0,9.9,-0.6,19.0,2047,2023,RTK FIXED
89.640,075058.60,10.48527700,76.44420800,10.48527703,76.44420778,658053.781,1159430.104,107.90,658053.754,1159430.105,-59.6,13,658053.960,1159429.669,10.48527600,76.44420800,0.366,-0.007,10.0,9.9,0.5,19.2,2047,2023,RTK FIXED
89.685,075058.60,10.48527700,76.44420800,10.48527702,76.44420787,658053.781,1159430.104,107.90,658053.765,1159430.105,-59.6,13,658053.960,1159429.669,10.48527600,76.44420800,0.366,-0.007,10.0,9.9,0.0,19.3,2047,2023,RTK FIXED
89.745,075058.80,10.48527600,76.44420800,10.48527661,76.44420792,658053.781,1159429.993,107.90,658053.771,1159430.060,-55.7,13,658053.960,1159429.669,10.48527600,76.44420800,0.365,-0.038,10.0,9.4,0.0,18.9,2047,1924,RTK FIXED
89.793,075058.80,10.48527600,76.44420800,10.48527637,76.44420795,658053.781,1159429.993,107.90,658053.775,1159430.033,-55.7,13,658053.960,1159429.669,10.48527600,76.44420800,0.365,-0.038,10.0,9.4,0.0,18.6,2047,1924,RTK FIXED
89.840,075058.80,10.48527600,76.44420800,10.48527622,76.44420797,658053.781,1159429.993,107.90,658053.778,1159430.017,-55.7,13,658053.960,1159429.669,10.48527600,76.44420800,0.365,-0.038,10.0,9.4,0.0,18.1,2047,1924,RTK FIXED
89.895,075058.80,10.48527600,76.44420800,10.48527613,76.44420798,658053.781,1159429.993,107.90,658053.779,1159430.007,-55.7,13,658053.960,1159429.669,10.48527600,76.44420800,0.365,-0.038,10.0,9.4,-0.5,19.3,2047,1924,RTK FIXED
89.941,075059.00,10.48527600,76.44420800,10.48527608,76.44420799,658053.760,1159429.980,107.90,658053.771,1159429.996,-55.7,13,658053.960,1159429.669,10.48527600,76.44420800,0.345,-0.029,10.0,9.5,0.5,17.4,2047,1945,RTK FIXED
89.994,075059.00,10.48527600,76.44420800,10.48527605,76.44420799,658053.760,1159429.980,107.90,658053.767,1159429.990,-55.7,13,658053.960,1159429.669,10.48527600,76.44420800,0.345,-0.029,10.0,9.5,0.0,17.8,2047,1945,RTK FIXED
90.040,075059.00,10.48527600,76.44420800,10.48527603,76.44420800,658053.760,1159429.980,107.90,658053.764,1159429.986,-55.7,13,658053.960,1159429.669,10.48527600,76.44420800,0.345,-0.029,10.0,9.5,-0.5,17.3,2047,1945,RTK FIXED
90.094,075059.00,10.48527600,76.44420800,10.48527602,76.44420800,658053.760,1159429.980,107.90,658053.762,1159429.984,-55.7,13,658053.960,1159429.669,10.48527600,76.44420800,0.345,-0.029,10.0,9.5,0.0,17.6,2047,1945,RTK FIXED
90.141,075059.20,10.48527600,76.44420800,10.48527601,76.44420800,658053.760,1159429.980,107.90,658053.761,1159429.982,-55.7,13,658053.960,1159429.669,10.48527600,76.44420800,0.325,-0.025,10.0,9.6,0.5,17.2,2047,1957,RTK FIXED
90.194,075059.20,10.48527600,76.44420800,10.48527601,76.44420800,658053.760,1159429.980,107.90,658053.760,1159429.981,-55.7,13,658053.960,1159429.669,10.48527600,76.44420800,0.325,-0.025,10.0,9.6,0.0,17.3,2047,1957,RTK FIXED
90.240,075059.20,10.48527600,76.44420800,10.48527600,76.44420800,658053.760,1159429.980,107.90,658053.760,1159429.981,-55.7,13,658053.960,1159429.669,10.48527600,76.44420800,0.325,-0.025,10.0,9.6,-0.5,17.4,2047,1957,RTK FIXED
90.294,075059.20,10.48527600,76.44420800,10.48527600,76.44420800,658053.760,1159429.980,107.90,658053.760,1159429.981,-55.7,13,658053.960,1159429.669,10.48527600,76.44420800,0.325,-0.025,10.0,9.6,0.5,17.6,2047,1957,RTK FIXED
90.344,075059.40,10.48527600,76.44420800,10.48527600,76.44420800,658053.760,1159429.980,107.90,658053.760,1159429.980,-61.7,14,658054.511,1159428.787,10.48526800,76.44421300,0.365,0.031,9.5,10.0,0.0,17.9,1944,2047,RTK FIXED
90.395,075059.40,10.48527600,76.44420800,10.48527600,76.44420800,658053.760,1159429.980,107.90,658053.760,1159429.980,-61.7,14,658054.511,1159428.787,10.48526800,76.44421300,0.365,0.031,9.5,10.0,-0.5,17.1,1944,2047,RTK FIXED
90.449,075059.40,10.48527600,76.44420800,10.48527600,76.44420800,658053.760,1159429.980,107.90,658053.760,1159429.980,-61.7,14,658054.511,1159428.787,10.48526800,76.44421300,0.365,0.031,9.5,10.0,0.5,17.6,1944,2047,RTK FIXED
90.494,075059.40,10.48527600,76.44420800,10.48527600,76.44420800,658053.760,1159429.980,107.90,658053.760,1159429.980,-61.7,14,658054.511,1159428.787,10.48526800,76.44421300,0.365,0.031,9.5,10.0,0.0,17.0,1944,2047,RTK FIXED
90.549,075059.60,10.48527500,76.44420800,10.48527560,76.44420800,658053.794,1159429.889,107.90,658053.773,1159429.944,-61.7,14,658054.511,1159428.787,10.48526800,76.44421300,0.365,0.036,9.4,10.0,-0.5,17.3,1929,2047,RTK FIXED
90.595,075059.60,10.48527500,76.44420800,10.48527536,76.44420800,658053.794,1159429.889,107.90,658053.782,1159429.922,-61.7,14,658054.511,1159428.787,10.48526800,76.44421300,0.365,0.036,9.4,10.0,0.5,18.1,1929,2047,RTK FIXED
90.649,075059.60,10.48527500,76.44420800,10.48527522,76.44420800,658053.794,1159429.889,107.90,658053.786,1159429.909,-61.7,14,658054.511,1159428.787,10.48526800,76.44421300,0.365,0.036,9.4,10.0,0.0,18.1,1929,2047,RTK FIXED
90.694,075059.60,10.48527500,76.44420800,10.48527513,76.44420800,658053.794,1159429.889,107.90,658053.789,1159429.901,-61.7,14,658054.511,1159428.787,10.48526800,76.44421300,0.365,0.036,9.4,10.0,-0.5,18.7,1929,2047,RTK FIXED
90.749,075059.80,10.48527500,76.44420900,10.48527508,76.44420840,658053.903,1159429.889,107.90,658053.835,1159429.896,-57.1,14,658054.511,1159428.787,10.48526800,76.44421300,0.366,-0.018,10.0,9.7,0.5,18.2,2047,1987,RTK FIXED
90.795,075059.80,10.48527500,76.44420900,10.48527505,76.44420864,658053.903,1159429.889,107.90,658053.862,1159429.893,-57.1,14,658054.511,1159428.787,10.48526800,76.44421300,0.366,-0.018,10.0,9.7,0.0,17.9,2047,1987,RTK FIXED
90.849,075059.80,10.48527500,76.44420900,10.48527503,76.44420878,658053.903,1159429.889,107.90,658053.879,1159429.892,-57.1,14,658054.511,1159428.787,10.48526800,76.44421300,0.366,-0.018,10.0,9.7,-0.5,18.1,2047,1987,RTK FIXED
90.902,075059.80,10.48527500,76.44420900,10.48527502,76.44420887,658053.903,1159429.889,107.90,658053.889,1159429.891,-57.1,14,658054.511,1159428.787,10.48526800,76.44421300,0.366,-0.018,10.0,9.7,0.5,17.4,2047,1987,RTK FIXED
90.949,075100.00,10.48527500,76.44420900,10.48527501,76.44420892,658053.877,1159429.875,107.90,658053.884,1159429.884,-57.1,14,658054.511,1159428.787,10.48526800,76.44421300,0.366,-0.022,10.0,9.7,0.0,17.5,2047,1976,RTK FIXED
91.002,075100.00,10.48527500,76.44420900,10.48527501,76.44420895,658053.877,1159429.875,107.90,658053.881,1159429.881,-57.1,14,658054.511,1159428.787,10.48526800,76.44421300,0.366,-0.022,10.0,9.7,-0.5,18.0,2047,1976,RTK FIXED
91.049,075100.00,10.48527500,76.44420900,10.48527500,76.44420897,658053.877,1159429.875,107.90,658053.880,1159429.878,-57.1,14,658054.511,1159428.787,10.48526800,76.44421300,0.366,-0.022,10.0,9.7,0.5,17.0,2047,1976,RTK FIXED
91.103,075100.00,10.48527500,76.44420900,10.48527500,76.44420898,658053.877,1159429.875,107.90,658053.879,1159429.877,-57.1,14,658054.511,1159428.787,10.48526800,76.44421300,0.366,-0.022,10.0,9.7,0.0,17.7,2047,1976,RTK FIXED
91.150,075100.20,10.48527400,76.44420900,10.48527460,76.44420899,658053.878,1159429.764,107.90,658053.878,1159429.832,-59.9,14,658054.511,1159428.787,10.48526800,76.44421300,0.366,0.012,9.8,10.0,-0.5,17.3,2009,2047,RTK FIXED
91.204,075100.20,10.48527400,76.44420900,10.48527436,76.44420899,658053.878,1159429.764,107.90,658053.878,1159429.805,-59.9,14,658054.511,1159428.787,10.48526800,76.44421300,0.366,0.012,9.8,10.0,0.0,17.2,2009,2047,RTK FIXED
91.250,075100.20,10.48527400,76.44420900,10.48527422,76.44420900,658053.878,1159429.764,107.90,658053.878,1159429.789,-59.9,14,658054.511,1159428.787,10.48526800,76.44421300,0.366,0.012,9.8,10.0,0.5,17.2,2009,2047,RTK FIXED
91.304,075100.40,10.48527400,76.44420900,10.48527413,76.44420900,658053.893,1159429.773,107.90,658053.884,1159429.782,-59.9,14,658054.511,1159428.787,10.48526800,76.44421300,0.366,0.014,9.8,10.0,-0.5,17.9,2002,2047,RTK FIXED
91.349,075100.40,10.48527400,76.44420900,10.48527408,76.44420900,658053.893,1159429.773,107.90,658053.888,1159429.779,-59.9,14,658054.511,1159428.787,10.48526800,76.44421300,0.366,0.014,9.8,10.0,0.0,18.0,2002,2047,RTK FIXED
91.404,075100.40,10.48527400,76.44420900,10.48527405,76.44420900,658053.893,1159429.773,107.90,658053.890,1159429.777,-59.9,14,658054.511,1159428.787,10.48526800,76.44421300,0.366,0.014,9.8,10.0,0.0,17.8,2002,2047,RTK FIXED
91.449,075100.40,10.48527400,76.44420900,10.48527403,76.44420900,658053.893,1159429.773,107.90,658053.891,1159429.775,-59.9,14,658054.511,1159428.787,10.48526800,76.44421300,0.366,0.014,9.8,10.0,0.5,17.5,2002,2047,RTK FIXED
91.504,075100.40,10.48527400,76.44420900,10.48527402,76.44420900,658053.893,1159429.773,107.90,658053.892,1159429.774,-59.9,14,658054.511,1159428.787,10.48526800,76.44421300,0.366,0.014,9.8,10.0,0.0,16.6,2002,2047,RTK FIXED
91.558,075100.60,10.48527400,76.44420900,10.48527401,76.44420900,658053.893,1159429.773,107.90,658053.893,1159429.774,-59.9,14,658054.511,1159428.787,10.48526800,76.44421300,0.366,0.015,9.8,10.0,0.0,16.5,1997,2047,RTK FIXED
91.604,075100.60,10.48527400,76.44420900,10.48527401,76.44420900,658053.893,1159429.773,107.90,658053.893,1159429.774,-59.9,14,658054.511,1159428.787,10.48526800,76.44421300,0.366,0.015,9.8,10.0,-0.5,16.5,1997,2047,RTK FIXED
91.657,075100.60,10.48527400,76.44420900,10.48527400,76.44420900,658053.893,1159429.773,107.90,658053.893,1159429.774,-59.9,14,658054.511,1159428.787,10.48526800,76.44421300,0.366,0.015,9.8,10.0,0.5,16.2,1997,2047,RTK FIXED
91.704,075100.60,10.48527400,76.44420900,10.48527400,76.44420900,658053.893,1159429.773,107.90,658053.893,1159429.773,-59.9,14,658054.511,1159428.787,10.48526800,76.44421300,0.366,0.015,9.8,10.0,0.0,16.8,1997,2047,RTK FIXED
91.762,075100.80,10.48527300,76.44420900,10.48527360,76.44420900,658053.894,1159429.663,107.90,658053.893,1159429.729,-64.4,14,658054.511,1159428.787,10.48526800,76.44421300,0.363,0.068,8.9,10.0,0.0,15.9,1828,2047,RTK FIXED
91.804,075100.80,10.48527300,76.44420900,10.48527336,76.44420900,658053.894,1159429.663,107.90,658053.894,1159429.703,-64.4,14,658054.511,1159428.787,10.48526800,76.44421300,0.363,0.068,8.9,10.0,-0.6,17.2,1828,2047,RTK FIXED
91.857,075100.80,10.48527300,76.44420900,10.48527322,76.44420900,658053.894,1159429.663,107.90,658053.894,1159429.687,-64.4,14,658054.511,1159428.787,10.48526800,76.44421300,0.363,0.068,8.9,10.0,0.5,15.9,1828,2047,RTK FIXED
91.904,075100.80,10.48527300,76.44420900,10.48527313,76.44420900,658053.894,1159429.663,107.90,658053.894,1159429.677,-64.4,14,658054.511,1159428.787,10.48526800,76.44421300,0.363,0.068,8.9,10.0,-0.5,16.5,1828,2047,RTK FIXED
91.958,075101.00,10.48527300,76.44420900,10.48527308,76.44420900,658053.920,1159429.676,107.90,658053.904,1159429.676,-64.4,14,658054.511,1159428.787,10.48526800,76.44421300,0.362,0.071,8.9,10.0,0.5,16.6,1821,2047,RTK FIXED
92.004,075101.00,10.48527300,76.44420900,10.48527305,76.44420900,658053.920,1159429.676,107.90,658053.911,1159429.676,-64.4,14,658054.511,1159428.787,10.48526800,76.44421300,0.362,0.071,8.9,10.0,0.0,16.5,1821,2047,RTK FIXED
92.058,075101.00,10.48527300,76.44420900,10.48527303,76.44420900,658053.920,1159429.676,107.90,658053.915,1159429.676,-64.4,14,658054.511,1159428.787,10.48526800,76.44421300,0.362,0.071,8.9,10.0,0.0,18.0,1821,2047,RTK FIXED
92.111,075101.00,10.48527300,76.44420900,10.48527302,76.44420900,658053.920,1159429.676,107.90,658053.917,1159429.676,-64.4,14,658054.511,1159428.787,10.48526800,76.44421300,0.362,0.071,8.9,10.0,-0.5,17.3,1821,2047,RTK FIXED
92.158,075101.20,10.48527200,76.44420800,10.48527261,76.44420860,658053.811,1159429.565,107.90,658053.875,1159429.631,-76.2,14,658054.511,1159428.787,10.48526800,76.44421300,0.334,0.211,6.8,10.0,0.0,18.0,1395,2047,RTK FIXED
92.212,075101.20,10.48527200,76.44420800,10.48527237,76.44420836,658053.811,1159429.565,107.90,658053.849,1159429.605,-76.2,14,658054.511,1159428.787,10.48526800,76.44421300,0.334,0.211,6.8,10.0,0.5,17.3,1395,2047,RTK FIXED
92.257,075101.20,10.48527200,76.44420800,10.48527222,76.44420822,658053.811,1159429.565,107.90,658053.834,1159429.589,-76.2,14,658054.511,1159428.787,10.48526800,76.44421300,0.334,0.211,6.8,10.0,0.0,16.5,1395,2047,RTK FIXED
92.313,075101.20,10.48527200,76.44420800,10.48527213,76.44420813,658053.811,1159429.565,107.90,658053.825,1159429.579,-76.2,14,658054.511,1159428.787,10.48526800,76.44421300,0.334,0.211,6.8,10.0,0.0,17.2,1395,2047,RTK FIXED
92.359,075101.40,10.48527200,76.44420800,10.48527208,76.44420808,658053.883,1159429.588,107.90,658053.848,1159429.583,-76.2,14,658054.511,1159428.787,10.48526800,76.44421300,0.332,0.217,6.7,10.0,-0.5,17.5,1375,2047,RTK FIXED
92.412,075101.40,10.48527200,76.44420800,10.48527205,76.44420805,658053.883,1159429.588,107.90,658053.862,1159429.585,-76.2,14,658054.511,1159428.787,10.48526800,76.44421300,0.332,0.217,6.7,10.0,0.0,17.2,1375,2047,RTK FIXED
92.458,075101.40,10.48527200,76.44420800,10.48527203,76.44420803,658053.883,1159429.588,107.90,658053.871,1159429.586,-76.2,14,658054.511,1159428.787,10.48526800,76.44421300,0.332,0.217,6.7,10.0,0.0,17.3,1375,2047,RTK FIXED
92.512,075101.40,10.48527200,76.44420800,10.48527202,76.44420802,658053.883,1159429.588,107.90,658053.876,1159429.587,-76.2,14,658054.511,1159428.787,10.48526800,76.44421300,0.332,0.217,6.7,10.0,0.5,17.6,1375,2047,RTK FIXED
92.566,075101.60,10.48527100,76.44420800,10.48527161,76.44420801,658053.884,1159429.478,107.90,658053.879,1159429.543,-77.9,14,658054.511,1159428.787,10.48526800,76.44421300,0.332,0.218,6.7,10.0,0.0,17.1,1372,2047,RTK FIXED
92.613,075101.60,10.48527100,76.44420800,10.48527137,76.44420801,658053.884,1159429.478,107.90,658053.881,1159429.517,-77.9,14,658054.511,1159428.787,10.48526800,76.44421300,0.332,0.218,6.7,10.0,-0.5,17.3,1372,2047,RTK FIXED
92.666,075101.60,10.48527100,76.44420800,10.48527122,76.44420800,658053.884,1159429.478,107.90,658053.882,1159429.501,-77.9,14,658054.511,1159428.787,10.48526800,76.44421300,0.332,0.218,6.7,10.0,0.5,17.3,1372,2047,RTK FIXED
92.714,075101.80,10.48527100,76.44420800,10.48527113,76.44420800,658053.895,1159429.480,107.90,658053.887,1159429.493,-77.9,14,658054.511,1159428.787,10.48526800,76.44421300,0.332,0.218,6.7,10.0,-0.5,17.8,1372,2047,RTK FIXED
92.766,075101.80,10.48527100,76.44420800,10.48527108,76.44420800,658053.895,1159429.480,107.90,658053.890,1159429.488,-77.9,14,658054.511,1159428.787,10.48526800,76.44421300,0.332,0.218,6.7,10.0,0.5,17.6,1372,2047,RTK FIXED
92.813,075101.80,10.48527100,76.44420800,10.48527105,76.44420800,658053.895,1159429.480,107.90,658053.892,1159429.484,-77.9,14,658054.511,1159428.787,10.48526800,76.44421300,0.332,0.218,6.7,10.0,0.0,17.6,1372,2047,RTK FIXED
92.867,075101.80,10.48527100,76.44420800,10.48527103,76.44420800,658053.895,1159429.480,107.90,658053.893,1159429.483,-77.9,14,658054.511,1159428.787,10.48526800,76.44421300,0.332,0.218,6.7,10.0,-0.5,18.2,1372,2047,RTK FIXED
92.914,075101.80,10.48527100,76.44420800,10.48527102,76.44420800,658053.895,1159429.480,107.90,658053.894,1159429.481,-77.9,14,658054.511,1159428.787,10.48526800,76.44421300,0.332,0.218,6.7,10.0,0.5,17.5,1372,2047,RTK FIXED
93.130,075102.00,10.48527100,76.44420800,10.48527101,76.44420800,658053.895,1159429.480,107.90,658053.894,1159429.481,-77.9,14,658054.511,1159428.787,10.48526800,76.44421300,0.000,0.600,-9.8,9.8,0.0,16.8,450,450,RTK FIXED
93.167,075102.20,10.48527000,76.44420800,10.48527061,76.44420800,658053.884,1159429.367,107.90,658053.890,1159429.435,-78.8,14,658054.511,1159428.787,10.48526800,76.44421300,0.000,0.600,-9.8,9.8,0.0,14.7,900,900,RTK FIXED
93.213,075102.20,10.48527000,76.44420800,10.48527036,76.44420800,658053.884,1159429.367,107.90,658053.888,1159429.408,-77.1,14,658054.511,1159428.787,10.48526800,76.44421300,0.000,0.600,-9.8,9.8,-0.5,12.6,1350,1350,RTK FIXED
93.267,075102.20,10.48527000,76.44420800,10.48527022,76.44420800,658053.884,1159429.367,107.90,658053.887,1159429.392,-75.4,14,658054.511,1159428.787,10.48526800,76.44421300,0.000,0.600,-9.8,9.8,0.0,11.6,1800,1800,RTK FIXED
93.314,075102.20,10.48527000,76.44420800,10.48527013,76.44420800,658053.884,1159429.367,107.90,658053.886,1159429.382,-73.7,14,658054.511,1159428.787,10.48526800,76.44421300,0.000,0.600,-9.8,9.8,0.5,10.7,2011,2011,RTK FIXED
93.368,075102.40,10.48527000,76.44420800,10.48527008,76.44420800,658053.858,1159429.360,107.90,658053.875,1159429.373,-72.0,14,658054.511,1159428.787,10.48526800,76.44421300,0.000,0.600,-9.8,9.8,0.0,8.8,2011,2011,RTK FIXED
93.413,075102.40,10.48527000,76.44420800,10.48527005,76.44420800,658053.858,1159429.360,107.90,658053.868,1159429.368,-70.2,14,658054.511,1159428.787,10.48526800,76.44421300,0.000,0.600,-9.8,9.8,0.0,8.2,2011,2011,RTK FIXED
93.467,075102.40,10.48527000,76.44420800,10.48527003,76.44420800,658053.858,1159429.360,107.90,658053.864,1159429.365,-68.5,14,658054.511,1159428.787,10.48526800,76.44421300,0.000,0.600,-9.8,9.8,-0.5,8.8,2011,2011,RTK FIXED
93.513,075102.40,10.48527000,76.44420800,10.48527002,76.44420800,658053.858,1159429.360,107.90,658053.862,1159429.363,-66.8,14,658054.511,1159428.787,10.48526800,76.44421300,0.000,0.600,-9.8,9.8,0.0,9.8,2011,2011,RTK FIXED
93.568,075102.60,10.48527000,76.44420800,10.48527001,76.44420800,658053.816,1159429.345,107.90,658053.843,1159429.356,-65.1,14,658054.511,1159428.787,10.48526800,76.44421300,0.000,0.600,-9.8,9.8,0.5,11.1,2011,2011,RTK FIXED
93.620,075102.60,10.48527000,76.44420800,10.48527001,76.44420800,658053.816,1159429.345,107.90,658053.832,1159429.352,-63.4,14,658054.511,1159428.787,10.48526800,76.44421300,0.000,0.600,-9.8,9.8,-0.5,11.8,2011,2011,RTK FIXED
93.668,075102.60,10.48527000,76.44420800,10.48527000,76.44420800,658053.816,1159429.345,107.90,658053.826,1159429.349,-61.7,14,658054.511,1159428.787,10.48526800,76.44421300,0.000,0.600,-9.8,9.8,0.0,12.8,2011,2011,RTK FIXED
93.721,075102.80,10.48527000,76.44420800,10.48527000,76.44420800,658053.786,1159429.331,107.90,658053.810,1159429.342,-79.3,14,658054.511,1159428.787,10.48526800,76.44421300,0.000,0.600,-9.8,9.8,0.0,13.4,2011,2011,RTK FIXED
93.768,075102.80,10.48527000,76.44420800,10.48527000,76.44420800,658053.786,1159429.331,107.90,658053.801,1159429.337,-77.6,14,658054.511,1159428.787,10.48526800,76.44421300,0.000,0.600,-9.8,9.8,0.0,14.1,2011,2011,RTK FIXED
93.821,075102.80,10.48527000,76.44420800,10.48527000,76.44420800,658053.786,1159429.331,107.90,658053.795,1159429.334,-75.9,14,658054.511,1159428.787,10.48526800,76.44421300,0.000,0.600,-9.8,9.8,0.0,14.9,2011,2011,RTK FIXED
93.868,075102.80,10.48527000,76.44420800,10.48527000,76.44420800,658053.786,1159429.331,107.90,658053.791,1159429.333,-74.2,14,658054.511,1159428.787,10.48526800,76.44421300,0.000,0.600,-9.8,9.8,0.0,15.7,2011,2011,RTK FIXED
93.922,075103.00,10.48527000,76.44420900,10.48527000,76.44420840,658053.970,1159429.362,107.90,658053.863,1159429.344,-72.5,14,658054.511,1159428.787,10.48526800,76.44421300,0.000,0.600,-9.8,9.8,0.0,16.6,2011,2011,RTK FIXED
93.968,075103.00,10.48527000,76.44420900,10.48527000,76.44420864,658053.970,1159429.362,107.90,658053.906,1159429.351,-70.7,14,658054.511,1159428.787,10.48526800,76.44421300,0.000,0.600,-9.8,9.8,0.0,17.5,2011,2011,RTK FIXED
94.021,075103.00,10.48527000,76.44420900,10.48527000,76.44420878,658053.970,1159429.362,107.90,658053.932,1159429.355,-69.0,14,658054.511,1159428.787,10.48526800,76.44421300,0.000,0.600,-9.8,9.8,0.0,17.2,2011,2011,RTK FIXED
94.068,075103.00,10.48527000,76.44420900,10.48527000,76.44420887,658053.970,1159429.362,107.90,658053.947,1159429.358,-67.3,14,658054.511,1159428.787,10.48526800,76.44421300,0.000,0.600,-9.8,9.8,0.0,17.9,2011,2011,RTK FIXED
94.122,075103.20,10.48527000,76.44420900,10.48527000,76.44420892,658053.929,1159429.347,107.90,658053.940,1159429.353,-65.6,14,658054.511,1159428.787,10.48526800,76.44421300,0.000,0.600,-9.8,9.8,0.0,17.5,2011,2011,RTK FIXED
94.176,075103.20,10.48527000,76.44420900,10.48527000,76.44420895,658053.929,1159429.347,107.90,658053.935,1159429.351,-63.9,14,658054.511,1159428.787,10.48526800,76.44421300,0.000,0.600,-9.8,9.8,0.0,18.2,2011,2011,RTK FIXED
94.222,075103.20,10.48527000,76.44420900,10.48527000,76.44420897,658053.929,1159429.347,107.90,658053.933,1159429.349,-62.1,14,658054.511,1159428.787,10.48526800,76.44421300,0.000,0.600,-9.8,9.8,0.0,17.4,2011,2011,RTK FIXED
94.276,075103.20,10.48527000,76.44420900,10.48527000,76.44420898,658053.929,1159429.347,107.90,658053.931,1159429.348,-60.4,14,658054.511,1159428.787,10.48526800,76.44421300,0.000,0.600,-9.8,9.8,0.0,17.6,2011,2011,RTK FIXED
94.322,075103.40,10.48526900,76.44420900,10.48526960,76.44420899,658053.889,1159429.217,107.90,658053.914,1159429.296,-53.7,14,658054.511,1159428.787,10.48526800,76.44421300,0.000,0.600,-9.8,9.8,0.0,17.2,2011,2011,RTK FIXED
94.376,075103.40,10.48526900,76.44420900,10.48526936,76.44420899,658053.889,1159429.217,107.90,658053.904,1159429.264,-52.0,14,658054.511,1159428.787,10.48526800,76.44421300,0.000,0.600,-9.8,9.8,0.0,18.1,2011,2011,RTK FIXED
94.422,075103.40,10.48526900,76.44420900,10.48526922,76.44420900,658053.889,1159429.217,107.90,658053.898,1159429.245,-50.3,14,658054.511,1159428.787,10.48526800,76.44421300,0.000,0.600,-9.8,9.8,0.0,17.0,2011,2011,RTK FIXED
94.476,075103.40,10.48526900,76.44420900,10.48526913,76.44420900,658053.889,1159429.217,107.90,658053.895,1159429.234,-48.6,14,658054.511,1159428.787,10.48526800,76.44421300,0.000,0.600,-9.8,9.8,0.0,17.1,2011,2011,RTK FIXED
94.687,075103.60,10.48526900,76.44421000,10.48526908,76.44420940,658053.937,1159429.172,107.90,658053.911,1159429.209,-46.8,14,658054.511,1159428.787,10.48526800,76.44421300,0.363,0.061,9.0,10.0,0.0,16.8,450,450,RTK FIXED
94.723,075103.80,10.48526900,76.44421000,10.48526905,76.44420964,658053.937,1159429.172,107.90,658053.921,1159429.194,-54.6,14,658054.511,1159428.787,10.48526800,76.44421300,0.353,0.133,8.0,10.0,0.0,14.8,900,900,RTK FIXED
94.768,075103.80,10.48526900,76.44421000,10.48526903,76.44420978,658053.937,1159429.172,107.90,658053.927,1159429.186,-54.6,14,658054.511,1159428.787,10.48526800,76.44421300,0.353,0.133,8.0,10.0,0.0,14.7,1350,1350,RTK FIXED
94.822,075103.80,10.48526900,76.44421000,10.48526902,76.44420987,658053.937,1159429.172,107.90,658053.931,1159429.180,-54.6,14,658054.511,1159428.787,10.48526800,76.44421300,0.353,0.133,8.0,10.0,0.0,13.4,1630,1800,RTK FIXED
94.869,075103.80,10.48526900,76.44421000,10.48526901,76.44420992,658053.937,1159429.172,107.90,658053.933,1159429.177,-54.6,14,658054.511,1159428.787,10.48526800,76.44421300,0.353,0.133,8.0,10.0,0.0,12.4,1630,2047,RTK FIXED
94.923,075104.00,10.48527000,76.44421000,10.48526941,76.44420995,658053.976,1159429.314,107.90,658053.950,1159429.232,-54.6,14,658054.511,1159428.787,10.48526800,76.44421300,0.357,0.112,8.3,10.0,0.0,11.1,1696,2047,RTK FIXED
94.976,075104.00,10.48527000,76.44421000,10.48526964,76.44420997,658053.976,1159429.314,107.90,658053.960,1159429.265,-54.6,14,658054.511,1159428.787,10.48526800,76.44421300,0.357,0.112,8.3,10.0,0.5,10.3,1696,2047,RTK FIXED
95.022,075104.00,10.48527000,76.44421000,10.48526979,76.44420998,658053.976,1159429.314,107.90,658053.967,1159429.284,-54.6,14,658054.511,1159428.787,10.48526800,76.44421300,0.357,0.112,8.3,10.0,-0.5,8.7,1696,2047,RTK FIXED
95.076,075104.00,10.48527000,76.44421000,10.48526987,76.44420999,658053.976,1159429.314,107.90,658053.970,1159429.296,-54.6,14,658054.511,1159428.787,10.48526800,76.44421300,0.357,0.112,8.3,10.0,0.0,9.7,1696,2047,RTK FIXED
95.123,075104.20,10.48527000,76.44421100,10.48526992,76.44421039,658054.085,1159429.314,107.90,658054.016,1159429.303,-26.8,14,658054.511,1159428.787,10.48526800,76.44421300,0.346,-0.166,10.0,7.5,0.5,11.8,2047,1597,RTK FIXED
95.176,075104.20,10.48527000,76.44421100,10.48526995,76.44421064,658054.085,1159429.314,107.90,658054.044,1159429.308,-26.8,14,658054.511,1159428.787,10.48526800,76.44421300,0.346,-0.166,10.0,7.5,0.0,12.7,2047,1531,RTK FIXED
95.223,075104.20,10.48527000,76.44421100,10.48526997,76.44421078,658054.085,1159429.314,107.90,658054.060,1159429.310,-26.8,14,658054.511,1159428.787,10.48526800,76.44421300,0.346,-0.166,10.0,7.5,0.0,12.5,2047,1531,RTK FIXED
95.277,075104.20,10.48527000,76.44421100,10.48526998,76.44421087,658054.085,1159429.314,107.90,658054.070,1159429.312,-26.8,14,658054.511,1159428.787,10.48526800,76.44421300,0.346,-0.166,10.0,7.5,0.0,13.4,2047,1531,RTK FIXED
95.324,075104.40,10.48527000,76.44421100,10.48526999,76.44421092,658053.966,1159429.183,107.90,658054.028,1159429.260,-26.8,14,658054.511,1159428.787,10.48526800,76.44421300,0.350,-0.147,10.0,7.8,-0.5,12.3,2047,1589,RTK FIXED
95.377,075104.40,10.48527000,76.44421100,10.48526999,76.44421095,658053.966,1159429.183,107.90,658054.003,1159429.229,-26.8,14,658054.511,1159428.787,10.48526800,76.44421300,0.350,-0.147,10.0,7.8,0.0,11.7,2047,1589,RTK FIXED
95.422,075104.40,10.48527000,76.44421100,10.48527000,76.44421097,658053.966,1159429.183,107.90,658053.988,1159429.211,-26.8,14,658054.511,1159428.787,10.48526800,76.44421300,0.350,-0.147,10.0,7.8,0.0,11.5,2047,1589,RTK FIXED
95.477,075104.40,10.48527000,76.44421100,10.48527000,76.44421098,658053.966,1159429.183,107.90,658053.979,1159429.199,-26.8,14,658054.511,1159428.787,10.48526800,76.44421300,0.350,-0.147,10.0,7.8,0.5,11.0,2047,1589,RTK FIXED
95.524,075104.60,10.48527000,76.44421100,10.48527000,76.44421099,658053.966,1159429.183,107.90,658053.974,1159429.193,-26.8,14,658054.511,1159428.787,10.48526800,76.44421300,0.353,-0.136,10.0,7.9,0.0,11.2,2047,1623,RTK FIXED
95.576,075104.60,10.48527000,76.44421100,10.48527000,76.44421099,658053.966,1159429.183,107.90,658053.970,1159429.189,-26.8,14,658054.511,1159428.787,10.48526800,76.44421300,0.353,-0.136,10.0,7.9,-0.5,11.4,2047,1623,RTK FIXED
95.631,075104.60,10.48527000,76.44421100,10.48527000,76.44421100,658053.966,1159429.183,107.90,658053.969,1159429.186,-26.8,14,658054.511,1159428.787,10.48526800,76.44421300,0.353,-0.136,10.0,7.9,0.5,11.9,2047,1623,RTK FIXED
95.676,075104.60,10.48527000,76.44421100,10.48527000,76.44421100,658053.966,1159429.183,107.90,658053.967,1159429.185,-26.8,14,658054.511,1159428.787,10.48526800,76.44421300,0.353,-0.136,10.0,7.9,-0.5,12.1,2047,1623,RTK FIXED
95.732,075104.80,10.48527000,76.44421100,10.48527000,76.44421100,658053.966,1159429.183,107.90,658053.967,1159429.184,-51.6,14,658054.511,1159428.787,10.48526800,76.44421300,0.360,0.088,8.6,10.0,0.5,12.2,1768,2047,RTK FIXED
95.777,075104.80,10.48527000,76.44421100,10.48527000,76.44421100,658053.966,1159429.183,107.90,658053.966,1159429.183,-51.6,14,658054.511,1159428.787,10.48526800,76.44421300,0.360,0.088,8.6,10.0,-0.5,12.6,1768,2047,RTK FIXED
95.831,075104.80,10.48527000,76.44421100,10.48527000,76.44421100,658053.966,1159429.183,107.90,658053.966,1159429.183,-51.6,14,658054.511,1159428.787,10.48526800,76.44421300,0.360,0.088,8.6,10.0,0.0,12.5,1768,2047,RTK FIXED
95.877,075104.80,10.48527000,76.44421100,10.48527000,76.44421100,658053.966,1159429.183,107.90,658053.966,1159429.183,-51.6,14,658054.511,1159428.787,10.48526800,76.44421300,0.360,0.088,8.6,10.0,0.5,14.1,1768,2047,RTK FIXED
95.932,075105.00,10.48526900,76.44421100,10.48526960,76.44421100,658054.070,1159429.193,107.90,658054.008,1159429.187,-51.6,14,658054.511,1159428.787,10.48526800,76.44421300,0.362,0.070,8.9,10.0,-0.5,13.8,1823,2047,RTK FIXED
95.977,075105.00,10.48526900,76.44421100,10.48526936,76.44421100,658054.070,1159429.193,107.90,658054.033,1159429.189,-51.6,14,658054.511,1159428.787,10.48526800,76.44421300,0.362,0.070,8.9,10.0,0.5,15.3,1823,2047,RTK FIXED
96.031,075105.00,10.48526900,76.44421100,10.48526922,76.44421100,658054.070,1159429.193,107.90,658054.048,1159429.190,-51.6,14,658054.511,1159428.787,10.48526800,76.44421300,0.362,0.070,8.9,10.0,0.0,15.3,1823,2047,RTK FIXED
96.077,075105.00,10.48526900,76.44421100,10.48526913,76.44421100,658054.070,1159429.193,107.90,658054.057,1159429.191,-51.6,14,658054.511,1159428.787,10.48526800,76.44421300,0.362,0.070,8.9,10.0,-0.5,15.7,1823,2047,RTK FIXED
96.132,075105.20,10.48526900,76.44421200,10.48526908,76.44421140,658054.180,1159429.193,107.90,658054.106,1159429.192,-37.3,14,658054.511,1159428.787,10.48526800,76.44421300,0.360,-0.089,10.0,8.6,0.5,15.6,2047,1765,RTK FIXED
96.177,075105.20,10.48526900,76.44421200,10.48526905,76.44421164,658054.180,1159429.193,107.90,658054.135,1159429.192,-37.3,14,658054.511,1159428.787,10.48526800,76.44421300,0.360,-0.089,10.0,8.6,0.0,18.2,2047,1765,RTK FIXED
96.232,075105.20,10.48526900,76.44421200,10.48526903,76.44421178,658054.180,1159429.193,107.90,658054.153,1159429.193,-37.3,14,658054.511,1159428.787,10.48526800,76.44421300,0.360,-0.089,10.0,8.6,0.0,17.5,2047,1765,RTK FIXED
96.287,075105.20,10.48526900,76.44421200,10.48526902,76.44421187,658054.180,1159429.193,107.90,658054.164,1159429.193,-37.3,14,658054.511,1159428.787,10.48526800,76.44421300,0.360,-0.089,10.0,8.6,0.0,16.7,2047,1765,RTK FIXED
96.332,075105.40,10.48526900,76.44421200,10.48526901,76.44421192,658054.113,1159429.129,107.90,658054.143,1159429.167,-37.3,14,658054.511,1159428.787,10.48526800,76.44421300,0.360,-0.087,10.0,8.6,0.0,15.0,2047,1771,RTK FIXED
96.385,075105.40,10.48526900,76.44421200,10.48526901,76.44421195,658054.113,1159429.129,107.90,658054.131,1159429.152,-37.3,14,658054.511,1159428.787,10.48526800,76.44421300,0.360,-0.087,10.0,8.6,0.0,15.4,2047,1771,RTK FIXED
96.432,075105.40,10.48526900,76.44421200,10.48526900,76.44421197,658054.113,1159429.129,107.90,658054.124,1159429.143,-37.3,14,658054.511,1159428.787,10.48526800,76.44421300,0.360,-0.087,10.0,8.6,-0.5,16.6,2047,1771,RTK FIXED
96.486,075105.40,10.48526900,76.44421200,10.48526900,76.44421198,658054.113,1159429.129,107.90,658054.119,1159429.137,-37.3,14,658054.511,1159428.787,10.48526800,76.44421300,0.360,-0.087,10.0,8.6,0.5,15.0,2047,1771,RTK FIXED
96.532,075105.60,10.48526900,76.44421200,10.48526900,76.44421199,658054.113,1159429.129,107.90,658054.117,1159429.134,-37.3,14,658054.511,1159428.787,10.48526800,76.44421300,0.361,-0.086,10.0,8.7,-0.5,15.0,2047,1774,RTK FIXED
96.585,075105.60,10.48526900,76.44421200,10.48526900,76.44421199,658054.113,1159429.129,107.90,658054.115,1159429.132,-37.3,14,658054.511,1159428.787,10.48526800,76.44421300,0.361,-0.086,10.0,8.7,0.5,14.2,2047,1774,RTK FIXED
96.632,075105.60,10.48526900,76.44421200,10.48526900,76.44421200,658054.113,1159429.129,107.90,658054.114,1159429.130,-37.3,14,658054.511,1159428.787,10.48526800,76.44421300,0.361,-0.086,10.0,8.7,-0.5,14.4,2047,1774,RTK FIXED
96.686,075105.60,10.48526900,76.44421200,10.48526900,76.44421200,658054.113,1159429.129,107.90,658054.114,1159429.130,-37.3,14,658054.511,1159428.787,10.48526800,76.44421300,0.361,-0.086,10.0,8.7,0.0,14.4,2047,1774,RTK FIXED
96.732,075105.80,10.48526900,76.44421300,10.48526900,76.44421240,658054.222,1159429.129,107.90,658054.157,1159429.130,-37.2,14,658054.511,1159428.787,10.48526800,76.44421300,0.357,-0.108,10.0,8.3,0.0,15.0,2047,1705,RTK FIXED
96.786,075105.80,10.48526900,76.44421300,10.48526900,76.44421264,658054.222,1159429.129,107.90,658054.183,1159429.129,-37.2,14,658054.511,1159428.787,10.48526800,76.44421300,0.357,-0.108,10.0,8.3,0.0,14.5,2047,1705,RTK FIXED
96.832,075105.80,10.48526900,76.44421300,10.48526900,76.44421278,658054.222,1159429.129,107.90,658054.199,1159429.129,-37.2,14,658054.511,1159428.787,10.48526800,76.44421300,0.357,-0.108,10.0,8.3,0.0,14.7,2047,1705,RTK FIXED
96.885,075105.80,10.48526900,76.44421300,10.48526900,76.44421287,658054.222,1159429.129,107.90,658054.208,1159429.129,-37.2,14,658054.511,1159428.787,10.48526800,76.44421300,0.357,-0.108,10.0,8.3,0.5,14.0,2047,1705,RTK FIXED
96.940,075106.00,10.48526800,76.44421300,10.48526860,76.44421292,658054.223,1159429.018,107.90,658054.214,1159429.085,-37.2,14,658054.511,1159428.787,10.48526800,76.44421300,0.353,-0.107,10.0,8.3,0.0,13.6,2047,1705,RTK FIXED
96.985,075106.00,10.48526800,76.44421300,10.48526836,76.44421295,658054.223,1159429.018,107.90,658054.217,1159429.058,-37.2,14,658054.511,1159428.787,10.48526800,76.44421300,0.353,-0.107,10.0,8.3,0.0,13.9,2047,1705,RTK FIXED
97.040,075106.00,10.48526800,76.44421300,10.48526822,76.44421297,658054.223,1159429.018,107.90,658054.220,1159429.042,-37.2,14,658054.511,1159428.787,10.48526800,76.44421300,0.353,-0.107,10.0,8.3,0.0,13.7,2047,1705,RTK FIXED
97.088,075106.00,10.48526800,76.44421300,10.48526813,76.44421298,658054.223,1159429.018,107.90,658054.221,1159429.033,-37.2,14,658054.511,1159428.787,10.48526800,76.44421300,0.353,-0.107,10.0,8.3,-0.5,13.5,2047,1705,RTK FIXED
97.140,075106.20,10.48526800,76.44421300,10.48526808,76.44421299,658054.223,1159429.018,107.90,658054.221,1159429.027,-43.9,14,658054.511,1159428.787,10.48526800,76.44421300,0.334,-0.048,10.0,9.2,0.5,12.9,2047,1878,RTK FIXED
97.186,075106.20,10.48526800,76.44421300,10.48526805,76.44421299,658054.223,1159429.018,107.90,658054.222,1159429.023,-43.9,14,658054.511,1159428.787,10.48526800,76.44421300,0.334,-0.048,10.0,9.2,-0.5,13.6,2047,1878,RTK FIXED
97.240,075106.20,10.48526800,76.44421300,10.48526803,76.44421300,658054.223,1159429.018,107.90,658054.222,1159429.021,-43.9,14,658054.511,1159428.787,10.48526800,76.44421300,0.334,-0.048,10.0,9.2,0.5,13.4,2047,1878,RTK FIXED
97.288,075106.20,10.48526800,76.44421300,10.48526802,76.44421300,658054.223,1159429.018,107.90,658054.222,1159429.020,-43.9,14,658054.511,1159428.787,10.48526800,76.44421300,0.334,-0.048,10.0,9.2,-0.5,15.2,2047,1878,RTK FIXED
97.506,075106.40,10.48526800,76.44421300,10.48526801,76.44421300,658054.252,1159429.051,107.90,658054.234,1159429.032,-43.9,15,658053.638,1159428.230,10.48526300,76.44420500,0.000,-1.154,10.0,-10.0,0.1,14.8,450,450,RTK FIXED
97.541,075106.60,10.48526700,76.44421300,10.48526761,76.44421300,658054.268,1159428.954,107.90,658054.248,1159429.001,-47.3,15,658053.638,1159428.230,10.48526300,76.44420500,0.000,-1.145,10.0,-10.0,-0.7,14.4,900,900,RTK FIXED
97.594,075106.60,10.48526700,76.44421300,10.48526736,76.44421300,658054.268,1159428.954,107.90,658054.256,1159428.983,-50.5,15,658053.638,1159428.230,10.48526300,76.44420500,0.000,-1.145,10.0,-10.0,0.0,13.6,1350,1350,RTK FIXED
97.641,075106.60,10.48526700,76.44421300,10.48526722,76.44421300,658054.268,1159428.954,107.90,658054.261,1159428.971,-53.8,15,658053.638,1159428.230,10.48526300,76.44420500,0.000,-1.145,10.0,-10.0,0.0,11.9,1800,1800,RTK FIXED
97.695,075106.60,10.48526700,76.44421300,10.48526713,76.44421300,658054.268,1159428.954,107.90,658054.264,1159428.965,-57.1,15,658053.638,1159428.230,10.48526300,76.44420500,0.000,-1.145,10.0,-10.0,0.0,11.1,2047,2047,RTK FIXED
97.742,075106.80,10.48526700,76.44421400,10.48526708,76.44421340,658054.447,1159429.003,107.90,658054.337,1159428.980,-49.0,15,658053.638,1159428.230,10.48526300,76.44420500,0.000,-1.164,10.0,-10.0,0.0,9.9,2047,2047,RTK FIXED
97.795,075106.80,10.48526700,76.44421400,10.48526705,76.44421364,658054.447,1159429.003,107.90,658054.381,1159428.989,-52.4,15,658053.638,1159428.230,10.48526300,76.44420500,0.000,-1.164,10.0,-10.0,0.0,8.2,2047,2047,RTK FIXED
97.841,075106.80,10.48526700,76.44421400,10.48526703,76.44421378,658054.447,1159429.003,107.90,658054.407,1159428.995,-55.7,15,658053.638,1159428.230,10.48526300,76.44420500,0.000,-1.164,10.0,-10.0,0.0,7.0,2047,2047,RTK FIXED
97.894,075106.80,10.48526700,76.44421400,10.48526702,76.44421387,658054.447,1159429.003,107.90,658054.423,1159428.998,-59.0,15,658053.638,1159428.230,10.48526300,76.44420500,0.000,-1.164,10.0,-10.0,0.5,6.6,2047,2047,RTK FIXED
97.941,075107.00,10.48526700,76.44421400,10.48526701,76.44421392,658054.458,1159429.009,107.90,658054.437,1159429.002,-62.4,15,658053.638,1159428.230,10.48526300,76.44420500,0.000,-0.997,10.0,-10.0,0.0,5.3,2047,2047,RTK FIXED
97.995,075107.00,10.48526700,76.44421400,10.48526701,76.44421395,658054.458,1159429.009,107.90,658054.446,1159429.005,-65.2,15,658053.638,1159428.230,10.48526300,76.44420500,0.000,-0.997,10.0,-10.0,-0.5,5.1,2047,2047,RTK FIXED
98.041,075107.20,10.48526700,76.44421400,10.48526700,76.44421397,658054.492,1159429.023,107.90,658054.464,1159429.012,-46.9,15,658053.638,1159428.230,10.48526300,76.44420500,0.000,-1.220,10.0,-10.0,0.5,4.3,2047,2047,RTK FIXED
98.094,075107.20,10.48526700,76.44421400,10.48526700,76.44421398,658054.492,1159429.023,107.90,658054.476,1159429.017,-50.4,15,658053.638,1159428.230,10.48526300,76.44420500,0.000,-1.220,10.0,-10.0,0.0,4.3,2047,2047,RTK FIXED
98.141,075107.20,10.48526700,76.44421400,10.48526700,76.44421399,658054.492,1159429.023,107.90,658054.482,1159429.019,-53.9,15,658053.638,1159428.230,10.48526300,76.44420500,0.000,-1.220,10.0,-10.0,-0.5,4.3,2047,2047,RTK FIXED
98.196,075107.20,10.48526700,76.44421400,10.48526700,76.44421399,658054.492,1159429.023,107.90,658054.486,1159429.021,-57.4,15,658053.638,1159428.230,10.48526300,76.44420500,0.000,-1.220,10.0,-10.0,0.0,4.1,2047,2047,RTK FIXED
98.249,075107.20,10.48526700,76.44421400,10.48526700,76.44421400,658054.492,1159429.023,107.90,658054.489,1159429.022,-60.9,15,658053.638,1159428.230,10.48526300,76.44420500,0.000,-1.220,10.0,-10.0,0.0,2.8,2047,2047,RTK FIXED
98.295,075107.20,10.48526700,76.44421400,10.48526700,76.44421400,658054.492,1159429.023,107.90,658054.490,1159429.023,-64.4,15,658053.638,1159428.230,10.48526300,76.44420500,0.000,-1.220,10.0,-10.0,0.5,2.7,2047,2047,RTK FIXED
98.349,075107.40,10.48526700,76.44421400,10.48526700,76.44421400,658054.491,1159429.023,107.90,658054.491,1159429.023,-67.9,15,658053.638,1159428.230,10.48526300,76.44420500,0.000,-0.963,10.0,-10.0,0.0,1.8,2047,2047,RTK FIXED
98.396,075107.40,10.48526700,76.44421400,10.48526700,76.44421400,658054.491,1159429.023,107.90,658054.491,1159429.023,-70.6,15,658053.638,1159428.230,10.48526300,76.44420500,0.000,-0.963,10.0,-10.0,-0.5,1.1,2047,2047,RTK FIXED
98.449,075107.40,10.48526700,76.44421400,10.48526700,76.44421400,658054.491,1159429.023,107.90,658054.491,1159429.023,-73.4,15,658053.638,1159428.230,10.48526300,76.44420500,0.000,-0.963,10.0,-10.0,0.0,1.4,2047,2047,RTK FIXED
98.496,075107.40,10.48526700,76.44421400,10.48526700,76.44421400,658054.491,1159429.023,107.90,658054.491,1159429.023,-76.2,15,658053.638,1159428.230,10.48526300,76.44420500,0.000,-0.963,10.0,-10.0,0.5,1.6,2047,2047,RTK FIXED
98.549,075107.60,10.48526700,76.44421400,10.48526700,76.44421400,658054.560,1159429.042,107.90,658054.519,1159429.030,-78.9,15,658053.638,1159428.230,10.48526300,76.44420500,0.000,-0.823,10.0,-10.0,-0.5,1.4,2047,2047,RTK FIXED
98.596,075107.60,10.48526700,76.44421400,10.48526700,76.44421400,658054.560,1159429.042,107.90,658054.535,1159429.035,-81.3,15,658053.638,1159428.230,10.48526300,76.44420500,0.000,-0.823,10.0,-10.0,0.0,1.1,2047,2047,RTK FIXED
98.649,075107.60,10.48526700,76.44421400,10.48526700,76.44421400,658054.560,1159429.042,107.90,658054.545,1159429.038,-83.6,15,658053.638,1159428.230,10.48526300,76.44420500,0.000,-0.823,10.0,-10.0,0.0,1.4,2047,2047,RTK FIXED
98.696,075107.60,10.48526700,76.44421400,10.48526700,76.44421400,658054.560,1159429.042,107.90,658054.551,1159429.039,-86.0,15,658053.638,1159428.230,10.48526300,76.44420500,0.000,-0.823,10.0,-10.0,0.5,1.6,2047,2047,RTK FIXED
98.750,075107.80,10.48526600,76.44421400,10.48526660,76.44421400,658054.621,1159428.936,107.90,658054.579,1159428.998,-65.3,15,658053.638,1159428.230,10.48526300,76.44420500,0.000,-1.081,10.0,-10.0,0.0,1.4,2047,2047,RTK FIXED
98.804,075107.80,10.48526600,76.44421400,10.48526636,76.44421400,658054.621,1159428.936,107.90,658054.596,1159428.973,-68.4,15,658053.638,1159428.230,10.48526300,76.44420500,0.000,-1.081,10.0,-10.0,0.0,1.4,2047,2047,RTK FIXED
98.849,075107.80,10.48526600,76.44421400,10.48526622,76.44421400,658054.621,1159428.936,107.90,658054.606,1159428.958,-71.5,15,658053.638,1159428.230,10.48526300,76.44420500,0.000,-1.081,10.0,-10.0,0.0,1.1,2047,2047,RTK FIXED
98.904,075107.80,10.48526600,76.44421400,10.48526613,76.44421400,658054.621,1159428.936,107.90,658054.612,1159428.949,-74.6,15,658053.638,1159428.230,10.48526300,76.44420500,0.000,-1.081,10.0,-10.0,0.0,1.4,2047,2047,RTK FIXED
98.950,075108.00,10.48526600,76.44421400,10.48526608,76.44421400,658054.552,1159428.929,107.90,658054.588,1159428.941,-77.6,15,658053.638,1159428.230,10.48526300,76.44420500,0.000,-0.916,10.0,-10.0,-0.5,1.1,2047,2047,RTK FIXED
99.004,075108.00,10.48526600,76.44421400,10.48526605,76.44421400,658054.552,1159428.929,107.90,658054.574,1159428.937,-80.3,15,658053.638,1159428.230,10.48526300,76.44420500,0.000,-0.916,10.0,-10.0,0.0,0.5,2047,2047,RTK FIXED
99.049,075108.00,10.48526600,76.44421400,10.48526603,76.44421400,658054.552,1159428.929,107.90,658054.565,1159428.934,-82.9,15,658053.638,1159428.230,10.48526300,76.44420500,0.000,-0.916,10.0,-10.0,0.5,0.5,2047,2047,RTK FIXED
99.104,075108.00,10.48526600,76.44421400,10.48526602,76.44421400,658054.552,1159428.929,107.90,658054.560,1159428.932,-85.5,15,658053.638,1159428.230,10.48526300,76.44420500,0.000,-0.916,10.0,-10.0,0.0,0.0,2047,2047,RTK FIXED
99.150,075108.20,10.48526600,76.44421400,10.48526601,76.44421400,658054.620,1159428.936,107.90,658054.584,1159428.934,-88.1,15,658053.638,1159428.230,10.48526300,76.44420500,0.000,-0.785,10.0,-10.0,-0.5,0.0,2047,2047,RTK FIXED
99.204,075108.20,10.48526600,76.44421400,10.48526601,76.44421400,658054.620,1159428.936,107.90,658054.598,1159428.935,-90.4,15,658053.638,1159428.230,10.48526300,76.44420500,0.000,-0.785,10.0,-10.0,0.5,0.0,2047,2047,RTK FIXED
99.250,075108.20,10.48526600,76.44421400,10.48526600,76.44421400,658054.620,1159428.936,107.90,658054.607,1159428.935,-92.6,15,658053.638,1159428.230,10.48526300,76.44420500,0.000,-0.785,10.0,-10.0,0.0,0.0,2047,2047,RTK FIXED
99.304,075108.20,10.48526600,76.44421400,10.48526600,76.44421400,658054.620,1159428.936,107.90,658054.612,1159428.936,-94.9,15,658053.638,1159428.230,10.48526300,76.44420500,0.000,-0.785,10.0,-10.0,0.0,0.0,2047,2047,RTK FIXED
99.350,075108.40,10.48526600,76.44421300,10.48526600,76.44421360,658054.568,1159428.931,107.90,658054.595,1159428.934,-97.1,15,658053.638,1159428.230,10.48526300,76.44420500,0.000,-0.656,10.0,-10.0,-0.5,0.0,2047,2047,RTK FIXED
99.404,075108.40,10.48526600,76.44421300,10.48526600,76.44421336,658054.568,1159428.931,107.90,658054.584,1159428.933,-99.0,15,658053.638,1159428.230,10.48526300,76.44420500,0.000,-0.656,10.0,-10.0,0.0,0.0,2047,2047,RTK FIXED
99.458,075108.40,10.48526600,76.44421300,10.48526600,76.44421322,658054.568,1159428.931,107.90,658054.578,1159428.932,-100.9,15,658053.638,1159428.230,10.48526300,76.44420500,0.000,-0.656,10.0,-10.0,0.0,0.0,2047,2047,RTK FIXED
99.504,075108.40,10.48526600,76.44421300,10.48526600,76.44421313,658054.568,1159428.931,107.90,658054.574,1159428.932,-102.8,15,658053.638,1159428.230,10.48526300,76.44420500,0.000,-0.656,10.0,-10.0,0.5,0.0,2047,2047,RTK FIXED
99.558,075108.60,10.48526500,76.44421300,10.48526560,76.44421308,658054.616,1159428.810,107.90,658054.591,1159428.883,-92.9,15,658053.638,1159428.230,10.48526300,76.44420500,0.000,-0.768,10.0,-10.0,0.0,0.0,2047,2047,RTK FIXED
99.604,075108.60,10.48526500,76.44421300,10.48526536,76.44421305,658054.616,1159428.810,107.90,658054.601,1159428.854,-95.1,15,658053.638,1159428.230,10.48526300,76.44420500,0.000,-0.768,10.0,-10.0,-0.6,0.0,2047,2047,RTK FIXED
99.657,075108.60,10.48526500,76.44421300,10.48526522,76.44421303,658054.616,1159428.810,107.90,658054.607,1159428.836,-97.3,15,658053.638,1159428.230,10.48526300,76.44420500,0.000,-0.768,10.0,-10.0,0.0,0.0,2047,2047,RTK FIXED
99.704,075108.60,10.48526500,76.44421300,10.48526513,76.44421302,658054.616,1159428.810,107.90,658054.611,1159428.826,-99.5,15,658053.638,1159428.230,10.48526300,76.44420500,0.000,-0.768,10.0,-10.0,0.0,0.0,2047,2047,RTK FIXED
99.758,075108.80,10.48526500,76.44421300,10.48526508,76.44421301,658054.598,1159428.815,107.90,658054.605,1159428.822,-101.7,15,658053.638,1159428.230,10.48526300,76.44420500,0.000,-0.662,10.0,-10.0,0.0,0.0,2047,2047,RTK FIXED
99.804,075108.80,10.48526500,76.44421300,10.48526505,76.44421301,658054.598,1159428.815,107.90,658054.602,1159428.819,-103.6,15,658053.638,1159428.230,10.48526300,76.44420500,0.000,-0.662,10.0,-10.0,0.5,0.0,2047,2047,RTK FIXED
99.858,075108.80,10.48526500,76.44421300,10.48526503,76.44421300,658054.598,1159428.815,107.90,658054.601,1159428.817,-105.5,15,658053.638,1159428.230,10.48526300,76.44420500,0.000,-0.662,10.0,-10.0,0.0,0.0,2047,2047,RTK FIXED
99.904,075108.80,10.48526500,76.44421300,10.48526502,76.44421300,658054.598,1159428.815,107.90,658054.599,1159428.816,-107.4,15,658053.638,1159428.230,10.48526300,76.44420500,0.000,-0.662,10.0,-10.0,-0.6,0.0,2047,2047,RTK FIXED
99.959,075109.00,10.48526500,76.44421300,10.48526501,76.44421300,658054.645,1159428.801,107.90,658054.617,1159428.810,-109.3,15,658053.638,1159428.230,10.48526300,76.44420500,0.000,-0.600,9.8,-9.8,0.5,0.0,2011,2011,RTK FIXED
100.004,075109.00,10.48526500,76.44421300,10.48526501,76.44421300,658054.645,1159428.801,107.90,658054.628,1159428.806,-111.0,15,658053.638,1159428.230,10.48526300,76.44420500,0.000,-0.600,9.8,-9.8,0.0,0.0,2011,2011,RTK FIXED
100.058,075109.00,10.48526500,76.44421300,10.48526500,76.44421300,658054.645,1159428.801,107.90,658054.635,1159428.804,-112.7,15,658053.638,1159428.230,10.48526300,76.44420500,0.000,-0.600,9.8,-9.8,0.0,0.0,2011,2011,RTK FIXED
100.112,075109.00,10.48526500,76.44421300,10.48526500,76.44421300,658054.645,1159428.801,107.90,658054.639,1159428.803,-114.5,15,658053.638,1159428.230,10.48526300,76.44420500,0.000,-0.600,9.8,-9.8,-0.5,0.0,2011,2011,RTK FIXED
100.159,075109.20,10.48526500,76.44421200,10.48526500,76.44421260,658054.576,1159428.782,107.90,658054.613,1159428.794,-116.2,15,658053.638,1159428.230,10.48526300,76.44420500,0.000,-0.600,9.8,-9.8,0.0,0.0,2011,2011,RTK FIXED
100.213,075109.20,10.48526500,76.44421200,10.48526500,76.44421236,658054.576,1159428.782,107.90,658054.598,1159428.789,-117.9,15,658053.638,1159428.230,10.48526300,76.44420500,0.000,-0.600,9.8,-9.8,0.5,0.0,2011,2011,RTK FIXED
100.259,075109.20,10.48526500,76.44421200,10.48526500,76.44421222,658054.576,1159428.782,107.90,658054.589,1159428.786,-119.6,15,658053.638,1159428.230,10.48526300,76.44420500,0.000,-0.600,9.8,-9.8,0.0,0.0,2011,2011,RTK FIXED
100.313,075109.40,10.48526400,76.44421200,10.48526460,76.44421213,658054.605,1159428.655,107.90,658054.595,1159428.734,-110.6,15,658053.638,1159428.230,10.48526300,76.44420500,0.000,-0.624,10.0,-10.0,-0.5,0.0,2047,2047,RTK FIXED
100.359,075109.40,10.48526400,76.44421200,10.48526436,76.44421208,658054.605,1159428.655,107.90,658054.599,1159428.702,-112.4,15,658053.638,1159428.230,10.48526300,76.44420500,0.000,-0.624,10.0,-10.0,0.0,0.0,2047,2047,RTK FIXED
100.413,075109.40,10.48526400,76.44421200,10.48526422,76.44421205,658054.605,1159428.655,107.90,658054.601,1159428.683,-114.2,15,658053.638,1159428.230,10.48526300,76.44420500,0.000,-0.624,10.0,-10.0,0.0,0.0,2047,2047,RTK FIXED
100.459,075109.40,10.48526400,76.44421200,10.48526413,76.44421203,658054.605,1159428.655,107.90,658054.603,1159428.672,-116.0,15,658053.638,1159428.230,10.48526300,76.44420500,0.000,-0.624,10.0,-10.0,0.5,0.0,2047,2047,RTK FIXED
100.513,075109.40,10.48526400,76.44421200,10.48526408,76.44421202,658054.605,1159428.655,107.90,658054.604,1159428.665,-117.8,15,658053.638,1159428.230,10.48526300,76.44420500,0.000,-0.624,10.0,-10.0,0.0,0.0,2047,2047,RTK FIXED
100.568,075109.60,10.48526400,76.44421200,10.48526405,76.44421201,658054.595,1159428.661,107.90,658054.600,1159428.663,-119.6,15,658053.638,1159428.230,10.48526300,76.44420500,0.000,-0.600,9.8,-9.8,-0.5,0.0,2011,2011,RTK FIXED
100.613,075109.60,10.48526400,76.44421200,10.48526403,76.44421201,658054.595,1159428.661,107.90,658054.598,1159428.662,-121.3,15,658053.638,1159428.230,10.48526300,76.44420500,0.000,-0.600,9.8,-9.8,0.5,0.0,2011,2011,RTK FIXED
100.667,075109.60,10.48526400,76.44421200,10.48526402,76.44421200,658054.595,1159428.661,107.90,658054.597,1159428.661,-123.0,15,658053.638,1159428.230,10.48526300,76.44420500,0.000,-0.600,9.8,-9.8,0.0,0.0,2011,2011,RTK FIXED
100.713,075109.80,10.48526400,76.44421100,10.48526401,76.44421160,658054.513,1159428.642,107.90,658054.564,1159428.653,-124.7,15,658053.638,1159428.230,10.48526300,76.44420500,0.000,-0.600,9.8,-9.8,0.0,0.0,2011,2011,RTK FIXED
100.766,075109.80,10.48526400,76.44421100,10.48526401,76.44421136,658054.513,1159428.642,107.90,658054.544,1159428.649,-126.5,15,658053.638,1159428.230,10.48526300,76.44420500,0.000,-0.600,9.8,-9.8,0.0,0.0,2011,2011,RTK FIXED
100.813,075109.80,10.48526400,76.44421100,10.48526400,76.44421122,658054.513,1159428.642,107.90,658054.531,1159428.646,-128.2,15,658053.638,1159428.230,10.48526300,76.44420500,0.000,-0.600,9.8,-9.8,0.0,0.0,2011,2011,RTK FIXED
100.867,075109.80,10.48526400,76.44421100,10.48526400,76.44421113,658054.513,1159428.642,107.90,658054.524,1159428.644,-129.9,15,658053.638,1159428.230,10.48526300,76.44420500,0.000,-0.600,9.8,-9.8,0.0,0.0,2011,2011,RTK FIXED
100.914,075109.80,10.48526400,76.44421100,10.48526400,76.44421108,658054.513,1159428.642,107.90,658054.520,1159428.643,-131.6,15,658053.638,1159428.230,10.48526300,76.44420500,0.000,-0.600,9.8,-9.8,0.0,0.0,2011,2011,RTK FIXED
100.968,075110.00,10.48526400,76.44421100,10.48526400,76.44421105,658054.556,1159428.605,107.90,658054.534,1159428.628,-127.0,15,658053.638,1159428.230,10.48526300,76.44420500,0.000,-0.600,9.8,-9.8,-0.5,0.0,2011,2011,RTK FIXED
101.013,075110.00,10.48526400,76.44421100,10.48526400,76.44421103,658054.556,1159428.605,107.90,658054.543,1159428.619,-128.8,15,658053.638,1159428.230,10.48526300,76.44420500,0.000,-0.600,9.8,-9.8,0.5,0.0,2011,2011,RTK FIXED
101.068,075110.00,10.48526400,76.44421100,10.48526400,76.44421102,658054.556,1159428.605,107.90,658054.548,1159428.614,-130.5,15,658053.638,1159428.230,10.48526300,76.44420500,0.000,-0.600,9.8,-9.8,-0.5,0.0,2011,2011,RTK FIXED
101.113,075110.00,10.48526400,76.44421100,10.48526400,76.44421101,658054.556,1159428.605,107.90,658054.551,1159428.610,-132.2,15,658053.638,1159428.230,10.48526300,76.44420500,0.000,-0.600,9.8,-9.8,0.0,0.0,2011,2011,RTK FIXED
101.168,075110.20,10.48526400,76.44421000,10.48526400,76.44421061,658054.449,1159428.602,107.90,658054.510,1159428.607,-133.9,15,658053.638,1159428.230,10.48526300,76.44420500,0.000,-0.600,9.8,-9.8,0.5,0.0,2011,2011,RTK FIXED
101.221,075110.20,10.48526400,76.44421000,10.48526400,76.44421036,658054.449,1159428.602,107.90,658054.486,1159428.605,-135.6,15,658053.638,1159428.230,10.48526300,76.44420500,0.000,-0.600,9.8,-9.8,-0.5,0.0,2011,2011,RTK FIXED
101.267,075110.20,10.48526400,76.44421000,10.48526400,76.44421022,658054.449,1159428.602,107.90,658054.471,1159428.604,-137.4,15,658053.638,1159428.230,10.48526300,76.44420500,0.000,-0.600,9.8,-9.8,0.0,0.0,2011,2011,RTK FIXED
101.322,075110.40,10.48526400,76.44421000,10.48526400,76.44421013,658054.471,1159428.578,107.90,658054.471,1159428.593,-139.1,15,658053.638,1159428.230,10.48526300,76.44420500,0.000,-0.600,9.8,-9.8,0.5,0.0,2011,2011,RTK FIXED
101.368,075110.40,10.48526400,76.44421000,10.48526400,76.44421008,658054.471,1159428.578,107.90,658054.471,1159428.587,-140.8,15,658053.638,1159428.230,10.48526300,76.44420500,0.000,-0.600,9.8,-9.8,0.0,0.0,2011,2011,RTK FIXED
101.421,075110.40,10.48526400,76.44421000,10.48526400,76.44421005,658054.471,1159428.578,107.90,658054.471,1159428.583,-142.5,15,658053.638,1159428.230,10.48526300,76.44420500,0.000,-0.600,9.8,-9.8,-0.5,0.0,2011,2011,RTK FIXED
101.468,075110.40,10.48526400,76.44421000,10.48526400,76.44421003,658054.471,1159428.578,107.90,658054.471,1159428.581,-144.2,15,658053.638,1159428.230,10.48526300,76.44420500,0.000,-0.600,9.8,-9.8,0.5,0.0,2011,2011,RTK FIXED
101.522,075110.60,10.48526400,76.44421000,10.48526400,76.44421002,658054.497,1159428.542,107.90,658054.481,1159428.565,-141.8,15,658053.638,1159428.230,10.48526300,76.44420500,0.000,-0.600,9.8,-9.8,-0.5,0.0,2011,2011,RTK FIXED
101.568,075110.60,10.48526400,76.44421000,10.48526400,76.44421001,658054.497,1159428.542,107.90,658054.488,1159428.556,-143.5,15,658053.638,1159428.230,10.48526300,76.44420500,0.000,-0.600,9.8,-9.8,0.0,0.0,2011,2011,RTK FIXED
101.622,075110.60,10.48526400,76.44421000,10.48526400,76.44421001,658054.497,1159428.542,107.90,658054.491,1159428.550,-145.2,15,658053.638,1159428.230,10.48526300,76.44420500,0.000,-0.600,9.8,-9.8,0.5,0.0,2011,2011,RTK FIXED
101.668,075110.60,10.48526400,76.44421000,10.48526400,76.44421000,658054.497,1159428.542,107.90,658054.494,1159428.547,-146.9,15,658053.638,1159428.230,10.48526300,76.44420500,0.000,-0.600,9.8,-9.8,-0.5,0.0,2011,2011,RTK FIXED
101.722,075110.80,10.48526400,76.44420900,10.48526400,76.44420960,658054.397,1159428.526,107.90,658054.455,1159428.538,-148.6,15,658053.638,1159428.230,10.48526300,76.44420500,0.000,-0.600,9.8,-9.8,0.0,0.0,2011,2011,RTK FIXED
101.776,075110.80,10.48526400,76.44420900,10.48526400,76.44420936,658054.397,1159428.526,107.90,658054.432,1159428.534,-150.4,15,658053.638,1159428.230,10.48526300,76.44420500,0.000,-0.600,9.8,-9.8,0.5,0.0,2011,2011,RTK FIXED
101.821,075110.80,10.48526400,76.44420900,10.48526400,76.44420922,658054.397,1159428.526,107.90,658054.418,1159428.531,-152.1,15,658053.638,1159428.230,10.48526300,76.44420500,0.000,-0.600,9.8,-9.8,0.0,0.0,2011,2011,RTK FIXED
101.876,075110.80,10.48526400,76.44420900,10.48526400,76.44420913,658054.397,1159428.526,107.90,658054.409,1159428.529,-153.8,15,658053.638,1159428.230,10.48526300,76.44420500,0.000,-0.600,9.8,-9.8,0.0,0.0,2011,2011,RTK FIXED
102.084,075111.00,10.48526400,76.44420900,10.48526400,76.44420908,658054.416,1159428.486,107.90,658054.412,1159428.512,-155.5,15,658053.638,1159428.230,10.48526300,76.44420500,0.365,-0.039,10.0,9.4,0.0,0.0,450,450,RTK FIXED
102.122,075111.20,10.48526400,76.44420900,10.48526400,76.44420905,658054.416,1159428.486,107.90,658054.414,1159428.502,-148.9,15,658053.638,1159428.230,10.48526300,76.44420500,0.358,-0.103,10.0,8.4,-0.7,0.0,900,900,RTK FIXED
102.168,075111.20,10.48526400,76.44420900,10.48526400,76.44420903,658054.416,1159428.486,107.90,658054.415,1159428.496,-148.9,15,658053.638,1159428.230,10.48526300,76.44420500,0.358,-0.103,10.0,8.4,0.0,0.0,1350,1350,RTK FIXED
102.222,075111.20,10.48526400,76.44420900,10.48526400,76.44420902,658054.416,1159428.486,107.90,658054.415,1159428.492,-148.9,15,658053.638,1159428.230,10.48526300,76.44420500,0.358,-0.103,10.0,8.4,0.0,0.0,1800,1723,RTK FIXED
102.268,075111.20,10.48526400,76.44420900,10.48526400,76.44420901,658054.416,1159428.486,107.90,658054.416,1159428.490,-148.9,15,658053.638,1159428.230,10.48526300,76.44420500,0.358,-0.103,10.0,8.4,0.5,0.0,2047,1723,RTK FIXED
102.323,075111.40,10.48526500,76.44420800,10.48526440,76.44420861,658054.288,1159428.635,107.90,658054.364,1159428.548,-148.9,15,658053.638,1159428.230,10.48526300,76.44420500,0.363,-0.059,10.0,9.1,-0.5,0.0,2047,1856,RTK FIXED
102.369,075111.40,10.48526500,76.44420800,10.48526464,76.44420836,658054.288,1159428.635,107.90,658054.334,1159428.583,-148.9,15,658053.638,1159428.230,10.48526300,76.44420500,0.363,-0.059,10.0,9.1,0.5,0.0,2047,1856,RTK FIXED
102.421,075111.40,10.48526500,76.44420800,10.48526478,76.44420822,658054.288,1159428.635,107.90,658054.315,1159428.603,-148.9,15,658053.638,1159428.230,10.48526300,76.44420500,0.363,-0.059,10.0,9.1,-0.5,0.0,2047,1856,RTK FIXED
102.468,075111.40,10.48526500,76.44420800,10.48526487,76.44420813,658054.288,1159428.635,107.90,658054.304,1159428.616,-148.9,15,658053.638,1159428.230,10.48526300,76.44420500,0.363,-0.059,10.0,9.1,0.5,1.1,2047,1856,RTK FIXED
102.523,075111.60,10.48526500,76.44420800,10.48526492,76.44420808,658054.288,1159428.635,107.90,658054.298,1159428.623,-170.3,15,658053.638,1159428.230,10.48526300,76.44420500,0.349,0.154,7.7,10.0,-0.5,2.3,1597,2047,RTK FIXED
102.569,075111.60,10.48526500,76.44420800,10.48526495,76.44420805,658054.288,1159428.635,107.90,658054.294,1159428.628,-170.3,15,658053.638,1159428.230,10.48526300,76.44420500,0.349,0.154,7.7,10.0,0.0,2.2,1567,2047,RTK FIXED
102.623,075111.60,10.48526500,76.44420800,10.48526497,76.44420803,658054.288,1159428.635,107.90,658054.291,1159428.631,-170.3,15,658053.638,1159428.230,10.48526300,76.44420500,0.349,0.154,7.7,10.0,0.0,2.3,1567,2047,RTK FIXED
102.668,075111.60,10.48526500,76.44420800,10.48526498,76.44420802,658054.288,1159428.635,107.90,658054.290,1159428.632,-170.3,15,658053.638,1159428.230,10.48526300,76.44420500,0.349,0.154,7.7,10.0,0.5,2.7,1567,2047,RTK FIXED
102.722,075111.80,10.48526500,76.44420800,10.48526499,76.44420801,658054.332,1159428.505,107.90,658054.307,1159428.581,-170.3,15,658053.638,1159428.230,10.48526300,76.44420500,0.352,0.137,7.9,10.0,0.0,1.8,1619,2047,RTK FIXED
102.777,075111.80,10.48526500,76.44420800,10.48526499,76.44420801,658054.332,1159428.505,107.90,658054.317,1159428.551,-170.3,15,658053.638,1159428.230,10.48526300,76.44420500,0.352,0.137,7.9,10.0,-0.5,2.3,1619,2047,RTK FIXED
102.822,075111.80,10.48526500,76.44420800,10.48526500,76.44420800,658054.332,1159428.505,107.90,658054.323,1159428.532,-170.3,15,658053.638,1159428.230,10.48526300,76.44420500,0.352,0.137,7.9,10.0,0.5,2.7,1619,2047,RTK FIXED
102.877,075111.80,10.48526500,76.44420800,10.48526500,76.44420800,658054.332,1159428.505,107.90,658054.326,1159428.521,-170.3,15,658053.638,1159428.230,10.48526300,76.44420500,0.352,0.137,7.9,10.0,-0.5,4.6,1619,2047,RTK FIXED
102.923,075111.80,10.48526500,76.44420800,10.48526500,76.44420800,658054.332,1159428.505,107.90,658054.329,1159428.514,-170.3,15,658053.638,1159428.230,10.48526300,76.44420500,0.352,0.137,7.9,10.0,0.5,4.3,1619,2047,RTK FIXED
102.978,075112.00,10.48526500,76.44420800,10.48526500,76.44420800,658054.332,1159428.505,107.90,658054.330,1159428.510,-170.3,15,658053.638,1159428.230,10.48526300,76.44420500,0.354,0.127,8.1,10.0,-0.5,5.5,1649,2047,RTK FIXED
103.023,075112.00,10.48526500,76.44420800,10.48526500,76.44420800,658054.332,1159428.505,107.90,658054.331,1159428.508,-170.3,15,658053.638,1159428.230,10.48526300,76.44420500,0.354,0.127,8.1,10.0,0.6,5.5,1649,2047,RTK FIXED
103.077,075112.00,10.48526500,76.44420800,10.48526500,76.44420800,658054.332,1159428.505,107.90,658054.331,1159428.507,-170.3,15,658053.638,1159428.230,10.48526300,76.44420500,0.354,0.127,8.1,10.0,0.0,6.5,1649,2047,RTK FIXED
103.123,075112.20,10.48526500,76.44420800,10.48526500,76.44420800,658054.332,1159428.505,107.90,658054.331,1159428.506,-170.3,15,658053.638,1159428.230,10.48526300,76.44420500,0.355,0.121,8.1,10.0,0.0,8.1,1668,2047,RTK FIXED
103.177,075112.20,10.48526500,76.44420800,10.48526500,76.44420800,658054.332,1159428.505,107.90,658054.332,1159428.505,-170.3,15,658053.638,1159428.230,10.48526300,76.44420500,0.355,0.121,8.1,10.0,0.0,9.3,1668,2047,RTK FIXED
103.223,075112.20,10.48526500,76.44420800,10.48526500,76.44420800,658054.332,1159428.505,107.90,658054.332,1159428.505,-170.3,15,658053.638,1159428.230,10.48526300,76.44420500,0.355,0.121,8.1,10.0,-0.5,10.4,1668,2047,RTK FIXED
103.277,075112.20,10.48526500,76.44420800,10.48526500,76.44420800,658054.332,1159428.505,107.90,658054.332,1159428.505,-170.3,15,658053.638,1159428.230,10.48526300,76.44420500,0.355,0.121,8.1,10.0,0.5,11.0,1668,2047,RTK FIXED
103.331,075112.20,10.48526500,76.44420800,10.48526500,76.44420800,658054.332,1159428.505,107.90,658054.332,1159428.505,-170.3,15,658053.638,1159428.230,10.48526300,76.44420500,0.355,0.121,8.1,10.0,-0.5,12.1,1668,2047,RTK FIXED
103.378,075112.40,10.48526500,76.44420800,10.48526500,76.44420800,658054.332,1159428.505,107.90,658054.332,1159428.505,-170.3,15,658053.638,1159428.230,10.48526300,76.44420500,0.356,0.117,8.2,10.0,0.5,12.8,1678,2047,RTK FIXED
103.431,075112.40,10.48526500,76.44420800,10.48526500,76.44420800,658054.332,1159428.505,107.90,658054.332,1159428.505,-170.3,15,658053.638,1159428.230,10.48526300,76.44420500,0.356,0.117,8.2,10.0,0.0,13.6,1678,2047,RTK FIXED
103.477,075112.40,10.48526500,76.44420800,10.48526500,76.44420800,658054.332,1159428.505,107.90,658054.332,1159428.505,-170.3,15,658053.638,1159428.230,10.48526300,76.44420500,0.356,0.117,8.2,10.0,-0.5,14.8,1678,2047,RTK FIXED
103.532,075112.60,10.48526500,76.44420700,10.48526500,76.44420760,658054.222,1159428.504,107.90,658054.288,1159428.504,-155.9,15,658053.638,1159428.230,10.48526300,76.44420500,0.366,0.004,9.9,10.0,0.5,15.0,2034,2047,RTK FIXED
103.577,075112.60,10.48526500,76.44420700,10.48526500,76.44420736,658054.222,1159428.504,107.90,658054.262,1159428.504,-155.9,15,658053.638,1159428.230,10.48526300,76.44420500,0.366,0.004,9.9,10.0,0.0,15.0,2034,2047,RTK FIXED
103.632,075112.60,10.48526500,76.44420700,10.48526500,76.44420722,658054.222,1159428.504,107.90,658054.246,1159428.504,-155.9,15,658053.638,1159428.230,10.48526300,76.44420500,0.366,0.004,9.9,10.0,0.0,16.4,2034,2047,RTK FIXED
103.678,075112.60,10.48526500,76.44420700,10.48526500,76.44420713,658054.222,1159428.504,107.90,658054.237,1159428.504,-155.9,15,658053.638,1159428.230,10.48526300,76.44420500,0.366,0.004,9.9,10.0,-0.5,16.9,2034,2047,RTK FIXED
103.732,075112.80,10.48526500,76.44420700,10.48526500,76.44420708,658054.198,1159428.594,107.90,658054.221,1159428.540,-155.9,15,658053.638,1159428.230,10.48526300,76.44420500,0.365,0.033,9.5,10.0,0.5,17.5,1939,2047,RTK FIXED
103.777,075112.80,10.48526500,76.44420700,10.48526500,76.44420705,658054.198,1159428.594,107.90,658054.212,1159428.561,-155.9,15,658053.638,1159428.230,10.48526300,76.44420500,0.365,0.033,9.5,10.0,0.0,17.6,1939,2047,RTK FIXED
103.831,075112.80,10.48526500,76.44420700,10.48526500,76.44420703,658054.198,1159428.594,107.90,658054.206,1159428.574,-155.9,15,658053.638,1159428.230,10.48526300,76.44420500,0.365,0.033,9.5,10.0,0.0,18.2,1939,2047,RTK FIXED
103.885,075112.80,10.48526500,76.44420700,10.48526500,76.44420702,658054.198,1159428.594,107.90,658054.203,1159428.582,-155.9,15,658053.638,1159428.230,10.48526300,76.44420500,0.365,0.033,9.5,10.0,-0.5,18.0,1939,2047,RTK FIXED
103.940,075113.00,10.48526500,76.44420700,10.48526500,76.44420701,658054.198,1159428.594,107.90,658054.201,1159428.587,-155.9,15,658053.638,1159428.230,10.48526300,76.44420500,0.364,0.051,9.2,10.0,0.5,17.8,1883,2047,RTK FIXED
103.985,075113.00,10.48526500,76.44420700,10.48526500,76.44420701,658054.198,1159428.594,107.90,658054.200,1159428.589,-155.9,15,658053.638,1159428.230,10.48526300,76.44420500,0.364,0.051,9.2,10.0,-0.5,18.1,1883,2047,RTK FIXED
104.039,075113.00,10.48526500,76.44420700,10.48526500,76.44420700,658054.198,1159428.594,107.90,658054.199,1159428.591,-155.9,15,658053.638,1159428.230,10.48526300,76.44420500,0.364,0.051,9.2,10.0,0.0,17.9,1883,2047,RTK FIXED
104.085,075113.00,10.48526500,76.44420700,10.48526500,76.44420700,658054.198,1159428.594,107.90,658054.199,1159428.592,-155.9,15,658053.638,1159428.230,10.48526300,76.44420500,0.364,0.051,9.2,10.0,0.0,17.9,1883,2047,RTK FIXED
104.139,075113.20,10.48526500,76.44420600,10.48526500,76.44420660,658054.088,1159428.593,107.80,658054.155,1159428.592,-171.9,15,658053.638,1159428.230,10.48526300,76.44420500,0.333,0.216,6.7,10.0,0.0,18.4,1433,2047,RTK FIXED
104.185,075113.20,10.48526500,76.44420600,10.48526500,76.44420636,658054.088,1159428.593,107.80,658054.128,1159428.593,-171.9,15,658053.638,1159428.230,10.48526300,76.44420500,0.333,0.216,6.7,10.0,0.5,18.0,1380,2047,RTK FIXED
104.240,075113.20,10.48526500,76.44420600,10.48526500,76.44420622,658054.088,1159428.593,107.80,658054.112,1159428.593,-171.9,15,658053.638,1159428.230,10.48526300,76.44420500,0.333,0.216,6.7,10.0,0.0,17.8,1380,2047,RTK FIXED
104.286,075113.20,10.48526500,76.44420600,10.48526500,76.44420613,658054.088,1159428.593,107.80,658054.103,1159428.593,-171.9,15,658053.638,1159428.230,10.48526300,76.44420500,0.333,0.216,6.7,10.0,-0.5,17.4,1380,2047,RTK FIXED
104.340,075113.40,10.48526500,76.44420600,10.48526500,76.44420608,658054.114,1159428.493,107.80,658054.107,1159428.553,-171.9,15,658053.638,1159428.230,10.48526300,76.44420500,0.335,0.206,6.9,10.0,0.5,17.9,1409,2047,RTK FIXED
104.386,075113.40,10.48526500,76.44420600,10.48526500,76.44420605,658054.114,1159428.493,107.80,658054.110,1159428.529,-171.9,15,658053.638,1159428.230,10.48526300,76.44420500,0.335,0.206,6.9,10.0,0.0,17.5,1409,2047,RTK FIXED
104.439,075113.40,10.48526500,76.44420600,10.48526500,76.44420603,658054.114,1159428.493,107.80,658054.112,1159428.515,-171.9,15,658053.638,1159428.230,10.48526300,76.44420500,0.335,0.206,6.9,10.0,-0.5,17.9,1409,2047,RTK FIXED
104.494,075113.40,10.48526500,76.44420600,10.48526500,76.44420602,658054.114,1159428.493,107.80,658054.113,1159428.506,-171.9,15,658053.638,1159428.230,10.48526300,76.44420500,0.335,0.206,6.9,10.0,0.0,17.3,1409,2047,RTK FIXED
104.540,075113.60,10.48526500,76.44420600,10.48526500,76.44420601,658054.114,1159428.493,107.80,658054.113,1159428.501,-171.9,15,658053.638,1159428.230,10.48526300,76.44420500,0.337,0.201,7.0,10.0,0.0,17.1,1426,2047,RTK FIXED
104.594,075113.60,10.48526500,76.44420600,10.48526500,76.44420601,658054.114,1159428.493,107.80,658054.114,1159428.498,-171.9,15,658053.638,1159428.230,10.48526300,76.44420500,0.337,0.201,7.0,10.0,0.0,17.3,1426,2047,RTK FIXED
104.640,075113.60,10.48526500,76.44420600,10.48526500,76.44420600,658054.114,1159428.493,107.80,658054.114,1159428.496,-171.9,15,658053.638,1159428.230,10.48526300,76.44420500,0.337,0.201,7.0,10.0,0.5,17.3,1426,2047,RTK FIXED
104.693,075113.60,10.48526500,76.44420600,10.48526500,76.44420600,658054.114,1159428.493,107.80,658054.114,1159428.495,-171.9,15,658053.638,1159428.230,10.48526300,76.44420500,0.337,0.201,7.0,10.0,-0.5,16.9,1426,2047,RTK FIXED
104.740,075113.80,10.48526500,76.44420500,10.48526500,76.44420560,658054.005,1159428.493,107.80,658054.070,1159428.494,-163.7,15,658053.638,1159428.230,10.48526300,76.44420500,0.352,0.140,7.9,10.0,0.0,17.2,1611,2047,RTK FIXED
104.794,075113.80,10.48526500,76.44420500,10.48526500,76.44420536,658054.005,1159428.493,107.80,658054.044,1159428.494,-163.7,15,658053.638,1159428.230,10.48526300,76.44420500,0.352,0.140,7.9,10.0,0.5,17.1,1611,2047,RTK FIXED
104.840,075113.80,10.48526500,76.44420500,10.48526500,76.44420522,658054.005,1159428.493,107.80,658054.028,1159428.493,-163.7,15,658053.638,1159428.230,10.48526300,76.44420500,0.352,0.140,7.9,10.0,0.0,17.3,1611,2047,RTK FIXED
104.894,075113.80,10.48526500,76.44420500,10.48526500,76.44420513,658054.005,1159428.493,107.80,658054.019,1159428.493,-163.7,15,658053.638,1159428.230,10.48526300,76.44420500,0.352,0.140,7.9,10.0,-0.5,17.2,1611,2047,RTK FIXED
104.941,075114.00,10.48526400,76.44420500,10.48526460,76.44420508,658053.996,1159428.435,107.80,658054.010,1159428.470,-163.7,15,658053.638,1159428.230,10.48526300,76.44420500,0.353,0.136,7.9,10.0,0.0,17.2,1624,2047,RTK FIXED
104.994,075114.00,10.48526400,76.44420500,10.48526436,76.44420505,658053.996,1159428.435,107.80,658054.004,1159428.456,-163.7,15,658053.638,1159428.230,10.48526300,76.44420500,0.353,0.136,7.9,10.0,0.5,17.8,1624,2047,RTK FIXED
105.039,075114.00,10.48526400,76.44420500,10.48526422,76.44420503,658053.996,1159428.435,107.80,658054.001,1159428.447,-163.7,15,658053.638,1159428.230,10.48526300,76.44420500,0.353,0.136,7.9,10.0,0.0,17.2,1624,2047,RTK FIXED
105.094,075114.00,10.48526400,76.44420500,10.48526413,76.44420502,658053.996,1159428.435,107.80,658053.999,1159428.442,-163.7,15,658053.638,1159428.230,10.48526300,76.44420500,0.353,0.136,7.9,10.0,-0.5,17.7,1624,2047,RTK FIXED
105.149,075114.20,10.48526400,76.44420500,10.48526408,76.44420501,658053.996,1159428.435,107.80,658053.997,1159428.439,-163.7,15,658053.638,1159428.230,10.48526300,76.44420500,0.350,0.133,8.0,10.0,0.5,17.5,1628,2047,RTK FIXED
105.194,075114.20,10.48526400,76.44420500,10.48526405,76.44420501,658053.996,1159428.435,107.80,658053.997,1159428.437,-163.7,15,658053.638,1159428.230,10.48526300,76.44420500,0.350,0.133,8.0,10.0,-0.6,17.7,1628,2047,RTK FIXED
105.248,075114.20,10.48526400,76.44420500,10.48526403,76.44420500,658053.996,1159428.435,107.80,658053.996,1159428.436,-163.7,15,658053.638,1159428.230,10.48526300,76.44420500,0.350,0.133,8.0,10.0,0.5,17.5,1628,2047,RTK FIXED
105.295,075114.20,10.48526400,76.44420500,10.48526402,76.44420500,658053.996,1159428.435,107.80,658053.996,1159428.436,-163.7,15,658053.638,1159428.230,10.48526300,76.44420500,0.350,0.133,8.0,10.0,0.0,18.2,1628,2047,RTK FIXED
105.349,075114.40,10.48526400,76.44420500,10.48526401,76.44420500,658053.996,1159428.435,107.80,658053.996,1159428.435,-156.3,15,658053.638,1159428.230,10.48526300,76.44420500,0.346,0.067,8.9,10.0,-0.5,18.0,1822,2047,RTK FIXED
105.395,075114.40,10.48526400,76.44420500,10.48526401,76.44420500,658053.996,1159428.435,107.80,658053.996,1159428.435,-156.3,15,658053.638,1159428.230,10.48526300,76.44420500,0.346,0.067,8.9,10.0,0.5,17.5,1822,2047,RTK FIXED
105.449,075114.40,10.48526400,76.44420500,10.48526400,76.44420500,658053.996,1159428.435,107.80,658053.996,1159428.435,-156.3,15,658053.638,1159428.230,10.48526300,76.44420500,0.346,0.067,8.9,10.0,-0.5,18.1,1822,2047,RTK FIXED
105.497,075114.40,10.48526400,76.44420500,10.48526400,76.44420500,658053.996,1159428.435,107.80,658053.996,1159428.435,-156.3,15,658053.638,1159428.230,10.48526300,76.44420500,0.346,0.067,8.9,10.0,0.5,17.8,1822,2047,RTK FIXED
105.552,075114.60,10.48526400,76.44420400,10.48526400,76.44420460,658053.871,1159428.479,107.80,658053.946,1159428.453,-156.3,16,658052.765,1159427.673,10.48525800,76.44419700,0.360,0.087,8.6,10.0,0.0,18.1,1770,2047,RTK FIXED
105.595,075114.60,10.48526400,76.44420400,10.48526400,76.44420436,658053.871,1159428.479,107.80,658053.916,1159428.463,-156.3,16,658052.765,1159427.673,10.48525800,76.44419700,0.360,0.087,8.6,10.0,0.0,18.0,1770,2047,RTK FIXED
105.649,075114.60,10.48526400,76.44420400,10.48526400,76.44420422,658053.871,1159428.479,107.80,658053.898,1159428.470,-156.3,16,658052.765,1159427.673,10.48525800,76.44419700,0.360,0.087,8.6,10.0,-0.5,19.0,1770,2047,RTK FIXED
105.704,075114.80,10.48526400,76.44420400,10.48526400,76.44420413,658053.871,1159428.479,107.80,658053.887,1159428.474,-166.7,16,658052.765,1159427.673,10.48525800,76.44419700,0.340,0.189,7.1,10.0,0.4,18.9,1462,2047,RTK FIXED
105.748,075114.80,10.48526400,76.44420400,10.48526400,76.44420408,658053.871,1159428.479,107.80,658053.881,1159428.476,-166.7,16,658052.765,1159427.673,10.48525800,76.44419700,0.340,0.189,7.1,10.0,0.0,18.8,1462,2047,RTK FIXED
105.802,075114.80,10.48526400,76.44420400,10.48526400,76.44420405,658053.871,1159428.479,107.80,658053.877,1159428.477,-166.7,16,658052.765,1159427.673,10.48525800,76.44419700,0.340,0.189,7.1,10.0,-0.5,19.0,1462,2047,RTK FIXED
105.850,075114.80,10.48526400,76.44420400,10.48526400,76.44420403,658053.871,1159428.479,107.80,658053.874,1159428.478,-166.7,16,658052.765,1159427.673,10.48525800,76.44419700,0.340,0.189,7.1,10.0,0.5,19.0,1462,2047,RTK FIXED
105.904,075114.80,10.48526400,76.44420400,10.48526400,76.44420402,658053.871,1159428.479,107.80,658053.873,1159428.479,-166.7,16,658052.765,1159427.673,10.48525800,76.44419700,0.340,0.189,7.1,10.0,0.0,18.9,1462,2047,RTK FIXED
105.950,075115.00,10.48526300,76.44420400,10.48526360,76.44420401,658053.891,1159428.304,107.80,658053.880,1159428.409,-166.7,16,658052.765,1159427.673,10.48525800,76.44419700,0.345,0.168,7.5,10.0,0.0,17.6,1525,2047,RTK FIXED
106.003,075115.00,10.48526300,76.44420400,10.48526336,76.44420401,658053.891,1159428.304,107.80,658053.885,1159428.367,-166.7,16,658052.765,1159427.673,10.48525800,76.44419700,0.345,0.168,7.5,10.0,-0.5,18.6,1525,2047,RTK FIXED
106.049,075115.00,10.48526300,76.44420400,10.48526322,76.44420400,658053.891,1159428.304,107.80,658053.887,1159428.342,-166.7,16,658052.765,1159427.673,10.48525800,76.44419700,0.345,0.168,7.5,10.0,0.5,18.5,1525,2047,RTK FIXED
106.103,075115.00,10.48526300,76.44420400,10.48526313,76.44420400,658053.891,1159428.304,107.80,658053.889,1159428.327,-166.7,16,658052.765,1159427.673,10.48525800,76.44419700,0.345,0.168,7.5,10.0,0.0,18.3,1525,2047,RTK FIXED
106.149,075115.20,10.48526300,76.44420400,10.48526308,76.44420400,658053.891,1159428.304,107.80,658053.890,1159428.318,-147.0,16,658052.765,1159427.673,10.48525800,76.44419700,0.366,-0.018,10.0,9.7,0.0,18.4,1975,1988,RTK FIXED
106.204,075115.20,10.48526300,76.44420400,10.48526305,76.44420400,658053.891,1159428.304,107.80,658053.890,1159428.312,-147.0,16,658052.765,1159427.673,10.48525800,76.44419700,0.366,-0.018,10.0,9.7,0.0,18.2,2047,1988,RTK FIXED
106.256,075115.20,10.48526300,76.44420400,10.48526303,76.44420400,658053.891,1159428.304,107.80,658053.891,1159428.309,-147.0,16,658052.765,1159427.673,10.48525800,76.44419700,0.366,-0.018,10.0,9.7,-0.5,17.5,2047,1988,RTK FIXED
106.304,075115.20,10.48526300,76.44420400,10.48526302,76.44420400,658053.891,1159428.304,107.80,658053.891,1159428.307,-147.0,16,658052.765,1159427.673,10.48525800,76.44419700,0.366,-0.018,10.0,9.7,0.5,17.0,2047,1988,RTK FIXED
106.357,075115.40,10.48526300,76.44420300,10.48526301,76.44420360,658053.735,1159428.422,107.80,658053.828,1159428.353,-147.0,16,658052.765,1159427.673,10.48525800,76.44419700,0.366,0.008,9.9,10.0,0.0,17.2,2020,2047,RTK FIXED
106.404,075115.40,10.48526300,76.44420300,10.48526301,76.44420336,658053.735,1159428.422,107.80,658053.791,1159428.381,-147.0,16,658052.765,1159427.673,10.48525800,76.44419700,0.366,0.008,9.9,10.0,-0.5,17.8,2020,2047,RTK FIXED
106.457,075115.40,10.48526300,76.44420300,10.48526300,76.44420322,658053.735,1159428.422,107.80,658053.769,1159428.397,-147.0,16,658052.765,1159427.673,10.48525800,76.44419700,0.366,0.008,9.9,10.0,0.0,17.6,2020,2047,RTK FIXED
106.504,075115.40,10.48526300,76.44420300,10.48526300,76.44420313,658053.735,1159428.422,107.80,658053.755,1159428.407,-147.0,16,658052.765,1159427.673,10.48525800,76.44419700,0.366,0.008,9.9,10.0,0.5,18.9,2020,2047,RTK FIXED
106.558,075115.60,10.48526300,76.44420300,10.48526300,76.44420308,658053.735,1159428.422,107.80,658053.747,1159428.413,-162.6,16,658052.765,1159427.673,10.48525800,76.44419700,0.347,0.161,7.6,10.0,-0.5,19.3,1570,2047,RTK FIXED
106.604,075115.60,10.48526300,76.44420300,10.48526300,76.44420305,658053.735,1159428.422,107.80,658053.742,1159428.417,-162.6,16,658052.765,1159427.673,10.48525800,76.44419700,0.347,0.161,7.6,10.0,0.0,20.8,1546,2047,RTK FIXED
106.657,075115.60,10.48526300,76.44420300,10.48526300,76.44420303,658053.735,1159428.422,107.80,658053.739,1159428.419,-162.6,16,658052.765,1159427.673,10.48525800,76.44419700,0.347,0.161,7.6,10.0,0.5,19.7,1546,2047,RTK FIXED
106.703,075115.60,10.48526300,76.44420300,10.48526300,76.44420302,658053.735,1159428.422,107.80,658053.737,1159428.420,-162.6,16,658052.765,1159427.673,10.48525800,76.44419700,0.347,0.161,7.6,10.0,0.0,20.0,1546,2047,RTK FIXED
106.758,075115.80,10.48526200,76.44420300,10.48526260,76.44420301,658053.776,1159428.219,107.80,658053.753,1159428.340,-162.6,16,658052.765,1159427.673,10.48525800,76.44419700,0.353,0.134,8.0,10.0,-0.5,19.1,1629,2047,RTK FIXED
106.812,075115.80,10.48526200,76.44420300,10.48526236,76.44420301,658053.776,1159428.219,107.80,658053.762,1159428.291,-162.6,16,658052.765,1159427.673,10.48525800,76.44419700,0.353,0.134,8.0,10.0,0.0,18.2,1629,2047,RTK FIXED
106.857,075115.80,10.48526200,76.44420300,10.48526222,76.44420300,658053.776,1159428.219,107.80,658053.768,1159428.262,-162.6,16,658052.765,1159427.673,10.48525800,76.44419700,0.353,0.134,8.0,10.0,0.0,17.6,1629,2047,RTK FIXED
106.912,075115.80,10.48526200,76.44420300,10.48526213,76.44420300,658053.776,1159428.219,107.80,658053.771,1159428.245,-162.6,16,658052.765,1159427.673,10.48525800,76.44419700,0.353,0.134,8.0,10.0,0.0,17.3,1629,2047,RTK FIXED
106.958,075116.00,10.48526200,76.44420300,10.48526208,76.44420300,658053.776,1159428.219,107.80,658053.773,1159428.235,-142.7,16,658052.765,1159427.673,10.48525800,76.44419700,0.363,-0.059,10.0,9.1,0.0,18.4,2047,1858,RTK FIXED
107.012,075116.00,10.48526200,76.44420300,10.48526205,76.44420300,658053.776,1159428.219,107.80,658053.774,1159428.228,-142.7,16,658052.765,1159427.673,10.48525800,76.44419700,0.363,-0.059,10.0,9.1,0.5,18.2,2047,1858,RTK FIXED
107.058,075116.00,10.48526200,76.44420300,10.48526203,76.44420300,658053.776,1159428.219,107.80,658053.775,1159428.225,-142.7,16,658052.765,1159427.673,10.48525800,76.44419700,0.363,-0.059,10.0,9.1,0.0,17.2,2047,1858,RTK FIXED
107.112,075116.00,10.48526200,76.44420300,10.48526202,76.44420300,658053.776,1159428.219,107.80,658053.775,1159428.222,-142.7,16,658052.765,1159427.673,10.48525800,76.44419700,0.363,-0.059,10.0,9.1,-0.5,16.4,2047,1858,RTK FIXED
107.158,075116.20,10.48526200,76.44420200,10.48526201,76.44420260,658053.610,1159428.334,107.80,658053.709,1159428.267,-142.7,16,658052.765,1159427.673,10.48525800,76.44419700,0.365,-0.030,10.0,9.5,0.0,16.1,2047,1949,RTK FIXED
107.212,075116.20,10.48526200,76.44420200,10.48526201,76.44420236,658053.610,1159428.334,107.80,658053.670,1159428.294,-142.7,16,658052.765,1159427.673,10.48525800,76.44419700,0.365,-0.030,10.0,9.5,0.0,16.1,2047,1949,RTK FIXED
107.258,075116.20,10.48526200,76.44420200,10.48526200,76.44420222,658053.610,1159428.334,107.80,658053.646,1159428.310,-142.7,16,658052.765,1159427.673,10.48525800,76.44419700,0.365,-0.030,10.0,9.5,0.5,16.6,2047,1949,RTK FIXED
107.313,075116.40,10.48526200,76.44420200,10.48526200,76.44420213,658053.610,1159428.334,107.80,658053.632,1159428.319,-158.7,16,658052.765,1159427.673,10.48525800,76.44419700,0.354,0.129,8.0,10.0,-0.5,18.2,1644,2047,RTK FIXED
107.357,075116.40,10.48526200,76.44420200,10.48526200,76.44420208,658053.610,1159428.334,107.80,658053.623,1159428.325,-158.7,16,658052.765,1159427.673,10.48525800,76.44419700,0.354,0.129,8.0,10.0,0.6,18.1,1644,2047,RTK FIXED
107.412,075116.40,10.48526200,76.44420200,10.48526200,76.44420205,658053.610,1159428.334,107.80,658053.618,1159428.329,-158.7,16,658052.765,1159427.673,10.48525800,76.44419700,0.354,0.129,8.0,10.0,-0.5,17.3,1644,2047,RTK FIXED
107.466,075116.40,10.48526200,76.44420200,10.48526200,76.44420203,658053.610,1159428.334,107.80,658053.615,1159428.331,-158.7,16,658052.765,1159427.673,10.48525800,76.44419700,0.354,0.129,8.0,10.0,0.5,18.1,1644,2047,RTK FIXED
107.513,075116.60,10.48526200,76.44420200,10.48526200,76.44420202,658053.659,1159428.243,107.80,658053.632,1159428.296,-158.7,16,658052.765,1159427.673,10.48525800,76.44419700,0.356,0.117,8.2,10.0,-0.5,18.2,1680,2047,RTK FIXED
107.566,075116.60,10.48526200,76.44420200,10.48526200,76.44420201,658053.659,1159428.243,107.80,658053.643,1159428.274,-158.7,16,658052.765,1159427.673,10.48525800,76.44419700,0.356,0.117,8.2,10.0,0.5,17.3,1680,2047,RTK FIXED
107.613,075116.60,10.48526200,76.44420200,10.48526200,76.44420201,658053.659,1159428.243,107.80,658053.649,1159428.262,-158.7,16,658052.765,1159427.673,10.48525800,76.44419700,0.356,0.117,8.2,10.0,-0.5,16.7,1680,2047,RTK FIXED
107.666,075116.60,10.48526200,76.44420200,10.48526200,76.44420200,658053.659,1159428.243,107.80,658053.653,1159428.254,-158.7,16,658052.765,1159427.673,10.48525800,76.44419700,0.356,0.117,8.2,10.0,0.5,17.7,1680,2047,RTK FIXED
107.714,075116.80,10.48526100,76.44420200,10.48526160,76.44420200,658053.659,1159428.132,107.80,658053.655,1159428.205,-139.7,16,658052.765,1159427.673,10.48525800,76.44419700,0.361,-0.079,10.0,8.8,0.0,17.2,2047,1796,RTK FIXED
107.766,075116.80,10.48526100,76.44420200,10.48526136,76.44420200,658053.659,1159428.132,107.80,658053.657,1159428.176,-139.7,16,658052.765,1159427.673,10.48525800,76.44419700,0.361,-0.079,10.0,8.8,0.0,17.8,2047,1796,RTK FIXED
107.813,075116.80,10.48526100,76.44420200,10.48526122,76.44420200,658053.659,1159428.132,107.80,658053.658,1159428.158,-139.7,16,658052.765,1159427.673,10.48525800,76.44419700,0.361,-0.079,10.0,8.8,-0.5,16.7,2047,1796,RTK FIXED
107.867,075116.80,10.48526100,76.44420200,10.48526113,76.44420200,658053.659,1159428.132,107.80,658053.658,1159428.148,-139.7,16,658052.765,1159427.673,10.48525800,76.44419700,0.361,-0.079,10.0,8.8,0.0,15.8,2047,1796,RTK FIXED
107.920,075116.80,10.48526100,76.44420200,10.48526108,76.44420200,658053.659,1159428.132,107.80,658053.659,1159428.142,-139.7,16,658052.765,1159427.673,10.48525800,76.44419700,0.361,-0.079,10.0,8.8,0.5,15.4,2047,1796,RTK FIXED
107.967,075117.00,10.48526100,76.44420100,10.48526105,76.44420160,658053.490,1159428.238,107.80,658053.591,1159428.180,-139.7,16,658052.765,1159427.673,10.48525800,76.44419700,0.364,-0.053,10.0,9.2,-0.5,14.9,2047,1876,RTK FIXED
108.021,075117.20,10.48526100,76.44420100,10.48526103,76.44420136,658053.490,1159428.238,107.80,658053.551,1159428.203,-153.1,16,658052.765,1159427.673,10.48525800,76.44419700,0.361,0.080,8.8,10.0,0.5,15.7,1793,2047,RTK FIXED
108.066,075117.20,10.48526100,76.44420100,10.48526102,76.44420122,658053.490,1159428.238,107.80,658053.526,1159428.217,-153.1,16,658052.765,1159427.673,10.48525800,76.44419700,0.361,0.080,8.8,10.0,0.0,15.6,1793,2047,RTK FIXED
108.121,075117.20,10.48526100,76.44420100,10.48526101,76.44420113,658053.490,1159428.238,107.80,658053.512,1159428.225,-153.1,16,658052.765,1159427.673,10.48525800,76.44419700,0.361,0.080,8.8,10.0,0.0,16.0,1793,2047,RTK FIXED
108.167,075117.20,10.48526100,76.44420100,10.48526101,76.44420108,658053.490,1159428.238,107.80,658053.503,1159428.230,-153.1,16,658052.765,1159427.673,10.48525800,76.44419700,0.361,0.080,8.8,10.0,-0.5,16.8,1793,2047,RTK FIXED
108.221,075117.20,10.48526100,76.44420100,10.48526100,76.44420105,658053.490,1159428.238,107.80,658053.498,1159428.233,-153.1,16,658052.765,1159427.673,10.48525800,76.44419700,0.361,0.080,8.8,10.0,0.0,15.7,1793,2047,RTK FIXED
108.267,075117.20,10.48526100,76.44420100,10.48526100,76.44420103,658053.490,1159428.238,107.80,658053.495,1159428.235,-153.1,16,658052.765,1159427.673,10.48525800,76.44419700,0.361,0.080,8.8,10.0,0.0,16.3,1793,2047,RTK FIXED
108.321,075117.40,10.48526100,76.44420100,10.48526100,76.44420102,658053.536,1159428.165,107.90,658053.511,1159428.207,-153.1,16,658052.765,1159427.673,10.48525800,76.44419700,0.363,0.067,8.9,10.0,0.5,17.0,1831,2047,RTK FIXED
108.367,075117.40,10.48526100,76.44420100,10.48526100,76.44420101,658053.536,1159428.165,107.90,658053.521,1159428.190,-153.1,16,658052.765,1159427.673,10.48525800,76.44419700,0.363,0.067,8.9,10.0,0.0,17.6,1831,2047,RTK FIXED
108.421,075117.40,10.48526100,76.44420100,10.48526100,76.44420101,658053.536,1159428.165,107.90,658053.527,1159428.180,-153.1,16,658052.765,1159427.673,10.48525800,76.44419700,0.363,0.067,8.9,10.0,-0.5,17.5,1831,2047,RTK FIXED
108.475,075117.40,10.48526100,76.44420100,10.48526100,76.44420100,658053.536,1159428.165,107.90,658053.530,1159428.174,-153.1,16,658052.765,1159427.673,10.48525800,76.44419700,0.363,0.067,8.9,10.0,0.5,18.1,1831,2047,RTK FIXED
108.521,075117.40,10.48526100,76.44420100,10.48526100,76.44420100,658053.536,1159428.165,107.90,658053.533,1159428.170,-153.1,16,658052.765,1159427.673,10.48525800,76.44419700,0.363,0.067,8.9,10.0,0.0,17.3,1831,2047,RTK FIXED
108.576,075117.60,10.48526000,76.44420000,10.48526060,76.44420060,658053.427,1159428.054,107.80,658053.490,1159428.124,-143.7,16,658052.765,1159427.673,10.48525800,76.44419700,0.365,-0.031,10.0,9.5,0.0,17.4,2047,1945,RTK FIXED
108.621,075117.60,10.48526000,76.44420000,10.48526036,76.44420036,658053.427,1159428.054,107.80,658053.465,1159428.096,-143.7,16,658052.765,1159427.673,10.48525800,76.44419700,0.365,-0.031,10.0,9.5,0.0,17.6,2047,1945,RTK FIXED
108.675,075117.60,10.48526000,76.44420000,10.48526022,76.44420022,658053.427,1159428.054,107.80,658053.450,1159428.079,-143.7,16,658052.765,1159427.673,10.48525800,76.44419700,0.365,-0.031,10.0,9.5,-0.5,17.1,2047,1945,RTK FIXED
108.721,075117.80,10.48526000,76.44420000,10.48526013,76.44420013,658053.396,1159428.106,107.80,658053.428,1159428.090,-143.7,16,658052.765,1159427.673,10.48525800,76.44419700,0.366,-0.025,10.0,9.6,0.0,16.3,2047,1963,RTK FIXED
108.776,075117.80,10.48526000,76.44420000,10.48526008,76.44420008,658053.396,1159428.106,107.80,658053.415,1159428.097,-143.7,16,658052.765,1159427.673,10.48525800,76.44419700,0.366,-0.025,10.0,9.6,0.0,16.7,2047,1963,RTK FIXED
108.821,075117.80,10.48526000,76.44420000,10.48526005,76.44420005,658053.396,1159428.106,107.80,658053.408,1159428.101,-143.7,16,658052.765,1159427.673,10.48525800,76.44419700,0.366,-0.025,10.0,9.6,0.0,16.3,2047,1963,RTK FIXED
108.876,075117.80,10.48526000,76.44420000,10.48526003,76.44420003,658053.396,1159428.106,107.80,658053.403,1159428.103,-143.7,16,658052.765,1159427.673,10.48525800,76.44419700,0.366,-0.025,10.0,9.6,0.0,17.1,2047,1963,RTK FIXED
108.921,075117.80,10.48526000,76.44420000,10.48526002,76.44420002,658053.396,1159428.106,107.80,658053.400,1159428.104,-143.7,16,658052.765,1159427.673,10.48525800,76.44419700,0.366,-0.025,10.0,9.6,0.0,16.9,2047,1963,RTK FIXED
108.976,075118.00,10.48526000,76.44420000,10.48526001,76.44420001,658053.396,1159428.106,107.80,658053.399,1159428.105,-143.7,16,658052.765,1159427.673,10.48525800,76.44419700,0.366,-0.022,10.0,9.6,0.0,17.9,2047,1974,RTK FIXED
109.021,075118.00,10.48526000,76.44420000,10.48526001,76.44420001,658053.396,1159428.106,107.80,658053.398,1159428.106,-143.7,16,658052.765,1159427.673,10.48525800,76.44419700,0.366,-0.022,10.0,9.6,0.6,18.7,2047,1974,RTK FIXED
109.076,075118.00,10.48526000,76.44420000,10.48526000,76.44420000,658053.396,1159428.106,107.80,658053.397,1159428.106,-143.7,16,658052.765,1159427.673,10.48525800,76.44419700,0.366,-0.022,10.0,9.6,0.0,18.4,2047,1974,RTK FIXED
109.130,075118.20,10.48526000,76.44420000,10.48526000,76.44420000,658053.396,1159428.106,107.80,658053.397,1159428.106,-148.3,16,658052.765,1159427.673,10.48525800,76.44419700,0.366,0.021,9.7,10.0,-0.5,18.0,1978,2047,RTK FIXED
109.176,075118.20,10.48526000,76.44420000,10.48526000,76.44420000,658053.396,1159428.106,107.80,658053.397,1159428.106,-148.3,16,658052.765,1159427.673,10.48525800,76.44419700,0.366,0.021,9.7,10.0,0.5,18.5,1978,2047,RTK FIXED
109.229,075118.20,10.48526000,76.44420000,10.48526000,76.44420000,658053.396,1159428.106,107.80,658053.396,1159428.106,-148.3,16,658052.765,1159427.673,10.48525800,76.44419700,0.366,0.021,9.7,10.0,0.0,17.6,1978,2047,RTK FIXED
109.276,075118.20,10.48526000,76.44420000,10.48526000,76.44420000,658053.396,1159428.106,107.80,658053.396,1159428.106,-148.3,16,658052.765,1159427.673,10.48525800,76.44419700,0.366,0.021,9.7,10.0,0.0,17.3,1978,2047,RTK FIXED
109.330,075118.40,10.48525900,76.44419900,10.48525960,76.44419960,658053.304,1159427.970,107.80,658053.359,1159428.052,-148.3,16,658052.765,1159427.673,10.48525800,76.44419700,0.366,0.006,9.9,10.0,-0.5,17.9,2028,2047,RTK FIXED
109.376,075118.40,10.48525900,76.44419900,10.48525936,76.44419936,658053.304,1159427.970,107.80,658053.337,1159428.019,-148.3,16,658052.765,1159427.673,10.48525800,76.44419700,0.366,0.006,9.9,10.0,0.0,17.5,2028,2047,RTK FIXED
109.429,075118.40,10.48525900,76.44419900,10.48525922,76.44419922,658053.304,1159427.970,107.80,658053.324,1159427.999,-148.3,16,658052.765,1159427.673,10.48525800,76.44419700,0.366,0.006,9.9,10.0,0.5,18.3,2028,2047,RTK FIXED
109.484,075118.40,10.48525900,76.44419900,10.48525913,76.44419913,658053.304,1159427.970,107.80,658053.316,1159427.988,-148.3,16,658052.765,1159427.673,10.48525800,76.44419700,0.366,0.006,9.9,10.0,-0.5,18.8,2028,2047,RTK FIXED
109.530,075118.60,10.48525900,76.44419900,10.48525908,76.44419908,658053.304,1159427.970,107.80,658053.311,1159427.980,-142.3,16,658052.765,1159427.673,10.48525800,76.44419700,0.364,-0.056,10.0,9.1,0.5,18.2,2047,1867,RTK FIXED
109.584,075118.60,10.48525900,76.44419900,10.48525905,76.44419905,658053.304,1159427.970,107.80,658053.308,1159427.976,-142.3,16,658052.765,1159427.673,10.48525800,76.44419700,0.364,-0.056,10.0,9.1,0.0,19.2,2047,1867,RTK FIXED
109.629,075118.60,10.48525900,76.44419900,10.48525903,76.44419903,658053.304,1159427.970,107.80,658053.306,1159427.974,-142.3,16,658052.765,1159427.673,10.48525800,76.44419700,0.364,-0.056,10.0,9.1,0.0,18.1,2047,1867,RTK FIXED
109.684,075118.60,10.48525900,76.44419900,10.48525902,76.44419902,658053.304,1159427.970,107.80,658053.305,1159427.972,-142.3,16,658052.765,1159427.673,10.48525800,76.44419700,0.364,-0.056,10.0,9.1,-0.5,18.3,2047,1867,RTK FIXED
109.730,075118.80,10.48525900,76.44419900,10.48525901,76.44419901,658053.282,1159428.002,107.80,658053.296,1159427.984,-142.3,16,658052.765,1159427.673,10.48525800,76.44419700,0.364,-0.051,10.0,9.2,0.5,17.7,2047,1881,RTK FIXED
109.784,075118.80,10.48525900,76.44419900,10.48525901,76.44419901,658053.282,1159428.002,107.80,658053.291,1159427.991,-142.3,16,658052.765,1159427.673,10.48525800,76.44419700,0.364,-0.051,10.0,9.2,-0.5,17.7,2047,1881,RTK FIXED
109.829,075118.80,10.48525900,76.44419900,10.48525900,76.44419900,658053.282,1159428.002,107.80,658053.287,1159427.996,-142.3,16,658052.765,1159427.673,10.48525800,76.44419700,0.364,-0.051,10.0,9.2,0.5,17.6,2047,1881,RTK FIXED
109.884,075118.80,10.48525900,76.44419900,10.48525900,76.44419900,658053.282,1159428.002,107.80,658053.285,1159427.998,-142.3,16,658052.765,1159427.673,10.48525800,76.44419700,0.364,-0.051,10.0,9.2,0.0,16.9,2047,1881,RTK FIXED
109.930,075119.00,10.48525900,76.44419800,10.48525900,76.44419860,658053.173,1159428.002,107.80,658053.240,1159428.000,-151.0,16,658052.765,1159427.673,10.48525800,76.44419700,0.365,0.041,9.3,10.0,-0.5,16.8,1912,2047,RTK FIXED
109.984,075119.00,10.48525900,76.44419800,10.48525900,76.44419836,658053.173,1159428.002,107.80,658053.213,1159428.001,-151.0,16,658052.765,1159427.673,10.48525800,76.44419700,0.365,0.041,9.3,10.0,0.0,16.7,1912,2047,RTK FIXED
110.037,075119.00,10.48525900,76.44419800,10.48525900,76.44419822,658053.173,1159428.002,107.80,658053.197,1159428.001,-151.0,16,658052.765,1159427.673,10.48525800,76.44419700,0.365,0.041,9.3,10.0,0.5,16.9,1912,2047,RTK FIXED
110.084,075119.00,10.48525900,76.44419800,10.48525900,76.44419813,658053.173,1159428.002,107.80,658053.188,1159428.001,-151.0,16,658052.765,1159427.673,10.48525800,76.44419700,0.365,0.041,9.3,10.0,0.0,16.5,1912,2047,RTK FIXED
110.139,075119.20,10.48525900,76.44419800,10.48525900,76.44419808,658053.202,1159427.954,107.80,658053.193,1159427.982,-151.0,16,658052.765,1159427.673,10.48525800,76.44419700,0.365,0.038,9.4,10.0,0.0,16.6,1924,2047,RTK FIXED
110.184,075119.20,10.48525900,76.44419800,10.48525900,76.44419805,658053.202,1159427.954,107.80,658053.197,1159427.971,-151.0,16,658052.765,1159427.673,10.48525800,76.44419700,0.365,0.038,9.4,10.0,-0.5,17.4,1924,2047,RTK FIXED
110.238,075119.20,10.48525900,76.44419800,10.48525900,76.44419803,658053.202,1159427.954,107.80,658053.199,1159427.964,-151.0,16,658052.765,1159427.673,10.48525800,76.44419700,0.365,0.038,9.4,10.0,0.5,18.6,1924,2047,RTK FIXED
110.284,075119.20,10.48525900,76.44419800,10.48525900,76.44419802,658053.202,1159427.954,107.80,658053.201,1159427.960,-151.0,16,658052.765,1159427.673,10.48525800,76.44419700,0.365,0.038,9.4,10.0,-0.5,18.4,1924,2047,RTK FIXED
110.339,075119.40,10.48525800,76.44419800,10.48525860,76.44419801,658053.203,1159427.844,107.80,658053.201,1159427.914,-140.3,16,658052.765,1159427.673,10.48525800,76.44419700,0.361,-0.082,10.0,8.7,0.0,18.0,2047,1787,RTK FIXED
110.385,075119.40,10.48525800,76.44419800,10.48525836,76.44419801,658053.203,1159427.844,107.80,658053.202,1159427.886,-140.3,16,658052.765,1159427.673,10.48525800,76.44419700,0.361,-0.082,10.0,8.7,0.5,18.5,2047,1787,RTK FIXED
110.438,075119.40,10.48525800,76.44419800,10.48525822,76.44419800,658053.203,1159427.844,107.80,658053.202,1159427.869,-140.3,16,658052.765,1159427.673,10.48525800,76.44419700,0.361,-0.082,10.0,8.7,-0.5,17.6,2047,1787,RTK FIXED
110.484,075119.40,10.48525800,76.44419800,10.48525813,76.44419800,658053.203,1159427.844,107.80,658053.203,1159427.859,-140.3,16,658052.765,1159427.673,10.48525800,76.44419700,0.361,-0.082,10.0,8.7,0.5,17.4,2047,1787,RTK FIXED
110.539,075119.60,10.48525800,76.44419800,10.48525808,76.44419800,658053.165,1159427.902,107.80,658053.188,1159427.876,-140.3,16,658052.765,1159427.673,10.48525800,76.44419700,0.361,-0.080,10.0,8.8,0.0,15.6,2047,1793,RTK FIXED
110.592,075119.60,10.48525800,76.44419800,10.48525805,76.44419800,658053.165,1159427.902,107.80,658053.179,1159427.886,-140.3,16,658052.765,1159427.673,10.48525800,76.44419700,0.361,-0.080,10.0,8.8,-0.5,15.8,2047,1793,RTK FIXED
110.639,075119.60,10.48525800,76.44419800,10.48525803,76.44419800,658053.165,1159427.902,107.80,658053.173,1159427.893,-140.3,16,658052.765,1159427.673,10.48525800,76.44419700,0.361,-0.080,10.0,8.8,0.5,15.2,2047,1793,RTK FIXED
110.692,075119.60,10.48525800,76.44419800,10.48525802,76.44419800,658053.165,1159427.902,107.80,658053.170,1159427.896,-140.3,16,658052.765,1159427.673,10.48525800,76.44419700,0.361,-0.080,10.0,8.8,0.0,15.3,2047,1793,RTK FIXED
110.740,075119.80,10.48525800,76.44419700,10.48525801,76.44419760,658053.056,1159427.901,107.80,658053.124,1159427.898,-148.4,16,658052.765,1159427.673,10.48525800,76.44419700,0.357,0.007,9.9,10.0,-0.5,17.0,2022,2047,RTK FIXED
110.793,075119.80,10.48525800,76.44419700,10.48525801,76.44419736,658053.056,1159427.901,107.80,658053.097,1159427.900,-148.4,16,658052.765,1159427.673,10.48525800,76.44419700,0.357,0.007,9.9,10.0,0.5,15.5,2022,2047,RTK FIXED
110.838,075119.80,10.48525800,76.44419700,10.48525800,76.44419722,658053.056,1159427.901,107.80,658053.081,1159427.900,-148.4,16,658052.765,1159427.673,10.48525800,76.44419700,0.357,0.007,9.9,10.0,-0.5,15.4,2022,2047,RTK FIXED
110.892,075119.80,10.48525800,76.44419700,10.48525800,76.44419713,658053.056,1159427.901,107.80,658053.071,1159427.901,-148.4,16,658052.765,1159427.673,10.48525800,76.44419700,0.357,0.007,9.9,10.0,0.5,15.7,2022,2047,RTK FIXED
110.940,075120.00,10.48525800,76.44419700,10.48525800,76.44419708,658053.085,1159427.858,107.80,658053.077,1159427.884,-148.4,16,658052.765,1159427.673,10.48525800,76.44419700,0.333,0.004,9.9,10.0,-0.5,16.4,2034,2047,RTK FIXED
110.993,075120.00,10.48525800,76.44419700,10.48525800,76.44419705,658053.085,1159427.858,107.80,658053.080,1159427.873,-148.4,16,658052.765,1159427.673,10.48525800,76.44419700,0.333,0.004,9.9,10.0,0.5,15.5,2034,2047,RTK FIXED
111.039,075120.00,10.48525800,76.44419700,10.48525800,76.44419703,658053.085,1159427.858,107.80,658053.082,1159427.867,-148.4,16,658052.765,1159427.673,10.48525800,76.44419700,0.333,0.004,9.9,10.0,-0.5,16.9,2034,2047,RTK FIXED
111.093,075120.00,10.48525800,76.44419700,10.48525800,76.44419702,658053.085,1159427.858,107.80,658053.084,1159427.863,-148.4,16,658052.765,1159427.673,10.48525800,76.44419700,0.333,0.004,9.9,10.0,0.0,17.5,2034,2047,RTK FIXED
111.149,075120.20,10.48525800,76.44419700,10.48525800,76.44419701,658053.085,1159427.858,107.80,658053.084,1159427.861,-148.4,17,658051.892,1159427.116,10.48525300,76.44418900,0.366,0.004,9.9,10.0,0.4,18.2,2034,2047,RTK FIXED
111.193,075120.20,10.48525800,76.44419700,10.48525800,76.44419701,658053.085,1159427.858,107.80,658053.085,1159427.860,-148.4,17,658051.892,1159427.116,10.48525300,76.44418900,0.366,0.004,9.9,10.0,0.0,18.2,2034,2047,RTK FIXED
111.247,075120.20,10.48525800,76.44419700,10.48525800,76.44419700,658053.085,1159427.858,107.80,658053.085,1159427.859,-148.4,17,658051.892,1159427.116,10.48525300,76.44418900,0.366,0.004,9.9,10.0,0.0,18.1,2034,2047,RTK FIXED
111.294,075120.20,10.48525800,76.44419700,10.48525800,76.44419700,658053.085,1159427.858,107.80,658053.085,1159427.858,-148.4,17,658051.892,1159427.116,10.48525300,76.44418900,0.366,0.004,9.9,10.0,0.0,17.7,2034,2047,RTK FIXED
111.348,075120.40,10.48525700,76.44419600,10.48525760,76.44419660,658052.976,1159427.747,107.80,658053.042,1159427.814,-144.6,17,658051.892,1159427.116,10.48525300,76.44418900,0.365,-0.037,10.0,9.4,0.0,17.6,2047,1925,RTK FIXED
111.393,075120.40,10.48525700,76.44419600,10.48525736,76.44419636,658052.976,1159427.747,107.80,658053.016,1159427.787,-144.6,17,658051.892,1159427.116,10.48525300,76.44418900,0.365,-0.037,10.0,9.4,-0.5,17.5,2047,1925,RTK FIXED
111.447,075120.40,10.48525700,76.44419600,10.48525722,76.44419622,658052.976,1159427.747,107.80,658053.000,1159427.771,-144.6,17,658051.892,1159427.116,10.48525300,76.44418900,0.365,-0.037,10.0,9.4,0.5,17.6,2047,1925,RTK FIXED
111.495,075120.40,10.48525700,76.44419600,10.48525713,76.44419613,658052.976,1159427.747,107.80,658052.991,1159427.761,-144.6,17,658051.892,1159427.116,10.48525300,76.44418900,0.365,-0.037,10.0,9.4,0.0,17.0,2047,1925,RTK FIXED
111.548,075120.60,10.48525700,76.44419600,10.48525708,76.44419608,658052.963,1159427.768,107.80,658052.980,1159427.764,-144.6,17,658051.892,1159427.116,10.48525300,76.44418900,0.365,-0.038,10.0,9.4,0.0,16.5,2047,1924,RTK FIXED
111.593,075120.60,10.48525700,76.44419600,10.48525705,76.44419605,658052.963,1159427.768,107.80,658052.973,1159427.765,-144.6,17,658051.892,1159427.116,10.48525300,76.44418900,0.365,-0.038,10.0,9.4,0.0,16.5,2047,1924,RTK FIXED
111.648,075120.60,10.48525700,76.44419600,10.48525703,76.44419603,658052.963,1159427.768,107.80,658052.969,1159427.766,-144.6,17,658051.892,1159427.116,10.48525300,76.44418900,0.365,-0.038,10.0,9.4,0.0,16.1,2047,1924,RTK FIXED
111.701,075120.60,10.48525700,76.44419600,10.48525702,76.44419602,658052.963,1159427.768,107.80,658052.967,1159427.767,-144.6,17,658051.892,1159427.116,10.48525300,76.44418900,0.365,-0.038,10.0,9.4,0.0,16.9,2047,1924,RTK FIXED
111.748,075120.80,10.48525700,76.44419600,10.48525701,76.44419601,658052.963,1159427.768,107.80,658052.965,1159427.767,-144.6,17,658051.892,1159427.116,10.48525300,76.44418900,0.365,-0.038,10.0,9.4,0.0,16.4,2047,1923,RTK FIXED
111.801,075120.80,10.48525700,76.44419600,10.48525701,76.44419601,658052.963,1159427.768,107.80,658052.965,1159427.768,-144.6,17,658051.892,1159427.116,10.48525300,76.44418900,0.365,-0.038,10.0,9.4,-0.5,17.0,2047,1923,RTK FIXED
111.848,075120.80,10.48525700,76.44419600,10.48525700,76.44419600,658052.963,1159427.768,107.80,658052.964,1159427.768,-144.6,17,658051.892,1159427.116,10.48525300,76.44418900,0.365,-0.038,10.0,9.4,0.0,17.1,2047,1923,RTK FIXED
111.902,075120.80,10.48525700,76.44419600,10.48525700,76.44419600,658052.963,1159427.768,107.80,658052.964,1159427.768,-144.6,17,658051.892,1159427.116,10.48525300,76.44418900,0.365,-0.038,10.0,9.4,0.0,16.9,2047,1923,RTK FIXED
111.948,075121.00,10.48525700,76.44419500,10.48525700,76.44419560,658052.854,1159427.767,107.80,658052.920,1159427.768,-148.8,17,658051.892,1159427.116,10.48525300,76.44418900,0.366,0.010,9.8,10.0,0.6,16.6,2014,2047,RTK FIXED
112.002,075121.00,10.48525700,76.44419500,10.48525700,76.44419536,658052.854,1159427.767,107.80,658052.893,1159427.767,-148.8,17,658051.892,1159427.116,10.48525300,76.44418900,0.366,0.010,9.8,10.0,0.0,17.2,2014,2047,RTK FIXED
112.047,075121.00,10.48525700,76.44419500,10.48525700,76.44419522,658052.854,1159427.767,107.80,658052.878,1159427.767,-148.8,17,658051.892,1159427.116,10.48525300,76.44418900,0.366,0.010,9.8,10.0,-0.5,17.0,2014,2047,RTK FIXED
112.101,075121.00,10.48525700,76.44419500,10.48525700,76.44419513,658052.854,1159427.767,107.80,658052.868,1159427.767,-148.8,17,658051.892,1159427.116,10.48525300,76.44418900,0.366,0.010,9.8,10.0,0.5,16.2,2014,2047,RTK FIXED
112.148,075121.20,10.48525700,76.44419500,10.48525700,76.44419508,658052.868,1159427.744,107.80,658052.868,1159427.758,-148.8,17,658051.892,1159427.116,10.48525300,76.44418900,0.366,0.011,9.8,10.0,-0.5,16.5,2009,2047,RTK FIXED
112.201,075121.20,10.48525700,76.44419500,10.48525700,76.44419505,658052.868,1159427.744,107.80,658052.868,1159427.753,-148.8,17,658051.892,1159427.116,10.48525300,76.44418900,0.366,0.011,9.8,10.0,0.0,17.4,2009,2047,RTK FIXED
112.256,075121.20,10.48525700,76.44419500,10.48525700,76.44419503,658052.868,1159427.744,107.80,658052.868,1159427.749,-148.8,17,658051.892,1159427.116,10.48525300,76.44418900,0.366,0.011,9.8,10.0,0.0,17.9,2009,2047,RTK FIXED
112.302,075121.20,10.48525700,76.44419500,10.48525700,76.44419502,658052.868,1159427.744,107.80,658052.868,1159427.747,-148.8,17,658051.892,1159427.116,10.48525300,76.44418900,0.366,0.011,9.8,10.0,0.5,18.4,2009,2047,RTK FIXED
112.356,075121.40,10.48525600,76.44419500,10.48525660,76.44419501,658052.869,1159427.634,107.80,658052.868,1159427.702,-141.3,17,658051.892,1159427.116,10.48525300,76.44418900,0.362,-0.073,10.0,8.9,0.0,17.9,2047,1814,RTK FIXED
112.401,075121.40,10.48525600,76.44419500,10.48525636,76.44419501,658052.869,1159427.634,107.80,658052.868,1159427.674,-141.3,17,658051.892,1159427.116,10.48525300,76.44418900,0.362,-0.073,10.0,8.9,-0.6,18.3,2047,1814,RTK FIXED
112.456,075121.40,10.48525600,76.44419500,10.48525622,76.44419500,658052.869,1159427.634,107.80,658052.869,1159427.658,-141.3,17,658051.892,1159427.116,10.48525300,76.44418900,0.362,-0.073,10.0,8.9,0.0,17.9,2047,1814,RTK FIXED
112.501,075121.40,10.48525600,76.44419500,10.48525613,76.44419500,658052.869,1159427.634,107.80,658052.869,1159427.648,-141.3,17,658051.892,1159427.116,10.48525300,76.44418900,0.362,-0.073,10.0,8.9,0.5,17.0,2047,1814,RTK FIXED
112.557,075121.60,10.48525600,76.44419400,10.48525608,76.44419460,658052.733,1159427.673,107.80,658052.814,1159427.658,-141.3,17,658051.892,1159427.116,10.48525300,76.44418900,0.363,-0.062,10.0,9.0,-0.5,17.6,2047,1848,RTK FIXED
112.601,075121.60,10.48525600,76.44419400,10.48525605,76.44419436,658052.733,1159427.673,107.80,658052.782,1159427.664,-141.3,17,658051.892,1159427.116,10.48525300,76.44418900,0.363,-0.062,10.0,9.0,0.0,16.8,2047,1848,RTK FIXED
112.657,075121.60,10.48525600,76.44419400,10.48525603,76.44419422,658052.733,1159427.673,107.80,658052.762,1159427.668,-141.3,17,658051.892,1159427.116,10.48525300,76.44418900,0.363,-0.062,10.0,9.0,0.5,17.2,2047,1848,RTK FIXED
112.702,075121.60,10.48525600,76.44419400,10.48525602,76.44419413,658052.733,1159427.673,107.80,658052.750,1159427.670,-141.3,17,658051.892,1159427.116,10.48525300,76.44418900,0.363,-0.062,10.0,9.0,-0.5,15.9,2047,1848,RTK FIXED
112.757,075121.80,10.48525600,76.44419400,10.48525601,76.44419408,658052.733,1159427.673,107.80,658052.743,1159427.671,-148.8,17,658051.892,1159427.116,10.48525300,76.44418900,0.366,0.011,9.8,10.0,0.5,15.6,2012,2047,RTK FIXED
112.802,075121.80,10.48525600,76.44419400,10.48525601,76.44419405,658052.733,1159427.673,107.80,658052.739,1159427.672,-148.8,17,658051.892,1159427.116,10.48525300,76.44418900,0.366,0.011,9.8,10.0,-0.6,16.6,2012,2047,RTK FIXED
112.857,075121.80,10.48525600,76.44419400,10.48525600,76.44419403,658052.733,1159427.673,107.80,658052.737,1159427.673,-148.8,17,658051.892,1159427.116,10.48525300,76.44418900,0.366,0.011,9.8,10.0,0.0,16.0,2012,2047,RTK FIXED
112.911,075121.80,10.48525600,76.44419400,10.48525600,76.44419402,658052.733,1159427.673,107.80,658052.735,1159427.673,-148.8,17,658051.892,1159427.116,10.48525300,76.44418900,0.366,0.011,9.8,10.0,0.5,16.7,2012,2047,RTK FIXED
112.957,075122.00,10.48525600,76.44419400,10.48525600,76.44419401,658052.759,1159427.633,107.80,658052.745,1159427.657,-148.8,17,658051.892,1159427.116,10.48525300,76.44418900,0.366,0.003,9.9,10.0,0.0,17.8,2035,2047,RTK FIXED
113.010,075122.00,10.48525600,76.44419400,10.48525600,76.44419401,658052.759,1159427.633,107.80,658052.751,1159427.647,-148.8,17,658051.892,1159427.116,10.48525300,76.44418900,0.366,0.003,9.9,10.0,-0.5,17.8,2035,2047,RTK FIXED
113.057,075122.20,10.48525600,76.44419300,10.48525600,76.44419360,658052.650,1159427.633,107.80,658052.710,1159427.641,-148.8,17,658051.892,1159427.116,10.48525300,76.44418900,0.366,0.014,9.8,10.0,0.5,17.7,2002,2047,RTK FIXED
113.110,075122.20,10.48525600,76.44419300,10.48525600,76.44419336,658052.650,1159427.633,107.80,658052.686,1159427.638,-148.8,17,658051.892,1159427.116,10.48525300,76.44418900,0.366,0.014,9.8,10.0,0.0,18.3,2002,2047,RTK FIXED
113.157,075122.20,10.48525600,76.44419300,10.48525600,76.44419322,658052.650,1159427.633,107.80,658052.672,1159427.636,-148.8,17,658051.892,1159427.116,10.48525300,76.44418900,0.366,0.014,9.8,10.0,-0.5,17.8,2002,2047,RTK FIXED
113.211,075122.20,10.48525600,76.44419300,10.48525600,76.44419313,658052.650,1159427.633,107.80,658052.663,1159427.634,-148.8,17,658051.892,1159427.116,10.48525300,76.44418900,0.366,0.014,9.8,10.0,0.5,18.6,2002,2047,RTK FIXED
113.257,075122.20,10.48525600,76.44419300,10.48525600,76.44419308,658052.650,1159427.633,107.80,658052.658,1159427.634,-148.8,17,658051.892,1159427.116,10.48525300,76.44418900,0.366,0.014,9.8,10.0,0.0,18.9,2002,2047,RTK FIXED
113.311,075122.20,10.48525600,76.44419300,10.48525600,76.44419305,658052.650,1159427.633,107.80,658052.654,1159427.633,-148.8,17,658051.892,1159427.116,10.48525300,76.44418900,0.366,0.014,9.8,10.0,0.0,18.3,2002,2047,RTK FIXED
113.356,075122.40,10.48525600,76.44419300,10.48525600,76.44419303,658052.650,1159427.633,107.80,658052.653,1159427.633,-150.8,17,658051.892,1159427.116,10.48525300,76.44418900,0.365,0.038,9.4,10.0,0.0,18.4,1924,2047,RTK FIXED
113.411,075122.40,10.48525600,76.44419300,10.48525600,76.44419302,658052.650,1159427.633,107.80,658052.651,1159427.633,-150.8,17,658051.892,1159427.116,10.48525300,76.44418900,0.365,0.038,9.4,10.0,0.0,18.4,1924,2047,RTK FIXED
113.465,075122.40,10.48525600,76.44419300,10.48525600,76.44419301,658052.650,1159427.633,107.80,658052.651,1159427.633,-150.8,17,658051.892,1159427.116,10.48525300,76.44418900,0.365,0.038,9.4,10.0,-0.5,18.5,1924,2047,RTK FIXED
113.510,075122.40,10.48525600,76.44419300,10.48525600,76.44419301,658052.650,1159427.633,107.80,658052.650,1159427.633,-150.8,17,658051.892,1159427.116,10.48525300,76.44418900,0.365,0.038,9.4,10.0,0.5,19.2,1924,2047,RTK FIXED
113.565,075122.60,10.48525500,76.44419300,10.48525560,76.44419300,658052.657,1159427.510,107.80,658052.653,1159427.584,-150.8,17,658051.892,1159427.116,10.48525300,76.44418900,0.366,0.015,9.8,10.0,-0.5,18.6,1998,2047,RTK FIXED
113.611,075122.60,10.48525500,76.44419300,10.48525536,76.44419300,658052.657,1159427.510,107.80,658052.654,1159427.554,-150.8,17,658051.892,1159427.116,10.48525300,76.44418900,0.366,0.015,9.8,10.0,0.5,18.6,1998,2047,RTK FIXED
113.665,075122.60,10.48525500,76.44419300,10.48525522,76.44419300,658052.657,1159427.510,107.80,658052.655,1159427.537,-150.8,17,658051.892,1159427.116,10.48525300,76.44418900,0.366,0.015,9.8,10.0,-0.5,18.6,1998,2047,RTK FIXED
113.711,075122.60,10.48525500,76.44419300,10.48525513,76.44419300,658052.657,1159427.510,107.80,658052.656,1159427.526,-150.8,17,658051.892,1159427.116,10.48525300,76.44418900,0.366,0.015,9.8,10.0,0.0,18.8,1998,2047,RTK FIXED
113.765,075122.80,10.48525500,76.44419200,10.48525508,76.44419260,658052.547,1159427.510,107.80,658052.612,1159427.520,-144.2,17,658051.892,1159427.116,10.48525300,76.44418900,0.365,-0.042,10.0,9.3,0.0,18.9,2047,1909,RTK FIXED
113.811,075122.80,10.48525500,76.44419200,10.48525505,76.44419236,658052.547,1159427.510,107.80,658052.586,1159427.516,-144.2,17,658051.892,1159427.116,10.48525300,76.44418900,0.365,-0.042,10.0,9.3,0.0,18.5,2047,1909,RTK FIXED
113.866,075122.80,10.48525500,76.44419200,10.48525503,76.44419222,658052.547,1159427.510,107.80,658052.571,1159427.513,-144.2,17,658051.892,1159427.116,10.48525300,76.44418900,0.365,-0.042,10.0,9.3,0.0,17.9,2047,1909,RTK FIXED
113.912,075122.80,10.48525500,76.44419200,10.48525502,76.44419213,658052.547,1159427.510,107.80,658052.561,1159427.512,-144.2,17,658051.892,1159427.116,10.48525300,76.44418900,0.365,-0.042,10.0,9.3,0.0,18.6,2047,1909,RTK FIXED
113.965,075123.00,10.48525500,76.44419200,10.48525501,76.44419208,658052.525,1159427.547,107.80,658052.547,1159427.526,-144.2,17,658051.892,1159427.116,10.48525300,76.44418900,0.365,-0.031,10.0,9.5,0.0,18.6,2047,1945,RTK FIXED
114.019,075123.00,10.48525500,76.44419200,10.48525501,76.44419205,658052.525,1159427.547,107.80,658052.538,1159427.534,-144.2,17,658051.892,1159427.116,10.48525300,76.44418900,0.365,-0.031,10.0,9.5,0.0,18.5,2047,1945,RTK FIXED
114.065,075123.00,10.48525500,76.44419200,10.48525500,76.44419203,658052.525,1159427.547,107.80,658052.533,1159427.539,-144.2,17,658051.892,1159427.116,10.48525300,76.44418900,0.365,-0.031,10.0,9.5,0.6,18.2,2047,1945,RTK FIXED
114.120,075123.20,10.48525500,76.44419200,10.48525500,76.44419202,658052.525,1159427.547,107.80,658052.530,1159427.542,-144.2,17,658051.892,1159427.116,10.48525300,76.44418900,0.366,-0.024,10.0,9.6,0.0,16.8,2047,1966,RTK FIXED
114.166,075123.20,10.48525500,76.44419200,10.48525500,76.44419201,658052.525,1159427.547,107.80,658052.528,1159427.544,-144.2,17,658051.892,1159427.116,10.48525300,76.44418900,0.366,-0.024,10.0,9.6,-0.5,17.4,2047,1966,RTK FIXED
114.220,075123.20,10.48525500,76.44419200,10.48525500,76.44419201,658052.525,1159427.547,107.80,658052.527,1159427.545,-144.2,17,658051.892,1159427.116,10.48525300,76.44418900,0.366,-0.024,10.0,9.6,0.5,16.7,2047,1966,RTK FIXED
114.266,075123.20,10.48525500,76.44419200,10.48525500,76.44419200,658052.525,1159427.547,107.80,658052.526,1159427.546,-144.2,17,658051.892,1159427.116,10.48525300,76.44418900,0.366,-0.024,10.0,9.6,-0.5,17.3,2047,1966,RTK FIXED
114.320,075123.40,10.48525400,76.44419200,10.48525460,76.44419200,658052.526,1159427.436,107.80,658052.526,1159427.502,-144.8,17,658051.892,1159427.116,10.48525300,76.44418900,0.365,-0.039,10.0,9.4,0.0,17.6,2047,1920,RTK FIXED
114.365,075123.40,10.48525400,76.44419200,10.48525436,76.44419200,658052.526,1159427.436,107.80,658052.526,1159427.475,-144.8,17,658051.892,1159427.116,10.48525300,76.44418900,0.365,-0.039,10.0,9.4,0.0,17.7,2047,1920,RTK FIXED
114.420,075123.40,10.48525400,76.44419200,10.48525422,76.44419200,658052.526,1159427.436,107.80,658052.526,1159427.460,-144.8,17,658051.892,1159427.116,10.48525300,76.44418900,0.365,-0.039,10.0,9.4,0.0,17.4,2047,1920,RTK FIXED
114.465,075123.40,10.48525400,76.44419200,10.48525413,76.44419200,658052.526,1159427.436,107.80,658052.526,1159427.450,-144.8,17,658051.892,1159427.116,10.48525300,76.44418900,0.365,-0.039,10.0,9.4,0.5,17.0,2047,1920,RTK FIXED
114.520,075123.60,10.48525400,76.44419100,10.48525408,76.44419160,658052.418,1159427.432,107.80,658052.483,1159427.443,-144.8,17,658051.892,1159427.116,10.48525300,76.44418900,0.365,-0.037,10.0,9.4,-0.5,16.8,2047,1927,RTK FIXED
114.566,075123.60,10.48525400,76.44419100,10.48525405,76.44419136,658052.418,1159427.432,107.80,658052.457,1159427.439,-144.8,17,658051.892,1159427.116,10.48525300,76.44418900,0.365,-0.037,10.0,9.4,0.5,16.9,2047,1927,RTK FIXED
114.620,075123.60,10.48525400,76.44419100,10.48525403,76.44419122,658052.418,1159427.432,107.80,658052.441,1159427.436,-144.8,17,658051.892,1159427.116,10.48525300,76.44418900,0.365,-0.037,10.0,9.4,0.0,16.7,2047,1927,RTK FIXED
114.673,075123.60,10.48525400,76.44419100,10.48525402,76.44419113,658052.418,1159427.432,107.80,658052.432,1159427.435,-144.8,17,658051.892,1159427.116,10.48525300,76.44418900,0.365,-0.037,10.0,9.4,-0.5,16.9,2047,1927,RTK FIXED
114.720,075123.80,10.48525400,76.44419100,10.48525401,76.44419108,658052.418,1159427.432,107.80,658052.427,1159427.434,-146.5,17,658051.892,1159427.116,10.48525300,76.44418900,0.366,-0.020,10.0,9.7,0.0,16.4,2047,1981,RTK FIXED
114.774,075123.80,10.48525400,76.44419100,10.48525401,76.44419105,658052.418,1159427.432,107.80,658052.423,1159427.433,-146.5,17,658051.892,1159427.116,10.48525300,76.44418900,0.366,-0.020,10.0,9.7,0.5,16.4,2047,1981,RTK FIXED
114.820,075123.80,10.48525400,76.44419100,10.48525400,76.44419103,658052.418,1159427.432,107.80,658052.421,1159427.433,-146.5,17,658051.892,1159427.116,10.48525300,76.44418900,0.366,-0.020,10.0,9.7,0.0,16.2,2047,1981,RTK FIXED
114.874,075123.80,10.48525400,76.44419100,10.48525400,76.44419102,658052.418,1159427.432,107.80,658052.420,1159427.433,-146.5,17,658051.892,1159427.116,10.48525300,76.44418900,0.366,-0.020,10.0,9.7,-0.5,17.2,2047,1981,RTK FIXED
114.919,075123.80,10.48525400,76.44419100,10.48525400,76.44419101,658052.418,1159427.432,107.80,658052.419,1159427.433,-146.5,17,658051.892,1159427.116,10.48525300,76.44418900,0.366,-0.020,10.0,9.7,0.5,17.0,2047,1981,RTK FIXED
114.975,075124.00,10.48525400,76.44419100,10.48525400,76.44419101,658052.424,1159427.423,107.80,658052.421,1159427.429,-146.5,17,658051.892,1159427.116,10.48525300,76.44418900,0.366,-0.022,10.0,9.6,0.0,16.7,2047,1974,RTK FIXED
115.020,075124.00,10.48525400,76.44419100,10.48525400,76.44419100,658052.424,1159427.423,107.80,658052.423,1159427.426,-146.5,17,658051.892,1159427.116,10.48525300,76.44418900,0.366,-0.022,10.0,9.6,-0.5,17.6,2047,1974,RTK FIXED
115.073,075124.00,10.48525400,76.44419100,10.48525400,76.44419100,658052.424,1159427.423,107.80,658052.423,1159427.425,-146.5,17,658051.892,1159427.116,10.48525300,76.44418900,0.366,-0.022,10.0,9.6,0.5,16.0,2047,1974,RTK FIXED
115.121,075124.20,10.48525400,76.44419000,10.48525400,76.44419060,658052.315,1159427.422,107.80,658052.380,1159427.424,-146.5,17,658051.892,1159427.116,10.48525300,76.44418900,0.366,-0.009,10.0,9.9,0.0,16.9,2047,2018,RTK FIXED
115.173,075124.20,10.48525400,76.44419000,10.48525400,76.44419036,658052.315,1159427.422,107.80,658052.354,1159427.423,-146.5,17,658051.892,1159427.116,10.48525300,76.44418900,0.366,-0.009,10.0,9.9,0.0,16.1,2047,2018,RTK FIXED
115.220,075124.20,10.48525400,76.44419000,10.48525400,76.44419022,658052.315,1159427.422,107.80,658052.338,1159427.423,-146.5,17,658051.892,1159427.116,10.48525300,76.44418900,0.366,-0.009,10.0,9.9,-0.5,17.2,2047,2018,RTK FIXED
115.274,075124.20,10.48525400,76.44419000,10.48525400,76.44419013,658052.315,1159427.422,107.80,658052.329,1159427.423,-146.5,17,658051.892,1159427.116,10.48525300,76.44418900,0.366,-0.009,10.0,9.9,0.0,17.5,2047,2018,RTK FIXED
115.328,075124.40,10.48525300,76.44419000,10.48525360,76.44419008,658052.315,1159427.312,107.80,658052.324,1159427.378,-145.9,17,658051.892,1159427.116,10.48525300,76.44418900,0.365,-0.030,10.0,9.5,0.0,17.7,2047,1949,RTK FIXED
115.374,075124.40,10.48525300,76.44419000,10.48525336,76.44419005,658052.315,1159427.312,107.80,658052.320,1159427.352,-145.9,17,658051.892,1159427.116,10.48525300,76.44418900,0.365,-0.030,10.0,9.5,0.5,17.7,2047,1949,RTK FIXED
115.428,075124.40,10.48525300,76.44419000,10.48525322,76.44419003,658052.315,1159427.312,107.80,658052.318,1159427.336,-145.9,17,658051.892,1159427.116,10.48525300,76.44418900,0.365,-0.030,10.0,9.5,0.0,17.6,2047,1949,RTK FIXED
115.473,075124.40,10.48525300,76.44419000,10.48525313,76.44419002,658052.315,1159427.312,107.80,658052.317,1159427.326,-145.9,17,658051.892,1159427.116,10.48525300,76.44418900,0.365,-0.030,10.0,9.5,-0.6,17.2,2047,1949,RTK FIXED
115.529,075124.60,10.48525300,76.44419000,10.48525308,76.44419001,658052.313,1159427.315,107.80,658052.316,1159427.322,-145.9,17,658051.892,1159427.116,10.48525300,76.44418900,0.365,-0.038,10.0,9.4,0.5,17.2,2047,1923,RTK FIXED
115.574,075124.60,10.48525300,76.44419000,10.48525305,76.44419001,658052.313,1159427.315,107.80,658052.315,1159427.319,-145.9,17,658051.892,1159427.116,10.48525300,76.44418900,0.365,-0.038,10.0,9.4,-0.5,16.9,2047,1923,RTK FIXED
115.628,075124.60,10.48525300,76.44419000,10.48525303,76.44419000,658052.313,1159427.315,107.80,658052.314,1159427.318,-145.9,17,658051.892,1159427.116,10.48525300,76.44418900,0.365,-0.038,10.0,9.4,0.5,17.2,2047,1923,RTK FIXED
115.674,075124.60,10.48525300,76.44419000,10.48525302,76.44419000,658052.313,1159427.315,107.80,658052.314,1159427.317,-145.9,17,658051.892,1159427.116,10.48525300,76.44418900,0.365,-0.038,10.0,9.4,-0.5,16.9,2047,1923,RTK FIXED
115.728,075124.80,10.48525300,76.44418900,10.48525301,76.44418960,658052.204,1159427.315,107.80,658052.270,1159427.316,-146.8,17,658051.892,1159427.116,10.48525300,76.44418900,0.363,-0.020,10.0,9.7,0.0,17.5,2047,1980,RTK FIXED
115.774,075124.80,10.48525300,76.44418900,10.48525301,76.44418936,658052.204,1159427.315,107.80,658052.243,1159427.315,-146.8,17,658051.892,1159427.116,10.48525300,76.44418900,0.363,-0.020,10.0,9.7,0.5,18.0,2047,1980,RTK FIXED
115.829,075124.80,10.48525300,76.44418900,10.48525300,76.44418922,658052.204,1159427.315,107.80,658052.228,1159427.315,-146.8,17,658051.892,1159427.116,10.48525300,76.44418900,0.363,-0.020,10.0,9.7,0.0,16.9,2047,1980,RTK FIXED
115.882,075124.80,10.48525300,76.44418900,10.48525300,76.44418913,658052.204,1159427.315,107.80,658052.218,1159427.315,-146.8,17,658051.892,1159427.116,10.48525300,76.44418900,0.363,-0.020,10.0,9.7,0.0,17.7,2047,1980,RTK FIXED
116.093,075125.00,10.48525700,76.44419300,10.48525460,76.44419068,658052.643,1159427.754,110.20,658052.388,1159427.491,164.0,17,658051.892,1159427.116,10.48525300,76.44418900,0.000,0.762,-10.0,10.0,0.0,17.0,450,450,DGPS
116.129,075125.20,10.48525700,76.44419200,10.48525556,76.44419121,658052.575,1159427.461,110.40,658052.463,1159427.479,166.2,17,658051.892,1159427.116,10.48525300,76.44418900,0.000,0.680,-10.0,10.0,0.0,15.6,900,900,DGPS
116.176,075125.20,10.48525700,76.44419200,10.48525614,76.44419152,658052.575,1159427.461,110.40,658052.508,1159427.472,168.1,17,658051.892,1159427.116,10.48525300,76.44418900,0.000,0.680,-10.0,10.0,0.0,14.6,1350,1350,DGPS
116.229,075125.20,10.48525700,76.44419200,10.48525648,76.44419171,658052.575,1159427.461,110.40,658052.535,1159427.468,170.1,17,658051.892,1159427.116,10.48525300,76.44418900,0.000,0.680,-10.0,10.0,-0.5,13.5,1800,1800,DGPS
116.276,075125.20,10.48525700,76.44419200,10.48525669,76.44419183,658052.575,1159427.461,110.40,658052.551,1159427.465,172.0,17,658051.892,1159427.116,10.48525300,76.44418900,0.000,0.680,-10.0,10.0,0.5,12.9,2047,2047,DGPS
116.329,075125.40,10.48525800,76.44419200,10.48525721,76.44419190,658052.585,1159427.621,110.40,658052.564,1159427.528,127.8,17,658051.892,1159427.116,10.48525300,76.44418900,0.000,1.220,-10.0,10.0,-0.5,12.0,2047,2047,DGPS
116.376,075125.40,10.48525800,76.44419200,10.48525753,76.44419194,658052.585,1159427.621,110.40,658052.572,1159427.565,131.3,17,658051.892,1159427.116,10.48525300,76.44418900,0.000,1.220,-10.0,10.0,0.5,10.9,2047,2047,DGPS
116.429,075125.40,10.48525800,76.44419200,10.48525772,76.44419196,658052.585,1159427.621,110.40,658052.577,1159427.588,134.8,17,658051.892,1159427.116,10.48525300,76.44418900,0.000,1.220,-10.0,10.0,0.0,10.7,2047,2047,DGPS
116.477,075125.40,10.48525800,76.44419200,10.48525783,76.44419198,658052.585,1159427.621,110.40,658052.580,1159427.601,138.3,17,658051.892,1159427.116,10.48525300,76.44418900,0.000,1.220,-10.0,10.0,0.0,9.8,2047,2047,DGPS
116.530,075125.60,10.48525800,76.44419100,10.48525790,76.44419159,658052.393,1159427.433,110.30,658052.505,1159427.534,141.8,17,658051.892,1159427.116,10.48525300,76.44418900,0.000,1.059,-10.0,10.0,0.0,11.5,2047,2047,DGPS
116.584,075125.60,10.48525800,76.44419100,10.48525794,76.44419135,658052.393,1159427.433,110.30,658052.460,1159427.493,144.8,17,658051.892,1159427.116,10.48525300,76.44418900,0.000,1.059,-10.0,10.0,-0.5,13.5,2047,2047,DGPS
116.629,075125.60,10.48525800,76.44419100,10.48525796,76.44419121,658052.393,1159427.433,110.30,658052.433,1159427.469,147.9,17,658051.892,1159427.116,10.48525300,76.44418900,0.000,1.059,-10.0,10.0,0.0,13.8,2047,2047,DGPS
116.684,075125.60,10.48525800,76.44419100,10.48525798,76.44419113,658052.393,1159427.433,110.30,658052.417,1159427.455,150.9,17,658051.892,1159427.116,10.48525300,76.44418900,0.000,1.059,-10.0,10.0,0.4,14.8,2047,2047,DGPS
116.730,075125.80,10.48525800,76.44419100,10.48525799,76.44419108,658052.436,1159427.498,110.20,658052.425,1159427.472,171.5,17,658051.892,1159427.116,10.48525300,76.44418900,0.000,0.627,-10.0,10.0,0.0,15.8,2047,2047,DGPS
116.784,075125.80,10.48525800,76.44419100,10.48525799,76.44419105,658052.436,1159427.498,110.20,658052.429,1159427.482,173.3,17,658051.892,1159427.116,10.48525300,76.44418900,0.000,0.627,-10.0,10.0,-0.5,16.0,2047,2047,DGPS
116.830,075125.80,10.48525800,76.44419100,10.48525800,76.44419103,658052.436,1159427.498,110.20,658052.432,1159427.489,175.1,17,658051.892,1159427.116,10.48525300,76.44418900,0.000,0.627,-10.0,10.0,0.0,17.2,2047,2047,DGPS
116.884,075125.80,10.48525800,76.44419100,10.48525800,76.44419102,658052.436,1159427.498,110.20,658052.434,1159427.492,176.9,17,658051.892,1159427.116,10.48525300,76.44418900,0.000,0.627,-10.0,10.0,0.0,17.2,2047,2047,DGPS
116.930,075125.80,10.48525800,76.44419100,10.48525800,76.44419101,658052.436,1159427.498,110.20,658052.435,1159427.495,178.7,17,658051.892,1159427.116,10.48525300,76.44418900,0.000,0.627,-10.0,10.0,0.5,18.4,2047,2047,DGPS
116.984,075126.00,10.48525800,76.44419100,10.48525800,76.44419101,658052.478,1159427.663,110.20,658052.452,1159427.562,-179.5,17,658051.892,1159427.116,10.48525300,76.44418900,0.000,0.600,-9.8,9.8,-0.5,17.9,2011,2011,DGPS
117.029,075126.00,10.48525800,76.44419100,10.48525800,76.44419100,658052.478,1159427.663,110.20,658052.463,1159427.602,-177.8,17,658051.892,1159427.116,10.48525300,76.44418900,0.000,0.600,-9.8,9.8,0.0,17.7,2011,2011,DGPS
117.085,075126.00,10.48525800,76.44419100,10.48525800,76.44419100,658052.478,1159427.663,110.20,658052.469,1159427.626,-176.1,17,658051.892,1159427.116,10.48525300,76.44418900,0.000,0.600,-9.8,9.8,0.0,17.5,2011,2011,DGPS
117.138,075126.20,10.48525800,76.44419100,10.48525800,76.44419100,658052.477,1159427.696,110.10,658052.472,1159427.654,155.2,17,658051.892,1159427.116,10.48525300,76.44418900,0.000,0.968,-10.0,10.0,0.0,17.4,2047,2047,DGPS
117.184,075126.20,10.48525800,76.44419100,10.48525800,76.44419100,658052.477,1159427.696,110.10,658052.474,1159427.671,157.9,17,658051.892,1159427.116,10.48525300,76.44418900,0.000,0.968,-10.0,10.0,0.5,17.5,2047,2047,DGPS
117.238,075126.20,10.48525800,76.44419100,10.48525800,76.44419100,658052.477,1159427.696,110.10,658052.476,1159427.681,160.7,17,658051.892,1159427.116,10.48525300,76.44418900,0.000,0.968,-10.0,10.0,-0.5,18.0,2047,2047,DGPS
117.285,075126.20,10.48525800,76.44419100,10.48525800,76.44419100,658052.477,1159427.696,110.10,658052.476,1159427.687,163.5,17,658051.892,1159427.116,10.48525300,76.44418900,0.000,0.968,-10.0,10.0,0.0,18.4,2047,2047,DGPS
117.339,075126.40,10.48525700,76.44419100,10.48525760,76.44419100,658052.466,1159427.461,110.00,658052.472,1159427.597,166.3,17,658051.892,1159427.116,10.48525300,76.44418900,0.000,0.750,-10.0,10.0,0.0,17.5,2047,2047,DGPS
117.384,075126.40,10.48525700,76.44419100,10.48525736,76.44419100,658052.466,1159427.461,110.00,658052.470,1159427.543,168.4,17,658051.892,1159427.116,10.48525300,76.44418900,0.000,0.750,-10.0,10.0,0.0,18.0,2047,2047,DGPS
117.438,075126.40,10.48525700,76.44419100,10.48525722,76.44419100,658052.466,1159427.461,110.00,658052.468,1159427.510,170.5,17,658051.892,1159427.116,10.48525300,76.44418900,0.000,0.750,-10.0,10.0,0.0,18.4,2047,2047,DGPS
117.485,075126.40,10.48525700,76.44419100,10.48525713,76.44419100,658052.466,1159427.461,110.00,658052.467,1159427.491,172.7,17,658051.892,1159427.116,10.48525300,76.44418900,0.000,0.750,-10.0,10.0,0.0,18.6,2047,2047,DGPS
117.538,075126.60,10.48525700,76.44419100,10.48525708,76.44419100,658052.476,1159427.516,110.00,658052.471,1159427.501,174.8,17,658051.892,1159427.116,10.48525300,76.44418900,0.000,0.607,-9.9,9.9,0.0,18.5,2033,2033,DGPS
117.584,075126.60,10.48525700,76.44419100,10.48525705,76.44419100,658052.476,1159427.516,110.00,658052.473,1159427.507,176.6,17,658051.892,1159427.116,10.48525300,76.44418900,0.000,0.607,-9.9,9.9,0.0,18.0,2033,2033,DGPS
117.637,075126.60,10.48525700,76.44419100,10.48525703,76.44419100,658052.476,1159427.516,110.00,658052.474,1159427.510,178.3,17,658051.892,1159427.116,10.48525300,76.44418900,0.000,0.607,-9.9,9.9,0.0,18.3,2033,2033,DGPS
117.692,075126.60,10.48525700,76.44419100,10.48525702,76.44419100,658052.476,1159427.516,110.00,658052.475,1159427.512,-179.9,17,658051.892,1159427.116,10.48525300,76.44418900,0.000,0.607,-9.9,9.9,0.0,18.3,2033,2033,DGPS
117.902,075126.80,10.48525600,76.44419100,10.48525661,76.44419100,658052.479,1159427.450,109.90,658052.477,1159427.487,-151.1,17,658051.892,1159427.116,10.48525300,76.44418900,0.365,0.040,5.3,6.6,0.0,17.9,450,450,DGPS
117.939,075127.00,10.48525600,76.44419200,10.48525637,76.44419140,658052.547,1159427.619,109.80,658052.505,1159427.540,-151.1,17,658051.892,1159427.116,10.48525300,76.44418900,0.364,0.055,5.1,6.9,0.0,17.0,900,900,DGPS
117.984,075127.00,10.48525600,76.44419200,10.48525622,76.44419164,658052.547,1159427.619,109.80,658052.522,1159427.572,-151.1,17,658051.892,1159427.116,10.48525300,76.44418900,0.364,0.055,5.1,6.9,0.0,14.9,1100,1350,DGPS
118.039,075127.00,10.48525600,76.44419200,10.48525613,76.44419178,658052.547,1159427.619,109.80,658052.532,1159427.590,-151.1,17,658051.892,1159427.116,10.48525300,76.44418900,0.364,0.055,5.1,6.9,0.0,13.8,1100,1402,DGPS
118.085,075127.20,10.48525500,76.44419200,10.48525568,76.44419187,658052.548,1159427.508,109.80,658052.539,1159427.558,-151.1,17,658051.892,1159427.116,10.48525300,76.44418900,0.365,0.040,5.3,6.6,0.0,12.3,1100,1357,DGPS
118.139,075127.20,10.48525500,76.44419200,10.48525541,76.44419192,658052.548,1159427.508,109.80,658052.542,1159427.538,-151.1,17,658051.892,1159427.116,10.48525300,76.44418900,0.365,0.040,5.3,6.6,0.0,12.2,1100,1357,DGPS
118.185,075127.20,10.48525500,76.44419200,10.48525524,76.44419195,658052.548,1159427.508,109.80,658052.545,1159427.526,-151.1,17,658051.892,1159427.116,10.48525300,76.44418900,0.365,0.040,5.3,6.6,0.0,11.4,1100,1357,DGPS
118.238,075127.20,10.48525500,76.44419200,10.48525515,76.44419197,658052.548,1159427.508,109.80,658052.546,1159427.519,-151.1,17,658051.892,1159427.116,10.48525300,76.44418900,0.365,0.040,5.3,6.6,0.0,10.8,1100,1357,DGPS
118.285,075127.20,10.48525500,76.44419200,10.48525509,76.44419198,658052.548,1159427.508,109.80,658052.547,1159427.515,-151.1,17,658051.892,1159427.116,10.48525300,76.44418900,0.365,0.040,5.3,6.6,0.5,9.5,1100,1357,DGPS
118.340,075127.40,10.48525500,76.44419200,10.48525505,76.44419199,658052.548,1159427.508,109.70,658052.547,1159427.512,-151.1,17,658051.892,1159427.116,10.48525300,76.44418900,0.365,0.031,5.5,6.5,-0.5,8.3,1119,1329,DGPS
118.393,075127.40,10.48525500,76.44419200,10.48525503,76.44419199,658052.548,1159427.508,109.70,658052.548,1159427.510,-151.1,17,658051.892,1159427.116,10.48525300,76.44418900,0.365,0.031,5.5,6.5,0.0,8.0,1119,1329,DGPS
118.440,075127.40,10.48525500,76.44419200,10.48525502,76.44419200,658052.548,1159427.508,109.70,658052.548,1159427.510,-151.1,17,658051.892,1159427.116,10.48525300,76.44418900,0.365,0.031,5.5,6.5,0.0,8.0,1119,1329,DGPS
118.493,075127.40,10.48525500,76.44419200,10.48525501,76.44419200,658052.548,1159427.508,109.70,658052.548,1159427.509,-151.1,17,658051.892,1159427.116,10.48525300,76.44418900,0.365,0.031,5.5,6.5,0.5,7.0,1119,1329,DGPS
118.540,075127.60,10.48525500,76.44419200,10.48525501,76.44419200,658052.548,1159427.508,109.70,658052.548,1159427.509,-151.1,17,658051.892,1159427.116,10.48525300,76.44418900,0.366,0.026,5.6,6.4,0.0,7.5,1137,1312,DGPS
118.593,075127.60,10.48525500,76.44419200,10.48525500,76.44419200,658052.548,1159427.508,109.70,658052.548,1159427.508,-151.1,17,658051.892,1159427.116,10.48525300,76.44418900,0.366,0.026,5.6,6.4,0.0,7.5,1137,1312,DGPS
118.640,075127.60,10.48525500,76.44419200,10.48525500,76.44419200,658052.548,1159427.508,109.70,658052.548,1159427.508,-151.1,17,658051.892,1159427.116,10.48525300,76.44418900,0.366,0.026,5.6,6.4,0.0,7.5,1137,1312,DGPS
118.693,075127.60,10.48525500,76.44419200,10.48525500,76.44419200,658052.548,1159427.508,109.70,658052.548,1159427.508,-151.1,17,658051.892,1159427.116,10.48525300,76.44418900,0.366,0.026,5.6,6.4,-0.5,7.0,1137,1312,DGPS
118.740,075127.80,10.48525500,76.44419200,10.48525500,76.44419200,658052.548,1159427.508,109.60,658052.548,1159427.508,-151.1,17,658051.892,1159427.116,10.48525300,76.44418900,0.366,0.023,5.6,6.4,0.0,6.4,1148,1302,DGPS
118.793,075127.80,10.48525500,76.44419200,10.48525500,76.44419200,658052.548,1159427.508,109.60,658052.548,1159427.508,-151.1,17,658051.892,1159427.116,10.48525300,76.44418900,0.366,0.023,5.6,6.4,0.5,6.5,1148,1302,DGPS
118.840,075127.80,10.48525500,76.44419200,10.48525500,76.44419200,658052.548,1159427.508,109.60,658052.548,1159427.508,-151.1,17,658051.892,1159427.116,10.48525300,76.44418900,0.366,0.023,5.6,6.4,-0.5,5.4,1148,1302,DGPS
118.893,075127.80,10.48525500,76.44419200,10.48525500,76.44419200,658052.548,1159427.508,109.60,658052.548,1159427.508,-151.1,17,658051.892,1159427.116,10.48525300,76.44418900,0.366,0.023,5.6,6.4,0.5,5.6,1148,1302,DGPS
