Time_Sec,UTC,Latitude,Longitude,Smoothed_Latitude,Smoothed_Longitude,UTM_X,UTM_Y,UTM_Z,Smoothed_UTM_X,Smoothed_UTM_Y,Yaw_Deg,Target_WP_Index,Target_WP_X,Target_WP_Y,Target_Latitude,Target_Longitude,Command_V,Command_W,Left_RPM,Right_RPM,Actual_Left_RPM,Actual_Right_RPM,Left_DAC,Right_DAC,RTK_Fix_Status
0.024,062946.40,10.48525200,76.44418700,10.48525200,76.44418700,658051.850,1159426.679,107.90,658051.850,1159426.679,109.9,1,658051.359,1159428.035,10.48526133,76.44418417,0.366,0.000,0.0,0.0,0.0,0.0,0,0,RTK FIXED
0.073,062946.40,10.48525200,76.44418700,10.48525200,76.44418700,658051.850,1159426.679,107.90,658051.850,1159426.679,109.9,1,658051.359,1159428.035,10.48526133,76.44418417,0.366,0.000,0.0,0.0,0.0,0.0,0,0,RTK FIXED
0.120,062946.60,10.48525200,76.44418700,10.48525200,76.44418700,658051.790,1159426.653,107.90,658051.826,1159426.668,109.9,1,658051.359,1159428.035,10.48526133,76.44418417,0.366,-0.004,0.0,0.0,0.0,0.0,0,0,RTK FIXED
0.173,062946.60,10.48525200,76.44418700,10.48525200,76.44418700,658051.790,1159426.653,107.90,658051.812,1159426.662,109.9,1,658051.359,1159428.035,10.48526133,76.44418417,0.366,-0.004,0.0,0.0,0.0,0.0,0,0,RTK FIXED
0.219,062946.60,10.48525200,76.44418700,10.48525200,76.44418700,658051.790,1159426.653,107.90,658051.803,1159426.658,109.9,1,658051.359,1159428.035,10.48526133,76.44418417,0.366,-0.004,0.0,0.0,0.0,0.0,0,0,RTK FIXED
0.273,062946.60,10.48525200,76.44418700,10.48525200,76.44418700,658051.790,1159426.653,107.90,658051.798,1159426.656,109.9,1,658051.359,1159428.035,10.48526133,76.44418417,0.366,-0.004,0.0,0.0,0.0,0.0,0,0,RTK FIXED
0.320,062946.80,10.48525200,76.44418700,10.48525200,76.44418700,658051.790,1159426.653,107.90,658051.795,1159426.655,109.9,1,658051.359,1159428.035,10.48526133,76.44418417,0.366,-0.012,0.0,0.0,0.0,0.0,0,0,RTK FIXED
0.374,062946.80,10.48525200,76.44418700,10.48525200,76.44418700,658051.790,1159426.653,107.90,658051.793,1159426.654,109.9,1,658051.359,1159428.035,10.48526133,76.44418417,0.366,-0.012,0.0,0.0,0.0,0.0,0,0,RTK FIXED
0.427,062946.80,10.48525200,76.44418700,10.48525200,76.44418700,658051.790,1159426.653,107.90,658051.792,1159426.653,109.9,1,658051.359,1159428.035,10.48526133,76.44418417,0.366,-0.012,0.0,0.0,0.0,0.0,0,0,RTK FIXED
0.473,062946.80,10.48525200,76.44418700,10.48525200,76.44418700,658051.790,1159426.653,107.90,658051.791,1159426.653,109.9,1,658051.359,1159428.035,10.48526133,76.44418417,0.366,-0.012,0.0,0.0,0.0,0.0,0,0,RTK FIXED
0.528,062947.00,10.48525200,76.44418700,10.48525200,76.44418700,658051.790,1159426.653,107.90,658051.791,1159426.653,109.9,1,658051.359,1159428.035,10.48526133,76.44418417,0.366,-0.017,0.0,0.0,0.0,0.0,0,0,RTK FIXED
0.573,062947.00,10.48525200,76.44418700,10.48525200,76.44418700,658051.790,1159426.653,107.90,658051.790,1159426.653,109.9,1,658051.359,1159428.035,10.48526133,76.44418417,0.366,-0.017,0.0,0.0,0.0,0.0,0,0,RTK FIXED
0.628,062947.20,10.48525200,76.44418700,10.48525200,76.44418700,658051.790,1159426.653,107.90,658051.790,1159426.653,109.9,1,658051.359,1159428.035,10.48526133,76.44418417,0.366,-0.021,0.0,0.0,0.0,0.0,0,0,RTK FIXED
0.675,062947.20,10.48525200,76.44418700,10.48525200,76.44418700,658051.790,1159426.653,107.90,658051.790,1159426.653,109.9,1,658051.359,1159428.035,10.48526133,76.44418417,0.366,-0.021,0.0,0.0,0.0,0.0,0,0,RTK FIXED
0.727,062947.20,10.48525200,76.44418700,10.48525200,76.44418700,658051.790,1159426.653,107.90,658051.790,1159426.653,109.9,1,658051.359,1159428.035,10.48526133,76.44418417,0.366,-0.021,0.0,0.0,0.0,0.0,0,0,RTK FIXED
0.774,062947.20,10.48525200,76.44418700,10.48525200,76.44418700,658051.790,1159426.653,107.90,658051.790,1159426.653,109.9,1,658051.359,1159428.035,10.48526133,76.44418417,0.366,-0.021,0.0,0.0,0.0,0.0,0,0,RTK FIXED
0.828,062947.40,10.48525200,76.44418700,10.48525200,76.44418700,658051.790,1159426.653,107.90,658051.790,1159426.653,109.9,1,658051.359,1159428.035,10.48526133,76.44418417,0.365,-0.024,0.0,0.0,0.0,0.0,0,0,RTK FIXED
0.874,062947.40,10.48525200,76.44418700,10.48525200,76.44418700,658051.790,1159426.653,107.90,658051.790,1159426.653,109.9,1,658051.359,1159428.035,10.48526133,76.44418417,0.365,-0.024,0.0,0.0,0.0,0.0,0,0,RTK FIXED
0.927,062947.40,10.48525200,76.44418700,10.48525200,76.44418700,658051.790,1159426.653,107.90,658051.790,1159426.653,109.9,1,658051.359,1159428.035,10.48526133,76.44418417,0.365,-0.024,0.0,0.0,0.0,0.0,0,0,RTK FIXED
0.982,062947.40,10.48525200,76.44418700,10.48525200,76.44418700,658051.790,1159426.653,107.90,658051.790,1159426.653,109.9,1,658051.359,1159428.035,10.48526133,76.44418417,0.365,-0.024,0.0,0.0,0.0,0.0,0,0,RTK FIXED
1.027,062947.40,10.48525200,76.44418700,10.48525200,76.44418700,658051.790,1159426.653,107.90,658051.790,1159426.653,109.9,1,658051.359,1159428.035,10.48526133,76.44418417,0.365,-0.024,0.0,0.0,0.0,0.0,0,0,RTK FIXED
1.082,062947.60,10.48525200,76.44418700,10.48525200,76.44418700,658051.790,1159426.653,107.90,658051.790,1159426.653,109.9,1,658051.359,1159428.035,10.48526133,76.44418417,0.365,-0.025,0.0,0.0,0.0,0.0,0,0,RTK FIXED
1.128,062947.60,10.48525200,76.44418700,10.48525200,76.44418700,658051.790,1159426.653,107.90,658051.790,1159426.653,109.9,1,658051.359,1159428.035,10.48526133,76.44418417,0.365,-0.025,0.0,0.0,0.0,0.0,0,0,RTK FIXED
1.182,062947.60,10.48525200,76.44418700,10.48525200,76.44418700,658051.790,1159426.653,107.90,658051.790,1159426.653,109.9,1,658051.359,1159428.035,10.48526133,76.44418417,0.365,-0.025,0.0,0.0,0.0,0.0,0,0,RTK FIXED
1.228,062947.60,10.48525200,76.44418700,10.48525200,76.44418700,658051.790,1159426.653,107.90,658051.790,1159426.653,109.9,1,658051.359,1159428.035,10.48526133,76.44418417,0.365,-0.025,0.0,0.0,0.0,0.0,0,0,RTK FIXED
1.282,062947.80,10.48525200,76.44418700,10.48525200,76.44418700,658051.790,1159426.653,107.90,658051.790,1159426.653,109.9,1,658051.359,1159428.035,10.48526133,76.44418417,0.365,-0.026,0.0,0.0,0.0,0.0,0,0,RTK FIXED
1.335,062947.80,10.48525200,76.44418700,10.48525200,76.44418700,658051.790,1159426.653,107.90,658051.790,1159426.653,109.9,1,658051.359,1159428.035,10.48526133,76.44418417,0.365,-0.026,0.0,0.0,0.0,0.0,0,0,RTK FIXED
1.382,062947.80,10.48525200,76.44418700,10.48525200,76.44418700,658051.790,1159426.653,107.90,658051.790,1159426.653,109.9,1,658051.359,1159428.035,10.48526133,76.44418417,0.365,-0.026,0.0,0.0,0.0,0.0,0,0,RTK FIXED
1.436,062947.80,10.48525200,76.44418700,10.48525200,76.44418700,658051.790,1159426.653,107.90,658051.790,1159426.653,109.9,1,658051.359,1159428.035,10.48526133,76.44418417,0.365,-0.026,0.0,0.0,0.0,0.0,0,0,RTK FIXED
1.483,062947.80,10.48525200,76.44418700,10.48525200,76.44418700,658051.790,1159426.653,107.90,658051.790,1159426.653,109.9,1,658051.359,1159428.035,10.48526133,76.44418417,0.365,-0.026,0.0,0.0,0.0,0.0,0,0,RTK FIXED
1.536,062948.00,10.48525200,76.44418700,10.48525200,76.44418700,658051.790,1159426.653,107.90,658051.790,1159426.653,109.9,1,658051.359,1159428.035,10.48526133,76.44418417,0.365,-0.026,0.0,0.0,0.0,0.0,0,0,RTK FIXED
1.582,062948.00,10.48525200,76.44418700,10.48525200,76.44418700,658051.790,1159426.653,107.90,658051.790,1159426.653,109.9,1,658051.359,1159428.035,10.48526133,76.44418417,0.365,-0.026,0.0,0.0,0.0,0.0,0,0,RTK FIXED
1.640,062948.00,10.48525200,76.44418700,10.48525200,76.44418700,658051.790,1159426.653,107.90,658051.790,1159426.653,109.9,1,658051.359,1159428.035,10.48526133,76.44418417,0.365,-0.026,0.0,0.0,0.0,0.0,0,0,RTK FIXED
1.682,062948.20,10.48525200,76.44418700,10.48525200,76.44418700,658051.790,1159426.653,107.90,658051.790,1159426.653,109.9,1,658051.359,1159428.035,10.48526133,76.44418417,0.365,-0.027,0.0,0.0,0.0,0.0,0,0,RTK FIXED
1.736,062948.20,10.48525200,76.44418700,10.48525200,76.44418700,658051.790,1159426.653,107.90,658051.790,1159426.653,109.9,1,658051.359,1159428.035,10.48526133,76.44418417,0.365,-0.027,0.0,0.0,0.0,0.0,0,0,RTK FIXED
1.782,062948.20,10.48525200,76.44418700,10.48525200,76.44418700,658051.790,1159426.653,107.90,658051.790,1159426.653,109.9,1,658051.359,1159428.035,10.48526133,76.44418417,0.365,-0.027,0.0,0.0,0.0,0.0,0,0,RTK FIXED
1.836,062948.20,10.48525200,76.44418700,10.48525200,76.44418700,658051.790,1159426.653,107.90,658051.790,1159426.653,109.9,1,658051.359,1159428.035,10.48526133,76.44418417,0.365,-0.027,0.0,0.0,0.0,0.0,0,0,RTK FIXED
1.891,062948.40,10.48525200,76.44418700,10.48525200,76.44418700,658051.790,1159426.653,107.90,658051.790,1159426.653,109.9,1,658051.359,1159428.035,10.48526133,76.44418417,0.365,-0.027,0.0,0.0,0.0,0.0,0,0,RTK FIXED
1.936,062948.40,10.48525200,76.44418700,10.48525200,76.44418700,658051.790,1159426.653,107.90,658051.790,1159426.653,109.9,1,658051.359,1159428.035,10.48526133,76.44418417,0.365,-0.027,0.0,0.0,0.0,0.0,0,0,RTK FIXED
1.990,062948.40,10.48525200,76.44418700,10.48525200,76.44418700,658051.790,1159426.653,107.90,658051.790,1159426.653,109.9,1,658051.359,1159428.035,10.48526133,76.44418417,0.365,-0.027,0.0,0.0,0.0,0.0,0,0,RTK FIXED
2.036,062948.40,10.48525200,76.44418700,10.48525200,76.44418700,658051.790,1159426.653,107.90,658051.790,1159426.653,109.9,1,658051.359,1159428.035,10.48526133,76.44418417,0.365,-0.027,0.0,0.0,0.0,0.0,0,0,RTK FIXED
2.091,062948.60,10.48525200,76.44418700,10.48525200,76.44418700,658051.790,1159426.653,107.90,658051.790,1159426.653,109.9,1,658051.359,1159428.035,10.48526133,76.44418417,0.365,-0.027,0.0,0.0,0.0,0.0,0,0,RTK FIXED
2.136,062948.60,10.48525200,76.44418700,10.48525200,76.44418700,658051.790,1159426.653,107.90,658051.790,1159426.653,109.9,1,658051.359,1159428.035,10.48526133,76.44418417,0.365,-0.027,0.0,0.0,0.0,0.0,0,0,RTK FIXED
2.190,062948.60,10.48525200,76.44418700,10.48525200,76.44418700,658051.790,1159426.653,107.90,658051.790,1159426.653,109.9,1,658051.359,1159428.035,10.48526133,76.44418417,0.365,-0.027,0.0,0.0,0.0,0.0,0,0,RTK FIXED
2.237,062948.60,10.48525200,76.44418700,10.48525200,76.44418700,658051.790,1159426.653,107.90,658051.790,1159426.653,109.9,1,658051.359,1159428.035,10.48526133,76.44418417,0.365,-0.027,0.0,0.0,0.0,0.0,0,0,RTK FIXED
2.291,062948.80,10.48525200,76.44418700,10.48525200,76.44418700,658051.790,1159426.653,107.90,658051.790,1159426.653,109.9,1,658051.359,1159428.035,10.48526133,76.44418417,0.365,-0.027,0.0,0.0,0.0,0.0,0,0,RTK FIXED
2.337,062948.80,10.48525200,76.44418700,10.48525200,76.44418700,658051.790,1159426.653,107.90,658051.790,1159426.653,109.9,1,658051.359,1159428.035,10.48526133,76.44418417,0.365,-0.027,0.0,0.0,0.0,0.0,0,0,RTK FIXED
2.391,062949.00,10.48525200,76.44418700,10.48525200,76.44418700,658051.790,1159426.653,107.90,658051.790,1159426.653,109.9,1,658051.359,1159428.035,10.48526133,76.44418417,0.365,-0.027,0.0,0.0,0.0,0.0,0,0,RTK FIXED
2.436,062949.00,10.48525200,76.44418700,10.48525200,76.44418700,658051.790,1159426.653,107.90,658051.790,1159426.653,109.9,1,658051.359,1159428.035,10.48526133,76.44418417,0.365,-0.027,0.0,0.0,0.0,0.0,0,0,RTK FIXED
2.491,062949.00,10.48525200,76.44418700,10.48525200,76.44418700,658051.790,1159426.653,107.90,658051.790,1159426.653,109.9,1,658051.359,1159428.035,10.48526133,76.44418417,0.365,-0.027,0.0,0.0,0.0,0.0,0,0,RTK FIXED
2.545,062949.00,10.48525200,76.44418700,10.48525200,76.44418700,658051.790,1159426.653,107.90,658051.790,1159426.653,109.9,1,658051.359,1159428.035,10.48526133,76.44418417,0.365,-0.027,0.0,0.0,0.0,0.0,0,0,RTK FIXED
2.591,062949.20,10.48525200,76.44418700,10.48525200,76.44418700,658051.790,1159426.653,107.90,658051.790,1159426.653,109.9,1,658051.359,1159428.035,10.48526133,76.44418417,0.365,-0.027,0.0,0.0,0.0,0.0,0,0,RTK FIXED
2.645,062949.20,10.48525200,76.44418700,10.48525200,76.44418700,658051.790,1159426.653,107.90,658051.790,1159426.653,109.9,1,658051.359,1159428.035,10.48526133,76.44418417,0.365,-0.027,0.0,0.0,0.0,0.0,0,0,RTK FIXED
2.691,062949.20,10.48525200,76.44418700,10.48525200,76.44418700,658051.790,1159426.653,107.90,658051.790,1159426.653,109.9,1,658051.359,1159428.035,10.48526133,76.44418417,0.365,-0.027,0.0,0.0,0.0,0.0,0,0,RTK FIXED
2.745,062949.20,10.48525200,76.44418700,10.48525200,76.44418700,658051.790,1159426.653,107.90,658051.790,1159426.653,109.9,1,658051.359,1159428.035,10.48526133,76.44418417,0.365,-0.027,0.0,0.0,0.0,0.0,0,0,RTK FIXED
2.791,062949.40,10.48525200,76.44418700,10.48525200,76.44418700,658051.790,1159426.653,107.90,658051.790,1159426.653,109.9,1,658051.359,1159428.035,10.48526133,76.44418417,0.365,-0.027,0.0,0.0,0.0,0.0,0,0,RTK FIXED
2.845,062949.40,10.48525200,76.44418700,10.48525200,76.44418700,658051.790,1159426.653,107.90,658051.790,1159426.653,109.9,1,658051.359,1159428.035,10.48526133,76.44418417,0.365,-0.027,0.0,0.0,0.0,0.0,0,0,RTK FIXED
2.891,062949.40,10.48525200,76.44418700,10.48525200,76.44418700,658051.790,1159426.653,107.90,658051.790,1159426.653,109.9,1,658051.359,1159428.035,10.48526133,76.44418417,0.365,-0.027,0.0,0.0,0.0,0.0,0,0,RTK FIXED
2.945,062949.40,10.48525200,76.44418700,10.48525200,76.44418700,658051.790,1159426.653,107.90,658051.790,1159426.653,109.9,1,658051.359,1159428.035,10.48526133,76.44418417,0.365,-0.027,0.0,0.0,0.0,0.0,0,0,RTK FIXED
2.999,062949.60,10.48525200,76.44418700,10.48525200,76.44418700,658051.790,1159426.653,107.90,658051.790,1159426.653,109.9,1,658051.359,1159428.035,10.48526133,76.44418417,0.365,-0.027,0.0,0.0,0.0,0.0,0,0,RTK FIXED
3.045,062949.60,10.48525200,76.44418700,10.48525200,76.44418700,658051.790,1159426.653,107.90,658051.790,1159426.653,109.9,1,658051.359,1159428.035,10.48526133,76.44418417,0.365,-0.027,0.0,0.0,0.0,0.0,0,0,RTK FIXED
3.099,062949.60,10.48525200,76.44418700,10.48525200,76.44418700,658051.790,1159426.653,107.90,658051.790,1159426.653,109.9,1,658051.359,1159428.035,10.48526133,76.44418417,0.365,-0.027,0.0,0.0,0.0,0.0,0,0,RTK FIXED
3.145,062949.60,10.48525200,76.44418700,10.48525200,76.44418700,658051.790,1159426.653,107.90,658051.790,1159426.653,109.9,1,658051.359,1159428.035,10.48526133,76.44418417,0.365,-0.027,0.0,0.0,0.0,0.0,0,0,RTK FIXED
3.199,062949.60,10.48525200,76.44418700,10.48525200,76.44418700,658051.790,1159426.653,107.90,658051.790,1159426.653,109.9,1,658051.359,1159428.035,10.48526133,76.44418417,0.365,-0.027,0.0,0.0,0.0,0.0,0,0,RTK FIXED
3.245,062949.60,10.48525200,76.44418700,10.48525200,76.44418700,658051.790,1159426.653,107.90,658051.790,1159426.653,109.9,1,658051.359,1159428.035,10.48526133,76.44418417,0.365,-0.027,0.0,0.0,0.0,0.0,0,0,RTK FIXED
3.300,062949.80,10.48525200,76.44418700,10.48525200,76.44418700,658051.790,1159426.653,107.90,658051.790,1159426.653,109.9,1,658051.359,1159428.035,10.48526133,76.44418417,0.365,-0.027,0.0,0.0,0.0,0.0,0,0,RTK FIXED
3.345,062949.80,10.48525200,76.44418700,10.48525200,76.44418700,658051.790,1159426.653,107.90,658051.790,1159426.653,109.9,1,658051.359,1159428.035,10.48526133,76.44418417,0.365,-0.027,0.0,0.0,0.0,0.0,0,0,RTK FIXED
3.399,062949.80,10.48525200,76.44418700,10.48525200,76.44418700,658051.790,1159426.653,107.90,658051.790,1159426.653,109.9,1,658051.359,1159428.035,10.48526133,76.44418417,0.365,-0.027,0.0,0.0,0.0,0.0,0,0,RTK FIXED
3.445,062949.80,10.48525200,76.44418700,10.48525200,76.44418700,658051.790,1159426.653,107.90,658051.790,1159426.653,109.9,1,658051.359,1159428.035,10.48526133,76.44418417,0.365,-0.027,0.0,0.0,0.0,0.0,0,0,RTK FIXED
3.500,062950.00,10.48525200,76.44418700,10.48525200,76.44418700,658051.790,1159426.653,107.90,658051.790,1159426.653,109.9,1,658051.359,1159428.035,10.48526133,76.44418417,0.365,-0.027,0.0,0.0,0.0,0.0,0,0,RTK FIXED
3.545,062950.00,10.48525200,76.44418700,10.48525200,76.44418700,658051.790,1159426.653,107.90,658051.790,1159426.653,109.9,1,658051.359,1159428.035,10.48526133,76.44418417,0.365,-0.027,0.0,0.0,0.0,0.0,0,0,RTK FIXED
3.599,062950.00,10.48525200,76.44418700,10.48525200,76.44418700,658051.790,1159426.653,107.90,658051.790,1159426.653,109.9,1,658051.359,1159428.035,10.48526133,76.44418417,0.365,-0.027,0.0,0.0,0.0,0.0,0,0,RTK FIXED
3.658,062950.20,10.48525200,76.44418700,10.48525200,76.44418700,658051.790,1159426.653,107.90,658051.790,1159426.653,109.9,1,658051.359,1159428.035,10.48526133,76.44418417,0.365,-0.027,0.0,0.0,0.0,0.0,0,0,RTK FIXED
3.699,062950.20,10.48525200,76.44418700,10.48525200,76.44418700,658051.790,1159426.653,107.90,658051.790,1159426.653,109.9,1,658051.359,1159428.035,10.48526133,76.44418417,0.365,-0.027,0.0,0.0,0.0,0.0,0,0,RTK FIXED
3.754,062950.20,10.48525200,76.44418700,10.48525200,76.44418700,658051.790,1159426.653,107.90,658051.790,1159426.653,109.9,1,658051.359,1159428.035,10.48526133,76.44418417,0.365,-0.027,0.0,0.0,0.0,0.0,0,0,RTK FIXED
3.800,062950.40,10.48525200,76.44418700,10.48525200,76.44418700,658051.790,1159426.653,107.90,658051.790,1159426.653,109.9,1,658051.359,1159428.035,10.48526133,76.44418417,0.365,-0.027,0.0,0.0,0.0,0.0,0,0,RTK FIXED
3.854,062950.40,10.48525200,76.44418700,10.48525200,76.44418700,658051.790,1159426.653,107.90,658051.790,1159426.653,109.9,1,658051.359,1159428.035,10.48526133,76.44418417,0.365,-0.027,0.0,0.0,0.0,0.0,0,0,RTK FIXED
3.900,062950.40,10.48525200,76.44418700,10.48525200,76.44418700,658051.790,1159426.653,107.90,658051.790,1159426.653,109.9,1,658051.359,1159428.035,10.48526133,76.44418417,0.365,-0.027,0.0,0.0,0.0,0.0,0,0,RTK FIXED
3.954,062950.40,10.48525200,76.44418700,10.48525200,76.44418700,658051.790,1159426.653,107.90,658051.790,1159426.653,109.9,1,658051.359,1159428.035,10.48526133,76.44418417,0.365,-0.027,0.0,0.0,0.0,0.0,0,0,RTK FIXED
4.000,062950.40,10.48525200,76.44418700,10.48525200,76.44418700,658051.790,1159426.653,107.90,658051.790,1159426.653,109.9,1,658051.359,1159428.035,10.48526133,76.44418417,0.365,-0.027,0.0,0.0,0.0,0.0,0,0,RTK FIXED
4.054,062950.40,10.48525200,76.44418700,10.48525200,76.44418700,658051.790,1159426.653,107.90,658051.790,1159426.653,109.9,1,658051.359,1159428.035,10.48526133,76.44418417,0.365,-0.027,0.0,0.0,0.0,0.0,0,0,RTK FIXED
4.100,062950.60,10.48525200,76.44418700,10.48525200,76.44418700,658051.790,1159426.653,107.90,658051.790,1159426.653,109.9,1,658051.359,1159428.035,10.48526133,76.44418417,0.365,-0.027,0.0,0.0,0.0,0.0,0,0,RTK FIXED
4.154,062950.60,10.48525200,76.44418700,10.48525200,76.44418700,658051.790,1159426.653,107.90,658051.790,1159426.653,109.9,1,658051.359,1159428.035,10.48526133,76.44418417,0.365,-0.027,0.0,0.0,0.0,0.0,0,0,RTK FIXED
4.208,062950.60,10.48525200,76.44418700,10.48525200,76.44418700,658051.790,1159426.653,107.90,658051.790,1159426.653,109.9,1,658051.359,1159428.035,10.48526133,76.44418417,0.365,-0.027,0.0,0.0,0.0,0.0,0,0,RTK FIXED
4.254,062950.60,10.48525200,76.44418700,10.48525200,76.44418700,658051.790,1159426.653,107.90,658051.790,1159426.653,109.9,1,658051.359,1159428.035,10.48526133,76.44418417,0.365,-0.027,0.0,0.0,0.0,0.0,0,0,RTK FIXED
4.308,062950.80,10.48525200,76.44418700,10.48525200,76.44418700,658051.790,1159426.653,107.90,658051.790,1159426.653,109.9,1,658051.359,1159428.035,10.48526133,76.44418417,0.365,-0.027,0.0,0.0,0.0,0.0,0,0,RTK FIXED
4.354,062950.80,10.48525200,76.44418700,10.48525200,76.44418700,658051.790,1159426.653,107.90,658051.790,1159426.653,109.9,1,658051.359,1159428.035,10.48526133,76.44418417,0.365,-0.027,0.0,0.0,0.0,0.0,0,0,RTK FIXED
4.408,062950.80,10.48525200,76.44418700,10.48525200,76.44418700,658051.790,1159426.653,107.90,658051.790,1159426.653,109.9,1,658051.359,1159428.035,10.48526133,76.44418417,0.365,-0.027,0.0,0.0,0.0,0.0,0,0,RTK FIXED
4.454,062950.80,10.48525200,76.44418700,10.48525200,76.44418700,658051.790,1159426.653,107.90,658051.790,1159426.653,109.9,1,658051.359,1159428.035,10.48526133,76.44418417,0.365,-0.027,0.0,0.0,0.0,0.0,0,0,RTK FIXED
4.509,062951.00,10.48525200,76.44418700,10.48525200,76.44418700,658051.790,1159426.653,107.90,658051.790,1159426.653,109.9,1,658051.359,1159428.035,10.48526133,76.44418417,0.365,-0.027,0.0,0.0,0.0,0.0,0,0,RTK FIXED
4.554,062951.00,10.48525200,76.44418700,10.48525200,76.44418700,658051.790,1159426.653,107.90,658051.790,1159426.653,109.9,1,658051.359,1159428.035,10.48526133,76.44418417,0.365,-0.027,0.0,0.0,0.0,0.0,0,0,RTK FIXED
4.608,062951.00,10.48525200,76.44418700,10.48525200,76.44418700,658051.790,1159426.653,107.90,658051.790,1159426.653,109.9,1,658051.359,1159428.035,10.48526133,76.44418417,0.365,-0.027,0.0,0.0,0.0,0.0,0,0,RTK FIXED
4.654,062951.20,10.48525200,76.44418700,10.48525200,76.44418700,658051.790,1159426.653,107.90,658051.790,1159426.653,109.9,1,658051.359,1159428.035,10.48526133,76.44418417,0.365,-0.027,0.0,0.0,0.0,0.0,0,0,RTK FIXED
4.708,062951.20,10.48525200,76.44418700,10.48525200,76.44418700,658051.790,1159426.653,107.90,658051.790,1159426.653,109.9,1,658051.359,1159428.035,10.48526133,76.44418417,0.365,-0.027,0.0,0.0,0.0,0.0,0,0,RTK FIXED
4.762,062951.20,10.48525200,76.44418700,10.48525200,76.44418700,658051.790,1159426.653,107.90,658051.790,1159426.653,109.9,1,658051.359,1159428.035,10.48526133,76.44418417,0.365,-0.027,0.0,0.0,0.0,0.0,0,0,RTK FIXED
4.809,062951.40,10.48525200,76.44418700,10.48525200,76.44418700,658051.790,1159426.653,107.90,658051.790,1159426.653,109.9,1,658051.359,1159428.035,10.48526133,76.44418417,0.365,-0.027,0.0,0.0,0.0,0.0,0,0,RTK FIXED
4.862,062951.40,10.48525200,76.44418700,10.48525200,76.44418700,658051.790,1159426.653,107.90,658051.790,1159426.653,109.9,1,658051.359,1159428.035,10.48526133,76.44418417,0.365,-0.027,0.0,0.0,0.0,0.0,0,0,RTK FIXED
4.908,062951.40,10.48525200,76.44418700,10.48525200,76.44418700,658051.790,1159426.653,107.90,658051.790,1159426.653,109.9,1,658051.359,1159428.035,10.48526133,76.44418417,0.365,-0.027,0.0,0.0,0.0,0.0,0,0,RTK FIXED
4.962,062951.40,10.48525200,76.44418700,10.48525200,76.44418700,658051.790,1159426.653,107.90,658051.790,1159426.653,109.9,1,658051.359,1159428.035,10.48526133,76.44418417,0.365,-0.027,0.0,0.0,0.0,0.0,0,0,RTK FIXED
5.009,062951.40,10.48525200,76.44418700,10.48525200,76.44418700,658051.790,1159426.653,107.90,658051.790,1159426.653,109.9,1,658051.359,1159428.035,10.48526133,76.44418417,0.365,-0.027,0.0,0.0,0.0,0.0,0,0,RTK FIXED
5.063,062951.40,10.48525200,76.44418700,10.48525200,76.44418700,658051.790,1159426.653,107.90,658051.790,1159426.653,109.9,1,658051.359,1159428.035,10.48526133,76.44418417,0.365,-0.027,0.0,0.0,0.0,0.0,0,0,RTK FIXED
5.109,062951.60,10.48525200,76.44418700,10.48525200,76.44418700,658051.790,1159426.653,107.90,658051.790,1159426.653,109.9,1,658051.359,1159428.035,10.48526133,76.44418417,0.365,-0.027,0.0,0.0,0.0,0.0,0,0,RTK FIXED
5.162,062951.60,10.48525200,76.44418700,10.48525200,76.44418700,658051.790,1159426.653,107.90,658051.790,1159426.653,109.9,1,658051.359,1159428.035,10.48526133,76.44418417,0.365,-0.027,0.0,0.0,0.0,0.0,0,0,RTK FIXED
5.208,062951.60,10.48525200,76.44418700,10.48525200,76.44418700,658051.790,1159426.653,107.90,658051.790,1159426.653,109.9,1,658051.359,1159428.035,10.48526133,76.44418417,0.365,-0.027,0.0,0.0,0.0,0.0,0,0,RTK FIXED
5.262,062951.60,10.48525200,76.44418700,10.48525200,76.44418700,658051.790,1159426.653,107.90,658051.790,1159426.653,109.9,1,658051.359,1159428.035,10.48526133,76.44418417,0.365,-0.027,0.0,0.0,0.0,0.0,0,0,RTK FIXED
5.317,062951.80,10.48525200,76.44418700,10.48525200,76.44418700,658051.790,1159426.653,107.90,658051.790,1159426.653,109.9,1,658051.359,1159428.035,10.48526133,76.44418417,0.365,-0.027,0.0,0.0,0.0,0.0,0,0,RTK FIXED
5.363,062951.80,10.48525200,76.44418700,10.48525200,76.44418700,658051.790,1159426.653,107.90,658051.790,1159426.653,109.9,1,658051.359,1159428.035,10.48526133,76.44418417,0.365,-0.027,0.0,0.0,0.0,0.0,0,0,RTK FIXED
5.417,062951.80,10.48525200,76.44418700,10.48525200,76.44418700,658051.790,1159426.653,107.90,658051.790,1159426.653,109.9,1,658051.359,1159428.035,10.48526133,76.44418417,0.365,-0.027,0.0,0.0,0.0,0.0,0,0,RTK FIXED
5.463,062952.00,10.48525200,76.44418700,10.48525200,76.44418700,658051.790,1159426.653,107.90,658051.790,1159426.653,109.9,1,658051.359,1159428.035,10.48526133,76.44418417,0.365,-0.027,0.0,0.0,0.0,0.0,0,0,RTK FIXED
5.517,062952.00,10.48525200,76.44418700,10.48525200,76.44418700,658051.790,1159426.653,107.90,658051.790,1159426.653,109.9,1,658051.359,1159428.035,10.48526133,76.44418417,0.365,-0.027,0.0,0.0,0.0,0.0,0,0,RTK FIXED
5.563,062952.00,10.48525200,76.44418700,10.48525200,76.44418700,658051.790,1159426.653,107.90,658051.790,1159426.653,109.9,1,658051.359,1159428.035,10.48526133,76.44418417,0.365,-0.027,0.0,0.0,0.0,0.0,0,0,RTK FIXED
5.617,062952.00,10.48525200,76.44418700,10.48525200,76.44418700,658051.790,1159426.653,107.90,658051.790,1159426.653,109.9,1,658051.359,1159428.035,10.48526133,76.44418417,0.365,-0.027,0.0,0.0,0.0,0.0,0,0,RTK FIXED
5.663,062952.00,10.48525200,76.44418700,10.48525200,76.44418700,658051.790,1159426.653,107.90,658051.790,1159426.653,109.9,1,658051.359,1159428.035,10.48526133,76.44418417,0.365,-0.027,0.0,0.0,0.0,0.0,0,0,RTK FIXED
5.718,062952.20,10.48525200,76.44418700,10.48525200,76.44418700,658051.790,1159426.653,107.90,658051.790,1159426.653,109.9,1,658051.359,1159428.035,10.48526133,76.44418417,0.365,-0.027,0.0,0.0,0.0,0.0,0,0,RTK FIXED
5.763,062952.20,10.48525200,76.44418700,10.48525200,76.44418700,658051.790,1159426.653,107.90,658051.790,1159426.653,109.9,1,658051.359,1159428.035,10.48526133,76.44418417,0.365,-0.027,0.0,0.0,0.0,0.0,0,0,RTK FIXED
5.818,062952.40,10.48525200,76.44418700,10.48525200,76.44418700,658051.790,1159426.653,107.90,658051.790,1159426.653,109.9,1,658051.359,1159428.035,10.48526133,76.44418417,0.365,-0.027,0.0,0.0,0.0,0.0,0,0,RTK FIXED
5.871,062952.40,10.48525200,76.44418700,10.48525200,76.44418700,658051.790,1159426.653,107.90,658051.790,1159426.653,109.9,1,658051.359,1159428.035,10.48526133,76.44418417,0.365,-0.027,0.0,0.0,0.0,0.0,0,0,RTK FIXED
5.917,062952.40,10.48525200,76.44418700,10.48525200,76.44418700,658051.790,1159426.653,107.90,658051.790,1159426.653,109.9,1,658051.359,1159428.035,10.48526133,76.44418417,0.365,-0.027,0.0,0.0,0.0,0.0,0,0,RTK FIXED
5.971,062952.40,10.48525200,76.44418700,10.48525200,76.44418700,658051.790,1159426.653,107.90,658051.790,1159426.653,109.9,1,658051.359,1159428.035,10.48526133,76.44418417,0.365,-0.027,0.0,0.0,0.0,0.0,0,0,RTK FIXED
6.017,062952.40,10.48525200,76.44418700,10.48525200,76.44418700,658051.790,1159426.653,107.90,658051.790,1159426.653,109.9,1,658051.359,1159428.035,10.48526133,76.44418417,0.365,-0.027,0.0,0.0,0.0,0.0,0,0,RTK FIXED
6.071,062952.40,10.48525200,76.44418700,10.48525200,76.44418700,658051.790,1159426.653,107.90,658051.790,1159426.653,109.9,1,658051.359,1159428.035,10.48526133,76.44418417,0.365,-0.027,0.0,0.0,0.0,0.0,0,0,RTK FIXED
6.118,062952.60,10.48525200,76.44418700,10.48525200,76.44418700,658051.790,1159426.653,107.90,658051.790,1159426.653,109.9,1,658051.359,1159428.035,10.48526133,76.44418417,0.365,-0.027,0.0,0.0,0.0,0.0,0,0,RTK FIXED
6.171,062952.60,10.48525200,76.44418700,10.48525200,76.44418700,658051.790,1159426.653,107.90,658051.790,1159426.653,109.9,1,658051.359,1159428.035,10.48526133,76.44418417,0.365,-0.027,0.0,0.0,0.0,0.0,0,0,RTK FIXED
6.218,062952.60,10.48525200,76.44418700,10.48525200,76.44418700,658051.790,1159426.653,107.90,658051.790,1159426.653,109.9,1,658051.359,1159428.035,10.48526133,76.44418417,0.365,-0.027,0.0,0.0,0.0,0.0,0,0,RTK FIXED
6.271,062952.60,10.48525200,76.44418700,10.48525200,76.44418700,658051.790,1159426.653,107.90,658051.790,1159426.653,109.9,1,658051.359,1159428.035,10.48526133,76.44418417,0.365,-0.027,0.0,0.0,0.0,0.0,0,0,RTK FIXED
6.318,062952.80,10.48525200,76.44418700,10.48525200,76.44418700,658051.790,1159426.653,107.90,658051.790,1159426.653,109.9,1,658051.359,1159428.035,10.48526133,76.44418417,0.365,-0.027,0.0,0.0,0.0,0.0,0,0,RTK FIXED
6.371,062952.80,10.48525200,76.44418700,10.48525200,76.44418700,658051.790,1159426.653,107.90,658051.790,1159426.653,109.9,1,658051.359,1159428.035,10.48526133,76.44418417,0.365,-0.027,0.0,0.0,0.0,0.0,0,0,RTK FIXED
6.425,062952.80,10.48525200,76.44418700,10.48525200,76.44418700,658051.790,1159426.653,107.90,658051.790,1159426.653,109.9,1,658051.359,1159428.035,10.48526133,76.44418417,0.365,-0.027,0.0,0.0,0.0,0.0,0,0,RTK FIXED
6.471,062952.80,10.48525200,76.44418700,10.48525200,76.44418700,658051.790,1159426.653,107.90,658051.790,1159426.653,109.9,1,658051.359,1159428.035,10.48526133,76.44418417,0.365,-0.027,0.0,0.0,0.0,0.0,0,0,RTK FIXED
6.526,062953.00,10.48525200,76.44418700,10.48525200,76.44418700,658051.790,1159426.653,107.90,658051.790,1159426.653,109.9,1,658051.359,1159428.035,10.48526133,76.44418417,0.365,-0.027,0.0,0.0,0.0,0.0,0,0,RTK FIXED
6.571,062953.00,10.48525200,76.44418700,10.48525200,76.44418700,658051.790,1159426.653,107.90,658051.790,1159426.653,109.9,1,658051.359,1159428.035,10.48526133,76.44418417,0.365,-0.027,0.0,0.0,0.0,0.0,0,0,RTK FIXED
6.626,062953.20,10.48525200,76.44418700,10.48525200,76.44418700,658051.790,1159426.653,107.90,658051.790,1159426.653,109.9,1,658051.359,1159428.035,10.48526133,76.44418417,0.365,-0.027,0.0,0.0,0.0,0.0,0,0,RTK FIXED
6.671,062953.20,10.48525200,76.44418700,10.48525200,76.44418700,658051.790,1159426.653,107.90,658051.790,1159426.653,109.9,1,658051.359,1159428.035,10.48526133,76.44418417,0.365,-0.027,0.0,0.0,0.0,0.0,0,0,RTK FIXED
6.726,062953.20,10.48525200,76.44418700,10.48525200,76.44418700,658051.790,1159426.653,107.90,658051.790,1159426.653,109.9,1,658051.359,1159428.035,10.48526133,76.44418417,0.365,-0.027,0.0,0.0,0.0,0.0,0,0,RTK FIXED
6.772,062953.20,10.48525200,76.44418700,10.48525200,76.44418700,658051.790,1159426.653,107.90,658051.790,1159426.653,109.9,1,658051.359,1159428.035,10.48526133,76.44418417,0.365,-0.027,0.0,0.0,0.0,0.0,0,0,RTK FIXED
6.826,062953.40,10.48525200,76.44418700,10.48525200,76.44418700,658051.790,1159426.653,107.90,658051.790,1159426.653,109.9,1,658051.359,1159428.035,10.48526133,76.44418417,0.365,-0.027,0.0,0.0,0.0,0.0,0,0,RTK FIXED
6.879,062953.40,10.48525200,76.44418700,10.48525200,76.44418700,658051.790,1159426.653,107.90,658051.790,1159426.653,109.9,1,658051.359,1159428.035,10.48526133,76.44418417,0.365,-0.027,0.0,0.0,0.0,0.0,0,0,RTK FIXED
6.926,062953.40,10.48525200,76.44418700,10.48525200,76.44418700,658051.790,1159426.653,107.90,658051.790,1159426.653,109.9,1,658051.359,1159428.035,10.48526133,76.44418417,0.365,-0.027,0.0,0.0,0.0,0.0,0,0,RTK FIXED
6.980,062953.40,10.48525200,76.44418700,10.48525200,76.44418700,658051.790,1159426.653,107.90,658051.790,1159426.653,109.9,1,658051.359,1159428.035,10.48526133,76.44418417,0.365,-0.027,0.0,0.0,0.0,0.0,0,0,RTK FIXED
7.026,062953.40,10.48525200,76.44418700,10.48525200,76.44418700,658051.790,1159426.653,107.90,658051.790,1159426.653,109.9,1,658051.359,1159428.035,10.48526133,76.44418417,0.365,-0.027,0.0,0.0,0.0,0.0,0,0,RTK FIXED
7.080,062953.60,10.48525200,76.44418700,10.48525200,76.44418700,658051.790,1159426.653,107.90,658051.790,1159426.653,109.9,1,658051.359,1159428.035,10.48526133,76.44418417,0.365,-0.027,0.0,0.0,0.0,0.0,0,0,RTK FIXED
7.126,062953.60,10.48525200,76.44418700,10.48525200,76.44418700,658051.790,1159426.653,107.90,658051.790,1159426.653,109.9,1,658051.359,1159428.035,10.48526133,76.44418417,0.365,-0.027,0.0,0.0,0.0,0.0,0,0,RTK FIXED
7.180,062953.60,10.48525200,76.44418700,10.48525200,76.44418700,658051.790,1159426.653,107.90,658051.790,1159426.653,109.9,1,658051.359,1159428.035,10.48526133,76.44418417,0.365,-0.027,0.0,0.0,0.0,0.0,0,0,RTK FIXED
7.226,062953.60,10.48525200,76.44418700,10.48525200,76.44418700,658051.790,1159426.653,107.90,658051.790,1159426.653,109.9,1,658051.359,1159428.035,10.48526133,76.44418417,0.365,-0.027,0.0,0.0,0.0,0.0,0,0,RTK FIXED
7.282,062953.80,10.48525200,76.44418700,10.48525200,76.44418700,658051.790,1159426.653,107.90,658051.790,1159426.653,109.9,1,658051.359,1159428.035,10.48526133,76.44418417,0.365,-0.027,0.0,0.0,0.0,0.0,0,0,RTK FIXED
7.326,062953.80,10.48525200,76.44418700,10.48525200,76.44418700,658051.790,1159426.653,107.90,658051.790,1159426.653,109.9,1,658051.359,1159428.035,10.48526133,76.44418417,0.365,-0.027,0.0,0.0,0.0,0.0,0,0,RTK FIXED
7.380,062953.80,10.48525200,76.44418700,10.48525200,76.44418700,658051.790,1159426.653,107.90,658051.790,1159426.653,109.9,1,658051.359,1159428.035,10.48526133,76.44418417,0.365,-0.027,0.0,0.0,0.0,0.0,0,0,RTK FIXED
7.434,062953.80,10.48525200,76.44418700,10.48525200,76.44418700,658051.790,1159426.653,107.90,658051.790,1159426.653,109.9,1,658051.359,1159428.035,10.48526133,76.44418417,0.365,-0.027,0.0,0.0,0.0,0.0,0,0,RTK FIXED
7.480,062953.80,10.48525200,76.44418700,10.48525200,76.44418700,658051.790,1159426.653,107.90,658051.790,1159426.653,109.9,1,658051.359,1159428.035,10.48526133,76.44418417,0.365,-0.027,0.0,0.0,0.0,0.0,0,0,RTK FIXED
7.534,062954.00,10.48525200,76.44418700,10.48525200,76.44418700,658051.790,1159426.653,107.90,658051.790,1159426.653,109.9,1,658051.359,1159428.035,10.48526133,76.44418417,0.365,-0.027,0.0,0.0,0.0,0.0,0,0,RTK FIXED
7.580,062954.00,10.48525200,76.44418700,10.48525200,76.44418700,658051.790,1159426.653,107.90,658051.790,1159426.653,109.9,1,658051.359,1159428.035,10.48526133,76.44418417,0.365,-0.027,0.0,0.0,0.0,0.0,0,0,RTK FIXED
7.634,062954.20,10.48525200,76.44418700,10.48525200,76.44418700,658051.790,1159426.653,107.90,658051.790,1159426.653,109.9,1,658051.359,1159428.035,10.48526133,76.44418417,0.365,-0.027,0.0,0.0,0.0,0.0,0,0,RTK FIXED
7.680,062954.20,10.48525200,76.44418700,10.48525200,76.44418700,658051.790,1159426.653,107.90,658051.790,1159426.653,109.9,1,658051.359,1159428.035,10.48526133,76.44418417,0.365,-0.027,0.0,0.0,0.0,0.0,0,0,RTK FIXED
7.734,062954.20,10.48525200,76.44418700,10.48525200,76.44418700,658051.790,1159426.653,107.90,658051.790,1159426.653,109.9,1,658051.359,1159428.035,10.48526133,76.44418417,0.365,-0.027,0.0,0.0,0.0,0.0,0,0,RTK FIXED
7.781,062954.40,10.48525200,76.44418700,10.48525200,76.44418700,658051.790,1159426.653,107.90,658051.790,1159426.653,109.9,1,658051.359,1159428.035,10.48526133,76.44418417,0.365,-0.027,0.0,0.0,0.0,0.0,0,0,RTK FIXED
7.834,062954.40,10.48525200,76.44418700,10.48525200,76.44418700,658051.790,1159426.653,107.90,658051.790,1159426.653,109.9,1,658051.359,1159428.035,10.48526133,76.44418417,0.365,-0.027,0.0,0.0,0.0,0.0,0,0,RTK FIXED
7.881,062954.40,10.48525200,76.44418700,10.48525200,76.44418700,658051.790,1159426.653,107.90,658051.790,1159426.653,109.9,1,658051.359,1159428.035,10.48526133,76.44418417,0.365,-0.027,0.0,0.0,0.0,0.0,0,0,RTK FIXED
7.934,062954.40,10.48525200,76.44418700,10.48525200,76.44418700,658051.790,1159426.653,107.90,658051.790,1159426.653,109.9,1,658051.359,1159428.035,10.48526133,76.44418417,0.365,-0.027,0.0,0.0,0.0,0.0,0,0,RTK FIXED
7.988,062954.40,10.48525200,76.44418700,10.48525200,76.44418700,658051.790,1159426.653,107.90,658051.790,1159426.653,109.9,1,658051.359,1159428.035,10.48526133,76.44418417,0.365,-0.027,0.0,0.0,0.0,0.0,0,0,RTK FIXED
8.034,062954.40,10.48525200,76.44418700,10.48525200,76.44418700,658051.790,1159426.653,107.90,658051.790,1159426.653,109.9,1,658051.359,1159428.035,10.48526133,76.44418417,0.365,-0.027,0.0,0.0,0.0,0.0,0,0,RTK FIXED
8.089,062954.60,10.48525200,76.44418700,10.48525200,76.44418700,658051.790,1159426.653,107.90,658051.790,1159426.653,109.9,1,658051.359,1159428.035,10.48526133,76.44418417,0.365,-0.027,0.0,0.0,0.0,0.0,0,0,RTK FIXED
8.134,062954.60,10.48525200,76.44418700,10.48525200,76.44418700,658051.790,1159426.653,107.90,658051.790,1159426.653,109.9,1,658051.359,1159428.035,10.48526133,76.44418417,0.365,-0.027,0.0,0.0,0.0,0.0,0,0,RTK FIXED
8.189,062954.60,10.48525200,76.44418700,10.48525200,76.44418700,658051.790,1159426.653,107.90,658051.790,1159426.653,109.9,1,658051.359,1159428.035,10.48526133,76.44418417,0.365,-0.027,0.0,0.0,0.0,0.0,0,0,RTK FIXED
8.235,062954.60,10.48525200,76.44418700,10.48525200,76.44418700,658051.790,1159426.653,107.90,658051.790,1159426.653,109.9,1,658051.359,1159428.035,10.48526133,76.44418417,0.365,-0.027,0.0,0.0,0.0,0.0,0,0,RTK FIXED
8.289,062954.80,10.48525200,76.44418700,10.48525200,76.44418700,658051.790,1159426.653,107.90,658051.790,1159426.653,109.9,1,658051.359,1159428.035,10.48526133,76.44418417,0.365,-0.027,0.0,0.0,0.0,0.0,0,0,RTK FIXED
8.335,062954.80,10.48525200,76.44418700,10.48525200,76.44418700,658051.790,1159426.653,107.90,658051.790,1159426.653,109.9,1,658051.359,1159428.035,10.48526133,76.44418417,0.365,-0.027,0.0,0.0,0.0,0.0,0,0,RTK FIXED
8.389,062954.80,10.48525200,76.44418700,10.48525200,76.44418700,658051.790,1159426.653,107.90,658051.790,1159426.653,109.9,1,658051.359,1159428.035,10.48526133,76.44418417,0.365,-0.027,0.0,0.0,0.0,0.0,0,0,RTK FIXED
8.443,062954.80,10.48525200,76.44418700,10.48525200,76.44418700,658051.790,1159426.653,107.90,658051.790,1159426.653,109.9,1,658051.359,1159428.035,10.48526133,76.44418417,0.365,-0.027,0.0,0.0,0.0,0.0,0,0,RTK FIXED
8.489,062955.00,10.48525200,76.44418700,10.48525200,76.44418700,658051.790,1159426.653,107.90,658051.790,1159426.653,109.9,1,658051.359,1159428.035,10.48526133,76.44418417,0.365,-0.027,0.0,0.0,0.0,0.0,0,0,RTK FIXED
8.543,062955.00,10.48525200,76.44418700,10.48525200,76.44418700,658051.790,1159426.653,107.90,658051.790,1159426.653,109.9,1,658051.359,1159428.035,10.48526133,76.44418417,0.365,-0.027,0.0,0.0,0.0,0.0,0,0,RTK FIXED
8.590,062955.20,10.48525200,76.44418700,10.48525200,76.44418700,658051.790,1159426.653,107.90,658051.790,1159426.653,109.9,1,658051.359,1159428.035,10.48526133,76.44418417,0.365,-0.027,0.0,0.0,0.0,0.0,0,0,RTK FIXED
8.643,062955.20,10.48525200,76.44418700,10.48525200,76.44418700,658051.790,1159426.653,107.90,658051.790,1159426.653,109.9,1,658051.359,1159428.035,10.48526133,76.44418417,0.365,-0.027,0.0,0.0,0.0,0.0,0,0,RTK FIXED
8.689,062955.20,10.48525200,76.44418700,10.48525200,76.44418700,658051.790,1159426.653,107.90,658051.790,1159426.653,109.9,1,658051.359,1159428.035,10.48526133,76.44418417,0.365,-0.027,0.0,0.0,0.0,0.0,0,0,RTK FIXED
8.743,062955.20,10.48525200,76.44418700,10.48525200,76.44418700,658051.790,1159426.653,107.90,658051.790,1159426.653,109.9,1,658051.359,1159428.035,10.48526133,76.44418417,0.365,-0.027,0.0,0.0,0.0,0.0,0,0,RTK FIXED
8.790,062955.40,10.48525200,76.44418700,10.48525200,76.44418700,658051.790,1159426.653,107.90,658051.790,1159426.653,109.9,1,658051.359,1159428.035,10.48526133,76.44418417,0.365,-0.027,0.0,0.0,0.0,0.0,0,0,RTK FIXED
8.843,062955.40,10.48525200,76.44418700,10.48525200,76.44418700,658051.790,1159426.653,107.90,658051.790,1159426.653,109.9,1,658051.359,1159428.035,10.48526133,76.44418417,0.365,-0.027,0.0,0.0,0.0,0.0,0,0,RTK FIXED
8.898,062955.40,10.48525200,76.44418700,10.48525200,76.44418700,658051.790,1159426.653,107.90,658051.790,1159426.653,109.9,1,658051.359,1159428.035,10.48526133,76.44418417,0.365,-0.027,0.0,0.0,0.0,0.0,0,0,RTK FIXED
8.943,062955.40,10.48525200,76.44418700,10.48525200,76.44418700,658051.790,1159426.653,107.90,658051.790,1159426.653,109.9,1,658051.359,1159428.035,10.48526133,76.44418417,0.365,-0.027,0.0,0.0,0.0,0.0,0,0,RTK FIXED
8.997,062955.40,10.48525200,76.44418700,10.48525200,76.44418700,658051.790,1159426.653,107.90,658051.790,1159426.653,109.9,1,658051.359,1159428.035,10.48526133,76.44418417,0.365,-0.027,0.0,0.0,0.0,0.0,0,0,RTK FIXED
9.043,062955.40,10.48525200,76.44418700,10.48525200,76.44418700,658051.790,1159426.653,107.90,658051.790,1159426.653,109.9,1,658051.359,1159428.035,10.48526133,76.44418417,0.365,-0.027,0.0,0.0,0.0,0.0,0,0,RTK FIXED
9.098,062955.60,10.48525200,76.44418700,10.48525200,76.44418700,658051.790,1159426.653,107.90,658051.790,1159426.653,109.9,1,658051.359,1159428.035,10.48526133,76.44418417,0.365,-0.027,0.0,0.0,0.0,0.0,0,0,RTK FIXED
9.143,062955.60,10.48525200,76.44418700,10.48525200,76.44418700,658051.790,1159426.653,107.90,658051.790,1159426.653,109.9,1,658051.359,1159428.035,10.48526133,76.44418417,0.365,-0.027,0.0,0.0,0.0,0.0,0,0,RTK FIXED
9.198,062955.60,10.48525200,76.44418700,10.48525200,76.44418700,658051.790,1159426.653,107.90,658051.790,1159426.653,109.9,1,658051.359,1159428.035,10.48526133,76.44418417,0.365,-0.027,0.0,0.0,0.0,0.0,0,0,RTK FIXED
9.243,062955.60,10.48525200,76.44418700,10.48525200,76.44418700,658051.790,1159426.653,107.90,658051.790,1159426.653,109.9,1,658051.359,1159428.035,10.48526133,76.44418417,0.365,-0.027,0.0,0.0,0.0,0.0,0,0,RTK FIXED
9.299,062955.80,10.48525200,76.44418700,10.48525200,76.44418700,658051.790,1159426.653,107.90,658051.790,1159426.653,109.9,1,658051.359,1159428.035,10.48526133,76.44418417,0.365,-0.027,0.0,0.0,0.0,0.0,0,0,RTK FIXED
9.344,062955.80,10.48525200,76.44418700,10.48525200,76.44418700,658051.790,1159426.653,107.90,658051.790,1159426.653,109.9,1,658051.359,1159428.035,10.48526133,76.44418417,0.365,-0.027,0.0,0.0,0.0,0.0,0,0,RTK FIXED
9.398,062955.80,10.48525200,76.44418700,10.48525200,76.44418700,658051.790,1159426.653,107.90,658051.790,1159426.653,109.9,1,658051.359,1159428.035,10.48526133,76.44418417,0.365,-0.027,0.0,0.0,0.0,0.0,0,0,RTK FIXED
9.443,062955.80,10.48525200,76.44418700,10.48525200,76.44418700,658051.790,1159426.653,107.90,658051.790,1159426.653,109.9,1,658051.359,1159428.035,10.48526133,76.44418417,0.365,-0.027,0.0,0.0,0.0,0.0,0,0,RTK FIXED
9.498,062956.00,10.48525200,76.44418700,10.48525200,76.44418700,658051.790,1159426.653,107.90,658051.790,1159426.653,109.9,1,658051.359,1159428.035,10.48526133,76.44418417,0.365,-0.027,0.0,0.0,0.0,0.0,0,0,RTK FIXED
9.551,062956.00,10.48525200,76.44418700,10.48525200,76.44418700,658051.790,1159426.653,107.90,658051.790,1159426.653,109.9,1,658051.359,1159428.035,10.48526133,76.44418417,0.365,-0.027,0.0,0.0,0.0,0.0,0,0,RTK FIXED
9.598,062956.00,10.48525200,76.44418700,10.48525200,76.44418700,658051.790,1159426.653,107.90,658051.790,1159426.653,109.9,1,658051.359,1159428.035,10.48526133,76.44418417,0.365,-0.027,0.0,0.0,0.0,0.0,0,0,RTK FIXED
9.652,062956.20,10.48525200,76.44418700,10.48525200,76.44418700,658051.790,1159426.653,107.90,658051.790,1159426.653,109.9,1,658051.359,1159428.035,10.48526133,76.44418417,0.365,-0.027,0.0,0.0,0.0,0.0,0,0,RTK FIXED
9.702,062956.20,10.48525200,76.44418700,10.48525200,76.44418700,658051.790,1159426.653,107.90,658051.790,1159426.653,109.9,1,658051.359,1159428.035,10.48526133,76.44418417,0.365,-0.027,0.0,0.0,0.0,0.0,0,0,RTK FIXED
9.752,062956.20,10.48525200,76.44418700,10.48525200,76.44418700,658051.790,1159426.653,107.90,658051.790,1159426.653,109.9,1,658051.359,1159428.035,10.48526133,76.44418417,0.365,-0.027,0.0,0.0,0.0,0.0,0,0,RTK FIXED
9.798,062956.40,10.48525200,76.44418700,10.48525200,76.44418700,658051.790,1159426.653,107.90,658051.790,1159426.653,109.9,1,658051.359,1159428.035,10.48526133,76.44418417,0.365,-0.027,0.0,0.0,0.0,0.0,0,0,RTK FIXED
9.852,062956.40,10.48525200,76.44418700,10.48525200,76.44418700,658051.790,1159426.653,107.90,658051.790,1159426.653,109.9,1,658051.359,1159428.035,10.48526133,76.44418417,0.365,-0.027,0.0,0.0,0.0,0.0,0,0,RTK FIXED
9.898,062956.40,10.48525200,76.44418700,10.48525200,76.44418700,658051.790,1159426.653,107.90,658051.790,1159426.653,109.9,1,658051.359,1159428.035,10.48526133,76.44418417,0.365,-0.027,0.0,0.0,0.0,0.0,0,0,RTK FIXED
9.952,062956.40,10.48525200,76.44418700,10.48525200,76.44418700,658051.790,1159426.653,107.90,658051.790,1159426.653,109.9,1,658051.359,1159428.035,10.48526133,76.44418417,0.365,-0.027,0.0,0.0,0.0,0.0,0,0,RTK FIXED
10.006,062956.40,10.48525200,76.44418700,10.48525200,76.44418700,658051.790,1159426.653,107.90,658051.790,1159426.653,109.9,1,658051.359,1159428.035,10.48526133,76.44418417,0.365,-0.027,0.0,0.0,0.0,0.0,0,0,RTK FIXED
10.052,062956.40,10.48525200,76.44418700,10.48525200,76.44418700,658051.790,1159426.653,107.90,658051.790,1159426.653,109.9,1,658051.359,1159428.035,10.48526133,76.44418417,0.365,-0.027,0.0,0.0,0.0,0.0,0,0,RTK FIXED
10.106,062956.60,10.48525200,76.44418700,10.48525200,76.44418700,658051.790,1159426.653,107.90,658051.790,1159426.653,109.9,1,658051.359,1159428.035,10.48526133,76.44418417,0.365,-0.027,0.0,0.0,0.0,0.0,0,0,RTK FIXED
10.152,062956.60,10.48525200,76.44418700,10.48525200,76.44418700,658051.790,1159426.653,107.90,658051.790,1159426.653,109.9,1,658051.359,1159428.035,10.48526133,76.44418417,0.365,-0.027,0.0,0.0,0.0,0.0,0,0,RTK FIXED
10.206,062956.60,10.48525200,76.44418700,10.48525200,76.44418700,658051.790,1159426.653,107.90,658051.790,1159426.653,109.9,1,658051.359,1159428.035,10.48526133,76.44418417,0.365,-0.027,0.0,0.0,0.0,0.0,0,0,RTK FIXED
10.252,062956.60,10.48525200,76.44418700,10.48525200,76.44418700,658051.790,1159426.653,107.90,658051.790,1159426.653,109.9,1,658051.359,1159428.035,10.48526133,76.44418417,0.365,-0.027,0.0,0.0,0.0,0.0,0,0,RTK FIXED
10.306,062956.80,10.48525200,76.44418700,10.48525200,76.44418700,658051.790,1159426.653,107.90,658051.790,1159426.653,109.9,1,658051.359,1159428.035,10.48526133,76.44418417,0.365,-0.027,0.0,0.0,0.0,0.0,0,0,RTK FIXED
10.352,062956.80,10.48525200,76.44418700,10.48525200,76.44418700,658051.790,1159426.653,107.90,658051.790,1159426.653,109.9,1,658051.359,1159428.035,10.48526133,76.44418417,0.365,-0.027,0.0,0.0,0.0,0.0,0,0,RTK FIXED
10.406,062956.80,10.48525200,76.44418700,10.48525200,76.44418700,658051.790,1159426.653,107.90,658051.790,1159426.653,109.9,1,658051.359,1159428.035,10.48526133,76.44418417,0.365,-0.027,0.0,0.0,0.0,0.0,0,0,RTK FIXED
10.453,062957.00,10.48525200,76.44418700,10.48525200,76.44418700,658051.790,1159426.653,107.90,658051.790,1159426.653,109.9,1,658051.359,1159428.035,10.48526133,76.44418417,0.365,-0.027,0.0,0.0,0.0,0.0,0,0,RTK FIXED
10.507,062957.00,10.48525200,76.44418700,10.48525200,76.44418700,658051.790,1159426.653,107.90,658051.790,1159426.653,109.9,1,658051.359,1159428.035,10.48526133,76.44418417,0.365,-0.027,0.0,0.0,0.0,0.0,0,0,RTK FIXED
10.561,062957.00,10.48525200,76.44418700,10.48525200,76.44418700,658051.790,1159426.653,107.90,658051.790,1159426.653,109.9,1,658051.359,1159428.035,10.48526133,76.44418417,0.365,-0.027,0.0,0.0,0.0,0.0,0,0,RTK FIXED
10.607,062957.20,10.48525200,76.44418700,10.48525200,76.44418700,658051.790,1159426.653,107.90,658051.790,1159426.653,109.9,1,658051.359,1159428.035,10.48526133,76.44418417,0.365,-0.027,0.0,0.0,0.0,0.0,0,0,RTK FIXED
10.660,062957.20,10.48525200,76.44418700,10.48525200,76.44418700,658051.790,1159426.653,107.90,658051.790,1159426.653,109.9,1,658051.359,1159428.035,10.48526133,76.44418417,0.365,-0.027,0.0,0.0,0.0,0.0,0,0,RTK FIXED
10.706,062957.20,10.48525200,76.44418700,10.48525200,76.44418700,658051.790,1159426.653,107.90,658051.790,1159426.653,109.9,1,658051.359,1159428.035,10.48526133,76.44418417,0.365,-0.027,0.0,0.0,0.0,0.0,0,0,RTK FIXED
10.760,062957.20,10.48525200,76.44418700,10.48525200,76.44418700,658051.790,1159426.653,107.90,658051.790,1159426.653,109.9,1,658051.359,1159428.035,10.48526133,76.44418417,0.365,-0.027,0.0,0.0,0.0,0.0,0,0,RTK FIXED
10.807,062957.40,10.48525200,76.44418700,10.48525200,76.44418700,658051.790,1159426.653,107.90,658051.790,1159426.653,109.9,1,658051.359,1159428.035,10.48526133,76.44418417,0.365,-0.027,0.0,0.0,0.0,0.0,0,0,RTK FIXED
10.860,062957.40,10.48525200,76.44418700,10.48525200,76.44418700,658051.790,1159426.653,107.90,658051.790,1159426.653,109.9,1,658051.359,1159428.035,10.48526133,76.44418417,0.365,-0.027,0.0,0.0,0.0,0.0,0,0,RTK FIXED
10.906,062957.40,10.48525200,76.44418700,10.48525200,76.44418700,658051.790,1159426.653,107.90,658051.790,1159426.653,109.9,1,658051.359,1159428.035,10.48526133,76.44418417,0.365,-0.027,0.0,0.0,0.0,0.0,0,0,RTK FIXED
10.961,062957.40,10.48525200,76.44418700,10.48525200,76.44418700,658051.790,1159426.653,107.90,658051.790,1159426.653,109.9,1,658051.359,1159428.035,10.48526133,76.44418417,0.365,-0.027,0.0,0.0,0.0,0.0,0,0,RTK FIXED
11.007,062957.60,10.48525200,76.44418700,10.48525200,76.44418700,658051.790,1159426.653,107.90,658051.790,1159426.653,109.9,1,658051.359,1159428.035,10.48526133,76.44418417,0.365,-0.027,0.0,0.0,0.0,0.0,0,0,RTK FIXED
11.061,062957.60,10.48525200,76.44418700,10.48525200,76.44418700,658051.790,1159426.653,107.90,658051.790,1159426.653,109.9,1,658051.359,1159428.035,10.48526133,76.44418417,0.365,-0.027,0.0,0.0,0.0,0.0,0,0,RTK FIXED
11.114,062957.60,10.48525200,76.44418700,10.48525200,76.44418700,658051.790,1159426.653,107.90,658051.790,1159426.653,109.9,1,658051.359,1159428.035,10.48526133,76.44418417,0.365,-0.027,0.0,0.0,0.0,0.0,0,0,RTK FIXED
11.161,062957.60,10.48525200,76.44418700,10.48525200,76.44418700,658051.790,1159426.653,107.90,658051.790,1159426.653,109.9,1,658051.359,1159428.035,10.48526133,76.44418417,0.365,-0.027,0.0,0.0,0.0,0.0,0,0,RTK FIXED
11.214,062957.60,10.48525200,76.44418700,10.48525200,76.44418700,658051.790,1159426.653,107.90,658051.790,1159426.653,109.9,1,658051.359,1159428.035,10.48526133,76.44418417,0.365,-0.027,0.0,0.0,0.0,0.0,0,0,RTK FIXED
11.261,062957.60,10.48525200,76.44418700,10.48525200,76.44418700,658051.790,1159426.653,107.90,658051.790,1159426.653,109.9,1,658051.359,1159428.035,10.48526133,76.44418417,0.365,-0.027,0.0,0.0,0.0,0.0,0,0,RTK FIXED
11.315,062957.80,10.48525200,76.44418700,10.48525200,76.44418700,658051.790,1159426.653,107.90,658051.790,1159426.653,109.9,1,658051.359,1159428.035,10.48526133,76.44418417,0.365,-0.027,0.0,0.0,0.0,0.0,0,0,RTK FIXED
11.361,062957.80,10.48525200,76.44418700,10.48525200,76.44418700,658051.790,1159426.653,107.90,658051.790,1159426.653,109.9,1,658051.359,1159428.035,10.48526133,76.44418417,0.365,-0.027,0.0,0.0,0.0,0.0,0,0,RTK FIXED
11.415,062957.80,10.48525200,76.44418700,10.48525200,76.44418700,658051.790,1159426.653,107.90,658051.790,1159426.653,109.9,1,658051.359,1159428.035,10.48526133,76.44418417,0.365,-0.027,0.0,0.0,0.0,0.0,0,0,RTK FIXED
11.461,062957.80,10.48525200,76.44418700,10.48525200,76.44418700,658051.790,1159426.653,107.90,658051.790,1159426.653,109.9,1,658051.359,1159428.035,10.48526133,76.44418417,0.365,-0.027,0.0,0.0,0.0,0.0,0,0,RTK FIXED
11.515,062958.00,10.48525200,76.44418700,10.48525200,76.44418700,658051.790,1159426.653,107.90,658051.790,1159426.653,109.9,1,658051.359,1159428.035,10.48526133,76.44418417,0.365,-0.027,0.0,0.0,0.0,0.0,0,0,RTK FIXED
11.561,062958.00,10.48525200,76.44418700,10.48525200,76.44418700,658051.790,1159426.653,107.90,658051.790,1159426.653,109.9,1,658051.359,1159428.035,10.48526133,76.44418417,0.365,-0.027,0.0,0.0,0.0,0.0,0,0,RTK FIXED
11.617,062958.00,10.48525200,76.44418700,10.48525200,76.44418700,658051.790,1159426.653,107.90,658051.790,1159426.653,109.9,1,658051.359,1159428.035,10.48526133,76.44418417,0.365,-0.027,0.0,0.0,0.0,0.0,0,0,RTK FIXED
11.669,062958.20,10.48525200,76.44418700,10.48525200,76.44418700,658051.790,1159426.653,107.90,658051.790,1159426.653,109.9,1,658051.359,1159428.035,10.48526133,76.44418417,0.365,-0.027,0.0,0.0,0.0,0.0,0,0,RTK FIXED
11.719,062958.20,10.48525200,76.44418700,10.48525200,76.44418700,658051.790,1159426.653,107.90,658051.790,1159426.653,109.9,1,658051.359,1159428.035,10.48526133,76.44418417,0.365,-0.027,0.0,0.0,0.0,0.0,0,0,RTK FIXED
11.769,062958.20,10.48525200,76.44418700,10.48525200,76.44418700,658051.790,1159426.653,107.90,658051.790,1159426.653,109.9,1,658051.359,1159428.035,10.48526133,76.44418417,0.365,-0.027,0.0,0.0,0.0,0.0,0,0,RTK FIXED
11.816,062958.40,10.48525200,76.44418700,10.48525200,76.44418700,658051.790,1159426.653,107.90,658051.790,1159426.653,109.9,1,658051.359,1159428.035,10.48526133,76.44418417,0.365,-0.027,0.0,0.0,0.0,0.0,0,0,RTK FIXED
11.869,062958.40,10.48525200,76.44418700,10.48525200,76.44418700,658051.790,1159426.653,107.90,658051.790,1159426.653,109.9,1,658051.359,1159428.035,10.48526133,76.44418417,0.365,-0.027,0.0,0.0,0.0,0.0,0,0,RTK FIXED
11.915,062958.40,10.48525200,76.44418700,10.48525200,76.44418700,658051.790,1159426.653,107.90,658051.790,1159426.653,109.9,1,658051.359,1159428.035,10.48526133,76.44418417,0.365,-0.027,0.0,0.0,0.0,0.0,0,0,RTK FIXED
11.969,062958.40,10.48525200,76.44418700,10.48525200,76.44418700,658051.790,1159426.653,107.90,658051.790,1159426.653,109.9,1,658051.359,1159428.035,10.48526133,76.44418417,0.365,-0.027,0.0,0.0,0.0,0.0,0,0,RTK FIXED
12.015,062958.40,10.48525200,76.44418700,10.48525200,76.44418700,658051.790,1159426.653,107.90,658051.790,1159426.653,109.9,1,658051.359,1159428.035,10.48526133,76.44418417,0.365,-0.027,0.0,0.0,0.0,0.0,0,0,RTK FIXED
12.071,062958.40,10.48525200,76.44418700,10.48525200,76.44418700,658051.790,1159426.653,107.90,658051.790,1159426.653,109.9,1,658051.359,1159428.035,10.48526133,76.44418417,0.365,-0.027,0.0,0.0,0.0,0.0,0,0,RTK FIXED
12.116,062958.60,10.48525200,76.44418700,10.48525200,76.44418700,658051.790,1159426.653,107.90,658051.790,1159426.653,109.9,1,658051.359,1159428.035,10.48526133,76.44418417,0.365,-0.027,0.0,0.0,0.0,0.0,0,0,RTK FIXED
12.170,062958.60,10.48525200,76.44418700,10.48525200,76.44418700,658051.790,1159426.653,107.90,658051.790,1159426.653,109.9,1,658051.359,1159428.035,10.48526133,76.44418417,0.365,-0.027,0.0,0.0,0.0,0.0,0,0,RTK FIXED
12.223,062958.60,10.48525200,76.44418700,10.48525200,76.44418700,658051.790,1159426.653,107.90,658051.790,1159426.653,109.9,1,658051.359,1159428.035,10.48526133,76.44418417,0.365,-0.027,0.0,0.0,0.0,0.0,0,0,RTK FIXED
12.270,062958.60,10.48525200,76.44418700,10.48525200,76.44418700,658051.790,1159426.653,107.90,658051.790,1159426.653,109.9,1,658051.359,1159428.035,10.48526133,76.44418417,0.365,-0.027,0.0,0.0,0.0,0.0,0,0,RTK FIXED
12.324,062958.80,10.48525200,76.44418700,10.48525200,76.44418700,658051.790,1159426.653,107.90,658051.790,1159426.653,109.9,1,658051.359,1159428.035,10.48526133,76.44418417,0.365,-0.027,0.0,0.0,0.0,0.0,0,0,RTK FIXED
12.370,062958.80,10.48525200,76.44418700,10.48525200,76.44418700,658051.790,1159426.653,107.90,658051.790,1159426.653,109.9,1,658051.359,1159428.035,10.48526133,76.44418417,0.365,-0.027,0.0,0.0,0.0,0.0,0,0,RTK FIXED
12.424,062958.80,10.48525200,76.44418700,10.48525200,76.44418700,658051.790,1159426.653,107.90,658051.790,1159426.653,109.9,1,658051.359,1159428.035,10.48526133,76.44418417,0.365,-0.027,0.0,0.0,0.0,0.0,0,0,RTK FIXED
12.470,062958.80,10.48525200,76.44418700,10.48525200,76.44418700,658051.790,1159426.653,107.90,658051.790,1159426.653,109.9,1,658051.359,1159428.035,10.48526133,76.44418417,0.365,-0.027,0.0,0.0,0.0,0.0,0,0,RTK FIXED
12.524,062959.00,10.48525200,76.44418700,10.48525200,76.44418700,658051.790,1159426.653,107.90,658051.790,1159426.653,109.9,1,658051.359,1159428.035,10.48526133,76.44418417,0.365,-0.027,0.0,0.0,0.0,0.0,0,0,RTK FIXED
12.570,062959.00,10.48525200,76.44418700,10.48525200,76.44418700,658051.790,1159426.653,107.90,658051.790,1159426.653,109.9,1,658051.359,1159428.035,10.48526133,76.44418417,0.365,-0.027,0.0,0.0,0.0,0.0,0,0,RTK FIXED
12.624,062959.20,10.48525200,76.44418700,10.48525200,76.44418700,658051.790,1159426.653,107.90,658051.790,1159426.653,109.9,1,658051.359,1159428.035,10.48526133,76.44418417,0.365,-0.027,0.0,0.0,0.0,0.0,0,0,RTK FIXED
12.670,062959.20,10.48525200,76.44418700,10.48525200,76.44418700,658051.790,1159426.653,107.90,658051.790,1159426.653,109.9,1,658051.359,1159428.035,10.48526133,76.44418417,0.365,-0.027,0.0,0.0,0.0,0.0,0,0,RTK FIXED
12.724,062959.20,10.48525200,76.44418700,10.48525200,76.44418700,658051.790,1159426.653,107.90,658051.790,1159426.653,109.9,1,658051.359,1159428.035,10.48526133,76.44418417,0.365,-0.027,0.0,0.0,0.0,0.0,0,0,RTK FIXED
12.779,062959.40,10.48525200,76.44418700,10.48525200,76.44418700,658051.790,1159426.653,107.90,658051.790,1159426.653,109.9,1,658051.359,1159428.035,10.48526133,76.44418417,0.365,-0.027,0.0,0.0,0.0,0.0,0,0,RTK FIXED
12.824,062959.40,10.48525200,76.44418700,10.48525200,76.44418700,658051.790,1159426.653,107.90,658051.790,1159426.653,109.9,1,658051.359,1159428.035,10.48526133,76.44418417,0.365,-0.027,0.0,0.0,0.0,0.0,0,0,RTK FIXED
12.878,062959.40,10.48525200,76.44418700,10.48525200,76.44418700,658051.790,1159426.653,107.90,658051.790,1159426.653,109.9,1,658051.359,1159428.035,10.48526133,76.44418417,0.365,-0.027,0.0,0.0,0.0,0.0,0,0,RTK FIXED
12.924,062959.40,10.48525200,76.44418700,10.48525200,76.44418700,658051.790,1159426.653,107.90,658051.790,1159426.653,109.9,1,658051.359,1159428.035,10.48526133,76.44418417,0.365,-0.027,0.0,0.0,0.0,0.0,0,0,RTK FIXED
12.978,062959.40,10.48525200,76.44418700,10.48525200,76.44418700,658051.790,1159426.653,107.90,658051.790,1159426.653,109.9,1,658051.359,1159428.035,10.48526133,76.44418417,0.365,-0.027,0.0,0.0,0.0,0.0,0,0,RTK FIXED
13.024,062959.40,10.48525200,76.44418700,10.48525200,76.44418700,658051.790,1159426.653,107.90,658051.790,1159426.653,109.9,1,658051.359,1159428.035,10.48526133,76.44418417,0.365,-0.027,0.0,0.0,0.0,0.0,0,0,RTK FIXED
13.079,062959.40,10.48525200,76.44418700,10.48525200,76.44418700,658051.790,1159426.653,107.90,658051.790,1159426.653,109.9,1,658051.359,1159428.035,10.48526133,76.44418417,0.365,-0.027,0.0,0.0,0.0,0.0,0,0,RTK FIXED
13.125,062959.60,10.48525200,76.44418700,10.48525200,76.44418700,658051.790,1159426.653,107.90,658051.790,1159426.653,109.9,1,658051.359,1159428.035,10.48526133,76.44418417,0.365,-0.027,0.0,0.0,0.0,0.0,0,0,RTK FIXED
13.178,062959.60,10.48525200,76.44418700,10.48525200,76.44418700,658051.790,1159426.653,107.90,658051.790,1159426.653,109.9,1,658051.359,1159428.035,10.48526133,76.44418417,0.365,-0.027,0.0,0.0,0.0,0.0,0,0,RTK FIXED
13.224,062959.60,10.48525200,76.44418700,10.48525200,76.44418700,658051.790,1159426.653,107.90,658051.790,1159426.653,109.9,1,658051.359,1159428.035,10.48526133,76.44418417,0.365,-0.027,0.0,0.0,0.0,0.0,0,0,RTK FIXED
13.280,062959.60,10.48525200,76.44418700,10.48525200,76.44418700,658051.790,1159426.653,107.90,658051.790,1159426.653,109.9,1,658051.359,1159428.035,10.48526133,76.44418417,0.365,-0.027,0.0,0.0,0.0,0.0,0,0,RTK FIXED
13.333,062959.80,10.48525200,76.44418700,10.48525200,76.44418700,658051.790,1159426.653,107.90,658051.790,1159426.653,109.9,1,658051.359,1159428.035,10.48526133,76.44418417,0.365,-0.027,0.0,0.0,0.0,0.0,0,0,RTK FIXED
13.378,062959.80,10.48525200,76.44418700,10.48525200,76.44418700,658051.790,1159426.653,107.90,658051.790,1159426.653,109.9,1,658051.359,1159428.035,10.48526133,76.44418417,0.365,-0.027,0.0,0.0,0.0,0.0,0,0,RTK FIXED
13.433,062959.80,10.48525200,76.44418700,10.48525200,76.44418700,658051.790,1159426.653,107.90,658051.790,1159426.653,109.9,1,658051.359,1159428.035,10.48526133,76.44418417,0.365,-0.027,0.0,0.0,0.0,0.0,0,0,RTK FIXED
13.479,062959.80,10.48525200,76.44418700,10.48525200,76.44418700,658051.790,1159426.653,107.90,658051.790,1159426.653,109.9,1,658051.359,1159428.035,10.48526133,76.44418417,0.365,-0.027,0.0,0.0,0.0,0.0,0,0,RTK FIXED
13.533,063000.00,10.48525200,76.44418700,10.48525200,76.44418700,658051.790,1159426.653,107.90,658051.790,1159426.653,109.9,1,658051.359,1159428.035,10.48526133,76.44418417,0.365,-0.027,0.0,0.0,0.0,0.0,0,0,RTK FIXED
13.580,063000.20,10.48525200,76.44418700,10.48525200,76.44418700,658051.790,1159426.653,107.90,658051.790,1159426.653,109.9,1,658051.359,1159428.035,10.48526133,76.44418417,0.365,-0.027,0.0,0.0,0.0,0.0,0,0,RTK FIXED
13.632,063000.20,10.48525200,76.44418700,10.48525200,76.44418700,658051.790,1159426.653,107.90,658051.790,1159426.653,109.9,1,658051.359,1159428.035,10.48526133,76.44418417,0.365,-0.027,0.0,0.0,0.0,0.0,0,0,RTK FIXED
13.678,063000.20,10.48525200,76.44418700,10.48525200,76.44418700,658051.790,1159426.653,107.90,658051.790,1159426.653,109.9,1,658051.359,1159428.035,10.48526133,76.44418417,0.365,-0.027,0.0,0.0,0.0,0.0,0,0,RTK FIXED
13.737,063000.20,10.48525200,76.44418700,10.48525200,76.44418700,658051.790,1159426.653,107.90,658051.790,1159426.653,109.9,1,658051.359,1159428.035,10.48526133,76.44418417,0.365,-0.027,0.0,0.0,0.0,0.0,0,0,RTK FIXED
13.779,063000.40,10.48525200,76.44418700,10.48525200,76.44418700,658051.790,1159426.653,107.90,658051.790,1159426.653,109.9,1,658051.359,1159428.035,10.48526133,76.44418417,0.365,-0.027,0.0,0.0,0.0,0.0,0,0,RTK FIXED
13.833,063000.40,10.48525200,76.44418700,10.48525200,76.44418700,658051.790,1159426.653,107.90,658051.790,1159426.653,109.9,1,658051.359,1159428.035,10.48526133,76.44418417,0.365,-0.027,0.0,0.0,0.0,0.0,0,0,RTK FIXED
13.886,063000.40,10.48525200,76.44418700,10.48525200,76.44418700,658051.790,1159426.653,107.90,658051.790,1159426.653,109.9,1,658051.359,1159428.035,10.48526133,76.44418417,0.365,-0.027,0.0,0.0,0.0,0.0,0,0,RTK FIXED
13.933,063000.40,10.48525200,76.44418700,10.48525200,76.44418700,658051.790,1159426.653,107.90,658051.790,1159426.653,109.9,1,658051.359,1159428.035,10.48526133,76.44418417,0.365,-0.027,0.0,0.0,0.0,0.0,0,0,RTK FIXED
13.986,063000.40,10.48525200,76.44418700,10.48525200,76.44418700,658051.790,1159426.653,107.90,658051.790,1159426.653,109.9,1,658051.359,1159428.035,10.48526133,76.44418417,0.365,-0.027,0.0,0.0,0.0,0.0,0,0,RTK FIXED
14.033,063000.40,10.48525200,76.44418700,10.48525200,76.44418700,658051.790,1159426.653,107.90,658051.790,1159426.653,109.9,1,658051.359,1159428.035,10.48526133,76.44418417,0.365,-0.027,0.0,0.0,0.0,0.0,0,0,RTK FIXED
14.087,063000.60,10.48525200,76.44418700,10.48525200,76.44418700,658051.790,1159426.653,107.90,658051.790,1159426.653,109.9,1,658051.359,1159428.035,10.48526133,76.44418417,0.365,-0.027,0.0,0.0,0.0,0.0,0,0,RTK FIXED
14.133,063000.60,10.48525200,76.44418700,10.48525200,76.44418700,658051.790,1159426.653,107.90,658051.790,1159426.653,109.9,1,658051.359,1159428.035,10.48526133,76.44418417,0.365,-0.027,0.0,0.0,0.0,0.0,0,0,RTK FIXED
14.187,063000.60,10.48525200,76.44418700,10.48525200,76.44418700,658051.790,1159426.653,107.90,658051.790,1159426.653,109.9,1,658051.359,1159428.035,10.48526133,76.44418417,0.365,-0.027,0.0,0.0,0.0,0.0,0,0,RTK FIXED
14.233,063000.60,10.48525200,76.44418700,10.48525200,76.44418700,658051.790,1159426.653,107.90,658051.790,1159426.653,109.9,1,658051.359,1159428.035,10.48526133,76.44418417,0.365,-0.027,0.0,0.0,0.0,0.0,0,0,RTK FIXED
14.287,063000.80,10.48525200,76.44418700,10.48525200,76.44418700,658051.790,1159426.653,107.90,658051.790,1159426.653,109.9,1,658051.359,1159428.035,10.48526133,76.44418417,0.365,-0.027,0.0,0.0,0.0,0.0,0,0,RTK FIXED
14.333,063000.80,10.48525200,76.44418700,10.48525200,76.44418700,658051.790,1159426.653,107.90,658051.790,1159426.653,109.9,1,658051.359,1159428.035,10.48526133,76.44418417,0.365,-0.027,0.0,0.0,0.0,0.0,0,0,RTK FIXED
14.387,063000.80,10.48525200,76.44418700,10.48525200,76.44418700,658051.790,1159426.653,107.90,658051.790,1159426.653,109.9,1,658051.359,1159428.035,10.48526133,76.44418417,0.365,-0.027,0.0,0.0,0.0,0.0,0,0,RTK FIXED
14.441,063000.80,10.48525200,76.44418700,10.48525200,76.44418700,658051.790,1159426.653,107.90,658051.790,1159426.653,109.9,1,658051.359,1159428.035,10.48526133,76.44418417,0.365,-0.027,0.0,0.0,0.0,0.0,0,0,RTK FIXED
14.487,063001.00,10.48525200,76.44418700,10.48525200,76.44418700,658051.790,1159426.653,107.90,658051.790,1159426.653,109.9,1,658051.359,1159428.035,10.48526133,76.44418417,0.365,-0.027,0.0,0.0,0.0,0.0,0,0,RTK FIXED
14.541,063001.00,10.48525200,76.44418700,10.48525200,76.44418700,658051.790,1159426.653,107.90,658051.790,1159426.653,109.9,1,658051.359,1159428.035,10.48526133,76.44418417,0.365,-0.027,0.0,0.0,0.0,0.0,0,0,RTK FIXED
14.587,063001.00,10.48525200,76.44418700,10.48525200,76.44418700,658051.790,1159426.653,107.90,658051.790,1159426.653,109.9,1,658051.359,1159428.035,10.48526133,76.44418417,0.365,-0.027,0.0,0.0,0.0,0.0,0,0,RTK FIXED
14.641,063001.00,10.48525200,76.44418700,10.48525200,76.44418700,658051.790,1159426.653,107.90,658051.790,1159426.653,109.9,1,658051.359,1159428.035,10.48526133,76.44418417,0.365,-0.027,0.0,0.0,0.0,0.0,0,0,RTK FIXED
14.688,063001.20,10.48525200,76.44418700,10.48525200,76.44418700,658051.790,1159426.653,107.90,658051.790,1159426.653,109.9,1,658051.359,1159428.035,10.48526133,76.44418417,0.365,-0.027,0.0,0.0,0.0,0.0,0,0,RTK FIXED
14.741,063001.20,10.48525200,76.44418700,10.48525200,76.44418700,658051.790,1159426.653,107.90,658051.790,1159426.653,109.9,1,658051.359,1159428.035,10.48526133,76.44418417,0.365,-0.027,0.0,0.0,0.0,0.0,0,0,RTK FIXED
14.787,063001.40,10.48525200,76.44418700,10.48525200,76.44418700,658051.790,1159426.653,107.90,658051.790,1159426.653,109.9,1,658051.359,1159428.035,10.48526133,76.44418417,0.365,-0.027,0.0,0.0,0.0,0.0,0,0,RTK FIXED
14.841,063001.40,10.48525200,76.44418700,10.48525200,76.44418700,658051.790,1159426.653,107.90,658051.790,1159426.653,109.9,1,658051.359,1159428.035,10.48526133,76.44418417,0.365,-0.027,0.0,0.0,0.0,0.0,0,0,RTK FIXED
14.895,063001.40,10.48525200,76.44418700,10.48525200,76.44418700,658051.790,1159426.653,107.90,658051.790,1159426.653,109.9,1,658051.359,1159428.035,10.48526133,76.44418417,0.365,-0.027,0.0,0.0,0.0,0.0,0,0,RTK FIXED
14.941,063001.40,10.48525200,76.44418700,10.48525200,76.44418700,658051.790,1159426.653,107.90,658051.790,1159426.653,109.9,1,658051.359,1159428.035,10.48526133,76.44418417,0.365,-0.027,0.0,0.0,0.0,0.0,0,0,RTK FIXED
14.996,063001.60,10.48525200,76.44418700,10.48525200,76.44418700,658051.790,1159426.653,107.90,658051.790,1159426.653,109.9,1,658051.359,1159428.035,10.48526133,76.44418417,0.365,-0.027,0.0,0.0,0.0,0.0,0,0,RTK FIXED
15.042,063001.60,10.48525200,76.44418700,10.48525200,76.44418700,658051.790,1159426.653,107.90,658051.790,1159426.653,109.9,1,658051.359,1159428.035,10.48526133,76.44418417,0.365,-0.027,0.0,0.0,0.0,0.0,0,0,RTK FIXED
15.096,063001.60,10.48525200,76.44418700,10.48525200,76.44418700,658051.790,1159426.653,107.90,658051.790,1159426.653,109.9,1,658051.359,1159428.035,10.48526133,76.44418417,0.365,-0.027,0.0,0.0,0.0,0.0,0,0,RTK FIXED
15.142,063001.60,10.48525200,76.44418700,10.48525200,76.44418700,658051.790,1159426.653,107.90,658051.790,1159426.653,109.9,1,658051.359,1159428.035,10.48526133,76.44418417,0.365,-0.027,0.0,0.0,0.0,0.0,0,0,RTK FIXED
15.195,063001.60,10.48525200,76.44418700,10.48525200,76.44418700,658051.790,1159426.653,107.90,658051.790,1159426.653,109.9,1,658051.359,1159428.035,10.48526133,76.44418417,0.365,-0.027,0.0,0.0,0.0,0.0,0,0,RTK FIXED
15.242,063001.60,10.48525200,76.44418700,10.48525200,76.44418700,658051.790,1159426.653,107.90,658051.790,1159426.653,109.9,1,658051.359,1159428.035,10.48526133,76.44418417,0.365,-0.027,0.0,0.0,0.0,0.0,0,0,RTK FIXED
15.296,063001.80,10.48525200,76.44418700,10.48525200,76.44418700,658051.790,1159426.653,107.90,658051.790,1159426.653,109.9,1,658051.359,1159428.035,10.48526133,76.44418417,0.365,-0.027,0.0,0.0,0.0,0.0,0,0,RTK FIXED
15.342,063001.80,10.48525200,76.44418700,10.48525200,76.44418700,658051.790,1159426.653,107.90,658051.790,1159426.653,109.9,1,658051.359,1159428.035,10.48526133,76.44418417,0.365,-0.027,0.0,0.0,0.0,0.0,0,0,RTK FIXED
15.396,063001.80,10.48525200,76.44418700,10.48525200,76.44418700,658051.790,1159426.653,107.90,658051.790,1159426.653,109.9,1,658051.359,1159428.035,10.48526133,76.44418417,0.365,-0.027,0.0,0.0,0.0,0.0,0,0,RTK FIXED
15.450,063001.80,10.48525200,76.44418700,10.48525200,76.44418700,658051.790,1159426.653,107.90,658051.790,1159426.653,109.9,1,658051.359,1159428.035,10.48526133,76.44418417,0.365,-0.027,0.0,0.0,0.0,0.0,0,0,RTK FIXED
15.496,063002.00,10.48525200,76.44418700,10.48525200,76.44418700,658051.790,1159426.653,107.90,658051.790,1159426.653,109.9,1,658051.359,1159428.035,10.48526133,76.44418417,0.365,-0.027,0.0,0.0,0.0,0.0,0,0,RTK FIXED
15.550,063002.00,10.48525200,76.44418700,10.48525200,76.44418700,658051.790,1159426.653,107.90,658051.790,1159426.653,109.9,1,658051.359,1159428.035,10.48526133,76.44418417,0.365,-0.027,0.0,0.0,0.0,0.0,0,0,RTK FIXED
15.596,063002.20,10.48525200,76.44418700,10.48525200,76.44418700,658051.790,1159426.653,107.90,658051.790,1159426.653,109.9,1,658051.359,1159428.035,10.48526133,76.44418417,0.365,-0.027,0.0,0.0,0.0,0.0,0,0,RTK FIXED
15.650,063002.20,10.48525200,76.44418700,10.48525200,76.44418700,658051.790,1159426.653,107.90,658051.790,1159426.653,109.9,1,658051.359,1159428.035,10.48526133,76.44418417,0.365,-0.027,0.0,0.0,0.0,0.0,0,0,RTK FIXED
15.696,063002.20,10.48525200,76.44418700,10.48525200,76.44418700,658051.790,1159426.653,107.90,658051.790,1159426.653,109.9,1,658051.359,1159428.035,10.48526133,76.44418417,0.365,-0.027,0.0,0.0,0.0,0.0,0,0,RTK FIXED
15.754,063002.20,10.48525200,76.44418700,10.48525200,76.44418700,658051.790,1159426.653,107.90,658051.790,1159426.653,109.9,1,658051.359,1159428.035,10.48526133,76.44418417,0.365,-0.027,0.0,0.0,0.0,0.0,0,0,RTK FIXED
15.797,063002.40,10.48525200,76.44418700,10.48525200,76.44418700,658051.790,1159426.653,107.90,658051.790,1159426.653,109.9,1,658051.359,1159428.035,10.48526133,76.44418417,0.365,-0.027,0.0,0.0,0.0,0.0,0,0,RTK FIXED
15.850,063002.40,10.48525200,76.44418700,10.48525200,76.44418700,658051.790,1159426.653,107.90,658051.790,1159426.653,109.9,1,658051.359,1159428.035,10.48526133,76.44418417,0.365,-0.027,0.0,0.0,0.0,0.0,0,0,RTK FIXED
15.896,063002.40,10.48525200,76.44418700,10.48525200,76.44418700,658051.790,1159426.653,107.90,658051.790,1159426.653,109.9,1,658051.359,1159428.035,10.48526133,76.44418417,0.365,-0.027,0.0,0.0,0.0,0.0,0,0,RTK FIXED
15.950,063002.40,10.48525200,76.44418700,10.48525200,76.44418700,658051.790,1159426.653,107.90,658051.790,1159426.653,109.9,1,658051.359,1159428.035,10.48526133,76.44418417,0.365,-0.027,0.0,0.0,0.0,0.0,0,0,RTK FIXED
16.005,063002.60,10.48525200,76.44418700,10.48525200,76.44418700,658051.790,1159426.653,107.90,658051.790,1159426.653,109.9,1,658051.359,1159428.035,10.48526133,76.44418417,0.365,-0.027,0.0,0.0,0.0,0.0,0,0,RTK FIXED
16.050,063002.60,10.48525200,76.44418700,10.48525200,76.44418700,658051.790,1159426.653,107.90,658051.790,1159426.653,109.9,1,658051.359,1159428.035,10.48526133,76.44418417,0.365,-0.027,0.0,0.0,0.0,0.0,0,0,RTK FIXED
16.104,063002.60,10.48525200,76.44418700,10.48525200,76.44418700,658051.790,1159426.653,107.90,658051.790,1159426.653,109.9,1,658051.359,1159428.035,10.48526133,76.44418417,0.365,-0.027,0.0,0.0,0.0,0.0,0,0,RTK FIXED
16.150,063002.60,10.48525200,76.44418700,10.48525200,76.44418700,658051.790,1159426.653,107.90,658051.790,1159426.653,109.9,1,658051.359,1159428.035,10.48526133,76.44418417,0.365,-0.027,0.0,0.0,0.0,0.0,0,0,RTK FIXED
16.204,063002.60,10.48525200,76.44418700,10.48525200,76.44418700,658051.790,1159426.653,107.90,658051.790,1159426.653,109.9,1,658051.359,1159428.035,10.48526133,76.44418417,0.365,-0.027,0.0,0.0,0.0,0.0,0,0,RTK FIXED
16.250,063002.60,10.48525200,76.44418700,10.48525200,76.44418700,658051.790,1159426.653,107.90,658051.790,1159426.653,109.9,1,658051.359,1159428.035,10.48526133,76.44418417,0.365,-0.027,0.0,0.0,0.0,0.0,0,0,RTK FIXED
16.305,063002.80,10.48525200,76.44418700,10.48525200,76.44418700,658051.790,1159426.653,107.90,658051.790,1159426.653,109.9,1,658051.359,1159428.035,10.48526133,76.44418417,0.365,-0.027,0.0,0.0,0.0,0.0,0,0,RTK FIXED
16.977,063003.40,10.48525200,76.44418700,10.48525200,76.44418700,658051.790,1159426.653,107.90,658051.790,1159426.653,107.3,1,658051.359,1159428.035,10.48526133,76.44418417,0.366,0.000,0.0,0.0,0.0,0.0,0,0,RTK FIXED
17.011,063003.40,10.48525200,76.44418700,10.48525200,76.44418700,658051.790,1159426.653,107.90,658051.790,1159426.653,107.3,1,658051.359,1159428.035,10.48526133,76.44418417,0.366,0.000,0.0,0.0,0.0,0.0,0,0,RTK FIXED
17.066,063003.40,10.48525200,76.44418700,10.48525200,76.44418700,658051.790,1159426.653,107.90,658051.790,1159426.653,107.3,1,658051.359,1159428.035,10.48526133,76.44418417,0.366,0.000,0.0,0.0,0.0,0.0,0,0,RTK FIXED
17.112,063003.60,10.48525200,76.44418700,10.48525200,76.44418700,658051.774,1159426.648,107.90,658051.784,1159426.651,107.3,1,658051.359,1159428.035,10.48526133,76.44418417,0.366,0.000,0.0,0.0,0.0,0.0,0,0,RTK FIXED
17.166,063003.60,10.48525200,76.44418700,10.48525200,76.44418700,658051.774,1159426.648,107.90,658051.780,1159426.650,107.3,1,658051.359,1159428.035,10.48526133,76.44418417,0.366,0.000,0.0,0.0,0.0,0.0,0,0,RTK FIXED
17.212,063003.60,10.48525200,76.44418700,10.48525200,76.44418700,658051.774,1159426.648,107.90,658051.777,1159426.649,107.3,1,658051.359,1159428.035,10.48526133,76.44418417,0.366,0.000,0.0,0.0,0.0,0.0,0,0,RTK FIXED
17.265,063003.60,10.48525200,76.44418700,10.48525200,76.44418700,658051.774,1159426.648,107.90,658051.776,1159426.648,107.3,1,658051.359,1159428.035,10.48526133,76.44418417,0.366,0.000,0.0,0.0,0.0,0.0,0,0,RTK FIXED
17.312,063003.80,10.48525200,76.44418700,10.48525200,76.44418700,658051.774,1159426.648,107.90,658051.775,1159426.648,107.3,1,658051.359,1159428.035,10.48526133,76.44418417,0.366,0.000,0.0,0.0,0.0,0.0,0,0,RTK FIXED
17.366,063003.80,10.48525200,76.44418700,10.48525200,76.44418700,658051.774,1159426.648,107.90,658051.775,1159426.648,107.3,1,658051.359,1159428.035,10.48526133,76.44418417,0.366,0.000,0.0,0.0,0.0,0.0,0,0,RTK FIXED
17.412,063003.80,10.48525200,76.44418700,10.48525200,76.44418700,658051.774,1159426.648,107.90,658051.774,1159426.648,107.3,1,658051.359,1159428.035,10.48526133,76.44418417,0.366,0.000,0.0,0.0,0.0,0.0,0,0,RTK FIXED
17.465,063003.80,10.48525200,76.44418700,10.48525200,76.44418700,658051.774,1159426.648,107.90,658051.774,1159426.648,107.3,1,658051.359,1159428.035,10.48526133,76.44418417,0.366,0.000,0.0,0.0,0.0,0.0,0,0,RTK FIXED
17.512,063004.00,10.48525200,76.44418700,10.48525200,76.44418700,658051.774,1159426.648,107.90,658051.774,1159426.648,107.3,1,658051.359,1159428.035,10.48526133,76.44418417,0.366,0.000,0.0,0.0,0.0,0.0,0,0,RTK FIXED
17.566,063004.00,10.48525200,76.44418700,10.48525200,76.44418700,658051.774,1159426.648,107.90,658051.774,1159426.648,107.3,1,658051.359,1159428.035,10.48526133,76.44418417,0.366,0.000,0.0,0.0,0.0,0.0,0,0,RTK FIXED
17.620,063004.00,10.48525200,76.44418700,10.48525200,76.44418700,658051.774,1159426.648,107.90,658051.774,1159426.648,107.3,1,658051.359,1159428.035,10.48526133,76.44418417,0.366,0.000,0.0,0.0,0.0,0.0,0,0,RTK FIXED
17.666,063004.00,10.48525200,76.44418700,10.48525200,76.44418700,658051.774,1159426.648,107.90,658051.774,1159426.648,107.3,1,658051.359,1159428.035,10.48526133,76.44418417,0.366,0.000,0.0,0.0,0.0,0.0,0,0,RTK FIXED
17.884,063004.20,10.48525200,76.44418700,10.48525200,76.44418700,658051.774,1159426.648,107.90,658051.774,1159426.648,135.8,1,658051.359,1159428.035,10.48526133,76.44418417,0.000,-0.329,5.4,-5.4,0.0,0.0,450,450,RTK FIXED
17.921,063004.40,10.48525200,76.44418700,10.48525200,76.44418700,658051.927,1159426.735,108.00,658051.835,1159426.683,134.9,1,658051.359,1159428.035,10.48526133,76.44418417,0.000,-0.382,6.3,-6.3,0.0,0.0,900,900,RTK FIXED
17.966,063004.40,10.48525200,76.44418700,10.48525200,76.44418700,658051.927,1159426.735,108.00,658051.872,1159426.703,133.8,1,658051.359,1159428.035,10.48526133,76.44418417,0.000,-0.382,6.3,-6.3,0.0,0.0,1280,1280,RTK FIXED
18.020,063004.40,10.48525200,76.44418700,10.48525200,76.44418700,658051.927,1159426.735,108.00,658051.894,1159426.716,132.7,1,658051.359,1159428.035,10.48526133,76.44418417,0.000,-0.382,6.3,-6.3,0.0,0.0,1280,1280,RTK FIXED
18.066,063004.40,10.48525200,76.44418700,10.48525200,76.44418700,658051.927,1159426.735,108.00,658051.907,1159426.723,131.6,1,658051.359,1159428.035,10.48526133,76.44418417,0.000,-0.382,6.3,-6.3,0.0,0.0,1280,1280,RTK FIXED
18.284,063004.60,10.48525200,76.44418700,10.48525200,76.44418700,658051.906,1159426.716,107.90,658051.907,1159426.720,99.9,1,658051.359,1159428.035,10.48526133,76.44418417,0.000,0.204,-3.3,3.3,-0.1,0.0,450,450,RTK FIXED
18.321,063004.80,10.48525200,76.44418700,10.48525200,76.44418700,658051.731,1159426.638,107.90,658051.836,1159426.688,100.5,1,658051.359,1159428.035,10.48526133,76.44418417,0.000,0.351,-5.7,5.7,0.0,0.0,900,900,RTK FIXED
18.367,063004.80,10.48525200,76.44418700,10.48525200,76.44418700,658051.731,1159426.638,107.90,658051.794,1159426.668,101.5,1,658051.359,1159428.035,10.48526133,76.44418417,0.000,0.351,-5.7,5.7,0.0,0.0,1176,1176,RTK FIXED
18.420,063004.80,10.48525200,76.44418700,10.48525200,76.44418700,658051.731,1159426.638,107.90,658051.769,1159426.656,102.5,1,658051.359,1159428.035,10.48526133,76.44418417,0.000,0.351,-5.7,5.7,0.0,0.0,1176,1176,RTK FIXED
18.467,063004.80,10.48525200,76.44418700,10.48525200,76.44418700,658051.731,1159426.638,107.90,658051.754,1159426.649,103.5,1,658051.359,1159428.035,10.48526133,76.44418417,0.000,0.351,-5.7,5.7,0.0,0.0,1176,1176,RTK FIXED
18.684,063005.00,10.48525200,76.44418700,10.48525200,76.44418700,658051.756,1159426.643,107.90,658051.755,1159426.647,134.6,1,658051.359,1159428.035,10.48526133,76.44418417,0.000,-0.215,3.5,-3.5,0.1,-0.2,450,450,RTK FIXED
18.721,063005.20,10.48525200,76.44418700,10.48525200,76.44418700,658051.923,1159426.731,107.90,658051.822,1159426.680,134.0,1,658051.359,1159428.035,10.48526133,76.44418417,0.000,-0.354,5.8,-5.8,0.0,0.7,900,900,RTK FIXED
18.767,063005.20,10.48525200,76.44418700,10.48525200,76.44418700,658051.923,1159426.731,107.90,658051.863,1159426.701,133.0,1,658051.359,1159428.035,10.48526133,76.44418417,0.000,-0.354,5.8,-5.8,0.0,0.0,1185,1185,RTK FIXED
18.985,063005.40,10.48525200,76.44418700,10.48525200,76.44418700,658051.913,1159426.722,107.90,658051.883,1159426.709,100.4,1,658051.359,1159428.035,10.48526133,76.44418417,0.000,0.212,-3.5,3.5,0.0,0.0,450,450,RTK FIXED
19.021,063005.40,10.48525200,76.44418700,10.48525200,76.44418700,658051.913,1159426.722,107.90,658051.895,1159426.714,101.0,1,658051.359,1159428.035,10.48526133,76.44418417,0.000,0.212,-3.5,3.5,0.0,0.0,900,900,RTK FIXED
19.067,063005.40,10.48525200,76.44418700,10.48525200,76.44418700,658051.913,1159426.722,107.90,658051.902,1159426.718,101.6,1,658051.359,1159428.035,10.48526133,76.44418417,0.000,0.212,-3.5,3.5,0.0,0.0,1100,1100,RTK FIXED
19.122,063005.60,10.48525200,76.44418700,10.48525200,76.44418700,658051.742,1159426.640,107.90,658051.838,1159426.687,102.2,1,658051.359,1159428.035,10.48526133,76.44418417,0.000,0.353,-5.8,5.8,0.0,0.0,1182,1182,RTK FIXED
19.168,063005.60,10.48525200,76.44418700,10.48525200,76.44418700,658051.742,1159426.640,107.90,658051.800,1159426.668,103.2,1,658051.359,1159428.035,10.48526133,76.44418417,0.000,0.353,-5.8,5.8,0.0,0.0,1182,1182,RTK FIXED
19.222,063005.60,10.48525200,76.44418700,10.48525200,76.44418700,658051.742,1159426.640,107.90,658051.777,1159426.657,104.2,1,658051.359,1159428.035,10.48526133,76.44418417,0.000,0.353,-5.8,5.8,0.0,0.0,1182,1182,RTK FIXED
19.267,063005.60,10.48525200,76.44418700,10.48525200,76.44418700,658051.742,1159426.640,107.90,658051.763,1159426.650,105.2,1,658051.359,1159428.035,10.48526133,76.44418417,0.000,0.353,-5.8,5.8,0.0,0.0,1182,1182,RTK FIXED
19.485,063005.80,10.48525200,76.44418700,10.48525200,76.44418700,658051.767,1159426.646,107.90,658051.765,1159426.649,136.6,1,658051.359,1159428.035,10.48526133,76.44418417,0.000,-0.228,3.7,-3.7,-0.1,0.0,450,450,RTK FIXED
19.522,063006.00,10.48525200,76.44418700,10.48525200,76.44418700,658051.932,1159426.739,107.90,658051.832,1159426.685,135.9,1,658051.359,1159428.035,10.48526133,76.44418417,0.000,-0.357,5.8,-5.8,0.0,0.0,900,900,RTK FIXED
19.567,063006.00,10.48525200,76.44418700,10.48525200,76.44418700,658051.932,1159426.739,107.90,658051.872,1159426.707,134.9,1,658051.359,1159428.035,10.48526133,76.44418417,0.000,-0.357,5.8,-5.8,0.0,0.0,1196,1196,RTK FIXED
19.785,063006.20,10.48525200,76.44418700,10.48525200,76.44418700,658051.923,1159426.730,107.90,658051.892,1159426.716,102.2,1,658051.359,1159428.035,10.48526133,76.44418417,0.000,0.211,-3.5,3.5,0.0,0.0,450,450,RTK FIXED
19.822,063006.40,10.48525200,76.44418700,10.48525200,76.44418700,658051.746,1159426.641,107.90,658051.834,1159426.686,102.8,1,658051.359,1159428.035,10.48526133,76.44418417,0.000,0.353,-5.8,5.8,0.0,0.0,900,900,RTK FIXED
19.868,063006.40,10.48525200,76.44418700,10.48525200,76.44418700,658051.746,1159426.641,107.90,658051.798,1159426.668,103.8,1,658051.359,1159428.035,10.48526133,76.44418417,0.000,0.353,-5.8,5.8,0.0,0.0,1182,1182,RTK FIXED
19.923,063006.40,10.48525200,76.44418700,10.48525200,76.44418700,658051.746,1159426.641,107.90,658051.777,1159426.657,104.8,1,658051.359,1159428.035,10.48526133,76.44418417,0.000,0.353,-5.8,5.8,0.0,0.0,1182,1182,RTK FIXED
19.968,063006.40,10.48525200,76.44418700,10.48525200,76.44418700,658051.746,1159426.641,107.90,658051.765,1159426.651,105.9,1,658051.359,1159428.035,10.48526133,76.44418417,0.000,0.353,-5.8,5.8,0.0,0.0,1182,1182,RTK FIXED
20.022,063006.40,10.48525200,76.44418700,10.48525200,76.44418700,658051.746,1159426.641,107.90,658051.757,1159426.647,106.9,1,658051.359,1159428.035,10.48526133,76.44418417,0.000,0.353,-5.8,5.8,0.0,0.0,1182,1182,RTK FIXED
20.069,063006.40,10.48525200,76.44418700,10.48525200,76.44418700,658051.746,1159426.641,107.90,658051.753,1159426.644,107.9,1,658051.359,1159428.035,10.48526133,76.44418417,0.000,0.353,-5.8,5.8,0.0,0.0,1182,1182,RTK FIXED
20.286,063006.60,10.48525200,76.44418700,10.48525200,76.44418700,658051.784,1159426.651,107.90,658051.765,1159426.647,139.0,1,658051.359,1159428.035,10.48526133,76.44418417,0.000,-0.245,4.0,-4.0,0.0,0.3,450,450,RTK FIXED
20.323,063006.80,10.48525200,76.44418700,10.48525200,76.44418700,658051.943,1159426.750,107.90,658051.836,1159426.688,138.3,1,658051.359,1159428.035,10.48526133,76.44418417,0.000,-0.361,5.9,-5.9,0.0,0.0,900,900,RTK FIXED
20.369,063006.80,10.48525200,76.44418700,10.48525200,76.44418700,658051.943,1159426.750,107.90,658051.879,1159426.713,137.2,1,658051.359,1159428.035,10.48526133,76.44418417,0.000,-0.361,5.9,-5.9,0.0,-0.5,1211,1211,RTK FIXED
20.422,063006.80,10.48525200,76.44418700,10.48525200,76.44418700,658051.943,1159426.750,107.90,658051.904,1159426.728,136.2,1,658051.359,1159428.035,10.48526133,76.44418417,0.000,-0.361,5.9,-5.9,0.0,0.5,1211,1211,RTK FIXED
20.469,063006.80,10.48525200,76.44418700,10.48525200,76.44418700,658051.943,1159426.750,107.90,658051.920,1159426.737,135.2,1,658051.359,1159428.035,10.48526133,76.44418417,0.000,-0.361,5.9,-5.9,0.0,0.0,1211,1211,RTK FIXED
20.686,063007.00,10.48525200,76.44418700,10.48525200,76.44418700,658051.924,1159426.731,107.90,658051.921,1159426.735,102.8,1,658051.359,1159428.035,10.48526133,76.44418417,0.000,0.210,-3.4,3.4,0.1,-0.1,450,450,RTK FIXED
20.723,063007.20,10.48525200,76.44418700,10.48525200,76.44418700,658051.749,1159426.642,107.90,658051.853,1159426.697,103.4,1,658051.359,1159428.035,10.48526133,76.44418417,0.000,0.352,-5.8,5.8,0.0,0.0,900,900,RTK FIXED
20.769,063007.20,10.48525200,76.44418700,10.48525200,76.44418700,658051.749,1159426.642,107.90,658051.811,1159426.675,104.4,1,658051.359,1159428.035,10.48526133,76.44418417,0.000,0.352,-5.8,5.8,0.0,0.0,1181,1181,RTK FIXED
20.986,063007.40,10.48525200,76.44418700,10.48525200,76.44418700,658051.762,1159426.645,107.90,658051.792,1159426.663,136.3,1,658051.359,1159428.035,10.48526133,76.44418417,0.000,-0.220,3.6,-3.6,0.0,0.0,450,450,RTK FIXED
21.023,063007.40,10.48525200,76.44418700,10.48525200,76.44418700,658051.762,1159426.645,107.90,658051.780,1159426.656,135.7,1,658051.359,1159428.035,10.48526133,76.44418417,0.000,-0.220,3.6,-3.6,0.0,0.0,900,900,RTK FIXED
21.071,063007.40,10.48525200,76.44418700,10.48525200,76.44418700,658051.762,1159426.645,107.90,658051.773,1159426.651,135.0,1,658051.359,1159428.035,10.48526133,76.44418417,0.000,-0.220,3.6,-3.6,0.0,0.0,1100,1100,RTK FIXED
21.123,063007.60,10.48525200,76.44418700,10.48525200,76.44418700,658051.925,1159426.733,107.90,658051.834,1159426.684,134.4,1,658051.359,1159428.035,10.48526133,76.44418417,0.000,-0.355,5.8,-5.8,0.0,0.0,1189,1189,RTK FIXED
21.170,063007.60,10.48525200,76.44418700,10.48525200,76.44418700,658051.925,1159426.733,107.90,658051.870,1159426.703,133.4,1,658051.359,1159428.035,10.48526133,76.44418417,0.000,-0.355,5.8,-5.8,0.0,0.0,1189,1189,RTK FIXED
21.223,063007.60,10.48525200,76.44418700,10.48525200,76.44418700,658051.925,1159426.733,107.90,658051.892,1159426.715,132.4,1,658051.359,1159428.035,10.48526133,76.44418417,0.000,-0.355,5.8,-5.8,0.0,0.0,1189,1189,RTK FIXED
21.270,063007.60,10.48525200,76.44418700,10.48525200,76.44418700,658051.925,1159426.733,107.90,658051.905,1159426.722,131.3,1,658051.359,1159428.035,10.48526133,76.44418417,0.000,-0.355,5.8,-5.8,0.0,0.0,1189,1189,RTK FIXED
21.324,063007.80,10.48525200,76.44418700,10.48525200,76.44418700,658051.905,1159426.715,107.90,658051.905,1159426.719,130.3,1,658051.359,1159428.035,10.48526133,76.44418417,0.000,-0.389,6.4,-6.4,0.0,0.0,1302,1302,RTK FIXED
21.370,063007.80,10.48525200,76.44418700,10.48525200,76.44418700,658051.905,1159426.715,107.90,658051.905,1159426.718,129.2,1,658051.359,1159428.035,10.48526133,76.44418417,0.000,-0.389,6.4,-6.4,0.0,0.0,1302,1302,RTK FIXED
21.423,063007.80,10.48525200,76.44418700,10.48525200,76.44418700,658051.905,1159426.715,107.90,658051.905,1159426.717,128.1,1,658051.359,1159428.035,10.48526133,76.44418417,0.000,-0.389,6.4,-6.4,-0.5,-0.5,1302,1302,RTK FIXED
21.470,063007.80,10.48525200,76.44418700,10.48525200,76.44418700,658051.905,1159426.715,107.90,658051.905,1159426.716,127.0,1,658051.359,1159428.035,10.48526133,76.44418417,0.000,-0.389,6.4,-6.4,0.0,0.5,1302,1302,RTK FIXED
21.524,063008.00,10.48525200,76.44418700,10.48525200,76.44418700,658051.882,1159426.698,107.90,658051.896,1159426.709,125.9,1,658051.359,1159428.035,10.48526133,76.44418417,0.000,-0.397,6.5,-6.5,0.0,0.0,1331,1331,RTK FIXED
21.578,063008.00,10.48525200,76.44418700,10.48525200,76.44418700,658051.882,1159426.698,107.90,658051.890,1159426.705,124.7,1,658051.359,1159428.035,10.48526133,76.44418417,0.000,-0.397,6.5,-6.5,0.5,-1.9,1331,1331,RTK FIXED
21.623,063008.00,10.48525200,76.44418700,10.48525200,76.44418700,658051.882,1159426.698,107.90,658051.887,1159426.702,123.6,1,658051.359,1159428.035,10.48526133,76.44418417,0.000,-0.397,6.5,-6.5,-0.5,-2.2,1331,1331,RTK FIXED
21.678,063008.20,10.48525200,76.44418700,10.48525200,76.44418700,658051.864,1159426.686,107.90,658051.878,1159426.696,122.5,1,658051.359,1159428.035,10.48526133,76.44418417,0.000,-0.399,6.5,-6.5,0.0,-2.7,1338,1338,RTK FIXED
21.723,063008.20,10.48525200,76.44418700,10.48525200,76.44418700,658051.864,1159426.686,107.90,658051.872,1159426.692,121.3,1,658051.359,1159428.035,10.48526133,76.44418417,0.000,-0.399,6.5,-6.5,0.6,-3.3,1338,1338,RTK FIXED
21.779,063008.20,10.48525200,76.44418700,10.48525200,76.44418700,658051.864,1159426.686,107.90,658051.869,1159426.690,120.2,1,658051.359,1159428.035,10.48526133,76.44418417,0.000,-0.399,6.5,-6.5,0.0,-3.6,1338,1338,RTK FIXED
21.824,063008.40,10.48525200,76.44418700,10.48525200,76.44418700,658051.844,1159426.676,107.90,658051.859,1159426.684,119.0,1,658051.359,1159428.035,10.48526133,76.44418417,0.000,-0.400,6.5,-6.5,-0.6,-4.5,1340,1340,RTK FIXED
21.877,063008.40,10.48525200,76.44418700,10.48525200,76.44418700,658051.844,1159426.676,107.90,658051.853,1159426.681,117.9,1,658051.359,1159428.035,10.48526133,76.44418417,0.000,-0.400,6.5,-6.5,0.0,-4.2,1340,1340,RTK FIXED
21.924,063008.40,10.48525200,76.44418700,10.48525200,76.44418700,658051.844,1159426.676,107.90,658051.849,1159426.679,116.7,1,658051.359,1159428.035,10.48526133,76.44418417,0.000,-0.400,6.5,-6.5,0.0,-4.8,1340,1340,RTK FIXED
21.978,063008.40,10.48525200,76.44418700,10.48525200,76.44418700,658051.844,1159426.676,107.90,658051.847,1159426.677,115.6,1,658051.359,1159428.035,10.48526133,76.44418417,0.000,-0.400,6.5,-6.5,0.0,-5.1,1340,1340,RTK FIXED
22.024,063008.40,10.48525200,76.44418700,10.48525200,76.44418700,658051.844,1159426.676,107.90,658051.846,1159426.677,114.4,1,658051.359,1159428.035,10.48526133,76.44418417,0.000,-0.400,6.5,-6.5,0.5,-4.9,1340,1340,RTK FIXED
22.078,063008.40,10.48525200,76.44418700,10.48525200,76.44418700,658051.844,1159426.676,107.90,658051.845,1159426.676,113.3,1,658051.359,1159428.035,10.48526133,76.44418417,0.000,-0.400,6.5,-6.5,0.0,-5.1,1340,1340,RTK FIXED
22.295,063008.60,10.48525200,76.44418700,10.48525200,76.44418700,658051.804,1159426.658,107.90,658051.829,1159426.669,112.2,1,658051.359,1159428.035,10.48526133,76.44418417,0.366,-0.100,10.0,8.5,0.0,-2.9,450,450,RTK FIXED
22.333,063008.80,10.48525200,76.44418700,10.48525200,76.44418700,658051.804,1159426.658,107.90,658051.819,1159426.664,112.2,1,658051.359,1159428.035,10.48526133,76.44418417,0.366,-0.031,10.0,9.5,0.0,0.0,900,900,RTK FIXED
22.379,063008.80,10.48525200,76.44418700,10.48525200,76.44418700,658051.804,1159426.658,107.90,658051.813,1159426.662,112.2,1,658051.359,1159428.035,10.48526133,76.44418417,0.366,-0.031,10.0,9.5,0.0,0.0,1350,1350,RTK FIXED
22.432,063008.80,10.48525200,76.44418700,10.48525200,76.44418700,658051.804,1159426.658,107.90,658051.809,1159426.660,112.2,1,658051.359,1159428.035,10.48526133,76.44418417,0.366,-0.031,10.0,9.5,-0.5,0.0,1800,1800,RTK FIXED
22.479,063008.80,10.48525200,76.44418700,10.48525200,76.44418700,658051.804,1159426.658,107.90,658051.807,1159426.659,112.2,1,658051.359,1159428.035,10.48526133,76.44418417,0.366,-0.031,10.0,9.5,0.0,0.0,2047,1946,RTK FIXED
22.533,063009.00,10.48525200,76.44418700,10.48525200,76.44418700,658051.804,1159426.658,107.90,658051.806,1159426.658,112.2,1,658051.359,1159428.035,10.48526133,76.44418417,0.366,-0.017,10.0,9.7,0.5,0.0,2047,1990,RTK FIXED
22.579,063009.00,10.48525200,76.44418700,10.48525200,76.44418700,658051.804,1159426.658,107.90,658051.805,1159426.658,112.2,1,658051.359,1159428.035,10.48526133,76.44418417,0.366,-0.017,10.0,9.7,-0.5,0.5,2047,1990,RTK FIXED
22.633,063009.20,10.48525200,76.44418700,10.48525200,76.44418700,658051.804,1159426.658,107.90,658051.804,1159426.658,112.2,1,658051.359,1159428.035,10.48526133,76.44418417,0.366,-0.016,10.0,9.7,0.5,0.5,2047,1993,RTK FIXED
22.678,063009.20,10.48525200,76.44418700,10.48525200,76.44418700,658051.804,1159426.658,107.90,658051.804,1159426.658,112.2,1,658051.359,1159428.035,10.48526133,76.44418417,0.366,-0.016,10.0,9.7,-0.6,1.7,2047,1993,RTK FIXED
22.733,063009.20,10.48525200,76.44418700,10.48525200,76.44418700,658051.804,1159426.658,107.90,658051.804,1159426.658,112.2,1,658051.359,1159428.035,10.48526133,76.44418417,0.366,-0.016,10.0,9.7,0.0,1.8,2047,1993,RTK FIXED
22.786,063009.20,10.48525200,76.44418700,10.48525200,76.44418700,658051.804,1159426.658,107.90,658051.804,1159426.658,112.2,1,658051.359,1159428.035,10.48526133,76.44418417,0.366,-0.016,10.0,9.7,0.5,1.9,2047,1993,RTK FIXED
22.833,063009.40,10.48525200,76.44418700,10.48525200,76.44418700,658051.804,1159426.658,107.90,658051.804,1159426.658,112.2,1,658051.359,1159428.035,10.48526133,76.44418417,0.366,-0.017,10.0,9.7,-0.5,2.6,2047,1990,RTK FIXED
22.886,063009.40,10.48525200,76.44418700,10.48525200,76.44418700,658051.804,1159426.658,107.90,658051.804,1159426.658,112.2,1,658051.359,1159428.035,10.48526133,76.44418417,0.366,-0.017,10.0,9.7,0.0,3.3,2047,1990,RTK FIXED
22.933,063009.40,10.48525200,76.44418700,10.48525200,76.44418700,658051.804,1159426.658,107.90,658051.804,1159426.658,112.2,1,658051.359,1159428.035,10.48526133,76.44418417,0.366,-0.017,10.0,9.7,0.0,3.2,2047,1990,RTK FIXED
22.986,063009.40,10.48525200,76.44418700,10.48525200,76.44418700,658051.804,1159426.658,107.90,658051.804,1159426.658,112.2,1,658051.359,1159428.035,10.48526133,76.44418417,0.366,-0.017,10.0,9.7,0.5,3.3,2047,1990,RTK FIXED
23.033,063009.40,10.48525200,76.44418700,10.48525200,76.44418700,658051.804,1159426.658,107.90,658051.804,1159426.658,112.2,1,658051.359,1159428.035,10.48526133,76.44418417,0.366,-0.017,10.0,9.7,-0.5,3.7,2047,1990,RTK FIXED
23.087,063009.40,10.48525200,76.44418700,10.48525200,76.44418700,658051.804,1159426.658,107.90,658051.804,1159426.658,112.2,1,658051.359,1159428.035,10.48526133,76.44418417,0.366,-0.017,10.0,9.7,0.0,3.7,2047,1990,RTK FIXED
23.133,063009.60,10.48525200,76.44418700,10.48525200,76.44418700,658051.804,1159426.658,107.90,658051.804,1159426.658,112.2,1,658051.359,1159428.035,10.48526133,76.44418417,0.366,-0.018,10.0,9.7,0.5,5.4,2047,1986,RTK FIXED
23.187,063009.60,10.48525200,76.44418700,10.48525200,76.44418700,658051.804,1159426.658,107.90,658051.804,1159426.658,112.2,1,658051.359,1159428.035,10.48526133,76.44418417,0.366,-0.018,10.0,9.7,0.0,6.5,2047,1986,RTK FIXED
23.233,063009.60,10.48525200,76.44418700,10.48525200,76.44418700,658051.804,1159426.658,107.90,658051.804,1159426.658,112.2,1,658051.359,1159428.035,10.48526133,76.44418417,0.366,-0.018,10.0,9.7,-0.5,7.5,2047,1986,RTK FIXED
23.287,063009.60,10.48525200,76.44418700,10.48525200,76.44418700,658051.804,1159426.658,107.90,658051.804,1159426.658,112.2,1,658051.359,1159428.035,10.48526133,76.44418417,0.366,-0.018,10.0,9.7,0.0,7.0,2047,1986,RTK FIXED
23.333,063009.80,10.48525200,76.44418700,10.48525200,76.44418700,658051.804,1159426.658,107.90,658051.804,1159426.658,112.2,1,658051.359,1159428.035,10.48526133,76.44418417,0.366,-0.019,10.0,9.7,0.0,7.0,2047,1984,RTK FIXED
23.386,063009.80,10.48525200,76.44418700,10.48525200,76.44418700,658051.804,1159426.658,107.90,658051.804,1159426.658,112.2,1,658051.359,1159428.035,10.48526133,76.44418417,0.366,-0.019,10.0,9.7,0.0,8.5,2047,1984,RTK FIXED
23.441,063009.80,10.48525200,76.44418700,10.48525200,76.44418700,658051.804,1159426.658,107.90,658051.804,1159426.658,112.2,1,658051.359,1159428.035,10.48526133,76.44418417,0.366,-0.019,10.0,9.7,0.5,9.1,2047,1984,RTK FIXED
23.487,063009.80,10.48525200,76.44418700,10.48525200,76.44418700,658051.804,1159426.658,107.90,658051.804,1159426.658,112.2,1,658051.359,1159428.035,10.48526133,76.44418417,0.366,-0.019,10.0,9.7,0.0,10.3,2047,1984,RTK FIXED
23.542,063010.00,10.48525300,76.44418600,10.48525240,76.44418660,658051.694,1159426.768,107.90,658051.760,1159426.702,112.2,1,658051.359,1159428.035,10.48526133,76.44418417,0.365,-0.032,10.0,9.5,-0.5,12.0,2047,1942,RTK FIXED
23.587,063010.00,10.48525300,76.44418600,10.48525264,76.44418636,658051.694,1159426.768,107.90,658051.733,1159426.728,112.2,1,658051.359,1159428.035,10.48526133,76.44418417,0.365,-0.032,10.0,9.5,0.5,13.1,2047,1942,RTK FIXED
23.804,063010.20,10.48525300,76.44418600,10.48525278,76.44418622,658051.694,1159426.768,107.90,658051.717,1159426.744,120.4,1,658051.359,1159428.035,10.48526133,76.44418417,0.000,-0.308,5.0,-5.0,0.0,13.4,450,450,RTK FIXED
23.842,063010.40,10.48525300,76.44418600,10.48525287,76.44418613,658051.737,1159426.787,107.90,658051.725,1159426.761,119.5,1,658051.359,1159428.035,10.48526133,76.44418417,0.000,-0.377,6.2,-6.2,0.0,11.3,900,900,RTK FIXED
23.887,063010.40,10.48525300,76.44418600,10.48525292,76.44418608,658051.737,1159426.787,107.90,658051.730,1159426.772,118.5,1,658051.359,1159428.035,10.48526133,76.44418417,0.000,-0.377,6.2,-6.2,-0.5,12.0,1263,1263,RTK FIXED
23.942,063010.40,10.48525300,76.44418600,10.48525295,76.44418605,658051.737,1159426.787,107.90,658051.733,1159426.778,117.4,1,658051.359,1159428.035,10.48526133,76.44418417,0.000,-0.377,6.2,-6.2,0.5,9.7,1263,1263,RTK FIXED
23.987,063010.40,10.48525300,76.44418600,10.48525297,76.44418603,658051.737,1159426.787,107.90,658051.735,1159426.782,116.3,1,658051.359,1159428.035,10.48526133,76.44418417,0.000,-0.377,6.2,-6.2,0.0,8.3,1263,1263,RTK FIXED
24.042,063010.40,10.48525300,76.44418600,10.48525298,76.44418602,658051.737,1159426.787,107.90,658051.736,1159426.784,115.2,1,658051.359,1159428.035,10.48526133,76.44418417,0.000,-0.377,6.2,-6.2,0.0,7.3,1263,1263,RTK FIXED
24.087,063010.40,10.48525300,76.44418600,10.48525299,76.44418601,658051.737,1159426.787,107.90,658051.736,1159426.785,114.1,1,658051.359,1159428.035,10.48526133,76.44418417,0.000,-0.377,6.2,-6.2,0.0,6.0,1263,1263,RTK FIXED
24.142,063010.60,10.48525300,76.44418500,10.48525299,76.44418561,658051.590,1159426.769,107.90,658051.678,1159426.779,113.1,1,658051.359,1159428.035,10.48526133,76.44418417,0.000,-0.394,6.5,-6.5,0.0,5.9,1321,1321,RTK FIXED
24.187,063010.60,10.48525300,76.44418500,10.48525300,76.44418536,658051.590,1159426.769,107.90,658051.642,1159426.775,111.9,1,658051.359,1159428.035,10.48526133,76.44418417,0.000,-0.394,6.5,-6.5,-0.6,5.0,1321,1321,RTK FIXED
24.242,063010.60,10.48525300,76.44418500,10.48525300,76.44418522,658051.590,1159426.769,107.90,658051.621,1159426.773,110.8,1,658051.359,1159428.035,10.48526133,76.44418417,0.000,-0.394,6.5,-6.5,0.5,4.1,1321,1321,RTK FIXED
24.287,063010.60,10.48525300,76.44418500,10.48525300,76.44418513,658051.590,1159426.769,107.90,658051.609,1159426.771,109.7,1,658051.359,1159428.035,10.48526133,76.44418417,0.000,-0.394,6.5,-6.5,0.0,3.9,1321,1321,RTK FIXED
24.343,063010.80,10.48525300,76.44418500,10.48525300,76.44418508,658051.562,1159426.760,107.90,658051.590,1159426.767,125.0,1,658051.359,1159428.035,10.48526133,76.44418417,0.000,-0.399,6.5,-6.5,-0.4,3.1,1335,1335,RTK FIXED
24.395,063010.80,10.48525300,76.44418500,10.48525300,76.44418505,658051.562,1159426.760,107.90,658051.579,1159426.764,123.8,1,658051.359,1159428.035,10.48526133,76.44418417,0.000,-0.399,6.5,-6.5,0.0,2.9,1335,1335,RTK FIXED
24.442,063010.80,10.48525300,76.44418500,10.48525300,76.44418503,658051.562,1159426.760,107.90,658051.572,1159426.762,122.7,1,658051.359,1159428.035,10.48526133,76.44418417,0.000,-0.399,6.5,-6.5,0.0,2.1,1335,1335,RTK FIXED
24.495,063010.80,10.48525300,76.44418500,10.48525300,76.44418502,658051.562,1159426.760,107.90,658051.568,1159426.761,121.5,1,658051.359,1159428.035,10.48526133,76.44418417,0.000,-0.399,6.5,-6.5,0.0,1.4,1335,1335,RTK FIXED
24.542,063011.00,10.48525300,76.44418500,10.48525300,76.44418501,658051.633,1159426.789,107.90,658051.594,1159426.772,120.4,1,658051.359,1159428.035,10.48526133,76.44418417,0.000,-0.400,6.5,-6.5,0.5,1.6,1339,1339,RTK FIXED
24.595,063011.00,10.48525300,76.44418500,10.48525300,76.44418501,658051.633,1159426.789,107.90,658051.609,1159426.779,119.3,1,658051.359,1159428.035,10.48526133,76.44418417,0.000,-0.400,6.5,-6.5,-0.5,0.9,1339,1339,RTK FIXED
24.643,063011.20,10.48525300,76.44418500,10.48525300,76.44418500,658051.619,1159426.782,107.90,658051.613,1159426.781,118.1,1,658051.359,1159428.035,10.48526133,76.44418417,0.000,-0.400,6.5,-6.5,0.5,1.1,1340,1340,RTK FIXED
24.696,063011.20,10.48525300,76.44418500,10.48525300,76.44418500,658051.619,1159426.782,107.90,658051.616,1159426.781,117.0,1,658051.359,1159428.035,10.48526133,76.44418417,0.000,-0.400,6.5,-6.5,0.0,1.4,1340,1340,RTK FIXED
24.742,063011.20,10.48525300,76.44418500,10.48525300,76.44418500,658051.619,1159426.782,107.90,658051.617,1159426.782,115.8,1,658051.359,1159428.035,10.48526133,76.44418417,0.000,-0.400,6.5,-6.5,0.0,1.1,1340,1340,RTK FIXED
24.796,063011.20,10.48525300,76.44418500,10.48525300,76.44418500,658051.619,1159426.782,107.90,658051.618,1159426.782,114.7,1,658051.359,1159428.035,10.48526133,76.44418417,0.000,-0.400,6.5,-6.5,0.0,0.5,1340,1340,RTK FIXED
24.843,063011.40,10.48525300,76.44418500,10.48525300,76.44418500,658051.593,1159426.770,107.90,658051.608,1159426.777,113.5,1,658051.359,1159428.035,10.48526133,76.44418417,0.000,-0.400,6.5,-6.5,-0.5,0.5,1340,1340,RTK FIXED
24.896,063011.40,10.48525300,76.44418500,10.48525300,76.44418500,658051.593,1159426.770,107.90,658051.602,1159426.775,112.4,1,658051.359,1159428.035,10.48526133,76.44418417,0.000,-0.400,6.5,-6.5,0.0,0.5,1340,1340,RTK FIXED
24.950,063011.40,10.48525300,76.44418500,10.48525300,76.44418500,658051.593,1159426.770,107.90,658051.598,1159426.773,111.2,1,658051.359,1159428.035,10.48526133,76.44418417,0.000,-0.400,6.5,-6.5,0.0,0.5,1340,1340,RTK FIXED
24.997,063011.40,10.48525300,76.44418500,10.48525300,76.44418500,658051.593,1159426.770,107.90,658051.596,1159426.772,110.1,1,658051.359,1159428.035,10.48526133,76.44418417,0.000,-0.400,6.5,-6.5,0.5,0.0,1340,1340,RTK FIXED
25.050,063011.40,10.48525300,76.44418500,10.48525300,76.44418500,658051.593,1159426.770,107.90,658051.594,1159426.771,108.9,1,658051.359,1159428.035,10.48526133,76.44418417,0.000,-0.400,6.5,-6.5,0.0,0.5,1340,1340,RTK FIXED
25.097,063011.40,10.48525300,76.44418500,10.48525300,76.44418500,658051.593,1159426.770,107.90,658051.594,1159426.771,107.8,1,658051.359,1159428.035,10.48526133,76.44418417,0.000,-0.400,6.5,-6.5,-0.5,0.5,1340,1340,RTK FIXED
25.151,063011.60,10.48525300,76.44418500,10.48525300,76.44418500,658051.550,1159426.756,107.90,658051.576,1159426.765,106.7,1,658051.359,1159428.035,10.48526133,76.44418417,0.000,-0.400,6.5,-6.5,0.0,0.0,1340,1340,RTK FIXED
25.197,063011.60,10.48525300,76.44418500,10.48525300,76.44418500,658051.550,1159426.756,107.90,658051.566,1159426.761,105.5,1,658051.359,1159428.035,10.48526133,76.44418417,0.000,-0.400,6.5,-6.5,0.5,0.0,1340,1340,RTK FIXED
25.250,063011.60,10.48525300,76.44418500,10.48525300,76.44418500,658051.550,1159426.756,107.90,658051.560,1159426.759,104.4,1,658051.359,1159428.035,10.48526133,76.44418417,0.000,-0.400,6.5,-6.5,-0.5,0.0,1340,1340,RTK FIXED
25.297,063011.60,10.48525300,76.44418500,10.48525300,76.44418500,658051.550,1159426.756,107.90,658051.556,1159426.758,103.2,1,658051.359,1159428.035,10.48526133,76.44418417,0.000,-0.400,6.5,-6.5,0.5,0.0,1340,1340,RTK FIXED
25.351,063011.80,10.48525300,76.44418500,10.48525300,76.44418500,658051.522,1159426.750,107.90,658051.542,1159426.755,102.1,1,658051.359,1159428.035,10.48526133,76.44418417,0.000,-0.400,6.5,-6.5,0.0,0.0,1340,1340,RTK FIXED
25.397,063011.80,10.48525300,76.44418500,10.48525300,76.44418500,658051.522,1159426.750,107.90,658051.534,1159426.753,100.9,1,658051.359,1159428.035,10.48526133,76.44418417,0.000,-0.400,6.5,-6.5,-0.5,0.0,1340,1340,RTK FIXED
25.451,063011.80,10.48525300,76.44418500,10.48525300,76.44418500,658051.522,1159426.750,107.90,658051.529,1159426.751,99.8,1,658051.359,1159428.035,10.48526133,76.44418417,0.000,-0.400,6.5,-6.5,0.5,0.0,1340,1340,RTK FIXED
25.505,063012.00,10.48525300,76.44418500,10.48525300,76.44418500,658051.500,1159426.746,107.90,658051.517,1159426.749,123.9,1,658051.359,1159428.035,10.48526133,76.44418417,0.000,-0.449,7.4,-7.4,0.0,0.0,1506,1506,RTK FIXED
25.551,063012.00,10.48525300,76.44418500,10.48525300,76.44418500,658051.500,1159426.746,107.90,658051.510,1159426.748,122.6,1,658051.359,1159428.035,10.48526133,76.44418417,0.000,-0.449,7.4,-7.4,-0.5,0.0,1506,1506,RTK FIXED
25.605,063012.20,10.48525300,76.44418500,10.48525300,76.44418500,658051.638,1159426.792,107.90,658051.561,1159426.766,121.3,1,658051.359,1159428.035,10.48526133,76.44418417,0.000,-0.412,6.7,-6.7,0.5,0.0,1382,1382,RTK FIXED
25.651,063012.20,10.48525300,76.44418500,10.48525300,76.44418500,658051.638,1159426.792,107.90,658051.592,1159426.776,120.1,1,658051.359,1159428.035,10.48526133,76.44418417,0.000,-0.412,6.7,-6.7,0.0,0.0,1382,1382,RTK FIXED
25.705,063012.20,10.48525300,76.44418500,10.48525300,76.44418500,658051.638,1159426.792,107.90,658051.610,1159426.783,119.0,1,658051.359,1159428.035,10.48526133,76.44418417,0.000,-0.412,6.7,-6.7,-0.5,0.0,1382,1382,RTK FIXED
25.751,063012.20,10.48525300,76.44418500,10.48525300,76.44418500,658051.638,1159426.792,107.90,658051.621,1159426.787,117.8,1,658051.359,1159428.035,10.48526133,76.44418417,0.000,-0.412,6.7,-6.7,0.0,0.0,1382,1382,RTK FIXED
25.968,063012.40,10.48525400,76.44418500,10.48525340,76.44418500,658051.610,1159426.889,107.90,658051.617,1159426.827,96.5,1,658051.359,1159428.035,10.48526133,76.44418417,0.366,-0.103,10.0,8.4,0.0,0.0,450,450,RTK FIXED
26.005,063012.40,10.48525400,76.44418500,10.48525364,76.44418500,658051.610,1159426.889,107.90,658051.614,1159426.852,96.5,1,658051.359,1159428.035,10.48526133,76.44418417,0.366,-0.103,10.0,8.4,0.0,0.0,900,900,RTK FIXED
26.051,063012.40,10.48525400,76.44418500,10.48525378,76.44418500,658051.610,1159426.889,107.90,658051.613,1159426.867,96.5,1,658051.359,1159428.035,10.48526133,76.44418417,0.366,-0.103,10.0,8.4,0.0,0.0,1350,1350,RTK FIXED
26.106,063012.60,10.48525400,76.44418500,10.48525387,76.44418500,658051.485,1159426.855,107.90,658051.562,1159426.862,96.5,1,658051.359,1159428.035,10.48526133,76.44418417,0.366,-0.028,10.0,9.5,0.0,0.0,1800,1800,RTK FIXED
26.151,063012.60,10.48525400,76.44418500,10.48525392,76.44418500,658051.485,1159426.855,107.90,658051.531,1159426.859,96.5,1,658051.359,1159428.035,10.48526133,76.44418417,0.366,-0.028,10.0,9.5,0.5,0.0,2047,1954,RTK FIXED
26.205,063012.60,10.48525400,76.44418500,10.48525395,76.44418500,658051.485,1159426.855,107.90,658051.513,1159426.858,96.5,1,658051.359,1159428.035,10.48526133,76.44418417,0.366,-0.028,10.0,9.5,-0.5,0.0,2047,1954,RTK FIXED
26.251,063012.60,10.48525400,76.44418500,10.48525397,76.44418500,658051.485,1159426.855,107.90,658051.502,1159426.857,96.5,1,658051.359,1159428.035,10.48526133,76.44418417,0.366,-0.028,10.0,9.5,0.5,0.0,2047,1954,RTK FIXED
26.307,063012.80,10.48525400,76.44418500,10.48525398,76.44418500,658051.485,1159426.855,107.90,658051.495,1159426.856,96.5,1,658051.359,1159428.035,10.48526133,76.44418417,0.366,-0.018,10.0,9.7,0.0,0.9,2047,1986,RTK FIXED
26.352,063012.80,10.48525400,76.44418500,10.48525399,76.44418500,658051.485,1159426.855,107.90,658051.491,1159426.856,96.5,1,658051.359,1159428.035,10.48526133,76.44418417,0.366,-0.018,10.0,9.7,-0.6,1.1,2047,1986,RTK FIXED
26.406,063012.80,10.48525400,76.44418500,10.48525399,76.44418500,658051.485,1159426.855,107.90,658051.489,1159426.856,96.5,1,658051.359,1159428.035,10.48526133,76.44418417,0.366,-0.018,10.0,9.7,0.5,1.9,2047,1986,RTK FIXED
26.451,063012.80,10.48525400,76.44418500,10.48525400,76.44418500,658051.485,1159426.855,107.90,658051.487,1159426.856,96.5,1,658051.359,1159428.035,10.48526133,76.44418417,0.366,-0.018,10.0,9.7,0.0,2.2,2047,1986,RTK FIXED
26.669,063013.00,10.48525400,76.44418500,10.48525400,76.44418500,658051.485,1159426.855,107.90,658051.487,1159426.855,115.6,1,658051.359,1159428.035,10.48526133,76.44418417,0.000,-0.305,5.0,-5.0,0.0,2.3,450,450,RTK FIXED
26.706,063013.20,10.48525400,76.44418400,10.48525400,76.44418460,658051.489,1159426.883,107.90,658051.488,1159426.867,114.7,1,658051.359,1159428.035,10.48526133,76.44418417,0.000,-0.376,6.2,-6.2,0.0,0.7,900,900,RTK FIXED
26.751,063013.20,10.48525400,76.44418400,10.48525400,76.44418436,658051.489,1159426.883,107.90,658051.488,1159426.873,113.6,1,658051.359,1159428.035,10.48526133,76.44418417,0.000,-0.376,6.2,-6.2,-0.6,1.1,1260,1260,RTK FIXED
26.806,063013.40,10.48525400,76.44418400,10.48525400,76.44418422,658051.476,1159426.878,107.90,658051.484,1159426.875,112.5,1,658051.359,1159428.035,10.48526133,76.44418417,0.000,-0.394,6.5,-6.5,0.0,0.5,1320,1320,RTK FIXED
26.852,063013.40,10.48525400,76.44418400,10.48525400,76.44418413,658051.476,1159426.878,107.90,658051.481,1159426.876,111.4,1,658051.359,1159428.035,10.48526133,76.44418417,0.000,-0.394,6.5,-6.5,0.5,0.0,1320,1320,RTK FIXED
26.906,063013.40,10.48525400,76.44418400,10.48525400,76.44418408,658051.476,1159426.878,107.90,658051.479,1159426.877,110.3,1,658051.359,1159428.035,10.48526133,76.44418417,0.000,-0.394,6.5,-6.5,-0.5,0.0,1320,1320,RTK FIXED
26.952,063013.40,10.48525400,76.44418400,10.48525400,76.44418405,658051.476,1159426.878,107.90,658051.478,1159426.877,109.1,1,658051.359,1159428.035,10.48526133,76.44418417,0.000,-0.394,6.5,-6.5,0.5,0.0,1320,1320,RTK FIXED
27.006,063013.40,10.48525400,76.44418400,10.48525400,76.44418403,658051.476,1159426.878,107.90,658051.477,1159426.878,108.0,1,658051.359,1159428.035,10.48526133,76.44418417,0.000,-0.394,6.5,-6.5,-0.5,-0.5,1320,1320,RTK FIXED
27.052,063013.40,10.48525400,76.44418400,10.48525400,76.44418402,658051.476,1159426.878,107.90,658051.477,1159426.878,106.9,1,658051.359,1159428.035,10.48526133,76.44418417,0.000,-0.394,6.5,-6.5,0.0,-0.5,1320,1320,RTK FIXED
27.107,063013.60,10.48525400,76.44418400,10.48525400,76.44418401,658051.435,1159426.865,107.90,658051.460,1159426.873,105.8,1,658051.359,1159428.035,10.48526133,76.44418417,0.000,-0.399,6.5,-6.5,0.5,-1.4,1335,1335,RTK FIXED
27.160,063013.60,10.48525400,76.44418400,10.48525400,76.44418401,658051.435,1159426.865,107.90,658051.450,1159426.870,104.6,1,658051.359,1159428.035,10.48526133,76.44418417,0.000,-0.399,6.5,-6.5,-0.5,-1.9,1335,1335,RTK FIXED
27.206,063013.60,10.48525400,76.44418400,10.48525400,76.44418400,658051.435,1159426.865,107.90,658051.444,1159426.868,103.5,1,658051.359,1159428.035,10.48526133,76.44418417,0.000,-0.399,6.5,-6.5,0.5,-2.2,1335,1335,RTK FIXED
27.260,063013.60,10.48525400,76.44418400,10.48525400,76.44418400,658051.435,1159426.865,107.90,658051.440,1159426.867,102.3,1,658051.359,1159428.035,10.48526133,76.44418417,0.000,-0.399,6.5,-6.5,0.0,-2.8,1335,1335,RTK FIXED
27.307,063013.80,10.48525400,76.44418400,10.48525400,76.44418400,658051.406,1159426.859,107.90,658051.427,1159426.863,101.2,1,658051.359,1159428.035,10.48526133,76.44418417,0.000,-0.400,6.5,-6.5,0.0,-2.7,1339,1339,RTK FIXED
27.360,063013.80,10.48525400,76.44418400,10.48525400,76.44418400,658051.406,1159426.859,107.90,658051.418,1159426.862,100.0,1,658051.359,1159428.035,10.48526133,76.44418417,0.000,-0.400,6.5,-6.5,0.0,-3.3,1339,1339,RTK FIXED
27.407,063013.80,10.48525400,76.44418400,10.48525400,76.44418400,658051.406,1159426.859,107.90,658051.413,1159426.860,98.9,1,658051.359,1159428.035,10.48526133,76.44418417,0.000,-0.400,6.5,-6.5,0.0,-3.8,1339,1339,RTK FIXED
27.461,063013.80,10.48525400,76.44418400,10.48525400,76.44418400,658051.406,1159426.859,107.90,658051.410,1159426.860,97.8,1,658051.359,1159428.035,10.48526133,76.44418417,0.000,-0.400,6.5,-6.5,0.0,-4.6,1339,1339,RTK FIXED
27.507,063014.00,10.48525400,76.44418400,10.48525400,76.44418400,658051.377,1159426.855,107.90,658051.397,1159426.858,119.2,1,658051.359,1159428.035,10.48526133,76.44418417,0.000,-0.457,7.5,-7.5,0.0,-4.2,1531,1531,RTK FIXED
27.561,063014.00,10.48525400,76.44418400,10.48525400,76.44418400,658051.377,1159426.855,107.90,658051.389,1159426.857,117.9,1,658051.359,1159428.035,10.48526133,76.44418417,0.000,-0.457,7.5,-7.5,0.0,-5.2,1531,1531,RTK FIXED
27.615,063014.20,10.48525400,76.44418400,10.48525400,76.44418400,658051.501,1159426.888,107.90,658051.433,1159426.869,116.6,1,658051.359,1159428.035,10.48526133,76.44418417,0.000,-0.417,6.8,-6.8,-0.5,-5.1,1397,1397,RTK FIXED
27.661,063014.20,10.48525400,76.44418400,10.48525400,76.44418400,658051.501,1159426.888,107.90,658051.460,1159426.877,115.4,1,658051.359,1159428.035,10.48526133,76.44418417,0.000,-0.417,6.8,-6.8,0.0,-6.0,1397,1397,RTK FIXED
27.714,063014.20,10.48525400,76.44418400,10.48525400,76.44418400,658051.501,1159426.888,107.90,658051.476,1159426.881,114.2,1,658051.359,1159428.035,10.48526133,76.44418417,0.000,-0.417,6.8,-6.8,0.0,-6.5,1397,1397,RTK FIXED
27.761,063014.20,10.48525400,76.44418400,10.48525400,76.44418400,658051.501,1159426.888,107.90,658051.486,1159426.884,113.0,1,658051.359,1159428.035,10.48526133,76.44418417,0.000,-0.417,6.8,-6.8,0.5,-6.0,1397,1397,RTK FIXED
27.815,063014.40,10.48525500,76.44418400,10.48525440,76.44418400,658051.472,1159426.987,107.90,658051.480,1159426.925,111.8,1,658051.359,1159428.035,10.48526133,76.44418417,0.000,-0.404,6.6,-6.6,0.0,-6.0,1354,1354,RTK FIXED
27.860,063014.40,10.48525500,76.44418400,10.48525464,76.44418400,658051.472,1159426.987,107.90,658051.477,1159426.950,110.6,1,658051.359,1159428.035,10.48526133,76.44418417,0.000,-0.404,6.6,-6.6,-0.6,-6.1,1354,1354,RTK FIXED
27.915,063014.40,10.48525500,76.44418400,10.48525478,76.44418400,658051.472,1159426.987,107.90,658051.475,1159426.965,109.5,1,658051.359,1159428.035,10.48526133,76.44418417,0.000,-0.404,6.6,-6.6,0.0,-5.5,1354,1354,RTK FIXED
27.961,063014.40,10.48525500,76.44418400,10.48525487,76.44418400,658051.472,1159426.987,107.90,658051.473,1159426.974,108.3,1,658051.359,1159428.035,10.48526133,76.44418417,0.000,-0.404,6.6,-6.6,0.5,-5.9,1354,1354,RTK FIXED
28.015,063014.40,10.48525500,76.44418400,10.48525492,76.44418400,658051.472,1159426.987,107.90,658051.473,1159426.979,107.2,1,658051.359,1159428.035,10.48526133,76.44418417,0.000,-0.404,6.6,-6.6,-0.5,-5.6,1354,1354,RTK FIXED
28.068,063014.40,10.48525500,76.44418400,10.48525495,76.44418400,658051.472,1159426.987,107.90,658051.472,1159426.982,106.0,1,658051.359,1159428.035,10.48526133,76.44418417,0.000,-0.404,6.6,-6.6,0.5,-5.2,1354,1354,RTK FIXED
28.278,063014.60,10.48525500,76.44418500,10.48525497,76.44418440,658051.538,1159426.975,107.90,658051.499,1159426.979,87.6,1,658051.359,1159428.035,10.48526133,76.44418417,0.000,0.199,-3.3,3.3,-0.1,-4.5,450,450,RTK FIXED
28.478,063014.80,10.48525500,76.44418500,10.48525498,76.44418464,658051.431,1159426.965,107.90,658051.472,1159426.974,88.2,1,658051.359,1159428.035,10.48526133,76.44418417,0.366,0.065,9.0,10.0,0.1,-1.5,450,450,RTK FIXED
28.516,063015.00,10.48525500,76.44418500,10.48525499,76.44418478,658051.431,1159426.965,107.90,658051.455,1159426.970,88.2,1,658051.359,1159428.035,10.48526133,76.44418417,0.366,0.027,9.6,10.0,0.0,-0.7,900,900,RTK FIXED
28.562,063015.00,10.48525500,76.44418500,10.48525499,76.44418487,658051.431,1159426.965,107.90,658051.446,1159426.968,88.2,1,658051.359,1159428.035,10.48526133,76.44418417,0.366,0.027,9.6,10.0,0.0,0.5,1350,1350,RTK FIXED
28.616,063015.20,10.48525500,76.44418500,10.48525500,76.44418492,658051.431,1159426.965,107.90,658051.440,1159426.967,88.2,1,658051.359,1159428.035,10.48526133,76.44418417,0.366,0.014,9.8,10.0,0.0,0.9,1800,1800,RTK FIXED
28.662,063015.20,10.48525500,76.44418500,10.48525500,76.44418495,658051.431,1159426.965,107.90,658051.436,1159426.966,88.2,1,658051.359,1159428.035,10.48526133,76.44418417,0.366,0.014,9.8,10.0,0.0,1.1,1999,2047,RTK FIXED
28.715,063015.20,10.48525500,76.44418500,10.48525500,76.44418497,658051.431,1159426.965,107.90,658051.434,1159426.966,88.2,1,658051.359,1159428.035,10.48526133,76.44418417,0.366,0.014,9.8,10.0,-0.5,0.0,1999,2047,RTK FIXED
28.762,063015.20,10.48525500,76.44418500,10.48525500,76.44418498,658051.431,1159426.965,107.90,658051.433,1159426.966,88.2,1,658051.359,1159428.035,10.48526133,76.44418417,0.366,0.014,9.8,10.0,0.5,0.0,1999,2047,RTK FIXED
28.816,063015.40,10.48525500,76.44418500,10.48525500,76.44418499,658051.431,1159426.965,107.90,658051.432,1159426.965,88.2,1,658051.359,1159428.035,10.48526133,76.44418417,0.366,0.010,9.8,10.0,-0.5,0.0,2015,2047,RTK FIXED
28.862,063015.40,10.48525500,76.44418500,10.48525500,76.44418499,658051.431,1159426.965,107.90,658051.432,1159426.965,88.2,1,658051.359,1159428.035,10.48526133,76.44418417,0.366,0.010,9.8,10.0,0.5,1.1,2015,2047,RTK FIXED
28.915,063015.40,10.48525500,76.44418500,10.48525500,76.44418500,658051.431,1159426.965,107.90,658051.432,1159426.965,88.2,1,658051.359,1159428.035,10.48526133,76.44418417,0.366,0.010,9.8,10.0,0.0,1.9,2015,2047,RTK FIXED
28.962,063015.40,10.48525500,76.44418500,10.48525500,76.44418500,658051.431,1159426.965,107.90,658051.431,1159426.965,88.2,1,658051.359,1159428.035,10.48526133,76.44418417,0.366,0.010,9.8,10.0,-0.5,1.6,2015,2047,RTK FIXED
29.016,063015.40,10.48525500,76.44418500,10.48525500,76.44418500,658051.431,1159426.965,107.90,658051.431,1159426.965,88.2,1,658051.359,1159428.035,10.48526133,76.44418417,0.366,0.010,9.8,10.0,0.5,2.3,2015,2047,RTK FIXED
29.070,063015.40,10.48525500,76.44418500,10.48525500,76.44418500,658051.431,1159426.965,107.90,658051.431,1159426.965,88.2,1,658051.359,1159428.035,10.48526133,76.44418417,0.366,0.010,9.8,10.0,0.0,1.4,2015,2047,RTK FIXED
29.116,063015.60,10.48525500,76.44418500,10.48525500,76.44418500,658051.431,1159426.965,107.90,658051.431,1159426.965,88.2,1,658051.359,1159428.035,10.48526133,76.44418417,0.366,0.007,9.9,10.0,-0.5,2.2,2022,2047,RTK FIXED
29.170,063015.60,10.48525500,76.44418500,10.48525500,76.44418500,658051.431,1159426.965,107.90,658051.431,1159426.965,88.2,1,658051.359,1159428.035,10.48526133,76.44418417,0.366,0.007,9.9,10.0,0.5,2.8,2022,2047,RTK FIXED
29.215,063015.60,10.48525500,76.44418500,10.48525500,76.44418500,658051.431,1159426.965,107.90,658051.431,1159426.965,88.2,1,658051.359,1159428.035,10.48526133,76.44418417,0.366,0.007,9.9,10.0,0.0,3.8,2022,2047,RTK FIXED
29.270,063015.60,10.48525500,76.44418500,10.48525500,76.44418500,658051.431,1159426.965,107.90,658051.431,1159426.965,88.2,1,658051.359,1159428.035,10.48526133,76.44418417,0.366,0.007,9.9,10.0,-0.5,4.6,2022,2047,RTK FIXED
29.317,063015.80,10.48525500,76.44418500,10.48525500,76.44418500,658051.431,1159426.965,107.90,658051.431,1159426.965,88.2,1,658051.359,1159428.035,10.48526133,76.44418417,0.366,0.006,9.9,10.0,0.5,4.8,2026,2047,RTK FIXED
29.370,063015.80,10.48525500,76.44418500,10.48525500,76.44418500,658051.431,1159426.965,107.90,658051.431,1159426.965,88.2,1,658051.359,1159428.035,10.48526133,76.44418417,0.366,0.006,9.9,10.0,-0.5,5.7,2026,2047,RTK FIXED
29.416,063015.80,10.48525500,76.44418500,10.48525500,76.44418500,658051.431,1159426.965,107.90,658051.431,1159426.965,88.2,1,658051.359,1159428.035,10.48526133,76.44418417,0.366,0.006,9.9,10.0,0.5,6.4,2026,2047,RTK FIXED
29.470,063015.80,10.48525500,76.44418500,10.48525500,76.44418500,658051.431,1159426.965,107.90,658051.431,1159426.965,88.2,1,658051.359,1159428.035,10.48526133,76.44418417,0.366,0.006,9.9,10.0,-0.5,6.9,2026,2047,RTK FIXED
29.517,063016.00,10.48525600,76.44418500,10.48525540,76.44418500,658051.431,1159427.076,107.90,658051.431,1159427.009,100.8,1,658051.359,1159428.035,10.48526133,76.44418417,0.362,-0.049,10.0,9.2,0.0,7.0,2047,1886,RTK FIXED
29.570,063016.00,10.48525600,76.44418500,10.48525564,76.44418500,658051.431,1159427.076,107.90,658051.431,1159427.036,100.8,1,658051.359,1159428.035,10.48526133,76.44418417,0.362,-0.049,10.0,9.2,0.0,8.5,2047,1886,RTK FIXED
29.624,063016.20,10.48525600,76.44418500,10.48525578,76.44418500,658051.512,1159427.080,107.90,658051.463,1159427.054,100.8,1,658051.359,1159428.035,10.48526133,76.44418417,0.364,-0.048,10.0,9.2,0.0,10.5,2047,1891,RTK FIXED
29.670,063016.20,10.48525600,76.44418500,10.48525587,76.44418500,658051.512,1159427.080,107.90,658051.483,1159427.064,100.8,1,658051.359,1159428.035,10.48526133,76.44418417,0.364,-0.048,10.0,9.2,0.0,10.9,2047,1891,RTK FIXED
29.724,063016.20,10.48525600,76.44418500,10.48525592,76.44418500,658051.512,1159427.080,107.90,658051.494,1159427.071,100.8,1,658051.359,1159428.035,10.48526133,76.44418417,0.364,-0.048,10.0,9.2,0.5,11.6,2047,1891,RTK FIXED
29.770,063016.20,10.48525600,76.44418500,10.48525595,76.44418500,658051.512,1159427.080,107.90,658051.501,1159427.074,100.8,1,658051.359,1159428.035,10.48526133,76.44418417,0.364,-0.048,10.0,9.2,0.0,12.5,2047,1891,RTK FIXED
29.825,063016.40,10.48525600,76.44418500,10.48525597,76.44418500,658051.512,1159427.080,107.90,658051.506,1159427.077,100.8,1,658051.359,1159428.035,10.48526133,76.44418417,0.365,-0.038,10.0,9.4,0.0,13.3,2047,1921,RTK FIXED
29.870,063016.40,10.48525600,76.44418500,10.48525598,76.44418500,658051.512,1159427.080,107.90,658051.508,1159427.078,100.8,1,658051.359,1159428.035,10.48526133,76.44418417,0.365,-0.038,10.0,9.4,0.0,13.9,2047,1921,RTK FIXED
29.924,063016.40,10.48525600,76.44418500,10.48525599,76.44418500,658051.512,1159427.080,107.90,658051.510,1159427.079,100.8,1,658051.359,1159428.035,10.48526133,76.44418417,0.365,-0.038,10.0,9.4,0.0,14.6,2047,1921,RTK FIXED
29.971,063016.40,10.48525600,76.44418500,10.48525599,76.44418500,658051.512,1159427.080,107.90,658051.511,1159427.079,100.8,1,658051.359,1159428.035,10.48526133,76.44418417,0.365,-0.038,10.0,9.4,0.0,15.7,2047,1921,RTK FIXED
30.025,063016.40,10.48525600,76.44418500,10.48525600,76.44418500,658051.512,1159427.080,107.90,658051.511,1159427.080,100.8,1,658051.359,1159428.035,10.48526133,76.44418417,0.365,-0.038,10.0,9.4,-0.5,15.3,2047,1921,RTK FIXED
30.071,063016.40,10.48525600,76.44418500,10.48525600,76.44418500,658051.512,1159427.080,107.90,658051.511,1159427.080,100.8,1,658051.359,1159428.035,10.48526133,76.44418417,0.365,-0.038,10.0,9.4,0.5,15.4,2047,1921,RTK FIXED
30.125,063016.60,10.48525700,76.44418500,10.48525640,76.44418500,658051.511,1159427.191,107.90,658051.511,1159427.124,88.0,1,658051.359,1159428.035,10.48526133,76.44418417,0.363,0.036,9.4,10.0,-0.5,15.4,1929,2047,RTK FIXED
30.178,063016.60,10.48525700,76.44418500,10.48525664,76.44418500,658051.511,1159427.191,107.90,658051.511,1159427.151,88.0,1,658051.359,1159428.035,10.48526133,76.44418417,0.363,0.036,9.4,10.0,0.0,15.5,1929,2047,RTK FIXED
30.225,063016.60,10.48525700,76.44418500,10.48525678,76.44418500,658051.511,1159427.191,107.90,658051.511,1159427.167,88.0,1,658051.359,1159428.035,10.48526133,76.44418417,0.363,0.036,9.4,10.0,0.0,15.7,1929,2047,RTK FIXED
30.281,063016.60,10.48525700,76.44418500,10.48525687,76.44418500,658051.511,1159427.191,107.90,658051.511,1159427.176,88.0,1,658051.359,1159428.035,10.48526133,76.44418417,0.363,0.036,9.4,10.0,0.0,17.0,1929,2047,RTK FIXED
30.325,063016.80,10.48525700,76.44418400,10.48525692,76.44418460,658051.320,1159427.186,107.90,658051.435,1159427.180,88.0,1,658051.359,1159428.035,10.48526133,76.44418417,0.365,0.031,9.5,10.0,0.0,16.7,1944,2047,RTK FIXED
30.379,063016.80,10.48525700,76.44418400,10.48525695,76.44418436,658051.320,1159427.186,107.90,658051.389,1159427.182,88.0,1,658051.359,1159428.035,10.48526133,76.44418417,0.365,0.031,9.5,10.0,0.0,17.4,1944,2047,RTK FIXED
30.425,063016.80,10.48525700,76.44418400,10.48525697,76.44418422,658051.320,1159427.186,107.90,658051.361,1159427.184,88.0,1,658051.359,1159428.035,10.48526133,76.44418417,0.365,0.031,9.5,10.0,0.0,17.4,1944,2047,RTK FIXED
30.642,063017.00,10.48525700,76.44418400,10.48525698,76.44418413,658051.320,1159427.186,107.90,658051.345,1159427.185,108.5,1,658051.359,1159428.035,10.48526133,76.44418417,0.000,-0.292,4.8,-4.8,0.0,16.4,450,450,RTK FIXED
30.679,063017.20,10.48525800,76.44418400,10.48525739,76.44418408,658051.445,1159427.310,107.90,658051.385,1159427.235,107.6,1,658051.359,1159428.035,10.48526133,76.44418417,0.000,-0.373,6.1,-6.1,0.7,14.0,900,900,RTK FIXED
30.725,063017.20,10.48525800,76.44418400,10.48525763,76.44418405,658051.445,1159427.310,107.90,658051.409,1159427.265,106.6,1,658051.359,1159428.035,10.48526133,76.44418417,0.000,-0.373,6.1,-6.1,0.0,13.6,1250,1250,RTK FIXED
30.779,063017.20,10.48525800,76.44418400,10.48525778,76.44418403,658051.445,1159427.310,107.90,658051.423,1159427.283,105.5,1,658051.359,1159428.035,10.48526133,76.44418417,0.000,-0.373,6.1,-6.1,0.0,12.0,1250,1250,RTK FIXED
30.989,063017.40,10.48525800,76.44418400,10.48525787,76.44418402,658051.425,1159427.305,107.90,658051.424,1159427.292,94.6,1,658051.359,1159428.035,10.48526133,76.44418417,0.366,-0.093,10.0,8.6,-0.1,8.6,450,450,RTK FIXED
31.026,063017.40,10.48525800,76.44418400,10.48525792,76.44418401,658051.425,1159427.305,107.90,658051.424,1159427.297,94.6,1,658051.359,1159428.035,10.48526133,76.44418417,0.366,-0.093,10.0,8.6,0.0,6.2,900,900,RTK FIXED
31.071,063017.40,10.48525800,76.44418400,10.48525795,76.44418401,658051.425,1159427.305,107.90,658051.424,1159427.300,94.6,1,658051.359,1159428.035,10.48526133,76.44418417,0.366,-0.093,10.0,8.6,0.0,6.0,1350,1350,RTK FIXED
31.126,063017.60,10.48525800,76.44418400,10.48525797,76.44418400,658051.362,1159427.296,107.90,658051.399,1159427.299,94.6,1,658051.359,1159428.035,10.48526133,76.44418417,0.366,-0.023,10.0,9.6,0.5,5.0,1800,1800,RTK FIXED
31.171,063017.60,10.48525800,76.44418400,10.48525798,76.44418400,658051.362,1159427.296,107.90,658051.384,1159427.298,94.6,1,658051.359,1159428.035,10.48526133,76.44418417,0.366,-0.023,10.0,9.6,0.0,4.4,2047,1970,RTK FIXED
31.226,063017.60,10.48525800,76.44418400,10.48525799,76.44418400,658051.362,1159427.296,107.90,658051.375,1159427.297,94.6,1,658051.359,1159428.035,10.48526133,76.44418417,0.366,-0.023,10.0,9.6,0.0,4.1,2047,1970,RTK FIXED
31.272,063017.60,10.48525800,76.44418400,10.48525799,76.44418400,658051.362,1159427.296,107.90,658051.370,1159427.297,94.6,1,658051.359,1159428.035,10.48526133,76.44418417,0.366,-0.023,10.0,9.6,-0.5,4.9,2047,1970,RTK FIXED
31.489,063017.80,10.48525800,76.44418300,10.48525800,76.44418360,658051.252,1159427.296,107.90,658051.323,1159427.297,114.4,1,658051.359,1159428.035,10.48526133,76.44418417,0.000,-0.306,5.0,-5.0,0.0,5.7,450,450,RTK FIXED
31.526,063018.00,10.48525800,76.44418300,10.48525800,76.44418336,658051.371,1159427.322,107.90,658051.342,1159427.307,113.5,1,658051.359,1159428.035,10.48526133,76.44418417,0.000,-0.376,6.2,-6.2,0.7,2.7,900,900,RTK FIXED
31.572,063018.00,10.48525800,76.44418300,10.48525800,76.44418322,658051.371,1159427.322,107.90,658051.354,1159427.313,112.5,1,658051.359,1159428.035,10.48526133,76.44418417,0.000,-0.376,6.2,-6.2,-0.5,1.6,1261,1261,RTK FIXED
31.626,063018.20,10.48525800,76.44418300,10.48525800,76.44418313,658051.358,1159427.317,107.90,658051.355,1159427.315,111.4,1,658051.359,1159428.035,10.48526133,76.44418417,0.000,-0.394,6.5,-6.5,0.0,0.5,1320,1320,RTK FIXED
31.672,063018.20,10.48525800,76.44418300,10.48525800,76.44418308,658051.358,1159427.317,107.90,658051.356,1159427.316,110.2,1,658051.359,1159428.035,10.48526133,76.44418417,0.000,-0.394,6.5,-6.5,0.0,-1.1,1320,1320,RTK FIXED
31.726,063018.20,10.48525800,76.44418300,10.48525800,76.44418305,658051.358,1159427.317,107.90,658051.357,1159427.316,109.1,1,658051.359,1159428.035,10.48526133,76.44418417,0.000,-0.394,6.5,-6.5,0.5,-3.2,1320,1320,RTK FIXED
31.772,063018.20,10.48525800,76.44418300,10.48525800,76.44418303,658051.358,1159427.317,107.90,658051.357,1159427.317,108.0,1,658051.359,1159428.035,10.48526133,76.44418417,0.000,-0.394,6.5,-6.5,0.0,-2.2,1320,1320,RTK FIXED
31.827,063018.40,10.48525800,76.44418300,10.48525800,76.44418302,658051.330,1159427.309,107.90,658051.347,1159427.313,106.9,1,658051.359,1159428.035,10.48526133,76.44418417,0.000,-0.399,6.5,-6.5,-0.5,-3.2,1335,1335,RTK FIXED
31.872,063018.40,10.48525800,76.44418300,10.48525800,76.44418301,658051.330,1159427.309,107.90,658051.340,1159427.312,105.7,1,658051.359,1159428.035,10.48526133,76.44418417,0.000,-0.399,6.5,-6.5,0.6,-5.0,1335,1335,RTK FIXED
31.926,063018.40,10.48525800,76.44418300,10.48525800,76.44418301,658051.330,1159427.309,107.90,658051.336,1159427.310,104.6,1,658051.359,1159428.035,10.48526133,76.44418417,0.000,-0.399,6.5,-6.5,0.0,-5.1,1335,1335,RTK FIXED
31.980,063018.40,10.48525800,76.44418300,10.48525800,76.44418300,658051.330,1159427.309,107.90,658051.334,1159427.310,103.4,1,658051.359,1159428.035,10.48526133,76.44418417,0.000,-0.399,6.5,-6.5,-0.5,-5.0,1335,1335,RTK FIXED
32.026,063018.40,10.48525800,76.44418300,10.48525800,76.44418300,658051.330,1159427.309,107.90,658051.332,1159427.309,102.3,1,658051.359,1159428.035,10.48526133,76.44418417,0.000,-0.399,6.5,-6.5,0.5,-4.9,1335,1335,RTK FIXED
32.082,063018.40,10.48525800,76.44418300,10.48525800,76.44418300,658051.330,1159427.309,107.90,658051.332,1159427.309,101.2,1,658051.359,1159428.035,10.48526133,76.44418417,0.000,-0.399,6.5,-6.5,0.0,-4.5,1335,1335,RTK FIXED
32.127,063018.60,10.48525800,76.44418300,10.48525800,76.44418300,658051.287,1159427.299,107.90,658051.314,1159427.305,100.0,1,658051.359,1159428.035,10.48526133,76.44418417,0.000,-0.400,6.5,-6.5,0.0,-4.9,1339,1339,RTK FIXED
32.181,063018.60,10.48525800,76.44418300,10.48525800,76.44418300,658051.287,1159427.299,107.90,658051.303,1159427.303,98.9,1,658051.359,1159428.035,10.48526133,76.44418417,0.000,-0.400,6.5,-6.5,0.0,-4.7,1339,1339,RTK FIXED
32.227,063018.60,10.48525800,76.44418300,10.48525800,76.44418300,658051.287,1159427.299,107.90,658051.297,1159427.301,97.7,1,658051.359,1159428.035,10.48526133,76.44418417,0.000,-0.400,6.5,-6.5,-0.5,-4.9,1339,1339,RTK FIXED
32.281,063018.60,10.48525800,76.44418300,10.48525800,76.44418300,658051.287,1159427.299,107.90,658051.293,1159427.301,96.6,1,658051.359,1159428.035,10.48526133,76.44418417,0.000,-0.400,6.5,-6.5,0.0,-4.6,1339,1339,RTK FIXED
32.327,063018.80,10.48525800,76.44418300,10.48525800,76.44418300,658051.258,1159427.296,107.90,658051.279,1159427.299,95.4,1,658051.359,1159428.035,10.48526133,76.44418417,0.000,-0.400,6.5,-6.5,0.0,-4.8,1340,1340,RTK FIXED
32.381,063018.80,10.48525800,76.44418300,10.48525800,76.44418300,658051.258,1159427.296,107.90,658051.270,1159427.298,94.3,1,658051.359,1159428.035,10.48526133,76.44418417,0.000,-0.400,6.5,-6.5,0.0,-5.1,1340,1340,RTK FIXED
32.427,063018.80,10.48525800,76.44418300,10.48525800,76.44418300,658051.258,1159427.296,107.90,658051.265,1159427.297,93.1,1,658051.359,1159428.035,10.48526133,76.44418417,0.000,-0.400,6.5,-6.5,0.5,-4.9,1340,1340,RTK FIXED
32.482,063018.80,10.48525800,76.44418300,10.48525800,76.44418300,658051.258,1159427.296,107.90,658051.262,1159427.297,92.0,1,658051.359,1159428.035,10.48526133,76.44418417,0.000,-0.400,6.5,-6.5,0.0,-5.1,1340,1340,RTK FIXED
32.698,063019.00,10.48525800,76.44418400,10.48525800,76.44418340,658051.337,1159427.296,107.90,658051.292,1159427.296,90.8,1,658051.359,1159428.035,10.48526133,76.44418417,0.366,-0.103,10.0,8.4,-0.1,-2.8,450,450,RTK FIXED
32.735,063019.20,10.48525900,76.44418400,10.48525840,76.44418364,658051.337,1159427.407,107.90,658051.310,1159427.340,90.8,1,658051.359,1159428.035,10.48526133,76.44418417,0.366,-0.026,10.0,9.6,0.7,0.0,900,900,RTK FIXED
32.781,063019.20,10.48525900,76.44418400,10.48525864,76.44418378,658051.337,1159427.407,107.90,658051.321,1159427.367,90.8,1,658051.359,1159428.035,10.48526133,76.44418417,0.366,-0.026,10.0,9.6,0.0,0.0,1350,1350,RTK FIXED
32.835,063019.40,10.48525900,76.44418400,10.48525878,76.44418387,658051.337,1159427.407,107.90,658051.327,1159427.383,92.3,1,658051.359,1159428.035,10.48526133,76.44418417,0.366,-0.006,10.0,9.9,-0.5,0.0,1800,1800,RTK FIXED
32.881,063019.40,10.48525900,76.44418400,10.48525887,76.44418392,658051.337,1159427.407,107.90,658051.331,1159427.392,92.3,1,658051.359,1159428.035,10.48526133,76.44418417,0.366,-0.006,10.0,9.9,0.0,0.0,2047,2025,RTK FIXED
32.935,063019.40,10.48525900,76.44418400,10.48525892,76.44418395,658051.337,1159427.407,107.90,658051.333,1159427.398,92.3,1,658051.359,1159428.035,10.48526133,76.44418417,0.366,-0.006,10.0,9.9,0.0,0.0,2047,2025,RTK FIXED
32.981,063019.40,10.48525900,76.44418400,10.48525895,76.44418397,658051.337,1159427.407,107.90,658051.335,1159427.401,92.3,1,658051.359,1159428.035,10.48526133,76.44418417,0.366,-0.006,10.0,9.9,0.0,0.5,2047,2025,RTK FIXED
33.035,063019.40,10.48525900,76.44418400,10.48525897,76.44418398,658051.337,1159427.407,107.90,658051.336,1159427.403,92.3,1,658051.359,1159428.035,10.48526133,76.44418417,0.366,-0.006,10.0,9.9,0.0,0.9,2047,2025,RTK FIXED
33.081,063019.40,10.48525900,76.44418400,10.48525898,76.44418399,658051.337,1159427.407,107.90,658051.336,1159427.405,92.3,1,658051.359,1159428.035,10.48526133,76.44418417,0.366,-0.006,10.0,9.9,0.5,1.1,2047,2025,RTK FIXED
33.135,063019.60,10.48525900,76.44418400,10.48525899,76.44418399,658051.346,1159427.407,107.90,658051.340,1159427.405,92.3,1,658051.359,1159428.035,10.48526133,76.44418417,0.366,-0.002,10.0,10.0,0.0,1.8,2047,2042,RTK FIXED
33.189,063019.60,10.48525900,76.44418400,10.48525899,76.44418400,658051.346,1159427.407,107.90,658051.343,1159427.406,92.3,1,658051.359,1159428.035,10.48526133,76.44418417,0.366,-0.002,10.0,10.0,0.0,1.9,2047,2042,RTK FIXED
33.235,063019.60,10.48525900,76.44418400,10.48525900,76.44418400,658051.346,1159427.407,107.90,658051.344,1159427.406,92.3,1,658051.359,1159428.035,10.48526133,76.44418417,0.366,-0.002,10.0,10.0,0.0,2.7,2047,2042,RTK FIXED
33.289,063019.60,10.48525900,76.44418400,10.48525900,76.44418400,658051.346,1159427.407,107.90,658051.345,1159427.406,92.3,1,658051.359,1159428.035,10.48526133,76.44418417,0.366,-0.002,10.0,10.0,-0.5,3.2,2047,2042,RTK FIXED
33.336,063019.80,10.48525900,76.44418400,10.48525900,76.44418400,658051.346,1159427.407,107.90,658051.346,1159427.406,92.3,1,658051.359,1159428.035,10.48526133,76.44418417,0.366,-0.000,10.0,10.0,0.0,3.2,2047,2046,RTK FIXED
33.389,063019.80,10.48525900,76.44418400,10.48525900,76.44418400,658051.346,1159427.407,107.90,658051.346,1159427.406,92.3,1,658051.359,1159428.035,10.48526133,76.44418417,0.366,-0.000,10.0,10.0,0.5,3.3,2047,2046,RTK FIXED
33.435,063019.80,10.48525900,76.44418400,10.48525900,76.44418400,658051.346,1159427.407,107.90,658051.346,1159427.406,92.3,1,658051.359,1159428.035,10.48526133,76.44418417,0.366,-0.000,10.0,10.0,0.0,3.3,2047,2046,RTK FIXED
33.490,063019.80,10.48525900,76.44418400,10.48525900,76.44418400,658051.346,1159427.407,107.90,658051.346,1159427.407,92.3,1,658051.359,1159428.035,10.48526133,76.44418417,0.366,-0.000,10.0,10.0,-0.5,3.2,2047,2046,RTK FIXED
33.536,063020.00,10.48525900,76.44418400,10.48525900,76.44418400,658051.346,1159427.407,107.90,658051.346,1159427.407,92.3,1,658051.359,1159428.035,10.48526133,76.44418417,0.366,-0.000,10.0,10.0,0.0,4.3,2047,2047,RTK FIXED
33.590,063020.00,10.48525900,76.44418400,10.48525900,76.44418400,658051.346,1159427.407,107.90,658051.346,1159427.407,92.3,1,658051.359,1159428.035,10.48526133,76.44418417,0.366,-0.000,10.0,10.0,0.5,5.6,2047,2047,RTK FIXED
33.635,063020.00,10.48525900,76.44418400,10.48525900,76.44418400,658051.346,1159427.407,107.90,658051.346,1159427.407,92.3,1,658051.359,1159428.035,10.48526133,76.44418417,0.366,-0.000,10.0,10.0,0.0,6.0,2047,2047,RTK FIXED
33.690,063020.00,10.48525900,76.44418400,10.48525900,76.44418400,658051.346,1159427.407,107.90,658051.346,1159427.407,92.3,1,658051.359,1159428.035,10.48526133,76.44418417,0.366,-0.000,10.0,10.0,-0.5,7.3,2047,2047,RTK FIXED
33.744,063020.20,10.48525900,76.44418400,10.48525900,76.44418400,658051.346,1159427.407,107.90,658051.346,1159427.407,92.3,1,658051.359,1159428.035,10.48526133,76.44418417,0.366,-0.000,10.0,10.0,0.5,7.4,2047,2047,RTK FIXED
33.790,063020.20,10.48525900,76.44418400,10.48525900,76.44418400,658051.346,1159427.407,107.90,658051.346,1159427.407,92.3,1,658051.359,1159428.035,10.48526133,76.44418417,0.366,-0.000,10.0,10.0,0.0,8.2,2047,2047,RTK FIXED
33.844,063020.20,10.48525900,76.44418400,10.48525900,76.44418400,658051.346,1159427.407,107.90,658051.346,1159427.407,92.3,1,658051.359,1159428.035,10.48526133,76.44418417,0.366,-0.000,10.0,10.0,0.0,9.7,2047,2047,RTK FIXED
33.894,063020.20,10.48525900,76.44418400,10.48525900,76.44418400,658051.346,1159427.407,107.90,658051.346,1159427.407,92.3,1,658051.359,1159428.035,10.48526133,76.44418417,0.366,-0.000,10.0,10.0,-0.5,12.5,2047,2047,RTK FIXED
33.944,063020.40,10.48525900,76.44418400,10.48525900,76.44418400,658051.346,1159427.407,107.90,658051.346,1159427.407,92.3,1,658051.359,1159428.035,10.48526133,76.44418417,0.366,-0.000,10.0,10.0,0.5,11.5,2047,2047,RTK FIXED
33.989,063020.40,10.48525900,76.44418400,10.48525900,76.44418400,658051.346,1159427.407,107.90,658051.346,1159427.407,92.3,1,658051.359,1159428.035,10.48526133,76.44418417,0.366,-0.000,10.0,10.0,-0.6,12.2,2047,2047,RTK FIXED
34.044,063020.40,10.48525900,76.44418400,10.48525900,76.44418400,658051.346,1159427.407,107.90,658051.346,1159427.407,92.3,1,658051.359,1159428.035,10.48526133,76.44418417,0.366,-0.000,10.0,10.0,0.5,13.3,2047,2047,RTK FIXED
34.089,063020.40,10.48525900,76.44418400,10.48525900,76.44418400,658051.346,1159427.407,107.90,658051.346,1159427.407,92.3,1,658051.359,1159428.035,10.48526133,76.44418417,0.366,-0.000,10.0,10.0,0.0,14.8,2047,2047,RTK FIXED
34.145,063020.60,10.48525900,76.44418400,10.48525900,76.44418400,658051.346,1159427.407,107.90,658051.346,1159427.407,92.3,1,658051.359,1159428.035,10.48526133,76.44418417,0.366,-0.000,10.0,10.0,0.0,14.5,2047,2047,RTK FIXED
34.190,063020.60,10.48525900,76.44418400,10.48525900,76.44418400,658051.346,1159427.407,107.90,658051.346,1159427.407,92.3,1,658051.359,1159428.035,10.48526133,76.44418417,0.366,-0.000,10.0,10.0,-0.5,15.9,2047,2047,RTK FIXED
34.245,063020.80,10.48526000,76.44418400,10.48525940,76.44418400,658051.346,1159427.517,107.90,658051.346,1159427.451,88.0,1,658051.359,1159428.035,10.48526133,76.44418417,0.365,0.029,9.5,10.0,0.5,16.1,1951,2047,RTK FIXED
34.298,063020.80,10.48526000,76.44418400,10.48525964,76.44418400,658051.346,1159427.517,107.90,658051.346,1159427.477,88.0,1,658051.359,1159428.035,10.48526133,76.44418417,0.365,0.029,9.5,10.0,-0.5,17.2,1951,2047,RTK FIXED
34.344,063020.80,10.48526000,76.44418400,10.48525978,76.44418400,658051.346,1159427.517,107.90,658051.346,1159427.493,88.0,1,658051.359,1159428.035,10.48526133,76.44418417,0.365,0.029,9.5,10.0,0.5,16.9,1951,2047,RTK FIXED
34.397,063020.80,10.48526000,76.44418400,10.48525987,76.44418400,658051.346,1159427.517,107.90,658051.346,1159427.503,88.0,1,658051.359,1159428.035,10.48526133,76.44418417,0.365,0.029,9.5,10.0,0.0,17.8,1951,2047,RTK FIXED
34.445,063021.00,10.48526000,76.44418400,10.48525992,76.44418400,658051.318,1159427.518,107.90,658051.335,1159427.509,88.0,1,658051.359,1159428.035,10.48526133,76.44418417,0.365,0.036,9.4,10.0,0.0,17.5,1930,2047,RTK FIXED
34.499,063021.00,10.48526000,76.44418400,10.48525995,76.44418400,658051.318,1159427.518,107.90,658051.328,1159427.512,88.0,1,658051.359,1159428.035,10.48526133,76.44418417,0.365,0.036,9.4,10.0,0.0,17.6,1930,2047,RTK FIXED
34.544,063021.00,10.48526000,76.44418400,10.48525997,76.44418400,658051.318,1159427.518,107.90,658051.324,1159427.515,88.0,1,658051.359,1159428.035,10.48526133,76.44418417,0.365,0.036,9.4,10.0,0.0,17.5,1930,2047,RTK FIXED
34.598,063021.00,10.48526000,76.44418400,10.48525998,76.44418400,658051.318,1159427.518,107.90,658051.322,1159427.516,88.0,1,658051.359,1159428.035,10.48526133,76.44418417,0.365,0.036,9.4,10.0,0.0,18.2,1930,2047,RTK FIXED
34.645,063021.20,10.48526100,76.44418400,10.48526039,76.44418400,658051.317,1159427.628,107.90,658051.320,1159427.561,92.1,1,658051.359,1159428.035,10.48526133,76.44418417,0.366,0.018,9.7,10.0,0.0,17.6,1988,2047,RTK FIXED
34.699,063021.20,10.48526100,76.44418400,10.48526063,76.44418400,658051.317,1159427.628,107.90,658051.319,1159427.588,92.1,1,658051.359,1159428.035,10.48526133,76.44418417,0.366,0.018,9.7,10.0,0.0,18.2,1988,2047,RTK FIXED
34.744,063021.20,10.48526100,76.44418400,10.48526078,76.44418400,658051.317,1159427.628,107.90,658051.318,1159427.604,92.1,1,658051.359,1159428.035,10.48526133,76.44418417,0.366,0.018,9.7,10.0,-0.5,17.4,1988,2047,RTK FIXED
34.799,063021.20,10.48526100,76.44418400,10.48526087,76.44418400,658051.317,1159427.628,107.90,658051.318,1159427.614,92.1,1,658051.359,1159428.035,10.48526133,76.44418417,0.366,0.018,9.7,10.0,0.5,18.2,1988,2047,RTK FIXED
34.845,063021.40,10.48526100,76.44418400,10.48526092,76.44418400,658051.344,1159427.628,107.90,658051.328,1159427.619,92.1,1,658051.359,1159428.035,10.48526133,76.44418417,0.366,0.020,9.7,10.0,0.0,18.5,1980,2047,RTK FIXED
34.899,063021.40,10.48526100,76.44418400,10.48526095,76.44418400,658051.344,1159427.628,107.90,658051.334,1159427.623,92.1,1,658051.359,1159428.035,10.48526133,76.44418417,0.366,0.020,9.7,10.0,-0.5,18.3,1980,2047,RTK FIXED
34.953,063021.40,10.48526100,76.44418400,10.48526097,76.44418400,658051.344,1159427.628,107.90,658051.338,1159427.625,92.1,1,658051.359,1159428.035,10.48526133,76.44418417,0.366,0.020,9.7,10.0,0.0,18.6,1980,2047,RTK FIXED
34.999,063021.40,10.48526100,76.44418400,10.48526098,76.44418400,658051.344,1159427.628,107.90,658051.340,1159427.626,92.1,1,658051.359,1159428.035,10.48526133,76.44418417,0.366,0.020,9.7,10.0,0.0,19.0,1980,2047,RTK FIXED
35.053,063021.40,10.48526100,76.44418400,10.48526099,76.44418400,658051.344,1159427.628,107.90,658051.342,1159427.627,92.1,1,658051.359,1159428.035,10.48526133,76.44418417,0.366,0.020,9.7,10.0,0.5,18.5,1980,2047,RTK FIXED
35.099,063021.40,10.48526100,76.44418400,10.48526099,76.44418400,658051.344,1159427.628,107.90,658051.343,1159427.627,92.1,1,658051.359,1159428.035,10.48526133,76.44418417,0.366,0.020,9.7,10.0,0.0,18.4,1980,2047,RTK FIXED
35.153,063021.60,10.48526100,76.44418400,10.48526100,76.44418400,658051.344,1159427.628,107.90,658051.343,1159427.627,92.1,1,658051.359,1159428.035,10.48526133,76.44418417,0.352,0.025,9.6,10.0,0.0,18.9,1962,2047,RTK FIXED
35.199,063021.60,10.48526100,76.44418400,10.48526100,76.44418400,658051.344,1159427.628,107.90,658051.343,1159427.627,92.1,1,658051.359,1159428.035,10.48526133,76.44418417,0.352,0.025,9.6,10.0,0.0,18.0,1962,2047,RTK FIXED
35.253,063021.60,10.48526100,76.44418400,10.48526100,76.44418400,658051.344,1159427.628,107.90,658051.343,1159427.628,92.1,1,658051.359,1159428.035,10.48526133,76.44418417,0.352,0.025,9.6,10.0,-0.5,18.6,1962,2047,RTK FIXED
35.299,063021.60,10.48526100,76.44418400,10.48526100,76.44418400,658051.344,1159427.628,107.90,658051.344,1159427.628,92.1,1,658051.359,1159428.035,10.48526133,76.44418417,0.352,0.025,9.6,10.0,0.5,18.3,1962,2047,RTK FIXED
35.519,063021.80,10.48526200,76.44418400,10.48526140,76.44418400,658051.343,1159427.738,107.90,658051.343,1159427.672,89.6,2,658050.825,1159428.954,10.48526967,76.44417933,0.000,0.306,-5.0,5.0,0.0,18.0,450,450,RTK FIXED
35.553,063022.00,10.48526200,76.44418400,10.48526164,76.44418400,658051.333,1159427.738,107.90,658051.339,1159427.698,90.5,2,658050.825,1159428.954,10.48526967,76.44417933,0.000,0.377,-6.2,6.2,0.0,15.8,900,900,RTK FIXED
35.607,063022.20,10.48526200,76.44418400,10.48526178,76.44418400,658051.340,1159427.738,107.90,658051.340,1159427.714,91.6,2,658050.825,1159428.954,10.48526967,76.44417933,0.000,0.394,-6.5,6.5,0.0,14.8,1321,1321,RTK FIXED
35.653,063022.20,10.48526200,76.44418400,10.48526187,76.44418400,658051.340,1159427.738,107.90,658051.340,1159427.724,92.7,2,658050.825,1159428.954,10.48526967,76.44417933,0.000,0.394,-6.5,6.5,-0.5,13.7,1321,1321,RTK FIXED
35.707,063022.20,10.48526200,76.44418400,10.48526192,76.44418400,658051.340,1159427.738,107.90,658051.340,1159427.730,93.8,2,658050.825,1159428.954,10.48526967,76.44417933,0.000,0.394,-6.5,6.5,0.5,13.0,1321,1321,RTK FIXED
35.754,063022.20,10.48526200,76.44418400,10.48526195,76.44418400,658051.340,1159427.738,107.90,658051.340,1159427.733,94.9,2,658050.825,1159428.954,10.48526967,76.44417933,0.000,0.394,-6.5,6.5,0.0,11.9,1321,1321,RTK FIXED
35.807,063022.40,10.48526300,76.44418400,10.48526237,76.44418400,658051.369,1159427.850,108.00,658051.351,1159427.780,92.7,2,658050.825,1159428.954,10.48526967,76.44417933,0.000,0.399,-6.5,6.5,0.0,9.7,1335,1335,RTK FIXED
35.853,063022.40,10.48526300,76.44418400,10.48526262,76.44418400,658051.369,1159427.850,108.00,658051.358,1159427.808,93.8,2,658050.825,1159428.954,10.48526967,76.44417933,0.000,0.399,-6.5,6.5,0.0,9.2,1335,1335,RTK FIXED
35.911,063022.40,10.48526300,76.44418400,10.48526277,76.44418400,658051.369,1159427.850,108.00,658051.362,1159427.825,94.9,2,658050.825,1159428.954,10.48526967,76.44417933,0.000,0.399,-6.5,6.5,0.0,8.6,1335,1335,RTK FIXED
35.954,063022.40,10.48526300,76.44418400,10.48526286,76.44418400,658051.369,1159427.850,108.00,658051.365,1159427.835,96.1,2,658050.825,1159428.954,10.48526967,76.44417933,0.000,0.399,-6.5,6.5,0.0,7.7,1335,1335,RTK FIXED
36.007,063022.40,10.48526300,76.44418400,10.48526292,76.44418400,658051.369,1159427.850,108.00,658051.366,1159427.841,97.2,2,658050.825,1159428.954,10.48526967,76.44417933,0.000,0.399,-6.5,6.5,-0.5,7.4,1335,1335,RTK FIXED
36.054,063022.40,10.48526300,76.44418400,10.48526295,76.44418400,658051.369,1159427.850,108.00,658051.367,1159427.845,98.4,2,658050.825,1159428.954,10.48526967,76.44417933,0.000,0.399,-6.5,6.5,0.5,6.5,1335,1335,RTK FIXED
36.108,063022.60,10.48526300,76.44418400,10.48526297,76.44418400,658051.391,1159427.852,108.00,658051.377,1159427.848,99.5,2,658050.825,1159428.954,10.48526967,76.44417933,0.000,0.400,-6.5,6.5,0.0,6.5,1339,1339,RTK FIXED
36.154,063022.60,10.48526300,76.44418400,10.48526298,76.44418400,658051.391,1159427.852,108.00,658051.382,1159427.850,100.7,2,658050.825,1159428.954,10.48526967,76.44417933,0.000,0.400,-6.5,6.5,0.0,6.0,1339,1339,RTK FIXED
36.207,063022.60,10.48526300,76.44418400,10.48526299,76.44418400,658051.391,1159427.852,108.00,658051.386,1159427.851,101.8,2,658050.825,1159428.954,10.48526967,76.44417933,0.000,0.400,-6.5,6.5,-0.5,5.6,1339,1339,RTK FIXED
36.261,063022.60,10.48526300,76.44418400,10.48526299,76.44418400,658051.391,1159427.852,108.00,658051.388,1159427.851,102.9,2,658050.825,1159428.954,10.48526967,76.44417933,0.000,0.400,-6.5,6.5,0.5,6.0,1339,1339,RTK FIXED
36.309,063022.80,10.48526300,76.44418400,10.48526300,76.44418400,658051.420,1159427.858,108.00,658051.401,1159427.854,104.1,2,658050.825,1159428.954,10.48526967,76.44417933,0.000,0.400,-6.5,6.5,0.0,5.3,1340,1340,RTK FIXED
36.362,063022.80,10.48526300,76.44418400,10.48526300,76.44418400,658051.420,1159427.858,108.00,658051.408,1159427.855,105.2,2,658050.825,1159428.954,10.48526967,76.44417933,0.000,0.400,-6.5,6.5,-0.5,5.7,1340,1340,RTK FIXED
36.407,063022.80,10.48526300,76.44418400,10.48526300,76.44418400,658051.420,1159427.858,108.00,658051.413,1159427.856,106.4,2,658050.825,1159428.954,10.48526967,76.44417933,0.000,0.400,-6.5,6.5,0.5,5.5,1340,1340,RTK FIXED
36.462,063022.80,10.48526300,76.44418400,10.48526300,76.44418400,658051.420,1159427.858,108.00,658051.416,1159427.857,107.5,2,658050.825,1159428.954,10.48526967,76.44417933,0.000,0.400,-6.5,6.5,-0.5,5.9,1340,1340,RTK FIXED
36.507,063023.00,10.48526300,76.44418400,10.48526300,76.44418400,658051.448,1159427.865,108.00,658051.429,1159427.860,91.3,2,658050.825,1159428.954,10.48526967,76.44417933,0.000,0.400,-6.5,6.5,0.0,5.0,1340,1340,RTK FIXED
36.562,063023.00,10.48526300,76.44418400,10.48526300,76.44418400,658051.448,1159427.865,108.00,658051.437,1159427.862,92.4,2,658050.825,1159428.954,10.48526967,76.44417933,0.000,0.400,-6.5,6.5,0.0,5.5,1340,1340,RTK FIXED
36.608,063023.20,10.48526300,76.44418300,10.48526300,76.44418360,658051.243,1159427.849,108.00,658051.359,1159427.857,93.6,2,658050.825,1159428.954,10.48526967,76.44417933,0.000,0.400,-6.5,6.5,0.0,6.0,1340,1340,RTK FIXED
36.662,063023.20,10.48526300,76.44418300,10.48526300,76.44418336,658051.243,1159427.849,108.00,658051.313,1159427.854,94.7,2,658050.825,1159428.954,10.48526967,76.44417933,0.000,0.400,-6.5,6.5,0.0,5.6,1340,1340,RTK FIXED
36.707,063023.20,10.48526300,76.44418300,10.48526300,76.44418322,658051.243,1159427.849,108.00,658051.285,1159427.852,95.9,2,658050.825,1159428.954,10.48526967,76.44417933,0.000,0.400,-6.5,6.5,0.0,5.5,1340,1340,RTK FIXED
36.762,063023.20,10.48526300,76.44418300,10.48526300,76.44418313,658051.243,1159427.849,108.00,658051.268,1159427.850,97.0,2,658050.825,1159428.954,10.48526967,76.44417933,0.000,0.400,-6.5,6.5,0.0,5.5,1340,1340,RTK FIXED
36.971,063023.40,10.48526300,76.44418300,10.48526300,76.44418308,658051.273,1159427.851,108.00,658051.270,1159427.851,121.6,2,658050.825,1159428.954,10.48526967,76.44417933,0.000,-0.200,3.3,-3.3,0.0,3.8,450,450,RTK FIXED
37.008,063023.40,10.48526300,76.44418300,10.48526300,76.44418305,658051.273,1159427.851,108.00,658051.271,1159427.851,121.0,2,658050.825,1159428.954,10.48526967,76.44417933,0.000,-0.200,3.3,-3.3,0.0,0.0,900,900,RTK FIXED
37.054,063023.40,10.48526300,76.44418300,10.48526300,76.44418303,658051.273,1159427.851,108.00,658051.272,1159427.851,120.4,2,658050.825,1159428.954,10.48526967,76.44417933,0.000,-0.200,3.3,-3.3,0.0,0.0,1100,1100,RTK FIXED
37.109,063023.60,10.48526300,76.44418300,10.48526300,76.44418302,658051.405,1159427.893,108.00,658051.325,1159427.868,119.8,2,658050.825,1159428.954,10.48526967,76.44417933,0.000,-0.350,5.7,-5.7,0.0,0.0,1173,1173,RTK FIXED
37.155,063023.60,10.48526300,76.44418300,10.48526300,76.44418301,658051.405,1159427.893,108.00,658051.357,1159427.878,118.8,2,658050.825,1159428.954,10.48526967,76.44417933,0.000,-0.350,5.7,-5.7,0.0,0.0,1173,1173,RTK FIXED
37.209,063023.60,10.48526300,76.44418300,10.48526300,76.44418301,658051.405,1159427.893,108.00,658051.377,1159427.884,117.8,2,658050.825,1159428.954,10.48526967,76.44417933,0.000,-0.350,5.7,-5.7,0.0,0.0,1173,1173,RTK FIXED
37.254,063023.60,10.48526300,76.44418300,10.48526300,76.44418300,658051.405,1159427.893,108.00,658051.388,1159427.887,116.8,2,658050.825,1159428.954,10.48526967,76.44417933,0.000,-0.350,5.7,-5.7,0.0,0.0,1173,1173,RTK FIXED
37.471,063023.80,10.48526300,76.44418300,10.48526300,76.44418300,658051.382,1159427.881,108.00,658051.386,1159427.885,115.8,2,658050.825,1159428.954,10.48526967,76.44417933,0.366,-0.088,10.0,8.7,0.0,-0.1,450,450,RTK FIXED
37.510,063024.00,10.48526300,76.44418300,10.48526300,76.44418300,658051.382,1159427.881,108.00,658051.384,1159427.883,115.8,2,658050.825,1159428.954,10.48526967,76.44417933,0.366,-0.022,10.0,9.6,0.7,0.0,900,900,RTK FIXED
37.555,063024.00,10.48526300,76.44418300,10.48526300,76.44418300,658051.382,1159427.881,108.00,658051.383,1159427.882,115.8,2,658050.825,1159428.954,10.48526967,76.44417933,0.366,-0.022,10.0,9.6,0.0,0.0,1350,1350,RTK FIXED
37.610,063024.00,10.48526300,76.44418300,10.48526300,76.44418300,658051.382,1159427.881,108.00,658051.383,1159427.882,115.8,2,658050.825,1159428.954,10.48526967,76.44417933,0.366,-0.022,10.0,9.6,0.0,0.5,1800,1800,RTK FIXED
37.655,063024.20,10.48526300,76.44418300,10.48526300,76.44418300,658051.382,1159427.881,108.00,658051.383,1159427.882,115.8,2,658050.825,1159428.954,10.48526967,76.44417933,0.366,-0.005,10.0,9.9,0.0,0.0,2047,2029,RTK FIXED
37.709,063024.20,10.48526300,76.44418300,10.48526300,76.44418300,658051.382,1159427.881,108.00,658051.382,1159427.881,115.8,2,658050.825,1159428.954,10.48526967,76.44417933,0.366,-0.005,10.0,9.9,0.0,0.0,2047,2029,RTK FIXED
37.755,063024.20,10.48526300,76.44418300,10.48526300,76.44418300,658051.382,1159427.881,108.00,658051.382,1159427.881,115.8,2,658050.825,1159428.954,10.48526967,76.44417933,0.366,-0.005,10.0,9.9,0.0,0.0,2047,2029,RTK FIXED
37.810,063024.40,10.48526300,76.44418300,10.48526300,76.44418300,658051.382,1159427.881,108.00,658051.382,1159427.881,115.8,2,658050.825,1159428.954,10.48526967,76.44417933,0.366,-0.001,10.0,10.0,0.0,0.9,2047,2042,RTK FIXED
37.855,063024.40,10.48526300,76.44418300,10.48526300,76.44418300,658051.382,1159427.881,108.00,658051.382,1159427.881,115.8,2,658050.825,1159428.954,10.48526967,76.44417933,0.366,-0.001,10.0,10.0,-0.5,1.1,2047,2042,RTK FIXED
37.909,063024.40,10.48526300,76.44418300,10.48526300,76.44418300,658051.382,1159427.881,108.00,658051.382,1159427.881,115.8,2,658050.825,1159428.954,10.48526967,76.44417933,0.366,-0.001,10.0,10.0,0.0,1.9,2047,2042,RTK FIXED
37.955,063024.40,10.48526300,76.44418300,10.48526300,76.44418300,658051.382,1159427.881,108.00,658051.382,1159427.881,115.8,2,658050.825,1159428.954,10.48526967,76.44417933,0.366,-0.001,10.0,10.0,0.0,2.7,2047,2042,RTK FIXED
38.009,063024.40,10.48526300,76.44418300,10.48526300,76.44418300,658051.382,1159427.881,108.00,658051.382,1159427.881,115.8,2,658050.825,1159428.954,10.48526967,76.44417933,0.366,-0.001,10.0,10.0,0.5,4.1,2047,2042,RTK FIXED
38.055,063024.40,10.48526300,76.44418300,10.48526300,76.44418300,658051.382,1159427.881,108.00,658051.382,1159427.881,115.8,2,658050.825,1159428.954,10.48526967,76.44417933,0.366,-0.001,10.0,10.0,-0.5,3.3,2047,2042,RTK FIXED
38.110,063024.60,10.48526300,76.44418300,10.48526300,76.44418300,658051.382,1159427.881,108.00,658051.382,1159427.881,115.8,2,658050.825,1159428.954,10.48526967,76.44417933,0.366,-0.000,10.0,10.0,0.0,3.7,2047,2046,RTK FIXED
38.163,063024.60,10.48526300,76.44418300,10.48526300,76.44418300,658051.382,1159427.881,108.00,658051.382,1159427.881,115.8,2,658050.825,1159428.954,10.48526967,76.44417933,0.366,-0.000,10.0,10.0,0.0,5.1,2047,2046,RTK FIXED
38.210,063024.60,10.48526300,76.44418300,10.48526300,76.44418300,658051.382,1159427.881,108.00,658051.382,1159427.881,115.8,2,658050.825,1159428.954,10.48526967,76.44417933,0.366,-0.000,10.0,10.0,0.5,4.9,2047,2046,RTK FIXED
38.263,063024.60,10.48526300,76.44418300,10.48526300,76.44418300,658051.382,1159427.881,108.00,658051.382,1159427.881,115.8,2,658050.825,1159428.954,10.48526967,76.44417933,0.366,-0.000,10.0,10.0,0.0,5.6,2047,2046,RTK FIXED
38.310,063024.80,10.48526300,76.44418300,10.48526300,76.44418300,658051.382,1159427.881,108.00,658051.382,1159427.881,115.8,2,658050.825,1159428.954,10.48526967,76.44417933,0.366,-0.000,10.0,10.0,0.0,6.4,2047,2047,RTK FIXED
38.363,063024.80,10.48526300,76.44418300,10.48526300,76.44418300,658051.382,1159427.881,108.00,658051.382,1159427.881,115.8,2,658050.825,1159428.954,10.48526967,76.44417933,0.366,-0.000,10.0,10.0,0.0,5.6,2047,2047,RTK FIXED
38.410,063024.80,10.48526300,76.44418300,10.48526300,76.44418300,658051.382,1159427.881,108.00,658051.382,1159427.881,115.8,2,658050.825,1159428.954,10.48526967,76.44417933,0.366,-0.000,10.0,10.0,-0.5,6.5,2047,2047,RTK FIXED
38.463,063024.80,10.48526300,76.44418300,10.48526300,76.44418300,658051.382,1159427.881,108.00,658051.382,1159427.881,115.8,2,658050.825,1159428.954,10.48526967,76.44417933,0.366,-0.000,10.0,10.0,0.5,7.0,2047,2047,RTK FIXED
38.673,063025.00,10.48526400,76.44418300,10.48526340,76.44418300,658051.382,1159427.992,108.00,658051.382,1159427.925,96.2,2,658050.825,1159428.954,10.48526967,76.44417933,0.000,0.300,-4.9,4.9,-0.1,8.7,450,450,RTK FIXED
38.710,063025.20,10.48526400,76.44418300,10.48526364,76.44418300,658051.265,1159427.961,108.00,658051.335,1159427.940,97.0,2,658050.825,1159428.954,10.48526967,76.44417933,0.000,0.375,-6.1,6.1,0.0,7.4,900,900,RTK FIXED
38.756,063025.20,10.48526400,76.44418300,10.48526378,76.44418300,658051.265,1159427.961,108.00,658051.307,1159427.948,98.1,2,658050.825,1159428.954,10.48526967,76.44417933,0.000,0.375,-6.1,6.1,0.5,7.6,1256,1256,RTK FIXED
38.810,063025.40,10.48526400,76.44418300,10.48526387,76.44418300,658051.278,1159427.962,108.00,658051.296,1159427.954,99.2,2,658050.825,1159428.954,10.48526967,76.44417933,0.000,0.394,-6.4,6.4,0.0,6.9,1319,1319,RTK FIXED
38.856,063025.40,10.48526400,76.44418300,10.48526392,76.44418300,658051.278,1159427.962,108.00,658051.289,1159427.957,100.3,2,658050.825,1159428.954,10.48526967,76.44417933,0.000,0.394,-6.4,6.4,-0.5,6.0,1319,1319,RTK FIXED
38.910,063025.40,10.48526400,76.44418300,10.48526395,76.44418300,658051.278,1159427.962,108.00,658051.285,1159427.959,101.4,2,658050.825,1159428.954,10.48526967,76.44417933,0.000,0.394,-6.4,6.4,0.0,6.0,1319,1319,RTK FIXED
38.957,063025.40,10.48526400,76.44418300,10.48526397,76.44418300,658051.278,1159427.962,108.00,658051.282,1159427.960,102.5,2,658050.825,1159428.954,10.48526967,76.44417933,0.000,0.394,-6.4,6.4,0.0,6.0,1319,1319,RTK FIXED
39.010,063025.40,10.48526400,76.44418300,10.48526398,76.44418300,658051.278,1159427.962,108.00,658051.281,1159427.961,103.7,2,658050.825,1159428.954,10.48526967,76.44417933,0.000,0.394,-6.4,6.4,0.0,5.1,1319,1319,RTK FIXED
39.057,063025.40,10.48526400,76.44418300,10.48526399,76.44418300,658051.278,1159427.962,108.00,658051.280,1159427.962,104.8,2,658050.825,1159428.954,10.48526967,76.44417933,0.000,0.394,-6.4,6.4,0.0,4.9,1319,1319,RTK FIXED
39.111,063025.60,10.48526400,76.44418300,10.48526399,76.44418300,658051.321,1159427.971,108.00,658051.296,1159427.965,105.9,2,658050.825,1159428.954,10.48526967,76.44417933,0.000,0.398,-6.5,6.5,0.5,4.1,1335,1335,RTK FIXED
39.156,063025.60,10.48526400,76.44418300,10.48526400,76.44418300,658051.321,1159427.971,108.00,658051.306,1159427.967,107.1,2,658050.825,1159428.954,10.48526967,76.44417933,0.000,0.398,-6.5,6.5,-0.6,5.0,1335,1335,RTK FIXED
39.210,063025.60,10.48526400,76.44418300,10.48526400,76.44418300,658051.321,1159427.971,108.00,658051.312,1159427.969,108.2,2,658050.825,1159428.954,10.48526967,76.44417933,0.000,0.398,-6.5,6.5,0.5,6.1,1335,1335,RTK FIXED
39.264,063025.60,10.48526400,76.44418300,10.48526400,76.44418300,658051.321,1159427.971,108.00,658051.316,1159427.969,109.4,2,658050.825,1159428.954,10.48526967,76.44417933,0.000,0.398,-6.5,6.5,-0.5,5.0,1335,1335,RTK FIXED
39.311,063025.80,10.48526400,76.44418300,10.48526400,76.44418300,658051.350,1159427.979,108.00,658051.329,1159427.973,110.5,2,658050.825,1159428.954,10.48526967,76.44417933,0.000,0.400,-6.5,6.5,0.5,5.4,1339,1339,RTK FIXED
39.365,063025.80,10.48526400,76.44418300,10.48526400,76.44418300,658051.350,1159427.979,108.00,658051.338,1159427.976,111.6,2,658050.825,1159428.954,10.48526967,76.44417933,0.000,0.400,-6.5,6.5,0.0,5.6,1339,1339,RTK FIXED
39.411,063025.80,10.48526400,76.44418300,10.48526400,76.44418300,658051.350,1159427.979,108.00,658051.342,1159427.977,112.8,2,658050.825,1159428.954,10.48526967,76.44417933,0.000,0.400,-6.5,6.5,0.0,6.0,1339,1339,RTK FIXED
39.465,063025.80,10.48526400,76.44418300,10.48526400,76.44418300,658051.350,1159427.979,108.00,658051.345,1159427.978,113.9,2,658050.825,1159428.954,10.48526967,76.44417933,0.000,0.400,-6.5,6.5,0.0,5.6,1339,1339,RTK FIXED
39.674,063026.00,10.48526400,76.44418300,10.48526400,76.44418300,658051.377,1159427.990,108.00,658051.358,1159427.983,115.1,2,658050.825,1159428.954,10.48526967,76.44417933,0.366,0.107,8.4,10.0,0.0,3.2,450,450,RTK FIXED
39.711,063026.20,10.48526500,76.44418300,10.48526440,76.44418300,658051.377,1159428.100,108.00,658051.365,1159428.030,111.1,2,658050.825,1159428.954,10.48526967,76.44417933,0.363,0.071,8.9,10.0,0.0,-0.7,900,900,RTK FIXED
39.757,063026.20,10.48526500,76.44418300,10.48526464,76.44418300,658051.377,1159428.100,108.00,658051.370,1159428.058,111.1,2,658050.825,1159428.954,10.48526967,76.44417933,0.363,0.071,8.9,10.0,0.0,0.0,1350,1350,RTK FIXED
39.811,063026.40,10.48526500,76.44418300,10.48526478,76.44418300,658051.353,1159428.091,108.00,658051.363,1159428.071,111.1,2,658050.825,1159428.954,10.48526967,76.44417933,0.362,0.067,9.0,10.0,0.0,0.0,1800,1800,RTK FIXED
39.857,063026.40,10.48526500,76.44418300,10.48526487,76.44418300,658051.353,1159428.091,108.00,658051.359,1159428.079,111.1,2,658050.825,1159428.954,10.48526967,76.44417933,0.362,0.067,9.0,10.0,0.0,0.0,1833,2047,RTK FIXED
39.911,063026.40,10.48526500,76.44418300,10.48526492,76.44418300,658051.353,1159428.091,108.00,658051.357,1159428.084,111.1,2,658050.825,1159428.954,10.48526967,76.44417933,0.362,0.067,9.0,10.0,0.0,0.0,1833,2047,RTK FIXED
39.957,063026.40,10.48526500,76.44418300,10.48526495,76.44418300,658051.353,1159428.091,108.00,658051.355,1159428.087,111.1,2,658050.825,1159428.954,10.48526967,76.44417933,0.362,0.067,9.0,10.0,0.0,0.0,1833,2047,RTK FIXED
40.011,063026.40,10.48526500,76.44418300,10.48526497,76.44418300,658051.353,1159428.091,108.00,658051.354,1159428.088,111.1,2,658050.825,1159428.954,10.48526967,76.44417933,0.362,0.067,9.0,10.0,-0.5,0.5,1833,2047,RTK FIXED
40.058,063026.40,10.48526500,76.44418300,10.48526498,76.44418300,658051.353,1159428.091,108.00,658051.354,1159428.090,111.1,2,658050.825,1159428.954,10.48526967,76.44417933,0.362,0.067,9.0,10.0,0.5,1.1,1833,2047,RTK FIXED
40.112,063026.60,10.48526500,76.44418300,10.48526499,76.44418300,658051.353,1159428.091,108.00,658051.354,1159428.090,111.1,2,658050.825,1159428.954,10.48526967,76.44417933,0.362,0.068,8.9,10.0,-0.5,1.4,1828,2047,RTK FIXED
40.165,063026.60,10.48526500,76.44418300,10.48526499,76.44418300,658051.353,1159428.091,108.00,658051.353,1159428.090,111.1,2,658050.825,1159428.954,10.48526967,76.44417933,0.362,0.068,8.9,10.0,0.5,2.3,1828,2047,RTK FIXED
40.211,063026.60,10.48526500,76.44418300,10.48526500,76.44418300,658051.353,1159428.091,108.00,658051.353,1159428.091,111.1,2,658050.825,1159428.954,10.48526967,76.44417933,0.362,0.068,8.9,10.0,-0.5,2.2,1828,2047,RTK FIXED
40.265,063026.60,10.48526500,76.44418300,10.48526500,76.44418300,658051.353,1159428.091,108.00,658051.353,1159428.091,111.1,2,658050.825,1159428.954,10.48526967,76.44417933,0.362,0.068,8.9,10.0,0.5,2.8,1828,2047,RTK FIXED
40.312,063026.80,10.48526500,76.44418300,10.48526500,76.44418300,658051.353,1159428.091,108.00,658051.353,1159428.091,111.1,2,658050.825,1159428.954,10.48526967,76.44417933,0.361,0.070,8.9,10.0,-0.5,3.7,1821,2047,RTK FIXED
40.366,063026.80,10.48526500,76.44418300,10.48526500,76.44418300,658051.353,1159428.091,108.00,658051.353,1159428.091,111.1,2,658050.825,1159428.954,10.48526967,76.44417933,0.361,0.070,8.9,10.0,0.0,3.7,1821,2047,RTK FIXED
40.411,063026.80,10.48526500,76.44418300,10.48526500,76.44418300,658051.353,1159428.091,108.00,658051.353,1159428.091,111.1,2,658050.825,1159428.954,10.48526967,76.44417933,0.361,0.070,8.9,10.0,0.5,4.3,1821,2047,RTK FIXED
40.466,063026.80,10.48526500,76.44418300,10.48526500,76.44418300,658051.353,1159428.091,108.00,658051.353,1159428.091,111.1,2,658050.825,1159428.954,10.48526967,76.44417933,0.361,0.070,8.9,10.0,-0.5,5.1,1821,2047,RTK FIXED
40.512,063027.00,10.48526500,76.44418300,10.48526500,76.44418300,658051.353,1159428.091,108.00,658051.353,1159428.091,111.1,2,658050.825,1159428.954,10.48526967,76.44417933,0.361,0.072,8.9,10.0,0.5,6.4,1816,2047,RTK FIXED
40.566,063027.00,10.48526500,76.44418300,10.48526500,76.44418300,658051.353,1159428.091,108.00,658051.353,1159428.091,111.1,2,658050.825,1159428.954,10.48526967,76.44417933,0.361,0.072,8.9,10.0,-0.5,7.0,1816,2047,RTK FIXED
40.612,063027.20,10.48526500,76.44418300,10.48526500,76.44418300,658051.353,1159428.091,108.00,658051.353,1159428.091,111.1,2,658050.825,1159428.954,10.48526967,76.44417933,0.361,0.073,8.9,10.0,0.5,5.9,1813,2047,RTK FIXED
40.666,063027.20,10.48526500,76.44418300,10.48526500,76.44418300,658051.353,1159428.091,108.00,658051.353,1159428.091,111.1,2,658050.825,1159428.954,10.48526967,76.44417933,0.361,0.073,8.9,10.0,0.0,7.0,1813,2047,RTK FIXED
40.719,063027.20,10.48526500,76.44418300,10.48526500,76.44418300,658051.353,1159428.091,108.00,658051.353,1159428.091,111.1,2,658050.825,1159428.954,10.48526967,76.44417933,0.361,0.073,8.9,10.0,-0.5,8.0,1813,2047,RTK FIXED
40.767,063027.20,10.48526500,76.44418300,10.48526500,76.44418300,658051.353,1159428.091,108.00,658051.353,1159428.091,111.1,2,658050.825,1159428.954,10.48526967,76.44417933,0.361,0.073,8.9,10.0,0.5,9.6,1813,2047,RTK FIXED
40.820,063027.40,10.48526500,76.44418300,10.48526500,76.44418300,658051.353,1159428.091,108.00,658051.353,1159428.091,111.1,2,658050.825,1159428.954,10.48526967,76.44417933,0.361,0.073,8.9,10.0,-0.5,11.1,1812,2047,RTK FIXED
40.868,063027.40,10.48526500,76.44418300,10.48526500,76.44418300,658051.353,1159428.091,108.00,658051.353,1159428.091,111.1,2,658050.825,1159428.954,10.48526967,76.44417933,0.361,0.073,8.9,10.0,0.5,11.2,1812,2047,RTK FIXED
40.920,063027.40,10.48526500,76.44418300,10.48526500,76.44418300,658051.353,1159428.091,108.00,658051.353,1159428.091,111.1,2,658050.825,1159428.954,10.48526967,76.44417933,0.361,0.073,8.9,10.0,0.0,11.8,1812,2047,RTK FIXED
40.966,063027.40,10.48526500,76.44418300,10.48526500,76.44418300,658051.353,1159428.091,108.00,658051.353,1159428.091,111.1,2,658050.825,1159428.954,10.48526967,76.44417933,0.361,0.073,8.9,10.0,-0.5,11.9,1812,2047,RTK FIXED
41.019,063027.40,10.48526500,76.44418300,10.48526500,76.44418300,658051.353,1159428.091,108.00,658051.353,1159428.091,111.1,2,658050.825,1159428.954,10.48526967,76.44417933,0.361,0.073,8.9,10.0,0.0,11.8,1812,2047,RTK FIXED
41.066,063027.40,10.48526500,76.44418300,10.48526500,76.44418300,658051.353,1159428.091,108.00,658051.353,1159428.091,111.1,2,658050.825,1159428.954,10.48526967,76.44417933,0.361,0.073,8.9,10.0,0.0,14.8,1812,2047,RTK FIXED
41.121,063027.60,10.48526500,76.44418300,10.48526500,76.44418300,658051.353,1159428.091,108.00,658051.353,1159428.091,111.1,2,658050.825,1159428.954,10.48526967,76.44417933,0.361,0.074,8.8,10.0,0.0,15.3,1811,2047,RTK FIXED
41.166,063027.60,10.48526500,76.44418300,10.48526500,76.44418300,658051.353,1159428.091,108.00,658051.353,1159428.091,111.1,2,658050.825,1159428.954,10.48526967,76.44417933,0.361,0.074,8.8,10.0,0.6,15.4,1811,2047,RTK FIXED
41.220,063027.60,10.48526500,76.44418300,10.48526500,76.44418300,658051.353,1159428.091,108.00,658051.353,1159428.091,111.1,2,658050.825,1159428.954,10.48526967,76.44417933,0.361,0.074,8.8,10.0,-0.5,17.0,1811,2047,RTK FIXED
41.274,063027.60,10.48526500,76.44418300,10.48526500,76.44418300,658051.353,1159428.091,108.00,658051.353,1159428.091,111.1,2,658050.825,1159428.954,10.48526967,76.44417933,0.361,0.074,8.8,10.0,0.0,17.1,1811,2047,RTK FIXED
41.483,063027.80,10.48526600,76.44418300,10.48526540,76.44418300,658051.353,1159428.202,108.00,658051.353,1159428.135,105.9,2,658050.825,1159428.954,10.48526967,76.44417933,0.000,0.318,-5.2,5.2,0.1,16.4,450,450,RTK FIXED
41.521,063028.00,10.48526600,76.44418300,10.48526564,76.44418300,658051.326,1159428.193,108.00,658051.342,1159428.158,106.8,2,658050.825,1159428.954,10.48526967,76.44417933,0.000,0.380,-6.2,6.2,0.0,14.1,900,900,RTK FIXED
41.566,063028.00,10.48526600,76.44418300,10.48526578,76.44418300,658051.326,1159428.193,108.00,658051.335,1159428.172,107.9,2,658050.825,1159428.954,10.48526967,76.44417933,0.000,0.380,-6.2,6.2,-0.6,11.6,1272,1272,RTK FIXED
41.621,063028.20,10.48526600,76.44418300,10.48526587,76.44418300,658051.339,1159428.197,108.00,658051.337,1159428.182,109.0,2,658050.825,1159428.954,10.48526967,76.44417933,0.000,0.395,-6.5,6.5,0.0,10.9,1323,1323,RTK FIXED
41.666,063028.20,10.48526600,76.44418300,10.48526592,76.44418300,658051.339,1159428.197,108.00,658051.338,1159428.188,110.1,2,658050.825,1159428.954,10.48526967,76.44417933,0.000,0.395,-6.5,6.5,0.0,9.4,1323,1323,RTK FIXED
41.721,063028.20,10.48526600,76.44418300,10.48526595,76.44418300,658051.339,1159428.197,108.00,658051.338,1159428.192,111.2,2,658050.825,1159428.954,10.48526967,76.44417933,0.000,0.395,-6.5,6.5,0.0,8.3,1323,1323,RTK FIXED
41.767,063028.20,10.48526600,76.44418300,10.48526597,76.44418300,658051.339,1159428.197,108.00,658051.339,1159428.194,112.4,2,658050.825,1159428.954,10.48526967,76.44417933,0.000,0.395,-6.5,6.5,0.5,7.6,1323,1323,RTK FIXED
41.821,063028.40,10.48526600,76.44418300,10.48526598,76.44418300,658051.367,1159428.207,108.00,658051.350,1159428.199,113.5,2,658050.825,1159428.954,10.48526967,76.44417933,0.000,0.399,-6.5,6.5,-0.5,6.4,1336,1336,RTK FIXED
41.866,063028.40,10.48526600,76.44418300,10.48526599,76.44418300,658051.367,1159428.207,108.00,658051.357,1159428.202,114.6,2,658050.825,1159428.954,10.48526967,76.44417933,0.000,0.399,-6.5,6.5,0.0,6.1,1336,1336,RTK FIXED
41.921,063028.40,10.48526600,76.44418300,10.48526599,76.44418300,658051.367,1159428.207,108.00,658051.361,1159428.204,115.8,2,658050.825,1159428.954,10.48526967,76.44417933,0.000,0.399,-6.5,6.5,0.0,6.5,1336,1336,RTK FIXED
41.975,063028.40,10.48526600,76.44418300,10.48526600,76.44418300,658051.367,1159428.207,108.00,658051.363,1159428.205,116.9,2,658050.825,1159428.954,10.48526967,76.44417933,0.000,0.399,-6.5,6.5,0.5,6.0,1336,1336,RTK FIXED
42.021,063028.40,10.48526600,76.44418300,10.48526600,76.44418300,658051.367,1159428.207,108.00,658051.365,1159428.206,118.1,2,658050.825,1159428.954,10.48526967,76.44417933,0.000,0.399,-6.5,6.5,0.0,6.0,1336,1336,RTK FIXED
42.074,063028.40,10.48526600,76.44418300,10.48526600,76.44418300,658051.367,1159428.207,108.00,658051.365,1159428.206,119.2,2,658050.825,1159428.954,10.48526967,76.44417933,0.000,0.399,-6.5,6.5,-0.5,5.6,1336,1336,RTK FIXED
42.122,063028.60,10.48526700,76.44418300,10.48526640,76.44418300,658051.406,1159428.337,108.00,658051.382,1159428.258,108.2,2,658050.825,1159428.954,10.48526967,76.44417933,0.000,0.400,-6.5,6.5,0.0,5.8,1339,1339,RTK FIXED
42.175,063028.60,10.48526700,76.44418300,10.48526664,76.44418300,658051.406,1159428.337,108.00,658051.391,1159428.290,109.3,2,658050.825,1159428.954,10.48526967,76.44417933,0.000,0.400,-6.5,6.5,0.5,5.6,1339,1339,RTK FIXED
42.221,063028.60,10.48526700,76.44418300,10.48526678,76.44418300,658051.406,1159428.337,108.00,658051.397,1159428.308,110.5,2,658050.825,1159428.954,10.48526967,76.44417933,0.000,0.400,-6.5,6.5,0.0,5.9,1339,1339,RTK FIXED
42.275,063028.60,10.48526700,76.44418300,10.48526687,76.44418300,658051.406,1159428.337,108.00,658051.401,1159428.320,111.6,2,658050.825,1159428.954,10.48526967,76.44417933,0.000,0.400,-6.5,6.5,-0.5,5.1,1339,1339,RTK FIXED
42.322,063028.80,10.48526700,76.44418300,10.48526692,76.44418300,658051.362,1159428.316,108.00,658051.385,1159428.318,112.8,2,658050.825,1159428.954,10.48526967,76.44417933,0.000,0.400,-6.5,6.5,0.0,5.9,1340,1340,RTK FIXED
42.375,063028.80,10.48526700,76.44418300,10.48526695,76.44418300,658051.362,1159428.316,108.00,658051.376,1159428.317,113.9,2,658050.825,1159428.954,10.48526967,76.44417933,0.000,0.400,-6.5,6.5,0.0,5.6,1340,1340,RTK FIXED
42.421,063028.80,10.48526700,76.44418300,10.48526697,76.44418300,658051.362,1159428.316,108.00,658051.370,1159428.317,115.1,2,658050.825,1159428.954,10.48526967,76.44417933,0.000,0.400,-6.5,6.5,0.0,5.4,1340,1340,RTK FIXED
42.476,063028.80,10.48526700,76.44418300,10.48526698,76.44418300,658051.362,1159428.316,108.00,658051.367,1159428.316,116.2,2,658050.825,1159428.954,10.48526967,76.44417933,0.000,0.400,-6.5,6.5,0.0,5.6,1340,1340,RTK FIXED
42.530,063029.00,10.48526700,76.44418300,10.48526699,76.44418300,658051.389,1159428.328,108.00,658051.376,1159428.321,117.3,2,658050.825,1159428.954,10.48526967,76.44417933,0.000,0.400,-6.5,6.5,0.0,5.5,1340,1340,RTK FIXED
42.575,063029.00,10.48526700,76.44418300,10.48526699,76.44418300,658051.389,1159428.328,108.00,658051.381,1159428.324,118.5,2,658050.825,1159428.954,10.48526967,76.44417933,0.000,0.400,-6.5,6.5,0.0,5.5,1340,1340,RTK FIXED
42.629,063029.20,10.48526700,76.44418300,10.48526700,76.44418300,658051.402,1159428.334,108.00,658051.390,1159428.328,119.6,2,658050.825,1159428.954,10.48526967,76.44417933,0.000,0.400,-6.5,6.5,0.0,5.5,1340,1340,RTK FIXED
42.675,063029.20,10.48526700,76.44418300,10.48526700,76.44418300,658051.402,1159428.334,108.00,658051.395,1159428.331,120.8,2,658050.825,1159428.954,10.48526967,76.44417933,0.000,0.400,-6.5,6.5,0.0,5.4,1340,1340,RTK FIXED
42.730,063029.20,10.48526700,76.44418300,10.48526700,76.44418300,658051.402,1159428.334,108.00,658051.398,1159428.332,121.9,2,658050.825,1159428.954,10.48526967,76.44417933,0.000,0.400,-6.5,6.5,0.0,5.6,1340,1340,RTK FIXED
42.777,063029.20,10.48526700,76.44418300,10.48526700,76.44418300,658051.402,1159428.334,108.00,658051.399,1159428.333,123.1,2,658050.825,1159428.954,10.48526967,76.44417933,0.000,0.400,-6.5,6.5,0.0,6.0,1340,1340,RTK FIXED
42.830,063029.40,10.48526700,76.44418300,10.48526700,76.44418300,658051.428,1159428.349,108.00,658051.411,1159428.340,107.8,2,658050.825,1159428.954,10.48526967,76.44417933,0.000,0.400,-6.5,6.5,0.0,5.5,1340,1340,RTK FIXED
42.876,063029.40,10.48526700,76.44418300,10.48526700,76.44418300,658051.428,1159428.349,108.00,658051.418,1159428.343,108.9,2,658050.825,1159428.954,10.48526967,76.44417933,0.000,0.400,-6.5,6.5,0.0,5.5,1340,1340,RTK FIXED
42.930,063029.40,10.48526700,76.44418300,10.48526700,76.44418300,658051.428,1159428.349,108.00,658051.422,1159428.346,110.0,2,658050.825,1159428.954,10.48526967,76.44417933,0.000,0.400,-6.5,6.5,0.0,5.6,1340,1340,RTK FIXED
42.975,063029.40,10.48526700,76.44418300,10.48526700,76.44418300,658051.428,1159428.349,108.00,658051.424,1159428.347,111.2,2,658050.825,1159428.954,10.48526967,76.44417933,0.000,0.400,-6.5,6.5,0.0,6.0,1340,1340,RTK FIXED
43.029,063029.40,10.48526700,76.44418300,10.48526700,76.44418300,658051.428,1159428.349,108.00,658051.426,1159428.348,112.3,2,658050.825,1159428.954,10.48526967,76.44417933,0.000,0.400,-6.5,6.5,0.0,5.6,1340,1340,RTK FIXED
43.083,063029.40,10.48526700,76.44418300,10.48526700,76.44418300,658051.428,1159428.349,108.00,658051.426,1159428.349,113.5,2,658050.825,1159428.954,10.48526967,76.44417933,0.000,0.400,-6.5,6.5,0.0,5.5,1340,1340,RTK FIXED
43.130,063029.60,10.48526700,76.44418300,10.48526700,76.44418300,658051.373,1159428.320,108.00,658051.405,1159428.337,114.6,2,658050.825,1159428.954,10.48526967,76.44417933,0.000,0.400,-6.5,6.5,0.0,5.9,1340,1340,RTK FIXED
43.183,063029.60,10.48526700,76.44418300,10.48526700,76.44418300,658051.373,1159428.320,108.00,658051.392,1159428.331,115.8,2,658050.825,1159428.954,10.48526967,76.44417933,0.000,0.400,-6.5,6.5,0.0,5.6,1340,1340,RTK FIXED
43.230,063029.60,10.48526700,76.44418300,10.48526700,76.44418300,658051.373,1159428.320,108.00,658051.385,1159428.327,116.9,2,658050.825,1159428.954,10.48526967,76.44417933,0.000,0.400,-6.5,6.5,0.0,5.9,1340,1340,RTK FIXED
43.284,063029.60,10.48526700,76.44418300,10.48526700,76.44418300,658051.373,1159428.320,108.00,658051.380,1159428.324,118.1,2,658050.825,1159428.954,10.48526967,76.44417933,0.000,0.400,-6.5,6.5,0.0,5.6,1340,1340,RTK FIXED
43.330,063029.80,10.48526700,76.44418300,10.48526700,76.44418300,658051.400,1159428.333,108.00,658051.388,1159428.328,119.2,2,658050.825,1159428.954,10.48526967,76.44417933,0.000,0.400,-6.5,6.5,0.0,5.9,1340,1340,RTK FIXED
43.384,063029.80,10.48526700,76.44418300,10.48526700,76.44418300,658051.400,1159428.333,108.00,658051.393,1159428.330,120.4,2,658050.825,1159428.954,10.48526967,76.44417933,0.000,0.400,-6.5,6.5,0.0,6.1,1340,1340,RTK FIXED
43.430,063029.80,10.48526700,76.44418300,10.48526700,76.44418300,658051.400,1159428.333,108.00,658051.395,1159428.331,121.5,2,658050.825,1159428.954,10.48526967,76.44417933,0.000,0.400,-6.5,6.5,0.0,5.9,1340,1340,RTK FIXED
43.484,063029.80,10.48526700,76.44418300,10.48526700,76.44418300,658051.400,1159428.333,108.00,658051.397,1159428.332,122.7,2,658050.825,1159428.954,10.48526967,76.44417933,0.000,0.400,-6.5,6.5,0.0,6.0,1340,1340,RTK FIXED
43.530,063030.00,10.48526700,76.44418300,10.48526700,76.44418300,658051.425,1159428.348,108.00,658051.408,1159428.338,123.8,2,658050.825,1159428.954,10.48526967,76.44417933,0.000,0.400,-6.5,6.5,0.0,5.9,1340,1340,RTK FIXED
43.583,063030.00,10.48526700,76.44418300,10.48526700,76.44418300,658051.425,1159428.348,108.00,658051.415,1159428.342,124.9,2,658050.825,1159428.954,10.48526967,76.44417933,0.000,0.400,-6.5,6.5,0.0,6.2,1340,1340,RTK FIXED
43.638,063030.20,10.48526700,76.44418300,10.48526700,76.44418300,658051.438,1159428.356,108.00,658051.424,1159428.348,126.1,2,658050.825,1159428.954,10.48526967,76.44417933,0.000,0.400,-6.5,6.5,0.0,5.9,1340,1340,RTK FIXED
43.684,063030.20,10.48526700,76.44418300,10.48526700,76.44418300,658051.438,1159428.356,108.00,658051.430,1159428.351,127.2,2,658050.825,1159428.954,10.48526967,76.44417933,0.000,0.400,-6.5,6.5,0.0,6.0,1340,1340,RTK FIXED
43.738,063030.20,10.48526700,76.44418300,10.48526700,76.44418300,658051.438,1159428.356,108.00,658051.433,1159428.353,128.4,2,658050.825,1159428.954,10.48526967,76.44417933,0.000,0.400,-6.5,6.5,0.0,6.0,1340,1340,RTK FIXED
43.783,063030.20,10.48526700,76.44418300,10.48526700,76.44418300,658051.438,1159428.356,108.00,658051.435,1159428.354,129.5,2,658050.825,1159428.954,10.48526967,76.44417933,0.000,0.400,-6.5,6.5,0.0,5.5,1340,1340,RTK FIXED
43.839,063030.40,10.48526700,76.44418300,10.48526700,76.44418300,658051.461,1159428.374,108.00,658051.446,1159428.362,130.7,2,658050.825,1159428.954,10.48526967,76.44417933,0.000,0.400,-6.5,6.5,0.0,6.4,1340,1340,RTK FIXED
43.884,063030.40,10.48526700,76.44418300,10.48526700,76.44418300,658051.461,1159428.374,108.00,658051.452,1159428.367,131.8,2,658050.825,1159428.954,10.48526967,76.44417933,0.000,0.400,-6.5,6.5,0.0,6.0,1340,1340,RTK FIXED
43.938,063030.40,10.48526700,76.44418300,10.48526700,76.44418300,658051.461,1159428.374,108.00,658051.456,1159428.370,133.0,2,658050.825,1159428.954,10.48526967,76.44417933,0.000,0.400,-6.5,6.5,0.0,6.0,1340,1340,RTK FIXED
43.984,063030.40,10.48526700,76.44418300,10.48526700,76.44418300,658051.461,1159428.374,108.00,658051.458,1159428.371,134.1,2,658050.825,1159428.954,10.48526967,76.44417933,0.000,0.400,-6.5,6.5,0.0,6.0,1340,1340,RTK FIXED
44.038,063030.40,10.48526700,76.44418300,10.48526700,76.44418300,658051.461,1159428.374,108.00,658051.459,1159428.372,135.3,2,658050.825,1159428.954,10.48526967,76.44417933,0.000,0.400,-6.5,6.5,0.0,6.1,1340,1340,RTK FIXED
44.084,063030.40,10.48526700,76.44418300,10.48526700,76.44418300,658051.461,1159428.374,108.00,658051.460,1159428.373,136.4,2,658050.825,1159428.954,10.48526967,76.44417933,0.000,0.400,-6.5,6.5,0.0,6.0,1340,1340,RTK FIXED
44.302,063030.60,10.48526700,76.44418200,10.48526700,76.44418260,658051.385,1159428.403,108.00,658051.430,1159428.385,137.5,2,658050.825,1159428.954,10.48526967,76.44417933,0.366,0.095,8.6,10.0,0.0,5.0,450,450,RTK FIXED
44.339,063030.80,10.48526700,76.44418200,10.48526700,76.44418236,658051.385,1159428.403,108.00,658051.412,1159428.392,137.5,2,658050.825,1159428.954,10.48526967,76.44417933,0.366,0.017,9.7,10.0,0.0,2.7,900,900,RTK FIXED
44.385,063030.80,10.48526700,76.44418200,10.48526700,76.44418222,658051.385,1159428.403,108.00,658051.401,1159428.397,137.5,2,658050.825,1159428.954,10.48526967,76.44417933,0.366,0.017,9.7,10.0,0.0,1.7,1350,1350,RTK FIXED
44.439,063030.80,10.48526700,76.44418200,10.48526700,76.44418213,658051.385,1159428.403,108.00,658051.394,1159428.399,137.5,2,658050.825,1159428.954,10.48526967,76.44417933,0.366,0.017,9.7,10.0,0.0,0.9,1800,1800,RTK FIXED
44.485,063030.80,10.48526700,76.44418200,10.48526700,76.44418208,658051.385,1159428.403,108.00,658051.391,1159428.401,137.5,2,658050.825,1159428.954,10.48526967,76.44417933,0.366,0.017,9.7,10.0,0.0,1.6,1991,2047,RTK FIXED
44.539,063031.00,10.48526700,76.44418200,10.48526700,76.44418205,658051.385,1159428.403,108.00,658051.388,1159428.402,137.5,2,658050.825,1159428.954,10.48526967,76.44417933,0.366,-0.004,10.0,9.9,0.0,2.8,2047,2034,RTK FIXED
44.585,063031.00,10.48526700,76.44418200,10.48526700,76.44418203,658051.385,1159428.403,108.00,658051.387,1159428.402,137.5,2,658050.825,1159428.954,10.48526967,76.44417933,0.366,-0.004,10.0,9.9,0.5,4.9,2047,2034,RTK FIXED
44.639,063031.20,10.48526700,76.44418200,10.48526700,76.44418202,658051.385,1159428.403,108.00,658051.386,1159428.403,137.5,2,658050.825,1159428.954,10.48526967,76.44417933,0.366,-0.010,10.0,9.8,-0.5,6.0,2047,2015,RTK FIXED
44.685,063031.20,10.48526700,76.44418200,10.48526700,76.44418201,658051.385,1159428.403,108.00,658051.385,1159428.403,137.5,2,658050.825,1159428.954,10.48526967,76.44417933,0.366,-0.010,10.0,9.8,0.6,7.2,2047,2015,RTK FIXED
44.739,063031.20,10.48526700,76.44418200,10.48526700,76.44418201,658051.385,1159428.403,108.00,658051.385,1159428.403,137.5,2,658050.825,1159428.954,10.48526967,76.44417933,0.366,-0.010,10.0,9.8,0.0,8.3,2047,2015,RTK FIXED
44.793,063031.20,10.48526700,76.44418200,10.48526700,76.44418200,658051.385,1159428.403,108.00,658051.385,1159428.403,137.5,2,658050.825,1159428.954,10.48526967,76.44417933,0.366,-0.010,10.0,9.8,-0.5,9.7,2047,2015,RTK FIXED
44.839,063031.40,10.48526700,76.44418200,10.48526700,76.44418200,658051.385,1159428.403,108.00,658051.385,1159428.403,137.5,2,658050.825,1159428.954,10.48526967,76.44417933,0.366,-0.012,10.0,9.8,0.5,9.8,2047,2008,RTK FIXED
44.893,063031.40,10.48526700,76.44418200,10.48526700,76.44418200,658051.385,1159428.403,108.00,658051.385,1159428.403,137.5,2,658050.825,1159428.954,10.48526967,76.44417933,0.366,-0.012,10.0,9.8,0.0,12.0,2047,2008,RTK FIXED
44.939,063031.40,10.48526700,76.44418200,10.48526700,76.44418200,658051.385,1159428.403,108.00,658051.385,1159428.403,137.5,2,658050.825,1159428.954,10.48526967,76.44417933,0.366,-0.012,10.0,9.8,-0.5,12.0,2047,2008,RTK FIXED
44.993,063031.40,10.48526700,76.44418200,10.48526700,76.44418200,658051.385,1159428.403,108.00,658051.385,1159428.403,137.5,2,658050.825,1159428.954,10.48526967,76.44417933,0.366,-0.012,10.0,9.8,0.0,13.4,2047,2008,RTK FIXED
45.039,063031.40,10.48526700,76.44418200,10.48526700,76.44418200,658051.385,1159428.403,108.00,658051.385,1159428.403,137.5,2,658050.825,1159428.954,10.48526967,76.44417933,0.366,-0.012,10.0,9.8,0.0,14.0,2047,2008,RTK FIXED
45.093,063031.40,10.48526700,76.44418200,10.48526700,76.44418200,658051.385,1159428.403,108.00,658051.385,1159428.403,137.5,2,658050.825,1159428.954,10.48526967,76.44417933,0.366,-0.012,10.0,9.8,0.0,14.4,2047,2008,RTK FIXED
45.139,063031.60,10.48526700,76.44418200,10.48526700,76.44418200,658051.385,1159428.403,108.00,658051.385,1159428.403,137.5,2,658050.825,1159428.954,10.48526967,76.44417933,0.366,-0.012,10.0,9.8,0.5,16.3,2047,2006,RTK FIXED
45.193,063031.60,10.48526700,76.44418200,10.48526700,76.44418200,658051.385,1159428.403,108.00,658051.385,1159428.403,137.5,2,658050.825,1159428.954,10.48526967,76.44417933,0.366,-0.012,10.0,9.8,0.0,16.7,2047,2006,RTK FIXED
45.247,063031.60,10.48526700,76.44418200,10.48526700,76.44418200,658051.385,1159428.403,108.00,658051.385,1159428.403,137.5,2,658050.825,1159428.954,10.48526967,76.44417933,0.366,-0.012,10.0,9.8,-0.5,19.0,2047,2006,RTK FIXED
45.293,063031.60,10.48526700,76.44418200,10.48526700,76.44418200,658051.385,1159428.403,108.00,658051.385,1159428.403,137.5,2,658050.825,1159428.954,10.48526967,76.44417933,0.366,-0.012,10.0,9.8,0.5,20.6,2047,2006,RTK FIXED
45.348,063031.80,10.48526700,76.44418200,10.48526700,76.44418200,658051.385,1159428.403,108.00,658051.385,1159428.403,137.5,2,658050.825,1159428.954,10.48526967,76.44417933,0.366,-0.013,10.0,9.8,0.0,18.4,2047,2005,RTK FIXED
45.394,063031.80,10.48526700,76.44418200,10.48526700,76.44418200,658051.385,1159428.403,108.00,658051.385,1159428.403,137.5,2,658050.825,1159428.954,10.48526967,76.44417933,0.366,-0.013,10.0,9.8,0.0,19.1,2047,2005,RTK FIXED
45.448,063031.80,10.48526700,76.44418200,10.48526700,76.44418200,658051.385,1159428.403,108.00,658051.385,1159428.403,137.5,2,658050.825,1159428.954,10.48526967,76.44417933,0.366,-0.013,10.0,9.8,0.0,19.8,2047,2005,RTK FIXED
45.494,063032.00,10.48526700,76.44418100,10.48526700,76.44418160,658051.275,1159428.403,108.00,658051.341,1159428.403,135.0,2,658050.825,1159428.954,10.48526967,76.44417933,0.366,-0.013,10.0,9.8,0.0,18.8,2047,2004,RTK FIXED
45.548,063032.00,10.48526700,76.44418100,10.48526700,76.44418136,658051.275,1159428.403,108.00,658051.315,1159428.403,135.0,2,658050.825,1159428.954,10.48526967,76.44417933,0.366,-0.013,10.0,9.8,-0.5,18.7,2047,2004,RTK FIXED
45.594,063032.00,10.48526700,76.44418100,10.48526700,76.44418122,658051.275,1159428.403,108.00,658051.299,1159428.403,135.0,2,658050.825,1159428.954,10.48526967,76.44417933,0.366,-0.013,10.0,9.8,0.0,17.9,2047,2004,RTK FIXED
45.647,063032.00,10.48526700,76.44418100,10.48526700,76.44418113,658051.275,1159428.403,108.00,658051.289,1159428.403,135.0,2,658050.825,1159428.954,10.48526967,76.44417933,0.366,-0.013,10.0,9.8,0.0,18.1,2047,2004,RTK FIXED
45.694,063032.00,10.48526700,76.44418100,10.48526700,76.44418108,658051.275,1159428.403,108.00,658051.284,1159428.403,135.0,2,658050.825,1159428.954,10.48526967,76.44417933,0.366,-0.013,10.0,9.8,0.0,18.4,2047,2004,RTK FIXED
45.748,063032.20,10.48526800,76.44418100,10.48526740,76.44418105,658051.263,1159428.502,108.00,658051.275,1159428.442,135.0,2,658050.825,1159428.954,10.48526967,76.44417933,0.366,-0.016,10.0,9.7,0.0,18.4,2047,1994,RTK FIXED
45.794,063032.20,10.48526800,76.44418100,10.48526764,76.44418103,658051.263,1159428.502,108.00,658051.270,1159428.466,135.0,2,658050.825,1159428.954,10.48526967,76.44417933,0.366,-0.016,10.0,9.7,0.0,18.1,2047,1994,RTK FIXED
45.848,063032.40,10.48526800,76.44418100,10.48526778,76.44418102,658051.263,1159428.502,108.00,658051.267,1159428.480,133.0,2,658050.825,1159428.954,10.48526967,76.44417933,0.366,-0.007,10.0,9.9,0.0,17.9,2047,2024,RTK FIXED
45.902,063032.40,10.48526800,76.44418100,10.48526787,76.44418101,658051.263,1159428.502,108.00,658051.266,1159428.489,133.0,2,658050.825,1159428.954,10.48526967,76.44417933,0.366,-0.007,10.0,9.9,0.0,17.7,2047,2024,RTK FIXED
45.947,063032.40,10.48526800,76.44418100,10.48526792,76.44418101,658051.263,1159428.502,108.00,658051.265,1159428.494,133.0,2,658050.825,1159428.954,10.48526967,76.44417933,0.366,-0.007,10.0,9.9,0.0,17.6,2047,2024,RTK FIXED
46.002,063032.40,10.48526800,76.44418100,10.48526795,76.44418100,658051.263,1159428.502,108.00,658051.264,1159428.497,133.0,2,658050.825,1159428.954,10.48526967,76.44417933,0.366,-0.007,10.0,9.9,0.0,17.2,2047,2024,RTK FIXED
46.048,063032.60,10.48526900,76.44418100,10.48526837,76.44418100,658051.253,1159428.604,108.00,658051.260,1159428.540,133.0,2,658050.825,1159428.954,10.48526967,76.44417933,0.366,-0.002,10.0,10.0,0.5,18.0,2047,2041,RTK FIXED
46.101,063032.60,10.48526900,76.44418100,10.48526862,76.44418100,658051.253,1159428.604,108.00,658051.257,1159428.565,133.0,2,658050.825,1159428.954,10.48526967,76.44417933,0.366,-0.002,10.0,10.0,0.0,17.5,2047,2041,RTK FIXED
46.148,063032.60,10.48526900,76.44418100,10.48526877,76.44418100,658051.253,1159428.604,108.00,658051.255,1159428.581,133.0,2,658050.825,1159428.954,10.48526967,76.44417933,0.366,-0.002,10.0,10.0,-0.5,17.1,2047,2041,RTK FIXED
46.202,063032.60,10.48526900,76.44418100,10.48526886,76.44418100,658051.253,1159428.604,108.00,658051.254,1159428.590,133.0,2,658050.825,1159428.954,10.48526967,76.44417933,0.366,-0.002,10.0,10.0,0.0,17.6,2047,2041,RTK FIXED
46.248,063032.60,10.48526900,76.44418100,10.48526892,76.44418100,658051.253,1159428.604,108.00,658051.254,1159428.595,133.0,2,658050.825,1159428.954,10.48526967,76.44417933,0.366,-0.002,10.0,10.0,0.5,17.9,2047,2041,RTK FIXED
46.302,063032.80,10.48526900,76.44418100,10.48526895,76.44418100,658051.253,1159428.604,108.00,658051.254,1159428.599,124.8,2,658050.825,1159428.954,10.48526967,76.44417933,0.363,0.041,9.4,10.0,0.0,18.4,1914,2047,RTK FIXED
46.348,063032.80,10.48526900,76.44418100,10.48526897,76.44418100,658051.253,1159428.604,108.00,658051.253,1159428.601,124.8,2,658050.825,1159428.954,10.48526967,76.44417933,0.363,0.041,9.4,10.0,-0.6,18.2,1914,2047,RTK FIXED
46.403,063032.80,10.48526900,76.44418100,10.48526898,76.44418100,658051.253,1159428.604,108.00,658051.253,1159428.602,124.8,2,658050.825,1159428.954,10.48526967,76.44417933,0.363,0.041,9.4,10.0,0.5,17.9,1914,2047,RTK FIXED
46.456,063032.80,10.48526900,76.44418100,10.48526899,76.44418100,658051.253,1159428.604,108.00,658051.253,1159428.603,124.8,2,658050.825,1159428.954,10.48526967,76.44417933,0.363,0.041,9.4,10.0,0.0,18.1,1914,2047,RTK FIXED
46.502,063032.80,10.48526900,76.44418100,10.48526899,76.44418100,658051.253,1159428.604,108.00,658051.253,1159428.603,124.8,2,658050.825,1159428.954,10.48526967,76.44417933,0.363,0.041,9.4,10.0,-0.5,18.1,1914,2047,RTK FIXED
46.557,063033.00,10.48526900,76.44418000,10.48526900,76.44418060,658051.101,1159428.571,108.00,658051.192,1159428.590,124.8,2,658050.825,1159428.954,10.48526967,76.44417933,0.365,0.029,9.5,10.0,0.5,17.3,1951,2047,RTK FIXED
46.602,063033.00,10.48526900,76.44418000,10.48526900,76.44418036,658051.101,1159428.571,108.00,658051.156,1159428.583,124.8,2,658050.825,1159428.954,10.48526967,76.44417933,0.365,0.029,9.5,10.0,0.0,16.9,1951,2047,RTK FIXED
46.656,063033.00,10.48526900,76.44418000,10.48526900,76.44418022,658051.101,1159428.571,108.00,658051.134,1159428.578,124.8,2,658050.825,1159428.954,10.48526967,76.44417933,0.365,0.029,9.5,10.0,0.0,17.6,1951,2047,RTK FIXED
46.703,063033.20,10.48526900,76.44418000,10.48526900,76.44418013,658051.101,1159428.571,108.00,658051.121,1159428.575,139.6,2,658050.825,1159428.954,10.48526967,76.44417933,0.359,-0.060,10.0,9.0,0.0,17.7,2047,1851,RTK FIXED
46.757,063033.20,10.48526900,76.44418000,10.48526900,76.44418008,658051.101,1159428.571,108.00,658051.113,1159428.573,139.6,2,658050.825,1159428.954,10.48526967,76.44417933,0.359,-0.060,10.0,9.0,-0.5,16.8,2047,1851,RTK FIXED
46.803,063033.20,10.48526900,76.44418000,10.48526900,76.44418005,658051.101,1159428.571,108.00,658051.108,1159428.572,139.6,2,658050.825,1159428.954,10.48526967,76.44417933,0.359,-0.060,10.0,9.0,0.0,17.3,2047,1851,RTK FIXED
46.857,063033.20,10.48526900,76.44418000,10.48526900,76.44418003,658051.101,1159428.571,108.00,658051.106,1159428.572,139.6,2,658050.825,1159428.954,10.48526967,76.44417933,0.359,-0.060,10.0,9.0,0.5,15.8,2047,1851,RTK FIXED
46.903,063033.40,10.48527000,76.44418000,10.48526940,76.44418002,658051.173,1159428.744,108.00,658051.133,1159428.641,139.6,2,658050.825,1159428.954,10.48526967,76.44417933,0.362,-0.066,10.0,9.0,-0.5,16.2,2047,1835,RTK FIXED
46.957,063033.40,10.48527000,76.44418000,10.48526964,76.44418001,658051.173,1159428.744,108.00,658051.149,1159428.682,139.6,2,658050.825,1159428.954,10.48526967,76.44417933,0.362,-0.066,10.0,9.0,0.0,15.8,2047,1835,RTK FIXED
47.010,063033.40,10.48527000,76.44418000,10.48526978,76.44418001,658051.173,1159428.744,108.00,658051.159,1159428.707,139.6,2,658050.825,1159428.954,10.48526967,76.44417933,0.362,-0.066,10.0,9.0,0.0,16.3,2047,1835,RTK FIXED
47.057,063033.40,10.48527000,76.44418000,10.48526987,76.44418000,658051.173,1159428.744,108.00,658051.165,1159428.722,139.6,2,658050.825,1159428.954,10.48526967,76.44417933,0.362,-0.066,10.0,9.0,0.0,16.2,2047,1835,RTK FIXED
47.111,063033.60,10.48527000,76.44418000,10.48526992,76.44418000,658051.173,1159428.744,108.00,658051.168,1159428.730,123.5,2,658050.825,1159428.954,10.48526967,76.44417933,0.350,0.023,9.6,10.0,0.0,15.6,1968,2047,RTK FIXED
47.157,063033.60,10.48527000,76.44418000,10.48526995,76.44418000,658051.173,1159428.744,108.00,658051.170,1159428.736,123.5,2,658050.825,1159428.954,10.48526967,76.44417933,0.350,0.023,9.6,10.0,0.5,15.3,1968,2047,RTK FIXED
47.212,063033.80,10.48527000,76.44418000,10.48526997,76.44418000,658051.094,1159428.677,108.00,658051.140,1159428.712,123.5,2,658050.825,1159428.954,10.48526967,76.44417933,0.333,0.034,9.4,10.0,0.0,15.4,1924,2047,RTK FIXED
47.257,063033.80,10.48527000,76.44418000,10.48526998,76.44418000,658051.094,1159428.677,108.00,658051.121,1159428.698,123.5,2,658050.825,1159428.954,10.48526967,76.44417933,0.333,0.034,9.4,10.0,-0.6,15.5,1924,2047,RTK FIXED
47.311,063033.80,10.48527000,76.44418000,10.48526999,76.44418000,658051.094,1159428.677,108.00,658051.110,1159428.690,123.5,2,658050.825,1159428.954,10.48526967,76.44417933,0.333,0.034,9.4,10.0,0.0,15.3,1924,2047,RTK FIXED
47.357,063033.80,10.48527000,76.44418000,10.48526999,76.44418000,658051.094,1159428.677,108.00,658051.104,1159428.685,123.5,2,658050.825,1159428.954,10.48526967,76.44417933,0.333,0.034,9.4,10.0,0.0,15.7,1924,2047,RTK FIXED
47.414,063034.00,10.48527100,76.44418000,10.48527040,76.44418000,658051.094,1159428.788,108.00,658051.100,1159428.726,123.5,3,658050.292,1159429.873,10.48527800,76.44417450,0.366,0.022,9.6,10.0,0.4,17.7,1974,2047,RTK FIXED
47.457,063034.00,10.48527100,76.44418000,10.48527064,76.44418000,658051.094,1159428.788,108.00,658051.097,1159428.751,123.5,3,658050.292,1159429.873,10.48527800,76.44417450,0.366,0.022,9.6,10.0,0.0,17.5,1974,2047,RTK FIXED
47.511,063034.00,10.48527100,76.44418000,10.48527078,76.44418000,658051.094,1159428.788,108.00,658051.096,1159428.766,123.5,3,658050.292,1159429.873,10.48527800,76.44417450,0.366,0.022,9.6,10.0,0.0,17.9,1974,2047,RTK FIXED
47.565,063034.00,10.48527100,76.44418000,10.48527087,76.44418000,658051.094,1159428.788,108.00,658051.095,1159428.775,123.5,3,658050.292,1159429.873,10.48527800,76.44417450,0.366,0.022,9.6,10.0,0.0,18.1,1974,2047,RTK FIXED
47.611,063034.00,10.48527100,76.44418000,10.48527092,76.44418000,658051.094,1159428.788,108.00,658051.094,1159428.780,123.5,3,658050.292,1159429.873,10.48527800,76.44417450,0.366,0.022,9.6,10.0,-0.5,18.4,1974,2047,RTK FIXED
47.665,063034.00,10.48527100,76.44418000,10.48527095,76.44418000,658051.094,1159428.788,108.00,658051.094,1159428.783,123.5,3,658050.292,1159429.873,10.48527800,76.44417450,0.366,0.022,9.6,10.0,0.5,18.0,1974,2047,RTK FIXED
47.711,063034.20,10.48527100,76.44417900,10.48527097,76.44417960,658050.984,1159428.787,108.00,658051.050,1159428.785,130.3,3,658050.292,1159429.873,10.48527800,76.44417450,0.365,-0.015,10.0,9.8,-0.5,17.8,2047,1997,RTK FIXED
47.765,063034.20,10.48527100,76.44417900,10.48527098,76.44417936,658050.984,1159428.787,108.00,658051.024,1159428.786,130.3,3,658050.292,1159429.873,10.48527800,76.44417450,0.365,-0.015,10.0,9.8,0.5,18.1,2047,1997,RTK FIXED
47.812,063034.40,10.48527100,76.44417900,10.48527099,76.44417922,658051.020,1159428.813,108.00,658051.022,1159428.797,130.3,3,658050.292,1159429.873,10.48527800,76.44417450,0.365,-0.025,10.0,9.6,-0.5,17.8,2047,1966,RTK FIXED
47.866,063034.40,10.48527100,76.44417900,10.48527099,76.44417913,658051.020,1159428.813,108.00,658051.021,1159428.803,130.3,3,658050.292,1159429.873,10.48527800,76.44417450,0.365,-0.025,10.0,9.6,0.5,17.7,2047,1966,RTK FIXED
47.911,063034.40,10.48527100,76.44417900,10.48527100,76.44417908,658051.020,1159428.813,108.00,658051.021,1159428.807,130.3,3,658050.292,1159429.873,10.48527800,76.44417450,0.365,-0.025,10.0,9.6,-0.5,17.4,2047,1966,RTK FIXED
47.965,063034.40,10.48527100,76.44417900,10.48527100,76.44417905,658051.020,1159428.813,108.00,658051.020,1159428.809,130.3,3,658050.292,1159429.873,10.48527800,76.44417450,0.365,-0.025,10.0,9.6,0.5,18.1,2047,1966,RTK FIXED
48.010,063034.40,10.48527100,76.44417900,10.48527100,76.44417903,658051.020,1159428.813,108.00,658051.020,1159428.811,130.3,3,658050.292,1159429.873,10.48527800,76.44417450,0.365,-0.025,10.0,9.6,0.0,17.3,2047,1966,RTK FIXED
48.066,063034.40,10.48527100,76.44417900,10.48527100,76.44417902,658051.020,1159428.813,108.00,658051.020,1159428.811,130.3,3,658050.292,1159429.873,10.48527800,76.44417450,0.365,-0.025,10.0,9.6,-0.5,18.2,2047,1966,RTK FIXED
48.120,063034.60,10.48527100,76.44417900,10.48527100,76.44417901,658051.020,1159428.813,108.00,658051.020,1159428.812,130.3,3,658050.292,1159429.873,10.48527800,76.44417450,0.365,-0.027,10.0,9.6,0.0,17.5,2047,1958,RTK FIXED
48.166,063034.60,10.48527100,76.44417900,10.48527100,76.44417901,658051.020,1159428.813,108.00,658051.020,1159428.812,130.3,3,658050.292,1159429.873,10.48527800,76.44417450,0.365,-0.027,10.0,9.6,0.5,18.0,2047,1958,RTK FIXED
48.220,063034.80,10.48527200,76.44417900,10.48527140,76.44417900,658051.019,1159428.923,108.00,658051.020,1159428.857,124.5,3,658050.292,1159429.873,10.48527800,76.44417450,0.366,0.001,10.0,10.0,0.0,17.5,2044,2047,RTK FIXED
48.266,063034.80,10.48527200,76.44417900,10.48527164,76.44417900,658051.019,1159428.923,108.00,658051.020,1159428.883,124.5,3,658050.292,1159429.873,10.48527800,76.44417450,0.366,0.001,10.0,10.0,-0.5,18.1,2044,2047,RTK FIXED
48.319,063034.80,10.48527200,76.44417900,10.48527178,76.44417900,658051.019,1159428.923,108.00,658051.019,1159428.899,124.5,3,658050.292,1159429.873,10.48527800,76.44417450,0.366,0.001,10.0,10.0,0.0,18.1,2044,2047,RTK FIXED
48.366,063034.80,10.48527200,76.44417900,10.48527187,76.44417900,658051.019,1159428.923,108.00,658051.019,1159428.909,124.5,3,658050.292,1159429.873,10.48527800,76.44417450,0.366,0.001,10.0,10.0,0.5,17.3,2044,2047,RTK FIXED
48.419,063034.80,10.48527200,76.44417900,10.48527192,76.44417900,658051.019,1159428.923,108.00,658051.019,1159428.915,124.5,3,658050.292,1159429.873,10.48527800,76.44417450,0.366,0.001,10.0,10.0,0.0,18.3,2044,2047,RTK FIXED
48.466,063034.80,10.48527200,76.44417900,10.48527195,76.44417900,658051.019,1159428.923,108.00,658051.019,1159428.918,124.5,3,658050.292,1159429.873,10.48527800,76.44417450,0.366,0.001,10.0,10.0,-0.5,18.1,2044,2047,RTK FIXED
48.520,063035.00,10.48527200,76.44417800,10.48527197,76.44417860,658050.880,1159428.901,108.00,658050.963,1159428.911,124.5,3,658050.292,1159429.873,10.48527800,76.44417450,0.366,0.000,10.0,10.0,0.0,18.6,2046,2047,RTK FIXED
48.565,063035.00,10.48527200,76.44417800,10.48527198,76.44417836,658050.880,1159428.901,108.00,658050.930,1159428.907,124.5,3,658050.292,1159429.873,10.48527800,76.44417450,0.366,0.000,10.0,10.0,0.5,18.5,2046,2047,RTK FIXED
48.621,063035.20,10.48527300,76.44417800,10.48527239,76.44417822,658050.879,1159429.012,108.00,658050.910,1159428.949,129.1,3,658050.292,1159429.873,10.48527800,76.44417450,0.366,-0.016,10.0,9.7,-0.5,18.3,2047,1995,RTK FIXED
48.674,063035.20,10.48527300,76.44417800,10.48527263,76.44417813,658050.879,1159429.012,108.00,658050.897,1159428.974,129.1,3,658050.292,1159429.873,10.48527800,76.44417450,0.366,-0.016,10.0,9.7,0.5,18.7,2047,1995,RTK FIXED
48.720,063035.20,10.48527300,76.44417800,10.48527278,76.44417808,658050.879,1159429.012,108.00,658050.890,1159428.989,129.1,3,658050.292,1159429.873,10.48527800,76.44417450,0.366,-0.016,10.0,9.7,-0.5,18.5,2047,1995,RTK FIXED
48.775,063035.20,10.48527300,76.44417800,10.48527287,76.44417805,658050.879,1159429.012,108.00,658050.886,1159428.998,129.1,3,658050.292,1159429.873,10.48527800,76.44417450,0.366,-0.016,10.0,9.7,0.5,18.6,2047,1995,RTK FIXED
48.820,063035.40,10.48527300,76.44417800,10.48527292,76.44417803,658050.903,1159429.029,108.00,658050.893,1159429.010,129.1,3,658050.292,1159429.873,10.48527800,76.44417450,0.366,-0.014,10.0,9.8,-0.5,17.1,2047,2000,RTK FIXED
48.874,063035.40,10.48527300,76.44417800,10.48527295,76.44417802,658050.903,1159429.029,108.00,658050.897,1159429.018,129.1,3,658050.292,1159429.873,10.48527800,76.44417450,0.366,-0.014,10.0,9.8,0.0,18.1,2047,2000,RTK FIXED
48.919,063035.40,10.48527300,76.44417800,10.48527297,76.44417801,658050.903,1159429.029,108.00,658050.899,1159429.022,129.1,3,658050.292,1159429.873,10.48527800,76.44417450,0.366,-0.014,10.0,9.8,0.6,17.7,2047,2000,RTK FIXED
48.974,063035.40,10.48527300,76.44417800,10.48527298,76.44417801,658050.903,1159429.029,108.00,658050.901,1159429.025,129.1,3,658050.292,1159429.873,10.48527800,76.44417450,0.366,-0.014,10.0,9.8,0.0,17.8,2047,2000,RTK FIXED
49.020,063035.40,10.48527300,76.44417800,10.48527299,76.44417800,658050.903,1159429.029,108.00,658050.902,1159429.026,129.1,3,658050.292,1159429.873,10.48527800,76.44417450,0.366,-0.014,10.0,9.8,-0.5,17.9,2047,2000,RTK FIXED
49.075,063035.40,10.48527300,76.44417800,10.48527299,76.44417800,658050.903,1159429.029,108.00,658050.902,1159429.027,129.1,3,658050.292,1159429.873,10.48527800,76.44417450,0.366,-0.014,10.0,9.8,0.0,18.2,2047,2000,RTK FIXED
49.120,063035.60,10.48527300,76.44417800,10.48527300,76.44417800,658050.903,1159429.029,108.00,658050.903,1159429.028,129.1,3,658050.292,1159429.873,10.48527800,76.44417450,0.366,-0.010,10.0,9.8,0.6,17.8,2047,2014,RTK FIXED
49.174,063035.60,10.48527300,76.44417800,10.48527300,76.44417800,658050.903,1159429.029,108.00,658050.903,1159429.028,129.1,3,658050.292,1159429.873,10.48527800,76.44417450,0.366,-0.010,10.0,9.8,0.0,17.6,2047,2014,RTK FIXED
49.227,063035.60,10.48527300,76.44417800,10.48527300,76.44417800,658050.903,1159429.029,108.00,658050.903,1159429.028,129.1,3,658050.292,1159429.873,10.48527800,76.44417450,0.366,-0.010,10.0,9.8,0.0,18.3,2047,2014,RTK FIXED
49.274,063035.60,10.48527300,76.44417800,10.48527300,76.44417800,658050.903,1159429.029,108.00,658050.903,1159429.028,129.1,3,658050.292,1159429.873,10.48527800,76.44417450,0.366,-0.010,10.0,9.8,-0.5,17.6,2047,2014,RTK FIXED
49.329,063035.80,10.48527300,76.44417800,10.48527300,76.44417800,658050.903,1159429.029,108.00,658050.903,1159429.029,122.2,3,658050.292,1159429.873,10.48527800,76.44417450,0.365,0.020,9.7,10.0,0.0,17.5,1982,2047,RTK FIXED
49.374,063035.80,10.48527300,76.44417800,10.48527300,76.44417800,658050.903,1159429.029,108.00,658050.903,1159429.029,122.2,3,658050.292,1159429.873,10.48527800,76.44417450,0.365,0.020,9.7,10.0,0.6,17.6,1982,2047,RTK FIXED
49.428,063035.80,10.48527300,76.44417800,10.48527300,76.44417800,658050.903,1159429.029,108.00,658050.903,1159429.029,122.2,3,658050.292,1159429.873,10.48527800,76.44417450,0.365,0.020,9.7,10.0,0.0,18.0,1982,2047,RTK FIXED
49.474,063035.80,10.48527300,76.44417800,10.48527300,76.44417800,658050.903,1159429.029,108.00,658050.903,1159429.029,122.2,3,658050.292,1159429.873,10.48527800,76.44417450,0.365,0.020,9.7,10.0,0.0,18.4,1982,2047,RTK FIXED
49.529,063036.00,10.48527400,76.44417800,10.48527340,76.44417800,658050.866,1159429.114,108.00,658050.888,1159429.063,122.2,3,658050.292,1159429.873,10.48527800,76.44417450,0.365,0.030,9.5,10.0,0.0,18.0,1949,2047,RTK FIXED
49.574,063036.00,10.48527400,76.44417800,10.48527364,76.44417800,658050.866,1159429.114,108.00,658050.879,1159429.083,122.2,3,658050.292,1159429.873,10.48527800,76.44417450,0.365,0.030,9.5,10.0,0.0,18.0,1949,2047,RTK FIXED
49.629,063036.20,10.48527400,76.44417700,10.48527378,76.44417760,658050.756,1159429.114,108.00,658050.830,1159429.096,126.4,3,658050.292,1159429.873,10.48527800,76.44417450,0.366,0.007,9.9,10.0,-0.5,18.0,2022,2047,RTK FIXED
49.682,063036.20,10.48527400,76.44417700,10.48527387,76.44417736,658050.756,1159429.114,108.00,658050.801,1159429.103,126.4,3,658050.292,1159429.873,10.48527800,76.44417450,0.366,0.007,9.9,10.0,0.5,17.8,2022,2047,RTK FIXED
49.728,063036.20,10.48527400,76.44417700,10.48527392,76.44417722,658050.756,1159429.114,108.00,658050.783,1159429.107,126.4,3,658050.292,1159429.873,10.48527800,76.44417450,0.366,0.007,9.9,10.0,0.0,18.0,2022,2047,RTK FIXED
49.782,063036.20,10.48527400,76.44417700,10.48527395,76.44417713,658050.756,1159429.114,108.00,658050.772,1159429.110,126.4,3,658050.292,1159429.873,10.48527800,76.44417450,0.366,0.007,9.9,10.0,-0.5,17.5,2022,2047,RTK FIXED
49.829,063036.40,10.48527500,76.44417700,10.48527437,76.44417708,658050.779,1159429.239,108.00,658050.775,1159429.162,126.4,3,658050.292,1159429.873,10.48527800,76.44417450,0.366,0.002,10.0,10.0,0.5,18.1,2041,2047,RTK FIXED
49.882,063036.40,10.48527500,76.44417700,10.48527462,76.44417705,658050.779,1159429.239,108.00,658050.776,1159429.192,126.4,3,658050.292,1159429.873,10.48527800,76.44417450,0.366,0.002,10.0,10.0,0.0,17.7,2041,2047,RTK FIXED
49.929,063036.40,10.48527500,76.44417700,10.48527477,76.44417703,658050.779,1159429.239,108.00,658050.777,1159429.211,126.4,3,658050.292,1159429.873,10.48527800,76.44417450,0.366,0.002,10.0,10.0,-0.5,18.5,2041,2047,RTK FIXED
49.983,063036.40,10.48527500,76.44417700,10.48527486,76.44417702,658050.779,1159429.239,108.00,658050.778,1159429.222,126.4,3,658050.292,1159429.873,10.48527800,76.44417450,0.366,0.002,10.0,10.0,0.0,17.6,2041,2047,RTK FIXED
50.028,063036.40,10.48527500,76.44417700,10.48527492,76.44417701,658050.779,1159429.239,108.00,658050.778,1159429.229,126.4,3,658050.292,1159429.873,10.48527800,76.44417450,0.366,0.002,10.0,10.0,0.0,17.8,2041,2047,RTK FIXED
50.083,063036.40,10.48527500,76.44417700,10.48527495,76.44417701,658050.779,1159429.239,108.00,658050.778,1159429.233,126.4,3,658050.292,1159429.873,10.48527800,76.44417450,0.366,0.002,10.0,10.0,0.5,17.7,2041,2047,RTK FIXED
50.129,063036.60,10.48527500,76.44417700,10.48527497,76.44417700,658050.779,1159429.239,108.00,658050.778,1159429.235,121.4,3,658050.292,1159429.873,10.48527800,76.44417450,0.365,0.024,9.6,10.0,-0.5,17.7,1968,2047,RTK FIXED
50.183,063036.60,10.48527500,76.44417700,10.48527498,76.44417700,658050.779,1159429.239,108.00,658050.779,1159429.237,121.4,3,658050.292,1159429.873,10.48527800,76.44417450,0.365,0.024,9.6,10.0,0.0,17.7,1968,2047,RTK FIXED
50.237,063036.60,10.48527500,76.44417700,10.48527499,76.44417700,658050.779,1159429.239,108.00,658050.779,1159429.238,121.4,3,658050.292,1159429.873,10.48527800,76.44417450,0.365,0.024,9.6,10.0,0.0,18.1,1968,2047,RTK FIXED
50.283,063036.60,10.48527500,76.44417700,10.48527499,76.44417700,658050.779,1159429.239,108.00,658050.779,1159429.238,121.4,3,658050.292,1159429.873,10.48527800,76.44417450,0.365,0.024,9.6,10.0,0.5,17.7,1968,2047,RTK FIXED
50.337,063036.80,10.48527500,76.44417700,10.48527500,76.44417700,658050.752,1159429.222,108.00,658050.768,1159429.232,121.4,3,658050.292,1159429.873,10.48527800,76.44417450,0.365,0.026,9.6,10.0,-0.5,18.0,1961,2047,RTK FIXED
50.383,063036.80,10.48527500,76.44417700,10.48527500,76.44417700,658050.752,1159429.222,108.00,658050.761,1159429.228,121.4,3,658050.292,1159429.873,10.48527800,76.44417450,0.365,0.026,9.6,10.0,0.5,18.1,1961,2047,RTK FIXED
50.437,063036.80,10.48527500,76.44417700,10.48527500,76.44417700,658050.752,1159429.222,108.00,658050.757,1159429.225,121.4,3,658050.292,1159429.873,10.48527800,76.44417450,0.365,0.026,9.6,10.0,-0.5,18.1,1961,2047,RTK FIXED
50.483,063036.80,10.48527500,76.44417700,10.48527500,76.44417700,658050.752,1159429.222,108.00,658050.755,1159429.224,121.4,3,658050.292,1159429.873,10.48527800,76.44417450,0.365,0.026,9.6,10.0,0.5,17.9,1961,2047,RTK FIXED
50.538,063037.00,10.48527600,76.44417700,10.48527540,76.44417700,658050.751,1159429.332,108.00,658050.753,1159429.267,121.4,3,658050.292,1159429.873,10.48527800,76.44417450,0.365,0.034,9.5,10.0,-0.5,17.9,1936,2047,RTK FIXED
50.584,063037.00,10.48527600,76.44417700,10.48527564,76.44417700,658050.751,1159429.332,108.00,658050.753,1159429.293,121.4,3,658050.292,1159429.873,10.48527800,76.44417450,0.365,0.034,9.5,10.0,0.0,17.9,1936,2047,RTK FIXED
50.638,063037.20,10.48527600,76.44417600,10.48527578,76.44417660,658050.642,1159429.332,108.00,658050.708,1159429.309,123.5,3,658050.292,1159429.873,10.48527800,76.44417450,0.366,0.012,9.8,10.0,0.0,18.1,2008,2047,RTK FIXED
50.683,063037.20,10.48527600,76.44417600,10.48527587,76.44417636,658050.642,1159429.332,108.00,658050.682,1159429.318,123.5,3,658050.292,1159429.873,10.48527800,76.44417450,0.366,0.012,9.8,10.0,0.0,17.6,2008,2047,RTK FIXED
50.738,063037.20,10.48527600,76.44417600,10.48527592,76.44417622,658050.642,1159429.332,108.00,658050.666,1159429.324,123.5,3,658050.292,1159429.873,10.48527800,76.44417450,0.366,0.012,9.8,10.0,0.5,17.9,2008,2047,RTK FIXED
50.791,063037.20,10.48527600,76.44417600,10.48527595,76.44417613,658050.642,1159429.332,108.00,658050.656,1159429.327,123.5,3,658050.292,1159429.873,10.48527800,76.44417450,0.366,0.012,9.8,10.0,0.0,18.1,2008,2047,RTK FIXED
50.838,063037.40,10.48527600,76.44417600,10.48527597,76.44417608,658050.653,1159429.339,108.00,658050.655,1159429.332,123.5,3,658050.292,1159429.873,10.48527800,76.44417450,0.366,0.003,10.0,10.0,-0.5,17.7,2037,2047,RTK FIXED
50.891,063037.40,10.48527600,76.44417600,10.48527598,76.44417605,658050.653,1159429.339,108.00,658050.654,1159429.335,123.5,3,658050.292,1159429.873,10.48527800,76.44417450,0.366,0.003,10.0,10.0,0.5,18.2,2037,2047,RTK FIXED
50.938,063037.40,10.48527600,76.44417600,10.48527599,76.44417603,658050.653,1159429.339,108.00,658050.654,1159429.336,123.5,3,658050.292,1159429.873,10.48527800,76.44417450,0.366,0.003,10.0,10.0,-0.5,18.3,2037,2047,RTK FIXED
50.991,063037.40,10.48527600,76.44417600,10.48527599,76.44417602,658050.653,1159429.339,108.00,658050.654,1159429.337,123.5,3,658050.292,1159429.873,10.48527800,76.44417450,0.366,0.003,10.0,10.0,0.0,18.2,2037,2047,RTK FIXED
51.038,063037.40,10.48527600,76.44417600,10.48527600,76.44417601,658050.653,1159429.339,108.00,658050.653,1159429.338,123.5,3,658050.292,1159429.873,10.48527800,76.44417450,0.366,0.003,10.0,10.0,0.5,18.4,2037,2047,RTK FIXED
51.091,063037.40,10.48527600,76.44417600,10.48527600,76.44417601,658050.653,1159429.339,108.00,658050.653,1159429.338,123.5,3,658050.292,1159429.873,10.48527800,76.44417450,0.366,0.003,10.0,10.0,0.0,18.5,2037,2047,RTK FIXED
51.138,063037.60,10.48527600,76.44417600,10.48527600,76.44417600,658050.653,1159429.339,108.00,658050.653,1159429.339,123.5,3,658050.292,1159429.873,10.48527800,76.44417450,0.366,0.001,10.0,10.0,0.0,18.2,2045,2047,RTK FIXED
51.191,063037.60,10.48527600,76.44417600,10.48527600,76.44417600,658050.653,1159429.339,108.00,658050.653,1159429.339,123.5,3,658050.292,1159429.873,10.48527800,76.44417450,0.366,0.001,10.0,10.0,0.0,18.5,2045,2047,RTK FIXED
51.238,063037.60,10.48527600,76.44417600,10.48527600,76.44417600,658050.653,1159429.339,108.00,658050.653,1159429.339,123.5,3,658050.292,1159429.873,10.48527800,76.44417450,0.366,0.001,10.0,10.0,-0.5,19.2,2045,2047,RTK FIXED
51.291,063037.60,10.48527600,76.44417600,10.48527600,76.44417600,658050.653,1159429.339,108.00,658050.653,1159429.339,123.5,3,658050.292,1159429.873,10.48527800,76.44417450,0.366,0.001,10.0,10.0,0.0,18.6,2045,2047,RTK FIXED
51.346,063037.80,10.48527700,76.44417600,10.48527640,76.44417600,658050.653,1159429.450,108.00,658050.653,1159429.383,122.5,3,658050.292,1159429.873,10.48527800,76.44417450,0.366,0.009,9.8,10.0,0.5,18.8,2015,2047,RTK FIXED
51.392,063037.80,10.48527700,76.44417600,10.48527664,76.44417600,658050.653,1159429.450,108.00,658050.653,1159429.410,122.5,3,658050.292,1159429.873,10.48527800,76.44417450,0.366,0.009,9.8,10.0,-0.5,19.2,2015,2047,RTK FIXED
51.445,063037.80,10.48527700,76.44417600,10.48527678,76.44417600,658050.653,1159429.450,108.00,658050.653,1159429.426,122.5,3,658050.292,1159429.873,10.48527800,76.44417450,0.366,0.009,9.8,10.0,0.0,18.8,2015,2047,RTK FIXED
51.492,063037.80,10.48527700,76.44417600,10.48527687,76.44417600,658050.653,1159429.450,108.00,658050.653,1159429.435,122.5,3,658050.292,1159429.873,10.48527800,76.44417450,0.366,0.009,9.8,10.0,0.5,18.7,2015,2047,RTK FIXED
51.546,063038.00,10.48527700,76.44417600,10.48527692,76.44417600,658050.647,1159429.446,108.00,658050.651,1159429.440,122.5,3,658050.292,1159429.873,10.48527800,76.44417450,0.366,0.015,9.8,10.0,0.0,18.4,1997,2047,RTK FIXED
51.591,063038.00,10.48527700,76.44417600,10.48527695,76.44417600,658050.647,1159429.446,108.00,658050.649,1159429.442,122.5,3,658050.292,1159429.873,10.48527800,76.44417450,0.366,0.015,9.8,10.0,0.0,18.7,1997,2047,RTK FIXED
51.646,063038.00,10.48527700,76.44417600,10.48527697,76.44417600,658050.647,1159429.446,108.00,658050.648,1159429.444,122.5,3,658050.292,1159429.873,10.48527800,76.44417450,0.366,0.015,9.8,10.0,0.0,18.4,1997,2047,RTK FIXED
51.693,063038.20,10.48527800,76.44417600,10.48527738,76.44417600,658050.647,1159429.557,108.00,658050.648,1159429.489,115.2,3,658050.292,1159429.873,10.48527800,76.44417450,0.359,0.071,8.9,10.0,-0.5,19.2,1817,2047,RTK FIXED
51.746,063038.20,10.48527800,76.44417600,10.48527763,76.44417600,658050.647,1159429.557,108.00,658050.647,1159429.516,115.2,3,658050.292,1159429.873,10.48527800,76.44417450,0.359,0.071,8.9,10.0,0.5,18.3,1817,2047,RTK FIXED
51.792,063038.20,10.48527800,76.44417600,10.48527778,76.44417600,658050.647,1159429.557,108.00,658050.647,1159429.532,115.2,3,658050.292,1159429.873,10.48527800,76.44417450,0.359,0.071,8.9,10.0,0.0,18.0,1817,2047,RTK FIXED
51.845,063038.20,10.48527800,76.44417600,10.48527787,76.44417600,658050.647,1159429.557,108.00,658050.647,1159429.542,115.2,3,658050.292,1159429.873,10.48527800,76.44417450,0.359,0.071,8.9,10.0,0.0,18.7,1817,2047,RTK FIXED
51.902,063038.40,10.48527800,76.44417500,10.48527792,76.44417560,658050.495,1159429.534,108.00,658050.586,1159429.539,115.2,3,658050.292,1159429.873,10.48527800,76.44417450,0.362,0.068,8.9,10.0,0.0,18.5,1829,2047,RTK FIXED
51.946,063038.40,10.48527800,76.44417500,10.48527795,76.44417536,658050.495,1159429.534,108.00,658050.550,1159429.537,115.2,3,658050.292,1159429.873,10.48527800,76.44417450,0.362,0.068,8.9,10.0,0.0,18.1,1829,2047,RTK FIXED
52.000,063038.40,10.48527800,76.44417500,10.48527797,76.44417522,658050.495,1159429.534,108.00,658050.528,1159429.536,115.2,3,658050.292,1159429.873,10.48527800,76.44417450,0.362,0.068,8.9,10.0,-0.5,18.8,1829,2047,RTK FIXED
52.045,063038.40,10.48527800,76.44417500,10.48527798,76.44417513,658050.495,1159429.534,108.00,658050.515,1159429.535,115.2,3,658050.292,1159429.873,10.48527800,76.44417450,0.362,0.068,8.9,10.0,0.0,18.4,1829,2047,RTK FIXED
52.101,063038.60,10.48527800,76.44417500,10.48527799,76.44417508,658050.495,1159429.534,108.00,658050.507,1159429.535,127.4,3,658050.292,1159429.873,10.48527800,76.44417450,0.358,-0.001,10.0,10.0,0.0,18.6,2047,2044,RTK FIXED
52.146,063038.60,10.48527800,76.44417500,10.48527799,76.44417505,658050.495,1159429.534,108.00,658050.502,1159429.535,127.4,3,658050.292,1159429.873,10.48527800,76.44417450,0.358,-0.001,10.0,10.0,0.0,17.6,2047,2044,RTK FIXED
52.200,063038.60,10.48527800,76.44417500,10.48527800,76.44417503,658050.495,1159429.534,108.00,658050.499,1159429.535,127.4,3,658050.292,1159429.873,10.48527800,76.44417450,0.358,-0.001,10.0,10.0,0.5,18.0,2047,2044,RTK FIXED
52.246,063038.60,10.48527800,76.44417500,10.48527800,76.44417502,658050.495,1159429.534,108.00,658050.497,1159429.535,127.4,3,658050.292,1159429.873,10.48527800,76.44417450,0.358,-0.001,10.0,10.0,-0.5,17.9,2047,2044,RTK FIXED
52.301,063038.80,10.48527800,76.44417500,10.48527800,76.44417501,658050.563,1159429.573,108.00,658050.524,1159429.550,127.4,3,658050.292,1159429.873,10.48527800,76.44417450,0.343,-0.011,10.0,9.8,0.5,18.5,2047,2008,RTK FIXED
52.347,063038.80,10.48527800,76.44417500,10.48527800,76.44417501,658050.563,1159429.573,108.00,658050.540,1159429.559,127.4,3,658050.292,1159429.873,10.48527800,76.44417450,0.343,-0.011,10.0,9.8,0.0,18.0,2047,2008,RTK FIXED
52.400,063038.80,10.48527800,76.44417500,10.48527800,76.44417500,658050.563,1159429.573,108.00,658050.549,1159429.565,127.4,3,658050.292,1159429.873,10.48527800,76.44417450,0.343,-0.011,10.0,9.8,0.0,18.6,2047,2008,RTK FIXED
52.449,063039.00,10.48527900,76.44417500,10.48527840,76.44417500,658050.563,1159429.684,108.00,658050.555,1159429.613,114.8,4,658049.759,1159430.793,10.48528633,76.44416967,0.362,0.048,9.2,10.0,0.0,18.9,1891,2047,RTK FIXED
52.501,063039.00,10.48527900,76.44417500,10.48527864,76.44417500,658050.563,1159429.684,108.00,658050.558,1159429.641,114.8,4,658049.759,1159430.793,10.48528633,76.44416967,0.362,0.048,9.2,10.0,-0.5,19.0,1891,2047,RTK FIXED
52.554,063039.00,10.48527900,76.44417500,10.48527878,76.44417500,658050.563,1159429.684,108.00,658050.560,1159429.658,114.8,4,658049.759,1159430.793,10.48528633,76.44416967,0.362,0.048,9.2,10.0,0.0,19.0,1891,2047,RTK FIXED
52.601,063039.20,10.48527900,76.44417500,10.48527887,76.44417500,658050.492,1159429.644,108.00,658050.533,1159429.653,114.8,4,658049.759,1159430.793,10.48528633,76.44416967,0.362,0.059,9.1,10.0,0.0,18.7,1856,2047,RTK FIXED
52.655,063039.20,10.48527900,76.44417500,10.48527892,76.44417500,658050.492,1159429.644,108.00,658050.517,1159429.649,114.8,4,658049.759,1159430.793,10.48528633,76.44416967,0.362,0.059,9.1,10.0,0.5,18.3,1856,2047,RTK FIXED
52.701,063039.20,10.48527900,76.44417500,10.48527895,76.44417500,658050.492,1159429.644,108.00,658050.507,1159429.647,114.8,4,658049.759,1159430.793,10.48528633,76.44416967,0.362,0.059,9.1,10.0,-0.5,16.8,1856,2047,RTK FIXED
52.755,063039.20,10.48527900,76.44417500,10.48527897,76.44417500,658050.492,1159429.644,108.00,658050.501,1159429.646,114.8,4,658049.759,1159430.793,10.48528633,76.44416967,0.362,0.059,9.1,10.0,0.0,17.6,1856,2047,RTK FIXED
52.801,063039.40,10.48527900,76.44417400,10.48527898,76.44417460,658050.383,1159429.643,108.00,658050.454,1159429.645,128.4,4,658049.759,1159430.793,10.48528633,76.44416967,0.364,-0.017,10.0,9.7,0.5,17.6,2047,1991,RTK FIXED
52.855,063039.40,10.48527900,76.44417400,10.48527899,76.44417436,658050.383,1159429.643,108.00,658050.425,1159429.644,128.4,4,658049.759,1159430.793,10.48528633,76.44416967,0.364,-0.017,10.0,9.7,-0.5,17.8,2047,1991,RTK FIXED
52.909,063039.40,10.48527900,76.44417400,10.48527899,76.44417422,658050.383,1159429.643,108.00,658050.408,1159429.644,128.4,4,658049.759,1159430.793,10.48528633,76.44416967,0.364,-0.017,10.0,9.7,0.0,17.6,2047,1991,RTK FIXED
52.954,063039.40,10.48527900,76.44417400,10.48527900,76.44417413,658050.383,1159429.643,108.00,658050.398,1159429.644,128.4,4,658049.759,1159430.793,10.48528633,76.44416967,0.364,-0.017,10.0,9.7,0.0,17.5,2047,1991,RTK FIXED
53.009,063039.60,10.48528000,76.44417400,10.48527940,76.44417408,658050.458,1159429.798,108.00,658050.422,1159429.705,128.4,4,658049.759,1159430.793,10.48528633,76.44416967,0.365,-0.026,10.0,9.6,0.5,16.8,2047,1962,RTK FIXED
53.055,063039.60,10.48528000,76.44417400,10.48527964,76.44417405,658050.458,1159429.798,108.00,658050.436,1159429.742,128.4,4,658049.759,1159430.793,10.48528633,76.44416967,0.365,-0.026,10.0,9.6,-0.5,17.5,2047,1962,RTK FIXED
53.109,063039.60,10.48528000,76.44417400,10.48527978,76.44417403,658050.458,1159429.798,108.00,658050.445,1159429.765,128.4,4,658049.759,1159430.793,10.48528633,76.44416967,0.365,-0.026,10.0,9.6,0.5,17.2,2047,1962,RTK FIXED
53.155,063039.60,10.48528000,76.44417400,10.48527987,76.44417402,658050.458,1159429.798,108.00,658050.450,1159429.778,128.4,4,658049.759,1159430.793,10.48528633,76.44416967,0.365,-0.026,10.0,9.6,-0.5,16.7,2047,1962,RTK FIXED
53.209,063039.60,10.48528000,76.44417400,10.48527992,76.44417401,658050.458,1159429.798,108.00,658050.453,1159429.786,128.4,4,658049.759,1159430.793,10.48528633,76.44416967,0.365,-0.026,10.0,9.6,0.0,18.5,2047,1962,RTK FIXED
53.255,063039.60,10.48528000,76.44417400,10.48527995,76.44417401,658050.458,1159429.798,108.00,658050.455,1159429.791,128.4,4,658049.759,1159430.793,10.48528633,76.44416967,0.365,-0.026,10.0,9.6,0.5,17.5,2047,1962,RTK FIXED
53.310,063039.80,10.48528000,76.44417400,10.48527997,76.44417400,658050.458,1159429.798,108.00,658050.456,1159429.794,118.3,4,658049.759,1159430.793,10.48528633,76.44416967,0.365,0.024,9.6,10.0,0.0,17.0,1969,2047,RTK FIXED
53.355,063039.80,10.48528000,76.44417400,10.48527998,76.44417400,658050.458,1159429.798,108.00,658050.457,1159429.795,118.3,4,658049.759,1159430.793,10.48528633,76.44416967,0.365,0.024,9.6,10.0,0.0,15.8,1969,2047,RTK FIXED
53.410,063039.80,10.48528000,76.44417400,10.48527999,76.44417400,658050.458,1159429.798,108.00,658050.457,1159429.796,118.3,4,658049.759,1159430.793,10.48528633,76.44416967,0.365,0.024,9.6,10.0,0.0,17.2,1969,2047,RTK FIXED
53.463,063039.80,10.48528000,76.44417400,10.48527999,76.44417400,658050.458,1159429.798,108.00,658050.458,1159429.797,118.3,4,658049.759,1159430.793,10.48528633,76.44416967,0.365,0.024,9.6,10.0,0.0,16.7,1969,2047,RTK FIXED
53.510,063040.00,10.48528000,76.44417400,10.48528000,76.44417400,658050.403,1159429.764,108.00,658050.436,1159429.784,118.3,4,658049.759,1159430.793,10.48528633,76.44416967,0.365,0.031,9.5,10.0,-0.5,17.7,1944,2047,RTK FIXED
53.563,063040.00,10.48528000,76.44417400,10.48528000,76.44417400,658050.403,1159429.764,108.00,658050.423,1159429.776,118.3,4,658049.759,1159430.793,10.48528633,76.44416967,0.365,0.031,9.5,10.0,0.5,18.2,1944,2047,RTK FIXED
53.609,063040.00,10.48528000,76.44417400,10.48528000,76.44417400,658050.403,1159429.764,108.00,658050.415,1159429.771,118.3,4,658049.759,1159430.793,10.48528633,76.44416967,0.365,0.031,9.5,10.0,0.0,17.3,1944,2047,RTK FIXED
53.664,063040.20,10.48528000,76.44417400,10.48528000,76.44417400,658050.403,1159429.764,108.00,658050.410,1159429.768,118.3,4,658049.759,1159430.793,10.48528633,76.44416967,0.365,0.030,9.5,10.0,-0.5,18.3,1947,2047,RTK FIXED
53.709,063040.20,10.48528000,76.44417400,10.48528000,76.44417400,658050.403,1159429.764,108.00,658050.407,1159429.766,118.3,4,658049.759,1159430.793,10.48528633,76.44416967,0.365,0.030,9.5,10.0,0.6,17.6,1947,2047,RTK FIXED
53.763,063040.20,10.48528000,76.44417400,10.48528000,76.44417400,658050.403,1159429.764,108.00,658050.405,1159429.765,118.3,4,658049.759,1159430.793,10.48528633,76.44416967,0.365,0.030,9.5,10.0,-0.5,18.1,1947,2047,RTK FIXED
53.810,063040.40,10.48528100,76.44417300,10.48528040,76.44417360,658050.293,1159429.874,108.00,658050.360,1159429.809,126.1,4,658049.759,1159430.793,10.48528633,76.44416967,0.366,-0.008,10.0,9.9,0.0,17.5,2047,2020,RTK FIXED
53.864,063040.40,10.48528100,76.44417300,10.48528064,76.44417336,658050.293,1159429.874,108.00,658050.333,1159429.835,126.1,4,658049.759,1159430.793,10.48528633,76.44416967,0.366,-0.008,10.0,9.9,0.5,17.8,2047,2020,RTK FIXED
53.910,063040.40,10.48528100,76.44417300,10.48528078,76.44417322,658050.293,1159429.874,108.00,658050.317,1159429.850,126.1,4,658049.759,1159430.793,10.48528633,76.44416967,0.366,-0.008,10.0,9.9,0.0,18.0,2047,2020,RTK FIXED
53.963,063040.40,10.48528100,76.44417300,10.48528087,76.44417313,658050.293,1159429.874,108.00,658050.307,1159429.860,126.1,4,658049.759,1159430.793,10.48528633,76.44416967,0.366,-0.008,10.0,9.9,-0.5,17.2,2047,2020,RTK FIXED
54.010,063040.40,10.48528100,76.44417300,10.48528092,76.44417308,658050.293,1159429.874,108.00,658050.302,1159429.865,126.1,4,658049.759,1159430.793,10.48528633,76.44416967,0.366,-0.008,10.0,9.9,0.5,18.5,2047,2020,RTK FIXED
54.063,063040.40,10.48528100,76.44417300,10.48528095,76.44417305,658050.293,1159429.874,108.00,658050.298,1159429.869,126.1,4,658049.759,1159430.793,10.48528633,76.44416967,0.366,-0.008,10.0,9.9,0.0,17.6,2047,2020,RTK FIXED
54.118,063040.60,10.48528100,76.44417300,10.48528097,76.44417303,658050.336,1159429.899,108.00,658050.313,1159429.881,126.1,4,658049.759,1159430.793,10.48528633,76.44416967,0.366,-0.014,10.0,9.8,-0.5,18.3,2047,1999,RTK FIXED
54.163,063040.60,10.48528100,76.44417300,10.48528098,76.44417302,658050.336,1159429.899,108.00,658050.322,1159429.888,126.1,4,658049.759,1159430.793,10.48528633,76.44416967,0.366,-0.014,10.0,9.8,0.0,17.8,2047,1999,RTK FIXED
54.218,063040.60,10.48528100,76.44417300,10.48528099,76.44417301,658050.336,1159429.899,108.00,658050.328,1159429.893,126.1,4,658049.759,1159430.793,10.48528633,76.44416967,0.366,-0.014,10.0,9.8,0.0,18.3,2047,1999,RTK FIXED
54.263,063040.60,10.48528100,76.44417300,10.48528099,76.44417301,658050.336,1159429.899,108.00,658050.331,1159429.895,126.1,4,658049.759,1159430.793,10.48528633,76.44416967,0.366,-0.014,10.0,9.8,0.6,17.6,2047,1999,RTK FIXED
54.318,063040.80,10.48528100,76.44417300,10.48528100,76.44417300,658050.336,1159429.899,108.00,658050.333,1159429.897,126.1,4,658049.759,1159430.793,10.48528633,76.44416967,0.366,-0.014,10.0,9.8,0.0,17.7,2047,2001,RTK FIXED
54.363,063040.80,10.48528100,76.44417300,10.48528100,76.44417300,658050.336,1159429.899,108.00,658050.334,1159429.898,126.1,4,658049.759,1159430.793,10.48528633,76.44416967,0.366,-0.014,10.0,9.8,-0.6,18.3,2047,2001,RTK FIXED
54.418,063040.80,10.48528100,76.44417300,10.48528100,76.44417300,658050.336,1159429.899,108.00,658050.335,1159429.899,126.1,4,658049.759,1159430.793,10.48528633,76.44416967,0.366,-0.014,10.0,9.8,0.5,18.3,2047,2001,RTK FIXED
54.464,063040.80,10.48528100,76.44417300,10.48528100,76.44417300,658050.336,1159429.899,108.00,658050.335,1159429.899,126.1,4,658049.759,1159430.793,10.48528633,76.44416967,0.366,-0.014,10.0,9.8,-0.5,17.9,2047,2001,RTK FIXED
54.518,063041.00,10.48528200,76.44417300,10.48528140,76.44417300,658050.336,1159430.010,108.00,658050.335,1159429.943,119.2,4,658049.759,1159430.793,10.48528633,76.44416967,0.365,0.024,9.6,10.0,0.0,18.4,1968,2047,RTK FIXED
54.564,063041.00,10.48528200,76.44417300,10.48528164,76.44417300,658050.336,1159430.010,108.00,658050.335,1159429.970,119.2,4,658049.759,1159430.793,10.48528633,76.44416967,0.365,0.024,9.6,10.0,0.6,18.2,1968,2047,RTK FIXED
54.617,063041.00,10.48528200,76.44417300,10.48528178,76.44417300,658050.336,1159430.010,108.00,658050.335,1159429.986,119.2,4,658049.759,1159430.793,10.48528633,76.44416967,0.365,0.024,9.6,10.0,-0.5,18.1,1968,2047,RTK FIXED
54.672,063041.20,10.48528200,76.44417300,10.48528187,76.44417300,658050.298,1159429.987,108.00,658050.320,1159429.986,119.2,4,658049.759,1159430.793,10.48528633,76.44416967,0.365,0.032,9.5,10.0,0.0,18.2,1942,2047,RTK FIXED
54.717,063041.20,10.48528200,76.44417300,10.48528192,76.44417300,658050.298,1159429.987,108.00,658050.311,1159429.987,119.2,4,658049.759,1159430.793,10.48528633,76.44416967,0.365,0.032,9.5,10.0,0.0,18.8,1942,2047,RTK FIXED
54.771,063041.20,10.48528200,76.44417300,10.48528195,76.44417300,658050.298,1159429.987,108.00,658050.306,1159429.987,119.2,4,658049.759,1159430.793,10.48528633,76.44416967,0.365,0.032,9.5,10.0,0.5,18.6,1942,2047,RTK FIXED
54.819,063041.40,10.48528200,76.44417200,10.48528197,76.44417260,658050.188,1159429.987,108.00,658050.259,1159429.987,128.7,4,658049.759,1159430.793,10.48528633,76.44416967,0.364,-0.024,10.0,9.6,-0.5,18.5,2047,1967,RTK FIXED
54.873,063041.40,10.48528200,76.44417200,10.48528198,76.44417236,658050.188,1159429.987,108.00,658050.230,1159429.987,128.7,4,658049.759,1159430.793,10.48528633,76.44416967,0.364,-0.024,10.0,9.6,0.5,18.6,2047,1967,RTK FIXED
54.919,063041.40,10.48528200,76.44417200,10.48528199,76.44417222,658050.188,1159429.987,108.00,658050.213,1159429.987,128.7,4,658049.759,1159430.793,10.48528633,76.44416967,0.364,-0.024,10.0,9.6,0.0,18.3,2047,1967,RTK FIXED
54.972,063041.40,10.48528200,76.44417200,10.48528199,76.44417213,658050.188,1159429.987,108.00,658050.203,1159429.987,128.7,4,658049.759,1159430.793,10.48528633,76.44416967,0.364,-0.024,10.0,9.6,-0.5,17.3,2047,1967,RTK FIXED
55.018,063041.40,10.48528200,76.44417200,10.48528200,76.44417208,658050.188,1159429.987,108.00,658050.197,1159429.987,128.7,4,658049.759,1159430.793,10.48528633,76.44416967,0.364,-0.024,10.0,9.6,0.5,17.8,2047,1967,RTK FIXED
55.073,063041.40,10.48528200,76.44417200,10.48528200,76.44417205,658050.188,1159429.987,108.00,658050.194,1159429.987,128.7,4,658049.759,1159430.793,10.48528633,76.44416967,0.364,-0.024,10.0,9.6,0.0,18.1,2047,1967,RTK FIXED
55.119,063041.60,10.48528300,76.44417200,10.48528240,76.44417203,658050.239,1159430.130,108.00,658050.212,1159430.044,128.7,4,658049.759,1159430.793,10.48528633,76.44416967,0.365,-0.029,10.0,9.5,-0.5,17.4,2047,1953,RTK FIXED
55.173,063041.60,10.48528300,76.44417200,10.48528264,76.44417202,658050.239,1159430.130,108.00,658050.223,1159430.078,128.7,4,658049.759,1159430.793,10.48528633,76.44416967,0.365,-0.029,10.0,9.5,0.0,17.2,2047,1953,RTK FIXED
55.226,063041.60,10.48528300,76.44417200,10.48528278,76.44417201,658050.239,1159430.130,108.00,658050.229,1159430.099,128.7,4,658049.759,1159430.793,10.48528633,76.44416967,0.365,-0.029,10.0,9.5,0.0,18.5,2047,1953,RTK FIXED
55.273,063041.60,10.48528300,76.44417200,10.48528287,76.44417201,658050.239,1159430.130,108.00,658050.233,1159430.111,128.7,4,658049.759,1159430.793,10.48528633,76.44416967,0.365,-0.029,10.0,9.5,0.5,18.1,2047,1953,RTK FIXED
55.327,063041.80,10.48528300,76.44417200,10.48528292,76.44417200,658050.239,1159430.130,108.00,658050.236,1159430.119,120.3,4,658049.759,1159430.793,10.48528633,76.44416967,0.365,0.011,9.8,10.0,-0.5,17.7,2010,2047,RTK FIXED
55.373,063041.80,10.48528300,76.44417200,10.48528295,76.44417200,658050.239,1159430.130,108.00,658050.237,1159430.123,120.3,4,658049.759,1159430.793,10.48528633,76.44416967,0.365,0.011,9.8,10.0,0.5,18.1,2010,2047,RTK FIXED
55.426,063041.80,10.48528300,76.44417200,10.48528297,76.44417200,658050.239,1159430.130,108.00,658050.238,1159430.126,120.3,4,658049.759,1159430.793,10.48528633,76.44416967,0.365,0.011,9.8,10.0,0.0,18.2,2010,2047,RTK FIXED
55.473,063041.80,10.48528300,76.44417200,10.48528298,76.44417200,658050.239,1159430.130,108.00,658050.238,1159430.127,120.3,4,658049.759,1159430.793,10.48528633,76.44416967,0.365,0.011,9.8,10.0,0.0,17.7,2010,2047,RTK FIXED
55.527,063042.00,10.48528300,76.44417200,10.48528299,76.44417200,658050.194,1159430.100,108.00,658050.220,1159430.117,120.3,4,658049.759,1159430.793,10.48528633,76.44416967,0.366,0.015,9.8,10.0,0.0,17.9,1996,2047,RTK FIXED
55.574,063042.00,10.48528300,76.44417200,10.48528299,76.44417200,658050.194,1159430.100,108.00,658050.210,1159430.110,120.3,4,658049.759,1159430.793,10.48528633,76.44416967,0.366,0.015,9.8,10.0,0.0,18.1,1996,2047,RTK FIXED
55.627,063042.20,10.48528400,76.44417200,10.48528340,76.44417200,658050.193,1159430.211,108.00,658050.203,1159430.150,120.3,4,658049.759,1159430.793,10.48528633,76.44416967,0.365,0.022,9.6,10.0,0.0,17.9,1973,2047,RTK FIXED
55.681,063042.20,10.48528400,76.44417200,10.48528364,76.44417200,658050.193,1159430.211,108.00,658050.199,1159430.175,120.3,4,658049.759,1159430.793,10.48528633,76.44416967,0.365,0.022,9.6,10.0,0.0,18.3,1973,2047,RTK FIXED
55.727,063042.20,10.48528400,76.44417200,10.48528378,76.44417200,658050.193,1159430.211,108.00,658050.197,1159430.189,120.3,4,658049.759,1159430.793,10.48528633,76.44416967,0.365,0.022,9.6,10.0,0.0,18.3,1973,2047,RTK FIXED
55.780,063042.20,10.48528400,76.44417200,10.48528387,76.44417200,658050.193,1159430.211,108.00,658050.195,1159430.198,120.3,4,658049.759,1159430.793,10.48528633,76.44416967,0.365,0.022,9.6,10.0,-0.5,17.9,1973,2047,RTK FIXED
55.827,063042.40,10.48528400,76.44417100,10.48528392,76.44417160,658050.084,1159430.210,108.00,658050.151,1159430.203,124.1,4,658049.759,1159430.793,10.48528633,76.44416967,0.366,0.003,10.0,10.0,0.0,18.5,2038,2047,RTK FIXED
55.880,063042.40,10.48528400,76.44417100,10.48528395,76.44417136,658050.084,1159430.210,108.00,658050.124,1159430.206,124.1,4,658049.759,1159430.793,10.48528633,76.44416967,0.366,0.003,10.0,10.0,0.5,18.5,2038,2047,RTK FIXED
55.927,063042.40,10.48528400,76.44417100,10.48528397,76.44417122,658050.084,1159430.210,108.00,658050.108,1159430.208,124.1,4,658049.759,1159430.793,10.48528633,76.44416967,0.366,0.003,10.0,10.0,0.0,18.1,2038,2047,RTK FIXED
55.981,063042.40,10.48528400,76.44417100,10.48528398,76.44417113,658050.084,1159430.210,108.00,658050.098,1159430.209,124.1,4,658049.759,1159430.793,10.48528633,76.44416967,0.366,0.003,10.0,10.0,0.0,18.1,2038,2047,RTK FIXED
56.027,063042.40,10.48528400,76.44417100,10.48528399,76.44417108,658050.084,1159430.210,108.00,658050.092,1159430.210,124.1,4,658049.759,1159430.793,10.48528633,76.44416967,0.366,0.003,10.0,10.0,-0.5,18.4,2038,2047,RTK FIXED
56.081,063042.40,10.48528400,76.44417100,10.48528399,76.44417105,658050.084,1159430.210,108.00,658050.089,1159430.210,124.1,4,658049.759,1159430.793,10.48528633,76.44416967,0.366,0.003,10.0,10.0,0.0,18.5,2038,2047,RTK FIXED
56.127,063042.60,10.48528400,76.44417100,10.48528400,76.44417103,658050.105,1159430.223,108.00,658050.095,1159430.215,124.1,4,658049.759,1159430.793,10.48528633,76.44416967,0.366,-0.005,10.0,9.9,0.5,18.3,2047,2029,RTK FIXED
56.181,063042.60,10.48528400,76.44417100,10.48528400,76.44417102,658050.105,1159430.223,108.00,658050.099,1159430.218,124.1,4,658049.759,1159430.793,10.48528633,76.44416967,0.366,-0.005,10.0,9.9,0.0,18.1,2047,2029,RTK FIXED
56.227,063042.60,10.48528400,76.44417100,10.48528400,76.44417101,658050.105,1159430.223,108.00,658050.102,1159430.220,124.1,4,658049.759,1159430.793,10.48528633,76.44416967,0.366,-0.005,10.0,9.9,-0.6,18.8,2047,2029,RTK FIXED
56.283,063042.60,10.48528400,76.44417100,10.48528400,76.44417101,658050.105,1159430.223,108.00,658050.103,1159430.222,124.1,4,658049.759,1159430.793,10.48528633,76.44416967,0.366,-0.005,10.0,9.9,0.4,17.9,2047,2029,RTK FIXED
56.335,063042.80,10.48528500,76.44417100,10.48528440,76.44417100,658050.105,1159430.334,108.00,658050.104,1159430.266,121.1,4,658049.759,1159430.793,10.48528633,76.44416967,0.366,0.004,9.9,10.0,-0.5,18.1,2034,2047,RTK FIXED
56.381,063042.80,10.48528500,76.44417100,10.48528464,76.44417100,658050.105,1159430.334,108.00,658050.104,1159430.293,121.1,4,658049.759,1159430.793,10.48528633,76.44416967,0.366,0.004,9.9,10.0,0.5,17.9,2034,2047,RTK FIXED
56.435,063042.80,10.48528500,76.44417100,10.48528478,76.44417100,658050.105,1159430.334,108.00,658050.104,1159430.310,121.1,4,658049.759,1159430.793,10.48528633,76.44416967,0.366,0.004,9.9,10.0,0.0,18.0,2034,2047,RTK FIXED
56.481,063042.80,10.48528500,76.44417100,10.48528487,76.44417100,658050.105,1159430.334,108.00,658050.104,1159430.319,121.1,4,658049.759,1159430.793,10.48528633,76.44416967,0.366,0.004,9.9,10.0,-0.5,18.0,2034,2047,RTK FIXED
56.536,063043.00,10.48528500,76.44417100,10.48528492,76.44417100,658050.088,1159430.324,108.00,658050.098,1159430.321,121.1,4,658049.759,1159430.793,10.48528633,76.44416967,0.366,0.007,9.9,10.0,0.0,18.3,2023,2047,RTK FIXED
56.582,063043.00,10.48528500,76.44417100,10.48528495,76.44417100,658050.088,1159430.324,108.00,658050.094,1159430.322,121.1,4,658049.759,1159430.793,10.48528633,76.44416967,0.366,0.007,9.9,10.0,0.5,18.5,2023,2047,RTK FIXED
56.636,063043.20,10.48528500,76.44417100,10.48528497,76.44417100,658050.088,1159430.324,108.00,658050.091,1159430.323,121.1,4,658049.759,1159430.793,10.48528633,76.44416967,0.366,0.009,9.9,10.0,0.0,17.8,2018,2047,RTK FIXED
56.682,063043.20,10.48528500,76.44417100,10.48528498,76.44417100,658050.088,1159430.324,108.00,658050.090,1159430.323,121.1,4,658049.759,1159430.793,10.48528633,76.44416967,0.366,0.009,9.9,10.0,0.0,17.7,2018,2047,RTK FIXED
56.735,063043.20,10.48528500,76.44417100,10.48528499,76.44417100,658050.088,1159430.324,108.00,658050.089,1159430.323,121.1,4,658049.759,1159430.793,10.48528633,76.44416967,0.366,0.009,9.9,10.0,-0.5,18.8,2018,2047,RTK FIXED
56.781,063043.20,10.48528500,76.44417100,10.48528499,76.44417100,658050.088,1159430.324,108.00,658050.089,1159430.323,121.1,4,658049.759,1159430.793,10.48528633,76.44416967,0.366,0.009,9.9,10.0,0.5,17.4,2018,2047,RTK FIXED
56.836,063043.40,10.48528500,76.44417000,10.48528500,76.44417060,658049.978,1159430.323,108.00,658050.044,1159430.323,126.9,4,658049.759,1159430.793,10.48528633,76.44416967,0.365,-0.027,10.0,9.6,0.0,17.6,2047,1959,RTK FIXED
56.890,063043.40,10.48528500,76.44417000,10.48528500,76.44417036,658049.978,1159430.323,108.00,658050.018,1159430.323,126.9,4,658049.759,1159430.793,10.48528633,76.44416967,0.365,-0.027,10.0,9.6,0.0,18.3,2047,1959,RTK FIXED
56.936,063043.40,10.48528500,76.44417000,10.48528500,76.44417022,658049.978,1159430.323,108.00,658050.002,1159430.323,126.9,4,658049.759,1159430.793,10.48528633,76.44416967,0.365,-0.027,10.0,9.6,-0.5,16.8,2047,1959,RTK FIXED
56.990,063043.40,10.48528500,76.44417000,10.48528500,76.44417013,658049.978,1159430.323,108.00,658049.993,1159430.323,126.9,4,658049.759,1159430.793,10.48528633,76.44416967,0.365,-0.027,10.0,9.6,0.0,17.6,2047,1959,RTK FIXED
57.036,063043.40,10.48528500,76.44417000,10.48528500,76.44417008,658049.978,1159430.323,108.00,658049.987,1159430.323,126.9,4,658049.759,1159430.793,10.48528633,76.44416967,0.365,-0.027,10.0,9.6,0.5,17.9,2047,1959,RTK FIXED
57.090,063043.40,10.48528500,76.44417000,10.48528500,76.44417005,658049.978,1159430.323,108.00,658049.983,1159430.323,126.9,4,658049.759,1159430.793,10.48528633,76.44416967,0.365,-0.027,10.0,9.6,0.0,17.1,2047,1959,RTK FIXED
57.136,063043.60,10.48528600,76.44417000,10.48528540,76.44417003,658050.009,1159430.454,108.00,658049.994,1159430.375,126.9,4,658049.759,1159430.793,10.48528633,76.44416967,0.365,-0.029,10.0,9.5,-0.5,16.7,2047,1950,RTK FIXED
57.190,063043.60,10.48528600,76.44417000,10.48528564,76.44417002,658050.009,1159430.454,108.00,658050.000,1159430.407,126.9,4,658049.759,1159430.793,10.48528633,76.44416967,0.365,-0.029,10.0,9.5,0.0,17.3,2047,1950,RTK FIXED
57.235,063043.60,10.48528600,76.44417000,10.48528578,76.44417001,658050.009,1159430.454,108.00,658050.004,1159430.426,126.9,4,658049.759,1159430.793,10.48528633,76.44416967,0.365,-0.029,10.0,9.5,0.5,16.5,2047,1950,RTK FIXED
57.290,063043.60,10.48528600,76.44417000,10.48528587,76.44417001,658050.009,1159430.454,108.00,658050.006,1159430.437,126.9,4,658049.759,1159430.793,10.48528633,76.44416967,0.365,-0.029,10.0,9.5,0.0,17.8,2047,1950,RTK FIXED
57.337,063043.80,10.48528600,76.44417000,10.48528592,76.44417000,658050.009,1159430.454,108.00,658050.007,1159430.444,120.7,4,658049.759,1159430.793,10.48528633,76.44416967,0.366,-0.004,10.0,9.9,-0.5,17.2,2047,2034,RTK FIXED
57.390,063043.80,10.48528600,76.44417000,10.48528595,76.44417000,658050.009,1159430.454,108.00,658050.008,1159430.448,120.7,4,658049.759,1159430.793,10.48528633,76.44416967,0.366,-0.004,10.0,9.9,0.0,17.2,2047,2034,RTK FIXED
57.436,063043.80,10.48528600,76.44417000,10.48528597,76.44417000,658050.009,1159430.454,108.00,658050.009,1159430.450,120.7,4,658049.759,1159430.793,10.48528633,76.44416967,0.366,-0.004,10.0,9.9,0.5,17.9,2047,2034,RTK FIXED
57.490,063043.80,10.48528600,76.44417000,10.48528598,76.44417000,658050.009,1159430.454,108.00,658050.009,1159430.452,120.7,4,658049.759,1159430.793,10.48528633,76.44416967,0.366,-0.004,10.0,9.9,-0.5,17.1,2047,2034,RTK FIXED
57.544,063044.00,10.48528600,76.44417000,10.48528599,76.44417000,658049.975,1159430.432,108.00,658049.996,1159430.444,120.7,4,658049.759,1159430.793,10.48528633,76.44416967,0.362,-0.001,10.0,10.0,0.0,17.5,2047,2044,RTK FIXED
57.590,063044.00,10.48528600,76.44417000,10.48528599,76.44417000,658049.975,1159430.432,108.00,658049.988,1159430.439,120.7,4,658049.759,1159430.793,10.48528633,76.44416967,0.362,-0.001,10.0,10.0,0.5,18.0,2047,2044,RTK FIXED
57.643,063044.00,10.48528600,76.44417000,10.48528600,76.44417000,658049.975,1159430.432,108.00,658049.983,1159430.437,120.7,4,658049.759,1159430.793,10.48528633,76.44416967,0.362,-0.001,10.0,10.0,0.0,18.3,2047,2044,RTK FIXED
57.690,063044.00,10.48528600,76.44417000,10.48528600,76.44417000,658049.975,1159430.432,108.00,658049.980,1159430.435,120.7,4,658049.759,1159430.793,10.48528633,76.44416967,0.362,-0.001,10.0,10.0,-0.5,18.1,2047,2044,RTK FIXED
57.745,063044.20,10.48528700,76.44417000,10.48528640,76.44417000,658049.975,1159430.543,108.00,658049.978,1159430.478,120.7,4,658049.759,1159430.793,10.48528633,76.44416967,0.322,0.005,9.9,10.0,0.5,18.4,2027,2047,RTK FIXED
57.790,063044.20,10.48528700,76.44417000,10.48528664,76.44417000,658049.975,1159430.543,108.00,658049.977,1159430.504,120.7,4,658049.759,1159430.793,10.48528633,76.44416967,0.322,0.005,9.9,10.0,-0.5,18.7,2027,2047,RTK FIXED
57.844,063044.20,10.48528700,76.44417000,10.48528678,76.44417000,658049.975,1159430.543,108.00,658049.976,1159430.520,120.7,4,658049.759,1159430.793,10.48528633,76.44416967,0.322,0.005,9.9,10.0,0.5,18.4,2027,2047,RTK FIXED
57.891,063044.20,10.48528700,76.44417000,10.48528687,76.44417000,658049.975,1159430.543,108.00,658049.976,1159430.529,120.7,4,658049.759,1159430.793,10.48528633,76.44416967,0.322,0.005,9.9,10.0,-0.5,18.7,2027,2047,RTK FIXED
57.947,063044.40,10.48528700,76.44416900,10.48528692,76.44416960,658049.865,1159430.543,108.00,658049.932,1159430.534,123.8,5,658049.225,1159431.712,10.48529467,76.44416483,0.366,-0.010,10.0,9.8,0.0,18.2,2047,2013,RTK FIXED
57.990,063044.40,10.48528700,76.44416900,10.48528695,76.44416936,658049.865,1159430.543,108.00,658049.905,1159430.538,123.8,5,658049.225,1159431.712,10.48529467,76.44416483,0.366,-0.010,10.0,9.8,0.0,18.5,2047,2013,RTK FIXED
58.045,063044.40,10.48528700,76.44416900,10.48528697,76.44416922,658049.865,1159430.543,108.00,658049.889,1159430.540,123.8,5,658049.225,1159431.712,10.48529467,76.44416483,0.366,-0.010,10.0,9.8,0.0,18.5,2047,2013,RTK FIXED
58.089,063044.40,10.48528700,76.44416900,10.48528698,76.44416913,658049.865,1159430.543,108.00,658049.880,1159430.541,123.8,5,658049.225,1159431.712,10.48529467,76.44416483,0.366,-0.010,10.0,9.8,0.6,18.5,2047,2013,RTK FIXED
58.145,063044.60,10.48528700,76.44416900,10.48528699,76.44416908,658049.883,1159430.553,108.00,658049.881,1159430.546,123.8,5,658049.225,1159431.712,10.48529467,76.44416483,0.366,-0.017,10.0,9.7,-0.4,18.0,2047,1992,RTK FIXED
58.198,063044.60,10.48528700,76.44416900,10.48528699,76.44416905,658049.883,1159430.553,108.00,658049.882,1159430.548,123.8,5,658049.225,1159431.712,10.48529467,76.44416483,0.366,-0.017,10.0,9.7,0.0,18.1,2047,1992,RTK FIXED
58.244,063044.60,10.48528700,76.44416900,10.48528700,76.44416903,658049.883,1159430.553,108.00,658049.882,1159430.550,123.8,5,658049.225,1159431.712,10.48529467,76.44416483,0.366,-0.017,10.0,9.7,0.5,18.1,2047,1992,RTK FIXED
58.299,063044.60,10.48528700,76.44416900,10.48528700,76.44416902,658049.883,1159430.553,108.00,658049.882,1159430.551,123.8,5,658049.225,1159431.712,10.48529467,76.44416483,0.366,-0.017,10.0,9.7,-0.5,17.9,2047,1992,RTK FIXED
58.345,063044.80,10.48528800,76.44416900,10.48528740,76.44416901,658049.882,1159430.663,108.00,658049.882,1159430.596,121.3,5,658049.225,1159431.712,10.48529467,76.44416483,0.366,-0.004,10.0,9.9,0.5,18.2,2047,2033,RTK FIXED
58.399,063044.80,10.48528800,76.44416900,10.48528764,76.44416901,658049.882,1159430.663,108.00,658049.882,1159430.623,121.3,5,658049.225,1159431.712,10.48529467,76.44416483,0.366,-0.004,10.0,9.9,0.0,17.8,2047,2033,RTK FIXED
58.445,063045.00,10.48528800,76.44416900,10.48528778,76.44416900,658049.868,1159430.655,108.00,658049.877,1159430.636,121.3,5,658049.225,1159431.712,10.48529467,76.44416483,0.366,-0.001,10.0,10.0,-0.5,18.2,2047,2043,RTK FIXED
58.499,063045.00,10.48528800,76.44416900,10.48528787,76.44416900,658049.868,1159430.655,108.00,658049.873,1159430.643,121.3,5,658049.225,1159431.712,10.48529467,76.44416483,0.366,-0.001,10.0,10.0,0.0,18.3,2047,2043,RTK FIXED
58.545,063045.00,10.48528800,76.44416900,10.48528792,76.44416900,658049.868,1159430.655,108.00,658049.871,1159430.648,121.3,5,658049.225,1159431.712,10.48529467,76.44416483,0.366,-0.001,10.0,10.0,0.5,18.9,2047,2043,RTK FIXED
58.599,063045.00,10.48528800,76.44416900,10.48528795,76.44416900,658049.868,1159430.655,108.00,658049.870,1159430.651,121.3,5,658049.225,1159431.712,10.48529467,76.44416483,0.366,-0.001,10.0,10.0,0.0,18.5,2047,2043,RTK FIXED
58.645,063045.20,10.48528800,76.44416900,10.48528797,76.44416900,658049.868,1159430.655,108.00,658049.869,1159430.653,121.3,5,658049.225,1159431.712,10.48529467,76.44416483,0.366,-0.000,10.0,10.0,-0.5,18.9,2047,2046,RTK FIXED
58.699,063045.20,10.48528800,76.44416900,10.48528798,76.44416900,658049.868,1159430.655,108.00,658049.869,1159430.654,121.3,5,658049.225,1159431.712,10.48529467,76.44416483,0.366,-0.000,10.0,10.0,0.0,18.6,2047,2046,RTK FIXED
58.753,063045.20,10.48528800,76.44416900,10.48528799,76.44416900,658049.868,1159430.655,108.00,658049.869,1159430.654,121.3,5,658049.225,1159431.712,10.48529467,76.44416483,0.366,-0.000,10.0,10.0,0.0,19.1,2047,2046,RTK FIXED
58.799,063045.40,10.48528900,76.44416800,10.48528839,76.44416860,658049.758,1159430.765,108.00,658049.824,1159430.699,122.2,5,658049.225,1159431.712,10.48529467,76.44416483,0.366,-0.002,10.0,10.0,0.5,18.2,2047,2040,RTK FIXED
58.853,063045.40,10.48528900,76.44416800,10.48528864,76.44416836,658049.758,1159430.765,108.00,658049.798,1159430.725,122.2,5,658049.225,1159431.712,10.48529467,76.44416483,0.366,-0.002,10.0,10.0,0.0,18.6,2047,2040,RTK FIXED
58.899,063045.40,10.48528900,76.44416800,10.48528878,76.44416822,658049.758,1159430.765,108.00,658049.782,1159430.741,122.2,5,658049.225,1159431.712,10.48529467,76.44416483,0.366,-0.002,10.0,10.0,0.0,18.5,2047,2040,RTK FIXED
58.953,063045.40,10.48528900,76.44416800,10.48528887,76.44416813,658049.758,1159430.765,108.00,658049.773,1159430.751,122.2,5,658049.225,1159431.712,10.48529467,76.44416483,0.366,-0.002,10.0,10.0,0.0,19.0,2047,2040,RTK FIXED
59.000,063045.40,10.48528900,76.44416800,10.48528892,76.44416808,658049.758,1159430.765,108.00,658049.767,1159430.756,122.2,5,658049.225,1159431.712,10.48529467,76.44416483,0.366,-0.002,10.0,10.0,-0.5,18.2,2047,2040,RTK FIXED
59.054,063045.60,10.48528900,76.44416800,10.48528895,76.44416805,658049.763,1159430.768,108.00,658049.765,1159430.761,122.2,5,658049.225,1159431.712,10.48529467,76.44416483,0.366,-0.005,10.0,9.9,0.0,18.6,2047,2031,RTK FIXED
59.099,063045.60,10.48528900,76.44416800,10.48528897,76.44416803,658049.763,1159430.768,108.00,658049.765,1159430.764,122.2,5,658049.225,1159431.712,10.48529467,76.44416483,0.366,-0.005,10.0,9.9,0.5,18.0,2047,2031,RTK FIXED
59.153,063045.60,10.48528900,76.44416800,10.48528898,76.44416802,658049.763,1159430.768,108.00,658049.764,1159430.766,122.2,5,658049.225,1159431.712,10.48529467,76.44416483,0.366,-0.005,10.0,9.9,0.0,18.9,2047,2031,RTK FIXED
59.199,063045.60,10.48528900,76.44416800,10.48528899,76.44416801,658049.763,1159430.768,108.00,658049.764,1159430.767,122.2,5,658049.225,1159431.712,10.48529467,76.44416483,0.366,-0.005,10.0,9.9,-0.5,18.1,2047,2031,RTK FIXED
59.253,063045.60,10.48528900,76.44416800,10.48528899,76.44416801,658049.763,1159430.768,108.00,658049.764,1159430.767,122.2,5,658049.225,1159431.712,10.48529467,76.44416483,0.366,-0.005,10.0,9.9,0.0,18.4,2047,2031,RTK FIXED
59.308,063045.80,10.48528900,76.44416800,10.48528900,76.44416800,658049.763,1159430.768,108.00,658049.763,1159430.768,122.2,5,658049.225,1159431.712,10.48529467,76.44416483,0.366,-0.007,10.0,9.9,0.0,18.4,2047,2023,RTK FIXED
59.354,063045.80,10.48528900,76.44416800,10.48528900,76.44416800,658049.763,1159430.768,108.00,658049.763,1159430.768,122.2,5,658049.225,1159431.712,10.48529467,76.44416483,0.366,-0.007,10.0,9.9,0.0,18.5,2047,2023,RTK FIXED
59.407,063045.80,10.48528900,76.44416800,10.48528900,76.44416800,658049.763,1159430.768,108.00,658049.763,1159430.768,122.2,5,658049.225,1159431.712,10.48529467,76.44416483,0.366,-0.007,10.0,9.9,0.0,18.6,2047,2023,RTK FIXED
59.454,063045.80,10.48528900,76.44416800,10.48528900,76.44416800,658049.763,1159430.768,108.00,658049.763,1159430.768,122.2,5,658049.225,1159431.712,10.48529467,76.44416483,0.366,-0.007,10.0,9.9,0.5,17.9,2047,2023,RTK FIXED
59.508,063046.00,10.48529000,76.44416800,10.48528940,76.44416800,658049.763,1159430.879,108.00,658049.763,1159430.812,120.3,5,658049.225,1159431.712,10.48529467,76.44416483,0.366,-0.002,10.0,10.0,-0.5,17.9,2047,2041,RTK FIXED
59.554,063046.00,10.48529000,76.44416800,10.48528964,76.44416800,658049.763,1159430.879,108.00,658049.763,1159430.839,120.3,5,658049.225,1159431.712,10.48529467,76.44416483,0.366,-0.002,10.0,10.0,0.5,18.5,2047,2041,RTK FIXED
59.607,063046.00,10.48529000,76.44416800,10.48528978,76.44416800,658049.763,1159430.879,108.00,658049.763,1159430.855,120.3,5,658049.225,1159431.712,10.48529467,76.44416483,0.366,-0.002,10.0,10.0,-0.5,17.8,2047,2041,RTK FIXED
59.654,063046.00,10.48529000,76.44416800,10.48528987,76.44416800,658049.763,1159430.879,108.00,658049.763,1159430.864,120.3,5,658049.225,1159431.712,10.48529467,76.44416483,0.366,-0.002,10.0,10.0,0.0,18.2,2047,2041,RTK FIXED
59.708,063046.20,10.48529000,76.44416800,10.48528992,76.44416800,658049.752,1159430.873,108.00,658049.759,1159430.868,120.3,5,658049.225,1159431.712,10.48529467,76.44416483,0.366,0.002,10.0,10.0,0.0,18.4,2041,2047,RTK FIXED
59.754,063046.20,10.48529000,76.44416800,10.48528995,76.44416800,658049.752,1159430.873,108.00,658049.756,1159430.870,120.3,5,658049.225,1159431.712,10.48529467,76.44416483,0.366,0.002,10.0,10.0,0.5,18.1,2041,2047,RTK FIXED
59.808,063046.40,10.48529000,76.44416800,10.48528997,76.44416800,658049.752,1159430.873,108.00,658049.754,1159430.871,120.3,5,658049.225,1159431.712,10.48529467,76.44416483,0.366,0.005,9.9,10.0,0.0,17.9,2032,2047,RTK FIXED
59.862,063046.40,10.48529000,76.44416800,10.48528998,76.44416800,658049.752,1159430.873,108.00,658049.754,1159430.872,120.3,5,658049.225,1159431.712,10.48529467,76.44416483,0.366,0.005,9.9,10.0,0.0,18.2,2032,2047,RTK FIXED
59.907,063046.40,10.48529000,76.44416800,10.48528999,76.44416800,658049.752,1159430.873,108.00,658049.753,1159430.872,120.3,5,658049.225,1159431.712,10.48529467,76.44416483,0.366,0.005,9.9,10.0,0.0,18.1,2032,2047,RTK FIXED
59.962,063046.40,10.48529000,76.44416800,10.48528999,76.44416800,658049.752,1159430.873,108.00,658049.753,1159430.872,120.3,5,658049.225,1159431.712,10.48529467,76.44416483,0.366,0.005,9.9,10.0,-0.5,18.2,2032,2047,RTK FIXED
60.008,063046.60,10.48529100,76.44416700,10.48529040,76.44416760,658049.642,1159430.983,108.00,658049.708,1159430.916,120.6,5,658049.225,1159431.712,10.48529467,76.44416483,0.366,0.001,10.0,10.0,0.5,17.8,2043,2047,RTK FIXED
60.062,063046.60,10.48529100,76.44416700,10.48529064,76.44416736,658049.642,1159430.983,108.00,658049.682,1159430.943,120.6,5,658049.225,1159431.712,10.48529467,76.44416483,0.366,0.001,10.0,10.0,-0.5,17.7,2043,2047,RTK FIXED
60.107,063046.60,10.48529100,76.44416700,10.48529078,76.44416722,658049.642,1159430.983,108.00,658049.666,1159430.959,120.6,5,658049.225,1159431.712,10.48529467,76.44416483,0.366,0.001,10.0,10.0,0.6,17.1,2043,2047,RTK FIXED
60.162,063046.60,10.48529100,76.44416700,10.48529087,76.44416713,658049.642,1159430.983,108.00,658049.656,1159430.968,120.6,5,658049.225,1159431.712,10.48529467,76.44416483,0.366,0.001,10.0,10.0,0.0,18.2,2043,2047,RTK FIXED
60.208,063046.60,10.48529100,76.44416700,10.48529092,76.44416708,658049.642,1159430.983,108.00,658049.651,1159430.974,120.6,5,658049.225,1159431.712,10.48529467,76.44416483,0.366,0.001,10.0,10.0,-0.5,17.9,2043,2047,RTK FIXED
60.262,063046.60,10.48529100,76.44416700,10.48529095,76.44416705,658049.642,1159430.983,108.00,658049.647,1159430.978,120.6,5,658049.225,1159431.712,10.48529467,76.44416483,0.366,0.001,10.0,10.0,0.0,17.6,2043,2047,RTK FIXED
60.309,063046.80,10.48529100,76.44416700,10.48529097,76.44416703,658049.644,1159430.984,108.00,658049.646,1159430.980,120.6,5,658049.225,1159431.712,10.48529467,76.44416483,0.366,0.000,10.0,10.0,0.5,18.3,2046,2047,RTK FIXED
60.362,063046.80,10.48529100,76.44416700,10.48529098,76.44416702,658049.644,1159430.984,108.00,658049.645,1159430.981,120.6,5,658049.225,1159431.712,10.48529467,76.44416483,0.366,0.000,10.0,10.0,0.0,18.4,2046,2047,RTK FIXED
60.415,063046.80,10.48529100,76.44416700,10.48529099,76.44416701,658049.644,1159430.984,108.00,658049.645,1159430.982,120.6,5,658049.225,1159431.712,10.48529467,76.44416483,0.366,0.000,10.0,10.0,0.0,18.1,2046,2047,RTK FIXED
60.462,063046.80,10.48529100,76.44416700,10.48529099,76.44416701,658049.644,1159430.984,108.00,658049.644,1159430.983,120.6,5,658049.225,1159431.712,10.48529467,76.44416483,0.366,0.000,10.0,10.0,0.0,18.1,2046,2047,RTK FIXED
60.517,063047.00,10.48529100,76.44416700,10.48529100,76.44416700,658049.644,1159430.984,108.00,658049.644,1159430.983,120.6,5,658049.225,1159431.712,10.48529467,76.44416483,0.366,0.000,10.0,10.0,0.0,18.4,2047,2047,RTK FIXED
60.562,063047.00,10.48529100,76.44416700,10.48529100,76.44416700,658049.644,1159430.984,108.00,658049.644,1159430.983,120.6,5,658049.225,1159431.712,10.48529467,76.44416483,0.366,0.000,10.0,10.0,-0.5,18.0,2047,2047,RTK FIXED
60.617,063047.20,10.48529200,76.44416700,10.48529140,76.44416700,658049.643,1159431.094,108.00,658049.644,1159431.028,119.3,5,658049.225,1159431.712,10.48529467,76.44416483,0.366,0.007,9.9,10.0,0.5,18.0,2023,2047,RTK FIXED
60.662,063047.20,10.48529200,76.44416700,10.48529164,76.44416700,658049.643,1159431.094,108.00,658049.644,1159431.054,119.3,5,658049.225,1159431.712,10.48529467,76.44416483,0.366,0.007,9.9,10.0,-0.5,18.5,2023,2047,RTK FIXED
60.716,063047.20,10.48529200,76.44416700,10.48529178,76.44416700,658049.643,1159431.094,108.00,658049.643,1159431.070,119.3,5,658049.225,1159431.712,10.48529467,76.44416483,0.366,0.007,9.9,10.0,0.5,18.1,2023,2047,RTK FIXED
60.763,063047.20,10.48529200,76.44416700,10.48529187,76.44416700,658049.643,1159431.094,108.00,658049.643,1159431.080,119.3,5,658049.225,1159431.712,10.48529467,76.44416483,0.366,0.007,9.9,10.0,0.0,18.4,2023,2047,RTK FIXED
60.817,063047.40,10.48529200,76.44416600,10.48529192,76.44416660,658049.527,1159431.090,108.00,658049.597,1159431.084,119.3,5,658049.225,1159431.712,10.48529467,76.44416483,0.366,0.002,10.0,10.0,0.0,18.4,2041,2047,RTK FIXED
60.862,063047.40,10.48529200,76.44416600,10.48529195,76.44416636,658049.527,1159431.090,108.00,658049.569,1159431.086,119.3,5,658049.225,1159431.712,10.48529467,76.44416483,0.366,0.002,10.0,10.0,0.0,18.1,2041,2047,RTK FIXED
60.917,063047.40,10.48529200,76.44416600,10.48529197,76.44416622,658049.527,1159431.090,108.00,658049.552,1159431.088,119.3,5,658049.225,1159431.712,10.48529467,76.44416483,0.366,0.002,10.0,10.0,-0.5,18.5,2041,2047,RTK FIXED
60.970,063047.40,10.48529200,76.44416600,10.48529198,76.44416613,658049.527,1159431.090,108.00,658049.542,1159431.089,119.3,5,658049.225,1159431.712,10.48529467,76.44416483,0.366,0.002,10.0,10.0,0.0,18.1,2041,2047,RTK FIXED
61.016,063047.40,10.48529200,76.44416600,10.48529199,76.44416608,658049.527,1159431.090,108.00,658049.536,1159431.089,119.3,5,658049.225,1159431.712,10.48529467,76.44416483,0.366,0.002,10.0,10.0,0.5,18.7,2041,2047,RTK FIXED
61.071,063047.40,10.48529200,76.44416600,10.48529199,76.44416605,658049.527,1159431.090,108.00,658049.532,1159431.090,119.3,5,658049.225,1159431.712,10.48529467,76.44416483,0.366,0.002,10.0,10.0,-0.5,18.6,2041,2047,RTK FIXED
61.117,063047.60,10.48529200,76.44416600,10.48529200,76.44416603,658049.527,1159431.090,108.00,658049.530,1159431.090,128.1,5,658049.225,1159431.712,10.48529467,76.44416483,0.362,-0.050,10.0,9.2,0.5,18.4,2047,1884,RTK FIXED
61.171,063047.60,10.48529200,76.44416600,10.48529200,76.44416602,658049.527,1159431.090,108.00,658049.529,1159431.090,128.1,5,658049.225,1159431.712,10.48529467,76.44416483,0.362,-0.050,10.0,9.2,0.0,18.7,2047,1884,RTK FIXED
61.217,063047.60,10.48529200,76.44416600,10.48529200,76.44416601,658049.527,1159431.090,108.00,658049.528,1159431.090,128.1,5,658049.225,1159431.712,10.48529467,76.44416483,0.362,-0.050,10.0,9.2,-0.5,17.8,2047,1884,RTK FIXED
61.271,063047.60,10.48529200,76.44416600,10.48529200,76.44416601,658049.527,1159431.090,108.00,658049.528,1159431.090,128.1,5,658049.225,1159431.712,10.48529467,76.44416483,0.362,-0.050,10.0,9.2,0.5,18.1,2047,1884,RTK FIXED
61.318,063047.80,10.48529300,76.44416600,10.48529240,76.44416600,658049.574,1159431.231,108.00,658049.546,1159431.146,128.1,5,658049.225,1159431.712,10.48529467,76.44416483,0.364,-0.048,10.0,9.2,-0.5,18.2,2047,1890,RTK FIXED
61.371,063047.80,10.48529300,76.44416600,10.48529264,76.44416600,658049.574,1159431.231,108.00,658049.558,1159431.180,128.1,5,658049.225,1159431.712,10.48529467,76.44416483,0.364,-0.048,10.0,9.2,0.0,17.3,2047,1890,RTK FIXED
61.417,063047.80,10.48529300,76.44416600,10.48529278,76.44416600,658049.574,1159431.231,108.00,658049.564,1159431.200,128.1,5,658049.225,1159431.712,10.48529467,76.44416483,0.364,-0.048,10.0,9.2,0.5,17.8,2047,1890,RTK FIXED
61.471,063047.80,10.48529300,76.44416600,10.48529287,76.44416600,658049.574,1159431.231,108.00,658049.568,1159431.213,128.1,5,658049.225,1159431.712,10.48529467,76.44416483,0.364,-0.048,10.0,9.2,0.0,17.2,2047,1890,RTK FIXED
61.518,063048.00,10.48529300,76.44416600,10.48529292,76.44416600,658049.574,1159431.231,108.00,658049.571,1159431.220,116.7,5,658049.225,1159431.712,10.48529467,76.44416483,0.365,0.014,9.8,10.0,-0.5,16.7,2001,2047,RTK FIXED
61.571,063048.00,10.48529300,76.44416600,10.48529295,76.44416600,658049.574,1159431.231,108.00,658049.572,1159431.224,116.7,5,658049.225,1159431.712,10.48529467,76.44416483,0.365,0.014,9.8,10.0,0.0,16.4,2001,2047,RTK FIXED
61.626,063048.20,10.48529300,76.44416600,10.48529297,76.44416600,658049.511,1159431.193,108.00,658049.548,1159431.212,116.7,5,658049.225,1159431.712,10.48529467,76.44416483,0.365,0.022,9.6,10.0,0.5,16.9,1974,2047,RTK FIXED
61.671,063048.20,10.48529300,76.44416600,10.48529298,76.44416600,658049.511,1159431.193,108.00,658049.533,1159431.204,116.7,5,658049.225,1159431.712,10.48529467,76.44416483,0.365,0.022,9.6,10.0,-0.6,16.0,1974,2047,RTK FIXED
61.725,063048.20,10.48529300,76.44416600,10.48529299,76.44416600,658049.511,1159431.193,108.00,658049.524,1159431.200,116.7,5,658049.225,1159431.712,10.48529467,76.44416483,0.365,0.022,9.6,10.0,0.5,17.1,1974,2047,RTK FIXED
61.771,063048.20,10.48529300,76.44416600,10.48529299,76.44416600,658049.511,1159431.193,108.00,658049.519,1159431.197,116.7,5,658049.225,1159431.712,10.48529467,76.44416483,0.365,0.022,9.6,10.0,0.0,18.0,1974,2047,RTK FIXED
61.826,063048.40,10.48529400,76.44416600,10.48529340,76.44416600,658049.511,1159431.304,108.00,658049.516,1159431.240,116.7,5,658049.225,1159431.712,10.48529467,76.44416483,0.365,0.029,9.5,10.0,-0.5,18.4,1951,2047,RTK FIXED
61.871,063048.40,10.48529400,76.44416600,10.48529364,76.44416600,658049.511,1159431.304,108.00,658049.514,1159431.265,116.7,5,658049.225,1159431.712,10.48529467,76.44416483,0.365,0.029,9.5,10.0,0.0,18.0,1951,2047,RTK FIXED
61.925,063048.40,10.48529400,76.44416600,10.48529378,76.44416600,658049.511,1159431.304,108.00,658049.512,1159431.281,116.7,5,658049.225,1159431.712,10.48529467,76.44416483,0.365,0.029,9.5,10.0,0.0,18.5,1951,2047,RTK FIXED
61.971,063048.40,10.48529400,76.44416600,10.48529387,76.44416600,658049.511,1159431.304,108.00,658049.512,1159431.290,116.7,5,658049.225,1159431.712,10.48529467,76.44416483,0.365,0.029,9.5,10.0,0.5,18.5,1951,2047,RTK FIXED
62.025,063048.40,10.48529400,76.44416600,10.48529392,76.44416600,658049.511,1159431.304,108.00,658049.511,1159431.295,116.7,5,658049.225,1159431.712,10.48529467,76.44416483,0.365,0.029,9.5,10.0,0.0,18.8,1951,2047,RTK FIXED
62.071,063048.40,10.48529400,76.44416600,10.48529395,76.44416600,658049.511,1159431.304,108.00,658049.511,1159431.299,116.7,5,658049.225,1159431.712,10.48529467,76.44416483,0.365,0.029,9.5,10.0,-0.5,18.3,1951,2047,RTK FIXED
62.125,063048.60,10.48529400,76.44416500,10.48529397,76.44416560,658049.401,1159431.303,108.00,658049.467,1159431.300,122.6,5,658049.225,1159431.712,10.48529467,76.44416483,0.366,-0.003,10.0,9.9,0.5,18.0,2047,2036,RTK FIXED
62.179,063048.60,10.48529400,76.44416500,10.48529398,76.44416536,658049.401,1159431.303,108.00,658049.441,1159431.301,122.6,5,658049.225,1159431.712,10.48529467,76.44416483,0.366,-0.003,10.0,9.9,-0.5,18.4,2047,2036,RTK FIXED
62.225,063048.60,10.48529400,76.44416500,10.48529399,76.44416522,658049.401,1159431.303,108.00,658049.425,1159431.302,122.6,5,658049.225,1159431.712,10.48529467,76.44416483,0.366,-0.003,10.0,9.9,0.0,18.7,2047,2036,RTK FIXED
62.281,063048.60,10.48529400,76.44416500,10.48529399,76.44416513,658049.401,1159431.303,108.00,658049.415,1159431.302,122.6,5,658049.225,1159431.712,10.48529467,76.44416483,0.366,-0.003,10.0,9.9,0.5,18.8,2047,2036,RTK FIXED
62.326,063048.80,10.48529400,76.44416500,10.48529400,76.44416508,658049.435,1159431.321,108.00,658049.423,1159431.310,122.6,5,658049.225,1159431.712,10.48529467,76.44416483,0.366,-0.013,10.0,9.8,-0.5,17.6,2047,2005,RTK FIXED
62.379,063048.80,10.48529400,76.44416500,10.48529400,76.44416505,658049.435,1159431.321,108.00,658049.428,1159431.314,122.6,5,658049.225,1159431.712,10.48529467,76.44416483,0.366,-0.013,10.0,9.8,0.5,17.8,2047,2005,RTK FIXED
62.426,063048.80,10.48529400,76.44416500,10.48529400,76.44416503,658049.435,1159431.321,108.00,658049.431,1159431.317,122.6,5,658049.225,1159431.712,10.48529467,76.44416483,0.366,-0.013,10.0,9.8,0.0,18.3,2047,2005,RTK FIXED
62.479,063048.80,10.48529400,76.44416500,10.48529400,76.44416502,658049.435,1159431.321,108.00,658049.433,1159431.319,122.6,5,658049.225,1159431.712,10.48529467,76.44416483,0.366,-0.013,10.0,9.8,0.0,18.2,2047,2005,RTK FIXED
62.526,063049.00,10.48529500,76.44416500,10.48529440,76.44416501,658049.435,1159431.432,108.00,658049.433,1159431.364,118.6,5,658049.225,1159431.712,10.48529467,76.44416483,0.346,0.003,9.9,10.0,-0.5,18.2,2036,2047,RTK FIXED
62.580,063049.00,10.48529500,76.44416500,10.48529464,76.44416501,658049.435,1159431.432,108.00,658049.434,1159431.391,118.6,5,658049.225,1159431.712,10.48529467,76.44416483,0.346,0.003,9.9,10.0,0.0,18.3,2036,2047,RTK FIXED
62.626,063049.00,10.48529500,76.44416500,10.48529478,76.44416500,658049.435,1159431.432,108.00,658049.434,1159431.407,118.6,5,658049.225,1159431.712,10.48529467,76.44416483,0.346,0.003,9.9,10.0,0.5,17.5,2036,2047,RTK FIXED
62.683,063049.20,10.48529500,76.44416500,10.48529487,76.44416500,658049.412,1159431.419,108.00,658049.425,1159431.412,118.6,6,658048.692,1159432.631,10.48530300,76.44416000,0.366,0.006,9.9,10.0,-0.4,18.3,2027,2047,RTK FIXED
62.734,063049.20,10.48529500,76.44416500,10.48529492,76.44416500,658049.412,1159431.419,108.00,658049.420,1159431.415,118.6,6,658048.692,1159432.631,10.48530300,76.44416000,0.366,0.006,9.9,10.0,0.0,18.6,2027,2047,RTK FIXED
62.780,063049.20,10.48529500,76.44416500,10.48529495,76.44416500,658049.412,1159431.419,108.00,658049.417,1159431.417,118.6,6,658048.692,1159432.631,10.48530300,76.44416000,0.366,0.006,9.9,10.0,0.5,17.8,2027,2047,RTK FIXED
62.834,063049.40,10.48529500,76.44416500,10.48529497,76.44416500,658049.412,1159431.419,108.00,658049.415,1159431.418,118.6,6,658048.692,1159432.631,10.48530300,76.44416000,0.366,0.007,9.9,10.0,0.0,18.0,2024,2047,RTK FIXED
62.880,063049.40,10.48529500,76.44416500,10.48529498,76.44416500,658049.412,1159431.419,108.00,658049.414,1159431.418,118.6,6,658048.692,1159432.631,10.48530300,76.44416000,0.366,0.007,9.9,10.0,0.0,18.1,2024,2047,RTK FIXED
62.933,063049.40,10.48529500,76.44416500,10.48529499,76.44416500,658049.412,1159431.419,108.00,658049.413,1159431.419,118.6,6,658048.692,1159432.631,10.48530300,76.44416000,0.366,0.007,9.9,10.0,0.0,18.3,2024,2047,RTK FIXED
62.980,063049.40,10.48529500,76.44416500,10.48529499,76.44416500,658049.412,1159431.419,108.00,658049.412,1159431.419,118.6,6,658048.692,1159432.631,10.48530300,76.44416000,0.366,0.007,9.9,10.0,-0.5,18.1,2024,2047,RTK FIXED
63.034,063049.40,10.48529500,76.44416500,10.48529500,76.44416500,658049.412,1159431.419,108.00,658049.412,1159431.419,118.6,6,658048.692,1159432.631,10.48530300,76.44416000,0.366,0.007,9.9,10.0,0.5,18.1,2024,2047,RTK FIXED
63.080,063049.40,10.48529500,76.44416500,10.48529500,76.44416500,658049.412,1159431.419,108.00,658049.412,1159431.419,118.6,6,658048.692,1159432.631,10.48530300,76.44416000,0.366,0.007,9.9,10.0,-0.5,17.9,2024,2047,RTK FIXED
63.134,063049.60,10.48529600,76.44416500,10.48529540,76.44416500,658049.411,1159431.530,108.00,658049.412,1159431.463,115.0,6,658048.692,1159432.631,10.48530300,76.44416000,0.364,0.035,9.4,10.0,0.0,17.9,1931,2047,RTK FIXED
63.180,063049.60,10.48529600,76.44416500,10.48529564,76.44416500,658049.411,1159431.530,108.00,658049.412,1159431.490,115.0,6,658048.692,1159432.631,10.48530300,76.44416000,0.364,0.035,9.4,10.0,0.6,18.2,1931,2047,RTK FIXED
63.234,063049.60,10.48529600,76.44416500,10.48529578,76.44416500,658049.411,1159431.530,108.00,658049.411,1159431.506,115.0,6,658048.692,1159432.631,10.48530300,76.44416000,0.364,0.035,9.4,10.0,-0.5,18.0,1931,2047,RTK FIXED
63.288,063049.60,10.48529600,76.44416500,10.48529587,76.44416500,658049.411,1159431.530,108.00,658049.411,1159431.515,115.0,6,658048.692,1159432.631,10.48530300,76.44416000,0.364,0.035,9.4,10.0,0.0,17.5,1931,2047,RTK FIXED
63.335,063049.80,10.48529600,76.44416400,10.48529592,76.44416460,658049.281,1159431.519,108.00,658049.359,1159431.517,115.0,6,658048.692,1159432.631,10.48530300,76.44416000,0.365,0.032,9.5,10.0,0.5,18.3,1941,2047,RTK FIXED
63.388,063049.80,10.48529600,76.44416400,10.48529595,76.44416436,658049.281,1159431.519,108.00,658049.328,1159431.518,115.0,6,658048.692,1159432.631,10.48530300,76.44416000,0.365,0.032,9.5,10.0,-0.5,17.3,1941,2047,RTK FIXED
63.434,063049.80,10.48529600,76.44416400,10.48529597,76.44416422,658049.281,1159431.519,108.00,658049.309,1159431.518,115.0,6,658048.692,1159432.631,10.48530300,76.44416000,0.365,0.032,9.5,10.0,0.0,17.5,1941,2047,RTK FIXED
63.488,063049.80,10.48529600,76.44416400,10.48529598,76.44416413,658049.281,1159431.519,108.00,658049.298,1159431.519,115.0,6,658048.692,1159432.631,10.48530300,76.44416000,0.365,0.032,9.5,10.0,0.0,18.3,1941,2047,RTK FIXED
63.535,063050.00,10.48529600,76.44416400,10.48529599,76.44416408,658049.281,1159431.519,108.00,658049.291,1159431.519,126.3,6,658048.692,1159432.631,10.48530300,76.44416000,0.364,-0.027,10.0,9.6,0.5,17.2,2047,1958,RTK FIXED
63.589,063050.00,10.48529600,76.44416400,10.48529599,76.44416405,658049.281,1159431.519,108.00,658049.287,1159431.519,126.3,6,658048.692,1159432.631,10.48530300,76.44416000,0.364,-0.027,10.0,9.6,-0.5,17.8,2047,1958,RTK FIXED
63.635,063050.00,10.48529600,76.44416400,10.48529600,76.44416403,658049.281,1159431.519,108.00,658049.285,1159431.519,126.3,6,658048.692,1159432.631,10.48530300,76.44416000,0.364,-0.027,10.0,9.6,0.0,16.8,2047,1958,RTK FIXED
63.689,063050.20,10.48529700,76.44416400,10.48529640,76.44416402,658049.344,1159431.665,108.00,658049.308,1159431.578,126.3,6,658048.692,1159432.631,10.48530300,76.44416000,0.365,-0.029,10.0,9.5,0.0,16.9,2047,1952,RTK FIXED
63.734,063050.20,10.48529700,76.44416400,10.48529664,76.44416401,658049.344,1159431.665,108.00,658049.322,1159431.613,126.3,6,658048.692,1159432.631,10.48530300,76.44416000,0.365,-0.029,10.0,9.5,0.6,17.2,2047,1952,RTK FIXED
63.788,063050.20,10.48529700,76.44416400,10.48529678,76.44416401,658049.344,1159431.665,108.00,658049.331,1159431.634,126.3,6,658048.692,1159432.631,10.48530300,76.44416000,0.365,-0.029,10.0,9.5,0.0,17.3,2047,1952,RTK FIXED
63.843,063050.40,10.48529700,76.44416400,10.48529687,76.44416400,658049.344,1159431.665,108.00,658049.336,1159431.646,114.1,6,658048.692,1159432.631,10.48530300,76.44416000,0.363,0.037,9.4,10.0,0.0,17.7,1926,2047,RTK FIXED
63.888,063050.40,10.48529700,76.44416400,10.48529692,76.44416400,658049.344,1159431.665,108.00,658049.339,1159431.654,114.1,6,658048.692,1159432.631,10.48530300,76.44416000,0.363,0.037,9.4,10.0,-0.6,16.7,1926,2047,RTK FIXED
63.942,063050.40,10.48529700,76.44416400,10.48529695,76.44416400,658049.344,1159431.665,108.00,658049.341,1159431.658,114.1,6,658048.692,1159432.631,10.48530300,76.44416000,0.363,0.037,9.4,10.0,0.0,17.1,1926,2047,RTK FIXED
63.989,063050.40,10.48529700,76.44416400,10.48529697,76.44416400,658049.344,1159431.665,108.00,658049.342,1159431.661,114.1,6,658048.692,1159432.631,10.48530300,76.44416000,0.363,0.037,9.4,10.0,0.0,17.1,1926,2047,RTK FIXED
64.043,063050.60,10.48529700,76.44416400,10.48529698,76.44416400,658049.275,1159431.628,108.00,658049.315,1159431.648,114.1,6,658048.692,1159432.631,10.48530300,76.44416000,0.364,0.047,9.3,10.0,0.0,17.5,1894,2047,RTK FIXED
64.089,063050.60,10.48529700,76.44416400,10.48529699,76.44416400,658049.275,1159431.628,108.00,658049.299,1159431.640,114.1,6,658048.692,1159432.631,10.48530300,76.44416000,0.364,0.047,9.3,10.0,0.0,18.0,1894,2047,RTK FIXED
64.142,063050.60,10.48529700,76.44416400,10.48529699,76.44416400,658049.275,1159431.628,108.00,658049.290,1159431.635,114.1,6,658048.692,1159432.631,10.48530300,76.44416000,0.364,0.047,9.3,10.0,0.0,18.4,1894,2047,RTK FIXED
64.189,063050.60,10.48529700,76.44416400,10.48529700,76.44416400,658049.275,1159431.628,108.00,658049.284,1159431.632,114.1,6,658048.692,1159432.631,10.48530300,76.44416000,0.364,0.047,9.3,10.0,0.0,18.1,1894,2047,RTK FIXED
64.243,063050.60,10.48529700,76.44416400,10.48529700,76.44416400,658049.275,1159431.628,108.00,658049.280,1159431.630,114.1,6,658048.692,1159432.631,10.48530300,76.44416000,0.364,0.047,9.3,10.0,0.0,18.0,1894,2047,RTK FIXED
64.289,063050.60,10.48529700,76.44416400,10.48529700,76.44416400,658049.275,1159431.628,108.00,658049.278,1159431.629,114.1,6,658048.692,1159432.631,10.48530300,76.44416000,0.364,0.047,9.3,10.0,0.0,18.0,1894,2047,RTK FIXED
64.344,063050.80,10.48529800,76.44416400,10.48529740,76.44416400,658049.275,1159431.738,108.00,658049.277,1159431.673,114.1,6,658048.692,1159432.631,10.48530300,76.44416000,0.363,0.055,9.1,10.0,0.5,17.9,1870,2047,RTK FIXED
64.397,063050.80,10.48529800,76.44416400,10.48529764,76.44416400,658049.275,1159431.738,108.00,658049.276,1159431.699,114.1,6,658048.692,1159432.631,10.48530300,76.44416000,0.363,0.055,9.1,10.0,0.0,18.2,1870,2047,RTK FIXED
64.443,063050.80,10.48529800,76.44416400,10.48529778,76.44416400,658049.275,1159431.738,108.00,658049.275,1159431.715,114.1,6,658048.692,1159432.631,10.48530300,76.44416000,0.363,0.055,9.1,10.0,-0.5,17.9,1870,2047,RTK FIXED
64.497,063050.80,10.48529800,76.44416400,10.48529787,76.44416400,658049.275,1159431.738,108.00,658049.275,1159431.724,114.1,6,658048.692,1159432.631,10.48530300,76.44416000,0.363,0.055,9.1,10.0,0.0,18.6,1870,2047,RTK FIXED
64.544,063051.00,10.48529800,76.44416400,10.48529792,76.44416400,658049.275,1159431.738,108.00,658049.275,1159431.730,115.7,6,658048.692,1159432.631,10.48530300,76.44416000,0.364,0.051,9.2,10.0,0.0,18.2,1883,2047,RTK FIXED
64.597,063051.00,10.48529800,76.44416400,10.48529795,76.44416400,658049.275,1159431.738,108.00,658049.275,1159431.733,115.7,6,658048.692,1159432.631,10.48530300,76.44416000,0.364,0.051,9.2,10.0,0.5,18.2,1883,2047,RTK FIXED
64.644,063051.20,10.48529800,76.44416300,10.48529797,76.44416360,658049.174,1159431.742,108.00,658049.235,1159431.737,115.7,6,658048.692,1159432.631,10.48530300,76.44416000,0.365,0.038,9.4,10.0,-0.5,18.4,1923,2047,RTK FIXED
64.698,063051.20,10.48529800,76.44416300,10.48529798,76.44416336,658049.174,1159431.742,108.00,658049.211,1159431.739,115.7,6,658048.692,1159432.631,10.48530300,76.44416000,0.365,0.038,9.4,10.0,0.0,18.1,1923,2047,RTK FIXED
64.743,063051.20,10.48529800,76.44416300,10.48529799,76.44416322,658049.174,1159431.742,108.00,658049.196,1159431.740,115.7,6,658048.692,1159432.631,10.48530300,76.44416000,0.365,0.038,9.4,10.0,0.0,18.0,1923,2047,RTK FIXED
64.797,063051.20,10.48529800,76.44416300,10.48529799,76.44416313,658049.174,1159431.742,108.00,658049.187,1159431.741,115.7,6,658048.692,1159432.631,10.48530300,76.44416000,0.365,0.038,9.4,10.0,0.0,18.5,1923,2047,RTK FIXED
64.851,063051.40,10.48529900,76.44416300,10.48529840,76.44416308,658049.174,1159431.852,108.00,658049.182,1159431.785,121.2,6,658048.692,1159432.631,10.48530300,76.44416000,0.366,0.010,9.8,10.0,0.0,18.5,2015,2047,RTK FIXED
64.897,063051.40,10.48529900,76.44416300,10.48529864,76.44416305,658049.174,1159431.852,108.00,658049.179,1159431.812,121.2,6,658048.692,1159432.631,10.48530300,76.44416000,0.366,0.010,9.8,10.0,0.0,19.1,2015,2047,RTK FIXED
64.951,063051.40,10.48529900,76.44416300,10.48529878,76.44416303,658049.174,1159431.852,108.00,658049.177,1159431.828,121.2,6,658048.692,1159432.631,10.48530300,76.44416000,0.366,0.010,9.8,10.0,0.0,18.6,2015,2047,RTK FIXED
64.997,063051.40,10.48529900,76.44416300,10.48529887,76.44416302,658049.174,1159431.852,108.00,658049.176,1159431.838,121.2,6,658048.692,1159432.631,10.48530300,76.44416000,0.366,0.010,9.8,10.0,0.0,18.4,2015,2047,RTK FIXED
65.051,063051.40,10.48529900,76.44416300,10.48529892,76.44416301,658049.174,1159431.852,108.00,658049.175,1159431.844,121.2,6,658048.692,1159432.631,10.48530300,76.44416000,0.366,0.010,9.8,10.0,0.5,18.6,2015,2047,RTK FIXED
65.098,063051.40,10.48529900,76.44416300,10.48529895,76.44416301,658049.174,1159431.852,108.00,658049.175,1159431.847,121.2,6,658048.692,1159432.631,10.48530300,76.44416000,0.366,0.010,9.8,10.0,0.0,18.4,2015,2047,RTK FIXED
65.152,063051.60,10.48529900,76.44416300,10.48529897,76.44416300,658049.206,1159431.869,108.00,658049.187,1159431.856,121.2,6,658048.692,1159432.631,10.48530300,76.44416000,0.366,0.004,9.9,10.0,0.0,18.8,2033,2047,RTK FIXED
65.198,063051.60,10.48529900,76.44416300,10.48529898,76.44416300,658049.206,1159431.869,108.00,658049.195,1159431.861,121.2,6,658048.692,1159432.631,10.48530300,76.44416000,0.366,0.004,9.9,10.0,0.0,18.1,2033,2047,RTK FIXED
65.252,063051.60,10.48529900,76.44416300,10.48529899,76.44416300,658049.206,1159431.869,108.00,658049.199,1159431.864,121.2,6,658048.692,1159432.631,10.48530300,76.44416000,0.366,0.004,9.9,10.0,-0.5,18.9,2033,2047,RTK FIXED
65.298,063051.60,10.48529900,76.44416300,10.48529899,76.44416300,658049.206,1159431.869,108.00,658049.202,1159431.866,121.2,6,658048.692,1159432.631,10.48530300,76.44416000,0.366,0.004,9.9,10.0,0.5,19.1,2033,2047,RTK FIXED
65.352,063051.80,10.48529900,76.44416300,10.48529900,76.44416300,658049.206,1159431.869,108.00,658049.203,1159431.867,121.2,6,658048.692,1159432.631,10.48530300,76.44416000,0.366,0.007,9.9,10.0,0.0,19.8,2024,2047,RTK FIXED
65.406,063051.80,10.48529900,76.44416300,10.48529900,76.44416300,658049.206,1159431.869,108.00,658049.204,1159431.868,121.2,6,658048.692,1159432.631,10.48530300,76.44416000,0.366,0.007,9.9,10.0,0.0,18.7,2024,2047,RTK FIXED
65.452,063051.80,10.48529900,76.44416300,10.48529900,76.44416300,658049.206,1159431.869,108.00,658049.205,1159431.868,121.2,6,658048.692,1159432.631,10.48530300,76.44416000,0.366,0.007,9.9,10.0,-0.5,18.4,2024,2047,RTK FIXED
65.506,063051.80,10.48529900,76.44416300,10.48529900,76.44416300,658049.206,1159431.869,108.00,658049.205,1159431.868,121.2,6,658048.692,1159432.631,10.48530300,76.44416000,0.366,0.007,9.9,10.0,0.0,19.0,2024,2047,RTK FIXED
65.552,063052.00,10.48530000,76.44416300,10.48529940,76.44416300,658049.205,1159431.979,108.00,658049.205,1159431.913,112.9,6,658048.692,1159432.631,10.48530300,76.44416000,0.359,0.068,8.9,10.0,0.5,18.2,1825,2047,RTK FIXED
65.606,063052.00,10.48530000,76.44416300,10.48529964,76.44416300,658049.205,1159431.979,108.00,658049.205,1159431.939,112.9,6,658048.692,1159432.631,10.48530300,76.44416000,0.359,0.068,8.9,10.0,-0.5,18.7,1825,2047,RTK FIXED
65.652,063052.20,10.48530000,76.44416200,10.48529978,76.44416260,658049.048,1159431.956,108.00,658049.142,1159431.946,112.9,6,658048.692,1159432.631,10.48530300,76.44416000,0.362,0.066,9.0,10.0,0.0,18.8,1835,2047,RTK FIXED
65.706,063052.20,10.48530000,76.44416200,10.48529987,76.44416236,658049.048,1159431.956,108.00,658049.104,1159431.950,112.9,6,658048.692,1159432.631,10.48530300,76.44416000,0.362,0.066,9.0,10.0,0.5,18.6,1835,2047,RTK FIXED
65.753,063052.20,10.48530000,76.44416200,10.48529992,76.44416222,658049.048,1159431.956,108.00,658049.082,1159431.952,112.9,6,658048.692,1159432.631,10.48530300,76.44416000,0.362,0.066,9.0,10.0,0.0,18.3,1835,2047,RTK FIXED
65.806,063052.40,10.48530000,76.44416200,10.48529995,76.44416213,658049.048,1159431.956,108.00,658049.068,1159431.953,126.5,6,658048.692,1159432.631,10.48530300,76.44416000,0.365,-0.011,10.0,9.8,0.0,18.5,2047,2010,RTK FIXED
65.852,063052.40,10.48530000,76.44416200,10.48529997,76.44416208,658049.048,1159431.956,108.00,658049.060,1159431.954,126.5,6,658048.692,1159432.631,10.48530300,76.44416000,0.365,-0.011,10.0,9.8,-0.5,18.6,2047,2010,RTK FIXED
65.905,063052.40,10.48530000,76.44416200,10.48529998,76.44416205,658049.048,1159431.956,108.00,658049.055,1159431.955,126.5,6,658048.692,1159432.631,10.48530300,76.44416000,0.365,-0.011,10.0,9.8,0.5,17.8,2047,2010,RTK FIXED
65.952,063052.40,10.48530000,76.44416200,10.48529999,76.44416203,658049.048,1159431.956,108.00,658049.052,1159431.955,126.5,6,658048.692,1159432.631,10.48530300,76.44416000,0.365,-0.011,10.0,9.8,-0.5,17.8,2047,2010,RTK FIXED
66.006,063052.60,10.48530100,76.44416200,10.48530039,76.44416202,658049.124,1159432.107,108.00,658049.081,1159432.016,126.5,6,658048.692,1159432.631,10.48530300,76.44416000,0.366,-0.013,10.0,9.8,0.0,17.3,2047,2004,RTK FIXED
66.060,063052.60,10.48530100,76.44416200,10.48530064,76.44416201,658049.124,1159432.107,108.00,658049.098,1159432.053,126.5,6,658048.692,1159432.631,10.48530300,76.44416000,0.366,-0.013,10.0,9.8,0.0,17.3,2047,2004,RTK FIXED
66.106,063052.60,10.48530100,76.44416200,10.48530078,76.44416201,658049.124,1159432.107,108.00,658049.108,1159432.074,126.5,6,658048.692,1159432.631,10.48530300,76.44416000,0.366,-0.013,10.0,9.8,0.5,17.3,2047,2004,RTK FIXED
66.160,063052.60,10.48530100,76.44416200,10.48530087,76.44416200,658049.124,1159432.107,108.00,658049.115,1159432.088,126.5,6,658048.692,1159432.631,10.48530300,76.44416000,0.366,-0.013,10.0,9.8,0.0,17.7,2047,2004,RTK FIXED
66.206,063052.60,10.48530100,76.44416200,10.48530092,76.44416200,658049.124,1159432.107,108.00,658049.118,1159432.096,126.5,6,658048.692,1159432.631,10.48530300,76.44416000,0.366,-0.013,10.0,9.8,-0.5,18.5,2047,2004,RTK FIXED
66.260,063052.60,10.48530100,76.44416200,10.48530095,76.44416200,658049.124,1159432.107,108.00,658049.121,1159432.100,126.5,6,658048.692,1159432.631,10.48530300,76.44416000,0.366,-0.013,10.0,9.8,0.0,17.7,2047,2004,RTK FIXED
66.307,063052.80,10.48530100,76.44416200,10.48530097,76.44416200,658049.124,1159432.107,108.00,658049.122,1159432.103,113.7,6,658048.692,1159432.631,10.48530300,76.44416000,0.360,0.058,9.1,10.0,0.5,18.0,1857,2047,RTK FIXED
66.361,063052.80,10.48530100,76.44416200,10.48530098,76.44416200,658049.124,1159432.107,108.00,658049.123,1159432.105,113.7,6,658048.692,1159432.631,10.48530300,76.44416000,0.360,0.058,9.1,10.0,0.0,17.3,1857,2047,RTK FIXED
66.406,063052.80,10.48530100,76.44416200,10.48530099,76.44416200,658049.124,1159432.107,108.00,658049.123,1159432.106,113.7,6,658048.692,1159432.631,10.48530300,76.44416000,0.360,0.058,9.1,10.0,0.0,17.9,1857,2047,RTK FIXED
66.461,063052.80,10.48530100,76.44416200,10.48530099,76.44416200,658049.124,1159432.107,108.00,658049.124,1159432.106,113.7,6,658048.692,1159432.631,10.48530300,76.44416000,0.360,0.058,9.1,10.0,-0.5,18.1,1857,2047,RTK FIXED
66.515,063053.00,10.48530100,76.44416200,10.48530100,76.44416200,658049.052,1159432.068,108.00,658049.095,1159432.091,113.7,6,658048.692,1159432.631,10.48530300,76.44416000,0.361,0.069,8.9,10.0,0.0,17.8,1826,2047,RTK FIXED
66.561,063053.00,10.48530100,76.44416200,10.48530100,76.44416200,658049.052,1159432.068,108.00,658049.077,1159432.082,113.7,6,658048.692,1159432.631,10.48530300,76.44416000,0.361,0.069,8.9,10.0,0.0,17.1,1826,2047,RTK FIXED
66.615,063053.20,10.48530100,76.44416100,10.48530100,76.44416160,658048.942,1159432.067,108.00,658049.023,1159432.076,130.6,6,658048.692,1159432.631,10.48530300,76.44416000,0.362,-0.035,10.0,9.4,0.0,17.9,2047,1932,RTK FIXED
66.661,063053.20,10.48530100,76.44416100,10.48530100,76.44416136,658048.942,1159432.067,108.00,658048.991,1159432.073,130.6,6,658048.692,1159432.631,10.48530300,76.44416000,0.362,-0.035,10.0,9.4,0.0,17.5,2047,1932,RTK FIXED
66.714,063053.20,10.48530100,76.44416100,10.48530100,76.44416122,658048.942,1159432.067,108.00,658048.971,1159432.071,130.6,6,658048.692,1159432.631,10.48530300,76.44416000,0.362,-0.035,10.0,9.4,0.5,16.9,2047,1932,RTK FIXED
66.761,063053.20,10.48530100,76.44416100,10.48530100,76.44416113,658048.942,1159432.067,108.00,658048.960,1159432.069,130.6,6,658048.692,1159432.631,10.48530300,76.44416000,0.362,-0.035,10.0,9.4,0.0,17.1,2047,1932,RTK FIXED
66.815,063053.40,10.48530200,76.44416100,10.48530140,76.44416108,658049.035,1159432.234,108.00,658048.990,1159432.135,130.6,6,658048.692,1159432.631,10.48530300,76.44416000,0.364,-0.045,10.0,9.3,-0.5,15.6,2047,1899,RTK FIXED
66.861,063053.40,10.48530200,76.44416100,10.48530164,76.44416105,658049.035,1159432.234,108.00,658049.008,1159432.174,130.6,6,658048.692,1159432.631,10.48530300,76.44416000,0.364,-0.045,10.0,9.3,0.0,16.4,2047,1899,RTK FIXED
66.915,063053.40,10.48530200,76.44416100,10.48530178,76.44416103,658049.035,1159432.234,108.00,658049.019,1159432.198,130.6,6,658048.692,1159432.631,10.48530300,76.44416000,0.364,-0.045,10.0,9.3,0.5,15.7,2047,1899,RTK FIXED
66.961,063053.40,10.48530200,76.44416100,10.48530187,76.44416102,658049.035,1159432.234,108.00,658049.026,1159432.212,130.6,6,658048.692,1159432.631,10.48530300,76.44416000,0.364,-0.045,10.0,9.3,-0.5,16.2,2047,1899,RTK FIXED
67.015,063053.40,10.48530200,76.44416100,10.48530192,76.44416101,658049.035,1159432.234,108.00,658049.030,1159432.221,130.6,6,658048.692,1159432.631,10.48530300,76.44416000,0.364,-0.045,10.0,9.3,0.0,15.8,2047,1899,RTK FIXED
67.061,063053.40,10.48530200,76.44416100,10.48530195,76.44416101,658049.035,1159432.234,108.00,658049.032,1159432.226,130.6,6,658048.692,1159432.631,10.48530300,76.44416000,0.364,-0.045,10.0,9.3,0.5,16.4,2047,1899,RTK FIXED
67.115,063053.60,10.48530200,76.44416100,10.48530197,76.44416100,658049.035,1159432.234,108.00,658049.033,1159432.229,118.1,6,658048.692,1159432.631,10.48530300,76.44416000,0.364,0.021,9.7,10.0,0.0,17.3,1977,2047,RTK FIXED
67.169,063053.60,10.48530200,76.44416100,10.48530198,76.44416100,658049.035,1159432.234,108.00,658049.034,1159432.231,118.1,6,658048.692,1159432.631,10.48530300,76.44416000,0.364,0.021,9.7,10.0,0.0,16.8,1977,2047,RTK FIXED
67.215,063053.60,10.48530200,76.44416100,10.48530199,76.44416100,658049.035,1159432.234,108.00,658049.035,1159432.232,118.1,6,658048.692,1159432.631,10.48530300,76.44416000,0.364,0.021,9.7,10.0,0.0,16.9,1977,2047,RTK FIXED
67.269,063053.60,10.48530200,76.44416100,10.48530199,76.44416100,658049.035,1159432.234,108.00,658049.035,1159432.233,118.1,6,658048.692,1159432.631,10.48530300,76.44416000,0.364,0.021,9.7,10.0,-0.5,16.6,1977,2047,RTK FIXED
67.316,063053.80,10.48530200,76.44416100,10.48530200,76.44416100,658048.967,1159432.190,108.00,658049.008,1159432.215,118.1,6,658048.692,1159432.631,10.48530300,76.44416000,0.365,0.030,9.5,10.0,0.5,16.1,1950,2047,RTK FIXED
67.369,063053.80,10.48530200,76.44416100,10.48530200,76.44416100,658048.967,1159432.190,108.00,658048.992,1159432.205,118.1,6,658048.692,1159432.631,10.48530300,76.44416000,0.365,0.030,9.5,10.0,0.0,17.3,1950,2047,RTK FIXED
67.415,063053.80,10.48530200,76.44416100,10.48530200,76.44416100,658048.967,1159432.190,108.00,658048.982,1159432.199,118.1,6,658048.692,1159432.631,10.48530300,76.44416000,0.365,0.030,9.5,10.0,0.0,17.7,1950,2047,RTK FIXED
67.469,063053.80,10.48530200,76.44416100,10.48530200,76.44416100,658048.967,1159432.190,108.00,658048.976,1159432.195,118.1,6,658048.692,1159432.631,10.48530300,76.44416000,0.365,0.030,9.5,10.0,-0.5,18.3,1950,2047,RTK FIXED
67.516,063054.00,10.48530300,76.44416100,10.48530240,76.44416100,658048.967,1159432.300,108.00,658048.972,1159432.237,118.1,6,658048.692,1159432.631,10.48530300,76.44416000,0.365,0.036,9.4,10.0,0.0,17.8,1929,2047,RTK FIXED
67.569,063054.00,10.48530300,76.44416100,10.48530264,76.44416100,658048.967,1159432.300,108.00,658048.970,1159432.262,118.1,6,658048.692,1159432.631,10.48530300,76.44416000,0.365,0.036,9.4,10.0,0.5,18.6,1929,2047,RTK FIXED
67.615,063054.00,10.48530300,76.44416100,10.48530278,76.44416100,658048.967,1159432.300,108.00,658048.969,1159432.278,118.1,6,658048.692,1159432.631,10.48530300,76.44416000,0.365,0.036,9.4,10.0,-0.5,17.5,1929,2047,RTK FIXED
67.671,063054.20,10.48530300,76.44416000,10.48530287,76.44416060,658048.857,1159432.300,108.00,658048.924,1159432.286,124.2,6,658048.692,1159432.631,10.48530300,76.44416000,0.358,0.002,10.0,10.0,0.5,18.6,2039,2047,RTK FIXED
67.723,063054.20,10.48530300,76.44416000,10.48530292,76.44416036,658048.857,1159432.300,108.00,658048.897,1159432.292,124.2,6,658048.692,1159432.631,10.48530300,76.44416000,0.358,0.002,10.0,10.0,-0.5,17.9,2039,2047,RTK FIXED
67.770,063054.20,10.48530300,76.44416000,10.48530295,76.44416022,658048.857,1159432.300,108.00,658048.881,1159432.295,124.2,6,658048.692,1159432.631,10.48530300,76.44416000,0.358,0.002,10.0,10.0,0.0,18.1,2039,2047,RTK FIXED
67.824,063054.40,10.48530300,76.44416000,10.48530297,76.44416013,658048.892,1159432.319,108.00,658048.885,1159432.305,124.2,6,658048.692,1159432.631,10.48530300,76.44416000,0.333,-0.007,10.0,9.9,0.5,18.2,2047,2020,RTK FIXED
67.870,063054.40,10.48530300,76.44416000,10.48530298,76.44416008,658048.892,1159432.319,108.00,658048.888,1159432.311,124.2,6,658048.692,1159432.631,10.48530300,76.44416000,0.333,-0.007,10.0,9.9,-0.5,18.6,2047,2020,RTK FIXED
67.923,063054.40,10.48530300,76.44416000,10.48530299,76.44416005,658048.892,1159432.319,108.00,658048.889,1159432.314,124.2,6,658048.692,1159432.631,10.48530300,76.44416000,0.333,-0.007,10.0,9.9,0.0,18.1,2047,2020,RTK FIXED
67.970,063054.40,10.48530300,76.44416000,10.48530299,76.44416003,658048.892,1159432.319,108.00,658048.890,1159432.316,124.2,6,658048.692,1159432.631,10.48530300,76.44416000,0.333,-0.007,10.0,9.9,0.5,18.4,2047,2020,RTK FIXED
68.023,063054.40,10.48530300,76.44416000,10.48530300,76.44416002,658048.892,1159432.319,108.00,658048.891,1159432.317,124.2,6,658048.692,1159432.631,10.48530300,76.44416000,0.333,-0.007,10.0,9.9,-0.5,18.6,2047,2020,RTK FIXED
68.069,063054.40,10.48530300,76.44416000,10.48530300,76.44416001,658048.892,1159432.319,108.00,658048.891,1159432.318,124.2,6,658048.692,1159432.631,10.48530300,76.44416000,0.333,-0.007,10.0,9.9,0.5,18.6,2047,2020,RTK FIXED
68.290,063054.60,10.48530400,76.44416000,10.48530340,76.44416001,658048.891,1159432.430,108.00,658048.891,1159432.363,119.7,7,658049.948,1159433.356,10.48530950,76.44417150,0.000,-0.731,10.0,-10.0,-0.1,17.9,450,450,RTK FIXED
68.324,063054.80,10.48530400,76.44416000,10.48530364,76.44416000,658048.854,1159432.409,108.00,658048.876,1159432.381,117.6,7,658049.948,1159433.356,10.48530950,76.44417150,0.000,-0.912,10.0,-10.0,0.0,15.9,900,900,RTK FIXED
68.378,063054.80,10.48530400,76.44416000,10.48530378,76.44416000,658048.854,1159432.409,108.00,658048.867,1159432.392,115.0,7,658049.948,1159433.356,10.48530950,76.44417150,0.000,-0.912,10.0,-10.0,0.0,15.9,1350,1350,RTK FIXED
68.423,063054.80,10.48530400,76.44416000,10.48530387,76.44416000,658048.854,1159432.409,108.00,658048.862,1159432.399,112.4,7,658049.948,1159433.356,10.48530950,76.44417150,0.000,-0.912,10.0,-10.0,0.0,13.7,1800,1800,RTK FIXED
68.478,063054.80,10.48530400,76.44416000,10.48530392,76.44416000,658048.854,1159432.409,108.00,658048.859,1159432.403,109.8,7,658049.948,1159433.356,10.48530950,76.44417150,0.000,-0.912,10.0,-10.0,0.0,12.8,2047,2047,RTK FIXED
68.524,063055.00,10.48530400,76.44416000,10.48530395,76.44416000,658048.791,1159432.385,108.00,658048.832,1159432.396,107.2,7,658049.948,1159433.356,10.48530950,76.44417150,0.000,-0.858,10.0,-10.0,0.0,11.3,2047,2047,RTK FIXED
68.579,063055.00,10.48530400,76.44416000,10.48530397,76.44416000,658048.791,1159432.385,108.00,658048.816,1159432.392,104.7,7,658049.948,1159433.356,10.48530950,76.44417150,0.000,-0.858,10.0,-10.0,0.5,9.6,2047,2047,RTK FIXED
68.625,063055.20,10.48530400,76.44416000,10.48530398,76.44416000,658048.760,1159432.378,108.00,658048.793,1159432.386,119.5,7,658049.948,1159433.356,10.48530950,76.44417150,0.000,-1.000,10.0,-10.0,-0.6,8.8,2047,2047,RTK FIXED
68.678,063055.20,10.48530400,76.44416000,10.48530399,76.44416000,658048.760,1159432.378,108.00,658048.780,1159432.383,116.6,7,658049.948,1159433.356,10.48530950,76.44417150,0.000,-1.000,10.0,-10.0,0.5,7.9,2047,2047,RTK FIXED
68.724,063055.20,10.48530400,76.44416000,10.48530399,76.44416000,658048.760,1159432.378,108.00,658048.772,1159432.381,113.7,7,658049.948,1159433.356,10.48530950,76.44417150,0.000,-1.000,10.0,-10.0,-0.5,7.6,2047,2047,RTK FIXED
68.778,063055.20,10.48530400,76.44416000,10.48530400,76.44416000,658048.760,1159432.378,108.00,658048.767,1159432.380,110.9,7,658049.948,1159433.356,10.48530950,76.44417150,0.000,-1.000,10.0,-10.0,0.5,6.9,2047,2047,RTK FIXED
68.825,063055.40,10.48530500,76.44415900,10.48530440,76.44415960,658048.686,1159432.497,108.00,658048.735,1159432.426,108.0,7,658049.948,1159433.356,10.48530950,76.44417150,0.000,-0.959,10.0,-10.0,0.0,5.9,2047,2047,RTK FIXED
68.878,063055.40,10.48530500,76.44415900,10.48530464,76.44415936,658048.686,1159432.497,108.00,658048.716,1159432.455,105.2,7,658049.948,1159433.356,10.48530950,76.44417150,0.000,-0.959,10.0,-10.0,0.0,5.6,2047,2047,RTK FIXED
68.924,063055.40,10.48530500,76.44415900,10.48530478,76.44415922,658048.686,1159432.497,108.00,658048.704,1159432.471,102.5,7,658049.948,1159433.356,10.48530950,76.44417150,0.000,-0.959,10.0,-10.0,-0.5,4.9,2047,2047,RTK FIXED
68.978,063055.40,10.48530500,76.44415900,10.48530487,76.44415913,658048.686,1159432.497,108.00,658048.697,1159432.482,99.8,7,658049.948,1159433.356,10.48530950,76.44417150,0.000,-0.959,10.0,-10.0,0.0,4.6,2047,2047,RTK FIXED
69.032,063055.40,10.48530500,76.44415900,10.48530492,76.44415908,658048.686,1159432.497,108.00,658048.693,1159432.488,97.0,7,658049.948,1159433.356,10.48530950,76.44417150,0.000,-0.959,10.0,-10.0,0.5,4.2,2047,2047,RTK FIXED
69.079,063055.40,10.48530500,76.44415900,10.48530495,76.44415905,658048.686,1159432.497,108.00,658048.690,1159432.491,94.3,7,658049.948,1159433.356,10.48530950,76.44417150,0.000,-0.959,10.0,-10.0,-0.5,3.2,2047,2047,RTK FIXED
69.133,063055.60,10.48530500,76.44415900,10.48530497,76.44415903,658048.581,1159432.482,108.00,658048.647,1159432.487,109.1,7,658049.948,1159433.356,10.48530950,76.44417150,0.000,-1.008,10.0,-10.0,0.0,2.8,2047,2047,RTK FIXED
69.179,063055.60,10.48530500,76.44415900,10.48530498,76.44415902,658048.581,1159432.482,108.00,658048.620,1159432.485,106.2,7,658049.948,1159433.356,10.48530950,76.44417150,0.000,-1.008,10.0,-10.0,0.5,2.2,2047,2047,RTK FIXED
69.233,063055.60,10.48530500,76.44415900,10.48530499,76.44415901,658048.581,1159432.482,108.00,658048.605,1159432.484,103.3,7,658049.948,1159433.356,10.48530950,76.44417150,0.000,-1.008,10.0,-10.0,-0.5,1.9,2047,2047,RTK FIXED
69.279,063055.60,10.48530500,76.44415900,10.48530499,76.44415901,658048.581,1159432.482,108.00,658048.595,1159432.483,100.4,7,658049.948,1159433.356,10.48530950,76.44417150,0.000,-1.008,10.0,-10.0,0.0,2.2,2047,2047,RTK FIXED
69.333,063055.80,10.48530500,76.44415900,10.48530500,76.44415900,658048.620,1159432.484,108.00,658048.605,1159432.483,97.5,7,658049.948,1159433.356,10.48530950,76.44417150,0.000,-0.912,10.0,-10.0,0.5,1.4,2047,2047,RTK FIXED
69.379,063055.80,10.48530500,76.44415900,10.48530500,76.44415900,658048.620,1159432.484,108.00,658048.611,1159432.483,94.9,7,658049.948,1159433.356,10.48530950,76.44417150,0.000,-0.912,10.0,-10.0,-0.5,1.1,2047,2047,RTK FIXED
69.432,063055.80,10.48530500,76.44415900,10.48530500,76.44415900,658048.620,1159432.484,108.00,658048.615,1159432.483,92.3,7,658049.948,1159433.356,10.48530950,76.44417150,0.000,-0.912,10.0,-10.0,0.5,1.4,2047,2047,RTK FIXED
69.478,063055.80,10.48530500,76.44415900,10.48530500,76.44415900,658048.620,1159432.484,108.00,658048.617,1159432.483,89.7,7,658049.948,1159433.356,10.48530950,76.44417150,0.000,-0.912,10.0,-10.0,0.0,0.5,2047,2047,RTK FIXED
69.533,063056.00,10.48530500,76.44415900,10.48530500,76.44415900,658048.553,1159432.483,108.00,658048.591,1159432.483,87.1,7,658049.948,1159433.356,10.48530950,76.44417150,0.000,-0.794,10.0,-10.0,-0.5,0.9,2047,2047,RTK FIXED
69.586,063056.00,10.48530500,76.44415900,10.48530500,76.44415900,658048.553,1159432.483,108.00,658048.576,1159432.483,84.8,7,658049.948,1159433.356,10.48530950,76.44417150,0.000,-0.794,10.0,-10.0,0.5,0.9,2047,2047,RTK FIXED
69.633,063056.20,10.48530500,76.44415900,10.48530500,76.44415900,658048.523,1159432.486,108.00,658048.555,1159432.484,107.3,7,658049.948,1159433.356,10.48530950,76.44417150,0.000,-1.007,10.0,-10.0,0.0,0.5,2047,2047,RTK FIXED
69.687,063056.20,10.48530500,76.44415900,10.48530500,76.44415900,658048.523,1159432.486,108.00,658048.542,1159432.485,104.4,7,658049.948,1159433.356,10.48530950,76.44417150,0.000,-1.007,10.0,-10.0,-0.5,0.9,2047,2047,RTK FIXED
69.733,063056.20,10.48530500,76.44415900,10.48530500,76.44415900,658048.523,1159432.486,108.00,658048.535,1159432.485,101.5,7,658049.948,1159433.356,10.48530950,76.44417150,0.000,-1.007,10.0,-10.0,0.5,0.0,2047,2047,RTK FIXED
69.787,063056.20,10.48530500,76.44415900,10.48530500,76.44415900,658048.523,1159432.486,108.00,658048.530,1159432.486,98.6,7,658049.948,1159433.356,10.48530950,76.44417150,0.000,-1.007,10.0,-10.0,-0.5,0.0,2047,2047,RTK FIXED
69.833,063056.40,10.48530500,76.44416000,10.48530500,76.44415940,658048.718,1159432.483,108.00,658048.605,1159432.485,95.7,7,658049.948,1159433.356,10.48530950,76.44417150,0.000,-0.912,10.0,-10.0,0.0,0.5,2047,2047,RTK FIXED
69.887,063056.40,10.48530500,76.44416000,10.48530500,76.44415964,658048.718,1159432.483,108.00,658048.650,1159432.484,93.1,7,658049.948,1159433.356,10.48530950,76.44417150,0.000,-0.912,10.0,-10.0,0.5,0.0,2047,2047,RTK FIXED
69.933,063056.40,10.48530500,76.44416000,10.48530500,76.44415978,658048.718,1159432.483,108.00,658048.677,1159432.484,90.5,7,658049.948,1159433.356,10.48530950,76.44417150,0.000,-0.912,10.0,-10.0,-0.5,0.0,2047,2047,RTK FIXED
69.987,063056.40,10.48530500,76.44416000,10.48530500,76.44415987,658048.718,1159432.483,108.00,658048.694,1159432.483,87.9,7,658049.948,1159433.356,10.48530950,76.44417150,0.000,-0.912,10.0,-10.0,0.0,0.0,2047,2047,RTK FIXED
70.034,063056.40,10.48530500,76.44416000,10.48530500,76.44415992,658048.718,1159432.483,108.00,658048.703,1159432.483,85.3,7,658049.948,1159433.356,10.48530950,76.44417150,0.000,-0.912,10.0,-10.0,0.5,0.0,2047,2047,RTK FIXED
70.087,063056.40,10.48530500,76.44416000,10.48530500,76.44415995,658048.718,1159432.483,108.00,658048.709,1159432.483,82.7,7,658049.948,1159433.356,10.48530950,76.44417150,0.000,-0.912,10.0,-10.0,0.0,0.0,2047,2047,RTK FIXED
70.141,063056.60,10.48530600,76.44416000,10.48530540,76.44415997,658048.617,1159432.600,108.00,658048.672,1159432.530,80.0,7,658049.948,1159433.356,10.48530950,76.44417150,0.000,-0.745,10.0,-10.0,0.0,0.0,2047,2047,RTK FIXED
70.186,063056.60,10.48530600,76.44416000,10.48530564,76.44415998,658048.617,1159432.600,108.00,658048.650,1159432.558,77.9,7,658049.948,1159433.356,10.48530950,76.44417150,0.000,-0.745,10.0,-10.0,-0.6,0.0,2047,2047,RTK FIXED
70.241,063056.60,10.48530600,76.44416000,10.48530578,76.44415999,658048.617,1159432.600,108.00,658048.637,1159432.575,75.8,7,658049.948,1159433.356,10.48530950,76.44417150,0.000,-0.745,10.0,-10.0,0.0,0.0,2047,2047,RTK FIXED
70.287,063056.60,10.48530600,76.44416000,10.48530587,76.44415999,658048.617,1159432.600,108.00,658048.629,1159432.585,73.6,7,658049.948,1159433.356,10.48530950,76.44417150,0.000,-0.745,10.0,-10.0,0.5,0.0,2047,2047,RTK FIXED
70.342,063056.80,10.48530600,76.44416000,10.48530592,76.44416000,658048.564,1159432.615,108.00,658048.603,1159432.597,72.8,7,658049.948,1159433.356,10.48530950,76.44417150,0.000,-0.652,10.0,-10.0,0.0,0.0,2047,2047,RTK FIXED
70.387,063056.80,10.48530600,76.44416000,10.48530595,76.44416000,658048.564,1159432.615,108.00,658048.587,1159432.604,70.9,7,658049.948,1159433.356,10.48530950,76.44417150,0.000,-0.652,10.0,-10.0,-0.5,0.0,2047,2047,RTK FIXED
70.442,063056.80,10.48530600,76.44416000,10.48530597,76.44416000,658048.564,1159432.615,108.00,658048.578,1159432.609,69.0,7,658049.948,1159433.356,10.48530950,76.44417150,0.000,-0.652,10.0,-10.0,0.0,0.0,2047,2047,RTK FIXED
70.488,063057.00,10.48530600,76.44416000,10.48530598,76.44416000,658048.538,1159432.626,108.00,658048.562,1159432.615,67.2,7,658049.948,1159433.356,10.48530950,76.44417150,0.000,-0.591,9.7,-9.7,0.5,0.0,1979,1979,RTK FIXED
70.541,063057.00,10.48530600,76.44416000,10.48530599,76.44416000,658048.538,1159432.626,108.00,658048.552,1159432.620,65.5,7,658049.948,1159433.356,10.48530950,76.44417150,0.000,-0.591,9.7,-9.7,0.0,0.0,1979,1979,RTK FIXED
70.587,063057.00,10.48530600,76.44416000,10.48530599,76.44416000,658048.538,1159432.626,108.00,658048.546,1159432.622,63.8,7,658049.948,1159433.356,10.48530950,76.44417150,0.000,-0.591,9.7,-9.7,0.0,0.0,1979,1979,RTK FIXED
70.642,063057.20,10.48530600,76.44416100,10.48530600,76.44416040,658048.618,1159432.641,108.00,658048.575,1159432.630,62.1,7,658049.948,1159433.356,10.48530950,76.44417150,0.000,-0.526,8.6,-8.6,-0.5,0.0,1764,1764,RTK FIXED
70.695,063057.20,10.48530600,76.44416100,10.48530600,76.44416064,658048.618,1159432.641,108.00,658048.592,1159432.634,60.6,7,658049.948,1159433.356,10.48530950,76.44417150,0.000,-0.526,8.6,-8.6,0.5,0.0,1764,1764,RTK FIXED
70.742,063057.20,10.48530600,76.44416100,10.48530600,76.44416078,658048.618,1159432.641,108.00,658048.602,1159432.637,59.1,7,658049.948,1159433.356,10.48530950,76.44417150,0.000,-0.526,8.6,-8.6,0.0,0.0,1764,1764,RTK FIXED
70.796,063057.20,10.48530600,76.44416100,10.48530600,76.44416087,658048.618,1159432.641,108.00,658048.609,1159432.639,57.6,7,658049.948,1159433.356,10.48530950,76.44417150,0.000,-0.526,8.6,-8.6,0.0,0.0,1764,1764,RTK FIXED
70.842,063057.40,10.48530700,76.44416100,10.48530640,76.44416092,658048.585,1159432.773,108.00,658048.599,1159432.692,68.2,7,658049.948,1159433.356,10.48530950,76.44417150,0.000,-0.621,10.0,-10.0,-0.5,0.0,2047,2047,RTK FIXED
70.896,063057.40,10.48530700,76.44416100,10.48530664,76.44416095,658048.585,1159432.773,108.00,658048.593,1159432.724,66.4,7,658049.948,1159433.356,10.48530950,76.44417150,0.000,-0.621,10.0,-10.0,0.0,0.0,2047,2047,RTK FIXED
70.942,063057.40,10.48530700,76.44416100,10.48530678,76.44416097,658048.585,1159432.773,108.00,658048.590,1159432.744,64.6,7,658049.948,1159433.356,10.48530950,76.44417150,0.000,-0.621,10.0,-10.0,0.0,0.0,2047,2047,RTK FIXED
70.996,063057.40,10.48530700,76.44416100,10.48530687,76.44416098,658048.585,1159432.773,108.00,658048.588,1159432.755,62.8,7,658049.948,1159433.356,10.48530950,76.44417150,0.000,-0.621,10.0,-10.0,0.5,0.0,2047,2047,RTK FIXED
71.042,063057.40,10.48530700,76.44416100,10.48530692,76.44416099,658048.585,1159432.773,108.00,658048.586,1159432.762,61.0,7,658049.948,1159433.356,10.48530950,76.44417150,0.000,-0.621,10.0,-10.0,0.0,0.0,2047,2047,RTK FIXED
71.095,063057.40,10.48530700,76.44416100,10.48530695,76.44416099,658048.585,1159432.773,108.00,658048.586,1159432.766,59.3,7,658049.948,1159433.356,10.48530950,76.44417150,0.000,-0.621,10.0,-10.0,0.0,0.0,2047,2047,RTK FIXED
71.142,063057.60,10.48530700,76.44416200,10.48530697,76.44416140,658048.702,1159432.768,108.00,658048.632,1159432.767,57.5,7,658049.948,1159433.356,10.48530950,76.44417150,0.000,-0.539,8.8,-8.8,-0.5,0.0,1805,1805,RTK FIXED
71.195,063057.60,10.48530700,76.44416200,10.48530698,76.44416164,658048.702,1159432.768,108.00,658048.660,1159432.767,55.9,7,658049.948,1159433.356,10.48530950,76.44417150,0.000,-0.539,8.8,-8.8,0.5,0.0,1805,1805,RTK FIXED
71.242,063057.60,10.48530700,76.44416200,10.48530699,76.44416178,658048.702,1159432.768,108.00,658048.677,1159432.767,54.4,7,658049.948,1159433.356,10.48530950,76.44417150,0.000,-0.539,8.8,-8.8,-0.5,0.0,1805,1805,RTK FIXED
71.296,063057.60,10.48530700,76.44416200,10.48530699,76.44416187,658048.702,1159432.768,108.00,658048.687,1159432.768,52.9,7,658049.948,1159433.356,10.48530950,76.44417150,0.000,-0.539,8.8,-8.8,0.0,0.0,1805,1805,RTK FIXED
71.350,063057.80,10.48530700,76.44416200,10.48530700,76.44416192,658048.670,1159432.792,108.00,658048.680,1159432.777,50.8,7,658049.948,1159433.356,10.48530950,76.44417150,0.000,-0.461,7.5,-7.5,0.0,0.0,1544,1544,RTK FIXED
71.396,063057.80,10.48530700,76.44416200,10.48530700,76.44416195,658048.670,1159432.792,108.00,658048.676,1159432.783,49.5,7,658049.948,1159433.356,10.48530950,76.44417150,0.000,-0.461,7.5,-7.5,0.5,0.0,1544,1544,RTK FIXED
71.450,063057.80,10.48530700,76.44416200,10.48530700,76.44416197,658048.670,1159432.792,108.00,658048.673,1159432.787,48.2,7,658049.948,1159433.356,10.48530950,76.44417150,0.000,-0.461,7.5,-7.5,0.0,0.0,1544,1544,RTK FIXED
71.496,063057.80,10.48530700,76.44416200,10.48530700,76.44416198,658048.670,1159432.792,108.00,658048.672,1159432.789,46.8,7,658049.948,1159433.356,10.48530950,76.44417150,0.000,-0.461,7.5,-7.5,0.0,0.0,1544,1544,RTK FIXED
71.550,063058.00,10.48530700,76.44416200,10.48530700,76.44416199,658048.643,1159432.817,108.00,658048.660,1159432.800,45.5,7,658049.948,1159433.356,10.48530950,76.44417150,0.000,-0.415,6.8,-6.8,-0.5,0.0,1391,1391,RTK FIXED
71.596,063058.00,10.48530700,76.44416200,10.48530700,76.44416199,658048.643,1159432.817,108.00,658048.653,1159432.807,44.3,7,658049.948,1159433.356,10.48530950,76.44417150,0.000,-0.415,6.8,-6.8,0.0,0.0,1391,1391,RTK FIXED
71.651,063058.00,10.48530700,76.44416200,10.48530700,76.44416200,658048.643,1159432.817,108.00,658048.649,1159432.811,43.2,7,658049.948,1159433.356,10.48530950,76.44417150,0.000,-0.415,6.8,-6.8,0.5,0.0,1391,1391,RTK FIXED
71.697,063058.20,10.48530700,76.44416300,10.48530700,76.44416240,658048.737,1159432.835,108.00,658048.684,1159432.821,42.0,7,658049.948,1159433.356,10.48530950,76.44417150,0.000,-0.404,6.6,-6.6,0.0,0.0,1353,1353,RTK FIXED
71.750,063058.20,10.48530700,76.44416300,10.48530700,76.44416264,658048.737,1159432.835,108.00,658048.705,1159432.826,40.8,7,658049.948,1159433.356,10.48530950,76.44417150,0.000,-0.404,6.6,-6.6,0.0,0.0,1353,1353,RTK FIXED
71.797,063058.20,10.48530700,76.44416300,10.48530700,76.44416278,658048.737,1159432.835,108.00,658048.718,1159432.830,39.6,7,658049.948,1159433.356,10.48530950,76.44417150,0.000,-0.404,6.6,-6.6,-0.5,0.0,1353,1353,RTK FIXED
71.851,063058.40,10.48530700,76.44416300,10.48530700,76.44416287,658048.723,1159432.852,108.00,658048.720,1159432.839,44.0,7,658049.948,1159433.356,10.48530950,76.44417150,0.000,-0.401,6.6,-6.6,0.0,0.0,1343,1343,RTK FIXED
71.904,063058.40,10.48530700,76.44416300,10.48530700,76.44416292,658048.723,1159432.852,108.00,658048.721,1159432.844,42.8,7,658049.948,1159433.356,10.48530950,76.44417150,0.000,-0.401,6.6,-6.6,0.5,0.0,1343,1343,RTK FIXED
71.950,063058.40,10.48530700,76.44416300,10.48530700,76.44416295,658048.723,1159432.852,108.00,658048.722,1159432.848,41.7,7,658049.948,1159433.356,10.48530950,76.44417150,0.000,-0.401,6.6,-6.6,-0.5,0.0,1343,1343,RTK FIXED
72.005,063058.40,10.48530700,76.44416300,10.48530700,76.44416297,658048.723,1159432.852,108.00,658048.722,1159432.849,40.5,7,658049.948,1159433.356,10.48530950,76.44417150,0.000,-0.401,6.6,-6.6,0.0,0.0,1343,1343,RTK FIXED
72.051,063058.40,10.48530700,76.44416300,10.48530700,76.44416298,658048.723,1159432.852,108.00,658048.722,1159432.851,39.4,7,658049.948,1159433.356,10.48530950,76.44417150,0.000,-0.401,6.6,-6.6,0.5,0.0,1343,1343,RTK FIXED
72.105,063058.60,10.48530700,76.44416300,10.48530700,76.44416299,658048.721,1159432.854,108.00,658048.722,1159432.852,38.2,7,658049.948,1159433.356,10.48530950,76.44417150,0.000,-0.400,6.6,-6.6,-0.5,0.0,1341,1341,RTK FIXED
72.151,063058.60,10.48530700,76.44416300,10.48530700,76.44416299,658048.721,1159432.854,108.00,658048.722,1159432.853,37.1,7,658049.948,1159433.356,10.48530950,76.44417150,0.000,-0.400,6.6,-6.6,0.0,0.0,1341,1341,RTK FIXED
72.203,063058.60,10.48530700,76.44416300,10.48530700,76.44416300,658048.721,1159432.854,108.00,658048.722,1159432.853,35.9,7,658049.948,1159433.356,10.48530950,76.44417150,0.000,-0.400,6.6,-6.6,0.0,0.0,1341,1341,RTK FIXED
72.251,063058.60,10.48530700,76.44416300,10.48530700,76.44416300,658048.721,1159432.854,108.00,658048.722,1159432.853,34.8,7,658049.948,1159433.356,10.48530950,76.44417150,0.000,-0.400,6.6,-6.6,0.0,0.0,1341,1341,RTK FIXED
72.305,063058.60,10.48530700,76.44416300,10.48530700,76.44416300,658048.721,1159432.854,108.00,658048.722,1159432.854,33.6,7,658049.948,1159433.356,10.48530950,76.44417150,0.000,-0.400,6.6,-6.6,0.5,0.0,1341,1341,RTK FIXED
72.351,063058.80,10.48530700,76.44416300,10.48530700,76.44416300,658048.701,1159432.885,108.00,658048.713,1159432.866,32.5,7,658049.948,1159433.356,10.48530950,76.44417150,0.000,-0.400,6.5,-6.5,-0.5,0.0,1340,1340,RTK FIXED
72.405,063058.80,10.48530700,76.44416300,10.48530700,76.44416300,658048.701,1159432.885,108.00,658048.708,1159432.873,31.3,7,658049.948,1159433.356,10.48530950,76.44417150,0.000,-0.400,6.5,-6.5,0.5,0.0,1340,1340,RTK FIXED
72.451,063058.80,10.48530700,76.44416300,10.48530700,76.44416300,658048.701,1159432.885,108.00,658048.705,1159432.878,30.2,7,658049.948,1159433.356,10.48530950,76.44417150,0.000,-0.400,6.5,-6.5,0.0,0.0,1340,1340,RTK FIXED
72.506,063058.80,10.48530700,76.44416300,10.48530700,76.44416300,658048.701,1159432.885,108.00,658048.704,1159432.881,29.0,7,658049.948,1159433.356,10.48530950,76.44417150,0.000,-0.400,6.5,-6.5,0.0,0.0,1340,1340,RTK FIXED
72.559,063059.00,10.48530700,76.44416300,10.48530700,76.44416300,658048.687,1159432.911,108.00,658048.697,1159432.893,27.9,7,658049.948,1159433.356,10.48530950,76.44417150,0.000,-0.400,6.5,-6.5,-0.5,0.0,1340,1340,RTK FIXED
72.605,063059.00,10.48530700,76.44416300,10.48530700,76.44416300,658048.687,1159432.911,108.00,658048.693,1159432.900,26.8,7,658049.948,1159433.356,10.48530950,76.44417150,0.000,-0.400,6.5,-6.5,0.0,0.0,1340,1340,RTK FIXED
72.658,063059.00,10.48530700,76.44416300,10.48530700,76.44416300,658048.687,1159432.911,108.00,658048.690,1159432.904,25.6,7,658049.948,1159433.356,10.48530950,76.44417150,0.000,-0.400,6.5,-6.5,0.5,0.0,1340,1340,RTK FIXED
72.706,063059.20,10.48530700,76.44416400,10.48530700,76.44416340,658048.787,1159432.931,108.00,658048.729,1159432.915,36.9,7,658049.948,1159433.356,10.48530950,76.44417150,0.000,-0.400,6.5,-6.5,0.0,0.0,1340,1340,RTK FIXED
72.759,063059.20,10.48530700,76.44416400,10.48530700,76.44416364,658048.787,1159432.931,108.00,658048.752,1159432.922,35.8,7,658049.948,1159433.356,10.48530950,76.44417150,0.000,-0.400,6.5,-6.5,0.0,0.0,1340,1340,RTK FIXED
72.805,063059.20,10.48530700,76.44416400,10.48530700,76.44416378,658048.787,1159432.931,108.00,658048.766,1159432.925,34.7,7,658049.948,1159433.356,10.48530950,76.44417150,0.000,-0.400,6.5,-6.5,0.0,0.0,1340,1340,RTK FIXED
72.859,063059.20,10.48530700,76.44416400,10.48530700,76.44416387,658048.787,1159432.931,108.00,658048.774,1159432.928,33.5,7,658049.948,1159433.356,10.48530950,76.44417150,0.000,-0.400,6.5,-6.5,0.0,0.0,1340,1340,RTK FIXED
72.906,063059.40,10.48530700,76.44416400,10.48530700,76.44416392,658048.810,1159432.886,108.00,658048.789,1159432.911,32.4,7,658049.948,1159433.356,10.48530950,76.44417150,0.000,-0.400,6.5,-6.5,0.0,0.0,1340,1340,RTK FIXED
72.959,063059.40,10.48530700,76.44416400,10.48530700,76.44416395,658048.810,1159432.886,108.00,658048.797,1159432.901,31.2,7,658049.948,1159433.356,10.48530950,76.44417150,0.000,-0.400,6.5,-6.5,-0.5,0.0,1340,1340,RTK FIXED
73.005,063059.40,10.48530700,76.44416400,10.48530700,76.44416397,658048.810,1159432.886,108.00,658048.802,1159432.895,30.1,7,658049.948,1159433.356,10.48530950,76.44417150,0.000,-0.400,6.5,-6.5,0.5,0.0,1340,1340,RTK FIXED
73.059,063059.40,10.48530700,76.44416400,10.48530700,76.44416398,658048.810,1159432.886,108.00,658048.805,1159432.891,28.9,7,658049.948,1159433.356,10.48530950,76.44417150,0.000,-0.400,6.5,-6.5,-0.5,0.0,1340,1340,RTK FIXED
73.114,063059.60,10.48530700,76.44416400,10.48530700,76.44416399,658048.796,1159432.912,108.00,658048.802,1159432.899,27.8,7,658049.948,1159433.356,10.48530950,76.44417150,0.000,-0.400,6.5,-6.5,0.5,0.0,1340,1340,RTK FIXED
73.159,063059.60,10.48530700,76.44416400,10.48530700,76.44416399,658048.796,1159432.912,108.00,658048.799,1159432.904,26.6,7,658049.948,1159433.356,10.48530950,76.44417150,0.000,-0.400,6.5,-6.5,-0.5,0.0,1340,1340,RTK FIXED
73.213,063059.60,10.48530700,76.44416400,10.48530700,76.44416400,658048.796,1159432.912,108.00,658048.798,1159432.907,25.5,7,658049.948,1159433.356,10.48530950,76.44417150,0.000,-0.400,6.5,-6.5,0.5,0.0,1340,1340,RTK FIXED
73.260,063059.80,10.48530600,76.44416400,10.48530660,76.44416400,658048.787,1159432.821,108.00,658048.794,1159432.873,24.3,7,658049.948,1159433.356,10.48530950,76.44417150,0.000,-0.400,6.5,-6.5,-0.5,0.0,1340,1340,RTK FIXED
73.313,063059.80,10.48530600,76.44416400,10.48530636,76.44416400,658048.787,1159432.821,108.00,658048.791,1159432.852,23.2,7,658049.948,1159433.356,10.48530950,76.44417150,0.000,-0.400,6.5,-6.5,0.5,0.0,1340,1340,RTK FIXED
73.359,063059.80,10.48530600,76.44416400,10.48530622,76.44416400,658048.787,1159432.821,108.00,658048.789,1159432.840,22.0,7,658049.948,1159433.356,10.48530950,76.44417150,0.000,-0.400,6.5,-6.5,0.0,0.0,1340,1340,RTK FIXED
73.577,063100.00,10.48530600,76.44416400,10.48530613,76.44416400,658048.779,1159432.842,108.00,658048.785,1159432.841,20.9,7,658049.948,1159433.356,10.48530950,76.44417150,0.366,-0.103,10.0,8.4,-0.1,0.0,450,450,RTK FIXED
73.614,063100.00,10.48530600,76.44416400,10.48530608,76.44416400,658048.779,1159432.842,108.00,658048.783,1159432.841,20.9,7,658049.948,1159433.356,10.48530950,76.44417150,0.366,-0.103,10.0,8.4,0.7,0.0,900,900,RTK FIXED
73.659,063100.00,10.48530600,76.44416400,10.48530605,76.44416400,658048.779,1159432.842,108.00,658048.781,1159432.842,20.9,7,658049.948,1159433.356,10.48530950,76.44417150,0.366,-0.103,10.0,8.4,-0.6,0.0,1350,1350,RTK FIXED
73.714,063100.20,10.48530600,76.44416400,10.48530603,76.44416400,658048.779,1159432.842,108.00,658048.780,1159432.842,20.9,7,658049.948,1159433.356,10.48530950,76.44417150,0.366,-0.027,10.0,9.6,0.5,0.0,1800,1800,RTK FIXED
73.761,063100.20,10.48530600,76.44416400,10.48530602,76.44416400,658048.779,1159432.842,108.00,658048.780,1159432.842,20.9,7,658049.948,1159433.356,10.48530950,76.44417150,0.366,-0.027,10.0,9.6,-0.5,0.0,2047,1960,RTK FIXED
73.814,063100.40,10.48530600,76.44416400,10.48530601,76.44416400,658048.779,1159432.842,108.00,658048.780,1159432.842,20.9,7,658049.948,1159433.356,10.48530950,76.44417150,0.366,-0.007,10.0,9.9,0.5,0.0,2047,2025,RTK FIXED
73.860,063100.40,10.48530600,76.44416400,10.48530601,76.44416400,658048.779,1159432.842,108.00,658048.779,1159432.842,20.9,7,658049.948,1159433.356,10.48530950,76.44417150,0.366,-0.007,10.0,9.9,-0.5,0.0,2047,2025,RTK FIXED
73.916,063100.40,10.48530600,76.44416400,10.48530600,76.44416400,658048.779,1159432.842,108.00,658048.779,1159432.842,20.9,7,658049.948,1159433.356,10.48530950,76.44417150,0.366,-0.007,10.0,9.9,0.0,0.9,2047,2025,RTK FIXED
73.960,063100.40,10.48530600,76.44416400,10.48530600,76.44416400,658048.779,1159432.842,108.00,658048.779,1159432.842,20.9,7,658049.948,1159433.356,10.48530950,76.44417150,0.366,-0.007,10.0,9.9,0.6,1.7,2047,2025,RTK FIXED
74.014,063100.40,10.48530600,76.44416400,10.48530600,76.44416400,658048.779,1159432.842,108.00,658048.779,1159432.842,20.9,7,658049.948,1159433.356,10.48530950,76.44417150,0.366,-0.007,10.0,9.9,0.0,1.9,2047,2025,RTK FIXED
74.060,063100.40,10.48530600,76.44416400,10.48530600,76.44416400,658048.779,1159432.842,108.00,658048.779,1159432.842,20.9,7,658049.948,1159433.356,10.48530950,76.44417150,0.366,-0.007,10.0,9.9,-0.5,2.2,2047,2025,RTK FIXED
74.115,063100.60,10.48530600,76.44416400,10.48530600,76.44416400,658048.779,1159432.842,108.00,658048.779,1159432.842,20.9,7,658049.948,1159433.356,10.48530950,76.44417150,0.366,-0.002,10.0,10.0,0.0,2.3,2047,2041,RTK FIXED
74.168,063100.60,10.48530600,76.44416400,10.48530600,76.44416400,658048.779,1159432.842,108.00,658048.779,1159432.842,20.9,7,658049.948,1159433.356,10.48530950,76.44417150,0.366,-0.002,10.0,10.0,0.0,2.8,2047,2041,RTK FIXED
74.217,063100.60,10.48530600,76.44416400,10.48530600,76.44416400,658048.779,1159432.842,108.00,658048.779,1159432.842,20.9,7,658049.948,1159433.356,10.48530950,76.44417150,0.366,-0.002,10.0,10.0,0.0,3.1,2047,2041,RTK FIXED
74.268,063100.60,10.48530600,76.44416400,10.48530600,76.44416400,658048.779,1159432.842,108.00,658048.779,1159432.842,20.9,7,658049.948,1159433.356,10.48530950,76.44417150,0.366,-0.002,10.0,10.0,0.5,3.4,2047,2041,RTK FIXED
74.315,063100.80,10.48530600,76.44416400,10.48530600,76.44416400,658048.779,1159432.842,108.00,658048.779,1159432.842,20.9,7,658049.948,1159433.356,10.48530950,76.44417150,0.366,-0.000,10.0,10.0,0.0,3.2,2047,2046,RTK FIXED
74.368,063100.80,10.48530600,76.44416400,10.48530600,76.44416400,658048.779,1159432.842,108.00,658048.779,1159432.842,20.9,7,658049.948,1159433.356,10.48530950,76.44417150,0.366,-0.000,10.0,10.0,0.0,3.3,2047,2046,RTK FIXED
74.414,063100.80,10.48530600,76.44416400,10.48530600,76.44416400,658048.779,1159432.842,108.00,658048.779,1159432.842,20.9,7,658049.948,1159433.356,10.48530950,76.44417150,0.366,-0.000,10.0,10.0,-0.5,4.9,2047,2046,RTK FIXED
74.469,063100.80,10.48530600,76.44416400,10.48530600,76.44416400,658048.779,1159432.842,108.00,658048.779,1159432.842,20.9,7,658049.948,1159433.356,10.48530950,76.44417150,0.366,-0.000,10.0,10.0,0.5,5.0,2047,2046,RTK FIXED
74.516,063101.00,10.48530600,76.44416400,10.48530600,76.44416400,658048.779,1159432.842,108.00,658048.779,1159432.842,20.9,7,658049.948,1159433.356,10.48530950,76.44417150,0.366,-0.000,10.0,10.0,-0.5,6.4,2047,2047,RTK FIXED
74.569,063101.00,10.48530600,76.44416400,10.48530600,76.44416400,658048.779,1159432.842,108.00,658048.779,1159432.842,20.9,7,658049.948,1159433.356,10.48530950,76.44417150,0.366,-0.000,10.0,10.0,0.5,6.6,2047,2047,RTK FIXED
74.779,063101.20,10.48530600,76.44416500,10.48530600,76.44416440,658048.889,1159432.843,108.00,658048.823,1159432.842,5.1,7,658049.948,1159433.356,10.48530950,76.44417150,0.000,0.300,-4.9,4.9,0.0,8.1,450,450,RTK FIXED
74.815,063101.40,10.48530600,76.44416500,10.48530600,76.44416464,658048.869,1159432.937,108.00,658048.841,1159432.880,6.0,7,658049.948,1159433.356,10.48530950,76.44417150,0.000,0.375,-6.1,6.1,0.0,8.2,900,900,RTK FIXED
74.861,063101.40,10.48530600,76.44416500,10.48530600,76.44416478,658048.869,1159432.937,108.00,658048.852,1159432.903,7.1,7,658049.948,1159433.356,10.48530950,76.44417150,0.000,0.375,-6.1,6.1,-0.5,7.1,1256,1256,RTK FIXED
74.915,063101.40,10.48530600,76.44416500,10.48530600,76.44416487,658048.869,1159432.937,108.00,658048.859,1159432.916,8.1,7,658049.948,1159433.356,10.48530950,76.44417150,0.000,0.375,-6.1,6.1,0.5,5.6,1256,1256,RTK FIXED
74.962,063101.40,10.48530600,76.44416500,10.48530600,76.44416492,658048.869,1159432.937,108.00,658048.863,1159432.924,9.2,7,658049.948,1159433.356,10.48530950,76.44417150,0.000,0.375,-6.1,6.1,-0.5,4.8,1256,1256,RTK FIXED
75.015,063101.40,10.48530600,76.44416500,10.48530600,76.44416495,658048.869,1159432.937,108.00,658048.865,1159432.929,10.3,7,658049.948,1159433.356,10.48530950,76.44417150,0.000,0.375,-6.1,6.1,0.0,3.7,1256,1256,RTK FIXED
75.061,063101.40,10.48530600,76.44416500,10.48530600,76.44416497,658048.869,1159432.937,108.00,658048.867,1159432.932,11.3,7,658049.948,1159433.356,10.48530950,76.44417150,0.000,0.375,-6.1,6.1,0.0,4.9,1256,1256,RTK FIXED
75.115,063101.60,10.48530600,76.44416500,10.48530600,76.44416498,658048.874,1159432.895,108.00,658048.870,1159432.918,12.4,7,658049.948,1159433.356,10.48530950,76.44417150,0.000,0.394,-6.4,6.4,0.0,5.1,1319,1319,RTK FIXED
75.161,063101.60,10.48530600,76.44416500,10.48530600,76.44416499,658048.874,1159432.895,108.00,658048.872,1159432.909,13.6,7,658049.948,1159433.356,10.48530950,76.44417150,0.000,0.394,-6.4,6.4,0.5,4.9,1319,1319,RTK FIXED
75.215,063101.60,10.48530600,76.44416500,10.48530600,76.44416499,658048.874,1159432.895,108.00,658048.873,1159432.903,14.7,7,658049.948,1159433.356,10.48530950,76.44417150,0.000,0.394,-6.4,6.4,-0.5,6.0,1319,1319,RTK FIXED
75.270,063101.60,10.48530600,76.44416500,10.48530600,76.44416500,658048.874,1159432.895,108.00,658048.873,1159432.900,15.8,7,658049.948,1159433.356,10.48530950,76.44417150,0.000,0.394,-6.4,6.4,0.0,5.1,1319,1319,RTK FIXED
75.479,063101.80,10.48530600,76.44416500,10.48530600,76.44416500,658048.881,1159432.867,108.00,658048.876,1159432.887,16.9,7,658049.948,1159433.356,10.48530950,76.44417150,0.366,0.115,8.3,10.0,0.1,4.3,450,450,RTK FIXED
75.516,063102.00,10.48530600,76.44416600,10.48530600,76.44416540,658048.990,1159432.868,108.00,658048.922,1159432.879,17.5,7,658049.948,1159433.356,10.48530950,76.44417150,0.365,0.054,9.2,10.0,-0.7,2.7,900,900,RTK FIXED
75.562,063102.00,10.48530600,76.44416600,10.48530600,76.44416564,658048.990,1159432.868,108.00,658048.949,1159432.875,17.5,7,658049.948,1159433.356,10.48530950,76.44417150,0.365,0.054,9.2,10.0,0.0,1.6,1350,1350,RTK FIXED
75.616,063102.20,10.48530600,76.44416600,10.48530600,76.44416578,658048.991,1159432.864,108.00,658048.966,1159432.870,17.5,7,658049.948,1159433.356,10.48530950,76.44417150,0.364,0.046,9.3,10.0,0.5,0.9,1800,1800,RTK FIXED
75.662,063102.20,10.48530600,76.44416600,10.48530600,76.44416587,658048.991,1159432.864,108.00,658048.976,1159432.868,17.5,7,658049.948,1159433.356,10.48530950,76.44417150,0.364,0.046,9.3,10.0,-0.5,1.1,1896,2047,RTK FIXED
75.715,063102.20,10.48530600,76.44416600,10.48530600,76.44416592,658048.991,1159432.864,108.00,658048.982,1159432.867,17.5,7,658049.948,1159433.356,10.48530950,76.44417150,0.364,0.046,9.3,10.0,0.0,3.3,1896,2047,RTK FIXED
75.762,063102.20,10.48530600,76.44416600,10.48530600,76.44416595,658048.991,1159432.864,108.00,658048.986,1159432.866,17.5,7,658049.948,1159433.356,10.48530950,76.44417150,0.364,0.046,9.3,10.0,0.5,4.8,1896,2047,RTK FIXED
75.816,063102.40,10.48530600,76.44416600,10.48530600,76.44416597,658048.991,1159432.864,108.00,658048.988,1159432.865,17.5,7,658049.948,1159433.356,10.48530950,76.44417150,0.364,0.049,9.2,10.0,-0.5,5.5,1887,2047,RTK FIXED
75.862,063102.40,10.48530600,76.44416600,10.48530600,76.44416598,658048.991,1159432.864,108.00,658048.989,1159432.865,17.5,7,658049.948,1159433.356,10.48530950,76.44417150,0.364,0.049,9.2,10.0,0.5,7.1,1887,2047,RTK FIXED
75.915,063102.40,10.48530600,76.44416600,10.48530600,76.44416599,658048.991,1159432.864,108.00,658048.990,1159432.865,17.5,7,658049.948,1159433.356,10.48530950,76.44417150,0.364,0.049,9.2,10.0,-0.5,8.0,1887,2047,RTK FIXED
75.970,063102.40,10.48530600,76.44416600,10.48530600,76.44416599,658048.991,1159432.864,108.00,658048.991,1159432.864,17.5,7,658049.948,1159433.356,10.48530950,76.44417150,0.364,0.049,9.2,10.0,0.0,8.7,1887,2047,RTK FIXED
76.016,063102.40,10.48530600,76.44416600,10.48530600,76.44416600,658048.991,1159432.864,108.00,658048.991,1159432.864,17.5,7,658049.948,1159433.356,10.48530950,76.44417150,0.364,0.049,9.2,10.0,0.5,9.8,1887,2047,RTK FIXED
76.069,063102.40,10.48530600,76.44416600,10.48530600,76.44416600,658048.991,1159432.864,108.00,658048.991,1159432.864,17.5,7,658049.948,1159433.356,10.48530950,76.44417150,0.364,0.049,9.2,10.0,0.0,10.3,1887,2047,RTK FIXED
76.117,063102.60,10.48530600,76.44416600,10.48530600,76.44416600,658048.991,1159432.864,108.00,658048.991,1159432.864,17.5,7,658049.948,1159433.356,10.48530950,76.44417150,0.363,0.053,9.2,10.0,0.0,11.1,1876,2047,RTK FIXED
76.170,063102.60,10.48530600,76.44416600,10.48530600,76.44416600,658048.991,1159432.864,108.00,658048.991,1159432.864,17.5,7,658049.948,1159433.356,10.48530950,76.44417150,0.363,0.053,9.2,10.0,0.0,11.7,1876,2047,RTK FIXED
76.216,063102.60,10.48530600,76.44416600,10.48530600,76.44416600,658048.991,1159432.864,108.00,658048.991,1159432.864,17.5,7,658049.948,1159433.356,10.48530950,76.44417150,0.363,0.053,9.2,10.0,0.0,12.4,1876,2047,RTK FIXED
76.270,063102.60,10.48530600,76.44416600,10.48530600,76.44416600,658048.991,1159432.864,108.00,658048.991,1159432.864,17.5,7,658049.948,1159433.356,10.48530950,76.44417150,0.363,0.053,9.2,10.0,-0.5,12.9,1876,2047,RTK FIXED
76.317,063102.80,10.48530600,76.44416600,10.48530600,76.44416600,658048.991,1159432.864,108.00,658048.991,1159432.864,17.5,7,658049.948,1159433.356,10.48530950,76.44417150,0.363,0.055,9.1,10.0,0.0,14.0,1868,2047,RTK FIXED
76.370,063102.80,10.48530600,76.44416600,10.48530600,76.44416600,658048.991,1159432.864,108.00,658048.991,1159432.864,17.5,7,658049.948,1159433.356,10.48530950,76.44417150,0.363,0.055,9.1,10.0,0.0,14.5,1868,2047,RTK FIXED
76.417,063102.80,10.48530600,76.44416600,10.48530600,76.44416600,658048.991,1159432.864,108.00,658048.991,1159432.864,17.5,7,658049.948,1159433.356,10.48530950,76.44417150,0.363,0.055,9.1,10.0,0.5,15.2,1868,2047,RTK FIXED
76.470,063102.80,10.48530600,76.44416600,10.48530600,76.44416600,658048.991,1159432.864,108.00,658048.991,1159432.864,17.5,7,658049.948,1159433.356,10.48530950,76.44417150,0.363,0.055,9.1,10.0,0.0,15.5,1868,2047,RTK FIXED
76.525,063103.00,10.48530600,76.44416600,10.48530600,76.44416600,658048.991,1159432.864,108.00,658048.991,1159432.864,17.5,7,658049.948,1159433.356,10.48530950,76.44417150,0.363,0.057,9.1,10.0,0.0,16.4,1863,2047,RTK FIXED
76.570,063103.00,10.48530600,76.44416600,10.48530600,76.44416600,658048.991,1159432.864,108.00,658048.991,1159432.864,17.5,7,658049.948,1159433.356,10.48530950,76.44417150,0.363,0.057,9.1,10.0,-0.5,17.5,1863,2047,RTK FIXED
76.624,063103.00,10.48530600,76.44416600,10.48530600,76.44416600,658048.991,1159432.864,108.00,658048.991,1159432.864,17.5,7,658049.948,1159433.356,10.48530950,76.44417150,0.363,0.057,9.1,10.0,0.5,17.7,1863,2047,RTK FIXED
76.670,063103.00,10.48530600,76.44416600,10.48530600,76.44416600,658048.991,1159432.864,108.00,658048.991,1159432.864,17.5,7,658049.948,1159433.356,10.48530950,76.44417150,0.363,0.057,9.1,10.0,-0.5,18.4,1863,2047,RTK FIXED
76.725,063103.20,10.48530600,76.44416600,10.48530600,76.44416600,658048.991,1159432.864,108.00,658048.991,1159432.864,17.5,7,658049.948,1159433.356,10.48530950,76.44417150,0.363,0.058,9.1,10.0,0.0,18.8,1860,2047,RTK FIXED
76.771,063103.20,10.48530600,76.44416600,10.48530600,76.44416600,658048.991,1159432.864,108.00,658048.991,1159432.864,17.5,7,658049.948,1159433.356,10.48530950,76.44417150,0.363,0.058,9.1,10.0,0.5,18.0,1860,2047,RTK FIXED
76.825,063103.20,10.48530600,76.44416600,10.48530600,76.44416600,658048.991,1159432.864,108.00,658048.991,1159432.864,17.5,7,658049.948,1159433.356,10.48530950,76.44417150,0.363,0.058,9.1,10.0,-0.5,17.7,1860,2047,RTK FIXED
76.871,063103.20,10.48530600,76.44416600,10.48530600,76.44416600,658048.991,1159432.864,108.00,658048.991,1159432.864,17.5,7,658049.948,1159433.356,10.48530950,76.44417150,0.363,0.058,9.1,10.0,0.0,18.1,1860,2047,RTK FIXED
77.088,063103.40,10.48530600,76.44416700,10.48530600,76.44416640,658049.101,1159432.865,108.00,658049.035,1159432.865,10.8,7,658049.948,1159433.356,10.48530950,76.44417150,0.000,0.315,-5.1,5.1,0.1,16.7,450,450,RTK FIXED
77.125,063103.60,10.48530700,76.44416700,10.48530640,76.44416664,658049.092,1159433.011,108.00,658049.058,1159432.923,11.7,7,658049.948,1159433.356,10.48530950,76.44417150,0.000,0.379,-6.2,6.2,0.0,14.7,900,900,RTK FIXED
77.171,063103.60,10.48530700,76.44416700,10.48530664,76.44416678,658049.092,1159433.011,108.00,658049.071,1159432.959,12.8,7,658049.948,1159433.356,10.48530950,76.44417150,0.000,0.379,-6.2,6.2,0.0,13.7,1269,1269,RTK FIXED
77.225,063103.60,10.48530700,76.44416700,10.48530678,76.44416687,658049.092,1159433.011,108.00,658049.080,1159432.980,13.9,7,658049.948,1159433.356,10.48530950,76.44417150,0.000,0.379,-6.2,6.2,0.0,12.5,1269,1269,RTK FIXED
77.271,063103.60,10.48530700,76.44416700,10.48530687,76.44416692,658049.092,1159433.011,108.00,658049.085,1159432.992,15.0,7,658049.948,1159433.356,10.48530950,76.44417150,0.000,0.379,-6.2,6.2,0.0,11.4,1269,1269,RTK FIXED
77.488,063103.80,10.48530700,76.44416800,10.48530692,76.44416735,658049.207,1159432.985,108.00,658049.134,1159432.989,24.7,7,658049.948,1159433.356,10.48530950,76.44417150,0.366,0.095,8.6,10.0,-0.1,8.5,450,450,RTK FIXED
77.526,063104.00,10.48530700,76.44416800,10.48530695,76.44416761,658049.225,1159432.932,108.00,658049.170,1159432.966,24.7,7,658049.948,1159433.356,10.48530950,76.44417150,0.366,0.033,9.5,10.0,0.0,6.0,900,900,RTK FIXED
77.571,063104.00,10.48530700,76.44416800,10.48530697,76.44416777,658049.225,1159432.932,108.00,658049.192,1159432.953,24.7,7,658049.948,1159433.356,10.48530950,76.44417150,0.366,0.033,9.5,10.0,0.5,4.9,1350,1350,RTK FIXED
77.626,063104.00,10.48530700,76.44416800,10.48530698,76.44416786,658049.225,1159432.932,108.00,658049.206,1159432.944,24.7,7,658049.948,1159433.356,10.48530950,76.44417150,0.366,0.033,9.5,10.0,0.0,4.1,1800,1800,RTK FIXED
77.671,063104.00,10.48530700,76.44416800,10.48530699,76.44416792,658049.225,1159432.932,108.00,658049.213,1159432.939,24.7,7,658049.948,1159433.356,10.48530950,76.44417150,0.366,0.033,9.5,10.0,-0.5,3.3,1938,2047,RTK FIXED
77.726,063104.20,10.48530700,76.44416800,10.48530699,76.44416795,658049.225,1159432.932,108.00,658049.218,1159432.937,24.7,7,658049.948,1159433.356,10.48530950,76.44417150,0.366,0.025,9.6,10.0,0.5,3.2,1965,2047,RTK FIXED
77.771,063104.20,10.48530700,76.44416800,10.48530700,76.44416797,658049.225,1159432.932,108.00,658049.221,1159432.935,24.7,7,658049.948,1159433.356,10.48530950,76.44417150,0.366,0.025,9.6,10.0,0.0,4.4,1965,2047,RTK FIXED
77.826,063104.40,10.48530700,76.44416800,10.48530700,76.44416798,658049.225,1159432.932,108.00,658049.223,1159432.934,14.8,7,658049.948,1159433.356,10.48530950,76.44417150,0.356,0.085,8.7,10.0,-0.5,6.4,1773,2047,RTK FIXED
77.871,063104.40,10.48530700,76.44416800,10.48530700,76.44416799,658049.225,1159432.932,108.00,658049.224,1159432.933,14.8,7,658049.948,1159433.356,10.48530950,76.44417150,0.356,0.085,8.7,10.0,0.6,7.2,1773,2047,RTK FIXED
77.926,063104.40,10.48530700,76.44416800,10.48530700,76.44416799,658049.225,1159432.932,108.00,658049.224,1159432.933,14.8,7,658049.948,1159433.356,10.48530950,76.44417150,0.356,0.085,8.7,10.0,0.0,7.8,1773,2047,RTK FIXED
77.979,063104.40,10.48530700,76.44416800,10.48530700,76.44416800,658049.225,1159432.932,108.00,658049.225,1159432.932,14.8,7,658049.948,1159433.356,10.48530950,76.44417150,0.356,0.085,8.7,10.0,-0.5,8.9,1773,2047,RTK FIXED
78.026,063104.60,10.48530700,76.44416800,10.48530700,76.44416800,658049.205,1159432.993,108.00,658049.217,1159432.957,14.8,7,658049.948,1159433.356,10.48530950,76.44417150,0.358,0.092,8.6,10.0,0.5,10.1,1754,2047,RTK FIXED
78.079,063104.60,10.48530700,76.44416800,10.48530700,76.44416800,658049.205,1159432.993,108.00,658049.212,1159432.971,14.8,7,658049.948,1159433.356,10.48530950,76.44417150,0.358,0.092,8.6,10.0,-0.5,10.9,1754,2047,RTK FIXED
78.126,063104.60,10.48530700,76.44416800,10.48530700,76.44416800,658049.205,1159432.993,108.00,658049.210,1159432.980,14.8,7,658049.948,1159433.356,10.48530950,76.44417150,0.358,0.092,8.6,10.0,0.0,11.7,1754,2047,RTK FIXED
78.179,063104.60,10.48530700,76.44416800,10.48530700,76.44416800,658049.205,1159432.993,108.00,658049.208,1159432.985,14.8,7,658049.948,1159433.356,10.48530950,76.44417150,0.358,0.092,8.6,10.0,0.0,12.2,1754,2047,RTK FIXED
78.225,063104.60,10.48530700,76.44416800,10.48530700,76.44416800,658049.205,1159432.993,108.00,658049.207,1159432.988,14.8,7,658049.948,1159433.356,10.48530950,76.44417150,0.358,0.092,8.6,10.0,0.5,13.0,1754,2047,RTK FIXED
78.280,063104.60,10.48530700,76.44416800,10.48530700,76.44416800,658049.205,1159432.993,108.00,658049.206,1159432.990,14.8,7,658049.948,1159433.356,10.48530950,76.44417150,0.358,0.092,8.6,10.0,0.0,13.8,1754,2047,RTK FIXED
78.326,063104.80,10.48530700,76.44416800,10.48530700,76.44416800,658049.205,1159432.993,108.00,658049.206,1159432.991,14.8,7,658049.948,1159433.356,10.48530950,76.44417150,0.359,0.089,8.6,10.0,-0.5,15.0,1764,2047,RTK FIXED
78.379,063104.80,10.48530700,76.44416800,10.48530700,76.44416800,658049.205,1159432.993,108.00,658049.206,1159432.992,14.8,7,658049.948,1159433.356,10.48530950,76.44417150,0.359,0.089,8.6,10.0,0.5,15.2,1764,2047,RTK FIXED
78.426,063104.80,10.48530700,76.44416800,10.48530700,76.44416800,658049.205,1159432.993,108.00,658049.206,1159432.992,14.8,7,658049.948,1159433.356,10.48530950,76.44417150,0.359,0.089,8.6,10.0,-0.5,16.5,1764,2047,RTK FIXED
78.479,063104.80,10.48530700,76.44416800,10.48530700,76.44416800,658049.205,1159432.993,108.00,658049.206,1159432.992,14.8,7,658049.948,1159433.356,10.48530950,76.44417150,0.359,0.089,8.6,10.0,0.0,16.9,1764,2047,RTK FIXED
78.534,063105.00,10.48530700,76.44416800,10.48530700,76.44416800,658049.205,1159432.993,108.00,658049.205,1159432.992,14.8,7,658049.948,1159433.356,10.48530950,76.44417150,0.360,0.085,8.7,10.0,0.5,17.7,1775,2047,RTK FIXED
78.580,063105.00,10.48530700,76.44416800,10.48530700,76.44416800,658049.205,1159432.993,108.00,658049.205,1159432.993,14.8,7,658049.948,1159433.356,10.48530950,76.44417150,0.360,0.085,8.7,10.0,-0.5,18.1,1775,2047,RTK FIXED
78.634,063105.00,10.48530700,76.44416800,10.48530700,76.44416800,658049.205,1159432.993,108.00,658049.205,1159432.993,14.8,7,658049.948,1159433.356,10.48530950,76.44417150,0.360,0.085,8.7,10.0,0.0,18.0,1775,2047,RTK FIXED
78.680,063105.00,10.48530700,76.44416800,10.48530700,76.44416800,658049.205,1159432.993,108.00,658049.205,1159432.993,14.8,7,658049.948,1159433.356,10.48530950,76.44417150,0.360,0.085,8.7,10.0,0.0,18.5,1775,2047,RTK FIXED
78.734,063105.20,10.48530700,76.44416900,10.48530700,76.44416840,658049.315,1159432.993,108.00,658049.249,1159432.993,14.8,7,658049.948,1159433.356,10.48530950,76.44417150,0.358,0.092,8.6,10.0,0.5,18.4,1755,2047,RTK FIXED
78.780,063105.20,10.48530700,76.44416900,10.48530700,76.44416864,658049.315,1159432.993,108.00,658049.275,1159432.993,14.8,7,658049.948,1159433.356,10.48530950,76.44417150,0.358,0.092,8.6,10.0,-0.5,18.0,1755,2047,RTK FIXED
78.834,063105.20,10.48530700,76.44416900,10.48530700,76.44416878,658049.315,1159432.993,108.00,658049.291,1159432.993,14.8,7,658049.948,1159433.356,10.48530950,76.44417150,0.358,0.092,8.6,10.0,0.5,18.6,1755,2047,RTK FIXED
78.881,063105.20,10.48530700,76.44416900,10.48530700,76.44416887,658049.315,1159432.993,108.00,658049.301,1159432.993,14.8,7,658049.948,1159433.356,10.48530950,76.44417150,0.358,0.092,8.6,10.0,-0.5,18.2,1755,2047,RTK FIXED
78.935,063105.40,10.48530700,76.44416900,10.48530700,76.44416892,658049.315,1159432.993,108.00,658049.306,1159432.993,21.1,7,658049.948,1159433.356,10.48530950,76.44417150,0.364,0.061,9.0,10.0,0.0,18.1,1852,2047,RTK FIXED
78.981,063105.40,10.48530700,76.44416900,10.48530700,76.44416895,658049.315,1159432.993,108.00,658049.310,1159432.993,21.1,7,658049.948,1159433.356,10.48530950,76.44417150,0.364,0.061,9.0,10.0,0.5,18.6,1852,2047,RTK FIXED
79.034,063105.40,10.48530700,76.44416900,10.48530700,76.44416897,658049.315,1159432.993,108.00,658049.312,1159432.993,21.1,7,658049.948,1159433.356,10.48530950,76.44417150,0.364,0.061,9.0,10.0,0.0,18.1,1852,2047,RTK FIXED
79.081,063105.40,10.48530700,76.44416900,10.48530700,76.44416898,658049.315,1159432.993,108.00,658049.313,1159432.993,21.1,7,658049.948,1159433.356,10.48530950,76.44417150,0.364,0.061,9.0,10.0,-0.5,18.7,1852,2047,RTK FIXED
79.135,063105.60,10.48530800,76.44416900,10.48530740,76.44416899,658049.326,1159433.065,108.00,658049.318,1159433.022,21.1,7,658049.948,1159433.356,10.48530950,76.44417150,0.364,0.046,9.3,10.0,0.0,18.1,1898,2047,RTK FIXED
79.189,063105.60,10.48530800,76.44416900,10.48530764,76.44416899,658049.326,1159433.065,108.00,658049.321,1159433.039,21.1,7,658049.948,1159433.356,10.48530950,76.44417150,0.364,0.046,9.3,10.0,0.0,18.3,1898,2047,RTK FIXED
79.235,063105.60,10.48530800,76.44416900,10.48530778,76.44416900,658049.326,1159433.065,108.00,658049.323,1159433.049,21.1,7,658049.948,1159433.356,10.48530950,76.44417150,0.364,0.046,9.3,10.0,0.0,17.8,1898,2047,RTK FIXED
79.289,063105.60,10.48530800,76.44416900,10.48530787,76.44416900,658049.326,1159433.065,108.00,658049.324,1159433.055,21.1,7,658049.948,1159433.356,10.48530950,76.44417150,0.364,0.046,9.3,10.0,0.5,18.6,1898,2047,RTK FIXED
79.335,063105.80,10.48530800,76.44417000,10.48530792,76.44416940,658049.435,1159433.065,108.00,658049.369,1159433.059,24.6,7,658049.948,1159433.356,10.48530950,76.44417150,0.366,0.027,9.6,10.0,0.0,17.7,1958,2047,RTK FIXED
79.389,063105.80,10.48530800,76.44417000,10.48530795,76.44416964,658049.435,1159433.065,108.00,658049.395,1159433.062,24.6,7,658049.948,1159433.356,10.48530950,76.44417150,0.366,0.027,9.6,10.0,0.0,18.7,1958,2047,RTK FIXED
79.435,063106.00,10.48530800,76.44417000,10.48530797,76.44416978,658049.443,1159433.044,108.00,658049.415,1159433.055,24.6,7,658049.948,1159433.356,10.48530950,76.44417150,0.365,0.029,9.5,10.0,0.0,18.7,1952,2047,RTK FIXED
79.489,063106.00,10.48530800,76.44417000,10.48530798,76.44416987,658049.443,1159433.044,108.00,658049.426,1159433.050,24.6,7,658049.948,1159433.356,10.48530950,76.44417150,0.365,0.029,9.5,10.0,-0.5,19.2,1952,2047,RTK FIXED
79.535,063106.00,10.48530800,76.44417000,10.48530799,76.44416992,658049.443,1159433.044,108.00,658049.433,1159433.048,24.6,7,658049.948,1159433.356,10.48530950,76.44417150,0.365,0.029,9.5,10.0,0.0,19.9,1952,2047,RTK FIXED
79.589,063106.00,10.48530800,76.44417000,10.48530799,76.44416995,658049.443,1159433.044,108.00,658049.437,1159433.046,24.6,7,658049.948,1159433.356,10.48530950,76.44417150,0.365,0.029,9.5,10.0,0.0,20.0,1952,2047,RTK FIXED
79.635,063106.20,10.48530800,76.44417000,10.48530800,76.44416997,658049.443,1159433.044,108.00,658049.440,1159433.046,24.6,7,658049.948,1159433.356,10.48530950,76.44417150,0.365,0.034,9.5,10.0,0.0,18.7,1937,2047,RTK FIXED
79.689,063106.20,10.48530800,76.44417000,10.48530800,76.44416998,658049.443,1159433.044,108.00,658049.441,1159433.045,24.6,7,658049.948,1159433.356,10.48530950,76.44417150,0.365,0.034,9.5,10.0,0.0,18.7,1937,2047,RTK FIXED
79.743,063106.20,10.48530800,76.44417000,10.48530800,76.44416999,658049.443,1159433.044,108.00,658049.442,1159433.045,24.6,7,658049.948,1159433.356,10.48530950,76.44417150,0.365,0.034,9.5,10.0,0.0,18.1,1937,2047,RTK FIXED
79.789,063106.20,10.48530800,76.44417000,10.48530800,76.44416999,658049.443,1159433.044,108.00,658049.443,1159433.045,24.6,7,658049.948,1159433.356,10.48530950,76.44417150,0.365,0.034,9.5,10.0,0.0,19.0,1937,2047,RTK FIXED
79.843,063106.40,10.48530900,76.44417000,10.48530840,76.44417000,658049.443,1159433.155,108.00,658049.443,1159433.089,27.6,7,658049.948,1159433.356,10.48530950,76.44417150,0.366,0.008,9.9,10.0,0.5,18.9,2019,2047,RTK FIXED
79.889,063106.40,10.48530900,76.44417000,10.48530864,76.44417000,658049.443,1159433.155,108.00,658049.443,1159433.115,27.6,7,658049.948,1159433.356,10.48530950,76.44417150,0.366,0.008,9.9,10.0,-0.5,17.4,2019,2047,RTK FIXED
79.943,063106.40,10.48530900,76.44417000,10.48530878,76.44417000,658049.443,1159433.155,108.00,658049.443,1159433.131,27.6,7,658049.948,1159433.356,10.48530950,76.44417150,0.366,0.008,9.9,10.0,0.0,18.1,2019,2047,RTK FIXED
79.989,063106.40,10.48530900,76.44417000,10.48530887,76.44417000,658049.443,1159433.155,108.00,658049.443,1159433.141,27.6,7,658049.948,1159433.356,10.48530950,76.44417150,0.366,0.008,9.9,10.0,0.0,18.9,2019,2047,RTK FIXED
80.043,063106.60,10.48530900,76.44417100,10.48530892,76.44417040,658049.560,1159433.138,108.00,658049.490,1159433.139,27.6,7,658049.948,1159433.356,10.48530950,76.44417150,0.366,0.002,10.0,10.0,0.5,18.5,2040,2047,RTK FIXED
80.089,063106.60,10.48530900,76.44417100,10.48530895,76.44417064,658049.560,1159433.138,108.00,658049.518,1159433.139,27.6,7,658049.948,1159433.356,10.48530950,76.44417150,0.366,0.002,10.0,10.0,-0.5,19.1,2040,2047,RTK FIXED
80.143,063106.60,10.48530900,76.44417100,10.48530897,76.44417078,658049.560,1159433.138,108.00,658049.535,1159433.138,27.6,7,658049.948,1159433.356,10.48530950,76.44417150,0.366,0.002,10.0,10.0,0.5,19.2,2040,2047,RTK FIXED
80.189,063106.60,10.48530900,76.44417100,10.48530898,76.44417087,658049.560,1159433.138,108.00,658049.545,1159433.138,27.6,7,658049.948,1159433.356,10.48530950,76.44417150,0.366,0.002,10.0,10.0,-0.5,18.7,2040,2047,RTK FIXED
80.243,063106.60,10.48530900,76.44417100,10.48530899,76.44417092,658049.560,1159433.138,108.00,658049.551,1159433.138,27.6,7,658049.948,1159433.356,10.48530950,76.44417150,0.366,0.002,10.0,10.0,0.0,19.0,2040,2047,RTK FIXED
80.290,063106.60,10.48530900,76.44417100,10.48530899,76.44417095,658049.560,1159433.138,108.00,658049.555,1159433.138,27.6,7,658049.948,1159433.356,10.48530950,76.44417150,0.366,0.002,10.0,10.0,0.5,18.4,2040,2047,RTK FIXED
80.344,063106.80,10.48530900,76.44417100,10.48530900,76.44417097,658049.560,1159433.138,108.00,658049.557,1159433.138,25.4,7,658049.948,1159433.356,10.48530950,76.44417150,0.366,0.015,9.8,10.0,0.0,18.4,1998,2047,RTK FIXED
80.397,063106.80,10.48530900,76.44417100,10.48530900,76.44417098,658049.560,1159433.138,108.00,658049.559,1159433.138,25.4,7,658049.948,1159433.356,10.48530950,76.44417150,0.366,0.015,9.8,10.0,-0.5,18.2,1998,2047,RTK FIXED
80.443,063106.80,10.48530900,76.44417100,10.48530900,76.44417099,658049.560,1159433.138,108.00,658049.559,1159433.138,25.4,7,658049.948,1159433.356,10.48530950,76.44417150,0.366,0.015,9.8,10.0,0.0,16.8,1998,2047,RTK FIXED
80.498,063107.00,10.48530900,76.44417100,10.48530900,76.44417099,658049.555,1159433.150,108.00,658049.557,1159433.143,25.4,7,658049.948,1159433.356,10.48530950,76.44417150,0.366,0.017,9.7,10.0,0.5,18.4,1990,2047,RTK FIXED
80.543,063107.00,10.48530900,76.44417100,10.48530900,76.44417100,658049.555,1159433.150,108.00,658049.556,1159433.146,25.4,7,658049.948,1159433.356,10.48530950,76.44417150,0.366,0.017,9.7,10.0,0.0,18.0,1990,2047,RTK FIXED
80.598,063107.00,10.48530900,76.44417100,10.48530900,76.44417100,658049.555,1159433.150,108.00,658049.556,1159433.148,25.4,7,658049.948,1159433.356,10.48530950,76.44417150,0.366,0.017,9.7,10.0,0.0,18.1,1990,2047,RTK FIXED
80.644,063107.20,10.48530900,76.44417200,10.48530900,76.44417140,658049.664,1159433.151,108.00,658049.599,1159433.149,25.4,7,658049.948,1159433.356,10.48530950,76.44417150,0.339,0.026,9.5,10.0,0.0,18.3,1953,2047,RTK FIXED
80.698,063107.20,10.48530900,76.44417200,10.48530900,76.44417164,658049.664,1159433.151,108.00,658049.625,1159433.150,25.4,7,658049.948,1159433.356,10.48530950,76.44417150,0.339,0.026,9.5,10.0,-0.5,18.2,1953,2047,RTK FIXED
80.744,063107.20,10.48530900,76.44417200,10.48530900,76.44417178,658049.664,1159433.151,108.00,658049.641,1159433.150,25.4,7,658049.948,1159433.356,10.48530950,76.44417150,0.339,0.026,9.5,10.0,0.0,17.9,1953,2047,RTK FIXED
80.798,063107.20,10.48530900,76.44417200,10.48530900,76.44417187,658049.664,1159433.151,108.00,658049.650,1159433.151,25.4,7,658049.948,1159433.356,10.48530950,76.44417150,0.339,0.026,9.5,10.0,0.5,17.9,1953,2047,RTK FIXED
80.847,063107.40,10.48531000,76.44417200,10.48530940,76.44417192,658049.663,1159433.262,108.00,658049.655,1159433.195,27.8,8,658051.203,1159434.080,10.48531600,76.44418300,0.366,0.007,9.9,10.0,-0.5,18.5,2025,2047,RTK FIXED
80.898,063107.40,10.48531000,76.44417200,10.48530964,76.44417195,658049.663,1159433.262,108.00,658049.659,1159433.222,27.8,8,658051.203,1159434.080,10.48531600,76.44418300,0.366,0.007,9.9,10.0,0.0,17.6,2025,2047,RTK FIXED
80.952,063107.40,10.48531000,76.44417200,10.48530978,76.44417197,658049.663,1159433.262,108.00,658049.661,1159433.238,27.8,8,658051.203,1159434.080,10.48531600,76.44418300,0.366,0.007,9.9,10.0,0.5,17.7,2025,2047,RTK FIXED
80.997,063107.40,10.48531000,76.44417200,10.48530987,76.44417198,658049.663,1159433.262,108.00,658049.662,1159433.247,27.8,8,658051.203,1159434.080,10.48531600,76.44418300,0.366,0.007,9.9,10.0,0.0,18.1,2025,2047,RTK FIXED
81.052,063107.40,10.48531000,76.44417200,10.48530992,76.44417199,658049.663,1159433.262,108.00,658049.662,1159433.253,27.8,8,658051.203,1159434.080,10.48531600,76.44418300,0.366,0.007,9.9,10.0,0.0,17.4,2025,2047,RTK FIXED
81.098,063107.40,10.48531000,76.44417200,10.48530995,76.44417199,658049.663,1159433.262,108.00,658049.663,1159433.256,27.8,8,658051.203,1159434.080,10.48531600,76.44418300,0.366,0.007,9.9,10.0,-0.5,18.4,2025,2047,RTK FIXED
81.152,063107.60,10.48531000,76.44417200,10.48530997,76.44417200,658049.670,1159433.247,108.00,658049.666,1159433.253,27.8,8,658051.203,1159434.080,10.48531600,76.44418300,0.366,0.002,10.0,10.0,0.5,18.4,2041,2047,RTK FIXED
81.198,063107.60,10.48531000,76.44417200,10.48530998,76.44417200,658049.670,1159433.247,108.00,658049.668,1159433.251,27.8,8,658051.203,1159434.080,10.48531600,76.44418300,0.366,0.002,10.0,10.0,-0.5,18.0,2041,2047,RTK FIXED
81.251,063107.60,10.48531000,76.44417200,10.48530999,76.44417200,658049.670,1159433.247,108.00,658049.669,1159433.249,27.8,8,658051.203,1159434.080,10.48531600,76.44418300,0.366,0.002,10.0,10.0,0.0,18.3,2041,2047,RTK FIXED
81.299,063107.60,10.48531000,76.44417200,10.48530999,76.44417200,658049.670,1159433.247,108.00,658049.669,1159433.248,27.8,8,658051.203,1159434.080,10.48531600,76.44418300,0.366,0.002,10.0,10.0,0.0,18.5,2041,2047,RTK FIXED
81.353,063107.80,10.48531000,76.44417300,10.48531000,76.44417240,658049.780,1159433.248,108.00,658049.713,1159433.248,27.2,8,658051.203,1159434.080,10.48531600,76.44418300,0.366,0.005,9.9,10.0,0.0,18.1,2029,2047,RTK FIXED
81.398,063107.80,10.48531000,76.44417300,10.48531000,76.44417264,658049.780,1159433.248,108.00,658049.740,1159433.248,27.2,8,658051.203,1159434.080,10.48531600,76.44418300,0.366,0.005,9.9,10.0,0.5,18.0,2029,2047,RTK FIXED
81.452,063107.80,10.48531000,76.44417300,10.48531000,76.44417278,658049.780,1159433.248,108.00,658049.756,1159433.248,27.2,8,658051.203,1159434.080,10.48531600,76.44418300,0.366,0.005,9.9,10.0,0.0,18.1,2029,2047,RTK FIXED
81.498,063107.80,10.48531000,76.44417300,10.48531000,76.44417287,658049.780,1159433.248,108.00,658049.765,1159433.248,27.2,8,658051.203,1159434.080,10.48531600,76.44418300,0.366,0.005,9.9,10.0,-0.5,18.4,2029,2047,RTK FIXED
81.553,063108.00,10.48531000,76.44417300,10.48531000,76.44417292,658049.778,1159433.252,108.00,658049.770,1159433.249,27.2,8,658051.203,1159434.080,10.48531600,76.44418300,0.366,0.009,9.9,10.0,0.0,18.5,2018,2047,RTK FIXED
81.606,063108.00,10.48531000,76.44417300,10.48531000,76.44417295,658049.778,1159433.252,108.00,658049.773,1159433.250,27.2,8,658051.203,1159434.080,10.48531600,76.44418300,0.366,0.009,9.9,10.0,0.0,18.2,2018,2047,RTK FIXED
81.652,063108.00,10.48531000,76.44417300,10.48531000,76.44417297,658049.778,1159433.252,108.00,658049.775,1159433.251,27.2,8,658051.203,1159434.080,10.48531600,76.44418300,0.366,0.009,9.9,10.0,0.5,18.5,2018,2047,RTK FIXED
81.707,063108.20,10.48531000,76.44417300,10.48531000,76.44417298,658049.778,1159433.252,108.00,658049.776,1159433.251,27.2,8,658051.203,1159434.080,10.48531600,76.44418300,0.366,0.011,9.8,10.0,0.0,18.3,2010,2047,RTK FIXED
81.753,063108.20,10.48531000,76.44417300,10.48531000,76.44417299,658049.778,1159433.252,108.00,658049.777,1159433.251,27.2,8,658051.203,1159434.080,10.48531600,76.44418300,0.366,0.011,9.8,10.0,-0.5,18.6,2010,2047,RTK FIXED
81.807,063108.40,10.48531100,76.44417400,10.48531040,76.44417339,658049.887,1159433.363,108.00,658049.821,1159433.296,28.2,8,658051.203,1159434.080,10.48531600,76.44418300,0.366,0.003,10.0,10.0,0.0,18.3,2038,2047,RTK FIXED
81.852,063108.40,10.48531100,76.44417400,10.48531064,76.44417364,658049.887,1159433.363,108.00,658049.847,1159433.323,28.2,8,658051.203,1159434.080,10.48531600,76.44418300,0.366,0.003,10.0,10.0,0.0,18.9,2038,2047,RTK FIXED
81.906,063108.40,10.48531100,76.44417400,10.48531078,76.44417378,658049.887,1159433.363,108.00,658049.863,1159433.339,28.2,8,658051.203,1159434.080,10.48531600,76.44418300,0.366,0.003,10.0,10.0,0.0,18.3,2038,2047,RTK FIXED
81.953,063108.40,10.48531100,76.44417400,10.48531087,76.44417387,658049.887,1159433.363,108.00,658049.872,1159433.348,28.2,8,658051.203,1159434.080,10.48531600,76.44418300,0.366,0.003,10.0,10.0,0.5,18.4,2038,2047,RTK FIXED
82.006,063108.40,10.48531100,76.44417400,10.48531092,76.44417392,658049.887,1159433.363,108.00,658049.878,1159433.354,28.2,8,658051.203,1159434.080,10.48531600,76.44418300,0.366,0.003,10.0,10.0,0.0,18.7,2038,2047,RTK FIXED
82.053,063108.40,10.48531100,76.44417400,10.48531095,76.44417395,658049.887,1159433.363,108.00,658049.882,1159433.358,28.2,8,658051.203,1159434.080,10.48531600,76.44418300,0.366,0.003,10.0,10.0,-0.5,18.7,2038,2047,RTK FIXED
82.107,063108.60,10.48531100,76.44417400,10.48531097,76.44417397,658049.890,1159433.357,108.00,658049.885,1159433.357,28.2,8,658051.203,1159434.080,10.48531600,76.44418300,0.366,0.001,10.0,10.0,0.5,18.8,2045,2047,RTK FIXED
82.161,063108.60,10.48531100,76.44417400,10.48531098,76.44417398,658049.890,1159433.357,108.00,658049.887,1159433.357,28.2,8,658051.203,1159434.080,10.48531600,76.44418300,0.366,0.001,10.0,10.0,-0.5,18.8,2045,2047,RTK FIXED
82.207,063108.60,10.48531100,76.44417400,10.48531099,76.44417399,658049.890,1159433.357,108.00,658049.888,1159433.357,28.2,8,658051.203,1159434.080,10.48531600,76.44418300,0.366,0.001,10.0,10.0,0.0,18.9,2045,2047,RTK FIXED
82.260,063108.60,10.48531100,76.44417400,10.48531099,76.44417399,658049.890,1159433.357,108.00,658049.889,1159433.357,28.2,8,658051.203,1159434.080,10.48531600,76.44418300,0.366,0.001,10.0,10.0,0.5,18.3,2045,2047,RTK FIXED
82.307,063108.80,10.48531100,76.44417400,10.48531100,76.44417400,658049.890,1159433.357,108.00,658049.889,1159433.357,28.2,8,658051.203,1159434.080,10.48531600,76.44418300,0.366,0.000,10.0,10.0,0.0,19.0,2046,2047,RTK FIXED
82.361,063108.80,10.48531100,76.44417400,10.48531100,76.44417400,658049.890,1159433.357,108.00,658049.889,1159433.357,28.2,8,658051.203,1159434.080,10.48531600,76.44418300,0.366,0.000,10.0,10.0,0.0,19.2,2046,2047,RTK FIXED
82.407,063108.80,10.48531100,76.44417400,10.48531100,76.44417400,658049.890,1159433.357,108.00,658049.889,1159433.357,28.2,8,658051.203,1159434.080,10.48531600,76.44418300,0.366,0.000,10.0,10.0,0.0,19.4,2046,2047,RTK FIXED
82.461,063108.80,10.48531100,76.44417400,10.48531100,76.44417400,658049.890,1159433.357,108.00,658049.889,1159433.357,28.2,8,658051.203,1159434.080,10.48531600,76.44418300,0.366,0.000,10.0,10.0,0.0,18.5,2046,2047,RTK FIXED
82.508,063108.80,10.48531100,76.44417400,10.48531100,76.44417400,658049.890,1159433.357,108.00,658049.889,1159433.357,28.2,8,658051.203,1159434.080,10.48531600,76.44418300,0.366,0.000,10.0,10.0,0.0,18.7,2046,2047,RTK FIXED
82.562,063109.00,10.48531100,76.44417500,10.48531100,76.44417440,658049.999,1159433.357,108.00,658049.933,1159433.357,27.3,8,658051.203,1159434.080,10.48531600,76.44418300,0.366,0.007,9.9,10.0,0.0,18.6,2024,2047,RTK FIXED
82.607,063109.20,10.48531100,76.44417500,10.48531100,76.44417464,658049.996,1159433.363,108.00,658049.959,1159433.359,27.3,8,658051.203,1159434.080,10.48531600,76.44418300,0.366,0.013,9.8,10.0,-0.5,18.6,2005,2047,RTK FIXED
82.661,063109.20,10.48531100,76.44417500,10.48531100,76.44417478,658049.996,1159433.363,108.00,658049.974,1159433.361,27.3,8,658051.203,1159434.080,10.48531600,76.44418300,0.366,0.013,9.8,10.0,0.0,18.9,2005,2047,RTK FIXED
82.715,063109.20,10.48531100,76.44417500,10.48531100,76.44417487,658049.996,1159433.363,108.00,658049.983,1159433.362,27.3,8,658051.203,1159434.080,10.48531600,76.44418300,0.366,0.013,9.8,10.0,0.0,19.1,2005,2047,RTK FIXED
82.761,063109.20,10.48531100,76.44417500,10.48531100,76.44417492,658049.996,1159433.363,108.00,658049.988,1159433.362,27.3,8,658051.203,1159434.080,10.48531600,76.44418300,0.366,0.013,9.8,10.0,0.5,18.8,2005,2047,RTK FIXED
82.815,063109.40,10.48531100,76.44417500,10.48531100,76.44417495,658049.996,1159433.363,108.00,658049.991,1159433.362,27.3,8,658051.203,1159434.080,10.48531600,76.44418300,0.366,0.016,9.7,10.0,-0.5,18.7,1993,2047,RTK FIXED
82.862,063109.40,10.48531100,76.44417500,10.48531100,76.44417497,658049.996,1159433.363,108.00,658049.993,1159433.363,27.3,8,658051.203,1159434.080,10.48531600,76.44418300,0.366,0.016,9.7,10.0,0.5,18.8,1993,2047,RTK FIXED
82.915,063109.40,10.48531100,76.44417500,10.48531100,76.44417498,658049.996,1159433.363,108.00,658049.995,1159433.363,27.3,8,658051.203,1159434.080,10.48531600,76.44418300,0.366,0.016,9.7,10.0,-0.5,18.6,1993,2047,RTK FIXED
82.961,063109.40,10.48531100,76.44417500,10.48531100,76.44417499,658049.996,1159433.363,108.00,658049.995,1159433.363,27.3,8,658051.203,1159434.080,10.48531600,76.44418300,0.366,0.016,9.7,10.0,0.5,18.4,1993,2047,RTK FIXED
83.015,063109.40,10.48531100,76.44417500,10.48531100,76.44417499,658049.996,1159433.363,108.00,658049.996,1159433.363,27.3,8,658051.203,1159434.080,10.48531600,76.44418300,0.366,0.016,9.7,10.0,-0.5,18.8,1993,2047,RTK FIXED
83.062,063109.40,10.48531100,76.44417500,10.48531100,76.44417500,658049.996,1159433.363,108.00,658049.996,1159433.363,27.3,8,658051.203,1159434.080,10.48531600,76.44418300,0.366,0.016,9.7,10.0,0.5,18.7,1993,2047,RTK FIXED
83.116,063109.60,10.48531200,76.44417600,10.48531140,76.44417540,658050.105,1159433.474,108.00,658050.040,1159433.407,27.8,8,658051.203,1159434.080,10.48531600,76.44418300,0.366,0.008,9.9,10.0,0.0,18.4,2020,2047,RTK FIXED
83.162,063109.60,10.48531200,76.44417600,10.48531164,76.44417564,658050.105,1159433.474,108.00,658050.066,1159433.434,27.8,8,658051.203,1159434.080,10.48531600,76.44418300,0.366,0.008,9.9,10.0,0.0,18.0,2020,2047,RTK FIXED
83.215,063109.60,10.48531200,76.44417600,10.48531178,76.44417578,658050.105,1159433.474,108.00,658050.082,1159433.450,27.8,8,658051.203,1159434.080,10.48531600,76.44418300,0.366,0.008,9.9,10.0,-0.5,18.6,2020,2047,RTK FIXED
83.269,063109.60,10.48531200,76.44417600,10.48531187,76.44417587,658050.105,1159433.474,108.00,658050.091,1159433.459,27.8,8,658051.203,1159434.080,10.48531600,76.44418300,0.366,0.008,9.9,10.0,0.0,18.5,2020,2047,RTK FIXED
83.316,063109.80,10.48531200,76.44417600,10.48531192,76.44417592,658050.107,1159433.471,108.00,658050.098,1159433.464,27.8,8,658051.203,1159434.080,10.48531600,76.44418300,0.366,0.003,9.9,10.0,0.5,18.3,2036,2047,RTK FIXED
83.369,063109.80,10.48531200,76.44417600,10.48531195,76.44417595,658050.107,1159433.471,108.00,658050.101,1159433.467,27.8,8,658051.203,1159434.080,10.48531600,76.44418300,0.366,0.003,9.9,10.0,-0.5,18.9,2036,2047,RTK FIXED
83.415,063109.80,10.48531200,76.44417600,10.48531197,76.44417597,658050.107,1159433.471,108.00,658050.104,1159433.468,27.8,8,658051.203,1159434.080,10.48531600,76.44418300,0.366,0.003,9.9,10.0,0.5,17.9,2036,2047,RTK FIXED
83.470,063109.80,10.48531200,76.44417600,10.48531198,76.44417598,658050.107,1159433.471,108.00,658050.105,1159433.469,27.8,8,658051.203,1159434.080,10.48531600,76.44418300,0.366,0.003,9.9,10.0,0.0,18.3,2036,2047,RTK FIXED
83.516,063110.00,10.48531200,76.44417600,10.48531199,76.44417599,658050.107,1159433.471,108.00,658050.106,1159433.470,27.8,8,658051.203,1159434.080,10.48531600,76.44418300,0.366,0.001,10.0,10.0,0.0,18.3,2044,2047,RTK FIXED
83.569,063110.00,10.48531200,76.44417600,10.48531199,76.44417599,658050.107,1159433.471,108.00,658050.106,1159433.470,27.8,8,658051.203,1159434.080,10.48531600,76.44418300,0.366,0.001,10.0,10.0,-0.5,18.4,2044,2047,RTK FIXED
83.616,063110.00,10.48531200,76.44417600,10.48531200,76.44417600,658050.107,1159433.471,108.00,658050.107,1159433.470,27.8,8,658051.203,1159434.080,10.48531600,76.44418300,0.366,0.001,10.0,10.0,0.0,18.0,2044,2047,RTK FIXED
83.670,063110.20,10.48531200,76.44417700,10.48531200,76.44417640,658050.216,1159433.471,108.00,658050.151,1159433.471,27.2,8,658051.203,1159434.080,10.48531600,76.44418300,0.366,0.012,9.8,10.0,0.0,18.5,2008,2047,RTK FIXED
83.716,063110.20,10.48531200,76.44417700,10.48531200,76.44417664,658050.216,1159433.471,108.00,658050.177,1159433.471,27.2,8,658051.203,1159434.080,10.48531600,76.44418300,0.366,0.012,9.8,10.0,0.5,18.1,2008,2047,RTK FIXED
83.770,063110.20,10.48531200,76.44417700,10.48531200,76.44417678,658050.216,1159433.471,108.00,658050.193,1159433.471,27.2,8,658051.203,1159434.080,10.48531600,76.44418300,0.366,0.012,9.8,10.0,0.0,18.0,2008,2047,RTK FIXED
83.816,063110.40,10.48531200,76.44417700,10.48531200,76.44417687,658050.215,1159433.475,108.00,658050.202,1159433.472,27.2,8,658051.203,1159434.080,10.48531600,76.44418300,0.366,0.019,9.7,10.0,-0.5,18.4,1985,2047,RTK FIXED
83.869,063110.40,10.48531200,76.44417700,10.48531200,76.44417692,658050.215,1159433.475,108.00,658050.207,1159433.473,27.2,8,658051.203,1159434.080,10.48531600,76.44418300,0.366,0.019,9.7,10.0,0.5,18.3,1985,2047,RTK FIXED
83.923,063110.40,10.48531200,76.44417700,10.48531200,76.44417695,658050.215,1159433.475,108.00,658050.210,1159433.474,27.2,8,658051.203,1159434.080,10.48531600,76.44418300,0.366,0.019,9.7,10.0,0.0,18.1,1985,2047,RTK FIXED
83.970,063110.40,10.48531200,76.44417700,10.48531200,76.44417697,658050.215,1159433.475,108.00,658050.212,1159433.474,27.2,8,658051.203,1159434.080,10.48531600,76.44418300,0.366,0.019,9.7,10.0,0.0,17.6,1985,2047,RTK FIXED
84.023,063110.40,10.48531200,76.44417700,10.48531200,76.44417698,658050.215,1159433.475,108.00,658050.213,1159433.474,27.2,8,658051.203,1159434.080,10.48531600,76.44418300,0.366,0.019,9.7,10.0,-0.5,17.9,1985,2047,RTK FIXED
84.071,063110.40,10.48531200,76.44417700,10.48531200,76.44417699,658050.215,1159433.475,108.00,658050.214,1159433.474,27.2,8,658051.203,1159434.080,10.48531600,76.44418300,0.366,0.019,9.7,10.0,0.5,18.2,1985,2047,RTK FIXED
84.125,063110.60,10.48531300,76.44417700,10.48531240,76.44417699,658050.214,1159433.585,108.00,658050.214,1159433.519,27.2,8,658051.203,1159434.080,10.48531600,76.44418300,0.366,0.007,9.9,10.0,-0.5,17.9,2024,2047,RTK FIXED
84.170,063110.60,10.48531300,76.44417700,10.48531264,76.44417700,658050.214,1159433.585,108.00,658050.214,1159433.545,27.2,8,658051.203,1159434.080,10.48531600,76.44418300,0.366,0.007,9.9,10.0,0.5,17.4,2024,2047,RTK FIXED
84.224,063110.60,10.48531300,76.44417700,10.48531278,76.44417700,658050.214,1159433.585,108.00,658050.214,1159433.561,27.2,8,658051.203,1159434.080,10.48531600,76.44418300,0.366,0.007,9.9,10.0,-0.5,18.1,2024,2047,RTK FIXED
84.270,063110.60,10.48531300,76.44417700,10.48531287,76.44417700,658050.214,1159433.585,108.00,658050.214,1159433.571,27.2,8,658051.203,1159434.080,10.48531600,76.44418300,0.366,0.007,9.9,10.0,0.5,17.5,2024,2047,RTK FIXED
84.324,063110.80,10.48531300,76.44417800,10.48531292,76.44417740,658050.324,1159433.586,108.00,658050.258,1159433.577,30.6,8,658051.203,1159434.080,10.48531600,76.44418300,0.366,-0.001,10.0,10.0,0.0,17.5,2047,2044,RTK FIXED
84.370,063110.80,10.48531300,76.44417800,10.48531295,76.44417764,658050.324,1159433.586,108.00,658050.284,1159433.580,30.6,8,658051.203,1159434.080,10.48531600,76.44418300,0.366,-0.001,10.0,10.0,-0.5,18.0,2047,2044,RTK FIXED
84.424,063110.80,10.48531300,76.44417800,10.48531297,76.44417778,658050.324,1159433.586,108.00,658050.300,1159433.582,30.6,8,658051.203,1159434.080,10.48531600,76.44418300,0.366,-0.001,10.0,10.0,0.0,18.0,2047,2044,RTK FIXED
84.478,063110.80,10.48531300,76.44417800,10.48531298,76.44417787,658050.324,1159433.586,108.00,658050.309,1159433.584,30.6,8,658051.203,1159434.080,10.48531600,76.44418300,0.366,-0.001,10.0,10.0,0.0,18.5,2047,2044,RTK FIXED
84.525,063111.00,10.48531300,76.44417800,10.48531299,76.44417792,658050.334,1159433.566,108.00,658050.319,1159433.577,30.6,8,658051.203,1159434.080,10.48531600,76.44418300,0.366,-0.000,10.0,10.0,0.5,17.8,2047,2046,RTK FIXED
84.579,063111.00,10.48531300,76.44417800,10.48531299,76.44417795,658050.334,1159433.566,108.00,658050.325,1159433.573,30.6,8,658051.203,1159434.080,10.48531600,76.44418300,0.366,-0.000,10.0,10.0,0.0,18.8,2047,2046,RTK FIXED
84.625,063111.20,10.48531300,76.44417800,10.48531300,76.44417797,658050.334,1159433.566,108.00,658050.328,1159433.570,30.6,8,658051.203,1159434.080,10.48531600,76.44418300,0.366,-0.000,10.0,10.0,0.0,17.5,2047,2047,RTK FIXED
84.678,063111.20,10.48531300,76.44417800,10.48531300,76.44417798,658050.334,1159433.566,108.00,658050.330,1159433.569,30.6,8,658051.203,1159434.080,10.48531600,76.44418300,0.366,-0.000,10.0,10.0,0.0,18.3,2047,2047,RTK FIXED
84.725,063111.20,10.48531300,76.44417800,10.48531300,76.44417799,658050.334,1159433.566,108.00,658050.332,1159433.568,30.6,8,658051.203,1159434.080,10.48531600,76.44418300,0.366,-0.000,10.0,10.0,-0.5,18.5,2047,2047,RTK FIXED
84.779,063111.20,10.48531300,76.44417800,10.48531300,76.44417799,658050.334,1159433.566,108.00,658050.332,1159433.567,30.6,8,658051.203,1159434.080,10.48531600,76.44418300,0.366,-0.000,10.0,10.0,0.0,18.7,2047,2047,RTK FIXED
84.825,063111.40,10.48531400,76.44417900,10.48531340,76.44417840,658050.443,1159433.678,108.00,658050.377,1159433.611,30.0,8,658051.203,1159434.080,10.48531600,76.44418300,0.366,-0.000,10.0,10.0,0.0,17.9,2047,2047,RTK FIXED
84.879,063111.40,10.48531400,76.44417900,10.48531364,76.44417864,658050.443,1159433.678,108.00,658050.403,1159433.638,30.0,8,658051.203,1159434.080,10.48531600,76.44418300,0.366,-0.000,10.0,10.0,0.0,18.3,2047,2047,RTK FIXED
84.926,063111.40,10.48531400,76.44417900,10.48531378,76.44417878,658050.443,1159433.678,108.00,658050.419,1159433.654,30.0,8,658051.203,1159434.080,10.48531600,76.44418300,0.366,-0.000,10.0,10.0,0.5,18.6,2047,2047,RTK FIXED
84.978,063111.40,10.48531400,76.44417900,10.48531387,76.44417887,658050.443,1159433.678,108.00,658050.428,1159433.663,30.0,8,658051.203,1159434.080,10.48531600,76.44418300,0.366,-0.000,10.0,10.0,0.0,18.1,2047,2047,RTK FIXED
85.033,063111.40,10.48531400,76.44417900,10.48531392,76.44417892,658050.443,1159433.678,108.00,658050.434,1159433.669,30.0,8,658051.203,1159434.080,10.48531600,76.44418300,0.366,-0.000,10.0,10.0,-0.5,18.4,2047,2047,RTK FIXED
85.080,063111.40,10.48531400,76.44417900,10.48531395,76.44417895,658050.443,1159433.678,108.00,658050.437,1159433.672,30.0,8,658051.203,1159434.080,10.48531600,76.44418300,0.366,-0.000,10.0,10.0,0.5,18.6,2047,2047,RTK FIXED
85.133,063111.60,10.48531400,76.44417900,10.48531397,76.44417897,658050.441,1159433.681,108.00,658050.439,1159433.676,30.0,8,658051.203,1159434.080,10.48531600,76.44418300,0.366,-0.002,10.0,10.0,0.0,18.2,2047,2040,RTK FIXED
85.179,063111.60,10.48531400,76.44417900,10.48531398,76.44417898,658050.441,1159433.681,108.00,658050.440,1159433.678,30.0,8,658051.203,1159434.080,10.48531600,76.44418300,0.366,-0.002,10.0,10.0,-0.5,18.5,2047,2040,RTK FIXED
85.233,063111.60,10.48531400,76.44417900,10.48531399,76.44417899,658050.441,1159433.681,108.00,658050.440,1159433.679,30.0,8,658051.203,1159434.080,10.48531600,76.44418300,0.366,-0.002,10.0,10.0,0.0,18.6,2047,2040,RTK FIXED
85.279,063111.60,10.48531400,76.44417900,10.48531399,76.44417899,658050.441,1159433.681,108.00,658050.440,1159433.680,30.0,8,658051.203,1159434.080,10.48531600,76.44418300,0.366,-0.002,10.0,10.0,0.5,18.5,2047,2040,RTK FIXED
85.333,063111.80,10.48531400,76.44417900,10.48531400,76.44417900,658050.441,1159433.681,108.00,658050.441,1159433.680,30.0,8,658051.203,1159434.080,10.48531600,76.44418300,0.366,-0.005,10.0,9.9,-0.5,18.9,2047,2031,RTK FIXED
85.379,063111.80,10.48531400,76.44417900,10.48531400,76.44417900,658050.441,1159433.681,108.00,658050.441,1159433.680,30.0,8,658051.203,1159434.080,10.48531600,76.44418300,0.366,-0.005,10.0,9.9,0.5,18.6,2047,2031,RTK FIXED
85.434,063111.80,10.48531400,76.44417900,10.48531400,76.44417900,658050.441,1159433.681,108.00,658050.441,1159433.680,30.0,8,658051.203,1159434.080,10.48531600,76.44418300,0.366,-0.005,10.0,9.9,0.0,18.7,2047,2031,RTK FIXED
85.480,063111.80,10.48531400,76.44417900,10.48531400,76.44417900,658050.441,1159433.681,108.00,658050.441,1159433.681,30.0,8,658051.203,1159434.080,10.48531600,76.44418300,0.366,-0.005,10.0,9.9,0.0,18.3,2047,2031,RTK FIXED
85.534,063112.00,10.48531400,76.44418000,10.48531400,76.44417940,658050.550,1159433.681,108.00,658050.485,1159433.681,29.5,8,658051.203,1159434.080,10.48531600,76.44418300,0.366,-0.001,10.0,10.0,0.0,18.8,2047,2043,RTK FIXED
85.587,063112.00,10.48531400,76.44418000,10.48531400,76.44417964,658050.550,1159433.681,108.00,658050.511,1159433.681,29.5,8,658051.203,1159434.080,10.48531600,76.44418300,0.366,-0.001,10.0,10.0,0.0,18.7,2047,2043,RTK FIXED
85.634,063112.20,10.48531400,76.44418000,10.48531400,76.44417978,658050.549,1159433.684,108.00,658050.526,1159433.682,29.5,8,658051.203,1159434.080,10.48531600,76.44418300,0.366,-0.000,10.0,10.0,-0.5,19.3,2047,2046,RTK FIXED
85.687,063112.20,10.48531400,76.44418000,10.48531400,76.44417987,658050.549,1159433.684,108.00,658050.535,1159433.683,29.5,8,658051.203,1159434.080,10.48531600,76.44418300,0.366,-0.000,10.0,10.0,0.0,18.2,2047,2046,RTK FIXED
85.733,063112.20,10.48531400,76.44418000,10.48531400,76.44417992,658050.549,1159433.684,108.00,658050.541,1159433.683,29.5,8,658051.203,1159434.080,10.48531600,76.44418300,0.366,-0.000,10.0,10.0,0.5,19.1,2047,2046,RTK FIXED
85.787,063112.20,10.48531400,76.44418000,10.48531400,76.44417995,658050.549,1159433.684,108.00,658050.544,1159433.684,29.5,8,658051.203,1159434.080,10.48531600,76.44418300,0.366,-0.000,10.0,10.0,-0.5,18.4,2047,2046,RTK FIXED
85.834,063112.40,10.48531400,76.44418000,10.48531400,76.44417997,658050.549,1159433.684,108.00,658050.546,1159433.684,29.5,8,658051.203,1159434.080,10.48531600,76.44418300,0.366,-0.000,10.0,10.0,0.5,18.8,2047,2047,RTK FIXED
85.887,063112.40,10.48531400,76.44418000,10.48531400,76.44417998,658050.549,1159433.684,108.00,658050.547,1159433.684,29.5,8,658051.203,1159434.080,10.48531600,76.44418300,0.366,-0.000,10.0,10.0,0.0,18.3,2047,2047,RTK FIXED
85.934,063112.40,10.48531400,76.44418000,10.48531400,76.44417999,658050.549,1159433.684,108.00,658050.548,1159433.684,29.5,8,658051.203,1159434.080,10.48531600,76.44418300,0.366,-0.000,10.0,10.0,-0.5,18.9,2047,2047,RTK FIXED
85.987,063112.40,10.48531400,76.44418000,10.48531400,76.44417999,658050.549,1159433.684,108.00,658050.548,1159433.684,29.5,8,658051.203,1159434.080,10.48531600,76.44418300,0.366,-0.000,10.0,10.0,0.0,19.0,2047,2047,RTK FIXED
86.033,063112.40,10.48531400,76.44418000,10.48531400,76.44418000,658050.549,1159433.684,108.00,658050.548,1159433.684,29.5,8,658051.203,1159434.080,10.48531600,76.44418300,0.366,-0.000,10.0,10.0,0.5,18.6,2047,2047,RTK FIXED
86.087,063112.40,10.48531400,76.44418000,10.48531400,76.44418000,658050.549,1159433.684,108.00,658050.549,1159433.684,29.5,8,658051.203,1159434.080,10.48531600,76.44418300,0.366,-0.000,10.0,10.0,0.0,18.8,2047,2047,RTK FIXED
86.134,063112.60,10.48531500,76.44418100,10.48531440,76.44418040,658050.658,1159433.795,108.00,658050.592,1159433.728,29.3,8,658051.203,1159434.080,10.48531600,76.44418300,0.366,-0.000,10.0,10.0,0.0,18.6,2047,2047,RTK FIXED
86.187,063112.60,10.48531500,76.44418100,10.48531464,76.44418064,658050.658,1159433.795,108.00,658050.618,1159433.755,29.3,8,658051.203,1159434.080,10.48531600,76.44418300,0.366,-0.000,10.0,10.0,-0.5,18.6,2047,2047,RTK FIXED
86.242,063112.60,10.48531500,76.44418100,10.48531478,76.44418078,658050.658,1159433.795,108.00,658050.634,1159433.771,29.3,8,658051.203,1159434.080,10.48531600,76.44418300,0.366,-0.000,10.0,10.0,0.0,18.8,2047,2047,RTK FIXED
86.288,063112.60,10.48531500,76.44418100,10.48531487,76.44418087,658050.658,1159433.795,108.00,658050.644,1159433.781,29.3,8,658051.203,1159434.080,10.48531600,76.44418300,0.366,-0.000,10.0,10.0,0.5,18.4,2047,2047,RTK FIXED
86.341,063112.80,10.48531500,76.44418100,10.48531492,76.44418092,658050.657,1159433.796,108.00,658050.649,1159433.787,29.3,8,658051.203,1159434.080,10.48531600,76.44418300,0.366,-0.000,10.0,10.0,0.0,18.8,2047,2047,RTK FIXED
86.388,063112.80,10.48531500,76.44418100,10.48531495,76.44418095,658050.657,1159433.796,108.00,658050.652,1159433.791,29.3,8,658051.203,1159434.080,10.48531600,76.44418300,0.366,-0.000,10.0,10.0,-0.5,18.7,2047,2047,RTK FIXED
86.441,063112.80,10.48531500,76.44418100,10.48531497,76.44418097,658050.657,1159433.796,108.00,658050.654,1159433.793,29.3,8,658051.203,1159434.080,10.48531600,76.44418300,0.366,-0.000,10.0,10.0,0.0,18.3,2047,2047,RTK FIXED
86.488,063112.80,10.48531500,76.44418100,10.48531498,76.44418098,658050.657,1159433.796,108.00,658050.655,1159433.794,29.3,8,658051.203,1159434.080,10.48531600,76.44418300,0.366,-0.000,10.0,10.0,0.0,18.7,2047,2047,RTK FIXED
86.542,063113.00,10.48531500,76.44418100,10.48531499,76.44418099,658050.657,1159433.796,108.00,658050.656,1159433.795,29.3,8,658051.203,1159434.080,10.48531600,76.44418300,0.366,-0.000,10.0,10.0,0.0,18.4,2047,2047,RTK FIXED
86.589,063113.00,10.48531500,76.44418100,10.48531499,76.44418099,658050.657,1159433.796,108.00,658050.657,1159433.795,29.3,8,658051.203,1159434.080,10.48531600,76.44418300,0.366,-0.000,10.0,10.0,0.5,18.2,2047,2047,RTK FIXED
86.642,063113.20,10.48531500,76.44418100,10.48531500,76.44418100,658050.657,1159433.796,108.00,658050.657,1159433.796,32.9,8,658051.203,1159434.080,10.48531600,76.44418300,0.365,-0.019,10.0,9.7,0.0,18.7,2047,1983,RTK FIXED
86.688,063113.20,10.48531500,76.44418100,10.48531500,76.44418100,658050.657,1159433.796,108.00,658050.657,1159433.796,32.9,8,658051.203,1159434.080,10.48531600,76.44418300,0.365,-0.019,10.0,9.7,-0.5,18.1,2047,1983,RTK FIXED
86.741,063113.20,10.48531500,76.44418100,10.48531500,76.44418100,658050.657,1159433.796,108.00,658050.657,1159433.796,32.9,8,658051.203,1159434.080,10.48531600,76.44418300,0.365,-0.019,10.0,9.7,0.0,18.3,2047,1983,RTK FIXED
86.788,063113.20,10.48531500,76.44418100,10.48531500,76.44418100,658050.657,1159433.796,108.00,658050.657,1159433.796,32.9,8,658051.203,1159434.080,10.48531600,76.44418300,0.365,-0.019,10.0,9.7,0.5,17.8,2047,1983,RTK FIXED
86.843,063113.40,10.48531500,76.44418200,10.48531500,76.44418140,658050.778,1159433.777,108.00,658050.705,1159433.788,32.9,8,658051.203,1159434.080,10.48531600,76.44418300,0.366,-0.012,10.0,9.8,0.0,17.8,2047,2008,RTK FIXED
86.895,063113.40,10.48531500,76.44418200,10.48531500,76.44418164,658050.778,1159433.777,108.00,658050.734,1159433.784,32.9,8,658051.203,1159434.080,10.48531600,76.44418300,0.366,-0.012,10.0,9.8,0.0,17.6,2047,2008,RTK FIXED
86.942,063113.40,10.48531500,76.44418200,10.48531500,76.44418178,658050.778,1159433.777,108.00,658050.752,1159433.781,32.9,8,658051.203,1159434.080,10.48531600,76.44418300,0.366,-0.012,10.0,9.8,-0.5,17.3,2047,2008,RTK FIXED
86.996,063113.40,10.48531500,76.44418200,10.48531500,76.44418187,658050.778,1159433.777,108.00,658050.762,1159433.779,32.9,8,658051.203,1159434.080,10.48531600,76.44418300,0.366,-0.012,10.0,9.8,0.0,17.9,2047,2008,RTK FIXED
87.042,063113.40,10.48531500,76.44418200,10.48531500,76.44418192,658050.778,1159433.777,108.00,658050.768,1159433.778,32.9,8,658051.203,1159434.080,10.48531600,76.44418300,0.366,-0.012,10.0,9.8,0.5,17.6,2047,2008,RTK FIXED
87.096,063113.40,10.48531500,76.44418200,10.48531500,76.44418195,658050.778,1159433.777,108.00,658050.772,1159433.778,32.9,8,658051.203,1159434.080,10.48531600,76.44418300,0.366,-0.012,10.0,9.8,0.0,17.9,2047,2008,RTK FIXED
87.143,063113.60,10.48531500,76.44418200,10.48531500,76.44418197,658050.778,1159433.777,108.00,658050.774,1159433.777,22.5,8,658051.203,1159434.080,10.48531600,76.44418300,0.362,0.044,9.3,10.0,0.0,17.1,1903,2047,RTK FIXED
87.196,063113.60,10.48531500,76.44418200,10.48531500,76.44418198,658050.778,1159433.777,108.00,658050.776,1159433.777,22.5,8,658051.203,1159434.080,10.48531600,76.44418300,0.362,0.044,9.3,10.0,-0.5,17.8,1903,2047,RTK FIXED
87.243,063113.60,10.48531500,76.44418200,10.48531500,76.44418199,658050.778,1159433.777,108.00,658050.777,1159433.777,22.5,8,658051.203,1159434.080,10.48531600,76.44418300,0.362,0.044,9.3,10.0,0.5,17.7,1903,2047,RTK FIXED
87.296,063113.60,10.48531500,76.44418200,10.48531500,76.44418199,658050.778,1159433.777,108.00,658050.777,1159433.777,22.5,8,658051.203,1159434.080,10.48531600,76.44418300,0.362,0.044,9.3,10.0,-0.5,17.8,1903,2047,RTK FIXED
87.343,063113.80,10.48531600,76.44418200,10.48531540,76.44418200,658050.748,1159433.947,108.00,658050.765,1159433.845,22.5,8,658051.203,1159434.080,10.48531600,76.44418300,0.365,0.035,9.4,10.0,0.0,18.4,1933,2047,RTK FIXED
87.397,063113.80,10.48531600,76.44418200,10.48531564,76.44418200,658050.748,1159433.947,108.00,658050.758,1159433.886,22.5,8,658051.203,1159434.080,10.48531600,76.44418300,0.365,0.035,9.4,10.0,0.0,17.6,1933,2047,RTK FIXED
87.450,063113.80,10.48531600,76.44418200,10.48531578,76.44418200,658050.748,1159433.947,108.00,658050.754,1159433.911,22.5,8,658051.203,1159434.080,10.48531600,76.44418300,0.365,0.035,9.4,10.0,0.0,17.6,1933,2047,RTK FIXED
87.497,063113.80,10.48531600,76.44418200,10.48531587,76.44418200,658050.748,1159433.947,108.00,658050.752,1159433.925,22.5,8,658051.203,1159434.080,10.48531600,76.44418300,0.365,0.035,9.4,10.0,0.0,17.9,1933,2047,RTK FIXED
87.551,063114.00,10.48531600,76.44418300,10.48531592,76.44418240,658050.857,1159433.948,108.00,658050.794,1159433.934,34.5,8,658051.203,1159434.080,10.48531600,76.44418300,0.364,-0.028,10.0,9.5,0.0,17.5,2047,1953,RTK FIXED
87.597,063114.00,10.48531600,76.44418300,10.48531595,76.44418264,658050.857,1159433.948,108.00,658050.819,1159433.940,34.5,8,658051.203,1159434.080,10.48531600,76.44418300,0.364,-0.028,10.0,9.5,0.5,17.5,2047,1953,RTK FIXED
87.651,063114.20,10.48531600,76.44418300,10.48531597,76.44418278,658050.892,1159433.879,108.00,658050.849,1159433.915,34.5,8,658051.203,1159434.080,10.48531600,76.44418300,0.338,-0.034,10.0,9.4,-0.5,17.5,2047,1927,RTK FIXED
87.697,063114.20,10.48531600,76.44418300,10.48531598,76.44418287,658050.892,1159433.879,108.00,658050.866,1159433.901,34.5,8,658051.203,1159434.080,10.48531600,76.44418300,0.338,-0.034,10.0,9.4,0.0,17.0,2047,1927,RTK FIXED
87.751,063114.20,10.48531600,76.44418300,10.48531599,76.44418292,658050.892,1159433.879,108.00,658050.877,1159433.892,34.5,8,658051.203,1159434.080,10.48531600,76.44418300,0.338,-0.034,10.0,9.4,0.5,17.1,2047,1927,RTK FIXED
87.797,063114.20,10.48531600,76.44418300,10.48531599,76.44418295,658050.892,1159433.879,108.00,658050.883,1159433.887,34.5,8,658051.203,1159434.080,10.48531600,76.44418300,0.338,-0.034,10.0,9.4,-0.5,16.7,2047,1927,RTK FIXED
87.851,063114.40,10.48531600,76.44418300,10.48531600,76.44418297,658050.892,1159433.879,108.00,658050.887,1159433.884,34.5,8,658051.203,1159434.080,10.48531600,76.44418300,0.321,-0.029,10.0,9.5,0.5,16.2,2047,1938,RTK FIXED
87.905,063114.40,10.48531600,76.44418300,10.48531600,76.44418298,658050.892,1159433.879,108.00,658050.889,1159433.882,34.5,8,658051.203,1159434.080,10.48531600,76.44418300,0.321,-0.029,10.0,9.5,0.0,16.9,2047,1938,RTK FIXED
87.951,063114.40,10.48531600,76.44418300,10.48531600,76.44418299,658050.892,1159433.879,108.00,658050.890,1159433.881,34.5,8,658051.203,1159434.080,10.48531600,76.44418300,0.321,-0.029,10.0,9.5,-0.5,16.7,2047,1938,RTK FIXED
88.171,063114.60,10.48531600,76.44418400,10.48531600,76.44418339,658051.002,1159433.880,108.00,658050.935,1159433.880,23.4,9,658051.754,1159433.198,10.48530800,76.44418800,0.000,-0.649,10.0,-10.0,0.0,16.5,450,450,RTK FIXED
88.205,063114.60,10.48531600,76.44418400,10.48531600,76.44418364,658051.002,1159433.880,108.00,658050.962,1159433.880,21.5,9,658051.754,1159433.198,10.48530800,76.44418800,0.000,-0.649,10.0,-10.0,0.7,15.9,900,900,RTK FIXED
88.259,063114.60,10.48531600,76.44418400,10.48531600,76.44418378,658051.002,1159433.880,108.00,658050.978,1159433.880,19.7,9,658051.754,1159433.198,10.48530800,76.44418800,0.000,-0.649,10.0,-10.0,0.0,13.9,1350,1350,RTK FIXED
88.306,063114.80,10.48531700,76.44418400,10.48531640,76.44418387,658050.957,1159434.088,108.00,658050.969,1159433.963,35.9,9,658051.754,1159433.198,10.48530800,76.44418800,0.000,-0.994,10.0,-10.0,0.0,13.3,1800,1800,RTK FIXED
88.359,063114.80,10.48531700,76.44418400,10.48531664,76.44418392,658050.957,1159434.088,108.00,658050.964,1159434.013,33.0,9,658051.754,1159433.198,10.48530800,76.44418800,0.000,-0.994,10.0,-10.0,-0.5,10.9,2047,2047,RTK FIXED
88.405,063114.80,10.48531700,76.44418400,10.48531678,76.44418395,658050.957,1159434.088,108.00,658050.961,1159434.043,30.2,9,658051.754,1159433.198,10.48530800,76.44418800,0.000,-0.994,10.0,-10.0,0.0,9.7,2047,2047,RTK FIXED
88.459,063114.80,10.48531700,76.44418400,10.48531687,76.44418397,658050.957,1159434.088,108.00,658050.959,1159434.061,27.3,9,658051.754,1159433.198,10.48530800,76.44418800,0.000,-0.994,10.0,-10.0,0.0,9.3,2047,2047,RTK FIXED
88.506,063114.80,10.48531700,76.44418400,10.48531692,76.44418398,658050.957,1159434.088,108.00,658050.958,1159434.072,24.5,9,658051.754,1159433.198,10.48530800,76.44418800,0.000,-0.994,10.0,-10.0,0.0,8.5,2047,2047,RTK FIXED
88.559,063115.00,10.48531700,76.44418400,10.48531695,76.44418399,658050.964,1159434.064,108.00,658050.961,1159434.069,21.6,9,658051.754,1159433.198,10.48530800,76.44418800,0.000,-0.950,10.0,-10.0,0.0,7.0,2047,2047,RTK FIXED
88.605,063115.00,10.48531700,76.44418400,10.48531697,76.44418399,658050.964,1159434.064,108.00,658050.962,1159434.067,18.9,9,658051.754,1159433.198,10.48530800,76.44418800,0.000,-0.950,10.0,-10.0,0.5,6.5,2047,2047,RTK FIXED
88.660,063115.20,10.48531700,76.44418500,10.48531698,76.44418440,658051.063,1159434.098,108.00,658051.003,1159434.080,26.9,9,658051.754,1159433.198,10.48530800,76.44418800,0.000,-1.040,10.0,-10.0,0.0,6.0,2047,2047,RTK FIXED
88.706,063115.20,10.48531700,76.44418500,10.48531699,76.44418464,658051.063,1159434.098,108.00,658051.027,1159434.087,23.9,9,658051.754,1159433.198,10.48530800,76.44418800,0.000,-1.040,10.0,-10.0,0.0,4.9,2047,2047,RTK FIXED
88.759,063115.20,10.48531700,76.44418500,10.48531699,76.44418478,658051.063,1159434.098,108.00,658051.042,1159434.092,20.9,9,658051.754,1159433.198,10.48530800,76.44418800,0.000,-1.040,10.0,-10.0,-0.5,4.6,2047,2047,RTK FIXED
88.806,063115.40,10.48531700,76.44418500,10.48531700,76.44418487,658051.066,1159434.087,108.00,658051.051,1159434.090,17.9,9,658051.754,1159433.198,10.48530800,76.44418800,0.000,-0.987,10.0,-10.0,0.0,4.9,2047,2047,RTK FIXED
88.859,063115.40,10.48531700,76.44418500,10.48531700,76.44418492,658051.066,1159434.087,108.00,658051.057,1159434.089,15.1,9,658051.754,1159433.198,10.48530800,76.44418800,0.000,-0.987,10.0,-10.0,0.5,4.2,2047,2047,RTK FIXED
88.913,063115.40,10.48531700,76.44418500,10.48531700,76.44418495,658051.066,1159434.087,108.00,658051.061,1159434.088,12.3,9,658051.754,1159433.198,10.48530800,76.44418800,0.000,-0.987,10.0,-10.0,0.0,3.7,2047,2047,RTK FIXED
88.960,063115.40,10.48531700,76.44418500,10.48531700,76.44418497,658051.066,1159434.087,108.00,658051.063,1159434.088,9.5,9,658051.754,1159433.198,10.48530800,76.44418800,0.000,-0.987,10.0,-10.0,0.0,3.2,2047,2047,RTK FIXED
89.014,063115.40,10.48531700,76.44418500,10.48531700,76.44418498,658051.066,1159434.087,108.00,658051.064,1159434.088,6.6,9,658051.754,1159433.198,10.48530800,76.44418800,0.000,-0.987,10.0,-10.0,-0.5,1.9,2047,2047,RTK FIXED
89.059,063115.40,10.48531700,76.44418500,10.48531700,76.44418499,658051.066,1159434.087,108.00,658051.065,1159434.088,3.8,9,658051.754,1159433.198,10.48530800,76.44418800,0.000,-0.987,10.0,-10.0,0.0,2.2,2047,2047,RTK FIXED
89.114,063115.60,10.48531700,76.44418500,10.48531700,76.44418499,658051.051,1159434.196,108.00,658051.060,1159434.131,18.7,9,658051.754,1159433.198,10.48530800,76.44418800,0.000,-1.014,10.0,-10.0,0.0,1.4,2047,2047,RTK FIXED
89.159,063115.60,10.48531700,76.44418500,10.48531700,76.44418500,658051.051,1159434.196,108.00,658051.056,1159434.157,15.8,9,658051.754,1159433.198,10.48530800,76.44418800,0.000,-1.014,10.0,-10.0,0.0,1.7,2047,2047,RTK FIXED
89.214,063115.60,10.48531700,76.44418500,10.48531700,76.44418500,658051.051,1159434.196,108.00,658051.054,1159434.172,12.9,9,658051.754,1159433.198,10.48530800,76.44418800,0.000,-1.014,10.0,-10.0,0.5,1.8,2047,2047,RTK FIXED
89.259,063115.60,10.48531700,76.44418500,10.48531700,76.44418500,658051.051,1159434.196,108.00,658051.053,1159434.182,10.0,9,658051.754,1159433.198,10.48530800,76.44418800,0.000,-1.014,10.0,-10.0,-0.6,1.7,2047,2047,RTK FIXED
89.314,063115.80,10.48531700,76.44418500,10.48531700,76.44418500,658051.053,1159434.156,108.00,658051.053,1159434.171,7.1,9,658051.754,1159433.198,10.48530800,76.44418800,0.000,-0.903,10.0,-10.0,0.5,1.4,2047,2047,RTK FIXED
89.359,063115.80,10.48531700,76.44418500,10.48531700,76.44418500,658051.053,1159434.156,108.00,658051.053,1159434.165,4.5,9,658051.754,1159433.198,10.48530800,76.44418800,0.000,-0.903,10.0,-10.0,-0.6,1.7,2047,2047,RTK FIXED
89.414,063115.80,10.48531700,76.44418500,10.48531700,76.44418500,658051.053,1159434.156,108.00,658051.053,1159434.162,1.9,9,658051.754,1159433.198,10.48530800,76.44418800,0.000,-0.903,10.0,-10.0,0.5,1.8,2047,2047,RTK FIXED
89.468,063115.80,10.48531700,76.44418500,10.48531700,76.44418500,658051.053,1159434.156,108.00,658051.053,1159434.159,-0.7,9,658051.754,1159433.198,10.48530800,76.44418800,0.000,-0.903,10.0,-10.0,0.0,1.9,2047,2047,RTK FIXED
89.514,063116.00,10.48531700,76.44418500,10.48531700,76.44418500,658051.053,1159434.223,108.00,658051.053,1159434.185,-3.3,9,658051.754,1159433.198,10.48530800,76.44418800,0.000,-0.777,10.0,-10.0,0.0,1.6,2047,2047,RTK FIXED
89.567,063116.00,10.48531700,76.44418500,10.48531700,76.44418500,658051.053,1159434.223,108.00,658051.053,1159434.200,-5.5,9,658051.754,1159433.198,10.48530800,76.44418800,0.000,-0.777,10.0,-10.0,-0.5,1.4,2047,2047,RTK FIXED
89.614,063116.00,10.48531700,76.44418500,10.48531700,76.44418500,658051.053,1159434.223,108.00,658051.053,1159434.209,-7.7,9,658051.754,1159433.198,10.48530800,76.44418800,0.000,-0.777,10.0,-10.0,0.5,1.1,2047,2047,RTK FIXED
89.668,063116.00,10.48531700,76.44418500,10.48531700,76.44418500,658051.053,1159434.223,108.00,658051.053,1159434.215,-9.9,9,658051.754,1159433.198,10.48530800,76.44418800,0.000,-0.777,10.0,-10.0,0.0,1.4,2047,2047,RTK FIXED
89.715,063116.20,10.48531700,76.44418600,10.48531700,76.44418540,658051.171,1159434.280,108.00,658051.100,1159434.241,8.8,9,658051.754,1159433.198,10.48530800,76.44418800,0.000,-0.924,10.0,-10.0,-0.5,1.1,2047,2047,RTK FIXED
89.768,063116.20,10.48531700,76.44418600,10.48531700,76.44418564,658051.171,1159434.280,108.00,658051.129,1159434.257,6.1,9,658051.754,1159433.198,10.48530800,76.44418800,0.000,-0.924,10.0,-10.0,0.0,0.9,2047,2047,RTK FIXED
89.814,063116.20,10.48531700,76.44418600,10.48531700,76.44418578,658051.171,1159434.280,108.00,658051.146,1159434.266,3.5,9,658051.754,1159433.198,10.48530800,76.44418800,0.000,-0.924,10.0,-10.0,0.5,0.5,2047,2047,RTK FIXED
89.868,063116.20,10.48531700,76.44418600,10.48531700,76.44418587,658051.171,1159434.280,108.00,658051.156,1159434.272,0.8,9,658051.754,1159433.198,10.48530800,76.44418800,0.000,-0.924,10.0,-10.0,-0.5,0.5,2047,2047,RTK FIXED
89.915,063116.40,10.48531600,76.44418600,10.48531660,76.44418592,658051.162,1159434.104,108.00,658051.158,1159434.204,-1.8,9,658051.754,1159433.198,10.48530800,76.44418800,0.000,-0.841,10.0,-10.0,0.5,0.0,2047,2047,RTK FIXED
89.968,063116.40,10.48531600,76.44418600,10.48531636,76.44418595,658051.162,1159434.104,108.00,658051.160,1159434.164,-4.2,9,658051.754,1159433.198,10.48530800,76.44418800,0.000,-0.841,10.0,-10.0,0.0,0.0,2047,2047,RTK FIXED
90.022,063116.40,10.48531600,76.44418600,10.48531622,76.44418597,658051.162,1159434.104,108.00,658051.161,1159434.140,-6.6,9,658051.754,1159433.198,10.48530800,76.44418800,0.000,-0.841,10.0,-10.0,0.0,0.0,2047,2047,RTK FIXED
90.068,063116.40,10.48531600,76.44418600,10.48531613,76.44418598,658051.162,1159434.104,108.00,658051.161,1159434.125,-9.1,9,658051.754,1159433.198,10.48530800,76.44418800,0.000,-0.841,10.0,-10.0,-0.5,0.0,2047,2047,RTK FIXED
90.123,063116.60,10.48531600,76.44418600,10.48531608,76.44418599,658051.171,1159434.165,108.00,658051.165,1159434.141,-11.5,9,658051.754,1159433.198,10.48530800,76.44418800,0.000,-0.724,10.0,-10.0,0.0,0.0,2047,2047,RTK FIXED
90.169,063116.60,10.48531600,76.44418600,10.48531605,76.44418599,658051.171,1159434.165,108.00,658051.167,1159434.151,-13.5,9,658051.754,1159433.198,10.48530800,76.44418800,0.000,-0.724,10.0,-10.0,0.5,0.0,2047,2047,RTK FIXED
90.222,063116.60,10.48531600,76.44418600,10.48531603,76.44418600,658051.171,1159434.165,108.00,658051.169,1159434.157,-15.6,9,658051.754,1159433.198,10.48530800,76.44418800,0.000,-0.724,10.0,-10.0,0.0,0.0,2047,2047,RTK FIXED
90.268,063116.60,10.48531600,76.44418600,10.48531602,76.44418600,658051.171,1159434.165,108.00,658051.170,1159434.160,-17.7,9,658051.754,1159433.198,10.48530800,76.44418800,0.000,-0.724,10.0,-10.0,-0.6,0.0,2047,2047,RTK FIXED
90.323,063116.80,10.48531600,76.44418600,10.48531601,76.44418600,658051.187,1159434.216,108.00,658051.176,1159434.183,-19.8,9,658051.754,1159433.198,10.48530800,76.44418800,0.000,-0.621,10.0,-10.0,0.0,0.0,2047,2047,RTK FIXED
90.368,063116.80,10.48531600,76.44418600,10.48531601,76.44418600,658051.187,1159434.216,108.00,658051.180,1159434.196,-21.5,9,658051.754,1159433.198,10.48530800,76.44418800,0.000,-0.621,10.0,-10.0,0.6,0.0,2047,2047,RTK FIXED
90.423,063117.00,10.48531600,76.44418700,10.48531600,76.44418640,658051.305,1159434.238,108.00,658051.230,1159434.213,-17.1,9,658051.754,1159433.198,10.48530800,76.44418800,0.000,-0.667,10.0,-10.0,0.0,0.0,2047,2047,RTK FIXED
90.469,063117.00,10.48531600,76.44418700,10.48531600,76.44418664,658051.305,1159434.238,108.00,658051.260,1159434.223,-19.0,9,658051.754,1159433.198,10.48530800,76.44418800,0.000,-0.667,10.0,-10.0,-0.5,0.0,2047,2047,RTK FIXED
90.523,063117.00,10.48531600,76.44418700,10.48531600,76.44418678,658051.305,1159434.238,108.00,658051.278,1159434.229,-20.9,9,658051.754,1159433.198,10.48530800,76.44418800,0.000,-0.667,10.0,-10.0,0.0,0.0,2047,2047,RTK FIXED
90.569,063117.00,10.48531600,76.44418700,10.48531600,76.44418687,658051.305,1159434.238,108.00,658051.289,1159434.233,-22.8,9,658051.754,1159433.198,10.48530800,76.44418800,0.000,-0.667,10.0,-10.0,0.5,0.0,2047,2047,RTK FIXED
90.623,063117.20,10.48531500,76.44418700,10.48531560,76.44418692,658051.309,1159434.136,108.00,658051.297,1159434.194,-24.7,9,658051.754,1159433.198,10.48530800,76.44418800,0.000,-0.608,10.0,-10.0,0.0,0.0,2039,2039,RTK FIXED
90.676,063117.20,10.48531500,76.44418700,10.48531536,76.44418695,658051.309,1159434.136,108.00,658051.302,1159434.170,-26.5,9,658051.754,1159433.198,10.48530800,76.44418800,0.000,-0.608,10.0,-10.0,-0.5,0.0,2039,2039,RTK FIXED
90.723,063117.20,10.48531500,76.44418700,10.48531522,76.44418697,658051.309,1159434.136,108.00,658051.305,1159434.156,-28.2,9,658051.754,1159433.198,10.48530800,76.44418800,0.000,-0.608,10.0,-10.0,0.0,0.0,2039,2039,RTK FIXED
90.778,063117.20,10.48531500,76.44418700,10.48531513,76.44418698,658051.309,1159434.136,108.00,658051.307,1159434.148,-29.9,9,658051.754,1159433.198,10.48530800,76.44418800,0.000,-0.608,10.0,-10.0,0.0,0.0,2039,2039,RTK FIXED
90.823,063117.40,10.48531500,76.44418700,10.48531508,76.44418699,658051.332,1159434.175,108.00,658051.317,1159434.159,-31.7,9,658051.754,1159433.198,10.48530800,76.44418800,0.000,-0.537,8.8,-8.8,0.5,0.0,1798,1798,RTK FIXED
90.877,063117.40,10.48531500,76.44418700,10.48531505,76.44418699,658051.332,1159434.175,108.00,658051.323,1159434.165,-33.2,9,658051.754,1159433.198,10.48530800,76.44418800,0.000,-0.537,8.8,-8.8,0.0,0.0,1798,1798,RTK FIXED
90.923,063117.40,10.48531500,76.44418700,10.48531503,76.44418700,658051.332,1159434.175,108.00,658051.326,1159434.169,-34.8,9,658051.754,1159433.198,10.48530800,76.44418800,0.000,-0.537,8.8,-8.8,-0.5,0.0,1798,1798,RTK FIXED
90.978,063117.40,10.48531500,76.44418700,10.48531502,76.44418700,658051.332,1159434.175,108.00,658051.329,1159434.171,-36.3,9,658051.754,1159433.198,10.48530800,76.44418800,0.000,-0.537,8.8,-8.8,0.5,0.0,1798,1798,RTK FIXED
91.023,063117.60,10.48531400,76.44418700,10.48531461,76.44418700,658051.356,1159434.096,108.00,658051.339,1159434.141,-36.5,9,658051.754,1159433.198,10.48530800,76.44418800,0.000,-0.475,7.8,-7.8,-0.5,0.0,1592,1592,RTK FIXED
91.077,063117.60,10.48531400,76.44418700,10.48531437,76.44418700,658051.356,1159434.096,108.00,658051.346,1159434.123,-37.8,9,658051.754,1159433.198,10.48530800,76.44418800,0.000,-0.475,7.8,-7.8,0.5,0.0,1592,1592,RTK FIXED
91.123,063117.60,10.48531400,76.44418700,10.48531422,76.44418700,658051.356,1159434.096,108.00,658051.350,1159434.112,-39.2,9,658051.754,1159433.198,10.48530800,76.44418800,0.000,-0.475,7.8,-7.8,0.0,0.0,1592,1592,RTK FIXED
91.177,063117.60,10.48531400,76.44418700,10.48531413,76.44418700,658051.356,1159434.096,108.00,658051.352,1159434.106,-40.5,9,658051.754,1159433.198,10.48530800,76.44418800,0.000,-0.475,7.8,-7.8,-0.5,0.0,1592,1592,RTK FIXED
91.223,063117.60,10.48531400,76.44418700,10.48531408,76.44418700,658051.356,1159434.096,108.00,658051.354,1159434.102,-41.9,9,658051.754,1159433.198,10.48530800,76.44418800,0.000,-0.475,7.8,-7.8,0.0,0.0,1592,1592,RTK FIXED
91.279,063117.60,10.48531400,76.44418700,10.48531405,76.44418700,658051.356,1159434.096,108.00,658051.355,1159434.099,-43.3,9,658051.754,1159433.198,10.48530800,76.44418800,0.000,-0.475,7.8,-7.8,0.0,0.0,1592,1592,RTK FIXED
91.331,063117.80,10.48531400,76.44418700,10.48531403,76.44418700,658051.386,1159434.128,108.00,658051.367,1159434.111,-44.6,9,658051.754,1159433.198,10.48530800,76.44418800,0.000,-0.419,6.9,-6.9,0.5,0.0,1403,1403,RTK FIXED
91.377,063117.80,10.48531400,76.44418700,10.48531402,76.44418700,658051.386,1159434.128,108.00,658051.374,1159434.118,-45.8,9,658051.754,1159433.198,10.48530800,76.44418800,0.000,-0.419,6.9,-6.9,-0.5,0.0,1403,1403,RTK FIXED
91.431,063117.80,10.48531400,76.44418700,10.48531401,76.44418700,658051.386,1159434.128,108.00,658051.379,1159434.122,-47.0,9,658051.754,1159433.198,10.48530800,76.44418800,0.000,-0.419,6.9,-6.9,0.0,0.0,1403,1403,RTK FIXED
91.478,063117.80,10.48531400,76.44418700,10.48531401,76.44418700,658051.386,1159434.128,108.00,658051.382,1159434.124,-48.2,9,658051.754,1159433.198,10.48530800,76.44418800,0.000,-0.419,6.9,-6.9,0.5,0.0,1403,1403,RTK FIXED
91.532,063118.00,10.48531400,76.44418700,10.48531400,76.44418700,658051.409,1159434.149,108.00,658051.393,1159434.134,-49.4,9,658051.754,1159433.198,10.48530800,76.44418800,0.000,-0.405,6.6,-6.6,-0.5,0.0,1356,1356,RTK FIXED
91.578,063118.00,10.48531400,76.44418700,10.48531400,76.44418700,658051.409,1159434.149,108.00,658051.399,1159434.140,-50.6,9,658051.754,1159433.198,10.48530800,76.44418800,0.000,-0.405,6.6,-6.6,0.0,0.0,1356,1356,RTK FIXED
91.632,063118.00,10.48531400,76.44418700,10.48531400,76.44418700,658051.409,1159434.149,108.00,658051.403,1159434.143,-51.7,9,658051.754,1159433.198,10.48530800,76.44418800,0.000,-0.405,6.6,-6.6,0.5,0.0,1356,1356,RTK FIXED
91.678,063118.20,10.48531400,76.44418700,10.48531400,76.44418700,658051.427,1159434.162,108.00,658051.412,1159434.151,-52.9,9,658051.754,1159433.198,10.48530800,76.44418800,0.000,-0.401,6.6,-6.6,-0.5,0.0,1344,1344,RTK FIXED
91.731,063118.20,10.48531400,76.44418700,10.48531400,76.44418700,658051.427,1159434.162,108.00,658051.418,1159434.156,-54.1,9,658051.754,1159433.198,10.48530800,76.44418800,0.000,-0.401,6.6,-6.6,0.0,0.0,1344,1344,RTK FIXED
91.779,063118.20,10.48531400,76.44418700,10.48531400,76.44418700,658051.427,1159434.162,108.00,658051.422,1159434.158,-55.2,9,658051.754,1159433.198,10.48530800,76.44418800,0.000,-0.401,6.6,-6.6,0.5,0.0,1344,1344,RTK FIXED
91.832,063118.40,10.48531300,76.44418700,10.48531360,76.44418700,658051.446,1159434.064,108.00,658051.431,1159434.121,-44.3,9,658051.754,1159433.198,10.48530800,76.44418800,0.000,-0.407,6.7,-6.7,-0.5,0.0,1365,1365,RTK FIXED
91.886,063118.40,10.48531300,76.44418700,10.48531336,76.44418700,658051.446,1159434.064,108.00,658051.437,1159434.098,-45.4,9,658051.754,1159433.198,10.48530800,76.44418800,0.000,-0.407,6.7,-6.7,0.5,0.0,1365,1365,RTK FIXED
91.932,063118.40,10.48531300,76.44418700,10.48531322,76.44418700,658051.446,1159434.064,108.00,658051.441,1159434.084,-46.6,9,658051.754,1159433.198,10.48530800,76.44418800,0.000,-0.407,6.7,-6.7,0.0,0.0,1365,1365,RTK FIXED
91.985,063118.40,10.48531300,76.44418700,10.48531313,76.44418700,658051.446,1159434.064,108.00,658051.443,1159434.076,-47.8,9,658051.754,1159433.198,10.48530800,76.44418800,0.000,-0.407,6.7,-6.7,-0.5,0.0,1365,1365,RTK FIXED
92.031,063118.40,10.48531300,76.44418700,10.48531308,76.44418700,658051.446,1159434.064,108.00,658051.444,1159434.071,-48.9,9,658051.754,1159433.198,10.48530800,76.44418800,0.000,-0.407,6.7,-6.7,0.0,0.0,1365,1365,RTK FIXED
92.086,063118.40,10.48531300,76.44418700,10.48531305,76.44418700,658051.446,1159434.064,108.00,658051.445,1159434.068,-50.1,9,658051.754,1159433.198,10.48530800,76.44418800,0.000,-0.407,6.7,-6.7,0.5,0.0,1365,1365,RTK FIXED
92.133,063118.60,10.48531300,76.44418700,10.48531303,76.44418700,658051.419,1159434.045,108.00,658051.434,1159434.059,-51.3,9,658051.754,1159433.198,10.48530800,76.44418800,0.000,-0.402,6.6,-6.6,0.0,0.0,1346,1346,RTK FIXED
92.186,063118.60,10.48531300,76.44418700,10.48531302,76.44418700,658051.419,1159434.045,108.00,658051.428,1159434.054,-52.4,9,658051.754,1159433.198,10.48530800,76.44418800,0.000,-0.402,6.6,-6.6,0.0,0.0,1346,1346,RTK FIXED
92.232,063118.60,10.48531300,76.44418700,10.48531301,76.44418700,658051.419,1159434.045,108.00,658051.424,1159434.050,-53.6,9,658051.754,1159433.198,10.48530800,76.44418800,0.000,-0.402,6.6,-6.6,0.0,0.0,1346,1346,RTK FIXED
92.287,063118.60,10.48531300,76.44418700,10.48531301,76.44418700,658051.419,1159434.045,108.00,658051.422,1159434.048,-54.7,9,658051.754,1159433.198,10.48530800,76.44418800,0.000,-0.402,6.6,-6.6,-0.5,0.0,1346,1346,RTK FIXED
92.333,063118.80,10.48531300,76.44418700,10.48531300,76.44418700,658051.443,1159434.062,108.00,658051.431,1159434.054,-55.9,9,658051.754,1159433.198,10.48530800,76.44418800,0.000,-0.400,6.6,-6.6,0.0,0.0,1342,1342,RTK FIXED
92.386,063118.80,10.48531300,76.44418700,10.48531300,76.44418700,658051.443,1159434.062,108.00,658051.436,1159434.057,-57.0,9,658051.754,1159433.198,10.48530800,76.44418800,0.000,-0.400,6.6,-6.6,0.5,0.0,1342,1342,RTK FIXED
92.439,063118.80,10.48531300,76.44418700,10.48531300,76.44418700,658051.443,1159434.062,108.00,658051.439,1159434.059,-58.2,9,658051.754,1159433.198,10.48530800,76.44418800,0.000,-0.400,6.6,-6.6,-0.5,0.0,1342,1342,RTK FIXED
92.487,063118.80,10.48531300,76.44418700,10.48531300,76.44418700,658051.443,1159434.062,108.00,658051.440,1159434.061,-59.3,9,658051.754,1159433.198,10.48530800,76.44418800,0.000,-0.400,6.6,-6.6,0.0,0.0,1342,1342,RTK FIXED
92.541,063119.00,10.48531300,76.44418700,10.48531300,76.44418700,658051.469,1159434.077,108.00,658051.452,1159434.067,-60.5,9,658051.754,1159433.198,10.48530800,76.44418800,0.000,-0.400,6.6,-6.6,0.0,0.0,1341,1341,RTK FIXED
92.586,063119.00,10.48531300,76.44418700,10.48531300,76.44418700,658051.469,1159434.077,108.00,658051.459,1159434.071,-61.6,9,658051.754,1159433.198,10.48530800,76.44418800,0.000,-0.400,6.6,-6.6,0.0,0.0,1341,1341,RTK FIXED
92.640,063119.00,10.48531300,76.44418700,10.48531300,76.44418700,658051.469,1159434.077,108.00,658051.463,1159434.074,-62.8,9,658051.754,1159433.198,10.48530800,76.44418800,0.000,-0.400,6.6,-6.6,0.0,0.0,1341,1341,RTK FIXED
92.687,063119.20,10.48531300,76.44418700,10.48531300,76.44418700,658051.489,1159434.087,108.00,658051.473,1159434.079,-63.9,9,658051.754,1159433.198,10.48530800,76.44418800,0.000,-0.400,6.5,-6.5,0.5,0.0,1340,1340,RTK FIXED
92.740,063119.20,10.48531300,76.44418700,10.48531300,76.44418700,658051.489,1159434.087,108.00,658051.479,1159434.082,-65.1,9,658051.754,1159433.198,10.48530800,76.44418800,0.000,-0.400,6.5,-6.5,-0.5,0.0,1340,1340,RTK FIXED
92.786,063119.20,10.48531300,76.44418700,10.48531300,76.44418700,658051.489,1159434.087,108.00,658051.483,1159434.084,-66.2,9,658051.754,1159433.198,10.48530800,76.44418800,0.000,-0.400,6.5,-6.5,0.6,0.0,1340,1340,RTK FIXED
92.841,063119.40,10.48531300,76.44418700,10.48531300,76.44418700,658051.509,1159434.096,108.00,658051.493,1159434.089,-67.3,9,658051.754,1159433.198,10.48530800,76.44418800,0.000,-0.400,6.5,-6.5,-0.5,0.0,1340,1340,RTK FIXED
92.886,063119.40,10.48531300,76.44418700,10.48531300,76.44418700,658051.509,1159434.096,108.00,658051.500,1159434.092,-68.5,9,658051.754,1159433.198,10.48530800,76.44418800,0.000,-0.400,6.5,-6.5,0.5,0.0,1340,1340,RTK FIXED
92.941,063119.40,10.48531300,76.44418700,10.48531300,76.44418700,658051.509,1159434.096,108.00,658051.503,1159434.093,-69.6,9,658051.754,1159433.198,10.48530800,76.44418800,0.000,-0.400,6.5,-6.5,-0.5,0.0,1340,1340,RTK FIXED
92.994,063119.40,10.48531300,76.44418700,10.48531300,76.44418700,658051.509,1159434.096,108.00,658051.506,1159434.094,-70.8,9,658051.754,1159433.198,10.48530800,76.44418800,0.000,-0.400,6.5,-6.5,0.0,0.0,1340,1340,RTK FIXED
93.041,063119.40,10.48531300,76.44418700,10.48531300,76.44418700,658051.509,1159434.096,108.00,658051.507,1159434.095,-71.9,9,658051.754,1159433.198,10.48530800,76.44418800,0.000,-0.400,6.5,-6.5,0.0,0.0,1340,1340,RTK FIXED
93.094,063119.40,10.48531300,76.44418700,10.48531300,76.44418700,658051.509,1159434.096,108.00,658051.508,1159434.095,-73.1,9,658051.754,1159433.198,10.48530800,76.44418800,0.000,-0.400,6.5,-6.5,0.5,0.0,1340,1340,RTK FIXED
93.141,063119.60,10.48531300,76.44418700,10.48531300,76.44418700,658051.551,1159434.109,108.00,658051.525,1159434.101,-55.5,9,658051.754,1159433.198,10.48530800,76.44418800,0.000,-0.400,6.5,-6.5,-0.5,0.0,1340,1340,RTK FIXED
93.194,063119.60,10.48531300,76.44418700,10.48531300,76.44418700,658051.551,1159434.109,108.00,658051.536,1159434.104,-56.6,9,658051.754,1159433.198,10.48530800,76.44418800,0.000,-0.400,6.5,-6.5,0.5,0.0,1340,1340,RTK FIXED
93.240,063119.60,10.48531300,76.44418700,10.48531300,76.44418700,658051.551,1159434.109,108.00,658051.542,1159434.106,-57.8,9,658051.754,1159433.198,10.48530800,76.44418800,0.000,-0.400,6.5,-6.5,-0.5,0.0,1340,1340,RTK FIXED
93.295,063119.60,10.48531300,76.44418700,10.48531300,76.44418700,658051.551,1159434.109,108.00,658051.546,1159434.108,-58.9,9,658051.754,1159433.198,10.48530800,76.44418800,0.000,-0.400,6.5,-6.5,0.5,0.0,1340,1340,RTK FIXED
93.341,063119.80,10.48531200,76.44418700,10.48531260,76.44418700,658051.467,1159433.966,108.00,658051.514,1159434.051,-60.1,9,658051.754,1159433.198,10.48530800,76.44418800,0.000,-0.400,6.5,-6.5,-0.5,0.0,1340,1340,RTK FIXED
93.395,063119.80,10.48531200,76.44418700,10.48531236,76.44418700,658051.467,1159433.966,108.00,658051.495,1159434.017,-61.2,9,658051.754,1159433.198,10.48530800,76.44418800,0.000,-0.400,6.5,-6.5,0.5,0.0,1340,1340,RTK FIXED
93.448,063119.80,10.48531200,76.44418700,10.48531222,76.44418700,658051.467,1159433.966,108.00,658051.484,1159433.996,-62.3,9,658051.754,1159433.198,10.48530800,76.44418800,0.000,-0.400,6.5,-6.5,0.0,0.0,1340,1340,RTK FIXED
93.494,063119.80,10.48531200,76.44418700,10.48531213,76.44418700,658051.467,1159433.966,108.00,658051.477,1159433.984,-63.5,9,658051.754,1159433.198,10.48530800,76.44418800,0.000,-0.400,6.5,-6.5,0.0,0.0,1340,1340,RTK FIXED
93.549,063120.00,10.48531200,76.44418700,10.48531208,76.44418700,658051.493,1159433.979,108.00,658051.484,1159433.982,-64.6,9,658051.754,1159433.198,10.48530800,76.44418800,0.000,-0.400,6.5,-6.5,0.0,0.0,1340,1340,RTK FIXED
93.595,063120.00,10.48531200,76.44418700,10.48531205,76.44418700,658051.493,1159433.979,108.00,658051.488,1159433.980,-65.8,9,658051.754,1159433.198,10.48530800,76.44418800,0.000,-0.400,6.5,-6.5,0.0,0.0,1340,1340,RTK FIXED
93.649,063120.00,10.48531200,76.44418700,10.48531203,76.44418700,658051.493,1159433.979,108.00,658051.490,1159433.980,-66.9,9,658051.754,1159433.198,10.48530800,76.44418800,0.000,-0.400,6.5,-6.5,0.0,0.0,1340,1340,RTK FIXED
93.858,063120.20,10.48531200,76.44418600,10.48531202,76.44418660,658051.405,1159433.986,108.00,658051.456,1159433.982,-83.5,9,658051.754,1159433.198,10.48530800,76.44418800,0.000,0.200,-3.3,3.3,-0.1,0.0,450,450,RTK FIXED
93.895,063120.40,10.48531200,76.44418600,10.48531201,76.44418636,658051.498,1159434.008,108.00,658051.473,1159433.993,-82.9,9,658051.754,1159433.198,10.48530800,76.44418800,0.000,0.350,-5.7,5.7,0.7,0.0,900,900,RTK FIXED
93.942,063120.40,10.48531200,76.44418600,10.48531201,76.44418622,658051.498,1159434.008,108.00,658051.483,1159433.999,-81.9,9,658051.754,1159433.198,10.48530800,76.44418800,0.000,0.350,-5.7,5.7,0.0,0.0,1173,1173,RTK FIXED
93.995,063120.40,10.48531200,76.44418600,10.48531200,76.44418613,658051.498,1159434.008,108.00,658051.489,1159434.002,-80.9,9,658051.754,1159433.198,10.48530800,76.44418800,0.000,0.350,-5.7,5.7,0.0,0.0,1173,1173,RTK FIXED
94.042,063120.40,10.48531200,76.44418600,10.48531200,76.44418608,658051.498,1159434.008,108.00,658051.492,1159434.005,-79.9,9,658051.754,1159433.198,10.48530800,76.44418800,0.000,0.350,-5.7,5.7,0.0,0.0,1173,1173,RTK FIXED
94.095,063120.40,10.48531200,76.44418600,10.48531200,76.44418605,658051.498,1159434.008,108.00,658051.495,1159434.006,-78.9,9,658051.754,1159433.198,10.48530800,76.44418800,0.000,0.350,-5.7,5.7,0.0,0.0,1173,1173,RTK FIXED
94.142,063120.60,10.48531200,76.44418600,10.48531200,76.44418603,658051.466,1159434.003,108.00,658051.483,1159434.005,-77.9,9,658051.754,1159433.198,10.48530800,76.44418800,0.000,0.387,-6.3,6.3,0.0,0.0,1298,1298,RTK FIXED
94.195,063120.60,10.48531200,76.44418600,10.48531200,76.44418602,658051.466,1159434.003,108.00,658051.476,1159434.004,-76.8,9,658051.754,1159433.198,10.48530800,76.44418800,0.000,0.387,-6.3,6.3,-0.5,0.5,1298,1298,RTK FIXED
94.242,063120.60,10.48531200,76.44418600,10.48531200,76.44418601,658051.466,1159434.003,108.00,658051.472,1159434.004,-75.7,9,658051.754,1159433.198,10.48530800,76.44418800,0.000,0.387,-6.3,6.3,0.5,1.1,1298,1298,RTK FIXED
94.296,063120.60,10.48531200,76.44418600,10.48531200,76.44418601,658051.466,1159434.003,108.00,658051.470,1159434.004,-74.6,9,658051.754,1159433.198,10.48530800,76.44418800,0.000,0.387,-6.3,6.3,-0.5,1.4,1298,1298,RTK FIXED
94.506,063120.80,10.48531200,76.44418600,10.48531200,76.44418600,658051.438,1159433.997,108.00,658051.457,1159434.001,-73.5,9,658051.754,1159433.198,10.48530800,76.44418800,0.366,0.109,8.4,10.0,0.0,0.5,450,450,RTK FIXED
94.542,063121.00,10.48531200,76.44418600,10.48531200,76.44418600,658051.438,1159433.997,108.00,658051.449,1159433.999,-73.5,9,658051.754,1159433.198,10.48530800,76.44418800,0.366,0.042,9.3,10.0,0.7,1.4,900,900,RTK FIXED
94.588,063121.00,10.48531200,76.44418600,10.48531200,76.44418600,658051.438,1159433.997,108.00,658051.445,1159433.998,-73.5,9,658051.754,1159433.198,10.48530800,76.44418800,0.366,0.042,9.3,10.0,-0.5,1.1,1350,1350,RTK FIXED
94.643,063121.20,10.48531200,76.44418600,10.48531200,76.44418600,658051.438,1159433.997,108.00,658051.442,1159433.998,-73.5,9,658051.754,1159433.198,10.48530800,76.44418800,0.366,0.027,9.6,10.0,0.0,0.5,1800,1800,RTK FIXED
94.688,063121.20,10.48531200,76.44418600,10.48531200,76.44418600,658051.438,1159433.997,108.00,658051.440,1159433.998,-73.5,9,658051.754,1159433.198,10.48530800,76.44418800,0.366,0.027,9.6,10.0,0.0,0.0,1958,2047,RTK FIXED
94.742,063121.20,10.48531200,76.44418600,10.48531200,76.44418600,658051.438,1159433.997,108.00,658051.439,1159433.997,-73.5,9,658051.754,1159433.198,10.48530800,76.44418800,0.366,0.027,9.6,10.0,0.5,0.0,1958,2047,RTK FIXED
94.789,063121.20,10.48531200,76.44418600,10.48531200,76.44418600,658051.438,1159433.997,108.00,658051.439,1159433.997,-73.5,9,658051.754,1159433.198,10.48530800,76.44418800,0.366,0.027,9.6,10.0,0.0,-0.5,1958,2047,RTK FIXED
94.843,063121.40,10.48531200,76.44418600,10.48531200,76.44418600,658051.438,1159433.997,108.00,658051.438,1159433.997,-73.5,9,658051.754,1159433.198,10.48530800,76.44418800,0.365,0.025,9.6,10.0,-0.5,-0.5,1966,2047,RTK FIXED
94.896,063121.40,10.48531200,76.44418600,10.48531200,76.44418600,658051.438,1159433.997,108.00,658051.438,1159433.997,-73.5,9,658051.754,1159433.198,10.48530800,76.44418800,0.365,0.025,9.6,10.0,0.0,0.9,1966,2047,RTK FIXED
94.942,063121.40,10.48531200,76.44418600,10.48531200,76.44418600,658051.438,1159433.997,108.00,658051.438,1159433.997,-73.5,9,658051.754,1159433.198,10.48530800,76.44418800,0.365,0.025,9.6,10.0,0.0,1.6,1966,2047,RTK FIXED
94.997,063121.40,10.48531200,76.44418600,10.48531200,76.44418600,658051.438,1159433.997,108.00,658051.438,1159433.997,-73.5,9,658051.754,1159433.198,10.48530800,76.44418800,0.365,0.025,9.6,10.0,0.5,2.3,1966,2047,RTK FIXED
95.042,063121.40,10.48531200,76.44418600,10.48531200,76.44418600,658051.438,1159433.997,108.00,658051.438,1159433.997,-73.5,9,658051.754,1159433.198,10.48530800,76.44418800,0.365,0.025,9.6,10.0,0.0,2.8,1966,2047,RTK FIXED
95.097,063121.40,10.48531200,76.44418600,10.48531200,76.44418600,658051.438,1159433.997,108.00,658051.438,1159433.997,-73.5,9,658051.754,1159433.198,10.48530800,76.44418800,0.365,0.025,9.6,10.0,-0.5,2.7,1966,2047,RTK FIXED
95.143,063121.60,10.48531200,76.44418600,10.48531200,76.44418600,658051.438,1159433.997,108.00,658051.438,1159433.997,-73.5,9,658051.754,1159433.198,10.48530800,76.44418800,0.365,0.025,9.6,10.0,0.0,2.7,1966,2047,RTK FIXED
95.197,063121.60,10.48531200,76.44418600,10.48531200,76.44418600,658051.438,1159433.997,108.00,658051.438,1159433.997,-73.5,9,658051.754,1159433.198,10.48530800,76.44418800,0.365,0.025,9.6,10.0,0.5,3.7,1966,2047,RTK FIXED
95.242,063121.60,10.48531200,76.44418600,10.48531200,76.44418600,658051.438,1159433.997,108.00,658051.438,1159433.997,-73.5,9,658051.754,1159433.198,10.48530800,76.44418800,0.365,0.025,9.6,10.0,0.0,3.9,1966,2047,RTK FIXED
95.297,063121.60,10.48531200,76.44418600,10.48531200,76.44418600,658051.438,1159433.997,108.00,658051.438,1159433.997,-73.5,9,658051.754,1159433.198,10.48530800,76.44418800,0.365,0.025,9.6,10.0,0.0,4.6,1966,2047,RTK FIXED
95.343,063121.80,10.48531200,76.44418600,10.48531200,76.44418600,658051.438,1159433.997,108.00,658051.438,1159433.997,-73.5,9,658051.754,1159433.198,10.48530800,76.44418800,0.365,0.025,9.6,10.0,-0.5,4.8,1965,2047,RTK FIXED
95.397,063121.80,10.48531200,76.44418600,10.48531200,76.44418600,658051.438,1159433.997,108.00,658051.438,1159433.997,-73.5,9,658051.754,1159433.198,10.48530800,76.44418800,0.365,0.025,9.6,10.0,0.5,5.6,1965,2047,RTK FIXED
95.451,063121.80,10.48531200,76.44418600,10.48531200,76.44418600,658051.438,1159433.997,108.00,658051.438,1159433.997,-73.5,9,658051.754,1159433.198,10.48530800,76.44418800,0.365,0.025,9.6,10.0,-0.5,6.0,1965,2047,RTK FIXED
95.497,063122.00,10.48531200,76.44418600,10.48531200,76.44418600,658051.438,1159433.997,108.00,658051.438,1159433.997,-73.5,9,658051.754,1159433.198,10.48530800,76.44418800,0.365,0.025,9.6,10.0,0.5,7.1,1964,2047,RTK FIXED
95.550,063122.00,10.48531200,76.44418600,10.48531200,76.44418600,658051.438,1159433.997,108.00,658051.438,1159433.997,-73.5,9,658051.754,1159433.198,10.48530800,76.44418800,0.365,0.025,9.6,10.0,0.0,7.5,1964,2047,RTK FIXED
95.597,063122.00,10.48531200,76.44418600,10.48531200,76.44418600,658051.438,1159433.997,108.00,658051.438,1159433.997,-73.5,9,658051.754,1159433.198,10.48530800,76.44418800,0.365,0.025,9.6,10.0,0.0,9.5,1964,2047,RTK FIXED
95.652,063122.20,10.48531200,76.44418600,10.48531200,76.44418600,658051.438,1159433.997,108.00,658051.438,1159433.997,-73.5,9,658051.754,1159433.198,10.48530800,76.44418800,0.365,0.026,9.6,10.0,-0.5,10.0,1963,2047,RTK FIXED
95.697,063122.20,10.48531200,76.44418600,10.48531200,76.44418600,658051.438,1159433.997,108.00,658051.438,1159433.997,-73.5,9,658051.754,1159433.198,10.48530800,76.44418800,0.365,0.026,9.6,10.0,0.6,11.7,1963,2047,RTK FIXED
95.751,063122.20,10.48531200,76.44418600,10.48531200,76.44418600,658051.438,1159433.997,108.00,658051.438,1159433.997,-73.5,9,658051.754,1159433.198,10.48530800,76.44418800,0.365,0.026,9.6,10.0,-0.5,12.1,1963,2047,RTK FIXED
95.797,063122.20,10.48531200,76.44418600,10.48531200,76.44418600,658051.438,1159433.997,108.00,658051.438,1159433.997,-73.5,9,658051.754,1159433.198,10.48530800,76.44418800,0.365,0.026,9.6,10.0,0.5,13.1,1963,2047,RTK FIXED
95.852,063122.40,10.48531100,76.44418600,10.48531160,76.44418600,658051.438,1159433.886,108.00,658051.438,1159433.953,-73.5,9,658051.754,1159433.198,10.48530800,76.44418800,0.365,0.035,9.4,10.0,-0.5,13.6,1932,2047,RTK FIXED
95.905,063122.40,10.48531100,76.44418600,10.48531136,76.44418600,658051.438,1159433.886,108.00,658051.438,1159433.926,-73.5,9,658051.754,1159433.198,10.48530800,76.44418800,0.365,0.035,9.4,10.0,0.0,14.5,1932,2047,RTK FIXED
95.951,063122.40,10.48531100,76.44418600,10.48531122,76.44418600,658051.438,1159433.886,108.00,658051.438,1159433.910,-73.5,9,658051.754,1159433.198,10.48530800,76.44418800,0.365,0.035,9.4,10.0,0.0,15.7,1932,2047,RTK FIXED
96.005,063122.40,10.48531100,76.44418600,10.48531113,76.44418600,658051.438,1159433.886,108.00,658051.438,1159433.901,-73.5,9,658051.754,1159433.198,10.48530800,76.44418800,0.365,0.035,9.4,10.0,0.5,16.2,1932,2047,RTK FIXED
96.051,063122.40,10.48531100,76.44418600,10.48531108,76.44418600,658051.438,1159433.886,108.00,658051.438,1159433.895,-73.5,9,658051.754,1159433.198,10.48530800,76.44418800,0.365,0.035,9.4,10.0,0.0,16.8,1932,2047,RTK FIXED
96.269,063122.60,10.48531100,76.44418600,10.48531105,76.44418600,658051.438,1159433.886,108.00,658051.438,1159433.892,-82.5,9,658051.754,1159433.198,10.48530800,76.44418800,0.000,0.309,-5.1,5.1,-0.1,16.8,450,450,RTK FIXED
96.306,063122.60,10.48531100,76.44418600,10.48531103,76.44418600,658051.438,1159433.886,108.00,658051.438,1159433.890,-81.6,9,658051.754,1159433.198,10.48530800,76.44418800,0.000,0.309,-5.1,5.1,0.7,14.6,900,900,RTK FIXED
96.352,063122.80,10.48531100,76.44418600,10.48531102,76.44418600,658051.484,1159433.896,108.00,658051.457,1159433.892,-80.7,9,658051.754,1159433.198,10.48530800,76.44418800,0.000,0.377,-6.2,6.2,-0.5,13.6,1264,1264,RTK FIXED
96.405,063122.80,10.48531100,76.44418600,10.48531101,76.44418600,658051.484,1159433.896,108.00,658051.468,1159433.893,-79.7,9,658051.754,1159433.198,10.48530800,76.44418800,0.000,0.377,-6.2,6.2,0.0,12.2,1264,1264,RTK FIXED
96.451,063122.80,10.48531100,76.44418600,10.48531101,76.44418600,658051.484,1159433.896,108.00,658051.474,1159433.894,-78.6,9,658051.754,1159433.198,10.48530800,76.44418800,0.000,0.377,-6.2,6.2,0.5,11.5,1264,1264,RTK FIXED
96.506,063122.80,10.48531100,76.44418600,10.48531100,76.44418600,658051.484,1159433.896,108.00,658051.478,1159433.895,-77.5,9,658051.754,1159433.198,10.48530800,76.44418800,0.000,0.377,-6.2,6.2,0.0,9.9,1264,1264,RTK FIXED
96.552,063123.00,10.48531000,76.44418600,10.48531060,76.44418600,658051.457,1159433.780,108.00,658051.470,1159433.849,-76.4,9,658051.754,1159433.198,10.48530800,76.44418800,0.000,0.394,-6.5,6.5,-0.5,8.7,1321,1321,RTK FIXED
96.606,063123.20,10.48531000,76.44418600,10.48531036,76.44418600,658051.450,1159433.779,108.00,658051.462,1159433.821,-77.0,9,658051.754,1159433.198,10.48530800,76.44418800,0.000,0.399,-6.5,6.5,0.0,8.3,1335,1335,RTK FIXED
96.652,063123.20,10.48531000,76.44418600,10.48531022,76.44418600,658051.450,1159433.779,108.00,658051.457,1159433.804,-75.8,9,658051.754,1159433.198,10.48530800,76.44418800,0.000,0.399,-6.5,6.5,0.0,7.7,1335,1335,RTK FIXED
96.706,063123.20,10.48531000,76.44418600,10.48531013,76.44418600,658051.450,1159433.779,108.00,658051.454,1159433.794,-74.7,9,658051.754,1159433.198,10.48530800,76.44418800,0.000,0.399,-6.5,6.5,0.0,6.9,1335,1335,RTK FIXED
96.759,063123.20,10.48531000,76.44418600,10.48531008,76.44418600,658051.450,1159433.779,108.00,658051.453,1159433.788,-73.5,9,658051.754,1159433.198,10.48530800,76.44418800,0.000,0.399,-6.5,6.5,0.5,6.6,1335,1335,RTK FIXED
96.806,063123.40,10.48531000,76.44418600,10.48531005,76.44418600,658051.432,1159433.774,108.00,658051.444,1159433.782,-72.4,9,658051.754,1159433.198,10.48530800,76.44418800,0.000,0.400,-6.5,6.5,0.0,6.4,1339,1339,RTK FIXED
96.860,063123.40,10.48531000,76.44418600,10.48531003,76.44418600,658051.432,1159433.774,108.00,658051.440,1159433.779,-71.2,9,658051.754,1159433.198,10.48530800,76.44418800,0.000,0.400,-6.5,6.5,0.0,6.1,1339,1339,RTK FIXED
96.905,063123.40,10.48531000,76.44418600,10.48531002,76.44418600,658051.432,1159433.774,108.00,658051.437,1159433.777,-70.1,9,658051.754,1159433.198,10.48530800,76.44418800,0.000,0.400,-6.5,6.5,0.0,6.6,1339,1339,RTK FIXED
96.960,063123.40,10.48531000,76.44418600,10.48531001,76.44418600,658051.432,1159433.774,108.00,658051.435,1159433.776,-69.0,9,658051.754,1159433.198,10.48530800,76.44418800,0.000,0.400,-6.5,6.5,-0.5,6.0,1339,1339,RTK FIXED
97.006,063123.40,10.48531000,76.44418600,10.48531001,76.44418600,658051.432,1159433.774,108.00,658051.434,1159433.775,-67.8,9,658051.754,1159433.198,10.48530800,76.44418800,0.000,0.400,-6.5,6.5,0.5,5.9,1339,1339,RTK FIXED
97.059,063123.40,10.48531000,76.44418600,10.48531000,76.44418600,658051.432,1159433.774,108.00,658051.433,1159433.775,-66.7,9,658051.754,1159433.198,10.48530800,76.44418800,0.000,0.400,-6.5,6.5,-0.5,5.6,1339,1339,RTK FIXED
97.269,063123.60,10.48531000,76.44418700,10.48531000,76.44418640,658051.500,1159433.760,108.00,658051.460,1159433.769,-65.5,9,658051.754,1159433.198,10.48530800,76.44418800,0.366,0.108,8.4,10.0,0.0,4.1,450,450,RTK FIXED
97.307,063123.80,10.48531000,76.44418700,10.48531000,76.44418664,658051.500,1159433.760,108.00,658051.476,1159433.765,-65.5,9,658051.754,1159433.198,10.48530800,76.44418800,0.366,0.033,9.5,10.0,0.0,0.7,900,900,RTK FIXED
97.353,063123.80,10.48531000,76.44418700,10.48531000,76.44418678,658051.500,1159433.760,108.00,658051.485,1159433.763,-65.5,9,658051.754,1159433.198,10.48530800,76.44418800,0.366,0.033,9.5,10.0,0.0,0.0,1350,1350,RTK FIXED
97.406,063123.80,10.48531000,76.44418700,10.48531000,76.44418687,658051.500,1159433.760,108.00,658051.491,1159433.762,-65.5,9,658051.754,1159433.198,10.48530800,76.44418800,0.366,0.033,9.5,10.0,0.0,-0.5,1800,1800,RTK FIXED
97.453,063123.80,10.48531000,76.44418700,10.48531000,76.44418692,658051.500,1159433.760,108.00,658051.495,1159433.761,-65.5,9,658051.754,1159433.198,10.48530800,76.44418800,0.366,0.033,9.5,10.0,0.0,0.0,1939,2047,RTK FIXED
97.507,063123.80,10.48531000,76.44418700,10.48531000,76.44418695,658051.500,1159433.760,108.00,658051.497,1159433.760,-65.5,9,658051.754,1159433.198,10.48530800,76.44418800,0.366,0.033,9.5,10.0,0.0,0.0,1939,2047,RTK FIXED
97.553,063124.00,10.48531000,76.44418700,10.48531000,76.44418697,658051.500,1159433.760,108.00,658051.498,1159433.760,-65.5,9,658051.754,1159433.198,10.48530800,76.44418800,0.366,0.013,9.8,10.0,0.0,0.0,2004,2047,RTK FIXED
97.607,063124.00,10.48531000,76.44418700,10.48531000,76.44418698,658051.500,1159433.760,108.00,658051.499,1159433.760,-65.5,9,658051.754,1159433.198,10.48530800,76.44418800,0.366,0.013,9.8,10.0,0.0,0.9,2004,2047,RTK FIXED
97.653,063124.20,10.48531000,76.44418700,10.48531000,76.44418699,658051.500,1159433.760,108.00,658051.499,1159433.760,-65.5,9,658051.754,1159433.198,10.48530800,76.44418800,0.366,0.007,9.9,10.0,0.5,1.1,2023,2047,RTK FIXED
97.707,063124.20,10.48531000,76.44418700,10.48531000,76.44418699,658051.500,1159433.760,108.00,658051.499,1159433.760,-65.5,9,658051.754,1159433.198,10.48530800,76.44418800,0.366,0.007,9.9,10.0,0.0,1.4,2023,2047,RTK FIXED
97.760,063124.20,10.48531000,76.44418700,10.48531000,76.44418700,658051.500,1159433.760,108.00,658051.500,1159433.760,-65.5,9,658051.754,1159433.198,10.48530800,76.44418800,0.366,0.007,9.9,10.0,-0.5,2.4,2023,2047,RTK FIXED
97.807,063124.40,10.48531000,76.44418700,10.48531000,76.44418700,658051.500,1159433.760,108.00,658051.500,1159433.760,-65.5,9,658051.754,1159433.198,10.48530800,76.44418800,0.366,0.005,9.9,10.0,0.0,2.6,2029,2047,RTK FIXED
97.861,063124.40,10.48531000,76.44418700,10.48531000,76.44418700,658051.500,1159433.760,108.00,658051.500,1159433.760,-65.5,9,658051.754,1159433.198,10.48530800,76.44418800,0.366,0.005,9.9,10.0,0.5,3.3,2029,2047,RTK FIXED
97.907,063124.40,10.48531000,76.44418700,10.48531000,76.44418700,658051.500,1159433.760,108.00,658051.500,1159433.760,-65.5,9,658051.754,1159433.198,10.48530800,76.44418800,0.366,0.005,9.9,10.0,-0.5,4.9,2029,2047,RTK FIXED
97.961,063124.40,10.48531000,76.44418700,10.48531000,76.44418700,658051.500,1159433.760,108.00,658051.500,1159433.760,-65.5,9,658051.754,1159433.198,10.48530800,76.44418800,0.366,0.005,9.9,10.0,0.5,6.0,2029,2047,RTK FIXED
98.007,063124.40,10.48531000,76.44418700,10.48531000,76.44418700,658051.500,1159433.760,108.00,658051.500,1159433.760,-65.5,9,658051.754,1159433.198,10.48530800,76.44418800,0.366,0.005,9.9,10.0,-0.5,4.3,2029,2047,RTK FIXED
98.061,063124.40,10.48531000,76.44418700,10.48531000,76.44418700,658051.500,1159433.760,108.00,658051.500,1159433.760,-65.5,9,658051.754,1159433.198,10.48530800,76.44418800,0.366,0.005,9.9,10.0,0.0,5.5,2029,2047,RTK FIXED
98.107,063124.60,10.48530900,76.44418700,10.48530960,76.44418700,658051.500,1159433.649,108.00,658051.500,1159433.715,-66.4,9,658051.754,1159433.198,10.48530800,76.44418800,0.365,0.020,9.7,10.0,0.5,7.0,1982,2047,RTK FIXED
98.161,063124.60,10.48530900,76.44418700,10.48530936,76.44418700,658051.500,1159433.649,108.00,658051.500,1159433.689,-66.4,9,658051.754,1159433.198,10.48530800,76.44418800,0.365,0.020,9.7,10.0,-0.5,6.1,1982,2047,RTK FIXED
98.207,063124.60,10.48530900,76.44418700,10.48530922,76.44418700,658051.500,1159433.649,108.00,658051.500,1159433.673,-66.4,9,658051.754,1159433.198,10.48530800,76.44418800,0.365,0.020,9.7,10.0,0.5,6.0,1982,2047,RTK FIXED
98.261,063124.60,10.48530900,76.44418700,10.48530913,76.44418700,658051.500,1159433.649,108.00,658051.500,1159433.663,-66.4,9,658051.754,1159433.198,10.48530800,76.44418800,0.365,0.020,9.7,10.0,0.0,6.9,1982,2047,RTK FIXED
98.315,063124.80,10.48530900,76.44418700,10.48530908,76.44418700,658051.506,1159433.651,108.00,658051.502,1159433.659,-66.4,9,658051.754,1159433.198,10.48530800,76.44418800,0.365,0.028,9.6,10.0,0.0,8.3,1955,2047,RTK FIXED
98.362,063124.80,10.48530900,76.44418700,10.48530905,76.44418700,658051.506,1159433.651,108.00,658051.504,1159433.656,-66.4,9,658051.754,1159433.198,10.48530800,76.44418800,0.365,0.028,9.6,10.0,-0.5,9.2,1955,2047,RTK FIXED
98.414,063124.80,10.48530900,76.44418700,10.48530903,76.44418700,658051.506,1159433.651,108.00,658051.505,1159433.654,-66.4,9,658051.754,1159433.198,10.48530800,76.44418800,0.365,0.028,9.6,10.0,0.0,10.9,1955,2047,RTK FIXED
98.461,063124.80,10.48530900,76.44418700,10.48530902,76.44418700,658051.506,1159433.651,108.00,658051.505,1159433.653,-66.4,9,658051.754,1159433.198,10.48530800,76.44418800,0.365,0.028,9.6,10.0,0.5,11.6,1955,2047,RTK FIXED
98.516,063125.00,10.48530900,76.44418700,10.48530901,76.44418700,658051.506,1159433.651,108.00,658051.505,1159433.652,-66.4,9,658051.754,1159433.198,10.48530800,76.44418800,0.365,0.033,9.5,10.0,-0.5,12.4,1939,2047,RTK FIXED
98.562,063125.00,10.48530900,76.44418700,10.48530901,76.44418700,658051.506,1159433.651,108.00,658051.506,1159433.652,-66.4,9,658051.754,1159433.198,10.48530800,76.44418800,0.365,0.033,9.5,10.0,0.5,13.1,1939,2047,RTK FIXED
98.615,063125.00,10.48530900,76.44418700,10.48530900,76.44418700,658051.506,1159433.651,108.00,658051.506,1159433.652,-66.4,9,658051.754,1159433.198,10.48530800,76.44418800,0.365,0.033,9.5,10.0,0.0,13.0,1939,2047,RTK FIXED
98.662,063125.00,10.48530900,76.44418700,10.48530900,76.44418700,658051.506,1159433.651,108.00,658051.506,1159433.652,-66.4,9,658051.754,1159433.198,10.48530800,76.44418800,0.365,0.033,9.5,10.0,0.0,13.5,1939,2047,RTK FIXED
98.716,063125.20,10.48530900,76.44418600,10.48530900,76.44418660,658051.396,1159433.651,108.00,658051.462,1159433.651,-66.4,9,658051.754,1159433.198,10.48530800,76.44418800,0.363,0.052,9.2,10.0,0.0,15.7,1880,2047,RTK FIXED
98.769,063125.20,10.48530900,76.44418600,10.48530900,76.44418636,658051.396,1159433.651,108.00,658051.436,1159433.651,-66.4,9,658051.754,1159433.198,10.48530800,76.44418800,0.363,0.052,9.2,10.0,0.0,16.8,1880,2047,RTK FIXED
98.815,063125.20,10.48530900,76.44418600,10.48530900,76.44418622,658051.396,1159433.651,108.00,658051.420,1159433.651,-66.4,9,658051.754,1159433.198,10.48530800,76.44418800,0.363,0.052,9.2,10.0,0.0,17.0,1880,2047,RTK FIXED
98.870,063125.20,10.48530900,76.44418600,10.48530900,76.44418613,658051.396,1159433.651,108.00,658051.410,1159433.651,-66.4,9,658051.754,1159433.198,10.48530800,76.44418800,0.363,0.052,9.2,10.0,-0.5,17.2,1880,2047,RTK FIXED
99.080,063125.40,10.48530800,76.44418600,10.48530860,76.44418608,658051.397,1159433.540,108.00,658051.405,1159433.607,-83.0,9,658051.754,1159433.198,10.48530800,76.44418800,0.000,0.330,-5.4,5.4,0.0,16.9,450,450,RTK FIXED
99.117,063125.60,10.48530800,76.44418600,10.48530836,76.44418605,658051.494,1159433.565,108.00,658051.441,1159433.590,-82.0,9,658051.754,1159433.198,10.48530800,76.44418800,0.000,0.382,-6.3,6.3,0.7,14.0,900,900,RTK FIXED
99.162,063125.60,10.48530800,76.44418600,10.48530822,76.44418603,658051.494,1159433.565,108.00,658051.462,1159433.580,-80.9,9,658051.754,1159433.198,10.48530800,76.44418800,0.000,0.382,-6.3,6.3,-0.5,13.1,1282,1282,RTK FIXED
99.216,063125.60,10.48530800,76.44418600,10.48530813,76.44418602,658051.494,1159433.565,108.00,658051.475,1159433.574,-79.8,9,658051.754,1159433.198,10.48530800,76.44418800,0.000,0.382,-6.3,6.3,0.5,12.5,1282,1282,RTK FIXED
99.262,063125.60,10.48530800,76.44418600,10.48530808,76.44418601,658051.494,1159433.565,108.00,658051.482,1159433.570,-78.7,9,658051.754,1159433.198,10.48530800,76.44418800,0.000,0.382,-6.3,6.3,-0.5,10.8,1282,1282,RTK FIXED
99.316,063125.80,10.48530800,76.44418700,10.48530805,76.44418641,658051.575,1159433.561,108.00,658051.520,1159433.567,-77.6,9,658051.754,1159433.198,10.48530800,76.44418800,0.000,0.396,-6.5,6.5,0.5,9.3,1326,1326,RTK FIXED
99.362,063125.80,10.48530800,76.44418700,10.48530803,76.44418664,658051.575,1159433.561,108.00,658051.542,1159433.564,-76.5,9,658051.754,1159433.198,10.48530800,76.44418800,0.000,0.396,-6.5,6.5,0.0,9.2,1326,1326,RTK FIXED
99.416,063125.80,10.48530800,76.44418700,10.48530802,76.44418679,658051.575,1159433.561,108.00,658051.555,1159433.563,-75.4,9,658051.754,1159433.198,10.48530800,76.44418800,0.000,0.396,-6.5,6.5,-0.5,8.8,1326,1326,RTK FIXED
99.470,063125.80,10.48530800,76.44418700,10.48530801,76.44418687,658051.575,1159433.561,108.00,658051.563,1159433.562,-74.2,9,658051.754,1159433.198,10.48530800,76.44418800,0.000,0.396,-6.5,6.5,0.5,7.4,1326,1326,RTK FIXED
99.517,063126.00,10.48530700,76.44418700,10.48530761,76.44418692,658051.547,1159433.444,108.00,658051.557,1159433.515,-64.8,9,658051.754,1159433.198,10.48530800,76.44418800,0.000,0.399,-6.5,6.5,0.0,6.5,1337,1337,RTK FIXED
99.570,063126.00,10.48530700,76.44418700,10.48530736,76.44418695,658051.547,1159433.444,108.00,658051.553,1159433.486,-63.7,9,658051.754,1159433.198,10.48530800,76.44418800,0.000,0.399,-6.5,6.5,-0.5,6.5,1337,1337,RTK FIXED
99.617,063126.00,10.48530700,76.44418700,10.48530722,76.44418697,658051.547,1159433.444,108.00,658051.551,1159433.469,-62.5,9,658051.754,1159433.198,10.48530800,76.44418800,0.000,0.399,-6.5,6.5,0.5,6.0,1337,1337,RTK FIXED
99.670,063126.00,10.48530700,76.44418700,10.48530713,76.44418698,658051.547,1159433.444,108.00,658051.550,1159433.459,-61.4,9,658051.754,1159433.198,10.48530800,76.44418800,0.000,0.399,-6.5,6.5,0.0,6.5,1337,1337,RTK FIXED
99.719,063126.20,10.48530700,76.44418700,10.48530708,76.44418699,658051.471,1159433.413,108.00,658051.518,1159433.441,-60.2,10,658052.306,1159432.316,10.48530000,76.44419300,0.000,0.400,-6.5,6.5,0.0,5.6,1339,1339,RTK FIXED
99.770,063126.20,10.48530700,76.44418700,10.48530705,76.44418699,658051.471,1159433.413,108.00,658051.499,1159433.430,-59.1,10,658052.306,1159432.316,10.48530000,76.44419300,0.000,0.400,-6.5,6.5,-0.5,5.4,1339,1339,RTK FIXED
99.817,063126.40,10.48530700,76.44418700,10.48530703,76.44418700,658051.458,1159433.406,108.00,658051.482,1159433.420,-75.6,10,658052.306,1159432.316,10.48530000,76.44419300,0.000,0.400,-6.5,6.5,0.5,5.9,1340,1340,RTK FIXED
99.871,063126.40,10.48530700,76.44418700,10.48530702,76.44418700,658051.458,1159433.406,108.00,658051.473,1159433.414,-74.5,10,658052.306,1159432.316,10.48530000,76.44419300,0.000,0.400,-6.5,6.5,-0.5,5.6,1340,1340,RTK FIXED
99.917,063126.40,10.48530700,76.44418700,10.48530701,76.44418700,658051.458,1159433.406,108.00,658051.467,1159433.411,-73.3,10,658052.306,1159432.316,10.48530000,76.44419300,0.000,0.400,-6.5,6.5,0.0,5.4,1340,1340,RTK FIXED
99.970,063126.40,10.48530700,76.44418700,10.48530701,76.44418700,658051.458,1159433.406,108.00,658051.463,1159433.409,-72.2,10,658052.306,1159432.316,10.48530000,76.44419300,0.000,0.400,-6.5,6.5,0.5,5.6,1340,1340,RTK FIXED
100.025,063126.60,10.48530700,76.44418700,10.48530700,76.44418700,658051.535,1159433.440,108.00,658051.492,1159433.421,-71.0,10,658052.306,1159432.316,10.48530000,76.44419300,0.000,0.400,-6.5,6.5,0.0,5.5,1340,1340,RTK FIXED
100.071,063126.60,10.48530700,76.44418700,10.48530700,76.44418700,658051.535,1159433.440,108.00,658051.509,1159433.429,-69.9,10,658052.306,1159432.316,10.48530000,76.44419300,0.000,0.400,-6.5,6.5,0.0,5.5,1340,1340,RTK FIXED
100.125,063126.60,10.48530700,76.44418700,10.48530700,76.44418700,658051.535,1159433.440,108.00,658051.519,1159433.433,-68.8,10,658052.306,1159432.316,10.48530000,76.44419300,0.000,0.400,-6.5,6.5,0.0,5.1,1340,1340,RTK FIXED
100.171,063126.60,10.48530700,76.44418700,10.48530700,76.44418700,658051.535,1159433.440,108.00,658051.525,1159433.436,-67.6,10,658052.306,1159432.316,10.48530000,76.44419300,0.000,0.400,-6.5,6.5,0.0,4.9,1340,1340,RTK FIXED
100.225,063126.80,10.48530700,76.44418700,10.48530700,76.44418700,658051.507,1159433.430,108.00,658051.518,1159433.434,-66.5,10,658052.306,1159432.316,10.48530000,76.44419300,0.000,0.400,-6.5,6.5,0.0,6.0,1340,1340,RTK FIXED
100.271,063126.80,10.48530700,76.44418700,10.48530700,76.44418700,658051.507,1159433.430,108.00,658051.514,1159433.432,-65.3,10,658052.306,1159432.316,10.48530000,76.44419300,0.000,0.400,-6.5,6.5,0.0,5.5,1340,1340,RTK FIXED
100.325,063126.80,10.48530700,76.44418700,10.48530700,76.44418700,658051.507,1159433.430,108.00,658051.511,1159433.431,-64.2,10,658052.306,1159432.316,10.48530000,76.44419300,0.000,0.400,-6.5,6.5,0.0,5.6,1340,1340,RTK FIXED
100.371,063126.80,10.48530700,76.44418700,10.48530700,76.44418700,658051.507,1159433.430,108.00,658051.509,1159433.431,-63.0,10,658052.306,1159432.316,10.48530000,76.44419300,0.000,0.400,-6.5,6.5,0.0,5.4,1340,1340,RTK FIXED
100.424,063126.80,10.48530700,76.44418700,10.48530700,76.44418700,658051.507,1159433.430,108.00,658051.508,1159433.431,-61.9,10,658052.306,1159432.316,10.48530000,76.44419300,0.000,0.400,-6.5,6.5,0.0,5.7,1340,1340,RTK FIXED
100.471,063126.80,10.48530700,76.44418700,10.48530700,76.44418700,658051.507,1159433.430,108.00,658051.508,1159433.430,-60.7,10,658052.306,1159432.316,10.48530000,76.44419300,0.000,0.400,-6.5,6.5,0.0,5.9,1340,1340,RTK FIXED
100.526,063127.00,10.48530700,76.44418700,10.48530700,76.44418700,658051.467,1159433.411,108.00,658051.491,1159433.423,-59.6,10,658052.306,1159432.316,10.48530000,76.44419300,0.000,0.400,-6.5,6.5,0.0,5.5,1340,1340,RTK FIXED
100.570,063127.00,10.48530700,76.44418700,10.48530700,76.44418700,658051.467,1159433.411,108.00,658051.482,1159433.418,-58.4,10,658052.306,1159432.316,10.48530000,76.44419300,0.000,0.400,-6.5,6.5,0.0,5.0,1340,1340,RTK FIXED
100.625,063127.20,10.48530700,76.44418700,10.48530700,76.44418700,658051.454,1159433.404,108.00,658051.470,1159433.412,-57.3,10,658052.306,1159432.316,10.48530000,76.44419300,0.000,0.400,-6.5,6.5,0.0,5.5,1340,1340,RTK FIXED
100.679,063127.20,10.48530700,76.44418700,10.48530700,76.44418700,658051.454,1159433.404,108.00,658051.464,1159433.409,-56.1,10,658052.306,1159432.316,10.48530000,76.44419300,0.000,0.400,-6.5,6.5,0.0,5.6,1340,1340,RTK FIXED
100.725,063127.20,10.48530700,76.44418700,10.48530700,76.44418700,658051.454,1159433.404,108.00,658051.460,1159433.407,-55.0,10,658052.306,1159432.316,10.48530000,76.44419300,0.000,0.400,-6.5,6.5,0.0,5.9,1340,1340,RTK FIXED
100.779,063127.20,10.48530700,76.44418700,10.48530700,76.44418700,658051.454,1159433.404,108.00,658051.458,1159433.406,-53.9,10,658052.306,1159432.316,10.48530000,76.44419300,0.000,0.400,-6.5,6.5,0.0,5.5,1340,1340,RTK FIXED
100.988,063127.40,10.48530700,76.44418700,10.48530700,76.44418700,658051.429,1159433.387,108.00,658051.446,1159433.398,-52.7,10,658052.306,1159432.316,10.48530000,76.44419300,0.366,0.104,8.4,10.0,0.0,4.9,450,450,RTK FIXED
101.026,063127.60,10.48530700,76.44418700,10.48530700,76.44418700,658051.429,1159433.387,108.00,658051.439,1159433.394,-52.7,10,658052.306,1159432.316,10.48530000,76.44419300,0.366,0.034,9.5,10.0,0.0,2.7,900,900,RTK FIXED
101.072,063127.60,10.48530700,76.44418700,10.48530700,76.44418700,658051.429,1159433.387,108.00,658051.435,1159433.391,-52.7,10,658052.306,1159432.316,10.48530000,76.44419300,0.366,0.034,9.5,10.0,0.0,1.6,1350,1350,RTK FIXED
101.125,063127.60,10.48530700,76.44418700,10.48530700,76.44418700,658051.429,1159433.387,108.00,658051.433,1159433.390,-52.7,10,658052.306,1159432.316,10.48530000,76.44419300,0.366,0.034,9.5,10.0,0.0,0.5,1800,1800,RTK FIXED
101.171,063127.60,10.48530700,76.44418700,10.48530700,76.44418700,658051.429,1159433.387,108.00,658051.431,1159433.389,-52.7,10,658052.306,1159432.316,10.48530000,76.44419300,0.366,0.034,9.5,10.0,0.0,1.1,1937,2047,RTK FIXED
101.226,063127.60,10.48530700,76.44418700,10.48530700,76.44418700,658051.429,1159433.387,108.00,658051.431,1159433.388,-52.7,10,658052.306,1159432.316,10.48530000,76.44419300,0.366,0.034,9.5,10.0,0.0,2.3,1937,2047,RTK FIXED
101.272,063127.60,10.48530700,76.44418700,10.48530700,76.44418700,658051.429,1159433.387,108.00,658051.430,1159433.388,-52.7,10,658052.306,1159432.316,10.48530000,76.44419300,0.366,0.034,9.5,10.0,0.0,4.3,1937,2047,RTK FIXED
101.326,063127.80,10.48530700,76.44418700,10.48530700,76.44418700,658051.429,1159433.387,108.00,658051.430,1159433.388,-52.7,10,658052.306,1159432.316,10.48530000,76.44419300,0.366,0.019,9.7,10.0,0.0,5.5,1986,2047,RTK FIXED
101.371,063127.80,10.48530700,76.44418700,10.48530700,76.44418700,658051.429,1159433.387,108.00,658051.430,1159433.388,-52.7,10,658052.306,1159432.316,10.48530000,76.44419300,0.366,0.019,9.7,10.0,-0.6,6.7,1986,2047,RTK FIXED
101.426,063127.80,10.48530700,76.44418700,10.48530700,76.44418700,658051.429,1159433.387,108.00,658051.429,1159433.387,-52.7,10,658052.306,1159432.316,10.48530000,76.44419300,0.366,0.019,9.7,10.0,0.5,7.8,1986,2047,RTK FIXED
101.472,063127.80,10.48530700,76.44418700,10.48530700,76.44418700,658051.429,1159433.387,108.00,658051.429,1159433.387,-52.7,10,658052.306,1159432.316,10.48530000,76.44419300,0.366,0.019,9.7,10.0,0.0,8.7,1986,2047,RTK FIXED
101.526,063128.00,10.48530700,76.44418700,10.48530700,76.44418700,658051.429,1159433.387,108.00,658051.429,1159433.387,-52.7,10,658052.306,1159432.316,10.48530000,76.44419300,0.366,0.016,9.7,10.0,0.0,9.7,1993,2047,RTK FIXED
101.581,063128.00,10.48530700,76.44418700,10.48530700,76.44418700,658051.429,1159433.387,108.00,658051.429,1159433.387,-52.7,10,658052.306,1159432.316,10.48530000,76.44419300,0.366,0.016,9.7,10.0,-0.5,10.9,1993,2047,RTK FIXED
101.626,063128.20,10.48530700,76.44418700,10.48530700,76.44418700,658051.429,1159433.387,108.00,658051.429,1159433.387,-52.7,10,658052.306,1159432.316,10.48530000,76.44419300,0.366,0.016,9.7,10.0,0.6,11.6,1992,2047,RTK FIXED
101.679,063128.20,10.48530700,76.44418700,10.48530700,76.44418700,658051.429,1159433.387,108.00,658051.429,1159433.387,-52.7,10,658052.306,1159432.316,10.48530000,76.44419300,0.366,0.016,9.7,10.0,0.0,12.3,1992,2047,RTK FIXED
101.726,063128.20,10.48530700,76.44418700,10.48530700,76.44418700,658051.429,1159433.387,108.00,658051.429,1159433.387,-52.7,10,658052.306,1159432.316,10.48530000,76.44419300,0.366,0.016,9.7,10.0,-0.5,13.3,1992,2047,RTK FIXED
101.780,063128.20,10.48530700,76.44418700,10.48530700,76.44418700,658051.429,1159433.387,108.00,658051.429,1159433.387,-52.7,10,658052.306,1159432.316,10.48530000,76.44419300,0.366,0.016,9.7,10.0,0.0,14.3,1992,2047,RTK FIXED
101.990,063128.40,10.48530700,76.44418700,10.48530700,76.44418700,658051.429,1159433.387,108.00,658051.429,1159433.387,-76.0,10,658052.306,1159432.316,10.48530000,76.44419300,0.000,0.304,-5.0,5.0,0.0,16.0,450,450,RTK FIXED
102.026,063128.40,10.48530700,76.44418700,10.48530700,76.44418700,658051.429,1159433.387,108.00,658051.429,1159433.387,-75.1,10,658052.306,1159432.316,10.48530000,76.44419300,0.000,0.304,-5.0,5.0,0.7,13.8,900,900,RTK FIXED
102.072,063128.40,10.48530700,76.44418700,10.48530700,76.44418700,658051.429,1159433.387,108.00,658051.429,1159433.387,-74.2,10,658052.306,1159432.316,10.48530000,76.44419300,0.000,0.304,-5.0,5.0,0.0,13.0,1100,1100,RTK FIXED
102.290,063128.60,10.48530600,76.44418800,10.48530660,76.44418740,658051.659,1159433.334,108.00,658051.521,1159433.366,-55.4,10,658052.306,1159432.316,10.48530000,76.44419300,0.366,0.087,8.7,10.0,-0.1,10.4,450,450,RTK FIXED
102.327,063128.80,10.48530600,76.44418800,10.48530636,76.44418764,658051.554,1159433.287,108.00,658051.534,1159433.334,-55.4,10,658052.306,1159432.316,10.48530000,76.44419300,0.366,0.036,9.4,10.0,0.7,7.4,900,900,RTK FIXED
102.373,063128.80,10.48530600,76.44418800,10.48530622,76.44418778,658051.554,1159433.287,108.00,658051.542,1159433.315,-55.4,10,658052.306,1159432.316,10.48530000,76.44419300,0.366,0.036,9.4,10.0,0.0,7.6,1350,1350,RTK FIXED
102.427,063128.80,10.48530600,76.44418800,10.48530613,76.44418787,658051.554,1159433.287,108.00,658051.547,1159433.304,-55.4,10,658052.306,1159432.316,10.48530000,76.44419300,0.366,0.036,9.4,10.0,-0.5,6.5,1800,1800,RTK FIXED
102.474,063128.80,10.48530600,76.44418800,10.48530608,76.44418792,658051.554,1159433.287,108.00,658051.549,1159433.297,-55.4,10,658052.306,1159432.316,10.48530000,76.44419300,0.366,0.036,9.4,10.0,0.0,5.9,1928,2047,RTK FIXED
102.527,063129.00,10.48530600,76.44418800,10.48530605,76.44418795,658051.554,1159433.287,108.00,658051.551,1159433.293,-55.4,10,658052.306,1159432.316,10.48530000,76.44419300,0.366,0.026,9.6,10.0,0.0,4.2,1962,2047,RTK FIXED
102.573,063129.00,10.48530600,76.44418800,10.48530603,76.44418797,658051.554,1159433.287,108.00,658051.552,1159433.291,-55.4,10,658052.306,1159432.316,10.48530000,76.44419300,0.366,0.026,9.6,10.0,0.5,4.3,1962,2047,RTK FIXED
102.627,063129.20,10.48530600,76.44418800,10.48530602,76.44418798,658051.554,1159433.287,108.00,658051.553,1159433.289,-55.4,10,658052.306,1159432.316,10.48530000,76.44419300,0.365,0.024,9.6,10.0,-0.5,6.9,1967,2047,RTK FIXED
102.674,063129.20,10.48530600,76.44418800,10.48530601,76.44418799,658051.554,1159433.287,108.00,658051.553,1159433.288,-55.4,10,658052.306,1159432.316,10.48530000,76.44419300,0.365,0.024,9.6,10.0,0.5,7.0,1967,2047,RTK FIXED
102.727,063129.20,10.48530600,76.44418800,10.48530601,76.44418799,658051.554,1159433.287,108.00,658051.553,1159433.288,-55.4,10,658052.306,1159432.316,10.48530000,76.44419300,0.365,0.024,9.6,10.0,0.0,8.9,1967,2047,RTK FIXED
102.773,063129.20,10.48530600,76.44418800,10.48530600,76.44418800,658051.554,1159433.287,108.00,658051.553,1159433.288,-55.4,10,658052.306,1159432.316,10.48530000,76.44419300,0.365,0.024,9.6,10.0,0.0,9.9,1967,2047,RTK FIXED
102.827,063129.40,10.48530600,76.44418800,10.48530600,76.44418800,658051.554,1159433.287,108.00,658051.553,1159433.287,-55.4,10,658052.306,1159432.316,10.48530000,76.44419300,0.365,0.025,9.6,10.0,0.0,11.0,1966,2047,RTK FIXED
102.881,063129.40,10.48530600,76.44418800,10.48530600,76.44418800,658051.554,1159433.287,108.00,658051.553,1159433.287,-55.4,10,658052.306,1159432.316,10.48530000,76.44419300,0.365,0.025,9.6,10.0,0.0,12.1,1966,2047,RTK FIXED
102.927,063129.40,10.48530600,76.44418800,10.48530600,76.44418800,658051.554,1159433.287,108.00,658051.553,1159433.287,-55.4,10,658052.306,1159432.316,10.48530000,76.44419300,0.365,0.025,9.6,10.0,0.0,12.7,1966,2047,RTK FIXED
102.981,063129.40,10.48530600,76.44418800,10.48530600,76.44418800,658051.554,1159433.287,108.00,658051.553,1159433.287,-55.4,10,658052.306,1159432.316,10.48530000,76.44419300,0.365,0.025,9.6,10.0,-0.5,13.2,1966,2047,RTK FIXED
103.027,063129.40,10.48530600,76.44418800,10.48530600,76.44418800,658051.554,1159433.287,108.00,658051.553,1159433.287,-55.4,10,658052.306,1159432.316,10.48530000,76.44419300,0.365,0.025,9.6,10.0,0.0,14.7,1966,2047,RTK FIXED
103.081,063129.40,10.48530600,76.44418800,10.48530600,76.44418800,658051.554,1159433.287,108.00,658051.553,1159433.287,-55.4,10,658052.306,1159432.316,10.48530000,76.44419300,0.365,0.025,9.6,10.0,0.5,15.5,1966,2047,RTK FIXED
103.128,063129.60,10.48530600,76.44418800,10.48530600,76.44418800,658051.554,1159433.287,108.00,658051.554,1159433.287,-55.4,10,658052.306,1159432.316,10.48530000,76.44419300,0.365,0.025,9.6,10.0,-0.5,15.9,1964,2047,RTK FIXED
103.181,063129.60,10.48530600,76.44418800,10.48530600,76.44418800,658051.554,1159433.287,108.00,658051.554,1159433.287,-55.4,10,658052.306,1159432.316,10.48530000,76.44419300,0.365,0.025,9.6,10.0,0.0,16.8,1964,2047,RTK FIXED
103.227,063129.60,10.48530600,76.44418800,10.48530600,76.44418800,658051.554,1159433.287,108.00,658051.554,1159433.287,-55.4,10,658052.306,1159432.316,10.48530000,76.44419300,0.365,0.025,9.6,10.0,0.5,17.3,1964,2047,RTK FIXED
103.282,063129.60,10.48530600,76.44418800,10.48530600,76.44418800,658051.554,1159433.287,108.00,658051.554,1159433.287,-55.4,10,658052.306,1159432.316,10.48530000,76.44419300,0.365,0.025,9.6,10.0,-0.5,18.9,1964,2047,RTK FIXED
103.328,063129.80,10.48530600,76.44418800,10.48530600,76.44418800,658051.554,1159433.287,108.00,658051.554,1159433.287,-59.4,10,658052.306,1159432.316,10.48530000,76.44419300,0.363,0.049,9.2,10.0,0.5,20.5,1887,2047,RTK FIXED
103.381,063129.80,10.48530600,76.44418800,10.48530600,76.44418800,658051.554,1159433.287,108.00,658051.554,1159433.287,-59.4,10,658052.306,1159432.316,10.48530000,76.44419300,0.363,0.049,9.2,10.0,0.0,20.9,1887,2047,RTK FIXED
103.435,063129.80,10.48530600,76.44418800,10.48530600,76.44418800,658051.554,1159433.287,108.00,658051.554,1159433.287,-59.4,10,658052.306,1159432.316,10.48530000,76.44419300,0.363,0.049,9.2,10.0,-0.5,19.3,1887,2047,RTK FIXED
103.481,063129.80,10.48530600,76.44418800,10.48530600,76.44418800,658051.554,1159433.287,108.00,658051.554,1159433.287,-59.4,10,658052.306,1159432.316,10.48530000,76.44419300,0.363,0.049,9.2,10.0,0.0,19.2,1887,2047,RTK FIXED
103.536,063130.00,10.48530500,76.44418900,10.48530560,76.44418840,658051.686,1159433.190,108.00,658051.606,1159433.248,-59.4,10,658052.306,1159432.316,10.48530000,76.44419300,0.364,0.049,9.2,10.0,0.0,19.6,1887,2047,RTK FIXED
103.582,063130.00,10.48530500,76.44418900,10.48530536,76.44418864,658051.686,1159433.190,108.00,658051.638,1159433.225,-59.4,10,658052.306,1159432.316,10.48530000,76.44419300,0.364,0.049,9.2,10.0,0.5,18.0,1887,2047,RTK FIXED
103.636,063130.20,10.48530500,76.44418900,10.48530522,76.44418878,658051.686,1159433.190,108.00,658051.657,1159433.211,-52.7,10,658052.306,1159432.316,10.48530000,76.44419300,0.366,0.012,9.8,10.0,0.0,17.1,2006,2047,RTK FIXED
103.682,063130.20,10.48530500,76.44418900,10.48530513,76.44418887,658051.686,1159433.190,108.00,658051.669,1159433.203,-52.7,10,658052.306,1159432.316,10.48530000,76.44419300,0.366,0.012,9.8,10.0,-0.5,18.0,2006,2047,RTK FIXED
103.736,063130.20,10.48530500,76.44418900,10.48530508,76.44418892,658051.686,1159433.190,108.00,658051.675,1159433.198,-52.7,10,658052.306,1159432.316,10.48530000,76.44419300,0.366,0.012,9.8,10.0,0.5,18.0,2006,2047,RTK FIXED
103.782,063130.20,10.48530500,76.44418900,10.48530505,76.44418895,658051.686,1159433.190,108.00,658051.679,1159433.195,-52.7,10,658052.306,1159432.316,10.48530000,76.44419300,0.366,0.012,9.8,10.0,0.0,18.5,2006,2047,RTK FIXED
103.836,063130.40,10.48530500,76.44418900,10.48530503,76.44418897,658051.649,1159433.167,108.00,658051.667,1159433.184,-52.7,10,658052.306,1159432.316,10.48530000,76.44419300,0.366,0.003,9.9,10.0,-0.5,18.9,2037,2047,RTK FIXED
103.881,063130.40,10.48530500,76.44418900,10.48530502,76.44418898,658051.649,1159433.167,108.00,658051.660,1159433.177,-52.7,10,658052.306,1159432.316,10.48530000,76.44419300,0.366,0.003,9.9,10.0,0.0,18.8,2037,2047,RTK FIXED
103.935,063130.40,10.48530500,76.44418900,10.48530501,76.44418899,658051.649,1159433.167,108.00,658051.656,1159433.173,-52.7,10,658052.306,1159432.316,10.48530000,76.44419300,0.366,0.003,9.9,10.0,0.5,18.6,2037,2047,RTK FIXED
103.982,063130.40,10.48530500,76.44418900,10.48530501,76.44418899,658051.649,1159433.167,108.00,658051.653,1159433.171,-52.7,10,658052.306,1159432.316,10.48530000,76.44419300,0.366,0.003,9.9,10.0,-0.5,18.1,2037,2047,RTK FIXED
104.036,063130.40,10.48530500,76.44418900,10.48530500,76.44418900,658051.649,1159433.167,108.00,658051.651,1159433.169,-52.7,10,658052.306,1159432.316,10.48530000,76.44419300,0.366,0.003,9.9,10.0,0.0,18.1,2037,2047,RTK FIXED
104.090,063130.40,10.48530500,76.44418900,10.48530500,76.44418900,658051.649,1159433.167,108.00,658051.650,1159433.168,-52.7,10,658052.306,1159432.316,10.48530000,76.44419300,0.366,0.003,9.9,10.0,0.0,18.9,2037,2047,RTK FIXED
104.137,063130.60,10.48530400,76.44418900,10.48530460,76.44418900,658051.649,1159433.056,108.00,658051.650,1159433.124,-62.3,10,658052.306,1159432.316,10.48530000,76.44419300,0.359,0.069,8.9,10.0,0.5,18.3,1823,2047,RTK FIXED
104.190,063130.60,10.48530400,76.44418900,10.48530436,76.44418900,658051.649,1159433.056,108.00,658051.650,1159433.097,-62.3,10,658052.306,1159432.316,10.48530000,76.44419300,0.359,0.069,8.9,10.0,0.0,18.7,1823,2047,RTK FIXED
104.236,063130.60,10.48530400,76.44418900,10.48530422,76.44418900,658051.649,1159433.056,108.00,658051.650,1159433.081,-62.3,10,658052.306,1159432.316,10.48530000,76.44419300,0.359,0.069,8.9,10.0,-0.5,18.7,1823,2047,RTK FIXED
104.290,063130.60,10.48530400,76.44418900,10.48530413,76.44418900,658051.649,1159433.056,108.00,658051.650,1159433.071,-62.3,10,658052.306,1159432.316,10.48530000,76.44419300,0.359,0.069,8.9,10.0,0.0,18.5,1823,2047,RTK FIXED
104.337,063130.80,10.48530400,76.44419000,10.48530408,76.44418940,658051.812,1159433.089,108.00,658051.715,1159433.078,-62.3,10,658052.306,1159432.316,10.48530000,76.44419300,0.362,0.068,8.9,10.0,0.0,18.0,1829,2047,RTK FIXED
104.390,063130.80,10.48530400,76.44419000,10.48530405,76.44418964,658051.812,1159433.089,108.00,658051.754,1159433.082,-62.3,10,658052.306,1159432.316,10.48530000,76.44419300,0.362,0.068,8.9,10.0,0.0,18.0,1829,2047,RTK FIXED
104.437,063130.80,10.48530400,76.44419000,10.48530403,76.44418978,658051.812,1159433.089,108.00,658051.777,1159433.085,-62.3,10,658052.306,1159432.316,10.48530000,76.44419300,0.362,0.068,8.9,10.0,0.5,18.2,1829,2047,RTK FIXED
104.490,063130.80,10.48530400,76.44419000,10.48530402,76.44418987,658051.812,1159433.089,108.00,658051.791,1159433.087,-62.3,10,658052.306,1159432.316,10.48530000,76.44419300,0.362,0.068,8.9,10.0,-0.5,18.2,1829,2047,RTK FIXED
104.537,063131.00,10.48530400,76.44419000,10.48530401,76.44418992,658051.812,1159433.089,108.00,658051.800,1159433.088,-49.1,10,658052.306,1159432.316,10.48530000,76.44419300,0.365,-0.008,10.0,9.9,0.5,17.5,2047,2022,RTK FIXED
104.590,063131.00,10.48530400,76.44419000,10.48530401,76.44418995,658051.812,1159433.089,108.00,658051.805,1159433.088,-49.1,10,658052.306,1159432.316,10.48530000,76.44419300,0.365,-0.008,10.0,9.9,-0.5,18.0,2047,2022,RTK FIXED
104.637,063131.20,10.48530400,76.44419000,10.48530400,76.44418997,658051.741,1159433.043,108.00,658051.779,1159433.070,-49.1,10,658052.306,1159432.316,10.48530000,76.44419300,0.366,-0.019,10.0,9.7,0.5,17.5,2047,1984,RTK FIXED
104.691,063131.20,10.48530400,76.44419000,10.48530400,76.44418998,658051.741,1159433.043,108.00,658051.764,1159433.059,-49.1,10,658052.306,1159432.316,10.48530000,76.44419300,0.366,-0.019,10.0,9.7,0.0,17.2,2047,1984,RTK FIXED
104.745,063131.20,10.48530400,76.44419000,10.48530400,76.44418999,658051.741,1159433.043,108.00,658051.754,1159433.053,-49.1,10,658052.306,1159432.316,10.48530000,76.44419300,0.366,-0.019,10.0,9.7,-0.5,17.6,2047,1984,RTK FIXED
104.791,063131.20,10.48530400,76.44419000,10.48530400,76.44418999,658051.741,1159433.043,108.00,658051.749,1159433.049,-49.1,10,658052.306,1159432.316,10.48530000,76.44419300,0.366,-0.019,10.0,9.7,0.0,16.8,2047,1984,RTK FIXED
104.845,063131.40,10.48530300,76.44419000,10.48530360,76.44419000,658051.741,1159432.932,108.00,658051.746,1159433.002,-62.8,10,658052.306,1159432.316,10.48530000,76.44419300,0.360,0.059,9.1,10.0,0.0,17.5,1855,2047,RTK FIXED
104.891,063131.40,10.48530300,76.44419000,10.48530336,76.44419000,658051.741,1159432.932,108.00,658051.744,1159432.974,-62.8,10,658052.306,1159432.316,10.48530000,76.44419300,0.360,0.059,9.1,10.0,0.5,17.0,1855,2047,RTK FIXED
104.944,063131.40,10.48530300,76.44419000,10.48530322,76.44419000,658051.741,1159432.932,108.00,658051.743,1159432.957,-62.8,10,658052.306,1159432.316,10.48530000,76.44419300,0.360,0.059,9.1,10.0,-0.5,17.4,1855,2047,RTK FIXED
104.991,063131.40,10.48530300,76.44419000,10.48530313,76.44419000,658051.741,1159432.932,108.00,658051.742,1159432.947,-62.8,10,658052.306,1159432.316,10.48530000,76.44419300,0.360,0.059,9.1,10.0,0.5,17.4,1855,2047,RTK FIXED
105.045,063131.40,10.48530300,76.44419000,10.48530308,76.44419000,658051.741,1159432.932,108.00,658051.742,1159432.941,-62.8,10,658052.306,1159432.316,10.48530000,76.44419300,0.360,0.059,9.1,10.0,0.0,17.7,1855,2047,RTK FIXED
105.091,063131.40,10.48530300,76.44419000,10.48530305,76.44419000,658051.741,1159432.932,108.00,658051.742,1159432.938,-62.8,10,658052.306,1159432.316,10.48530000,76.44419300,0.360,0.059,9.1,10.0,0.0,18.4,1855,2047,RTK FIXED
105.146,063131.60,10.48530300,76.44419000,10.48530303,76.44419000,658051.816,1159432.980,108.00,658051.771,1159432.954,-62.8,10,658052.306,1159432.316,10.48530000,76.44419300,0.361,0.072,8.9,10.0,-0.5,18.0,1815,2047,RTK FIXED
105.191,063131.60,10.48530300,76.44419000,10.48530302,76.44419000,658051.816,1159432.980,108.00,658051.789,1159432.965,-62.8,10,658052.306,1159432.316,10.48530000,76.44419300,0.361,0.072,8.9,10.0,0.6,17.7,1815,2047,RTK FIXED
105.245,063131.60,10.48530300,76.44419000,10.48530301,76.44419000,658051.816,1159432.980,108.00,658051.800,1159432.971,-62.8,10,658052.306,1159432.316,10.48530000,76.44419300,0.361,0.072,8.9,10.0,-0.5,17.9,1815,2047,RTK FIXED
105.299,063131.60,10.48530300,76.44419000,10.48530301,76.44419000,658051.816,1159432.980,108.00,658051.806,1159432.974,-62.8,10,658052.306,1159432.316,10.48530000,76.44419300,0.361,0.072,8.9,10.0,0.5,17.7,1815,2047,RTK FIXED
105.346,063131.80,10.48530300,76.44419100,10.48530300,76.44419040,658051.925,1159432.980,108.00,658051.854,1159432.977,-49.0,10,658052.306,1159432.316,10.48530000,76.44419300,0.365,-0.011,10.0,9.8,0.0,17.1,2047,2011,RTK FIXED
105.399,063131.80,10.48530300,76.44419100,10.48530300,76.44419064,658051.925,1159432.980,108.00,658051.882,1159432.978,-49.0,10,658052.306,1159432.316,10.48530000,76.44419300,0.365,-0.011,10.0,9.8,-0.5,17.8,2047,2011,RTK FIXED
105.445,063131.80,10.48530300,76.44419100,10.48530300,76.44419078,658051.925,1159432.980,108.00,658051.899,1159432.979,-49.0,10,658052.306,1159432.316,10.48530000,76.44419300,0.365,-0.011,10.0,9.8,0.5,17.8,2047,2011,RTK FIXED
105.499,063131.80,10.48530300,76.44419100,10.48530300,76.44419087,658051.925,1159432.980,108.00,658051.910,1159432.979,-49.0,10,658052.306,1159432.316,10.48530000,76.44419300,0.365,-0.011,10.0,9.8,-0.5,17.2,2047,2011,RTK FIXED
105.546,063132.00,10.48530200,76.44419100,10.48530260,76.44419092,658051.851,1159432.822,108.00,658051.886,1159432.916,-49.0,10,658052.306,1159432.316,10.48530000,76.44419300,0.366,-0.018,10.0,9.7,0.0,17.7,2047,1986,RTK FIXED
105.599,063132.20,10.48530200,76.44419100,10.48530236,76.44419095,658051.851,1159432.822,108.00,658051.872,1159432.879,-59.6,10,658052.306,1159432.316,10.48530000,76.44419300,0.363,0.036,9.4,10.0,0.0,17.3,1929,2047,RTK FIXED
105.653,063132.20,10.48530200,76.44419100,10.48530222,76.44419097,658051.851,1159432.822,108.00,658051.864,1159432.856,-59.6,10,658052.306,1159432.316,10.48530000,76.44419300,0.363,0.036,9.4,10.0,0.0,17.5,1929,2047,RTK FIXED
105.699,063132.20,10.48530200,76.44419100,10.48530213,76.44419098,658051.851,1159432.822,108.00,658051.858,1159432.842,-59.6,10,658052.306,1159432.316,10.48530000,76.44419300,0.363,0.036,9.4,10.0,0.5,18.0,1929,2047,RTK FIXED
105.753,063132.20,10.48530200,76.44419100,10.48530208,76.44419099,658051.851,1159432.822,108.00,658051.855,1159432.834,-59.6,10,658052.306,1159432.316,10.48530000,76.44419300,0.363,0.036,9.4,10.0,-0.5,18.0,1929,2047,RTK FIXED
105.799,063132.20,10.48530200,76.44419100,10.48530205,76.44419099,658051.851,1159432.822,108.00,658051.854,1159432.829,-59.6,10,658052.306,1159432.316,10.48530000,76.44419300,0.363,0.036,9.4,10.0,0.0,18.5,1929,2047,RTK FIXED
105.854,063132.40,10.48530200,76.44419100,10.48530203,76.44419100,658051.908,1159432.860,108.00,658051.875,1159432.842,-59.6,10,658052.306,1159432.316,10.48530000,76.44419300,0.364,0.043,9.3,10.0,0.0,18.4,1908,2047,RTK FIXED
105.899,063132.40,10.48530200,76.44419100,10.48530202,76.44419100,658051.908,1159432.860,108.00,658051.888,1159432.849,-59.6,10,658052.306,1159432.316,10.48530000,76.44419300,0.364,0.043,9.3,10.0,0.0,18.6,1908,2047,RTK FIXED
105.953,063132.40,10.48530200,76.44419100,10.48530201,76.44419100,658051.908,1159432.860,108.00,658051.896,1159432.854,-59.6,10,658052.306,1159432.316,10.48530000,76.44419300,0.364,0.043,9.3,10.0,0.0,18.5,1908,2047,RTK FIXED
105.999,063132.40,10.48530200,76.44419100,10.48530201,76.44419100,658051.908,1159432.860,108.00,658051.901,1159432.856,-59.6,10,658052.306,1159432.316,10.48530000,76.44419300,0.364,0.043,9.3,10.0,0.0,18.7,1908,2047,RTK FIXED
106.054,063132.40,10.48530200,76.44419100,10.48530200,76.44419100,658051.908,1159432.860,108.00,658051.903,1159432.858,-59.6,10,658052.306,1159432.316,10.48530000,76.44419300,0.364,0.043,9.3,10.0,0.0,18.8,1908,2047,RTK FIXED
106.100,063132.40,10.48530200,76.44419100,10.48530200,76.44419100,658051.908,1159432.860,108.00,658051.905,1159432.859,-59.6,10,658052.306,1159432.316,10.48530000,76.44419300,0.364,0.043,9.3,10.0,0.0,18.8,1908,2047,RTK FIXED
106.154,063132.60,10.48530200,76.44419200,10.48530200,76.44419140,658052.017,1159432.861,108.00,658051.950,1159432.860,-44.8,10,658052.306,1159432.316,10.48530000,76.44419300,0.360,-0.049,10.0,9.2,0.0,19.0,2047,1888,RTK FIXED
106.199,063132.60,10.48530200,76.44419200,10.48530200,76.44419164,658052.017,1159432.861,108.00,658051.977,1159432.860,-44.8,10,658052.306,1159432.316,10.48530000,76.44419300,0.360,-0.049,10.0,9.2,0.6,18.2,2047,1888,RTK FIXED
106.254,063132.60,10.48530200,76.44419200,10.48530200,76.44419178,658052.017,1159432.861,108.00,658051.993,1159432.860,-44.8,10,658052.306,1159432.316,10.48530000,76.44419300,0.360,-0.049,10.0,9.2,0.0,17.9,2047,1888,RTK FIXED
106.308,063132.80,10.48530100,76.44419200,10.48530160,76.44419187,658051.940,1159432.694,108.00,658051.972,1159432.794,-44.8,10,658052.306,1159432.316,10.48530000,76.44419300,0.363,-0.057,10.0,9.1,-0.5,17.9,2047,1862,RTK FIXED
106.354,063132.80,10.48530100,76.44419200,10.48530136,76.44419192,658051.940,1159432.694,108.00,658051.959,1159432.754,-44.8,10,658052.306,1159432.316,10.48530000,76.44419300,0.363,-0.057,10.0,9.1,0.0,16.9,2047,1862,RTK FIXED
106.408,063132.80,10.48530100,76.44419200,10.48530122,76.44419195,658051.940,1159432.694,108.00,658051.952,1159432.730,-44.8,10,658052.306,1159432.316,10.48530000,76.44419300,0.363,-0.057,10.0,9.1,0.0,18.6,2047,1862,RTK FIXED
106.454,063132.80,10.48530100,76.44419200,10.48530113,76.44419197,658051.940,1159432.694,108.00,658051.947,1159432.715,-44.8,10,658052.306,1159432.316,10.48530000,76.44419300,0.363,-0.057,10.0,9.1,0.5,17.9,2047,1862,RTK FIXED
106.509,063133.00,10.48530100,76.44419200,10.48530108,76.44419198,658051.940,1159432.694,108.00,658051.945,1159432.707,-57.2,10,658052.306,1159432.316,10.48530000,76.44419300,0.365,0.008,9.9,10.0,0.0,16.9,2021,2047,RTK FIXED
106.554,063133.00,10.48530100,76.44419200,10.48530105,76.44419199,658051.940,1159432.694,108.00,658051.943,1159432.702,-57.2,10,658052.306,1159432.316,10.48530000,76.44419300,0.365,0.008,9.9,10.0,-0.6,16.5,2021,2047,RTK FIXED
106.607,063133.00,10.48530100,76.44419200,10.48530103,76.44419199,658051.940,1159432.694,108.00,658051.942,1159432.698,-57.2,10,658052.306,1159432.316,10.48530000,76.44419300,0.365,0.008,9.9,10.0,0.5,16.5,2021,2047,RTK FIXED
106.654,063133.20,10.48530100,76.44419200,10.48530102,76.44419200,658052.004,1159432.742,108.00,658051.967,1159432.716,-57.2,10,658052.306,1159432.316,10.48530000,76.44419300,0.366,0.016,9.7,10.0,-0.5,16.4,1995,2047,RTK FIXED
106.707,063133.20,10.48530100,76.44419200,10.48530101,76.44419200,658052.004,1159432.742,108.00,658051.982,1159432.727,-57.2,10,658052.306,1159432.316,10.48530000,76.44419300,0.366,0.016,9.7,10.0,0.5,17.1,1995,2047,RTK FIXED
106.754,063133.20,10.48530100,76.44419200,10.48530101,76.44419200,658052.004,1159432.742,108.00,658051.991,1159432.733,-57.2,10,658052.306,1159432.316,10.48530000,76.44419300,0.366,0.016,9.7,10.0,-0.5,18.0,1995,2047,RTK FIXED
106.809,063133.40,10.48530000,76.44419200,10.48530060,76.44419200,658052.004,1159432.632,108.00,658051.996,1159432.692,-57.2,10,658052.306,1159432.316,10.48530000,76.44419300,0.365,0.022,9.6,10.0,0.5,18.5,1973,2047,RTK FIXED
106.862,063133.40,10.48530000,76.44419200,10.48530036,76.44419200,658052.004,1159432.632,108.00,658051.999,1159432.668,-57.2,10,658052.306,1159432.316,10.48530000,76.44419300,0.365,0.022,9.6,10.0,-0.5,18.2,1973,2047,RTK FIXED
106.908,063133.40,10.48530000,76.44419200,10.48530022,76.44419200,658052.004,1159432.632,108.00,658052.001,1159432.654,-57.2,10,658052.306,1159432.316,10.48530000,76.44419300,0.365,0.022,9.6,10.0,0.0,17.9,1973,2047,RTK FIXED
106.962,063133.40,10.48530000,76.44419200,10.48530013,76.44419200,658052.004,1159432.632,108.00,658052.003,1159432.645,-57.2,10,658052.306,1159432.316,10.48530000,76.44419300,0.365,0.022,9.6,10.0,0.0,18.5,1973,2047,RTK FIXED
107.008,063133.40,10.48530000,76.44419200,10.48530008,76.44419200,658052.004,1159432.632,108.00,658052.003,1159432.640,-57.2,10,658052.306,1159432.316,10.48530000,76.44419300,0.365,0.022,9.6,10.0,0.0,18.4,1973,2047,RTK FIXED
107.062,063133.40,10.48530000,76.44419200,10.48530005,76.44419200,658052.004,1159432.632,108.00,658052.004,1159432.636,-57.2,10,658052.306,1159432.316,10.48530000,76.44419300,0.365,0.022,9.6,10.0,0.5,18.3,1973,2047,RTK FIXED
107.109,063133.60,10.48530000,76.44419300,10.48530003,76.44419240,658052.114,1159432.632,108.00,658052.048,1159432.635,-52.1,10,658052.306,1159432.316,10.48530000,76.44419300,0.360,-0.005,10.0,9.9,-0.5,18.0,2047,2031,RTK FIXED
107.162,063133.60,10.48530000,76.44419300,10.48530002,76.44419264,658052.114,1159432.632,108.00,658052.074,1159432.634,-52.1,10,658052.306,1159432.316,10.48530000,76.44419300,0.360,-0.005,10.0,9.9,0.5,18.6,2047,2031,RTK FIXED
107.209,063133.60,10.48530000,76.44419300,10.48530001,76.44419278,658052.114,1159432.632,108.00,658052.090,1159432.633,-52.1,10,658052.306,1159432.316,10.48530000,76.44419300,0.360,-0.005,10.0,9.9,0.0,18.0,2047,2031,RTK FIXED
107.262,063133.60,10.48530000,76.44419300,10.48530001,76.44419287,658052.114,1159432.632,108.00,658052.100,1159432.633,-52.1,10,658052.306,1159432.316,10.48530000,76.44419300,0.360,-0.005,10.0,9.9,0.0,18.0,2047,2031,RTK FIXED
107.317,063133.80,10.48530000,76.44419300,10.48530000,76.44419292,658052.086,1159432.614,108.00,658052.094,1159432.625,-52.1,10,658052.306,1159432.316,10.48530000,76.44419300,0.335,-0.014,10.0,9.8,0.0,18.5,2047,1998,RTK FIXED
107.362,063133.80,10.48530000,76.44419300,10.48530000,76.44419295,658052.086,1159432.614,108.00,658052.091,1159432.621,-52.1,10,658052.306,1159432.316,10.48530000,76.44419300,0.335,-0.014,10.0,9.8,-0.5,18.0,2047,1998,RTK FIXED
107.416,063133.80,10.48530000,76.44419300,10.48530000,76.44419297,658052.086,1159432.614,108.00,658052.089,1159432.618,-52.1,10,658052.306,1159432.316,10.48530000,76.44419300,0.335,-0.014,10.0,9.8,0.0,18.1,2047,1998,RTK FIXED
107.462,063133.80,10.48530000,76.44419300,10.48530000,76.44419298,658052.086,1159432.614,108.00,658052.088,1159432.616,-52.1,10,658052.306,1159432.316,10.48530000,76.44419300,0.335,-0.014,10.0,9.8,0.5,18.1,2047,1998,RTK FIXED
107.519,063134.00,10.48530000,76.44419300,10.48530000,76.44419299,658052.086,1159432.614,108.00,658052.087,1159432.615,-52.1,11,658052.857,1159431.433,10.48529200,76.44419800,0.365,-0.022,10.0,9.6,0.0,17.9,2047,1975,RTK FIXED
107.563,063134.00,10.48530000,76.44419300,10.48530000,76.44419299,658052.086,1159432.614,108.00,658052.087,1159432.615,-52.1,11,658052.857,1159431.433,10.48529200,76.44419800,0.365,-0.022,10.0,9.6,0.0,17.8,2047,1975,RTK FIXED
107.617,063134.20,10.48529900,76.44419300,10.48529960,76.44419300,658052.087,1159432.503,108.00,658052.087,1159432.570,-56.2,11,658052.857,1159431.433,10.48529200,76.44419800,0.366,-0.005,10.0,9.9,-0.5,17.9,2047,2029,RTK FIXED
107.663,063134.20,10.48529900,76.44419300,10.48529936,76.44419300,658052.087,1159432.503,108.00,658052.087,1159432.543,-56.2,11,658052.857,1159431.433,10.48529200,76.44419800,0.366,-0.005,10.0,9.9,0.5,18.0,2047,2029,RTK FIXED
107.717,063134.20,10.48529900,76.44419300,10.48529922,76.44419300,658052.087,1159432.503,108.00,658052.087,1159432.527,-56.2,11,658052.857,1159431.433,10.48529200,76.44419800,0.366,-0.005,10.0,9.9,0.0,17.1,2047,2029,RTK FIXED
107.763,063134.20,10.48529900,76.44419300,10.48529913,76.44419300,658052.087,1159432.503,108.00,658052.087,1159432.518,-56.2,11,658052.857,1159431.433,10.48529200,76.44419800,0.366,-0.005,10.0,9.9,-0.5,17.4,2047,2029,RTK FIXED
107.817,063134.40,10.48529900,76.44419400,10.48529908,76.44419340,658052.218,1159432.519,108.00,658052.139,1159432.518,-56.2,11,658052.857,1159431.433,10.48529200,76.44419800,0.366,-0.001,10.0,10.0,0.0,17.5,2047,2042,RTK FIXED
107.863,063134.40,10.48529900,76.44419400,10.48529905,76.44419364,658052.218,1159432.519,108.00,658052.171,1159432.518,-56.2,11,658052.857,1159431.433,10.48529200,76.44419800,0.366,-0.001,10.0,10.0,0.6,18.2,2047,2042,RTK FIXED
107.917,063134.40,10.48529900,76.44419400,10.48529903,76.44419378,658052.218,1159432.519,108.00,658052.190,1159432.518,-56.2,11,658052.857,1159431.433,10.48529200,76.44419800,0.366,-0.001,10.0,10.0,-0.5,18.0,2047,2042,RTK FIXED
107.971,063134.40,10.48529900,76.44419400,10.48529902,76.44419387,658052.218,1159432.519,108.00,658052.201,1159432.518,-56.2,11,658052.857,1159431.433,10.48529200,76.44419800,0.366,-0.001,10.0,10.0,0.0,18.0,2047,2042,RTK FIXED
108.017,063134.40,10.48529900,76.44419400,10.48529901,76.44419392,658052.218,1159432.519,108.00,658052.208,1159432.518,-56.2,11,658052.857,1159431.433,10.48529200,76.44419800,0.366,-0.001,10.0,10.0,0.0,17.9,2047,2042,RTK FIXED
108.070,063134.40,10.48529900,76.44419400,10.48529901,76.44419395,658052.218,1159432.519,108.00,658052.212,1159432.519,-56.2,11,658052.857,1159431.433,10.48529200,76.44419800,0.366,-0.001,10.0,10.0,0.0,17.9,2047,2042,RTK FIXED
108.117,063134.60,10.48529900,76.44419400,10.48529900,76.44419397,658052.218,1159432.519,108.00,658052.214,1159432.519,-46.6,11,658052.857,1159431.433,10.48529200,76.44419800,0.360,-0.061,10.0,9.0,0.5,18.1,2047,1848,RTK FIXED
108.171,063134.60,10.48529900,76.44419400,10.48529900,76.44419398,658052.218,1159432.519,108.00,658052.216,1159432.519,-46.6,11,658052.857,1159431.433,10.48529200,76.44419800,0.360,-0.061,10.0,9.0,-0.5,17.6,2047,1848,RTK FIXED
108.218,063134.60,10.48529900,76.44419400,10.48529900,76.44419399,658052.218,1159432.519,108.00,658052.217,1159432.519,-46.6,11,658052.857,1159431.433,10.48529200,76.44419800,0.360,-0.061,10.0,9.0,0.5,17.8,2047,1848,RTK FIXED
108.271,063134.60,10.48529900,76.44419400,10.48529900,76.44419399,658052.218,1159432.519,108.00,658052.217,1159432.519,-46.6,11,658052.857,1159431.433,10.48529200,76.44419800,0.360,-0.061,10.0,9.0,0.0,15.8,2047,1848,RTK FIXED
108.318,063134.80,10.48529800,76.44419400,10.48529860,76.44419400,658052.169,1159432.371,108.00,658052.198,1159432.459,-46.6,11,658052.857,1159431.433,10.48529200,76.44419800,0.362,-0.064,10.0,9.0,0.0,17.2,2047,1840,RTK FIXED
108.371,063134.80,10.48529800,76.44419400,10.48529836,76.44419400,658052.169,1159432.371,108.00,658052.186,1159432.424,-46.6,11,658052.857,1159431.433,10.48529200,76.44419800,0.362,-0.064,10.0,9.0,0.0,15.9,2047,1840,RTK FIXED
108.417,063134.80,10.48529800,76.44419400,10.48529822,76.44419400,658052.169,1159432.371,108.00,658052.180,1159432.403,-46.6,11,658052.857,1159431.433,10.48529200,76.44419800,0.362,-0.064,10.0,9.0,-0.5,15.7,2047,1840,RTK FIXED
108.471,063134.80,10.48529800,76.44419400,10.48529813,76.44419400,658052.169,1159432.371,108.00,658052.175,1159432.390,-46.6,11,658052.857,1159431.433,10.48529200,76.44419800,0.362,-0.064,10.0,9.0,0.0,15.8,2047,1840,RTK FIXED
108.526,063135.00,10.48529800,76.44419400,10.48529808,76.44419400,658052.169,1159432.371,108.00,658052.173,1159432.382,-59.3,11,658052.857,1159431.433,10.48529200,76.44419800,0.365,0.004,9.9,10.0,0.0,15.6,2034,2047,RTK FIXED
108.571,063135.00,10.48529800,76.44419400,10.48529805,76.44419400,658052.169,1159432.371,108.00,658052.171,1159432.378,-59.3,11,658052.857,1159431.433,10.48529200,76.44419800,0.365,0.004,9.9,10.0,0.0,15.4,2034,2047,RTK FIXED
108.626,063135.00,10.48529800,76.44419400,10.48529803,76.44419400,658052.169,1159432.371,108.00,658052.171,1159432.375,-59.3,11,658052.857,1159431.433,10.48529200,76.44419800,0.365,0.004,9.9,10.0,0.0,16.1,2034,2047,RTK FIXED
108.672,063135.20,10.48529800,76.44419400,10.48529802,76.44419400,658052.236,1159432.418,108.00,658052.197,1159432.392,-59.3,11,658052.857,1159431.433,10.48529200,76.44419800,0.366,0.014,9.8,10.0,0.5,16.3,2000,2047,RTK FIXED
108.725,063135.20,10.48529800,76.44419400,10.48529801,76.44419400,658052.236,1159432.418,108.00,658052.213,1159432.403,-59.3,11,658052.857,1159431.433,10.48529200,76.44419800,0.366,0.014,9.8,10.0,0.0,15.9,2000,2047,RTK FIXED
108.771,063135.20,10.48529800,76.44419400,10.48529801,76.44419400,658052.236,1159432.418,108.00,658052.222,1159432.409,-59.3,11,658052.857,1159431.433,10.48529200,76.44419800,0.366,0.014,9.8,10.0,0.0,15.7,2000,2047,RTK FIXED
108.826,063135.40,10.48529700,76.44419500,10.48529760,76.44419440,658052.346,1159432.308,108.00,658052.272,1159432.369,-50.9,11,658052.857,1159431.433,10.48529200,76.44419800,0.364,-0.028,10.0,9.5,0.0,17.9,2047,1955,RTK FIXED
108.871,063135.40,10.48529700,76.44419500,10.48529736,76.44419464,658052.346,1159432.308,108.00,658052.301,1159432.345,-50.9,11,658052.857,1159431.433,10.48529200,76.44419800,0.364,-0.028,10.0,9.5,0.0,17.5,2047,1955,RTK FIXED
108.925,063135.40,10.48529700,76.44419500,10.48529722,76.44419478,658052.346,1159432.308,108.00,658052.319,1159432.330,-50.9,11,658052.857,1159431.433,10.48529200,76.44419800,0.364,-0.028,10.0,9.5,0.0,17.6,2047,1955,RTK FIXED
108.971,063135.40,10.48529700,76.44419500,10.48529713,76.44419487,658052.346,1159432.308,108.00,658052.330,1159432.321,-50.9,11,658052.857,1159431.433,10.48529200,76.44419800,0.364,-0.028,10.0,9.5,-0.5,17.6,2047,1955,RTK FIXED
109.026,063135.40,10.48529700,76.44419500,10.48529708,76.44419492,658052.346,1159432.308,108.00,658052.337,1159432.316,-50.9,11,658052.857,1159431.433,10.48529200,76.44419800,0.364,-0.028,10.0,9.5,0.0,17.4,2047,1955,RTK FIXED
109.071,063135.40,10.48529700,76.44419500,10.48529705,76.44419495,658052.346,1159432.308,108.00,658052.340,1159432.313,-50.9,11,658052.857,1159431.433,10.48529200,76.44419800,0.364,-0.028,10.0,9.5,0.5,16.4,2047,1955,RTK FIXED
109.126,063135.60,10.48529700,76.44419500,10.48529703,76.44419497,658052.301,1159432.278,108.00,658052.324,1159432.299,-50.9,11,658052.857,1159431.433,10.48529200,76.44419800,0.365,-0.036,10.0,9.4,-0.5,17.3,2047,1929,RTK FIXED
109.180,063135.60,10.48529700,76.44419500,10.48529702,76.44419498,658052.301,1159432.278,108.00,658052.315,1159432.291,-50.9,11,658052.857,1159431.433,10.48529200,76.44419800,0.365,-0.036,10.0,9.4,0.0,16.8,2047,1929,RTK FIXED
109.225,063135.60,10.48529700,76.44419500,10.48529701,76.44419499,658052.301,1159432.278,108.00,658052.309,1159432.286,-50.9,11,658052.857,1159431.433,10.48529200,76.44419800,0.365,-0.036,10.0,9.4,0.5,17.0,2047,1929,RTK FIXED
109.280,063135.60,10.48529700,76.44419500,10.48529701,76.44419499,658052.301,1159432.278,108.00,658052.306,1159432.283,-50.9,11,658052.857,1159431.433,10.48529200,76.44419800,0.365,-0.036,10.0,9.4,0.0,17.0,2047,1929,RTK FIXED
109.326,063135.80,10.48529700,76.44419500,10.48529700,76.44419500,658052.301,1159432.278,108.00,658052.304,1159432.281,-50.9,11,658052.857,1159431.433,10.48529200,76.44419800,0.365,-0.036,10.0,9.4,0.0,16.6,2047,1929,RTK FIXED
109.379,063135.80,10.48529700,76.44419500,10.48529700,76.44419500,658052.301,1159432.278,108.00,658052.302,1159432.280,-50.9,11,658052.857,1159431.433,10.48529200,76.44419800,0.365,-0.036,10.0,9.4,0.0,17.1,2047,1929,RTK FIXED
109.426,063135.80,10.48529700,76.44419500,10.48529700,76.44419500,658052.301,1159432.278,108.00,658052.302,1159432.279,-50.9,11,658052.857,1159431.433,10.48529200,76.44419800,0.365,-0.036,10.0,9.4,-0.5,16.5,2047,1929,RTK FIXED
109.479,063135.80,10.48529700,76.44419500,10.48529700,76.44419500,658052.301,1159432.278,108.00,658052.301,1159432.279,-50.9,11,658052.857,1159431.433,10.48529200,76.44419800,0.365,-0.036,10.0,9.4,0.0,17.4,2047,1929,RTK FIXED
109.526,063136.00,10.48529600,76.44419500,10.48529660,76.44419500,658052.301,1159432.168,108.00,658052.301,1159432.234,-57.8,11,658052.857,1159431.433,10.48529200,76.44419800,0.366,0.001,10.0,10.0,0.5,17.4,2042,2047,RTK FIXED
109.579,063136.00,10.48529600,76.44419500,10.48529636,76.44419500,658052.301,1159432.168,108.00,658052.301,1159432.208,-57.8,11,658052.857,1159431.433,10.48529200,76.44419800,0.366,0.001,10.0,10.0,0.0,17.5,2042,2047,RTK FIXED
109.626,063136.00,10.48529600,76.44419500,10.48529622,76.44419500,658052.301,1159432.168,108.00,658052.301,1159432.192,-57.8,11,658052.857,1159431.433,10.48529200,76.44419800,0.366,0.001,10.0,10.0,-0.5,17.0,2042,2047,RTK FIXED
109.681,063136.20,10.48529600,76.44419500,10.48529613,76.44419500,658052.338,1159432.193,108.00,658052.316,1159432.192,-57.8,11,658052.857,1159431.433,10.48529200,76.44419800,0.366,0.010,9.8,10.0,0.0,17.1,2015,2047,RTK FIXED
109.735,063136.20,10.48529600,76.44419500,10.48529608,76.44419500,658052.338,1159432.193,108.00,658052.325,1159432.192,-57.8,11,658052.857,1159431.433,10.48529200,76.44419800,0.366,0.010,9.8,10.0,0.0,18.2,2015,2047,RTK FIXED
109.780,063136.20,10.48529600,76.44419500,10.48529605,76.44419500,658052.338,1159432.193,108.00,658052.330,1159432.193,-57.8,11,658052.857,1159431.433,10.48529200,76.44419800,0.366,0.010,9.8,10.0,0.0,18.5,2015,2047,RTK FIXED
109.834,063136.40,10.48529600,76.44419500,10.48529603,76.44419500,658052.338,1159432.193,108.00,658052.333,1159432.193,-57.8,11,658052.857,1159431.433,10.48529200,76.44419800,0.366,0.011,9.8,10.0,0.0,18.4,2010,2047,RTK FIXED
109.880,063136.40,10.48529600,76.44419500,10.48529602,76.44419500,658052.338,1159432.193,108.00,658052.335,1159432.193,-57.8,11,658052.857,1159431.433,10.48529200,76.44419800,0.366,0.011,9.8,10.0,0.0,18.6,2010,2047,RTK FIXED
109.934,063136.40,10.48529600,76.44419500,10.48529601,76.44419500,658052.338,1159432.193,108.00,658052.336,1159432.193,-57.8,11,658052.857,1159431.433,10.48529200,76.44419800,0.366,0.011,9.8,10.0,0.0,18.6,2010,2047,RTK FIXED
109.981,063136.40,10.48529600,76.44419500,10.48529601,76.44419500,658052.338,1159432.193,108.00,658052.337,1159432.193,-57.8,11,658052.857,1159431.433,10.48529200,76.44419800,0.366,0.011,9.8,10.0,0.5,18.4,2010,2047,RTK FIXED
110.034,063136.40,10.48529600,76.44419500,10.48529600,76.44419500,658052.338,1159432.193,108.00,658052.338,1159432.193,-57.8,11,658052.857,1159431.433,10.48529200,76.44419800,0.366,0.011,9.8,10.0,0.0,17.8,2010,2047,RTK FIXED
110.082,063136.40,10.48529600,76.44419500,10.48529600,76.44419500,658052.338,1159432.193,108.00,658052.338,1159432.193,-57.8,11,658052.857,1159431.433,10.48529200,76.44419800,0.366,0.011,9.8,10.0,-0.5,18.8,2010,2047,RTK FIXED
110.135,063136.60,10.48529500,76.44419600,10.48529560,76.44419540,658052.448,1159432.083,108.00,658052.382,1159432.149,-55.2,11,658052.857,1159431.433,10.48529200,76.44419800,0.366,0.003,10.0,10.0,0.0,18.3,2038,2047,RTK FIXED
110.180,063136.60,10.48529500,76.44419600,10.48529536,76.44419564,658052.448,1159432.083,108.00,658052.408,1159432.122,-55.2,11,658052.857,1159431.433,10.48529200,76.44419800,0.366,0.003,10.0,10.0,0.0,18.3,2038,2047,RTK FIXED
110.235,063136.60,10.48529500,76.44419600,10.48529522,76.44419578,658052.448,1159432.083,108.00,658052.424,1159432.107,-55.2,11,658052.857,1159431.433,10.48529200,76.44419800,0.366,0.003,10.0,10.0,0.5,18.7,2038,2047,RTK FIXED
110.281,063136.60,10.48529500,76.44419600,10.48529513,76.44419587,658052.448,1159432.083,108.00,658052.434,1159432.097,-55.2,11,658052.857,1159431.433,10.48529200,76.44419800,0.366,0.003,10.0,10.0,-0.5,18.6,2038,2047,RTK FIXED
110.335,063136.80,10.48529500,76.44419600,10.48529508,76.44419592,658052.434,1159432.074,108.00,658052.434,1159432.088,-55.2,11,658052.857,1159431.433,10.48529200,76.44419800,0.366,0.001,10.0,10.0,0.0,18.3,2045,2047,RTK FIXED
110.389,063136.80,10.48529500,76.44419600,10.48529505,76.44419595,658052.434,1159432.074,108.00,658052.434,1159432.082,-55.2,11,658052.857,1159431.433,10.48529200,76.44419800,0.366,0.001,10.0,10.0,0.5,18.8,2045,2047,RTK FIXED
110.435,063136.80,10.48529500,76.44419600,10.48529503,76.44419597,658052.434,1159432.074,108.00,658052.434,1159432.079,-55.2,11,658052.857,1159431.433,10.48529200,76.44419800,0.366,0.001,10.0,10.0,0.0,18.4,2045,2047,RTK FIXED
110.489,063136.80,10.48529500,76.44419600,10.48529502,76.44419598,658052.434,1159432.074,108.00,658052.434,1159432.077,-55.2,11,658052.857,1159431.433,10.48529200,76.44419800,0.366,0.001,10.0,10.0,0.0,18.1,2045,2047,RTK FIXED
110.534,063137.00,10.48529500,76.44419600,10.48529501,76.44419599,658052.434,1159432.074,108.00,658052.434,1159432.076,-55.2,11,658052.857,1159431.433,10.48529200,76.44419800,0.366,-0.000,10.0,10.0,0.0,18.6,2047,2046,RTK FIXED
110.588,063137.00,10.48529500,76.44419600,10.48529501,76.44419599,658052.434,1159432.074,108.00,658052.434,1159432.075,-55.2,11,658052.857,1159431.433,10.48529200,76.44419800,0.366,-0.000,10.0,10.0,0.0,18.6,2047,2046,RTK FIXED
110.635,063137.20,10.48529400,76.44419600,10.48529460,76.44419600,658052.434,1159431.963,108.00,658052.434,1159432.030,-58.7,11,658052.857,1159431.433,10.48529200,76.44419800,0.366,0.015,9.8,10.0,0.0,18.0,1996,2047,RTK FIXED
110.689,063137.20,10.48529400,76.44419600,10.48529436,76.44419600,658052.434,1159431.963,108.00,658052.434,1159432.003,-58.7,11,658052.857,1159431.433,10.48529200,76.44419800,0.366,0.015,9.8,10.0,-0.5,18.5,1996,2047,RTK FIXED
110.735,063137.20,10.48529400,76.44419600,10.48529422,76.44419600,658052.434,1159431.963,108.00,658052.434,1159431.987,-58.7,11,658052.857,1159431.433,10.48529200,76.44419800,0.366,0.015,9.8,10.0,0.5,19.2,1996,2047,RTK FIXED
110.789,063137.20,10.48529400,76.44419600,10.48529413,76.44419600,658052.434,1159431.963,108.00,658052.434,1159431.978,-58.7,11,658052.857,1159431.433,10.48529200,76.44419800,0.366,0.015,9.8,10.0,0.0,18.0,1996,2047,RTK FIXED
110.835,063137.40,10.48529400,76.44419600,10.48529408,76.44419600,658052.454,1159431.975,108.00,658052.442,1159431.977,-58.7,11,658052.857,1159431.433,10.48529200,76.44419800,0.366,0.021,9.7,10.0,-0.5,18.3,1977,2047,RTK FIXED
110.889,063137.40,10.48529400,76.44419600,10.48529405,76.44419600,658052.454,1159431.975,108.00,658052.447,1159431.976,-58.7,11,658052.857,1159431.433,10.48529200,76.44419800,0.366,0.021,9.7,10.0,0.5,18.7,1977,2047,RTK FIXED
110.935,063137.40,10.48529400,76.44419600,10.48529403,76.44419600,658052.454,1159431.975,108.00,658052.449,1159431.976,-58.7,11,658052.857,1159431.433,10.48529200,76.44419800,0.366,0.021,9.7,10.0,0.0,17.9,1977,2047,RTK FIXED
110.989,063137.40,10.48529400,76.44419600,10.48529402,76.44419600,658052.454,1159431.975,108.00,658052.451,1159431.975,-58.7,11,658052.857,1159431.433,10.48529200,76.44419800,0.366,0.021,9.7,10.0,-0.5,18.0,1977,2047,RTK FIXED
111.043,063137.40,10.48529400,76.44419600,10.48529401,76.44419600,658052.454,1159431.975,108.00,658052.452,1159431.975,-58.7,11,658052.857,1159431.433,10.48529200,76.44419800,0.366,0.021,9.7,10.0,0.5,17.7,1977,2047,RTK FIXED
111.089,063137.40,10.48529400,76.44419600,10.48529401,76.44419600,658052.454,1159431.975,108.00,658052.453,1159431.975,-58.7,11,658052.857,1159431.433,10.48529200,76.44419800,0.366,0.021,9.7,10.0,-0.5,18.3,1977,2047,RTK FIXED
111.143,063137.60,10.48529400,76.44419700,10.48529400,76.44419640,658052.563,1159431.975,108.00,658052.497,1159431.975,-51.9,11,658052.857,1159431.433,10.48529200,76.44419800,0.365,-0.018,10.0,9.7,0.0,17.6,2047,1987,RTK FIXED
111.190,063137.60,10.48529400,76.44419700,10.48529400,76.44419664,658052.563,1159431.975,108.00,658052.523,1159431.975,-51.9,11,658052.857,1159431.433,10.48529200,76.44419800,0.365,-0.018,10.0,9.7,0.0,17.8,2047,1987,RTK FIXED
111.243,063137.60,10.48529400,76.44419700,10.48529400,76.44419678,658052.563,1159431.975,108.00,658052.539,1159431.975,-51.9,11,658052.857,1159431.433,10.48529200,76.44419800,0.365,-0.018,10.0,9.7,0.0,17.7,2047,1987,RTK FIXED
111.290,063137.60,10.48529400,76.44419700,10.48529400,76.44419687,658052.563,1159431.975,108.00,658052.549,1159431.975,-51.9,11,658052.857,1159431.433,10.48529200,76.44419800,0.365,-0.018,10.0,9.7,0.0,17.3,2047,1987,RTK FIXED
111.344,063137.80,10.48529300,76.44419700,10.48529360,76.44419692,658052.527,1159431.841,108.00,658052.540,1159431.922,-51.9,11,658052.857,1159431.433,10.48529200,76.44419800,0.366,-0.019,10.0,9.7,0.0,17.5,2047,1983,RTK FIXED
111.390,063137.80,10.48529300,76.44419700,10.48529336,76.44419695,658052.527,1159431.841,108.00,658052.535,1159431.889,-51.9,11,658052.857,1159431.433,10.48529200,76.44419800,0.366,-0.019,10.0,9.7,0.5,17.0,2047,1983,RTK FIXED
111.443,063137.80,10.48529300,76.44419700,10.48529322,76.44419697,658052.527,1159431.841,108.00,658052.531,1159431.870,-51.9,11,658052.857,1159431.433,10.48529200,76.44419800,0.366,-0.019,10.0,9.7,0.0,17.3,2047,1983,RTK FIXED
111.489,063137.80,10.48529300,76.44419700,10.48529313,76.44419698,658052.527,1159431.841,108.00,658052.529,1159431.858,-51.9,11,658052.857,1159431.433,10.48529200,76.44419800,0.366,-0.019,10.0,9.7,-0.5,17.4,2047,1983,RTK FIXED
111.544,063138.00,10.48529300,76.44419700,10.48529308,76.44419699,658052.527,1159431.841,108.00,658052.528,1159431.851,-59.0,11,658052.857,1159431.433,10.48529200,76.44419800,0.365,0.013,9.8,10.0,0.5,17.3,2003,2047,RTK FIXED
111.589,063138.00,10.48529300,76.44419700,10.48529305,76.44419699,658052.527,1159431.841,108.00,658052.528,1159431.847,-59.0,11,658052.857,1159431.433,10.48529200,76.44419800,0.365,0.013,9.8,10.0,-0.5,17.0,2003,2047,RTK FIXED
111.644,063138.20,10.48529300,76.44419700,10.48529303,76.44419700,658052.565,1159431.866,108.00,658052.543,1159431.855,-59.0,11,658052.857,1159431.433,10.48529200,76.44419800,0.366,0.017,9.7,10.0,0.0,17.4,1991,2047,RTK FIXED
111.698,063138.20,10.48529300,76.44419700,10.48529302,76.44419700,658052.565,1159431.866,108.00,658052.552,1159431.859,-59.0,11,658052.857,1159431.433,10.48529200,76.44419800,0.366,0.017,9.7,10.0,0.5,17.3,1991,2047,RTK FIXED
111.743,063138.20,10.48529300,76.44419700,10.48529301,76.44419700,658052.565,1159431.866,108.00,658052.557,1159431.862,-59.0,11,658052.857,1159431.433,10.48529200,76.44419800,0.366,0.017,9.7,10.0,-0.5,18.1,1991,2047,RTK FIXED
111.798,063138.20,10.48529300,76.44419700,10.48529301,76.44419700,658052.565,1159431.866,108.00,658052.560,1159431.863,-59.0,11,658052.857,1159431.433,10.48529200,76.44419800,0.366,0.017,9.7,10.0,0.0,17.9,1991,2047,RTK FIXED
111.844,063138.40,10.48529200,76.44419700,10.48529260,76.44419700,658052.566,1159431.755,108.00,658052.563,1159431.820,-59.0,11,658052.857,1159431.433,10.48529200,76.44419800,0.365,0.025,9.6,10.0,0.5,17.7,1966,2047,RTK FIXED
111.898,063138.40,10.48529200,76.44419700,10.48529236,76.44419700,658052.566,1159431.755,108.00,658052.564,1159431.794,-59.0,11,658052.857,1159431.433,10.48529200,76.44419800,0.365,0.025,9.6,10.0,0.0,18.2,1966,2047,RTK FIXED
111.943,063138.40,10.48529200,76.44419700,10.48529222,76.44419700,658052.566,1159431.755,108.00,658052.565,1159431.779,-59.0,11,658052.857,1159431.433,10.48529200,76.44419800,0.365,0.025,9.6,10.0,0.0,18.1,1966,2047,RTK FIXED
111.998,063138.40,10.48529200,76.44419700,10.48529213,76.44419700,658052.566,1159431.755,108.00,658052.565,1159431.769,-59.0,11,658052.857,1159431.433,10.48529200,76.44419800,0.365,0.025,9.6,10.0,-0.5,17.7,1966,2047,RTK FIXED
112.044,063138.40,10.48529200,76.44419700,10.48529208,76.44419700,658052.566,1159431.755,108.00,658052.565,1159431.764,-59.0,11,658052.857,1159431.433,10.48529200,76.44419800,0.365,0.025,9.6,10.0,0.0,18.0,1966,2047,RTK FIXED
112.098,063138.40,10.48529200,76.44419700,10.48529205,76.44419700,658052.566,1159431.755,108.00,658052.566,1159431.760,-59.0,11,658052.857,1159431.433,10.48529200,76.44419800,0.365,0.025,9.6,10.0,0.0,17.6,1966,2047,RTK FIXED
112.144,063138.60,10.48529200,76.44419700,10.48529203,76.44419700,658052.566,1159431.755,108.00,658052.566,1159431.758,-61.2,11,658052.857,1159431.433,10.48529200,76.44419800,0.364,0.044,9.3,10.0,0.0,17.9,1904,2047,RTK FIXED
112.197,063138.60,10.48529200,76.44419700,10.48529202,76.44419700,658052.566,1159431.755,108.00,658052.566,1159431.757,-61.2,11,658052.857,1159431.433,10.48529200,76.44419800,0.364,0.044,9.3,10.0,0.0,17.8,1904,2047,RTK FIXED
112.252,063138.60,10.48529200,76.44419700,10.48529201,76.44419700,658052.566,1159431.755,108.00,658052.566,1159431.756,-61.2,11,658052.857,1159431.433,10.48529200,76.44419800,0.364,0.044,9.3,10.0,0.0,18.1,1904,2047,RTK FIXED
112.297,063138.60,10.48529200,76.44419700,10.48529201,76.44419700,658052.566,1159431.755,108.00,658052.566,1159431.756,-61.2,11,658052.857,1159431.433,10.48529200,76.44419800,0.364,0.044,9.3,10.0,0.0,17.8,1904,2047,RTK FIXED
112.352,063138.80,10.48529200,76.44419800,10.48529200,76.44419740,658052.688,1159431.763,108.00,658052.615,1159431.759,-61.2,11,658052.857,1159431.433,10.48529200,76.44419800,0.345,0.033,9.4,10.0,0.5,17.8,1933,2047,RTK FIXED
112.398,063138.80,10.48529200,76.44419800,10.48529200,76.44419764,658052.688,1159431.763,108.00,658052.644,1159431.760,-61.2,11,658052.857,1159431.433,10.48529200,76.44419800,0.345,0.033,9.4,10.0,-0.5,18.0,1933,2047,RTK FIXED
112.452,063138.80,10.48529200,76.44419800,10.48529200,76.44419778,658052.688,1159431.763,108.00,658052.661,1159431.761,-61.2,11,658052.857,1159431.433,10.48529200,76.44419800,0.345,0.033,9.4,10.0,0.5,18.1,1933,2047,RTK FIXED
112.498,063138.80,10.48529200,76.44419800,10.48529200,76.44419787,658052.688,1159431.763,108.00,658052.672,1159431.762,-61.2,11,658052.857,1159431.433,10.48529200,76.44419800,0.345,0.033,9.4,10.0,0.0,17.3,1933,2047,RTK FIXED
112.553,063139.00,10.48529200,76.44419800,10.48529200,76.44419792,658052.688,1159431.763,108.00,658052.678,1159431.762,-47.8,11,658052.857,1159431.433,10.48529200,76.44419800,0.322,-0.044,10.0,9.2,-0.5,18.4,2047,1886,RTK FIXED
112.598,063139.00,10.48529200,76.44419800,10.48529200,76.44419795,658052.688,1159431.763,108.00,658052.682,1159431.762,-47.8,11,658052.857,1159431.433,10.48529200,76.44419800,0.322,-0.044,10.0,9.2,0.0,18.2,2047,1886,RTK FIXED
112.655,063139.20,10.48529100,76.44419800,10.48529160,76.44419797,658052.617,1159431.604,108.00,658052.656,1159431.699,-47.8,12,658053.409,1159430.551,10.48528400,76.44420300,0.364,-0.050,10.0,9.2,0.0,17.5,2047,1884,RTK FIXED
112.698,063139.20,10.48529100,76.44419800,10.48529136,76.44419798,658052.617,1159431.604,108.00,658052.640,1159431.661,-47.8,12,658053.409,1159430.551,10.48528400,76.44420300,0.364,-0.050,10.0,9.2,0.6,16.7,2047,1884,RTK FIXED
112.752,063139.20,10.48529100,76.44419800,10.48529122,76.44419799,658052.617,1159431.604,108.00,658052.631,1159431.638,-47.8,12,658053.409,1159430.551,10.48528400,76.44420300,0.364,-0.050,10.0,9.2,-0.5,17.4,2047,1884,RTK FIXED
112.807,063139.40,10.48529100,76.44419800,10.48529113,76.44419799,658052.617,1159431.604,108.00,658052.625,1159431.624,-62.7,12,658053.409,1159430.551,10.48528400,76.44420300,0.363,0.031,9.5,10.0,0.0,16.8,1946,2047,RTK FIXED
112.853,063139.40,10.48529100,76.44419800,10.48529108,76.44419800,658052.617,1159431.604,108.00,658052.622,1159431.616,-62.7,12,658053.409,1159430.551,10.48528400,76.44420300,0.363,0.031,9.5,10.0,0.5,17.0,1946,2047,RTK FIXED
112.906,063139.40,10.48529100,76.44419800,10.48529105,76.44419800,658052.617,1159431.604,108.00,658052.620,1159431.611,-62.7,12,658053.409,1159430.551,10.48528400,76.44420300,0.363,0.031,9.5,10.0,-0.5,17.7,1946,2047,RTK FIXED
112.953,063139.40,10.48529100,76.44419800,10.48529103,76.44419800,658052.617,1159431.604,108.00,658052.618,1159431.608,-62.7,12,658053.409,1159430.551,10.48528400,76.44420300,0.363,0.031,9.5,10.0,0.5,17.7,1946,2047,RTK FIXED
113.006,063139.40,10.48529100,76.44419800,10.48529102,76.44419800,658052.617,1159431.604,108.00,658052.618,1159431.606,-62.7,12,658053.409,1159430.551,10.48528400,76.44420300,0.363,0.031,9.5,10.0,-0.5,18.1,1946,2047,RTK FIXED
113.052,063139.40,10.48529100,76.44419800,10.48529101,76.44419800,658052.617,1159431.604,108.00,658052.617,1159431.605,-62.7,12,658053.409,1159430.551,10.48528400,76.44420300,0.363,0.031,9.5,10.0,0.6,17.6,1946,2047,RTK FIXED
113.107,063139.60,10.48529100,76.44419800,10.48529101,76.44419800,658052.697,1159431.656,108.00,658052.649,1159431.626,-62.7,12,658053.409,1159430.551,10.48528400,76.44420300,0.364,0.044,9.3,10.0,0.0,17.7,1903,2047,RTK FIXED
113.153,063139.60,10.48529100,76.44419800,10.48529100,76.44419800,658052.697,1159431.656,108.00,658052.668,1159431.638,-62.7,12,658053.409,1159430.551,10.48528400,76.44420300,0.364,0.044,9.3,10.0,0.0,18.1,1903,2047,RTK FIXED
113.206,063139.60,10.48529100,76.44419800,10.48529100,76.44419800,658052.697,1159431.656,108.00,658052.680,1159431.645,-62.7,12,658053.409,1159430.551,10.48528400,76.44420300,0.364,0.044,9.3,10.0,0.0,18.1,1903,2047,RTK FIXED
113.253,063139.60,10.48529100,76.44419800,10.48529100,76.44419800,658052.697,1159431.656,108.00,658052.687,1159431.650,-62.7,12,658053.409,1159430.551,10.48528400,76.44420300,0.364,0.044,9.3,10.0,0.0,18.4,1903,2047,RTK FIXED
113.308,063139.80,10.48529000,76.44419800,10.48529060,76.44419800,658052.698,1159431.546,108.00,658052.691,1159431.608,-62.7,12,658053.409,1159430.551,10.48528400,76.44420300,0.363,0.052,9.2,10.0,0.0,18.5,1880,2047,RTK FIXED
113.353,063139.80,10.48529000,76.44419800,10.48529036,76.44419800,658052.698,1159431.546,108.00,658052.694,1159431.583,-62.7,12,658053.409,1159430.551,10.48528400,76.44420300,0.363,0.052,9.2,10.0,-0.6,18.0,1880,2047,RTK FIXED
113.407,063139.80,10.48529000,76.44419800,10.48529022,76.44419800,658052.698,1159431.546,108.00,658052.695,1159431.568,-62.7,12,658053.409,1159430.551,10.48528400,76.44420300,0.363,0.052,9.2,10.0,0.0,18.3,1880,2047,RTK FIXED
113.461,063139.80,10.48529000,76.44419800,10.48529013,76.44419800,658052.698,1159431.546,108.00,658052.696,1159431.559,-62.7,12,658053.409,1159430.551,10.48528400,76.44420300,0.363,0.052,9.2,10.0,0.0,18.7,1880,2047,RTK FIXED
113.508,063140.00,10.48529000,76.44419900,10.48529008,76.44419840,658052.807,1159431.546,108.00,658052.741,1159431.554,-55.3,12,658053.409,1159430.551,10.48528400,76.44420300,0.366,0.013,9.8,10.0,0.0,18.2,2004,2047,RTK FIXED
113.561,063140.00,10.48529000,76.44419900,10.48529005,76.44419864,658052.807,1159431.546,108.00,658052.767,1159431.551,-55.3,12,658053.409,1159430.551,10.48528400,76.44420300,0.366,0.013,9.8,10.0,0.0,18.2,2004,2047,RTK FIXED
113.607,063140.20,10.48529000,76.44419900,10.48529003,76.44419878,658052.765,1159431.523,108.00,658052.766,1159431.540,-55.3,12,658053.409,1159430.551,10.48528400,76.44420300,0.366,0.003,9.9,10.0,0.0,18.9,2036,2047,RTK FIXED
113.661,063140.20,10.48529000,76.44419900,10.48529002,76.44419887,658052.765,1159431.523,108.00,658052.766,1159431.533,-55.3,12,658053.409,1159430.551,10.48528400,76.44420300,0.366,0.003,9.9,10.0,0.0,18.6,2036,2047,RTK FIXED
113.707,063140.20,10.48529000,76.44419900,10.48529001,76.44419892,658052.765,1159431.523,108.00,658052.765,1159431.529,-55.3,12,658053.409,1159430.551,10.48528400,76.44420300,0.366,0.003,9.9,10.0,0.5,17.9,2036,2047,RTK FIXED
113.761,063140.20,10.48529000,76.44419900,10.48529001,76.44419895,658052.765,1159431.523,108.00,658052.765,1159431.526,-55.3,12,658053.409,1159430.551,10.48528400,76.44420300,0.366,0.003,9.9,10.0,0.0,18.5,2036,2047,RTK FIXED
113.807,063140.40,10.48528900,76.44419900,10.48528960,76.44419897,658052.766,1159431.412,108.00,658052.765,1159431.480,-60.7,12,658053.409,1159430.551,10.48528400,76.44420300,0.365,0.030,9.5,10.0,-0.5,18.4,1949,2047,RTK FIXED
113.861,063140.40,10.48528900,76.44419900,10.48528936,76.44419898,658052.766,1159431.412,108.00,658052.765,1159431.453,-60.7,12,658053.409,1159430.551,10.48528400,76.44420300,0.365,0.030,9.5,10.0,0.0,18.2,1949,2047,RTK FIXED
113.907,063140.40,10.48528900,76.44419900,10.48528922,76.44419899,658052.766,1159431.412,108.00,658052.765,1159431.437,-60.7,12,658053.409,1159430.551,10.48528400,76.44420300,0.365,0.030,9.5,10.0,0.0,18.5,1949,2047,RTK FIXED
113.961,063140.40,10.48528900,76.44419900,10.48528913,76.44419899,658052.766,1159431.412,108.00,658052.766,1159431.427,-60.7,12,658053.409,1159430.551,10.48528400,76.44420300,0.365,0.030,9.5,10.0,0.0,18.9,1949,2047,RTK FIXED
114.015,063140.40,10.48528900,76.44419900,10.48528908,76.44419900,658052.766,1159431.412,108.00,658052.766,1159431.421,-60.7,12,658053.409,1159430.551,10.48528400,76.44420300,0.365,0.030,9.5,10.0,0.5,18.1,1949,2047,RTK FIXED
114.061,063140.40,10.48528900,76.44419900,10.48528905,76.44419900,658052.766,1159431.412,108.00,658052.766,1159431.417,-60.7,12,658053.409,1159430.551,10.48528400,76.44420300,0.365,0.030,9.5,10.0,0.0,18.4,1949,2047,RTK FIXED
114.116,063140.60,10.48528900,76.44419900,10.48528903,76.44419900,658052.796,1159431.430,108.00,658052.778,1159431.422,-60.7,12,658053.409,1159430.551,10.48528400,76.44420300,0.365,0.037,9.4,10.0,-0.5,18.4,1925,2047,RTK FIXED
114.162,063140.60,10.48528900,76.44419900,10.48528902,76.44419900,658052.796,1159431.430,108.00,658052.785,1159431.425,-60.7,12,658053.409,1159430.551,10.48528400,76.44420300,0.365,0.037,9.4,10.0,0.0,18.6,1925,2047,RTK FIXED
114.215,063140.60,10.48528900,76.44419900,10.48528901,76.44419900,658052.796,1159431.430,108.00,658052.789,1159431.427,-60.7,12,658053.409,1159430.551,10.48528400,76.44420300,0.365,0.037,9.4,10.0,0.5,18.1,1925,2047,RTK FIXED
114.262,063140.60,10.48528900,76.44419900,10.48528901,76.44419900,658052.796,1159431.430,108.00,658052.792,1159431.428,-60.7,12,658053.409,1159430.551,10.48528400,76.44420300,0.365,0.037,9.4,10.0,0.0,18.4,1925,2047,RTK FIXED
114.316,063140.80,10.48528900,76.44420000,10.48528900,76.44419940,658052.906,1159431.430,108.00,658052.837,1159431.429,-52.2,12,658053.409,1159430.551,10.48528400,76.44420300,0.365,-0.011,10.0,9.8,-0.5,17.9,2047,2010,RTK FIXED
114.362,063140.80,10.48528900,76.44420000,10.48528900,76.44419964,658052.906,1159431.430,108.00,658052.865,1159431.430,-52.2,12,658053.409,1159430.551,10.48528400,76.44420300,0.365,-0.011,10.0,9.8,0.0,18.0,2047,2010,RTK FIXED
114.415,063140.80,10.48528900,76.44420000,10.48528900,76.44419978,658052.906,1159431.430,108.00,658052.881,1159431.430,-52.2,12,658053.409,1159430.551,10.48528400,76.44420300,0.365,-0.011,10.0,9.8,0.0,17.6,2047,2010,RTK FIXED
114.462,063140.80,10.48528900,76.44420000,10.48528900,76.44419987,658052.906,1159431.430,108.00,658052.891,1159431.430,-52.2,12,658053.409,1159430.551,10.48528400,76.44420300,0.365,-0.011,10.0,9.8,0.0,17.9,2047,2010,RTK FIXED
114.516,063141.00,10.48528800,76.44420000,10.48528860,76.44419992,658052.859,1159431.291,108.00,658052.878,1159431.374,-52.2,12,658053.409,1159430.551,10.48528400,76.44420300,0.366,-0.013,10.0,9.8,0.5,17.5,2047,2003,RTK FIXED
114.571,063141.00,10.48528800,76.44420000,10.48528836,76.44419995,658052.859,1159431.291,108.00,658052.871,1159431.341,-52.2,12,658053.409,1159430.551,10.48528400,76.44420300,0.366,-0.013,10.0,9.8,-0.5,17.3,2047,2003,RTK FIXED
114.616,063141.20,10.48528800,76.44420000,10.48528822,76.44419997,658052.859,1159431.291,108.00,658052.866,1159431.321,-59.9,12,658053.409,1159430.551,10.48528400,76.44420300,0.365,0.023,9.6,10.0,0.0,17.8,1970,2047,RTK FIXED
114.670,063141.20,10.48528800,76.44420000,10.48528813,76.44419998,658052.859,1159431.291,108.00,658052.863,1159431.309,-59.9,12,658053.409,1159430.551,10.48528400,76.44420300,0.365,0.023,9.6,10.0,0.5,17.6,1970,2047,RTK FIXED
114.716,063141.20,10.48528800,76.44420000,10.48528808,76.44419999,658052.859,1159431.291,108.00,658052.862,1159431.301,-59.9,12,658053.409,1159430.551,10.48528400,76.44420300,0.365,0.023,9.6,10.0,0.0,18.0,1970,2047,RTK FIXED
114.770,063141.20,10.48528800,76.44420000,10.48528805,76.44419999,658052.859,1159431.291,108.00,658052.861,1159431.297,-59.9,12,658053.409,1159430.551,10.48528400,76.44420300,0.365,0.023,9.6,10.0,0.0,18.1,1970,2047,RTK FIXED
114.816,063141.40,10.48528800,76.44420000,10.48528803,76.44420000,658052.901,1159431.317,108.00,658052.877,1159431.305,-59.9,12,658053.409,1159430.551,10.48528400,76.44420300,0.365,0.028,9.6,10.0,0.0,17.7,1956,2047,RTK FIXED
114.870,063141.40,10.48528800,76.44420000,10.48528802,76.44420000,658052.901,1159431.317,108.00,658052.887,1159431.310,-59.9,12,658053.409,1159430.551,10.48528400,76.44420300,0.365,0.028,9.6,10.0,0.0,18.2,1956,2047,RTK FIXED
114.915,063141.40,10.48528800,76.44420000,10.48528801,76.44420000,658052.901,1159431.317,108.00,658052.892,1159431.313,-59.9,12,658053.409,1159430.551,10.48528400,76.44420300,0.365,0.028,9.6,10.0,0.0,18.1,1956,2047,RTK FIXED
114.969,063141.40,10.48528800,76.44420000,10.48528801,76.44420000,658052.901,1159431.317,108.00,658052.896,1159431.315,-59.9,12,658053.409,1159430.551,10.48528400,76.44420300,0.365,0.028,9.6,10.0,0.0,17.6,1956,2047,RTK FIXED
115.016,063141.40,10.48528800,76.44420000,10.48528800,76.44420000,658052.901,1159431.317,108.00,658052.898,1159431.316,-59.9,12,658053.409,1159430.551,10.48528400,76.44420300,0.365,0.028,9.6,10.0,0.0,18.2,1956,2047,RTK FIXED
115.069,063141.40,10.48528800,76.44420000,10.48528800,76.44420000,658052.901,1159431.317,108.00,658052.899,1159431.316,-59.9,12,658053.409,1159430.551,10.48528400,76.44420300,0.365,0.028,9.6,10.0,-0.5,17.8,1956,2047,RTK FIXED
115.116,063141.60,10.48528700,76.44420000,10.48528760,76.44420000,658052.902,1159431.207,108.00,658052.900,1159431.272,-59.9,12,658053.409,1159430.551,10.48528400,76.44420300,0.365,0.036,9.4,10.0,0.0,18.1,1931,2047,RTK FIXED
115.170,063141.60,10.48528700,76.44420000,10.48528736,76.44420000,658052.902,1159431.207,108.00,658052.901,1159431.246,-59.9,12,658053.409,1159430.551,10.48528400,76.44420300,0.365,0.036,9.4,10.0,0.5,17.6,1931,2047,RTK FIXED
115.223,063141.60,10.48528700,76.44420000,10.48528722,76.44420000,658052.902,1159431.207,108.00,658052.901,1159431.230,-59.9,12,658053.409,1159430.551,10.48528400,76.44420300,0.365,0.036,9.4,10.0,-0.5,18.3,1931,2047,RTK FIXED
115.270,063141.60,10.48528700,76.44420000,10.48528713,76.44420000,658052.902,1159431.207,108.00,658052.901,1159431.221,-59.9,12,658053.409,1159430.551,10.48528400,76.44420300,0.365,0.036,9.4,10.0,0.0,18.1,1931,2047,RTK FIXED
115.325,063141.80,10.48528700,76.44420100,10.48528708,76.44420040,658053.011,1159431.207,108.00,658052.945,1159431.215,-56.3,12,658053.409,1159430.551,10.48528400,76.44420300,0.366,0.009,9.9,10.0,0.5,18.4,2017,2047,RTK FIXED
115.370,063141.80,10.48528700,76.44420100,10.48528705,76.44420064,658053.011,1159431.207,108.00,658052.972,1159431.212,-56.3,12,658053.409,1159430.551,10.48528400,76.44420300,0.366,0.009,9.9,10.0,-0.6,17.7,2017,2047,RTK FIXED
115.424,063141.80,10.48528700,76.44420100,10.48528703,76.44420078,658053.011,1159431.207,108.00,658052.987,1159431.210,-56.3,12,658053.409,1159430.551,10.48528400,76.44420300,0.366,0.009,9.9,10.0,0.5,17.9,2017,2047,RTK FIXED
115.471,063142.00,10.48528700,76.44420100,10.48528702,76.44420087,658052.991,1159431.195,108.00,658052.989,1159431.204,-56.3,12,658053.409,1159430.551,10.48528400,76.44420300,0.366,0.002,10.0,10.0,0.0,18.2,2040,2047,RTK FIXED
115.524,063142.00,10.48528700,76.44420100,10.48528701,76.44420092,658052.991,1159431.195,108.00,658052.990,1159431.201,-56.3,12,658053.409,1159430.551,10.48528400,76.44420300,0.366,0.002,10.0,10.0,-0.5,17.8,2040,2047,RTK FIXED
115.571,063142.00,10.48528700,76.44420100,10.48528701,76.44420095,658052.991,1159431.195,108.00,658052.990,1159431.199,-56.3,12,658053.409,1159430.551,10.48528400,76.44420300,0.366,0.002,10.0,10.0,0.0,18.8,2040,2047,RTK FIXED
115.625,063142.20,10.48528600,76.44420100,10.48528660,76.44420097,658052.992,1159431.085,108.00,658052.991,1159431.153,-59.1,12,658053.409,1159430.551,10.48528400,76.44420300,0.366,0.018,9.7,10.0,0.0,18.5,1988,2047,RTK FIXED
115.670,063142.20,10.48528600,76.44420100,10.48528636,76.44420098,658052.992,1159431.085,108.00,658052.991,1159431.126,-59.1,12,658053.409,1159430.551,10.48528400,76.44420300,0.366,0.018,9.7,10.0,0.6,18.2,1988,2047,RTK FIXED
115.725,063142.20,10.48528600,76.44420100,10.48528622,76.44420099,658052.992,1159431.085,108.00,658052.991,1159431.109,-59.1,12,658053.409,1159430.551,10.48528400,76.44420300,0.366,0.018,9.7,10.0,0.0,18.4,1988,2047,RTK FIXED
115.778,063142.20,10.48528600,76.44420100,10.48528613,76.44420099,658052.992,1159431.085,108.00,658052.991,1159431.100,-59.1,12,658053.409,1159430.551,10.48528400,76.44420300,0.366,0.018,9.7,10.0,0.0,18.5,1988,2047,RTK FIXED
115.825,063142.40,10.48528600,76.44420100,10.48528608,76.44420100,658053.007,1159431.094,108.00,658052.998,1159431.097,-59.1,12,658053.409,1159430.551,10.48528400,76.44420300,0.365,0.023,9.6,10.0,0.0,18.7,1970,2047,RTK FIXED
115.878,063142.40,10.48528600,76.44420100,10.48528605,76.44420100,658053.007,1159431.094,108.00,658053.001,1159431.096,-59.1,12,658053.409,1159430.551,10.48528400,76.44420300,0.365,0.023,9.6,10.0,-0.5,18.5,1970,2047,RTK FIXED
115.925,063142.40,10.48528600,76.44420100,10.48528603,76.44420100,658053.007,1159431.094,108.00,658053.004,1159431.095,-59.1,12,658053.409,1159430.551,10.48528400,76.44420300,0.365,0.023,9.6,10.0,0.0,18.7,1970,2047,RTK FIXED
115.979,063142.40,10.48528600,76.44420100,10.48528602,76.44420100,658053.007,1159431.094,108.00,658053.005,1159431.095,-59.1,12,658053.409,1159430.551,10.48528400,76.44420300,0.365,0.023,9.6,10.0,0.5,18.1,1970,2047,RTK FIXED
116.025,063142.40,10.48528600,76.44420100,10.48528601,76.44420100,658053.007,1159431.094,108.00,658053.006,1159431.094,-59.1,12,658053.409,1159430.551,10.48528400,76.44420300,0.365,0.023,9.6,10.0,-0.5,18.8,1970,2047,RTK FIXED
116.080,063142.40,10.48528600,76.44420100,10.48528601,76.44420100,658053.007,1159431.094,108.00,658053.006,1159431.094,-59.1,12,658053.409,1159430.551,10.48528400,76.44420300,0.365,0.023,9.6,10.0,0.5,18.3,1970,2047,RTK FIXED
116.125,063142.60,10.48528600,76.44420100,10.48528600,76.44420100,658053.007,1159431.094,108.00,658053.007,1159431.094,-59.1,12,658053.409,1159430.551,10.48528400,76.44420300,0.365,0.026,9.6,10.0,0.0,18.8,1961,2047,RTK FIXED
116.179,063142.60,10.48528600,76.44420100,10.48528600,76.44420100,658053.007,1159431.094,108.00,658053.007,1159431.094,-59.1,12,658053.409,1159430.551,10.48528400,76.44420300,0.365,0.026,9.6,10.0,-0.5,18.1,1961,2047,RTK FIXED
116.225,063142.60,10.48528600,76.44420100,10.48528600,76.44420100,658053.007,1159431.094,108.00,658053.007,1159431.094,-59.1,12,658053.409,1159430.551,10.48528400,76.44420300,0.365,0.026,9.6,10.0,0.0,19.1,1961,2047,RTK FIXED
116.279,063142.60,10.48528600,76.44420100,10.48528600,76.44420100,658053.007,1159431.094,108.00,658053.007,1159431.094,-59.1,12,658053.409,1159430.551,10.48528400,76.44420300,0.365,0.026,9.6,10.0,0.5,18.2,1961,2047,RTK FIXED
116.334,063142.80,10.48528600,76.44420200,10.48528600,76.44420140,658053.116,1159431.094,108.00,658053.051,1159431.094,-53.4,12,658053.409,1159430.551,10.48528400,76.44420300,0.366,-0.008,10.0,9.9,-0.5,19.0,2047,2021,RTK FIXED
116.379,063142.80,10.48528600,76.44420200,10.48528600,76.44420164,658053.116,1159431.094,108.00,658053.077,1159431.094,-53.4,12,658053.409,1159430.551,10.48528400,76.44420300,0.366,-0.008,10.0,9.9,0.0,18.6,2047,2021,RTK FIXED
116.433,063142.80,10.48528600,76.44420200,10.48528600,76.44420178,658053.116,1159431.094,108.00,658053.093,1159431.094,-53.4,12,658053.409,1159430.551,10.48528400,76.44420300,0.366,-0.008,10.0,9.9,0.0,18.4,2047,2021,RTK FIXED
116.479,063142.80,10.48528600,76.44420200,10.48528600,76.44420187,658053.116,1159431.094,108.00,658053.102,1159431.094,-53.4,12,658053.409,1159430.551,10.48528400,76.44420300,0.366,-0.008,10.0,9.9,0.0,18.6,2047,2021,RTK FIXED
116.533,063143.00,10.48528500,76.44420200,10.48528560,76.44420192,658053.086,1159430.964,108.00,658053.096,1159431.042,-53.4,12,658053.409,1159430.551,10.48528400,76.44420300,0.366,-0.009,10.0,9.9,0.5,18.4,2047,2017,RTK FIXED
116.580,063143.00,10.48528500,76.44420200,10.48528536,76.44420195,658053.086,1159430.964,108.00,658053.092,1159431.011,-53.4,12,658053.409,1159430.551,10.48528400,76.44420300,0.366,-0.009,10.0,9.9,0.0,18.3,2047,2017,RTK FIXED
116.634,063143.20,10.48528500,76.44420200,10.48528522,76.44420197,658053.086,1159430.964,108.00,658053.090,1159430.992,-59.5,12,658053.409,1159430.551,10.48528400,76.44420300,0.365,0.016,9.7,10.0,-0.5,19.0,1993,2047,RTK FIXED
116.679,063143.20,10.48528500,76.44420200,10.48528513,76.44420198,658053.086,1159430.964,108.00,658053.088,1159430.981,-59.5,12,658053.409,1159430.551,10.48528400,76.44420300,0.365,0.016,9.7,10.0,0.5,18.6,1993,2047,RTK FIXED
116.733,063143.20,10.48528500,76.44420200,10.48528508,76.44420199,658053.086,1159430.964,108.00,658053.087,1159430.974,-59.5,12,658053.409,1159430.551,10.48528400,76.44420300,0.365,0.016,9.7,10.0,0.0,19.4,1993,2047,RTK FIXED
116.780,063143.20,10.48528500,76.44420200,10.48528505,76.44420199,658053.086,1159430.964,108.00,658053.087,1159430.970,-59.5,12,658053.409,1159430.551,10.48528400,76.44420300,0.365,0.016,9.7,10.0,-0.5,19.2,1993,2047,RTK FIXED
116.834,063143.40,10.48528500,76.44420200,10.48528503,76.44420200,658053.119,1159430.985,108.00,658053.100,1159430.976,-59.5,12,658053.409,1159430.551,10.48528400,76.44420300,0.366,0.019,9.7,10.0,0.5,18.3,1986,2047,RTK FIXED
116.887,063143.40,10.48528500,76.44420200,10.48528502,76.44420200,658053.119,1159430.985,108.00,658053.108,1159430.980,-59.5,12,658053.409,1159430.551,10.48528400,76.44420300,0.366,0.019,9.7,10.0,-0.5,18.2,1986,2047,RTK FIXED
116.933,063143.40,10.48528500,76.44420200,10.48528501,76.44420200,658053.119,1159430.985,108.00,658053.112,1159430.982,-59.5,12,658053.409,1159430.551,10.48528400,76.44420300,0.366,0.019,9.7,10.0,0.5,19.0,1986,2047,RTK FIXED
116.987,063143.40,10.48528500,76.44420200,10.48528501,76.44420200,658053.119,1159430.985,108.00,658053.115,1159430.983,-59.5,12,658053.409,1159430.551,10.48528400,76.44420300,0.366,0.019,9.7,10.0,-0.5,18.5,1986,2047,RTK FIXED
117.034,063143.40,10.48528500,76.44420200,10.48528500,76.44420200,658053.119,1159430.985,108.00,658053.117,1159430.984,-59.5,12,658053.409,1159430.551,10.48528400,76.44420300,0.366,0.019,9.7,10.0,0.0,18.9,1986,2047,RTK FIXED
117.087,063143.40,10.48528500,76.44420200,10.48528500,76.44420200,658053.119,1159430.985,108.00,658053.118,1159430.984,-59.5,12,658053.409,1159430.551,10.48528400,76.44420300,0.366,0.019,9.7,10.0,0.0,18.5,1986,2047,RTK FIXED
117.134,063143.60,10.48528400,76.44420300,10.48528460,76.44420240,658053.229,1159430.875,108.00,658053.162,1159430.941,-53.8,12,658053.409,1159430.551,10.48528400,76.44420300,0.366,-0.008,10.0,9.9,0.0,18.7,2047,2019,RTK FIXED
117.187,063143.60,10.48528400,76.44420300,10.48528436,76.44420264,658053.229,1159430.875,108.00,658053.189,1159430.914,-53.8,12,658053.409,1159430.551,10.48528400,76.44420300,0.366,-0.008,10.0,9.9,0.5,18.5,2047,2019,RTK FIXED
117.234,063143.60,10.48528400,76.44420300,10.48528422,76.44420278,658053.229,1159430.875,108.00,658053.205,1159430.899,-53.8,12,658053.409,1159430.551,10.48528400,76.44420300,0.366,-0.008,10.0,9.9,-0.5,18.2,2047,2019,RTK FIXED
117.287,063143.60,10.48528400,76.44420300,10.48528413,76.44420287,658053.229,1159430.875,108.00,658053.215,1159430.889,-53.8,12,658053.409,1159430.551,10.48528400,76.44420300,0.366,-0.008,10.0,9.9,0.0,18.6,2047,2019,RTK FIXED
117.334,063143.80,10.48528400,76.44420300,10.48528408,76.44420292,658053.198,1159430.856,108.00,658053.208,1159430.876,-53.8,12,658053.409,1159430.551,10.48528400,76.44420300,0.349,-0.014,10.0,9.8,0.0,19.2,2047,1999,RTK FIXED
117.387,063143.80,10.48528400,76.44420300,10.48528405,76.44420295,658053.198,1159430.856,108.00,658053.204,1159430.868,-53.8,12,658053.409,1159430.551,10.48528400,76.44420300,0.349,-0.014,10.0,9.8,0.5,19.0,2047,1999,RTK FIXED
117.434,063143.80,10.48528400,76.44420300,10.48528403,76.44420297,658053.198,1159430.856,108.00,658053.202,1159430.863,-53.8,12,658053.409,1159430.551,10.48528400,76.44420300,0.349,-0.014,10.0,9.8,-0.5,18.7,2047,1999,RTK FIXED
117.489,063143.80,10.48528400,76.44420300,10.48528402,76.44420298,658053.198,1159430.856,108.00,658053.200,1159430.860,-53.8,12,658053.409,1159430.551,10.48528400,76.44420300,0.349,-0.014,10.0,9.8,0.5,18.7,2047,1999,RTK FIXED
117.542,063144.00,10.48528400,76.44420300,10.48528401,76.44420299,658053.198,1159430.856,108.00,658053.200,1159430.858,-53.8,12,658053.409,1159430.551,10.48528400,76.44420300,0.328,-0.015,10.0,9.7,0.0,17.7,2047,1993,RTK FIXED
117.587,063144.00,10.48528400,76.44420300,10.48528401,76.44420299,658053.198,1159430.856,108.00,658053.199,1159430.857,-53.8,12,658053.409,1159430.551,10.48528400,76.44420300,0.328,-0.015,10.0,9.7,-0.6,17.7,2047,1993,RTK FIXED
117.644,063144.20,10.48528300,76.44420300,10.48528360,76.44420300,658053.199,1159430.745,108.00,658053.199,1159430.812,-59.0,13,658053.960,1159429.669,10.48527600,76.44420800,0.366,0.006,9.9,10.0,0.4,17.5,2026,2047,RTK FIXED
117.688,063144.20,10.48528300,76.44420300,10.48528336,76.44420300,658053.199,1159430.745,108.00,658053.199,1159430.786,-59.0,13,658053.960,1159429.669,10.48527600,76.44420800,0.366,0.006,9.9,10.0,0.0,17.2,2026,2047,RTK FIXED
117.742,063144.20,10.48528300,76.44420300,10.48528322,76.44420300,658053.199,1159430.745,108.00,658053.199,1159430.769,-59.0,13,658053.960,1159429.669,10.48527600,76.44420800,0.366,0.006,9.9,10.0,0.0,17.6,2026,2047,RTK FIXED
117.788,063144.20,10.48528300,76.44420300,10.48528313,76.44420300,658053.199,1159430.745,108.00,658053.199,1159430.760,-59.0,13,658053.960,1159429.669,10.48527600,76.44420800,0.366,0.006,9.9,10.0,-0.5,17.4,2026,2047,RTK FIXED
117.843,063144.40,10.48528300,76.44420300,10.48528308,76.44420300,658053.227,1159430.763,108.00,658053.210,1159430.761,-59.0,13,658053.960,1159429.669,10.48527600,76.44420800,0.366,0.012,9.8,10.0,0.0,18.3,2006,2047,RTK FIXED
117.888,063144.40,10.48528300,76.44420300,10.48528305,76.44420300,658053.227,1159430.763,108.00,658053.217,1159430.762,-59.0,13,658053.960,1159429.669,10.48527600,76.44420800,0.366,0.012,9.8,10.0,0.0,18.1,2006,2047,RTK FIXED
117.942,063144.40,10.48528300,76.44420300,10.48528303,76.44420300,658053.227,1159430.763,108.00,658053.221,1159430.762,-59.0,13,658053.960,1159429.669,10.48527600,76.44420800,0.366,0.012,9.8,10.0,0.0,18.1,2006,2047,RTK FIXED
117.988,063144.40,10.48528300,76.44420300,10.48528302,76.44420300,658053.227,1159430.763,108.00,658053.223,1159430.762,-59.0,13,658053.960,1159429.669,10.48527600,76.44420800,0.366,0.012,9.8,10.0,0.5,18.0,2006,2047,RTK FIXED
118.043,063144.40,10.48528300,76.44420300,10.48528301,76.44420300,658053.227,1159430.763,108.00,658053.225,1159430.763,-59.0,13,658053.960,1159429.669,10.48527600,76.44420800,0.366,0.012,9.8,10.0,-0.5,17.9,2006,2047,RTK FIXED
118.096,063144.40,10.48528300,76.44420300,10.48528301,76.44420300,658053.227,1159430.763,108.00,658053.226,1159430.763,-59.0,13,658053.960,1159429.669,10.48527600,76.44420800,0.366,0.012,9.8,10.0,0.0,18.2,2006,2047,RTK FIXED
118.143,063144.60,10.48528300,76.44420400,10.48528300,76.44420340,658053.336,1159430.763,108.00,658053.270,1159430.763,-51.1,13,658053.960,1159429.669,10.48527600,76.44420800,0.364,-0.029,10.0,9.5,0.5,17.7,2047,1950,RTK FIXED
118.196,063144.60,10.48528300,76.44420400,10.48528300,76.44420364,658053.336,1159430.763,108.00,658053.296,1159430.763,-51.1,13,658053.960,1159429.669,10.48527600,76.44420800,0.364,-0.029,10.0,9.5,0.0,18.3,2047,1950,RTK FIXED
118.242,063144.60,10.48528300,76.44420400,10.48528300,76.44420378,658053.336,1159430.763,108.00,658053.312,1159430.763,-51.1,13,658053.960,1159429.669,10.48527600,76.44420800,0.364,-0.029,10.0,9.5,0.0,17.3,2047,1950,RTK FIXED
118.296,063144.60,10.48528300,76.44420400,10.48528300,76.44420387,658053.336,1159430.763,108.00,658053.322,1159430.763,-51.1,13,658053.960,1159429.669,10.48527600,76.44420800,0.364,-0.029,10.0,9.5,-0.5,17.2,2047,1950,RTK FIXED
118.343,063144.80,10.48528300,76.44420400,10.48528300,76.44420392,658053.294,1159430.735,108.00,658053.311,1159430.752,-51.1,13,658053.960,1159429.669,10.48527600,76.44420800,0.364,-0.040,10.0,9.4,0.0,16.6,2047,1915,RTK FIXED
118.397,063144.80,10.48528300,76.44420400,10.48528300,76.44420395,658053.294,1159430.735,108.00,658053.304,1159430.745,-51.1,13,658053.960,1159429.669,10.48527600,76.44420800,0.364,-0.040,10.0,9.4,0.0,16.8,2047,1915,RTK FIXED
118.442,063144.80,10.48528300,76.44420400,10.48528300,76.44420397,658053.294,1159430.735,108.00,658053.300,1159430.741,-51.1,13,658053.960,1159429.669,10.48527600,76.44420800,0.364,-0.040,10.0,9.4,0.5,17.0,2047,1915,RTK FIXED
118.497,063144.80,10.48528300,76.44420400,10.48528300,76.44420398,658053.294,1159430.735,108.00,658053.297,1159430.739,-51.1,13,658053.960,1159429.669,10.48527600,76.44420800,0.364,-0.040,10.0,9.4,0.0,17.4,2047,1915,RTK FIXED
118.542,063145.00,10.48528200,76.44420400,10.48528260,76.44420399,658053.294,1159430.625,108.00,658053.296,1159430.693,-57.6,13,658053.960,1159429.669,10.48527600,76.44420800,0.366,-0.010,10.0,9.8,-0.5,17.4,2047,2013,RTK FIXED
118.596,063145.00,10.48528200,76.44420400,10.48528236,76.44420399,658053.294,1159430.625,108.00,658053.295,1159430.666,-57.6,13,658053.960,1159429.669,10.48527600,76.44420800,0.366,-0.010,10.0,9.8,0.0,16.8,2047,2013,RTK FIXED
118.650,063145.00,10.48528200,76.44420400,10.48528222,76.44420400,658053.294,1159430.625,108.00,658053.295,1159430.649,-57.6,13,658053.960,1159429.669,10.48527600,76.44420800,0.366,-0.010,10.0,9.8,0.0,17.0,2047,2013,RTK FIXED
118.696,063145.00,10.48528200,76.44420400,10.48528213,76.44420400,658053.294,1159430.625,108.00,658053.295,1159430.639,-57.6,13,658053.960,1159429.669,10.48527600,76.44420800,0.366,-0.010,10.0,9.8,0.5,17.0,2047,2013,RTK FIXED
118.751,063145.20,10.48528200,76.44420400,10.48528208,76.44420400,658053.329,1159430.648,108.00,658053.308,1159430.643,-57.6,13,658053.960,1159429.669,10.48527600,76.44420800,0.366,-0.003,10.0,10.0,0.0,16.8,2047,2039,RTK FIXED
118.796,063145.20,10.48528200,76.44420400,10.48528205,76.44420400,658053.329,1159430.648,108.00,658053.317,1159430.645,-57.6,13,658053.960,1159429.669,10.48527600,76.44420800,0.366,-0.003,10.0,10.0,-0.6,17.2,2047,2039,RTK FIXED
118.851,063145.40,10.48528200,76.44420400,10.48528203,76.44420400,658053.329,1159430.648,108.00,658053.322,1159430.646,-57.6,13,658053.960,1159429.669,10.48527600,76.44420800,0.366,-0.001,10.0,10.0,0.0,17.7,2047,2045,RTK FIXED
118.897,063145.40,10.48528200,76.44420400,10.48528202,76.44420400,658053.329,1159430.648,108.00,658053.325,1159430.647,-57.6,13,658053.960,1159429.669,10.48527600,76.44420800,0.366,-0.001,10.0,10.0,0.5,18.0,2047,2045,RTK FIXED
118.951,063145.40,10.48528200,76.44420400,10.48528201,76.44420400,658053.329,1159430.648,108.00,658053.326,1159430.648,-57.6,13,658053.960,1159429.669,10.48527600,76.44420800,0.366,-0.001,10.0,10.0,0.0,18.1,2047,2045,RTK FIXED
118.997,063145.40,10.48528200,76.44420400,10.48528201,76.44420400,658053.329,1159430.648,108.00,658053.328,1159430.648,-57.6,13,658053.960,1159429.669,10.48527600,76.44420800,0.366,-0.001,10.0,10.0,0.0,18.3,2047,2045,RTK FIXED
119.051,063145.60,10.48528100,76.44420400,10.48528160,76.44420400,658053.330,1159430.538,108.00,658053.328,1159430.604,-60.6,13,658053.960,1159429.669,10.48527600,76.44420800,0.365,0.023,9.6,10.0,0.0,18.5,1970,2047,RTK FIXED
119.098,063145.60,10.48528100,76.44420400,10.48528136,76.44420400,658053.330,1159430.538,108.00,658053.329,1159430.577,-60.6,13,658053.960,1159429.669,10.48527600,76.44420800,0.365,0.023,9.6,10.0,0.0,17.8,1970,2047,RTK FIXED
119.151,063145.60,10.48528100,76.44420400,10.48528122,76.44420400,658053.330,1159430.538,108.00,658053.329,1159430.561,-60.6,13,658053.960,1159429.669,10.48527600,76.44420800,0.365,0.023,9.6,10.0,-0.5,18.2,1970,2047,RTK FIXED
119.205,063145.60,10.48528100,76.44420400,10.48528113,76.44420400,658053.330,1159430.538,108.00,658053.329,1159430.552,-60.6,13,658053.960,1159429.669,10.48527600,76.44420800,0.365,0.023,9.6,10.0,0.0,18.0,1970,2047,RTK FIXED
119.250,063145.60,10.48528100,76.44420400,10.48528108,76.44420400,658053.330,1159430.538,108.00,658053.329,1159430.546,-60.6,13,658053.960,1159429.669,10.48527600,76.44420800,0.365,0.023,9.6,10.0,0.0,17.8,1970,2047,RTK FIXED
119.305,063145.60,10.48528100,76.44420400,10.48528105,76.44420400,658053.330,1159430.538,108.00,658053.330,1159430.543,-60.6,13,658053.960,1159429.669,10.48527600,76.44420800,0.365,0.023,9.6,10.0,0.0,18.6,1970,2047,RTK FIXED
119.351,063145.80,10.48528100,76.44420500,10.48528103,76.44420440,658053.456,1159430.548,108.00,658053.380,1159430.545,-60.6,13,658053.960,1159429.669,10.48527600,76.44420800,0.366,0.018,9.7,10.0,0.0,18.3,1988,2047,RTK FIXED
119.405,063145.80,10.48528100,76.44420500,10.48528102,76.44420464,658053.456,1159430.548,108.00,658053.410,1159430.546,-60.6,13,658053.960,1159429.669,10.48527600,76.44420800,0.366,0.018,9.7,10.0,0.5,18.2,1988,2047,RTK FIXED
119.451,063145.80,10.48528100,76.44420500,10.48528101,76.44420478,658053.456,1159430.548,108.00,658053.429,1159430.547,-60.6,13,658053.960,1159429.669,10.48527600,76.44420800,0.366,0.018,9.7,10.0,0.0,18.0,1988,2047,RTK FIXED
119.506,063145.80,10.48528100,76.44420500,10.48528101,76.44420487,658053.456,1159430.548,108.00,658053.440,1159430.547,-60.6,13,658053.960,1159429.669,10.48527600,76.44420800,0.366,0.018,9.7,10.0,0.0,18.7,1988,2047,RTK FIXED
119.552,063146.00,10.48528000,76.44420500,10.48528060,76.44420492,658053.456,1159430.437,108.00,658053.446,1159430.503,-56.0,13,658053.960,1159429.669,10.48527600,76.44420800,0.366,0.004,9.9,10.0,-0.5,18.0,2032,2047,RTK FIXED
119.605,063146.00,10.48528000,76.44420500,10.48528036,76.44420495,658053.456,1159430.437,108.00,658053.450,1159430.477,-56.0,13,658053.960,1159429.669,10.48527600,76.44420800,0.366,0.004,9.9,10.0,0.5,18.7,2032,2047,RTK FIXED
119.651,063146.00,10.48528000,76.44420500,10.48528022,76.44420497,658053.456,1159430.437,108.00,658053.453,1159430.461,-56.0,13,658053.960,1159429.669,10.48527600,76.44420800,0.366,0.004,9.9,10.0,-0.5,18.4,2032,2047,RTK FIXED
119.706,063146.20,10.48528000,76.44420500,10.48528013,76.44420498,658053.431,1159430.422,108.00,658053.444,1159430.445,-56.0,13,658053.960,1159429.669,10.48527600,76.44420800,0.366,0.001,10.0,10.0,0.0,18.4,2043,2047,RTK FIXED
119.751,063146.20,10.48528000,76.44420500,10.48528008,76.44420499,658053.431,1159430.422,108.00,658053.439,1159430.436,-56.0,13,658053.960,1159429.669,10.48527600,76.44420800,0.366,0.001,10.0,10.0,0.6,18.7,2043,2047,RTK FIXED
119.805,063146.20,10.48528000,76.44420500,10.48528005,76.44420499,658053.431,1159430.422,108.00,658053.436,1159430.430,-56.0,13,658053.960,1159429.669,10.48527600,76.44420800,0.366,0.001,10.0,10.0,0.0,18.9,2043,2047,RTK FIXED
119.859,063146.20,10.48528000,76.44420500,10.48528003,76.44420500,658053.431,1159430.422,108.00,658053.434,1159430.427,-56.0,13,658053.960,1159429.669,10.48527600,76.44420800,0.366,0.001,10.0,10.0,-0.5,18.6,2043,2047,RTK FIXED
119.906,063146.20,10.48528000,76.44420500,10.48528002,76.44420500,658053.431,1159430.422,108.00,658053.433,1159430.425,-56.0,13,658053.960,1159429.669,10.48527600,76.44420800,0.366,0.001,10.0,10.0,0.5,19.2,2043,2047,RTK FIXED
119.960,063146.40,10.48528000,76.44420500,10.48528001,76.44420500,658053.431,1159430.422,108.00,658053.432,1159430.424,-56.0,13,658053.960,1159429.669,10.48527600,76.44420800,0.366,0.000,10.0,10.0,-0.5,18.6,2046,2047,RTK FIXED
120.006,063146.40,10.48528000,76.44420500,10.48528001,76.44420500,658053.431,1159430.422,108.00,658053.431,1159430.423,-56.0,13,658053.960,1159429.669,10.48527600,76.44420800,0.366,0.000,10.0,10.0,0.5,19.1,2046,2047,RTK FIXED
120.060,063146.40,10.48528000,76.44420500,10.48528000,76.44420500,658053.431,1159430.422,108.00,658053.431,1159430.423,-56.0,13,658053.960,1159429.669,10.48527600,76.44420800,0.366,0.000,10.0,10.0,0.0,19.0,2046,2047,RTK FIXED
120.106,063146.40,10.48528000,76.44420500,10.48528000,76.44420500,658053.431,1159430.422,108.00,658053.431,1159430.422,-56.0,13,658053.960,1159429.669,10.48527600,76.44420800,0.366,0.000,10.0,10.0,0.0,19.0,2046,2047,RTK FIXED
120.160,063146.60,10.48527900,76.44420500,10.48527960,76.44420500,658053.431,1159430.312,108.00,658053.431,1159430.378,-63.6,13,658053.960,1159429.669,10.48527600,76.44420800,0.361,0.054,9.1,10.0,0.0,19.8,1872,2047,RTK FIXED
120.206,063146.60,10.48527900,76.44420500,10.48527936,76.44420500,658053.431,1159430.312,108.00,658053.431,1159430.351,-63.6,13,658053.960,1159429.669,10.48527600,76.44420800,0.361,0.054,9.1,10.0,-0.5,19.6,1872,2047,RTK FIXED
120.259,063146.60,10.48527900,76.44420500,10.48527922,76.44420500,658053.431,1159430.312,108.00,658053.431,1159430.335,-63.6,13,658053.960,1159429.669,10.48527600,76.44420800,0.361,0.054,9.1,10.0,0.0,19.2,1872,2047,RTK FIXED
120.306,063146.80,10.48527900,76.44420600,10.48527913,76.44420540,658053.584,1159430.336,108.00,658053.492,1159430.336,-63.6,13,658053.960,1159429.669,10.48527600,76.44420800,0.364,0.050,9.2,10.0,0.5,18.0,1884,2047,RTK FIXED
120.359,063146.80,10.48527900,76.44420600,10.48527908,76.44420564,658053.584,1159430.336,108.00,658053.529,1159430.336,-63.6,13,658053.960,1159429.669,10.48527600,76.44420800,0.364,0.050,9.2,10.0,-0.5,18.5,1884,2047,RTK FIXED
120.414,063147.00,10.48527900,76.44420600,10.48527905,76.44420578,658053.584,1159430.336,108.00,658053.551,1159430.336,-51.3,13,658053.960,1159429.669,10.48527600,76.44420800,0.364,-0.019,10.0,9.7,0.0,18.2,2047,1982,RTK FIXED
120.459,063147.00,10.48527900,76.44420600,10.48527903,76.44420587,658053.584,1159430.336,108.00,658053.564,1159430.336,-51.3,13,658053.960,1159429.669,10.48527600,76.44420800,0.364,-0.019,10.0,9.7,0.0,18.3,2047,1982,RTK FIXED
120.514,063147.00,10.48527900,76.44420600,10.48527902,76.44420592,658053.584,1159430.336,108.00,658053.572,1159430.336,-51.3,13,658053.960,1159429.669,10.48527600,76.44420800,0.364,-0.019,10.0,9.7,0.5,18.3,2047,1982,RTK FIXED
120.560,063147.00,10.48527900,76.44420600,10.48527901,76.44420595,658053.584,1159430.336,108.00,658053.577,1159430.336,-51.3,13,658053.960,1159429.669,10.48527600,76.44420800,0.364,-0.019,10.0,9.7,-0.5,17.4,2047,1982,RTK FIXED
120.614,063147.20,10.48527900,76.44420600,10.48527901,76.44420597,658053.516,1159430.295,108.00,658053.553,1159430.319,-51.3,13,658053.960,1159429.669,10.48527600,76.44420800,0.365,-0.030,10.0,9.5,0.5,18.0,2047,1950,RTK FIXED
120.660,063147.20,10.48527900,76.44420600,10.48527900,76.44420598,658053.516,1159430.295,108.00,658053.538,1159430.309,-51.3,13,658053.960,1159429.669,10.48527600,76.44420800,0.365,-0.030,10.0,9.5,-0.5,17.3,2047,1950,RTK FIXED
120.714,063147.20,10.48527900,76.44420600,10.48527900,76.44420599,658053.516,1159430.295,108.00,658053.529,1159430.303,-51.3,13,658053.960,1159429.669,10.48527600,76.44420800,0.365,-0.030,10.0,9.5,0.0,17.6,2047,1950,RTK FIXED
120.760,063147.20,10.48527900,76.44420600,10.48527900,76.44420599,658053.516,1159430.295,108.00,658053.524,1159430.300,-51.3,13,658053.960,1159429.669,10.48527600,76.44420800,0.365,-0.030,10.0,9.5,0.0,18.1,2047,1950,RTK FIXED
120.815,063147.40,10.48527800,76.44420600,10.48527860,76.44420600,658053.516,1159430.184,108.00,658053.521,1159430.254,-64.3,13,658053.960,1159429.669,10.48527600,76.44420800,0.362,0.045,9.3,10.0,0.5,18.5,1900,2047,RTK FIXED
120.869,063147.40,10.48527800,76.44420600,10.48527836,76.44420600,658053.516,1159430.184,108.00,658053.519,1159430.226,-64.3,13,658053.960,1159429.669,10.48527600,76.44420800,0.362,0.045,9.3,10.0,0.0,17.4,1900,2047,RTK FIXED
120.915,063147.40,10.48527800,76.44420600,10.48527822,76.44420600,658053.516,1159430.184,108.00,658053.518,1159430.209,-64.3,13,658053.960,1159429.669,10.48527600,76.44420800,0.362,0.045,9.3,10.0,0.0,17.4,1900,2047,RTK FIXED
120.968,063147.40,10.48527800,76.44420600,10.48527813,76.44420600,658053.516,1159430.184,108.00,658053.517,1159430.199,-64.3,13,658053.960,1159429.669,10.48527600,76.44420800,0.362,0.045,9.3,10.0,0.0,17.2,1900,2047,RTK FIXED
121.015,063147.60,10.48527800,76.44420700,10.48527808,76.44420640,658053.698,1159430.227,108.00,658053.590,1159430.210,-64.3,13,658053.960,1159429.669,10.48527600,76.44420800,0.364,0.042,9.3,10.0,0.0,17.1,1909,2047,RTK FIXED
121.068,063147.60,10.48527800,76.44420700,10.48527805,76.44420664,658053.698,1159430.227,108.00,658053.633,1159430.217,-64.3,13,658053.960,1159429.669,10.48527600,76.44420800,0.364,0.042,9.3,10.0,-0.5,18.0,1909,2047,RTK FIXED
121.114,063147.60,10.48527800,76.44420700,10.48527803,76.44420678,658053.698,1159430.227,108.00,658053.659,1159430.221,-64.3,13,658053.960,1159429.669,10.48527600,76.44420800,0.364,0.042,9.3,10.0,0.0,18.1,1909,2047,RTK FIXED
121.169,063147.60,10.48527800,76.44420700,10.48527802,76.44420687,658053.698,1159430.227,108.00,658053.675,1159430.224,-64.3,13,658053.960,1159429.669,10.48527600,76.44420800,0.364,0.042,9.3,10.0,0.0,18.1,1909,2047,RTK FIXED
121.214,063147.60,10.48527800,76.44420700,10.48527801,76.44420692,658053.698,1159430.227,108.00,658053.684,1159430.225,-64.3,13,658053.960,1159429.669,10.48527600,76.44420800,0.364,0.042,9.3,10.0,0.5,17.3,1909,2047,RTK FIXED
121.269,063147.60,10.48527800,76.44420700,10.48527801,76.44420695,658053.698,1159430.227,108.00,658053.690,1159430.226,-64.3,13,658053.960,1159429.669,10.48527600,76.44420800,0.364,0.042,9.3,10.0,-0.5,18.1,1909,2047,RTK FIXED
121.315,063147.80,10.48527800,76.44420700,10.48527800,76.44420697,658053.698,1159430.227,108.00,658053.693,1159430.227,-49.4,13,658053.960,1159429.669,10.48527600,76.44420800,0.361,-0.045,10.0,9.3,0.5,17.9,2047,1899,RTK FIXED
121.369,063147.80,10.48527800,76.44420700,10.48527800,76.44420698,658053.698,1159430.227,108.00,658053.695,1159430.227,-49.4,13,658053.960,1159429.669,10.48527600,76.44420800,0.361,-0.045,10.0,9.3,0.0,17.6,2047,1899,RTK FIXED
121.422,063147.80,10.48527800,76.44420700,10.48527800,76.44420699,658053.698,1159430.227,108.00,658053.696,1159430.227,-49.4,13,658053.960,1159429.669,10.48527600,76.44420800,0.361,-0.045,10.0,9.3,-0.5,17.6,2047,1899,RTK FIXED
121.469,063147.80,10.48527800,76.44420700,10.48527800,76.44420699,658053.698,1159430.227,108.00,658053.697,1159430.227,-49.4,13,658053.960,1159429.669,10.48527600,76.44420800,0.361,-0.045,10.0,9.3,0.5,17.3,2047,1899,RTK FIXED
121.523,063148.00,10.48527700,76.44420700,10.48527760,76.44420700,658053.617,1159430.066,108.00,658053.665,1159430.163,-49.4,13,658053.960,1159429.669,10.48527600,76.44420800,0.364,-0.048,10.0,9.2,-0.5,16.1,2047,1890,RTK FIXED
121.569,063148.00,10.48527700,76.44420700,10.48527736,76.44420700,658053.617,1159430.066,108.00,658053.646,1159430.124,-49.4,13,658053.960,1159429.669,10.48527600,76.44420800,0.364,-0.048,10.0,9.2,0.5,17.0,2047,1890,RTK FIXED
121.623,063148.00,10.48527700,76.44420700,10.48527722,76.44420700,658053.617,1159430.066,108.00,658053.634,1159430.101,-49.4,13,658053.960,1159429.669,10.48527600,76.44420800,0.364,-0.048,10.0,9.2,0.0,15.8,2047,1890,RTK FIXED
121.670,063148.20,10.48527700,76.44420700,10.48527713,76.44420700,658053.617,1159430.066,108.00,658053.627,1159430.087,-63.2,13,658053.960,1159429.669,10.48527600,76.44420800,0.363,0.029,9.5,10.0,0.0,16.9,1951,2047,RTK FIXED
121.723,063148.20,10.48527700,76.44420700,10.48527708,76.44420700,658053.617,1159430.066,108.00,658053.623,1159430.079,-63.2,13,658053.960,1159429.669,10.48527600,76.44420800,0.363,0.029,9.5,10.0,-0.5,17.1,1951,2047,RTK FIXED
121.771,063148.20,10.48527700,76.44420700,10.48527705,76.44420700,658053.617,1159430.066,108.00,658053.620,1159430.074,-63.2,13,658053.960,1159429.669,10.48527600,76.44420800,0.363,0.029,9.5,10.0,0.5,16.7,1951,2047,RTK FIXED
121.823,063148.40,10.48527700,76.44420700,10.48527703,76.44420700,658053.692,1159430.114,108.00,658053.649,1159430.090,-63.2,13,658053.960,1159429.669,10.48527600,76.44420800,0.364,0.040,9.4,10.0,-0.5,16.6,1916,2047,RTK FIXED
121.869,063148.40,10.48527700,76.44420700,10.48527702,76.44420700,658053.692,1159430.114,108.00,658053.666,1159430.099,-63.2,13,658053.960,1159429.669,10.48527600,76.44420800,0.364,0.040,9.4,10.0,0.0,17.4,1916,2047,RTK FIXED
121.922,063148.40,10.48527700,76.44420700,10.48527701,76.44420700,658053.692,1159430.114,108.00,658053.677,1159430.105,-63.2,13,658053.960,1159429.669,10.48527600,76.44420800,0.364,0.040,9.4,10.0,0.0,16.5,1916,2047,RTK FIXED
121.977,063148.40,10.48527700,76.44420700,10.48527701,76.44420700,658053.692,1159430.114,108.00,658053.683,1159430.109,-63.2,13,658053.960,1159429.669,10.48527600,76.44420800,0.364,0.040,9.4,10.0,0.5,17.8,1916,2047,RTK FIXED
122.023,063148.40,10.48527700,76.44420700,10.48527700,76.44420700,658053.692,1159430.114,108.00,658053.687,1159430.111,-63.2,13,658053.960,1159429.669,10.48527600,76.44420800,0.364,0.040,9.4,10.0,0.0,18.0,1916,2047,RTK FIXED
122.077,063148.40,10.48527700,76.44420700,10.48527700,76.44420700,658053.692,1159430.114,108.00,658053.689,1159430.112,-63.2,13,658053.960,1159429.669,10.48527600,76.44420800,0.364,0.040,9.4,10.0,0.0,18.0,1916,2047,RTK FIXED
122.123,063148.60,10.48527600,76.44420800,10.48527660,76.44420740,658053.802,1159430.004,108.00,658053.734,1159430.069,-53.8,13,658053.960,1159429.669,10.48527600,76.44420800,0.365,-0.010,10.0,9.8,0.0,17.8,2047,2014,RTK FIXED
122.177,063148.60,10.48527600,76.44420800,10.48527636,76.44420764,658053.802,1159430.004,108.00,658053.761,1159430.043,-53.8,13,658053.960,1159429.669,10.48527600,76.44420800,0.365,-0.010,10.0,9.8,0.0,18.1,2047,2014,RTK FIXED
122.223,063148.60,10.48527600,76.44420800,10.48527622,76.44420778,658053.802,1159430.004,108.00,658053.778,1159430.027,-53.8,13,658053.960,1159429.669,10.48527600,76.44420800,0.365,-0.010,10.0,9.8,0.0,17.9,2047,2014,RTK FIXED
122.277,063148.60,10.48527600,76.44420800,10.48527613,76.44420787,658053.802,1159430.004,108.00,658053.788,1159430.018,-53.8,13,658053.960,1159429.669,10.48527600,76.44420800,0.365,-0.010,10.0,9.8,0.0,18.0,2047,2014,RTK FIXED
122.324,063148.80,10.48527600,76.44420800,10.48527608,76.44420792,658053.749,1159429.973,108.00,658053.772,1159430.000,-53.8,13,658053.960,1159429.669,10.48527600,76.44420800,0.347,-0.019,10.0,9.7,-0.5,17.3,2047,1982,RTK FIXED
122.377,063148.80,10.48527600,76.44420800,10.48527605,76.44420795,658053.749,1159429.973,108.00,658053.763,1159429.989,-53.8,13,658053.960,1159429.669,10.48527600,76.44420800,0.347,-0.019,10.0,9.7,0.0,17.7,2047,1982,RTK FIXED
122.423,063148.80,10.48527600,76.44420800,10.48527603,76.44420797,658053.749,1159429.973,108.00,658053.758,1159429.983,-53.8,13,658053.960,1159429.669,10.48527600,76.44420800,0.347,-0.019,10.0,9.7,0.5,17.9,2047,1982,RTK FIXED
122.477,063148.80,10.48527600,76.44420800,10.48527602,76.44420798,658053.749,1159429.973,108.00,658053.754,1159429.979,-53.8,13,658053.960,1159429.669,10.48527600,76.44420800,0.347,-0.019,10.0,9.7,0.0,17.2,2047,1982,RTK FIXED
122.523,063149.00,10.48527600,76.44420800,10.48527601,76.44420799,658053.749,1159429.973,108.00,658053.752,1159429.977,-53.8,13,658053.960,1159429.669,10.48527600,76.44420800,0.326,-0.018,10.0,9.7,0.0,17.9,2047,1979,RTK FIXED
122.578,063149.00,10.48527600,76.44420800,10.48527601,76.44420799,658053.749,1159429.973,108.00,658053.751,1159429.975,-53.8,13,658053.960,1159429.669,10.48527600,76.44420800,0.326,-0.018,10.0,9.7,0.0,17.9,2047,1979,RTK FIXED
122.623,063149.00,10.48527600,76.44420800,10.48527600,76.44420800,658053.749,1159429.973,108.00,658053.750,1159429.975,-53.8,13,658053.960,1159429.669,10.48527600,76.44420800,0.326,-0.018,10.0,9.7,-0.5,17.6,2047,1979,RTK FIXED
122.681,063149.20,10.48527600,76.44420800,10.48527600,76.44420800,658053.749,1159429.973,108.00,658053.750,1159429.974,-58.5,14,658054.511,1159428.787,10.48526800,76.44421300,0.366,-0.005,10.0,9.9,0.4,17.9,2047,2032,RTK FIXED
122.731,063149.20,10.48527600,76.44420800,10.48527600,76.44420800,658053.749,1159429.973,108.00,658053.750,1159429.974,-58.5,14,658054.511,1159428.787,10.48526800,76.44421300,0.366,-0.005,10.0,9.9,0.0,17.7,2047,2032,RTK FIXED
122.777,063149.20,10.48527600,76.44420800,10.48527600,76.44420800,658053.749,1159429.973,108.00,658053.750,1159429.974,-58.5,14,658054.511,1159428.787,10.48526800,76.44421300,0.366,-0.005,10.0,9.9,-0.5,18.1,2047,2032,RTK FIXED
122.832,063149.40,10.48527500,76.44420800,10.48527560,76.44420800,658053.776,1159429.879,108.00,658053.760,1159429.936,-58.5,14,658054.511,1159428.787,10.48526800,76.44421300,0.366,0.002,10.0,10.0,0.0,18.2,2039,2047,RTK FIXED
122.878,063149.40,10.48527500,76.44420800,10.48527536,76.44420800,658053.776,1159429.879,108.00,658053.766,1159429.913,-58.5,14,658054.511,1159428.787,10.48526800,76.44421300,0.366,0.002,10.0,10.0,0.5,18.5,2039,2047,RTK FIXED
122.931,063149.40,10.48527500,76.44420800,10.48527522,76.44420800,658053.776,1159429.879,108.00,658053.770,1159429.900,-58.5,14,658054.511,1159428.787,10.48526800,76.44421300,0.366,0.002,10.0,10.0,0.0,19.3,2039,2047,RTK FIXED
122.978,063149.40,10.48527500,76.44420800,10.48527513,76.44420800,658053.776,1159429.879,108.00,658053.772,1159429.891,-58.5,14,658054.511,1159428.787,10.48526800,76.44421300,0.366,0.002,10.0,10.0,0.0,18.6,2039,2047,RTK FIXED
123.032,063149.40,10.48527500,76.44420800,10.48527508,76.44420800,658053.776,1159429.879,108.00,658053.774,1159429.886,-58.5,14,658054.511,1159428.787,10.48526800,76.44421300,0.366,0.002,10.0,10.0,0.0,18.6,2039,2047,RTK FIXED
123.079,063149.40,10.48527500,76.44420800,10.48527505,76.44420800,658053.776,1159429.879,108.00,658053.775,1159429.884,-58.5,14,658054.511,1159428.787,10.48526800,76.44421300,0.366,0.002,10.0,10.0,0.0,18.9,2039,2047,RTK FIXED
123.132,063149.60,10.48527500,76.44420900,10.48527503,76.44420840,658053.885,1159429.880,108.00,658053.819,1159429.882,-55.5,14,658054.511,1159428.787,10.48526800,76.44421300,0.366,-0.008,10.0,9.9,0.0,18.4,2047,2019,RTK FIXED
123.178,063149.60,10.48527500,76.44420900,10.48527502,76.44420864,658053.885,1159429.880,108.00,658053.845,1159429.881,-55.5,14,658054.511,1159428.787,10.48526800,76.44421300,0.366,-0.008,10.0,9.9,-0.5,18.5,2047,2019,RTK FIXED
123.231,063149.60,10.48527500,76.44420900,10.48527501,76.44420878,658053.885,1159429.880,108.00,658053.861,1159429.880,-55.5,14,658054.511,1159428.787,10.48526800,76.44421300,0.366,-0.008,10.0,9.9,0.0,18.8,2047,2019,RTK FIXED
123.287,063149.60,10.48527500,76.44420900,10.48527501,76.44420887,658053.885,1159429.880,108.00,658053.871,1159429.880,-55.5,14,658054.511,1159428.787,10.48526800,76.44421300,0.366,-0.008,10.0,9.9,0.4,18.3,2047,2019,RTK FIXED
123.333,063149.80,10.48527500,76.44420900,10.48527500,76.44420892,658053.868,1159429.869,108.00,658053.870,1159429.876,-55.5,14,658054.511,1159428.787,10.48526800,76.44421300,0.366,-0.014,10.0,9.8,-0.6,18.2,2047,2000,RTK FIXED
123.386,063149.80,10.48527500,76.44420900,10.48527500,76.44420895,658053.868,1159429.869,108.00,658053.869,1159429.873,-55.5,14,658054.511,1159428.787,10.48526800,76.44421300,0.366,-0.014,10.0,9.8,0.0,18.8,2047,2000,RTK FIXED
123.432,063149.80,10.48527500,76.44420900,10.48527500,76.44420897,658053.868,1159429.869,108.00,658053.869,1159429.872,-55.5,14,658054.511,1159428.787,10.48526800,76.44421300,0.366,-0.014,10.0,9.8,0.0,17.8,2047,2000,RTK FIXED
123.487,063149.80,10.48527500,76.44420900,10.48527500,76.44420898,658053.868,1159429.869,108.00,658053.869,1159429.871,-55.5,14,658054.511,1159428.787,10.48526800,76.44421300,0.366,-0.014,10.0,9.8,0.5,19.3,2047,2000,RTK FIXED
123.533,063150.00,10.48527400,76.44420900,10.48527460,76.44420899,658053.869,1159429.759,108.00,658053.869,1159429.826,-57.7,14,658054.511,1159428.787,10.48526800,76.44421300,0.366,-0.004,10.0,9.9,0.0,18.0,2047,2035,RTK FIXED
123.586,063150.00,10.48527400,76.44420900,10.48527436,76.44420899,658053.869,1159429.759,108.00,658053.869,1159429.799,-57.7,14,658054.511,1159428.787,10.48526800,76.44421300,0.366,-0.004,10.0,9.9,0.0,18.2,2047,2035,RTK FIXED
123.633,063150.00,10.48527400,76.44420900,10.48527422,76.44420900,658053.869,1159429.759,108.00,658053.869,1159429.783,-57.7,14,658054.511,1159428.787,10.48526800,76.44421300,0.366,-0.004,10.0,9.9,-0.5,17.8,2047,2035,RTK FIXED
123.687,063150.20,10.48527400,76.44420900,10.48527413,76.44420900,658053.881,1159429.766,108.00,658053.874,1159429.776,-57.7,14,658054.511,1159428.787,10.48526800,76.44421300,0.366,-0.001,10.0,10.0,0.0,18.5,2047,2044,RTK FIXED
123.733,063150.20,10.48527400,76.44420900,10.48527408,76.44420900,658053.881,1159429.766,108.00,658053.877,1159429.772,-57.7,14,658054.511,1159428.787,10.48526800,76.44421300,0.366,-0.001,10.0,10.0,0.5,19.1,2047,2044,RTK FIXED
123.786,063150.20,10.48527400,76.44420900,10.48527405,76.44420900,658053.881,1159429.766,108.00,658053.879,1159429.770,-57.7,14,658054.511,1159428.787,10.48526800,76.44421300,0.366,-0.001,10.0,10.0,0.0,19.1,2047,2044,RTK FIXED
123.841,063150.40,10.48527400,76.44420900,10.48527403,76.44420900,658053.881,1159429.766,108.00,658053.880,1159429.769,-57.7,14,658054.511,1159428.787,10.48526800,76.44421300,0.366,-0.000,10.0,10.0,0.0,18.4,2047,2046,RTK FIXED
123.887,063150.40,10.48527400,76.44420900,10.48527402,76.44420900,658053.881,1159429.766,108.00,658053.880,1159429.768,-57.7,14,658054.511,1159428.787,10.48526800,76.44421300,0.366,-0.000,10.0,10.0,0.0,18.9,2047,2046,RTK FIXED
123.940,063150.40,10.48527400,76.44420900,10.48527401,76.44420900,658053.881,1159429.766,108.00,658053.881,1159429.767,-57.7,14,658054.511,1159428.787,10.48526800,76.44421300,0.366,-0.000,10.0,10.0,0.0,18.7,2047,2046,RTK FIXED
123.986,063150.40,10.48527400,76.44420900,10.48527401,76.44420900,658053.881,1159429.766,108.00,658053.881,1159429.767,-57.7,14,658054.511,1159428.787,10.48526800,76.44421300,0.366,-0.000,10.0,10.0,-0.5,18.1,2047,2046,RTK FIXED
124.040,063150.40,10.48527400,76.44420900,10.48527400,76.44420900,658053.881,1159429.766,108.00,658053.881,1159429.767,-57.7,14,658054.511,1159428.787,10.48526800,76.44421300,0.366,-0.000,10.0,10.0,0.5,18.6,2047,2046,RTK FIXED
124.086,063150.40,10.48527400,76.44420900,10.48527400,76.44420900,658053.881,1159429.766,108.00,658053.881,1159429.767,-57.7,14,658054.511,1159428.787,10.48526800,76.44421300,0.366,-0.000,10.0,10.0,0.0,18.9,2047,2046,RTK FIXED
124.141,063150.60,10.48527300,76.44420900,10.48527360,76.44420900,658053.882,1159429.656,108.00,658053.881,1159429.722,-63.0,14,658054.511,1159428.787,10.48526800,76.44421300,0.364,0.036,9.4,10.0,-0.5,19.5,1930,2047,RTK FIXED
124.187,063150.60,10.48527300,76.44420900,10.48527336,76.44420900,658053.882,1159429.656,108.00,658053.882,1159429.696,-63.0,14,658054.511,1159428.787,10.48526800,76.44421300,0.364,0.036,9.4,10.0,0.5,18.6,1930,2047,RTK FIXED
124.241,063150.60,10.48527300,76.44420900,10.48527322,76.44420900,658053.882,1159429.656,108.00,658053.882,1159429.680,-63.0,14,658054.511,1159428.787,10.48526800,76.44421300,0.364,0.036,9.4,10.0,0.0,17.7,1930,2047,RTK FIXED
124.288,063150.60,10.48527300,76.44420900,10.48527313,76.44420900,658053.882,1159429.656,108.00,658053.882,1159429.670,-63.0,14,658054.511,1159428.787,10.48526800,76.44421300,0.364,0.036,9.4,10.0,-0.5,17.9,1930,2047,RTK FIXED
124.341,063150.80,10.48527300,76.44421000,10.48527308,76.44420940,658054.021,1159429.672,108.00,658053.938,1159429.671,-63.0,14,658054.511,1159428.787,10.48526800,76.44421300,0.365,0.031,9.5,10.0,0.5,18.3,1944,2047,RTK FIXED
124.395,063150.80,10.48527300,76.44421000,10.48527305,76.44420964,658054.021,1159429.672,108.00,658053.971,1159429.672,-63.0,14,658054.511,1159428.787,10.48526800,76.44421300,0.365,0.031,9.5,10.0,-0.5,17.8,1944,2047,RTK FIXED
124.441,063150.80,10.48527300,76.44421000,10.48527303,76.44420978,658054.021,1159429.672,108.00,658053.991,1159429.672,-63.0,14,658054.511,1159428.787,10.48526800,76.44421300,0.365,0.031,9.5,10.0,0.0,18.4,1944,2047,RTK FIXED
124.495,063150.80,10.48527300,76.44421000,10.48527302,76.44420987,658054.021,1159429.672,108.00,658054.003,1159429.672,-63.0,14,658054.511,1159428.787,10.48526800,76.44421300,0.365,0.031,9.5,10.0,0.5,17.6,1944,2047,RTK FIXED
124.541,063151.00,10.48527300,76.44421000,10.48527301,76.44420992,658054.021,1159429.672,108.00,658054.011,1159429.672,-51.4,14,658054.511,1159428.787,10.48526800,76.44421300,0.363,-0.033,10.0,9.5,-0.5,18.2,2047,1939,RTK FIXED
124.594,063151.00,10.48527300,76.44421000,10.48527301,76.44420995,658054.021,1159429.672,108.00,658054.015,1159429.672,-51.4,14,658054.511,1159428.787,10.48526800,76.44421300,0.363,-0.033,10.0,9.5,0.0,18.0,2047,1939,RTK FIXED
124.641,063151.20,10.48527200,76.44421000,10.48527260,76.44420997,658053.958,1159429.523,108.00,658053.992,1159429.613,-51.4,14,658054.511,1159428.787,10.48526800,76.44421300,0.365,-0.032,10.0,9.5,0.5,17.6,2047,1942,RTK FIXED
124.696,063151.20,10.48527200,76.44421000,10.48527236,76.44420998,658053.958,1159429.523,108.00,658053.978,1159429.577,-51.4,14,658054.511,1159428.787,10.48526800,76.44421300,0.365,-0.032,10.0,9.5,-0.5,17.0,2047,1942,RTK FIXED
124.742,063151.20,10.48527200,76.44421000,10.48527222,76.44420999,658053.958,1159429.523,108.00,658053.970,1159429.555,-51.4,14,658054.511,1159428.787,10.48526800,76.44421300,0.365,-0.032,10.0,9.5,0.5,16.9,2047,1942,RTK FIXED
124.795,063151.20,10.48527200,76.44421000,10.48527213,76.44420999,658053.958,1159429.523,108.00,658053.965,1159429.542,-51.4,14,658054.511,1159428.787,10.48526800,76.44421300,0.365,-0.032,10.0,9.5,-0.5,15.8,2047,1942,RTK FIXED
124.842,063151.40,10.48527200,76.44421000,10.48527208,76.44421000,658053.958,1159429.523,108.00,658053.962,1159429.535,-64.0,14,658054.511,1159428.787,10.48526800,76.44421300,0.363,0.038,9.4,10.0,0.0,17.0,1921,2047,RTK FIXED
124.895,063151.40,10.48527200,76.44421000,10.48527205,76.44421000,658053.958,1159429.523,108.00,658053.960,1159429.530,-64.0,14,658054.511,1159428.787,10.48526800,76.44421300,0.363,0.038,9.4,10.0,0.5,16.5,1921,2047,RTK FIXED
124.941,063151.40,10.48527200,76.44421000,10.48527203,76.44421000,658053.958,1159429.523,108.00,658053.959,1159429.527,-64.0,14,658054.511,1159428.787,10.48526800,76.44421300,0.363,0.038,9.4,10.0,-0.5,17.3,1921,2047,RTK FIXED
124.995,063151.40,10.48527200,76.44421000,10.48527202,76.44421000,658053.958,1159429.523,108.00,658053.959,1159429.525,-64.0,14,658054.511,1159428.787,10.48526800,76.44421300,0.363,0.038,9.4,10.0,0.0,16.7,1921,2047,RTK FIXED
125.049,063151.40,10.48527200,76.44421000,10.48527201,76.44421000,658053.958,1159429.523,108.00,658053.958,1159429.524,-64.0,14,658054.511,1159428.787,10.48526800,76.44421300,0.363,0.038,9.4,10.0,0.0,18.1,1921,2047,RTK FIXED
125.095,063151.40,10.48527200,76.44421000,10.48527201,76.44421000,658053.958,1159429.523,108.00,658053.958,1159429.524,-64.0,14,658054.511,1159428.787,10.48526800,76.44421300,0.363,0.038,9.4,10.0,0.5,16.8,1921,2047,RTK FIXED
125.149,063151.60,10.48527200,76.44421000,10.48527200,76.44421000,658054.028,1159429.564,108.00,658053.986,1159429.540,-64.0,14,658054.511,1159428.787,10.48526800,76.44421300,0.364,0.048,9.2,10.0,0.0,17.8,1890,2047,RTK FIXED
125.195,063151.60,10.48527200,76.44421000,10.48527200,76.44421000,658054.028,1159429.564,108.00,658054.003,1159429.550,-64.0,14,658054.511,1159428.787,10.48526800,76.44421300,0.364,0.048,9.2,10.0,0.0,17.7,1890,2047,RTK FIXED
125.249,063151.60,10.48527200,76.44421000,10.48527200,76.44421000,658054.028,1159429.564,108.00,658054.013,1159429.556,-64.0,14,658054.511,1159428.787,10.48526800,76.44421300,0.364,0.048,9.2,10.0,0.0,17.6,1890,2047,RTK FIXED
125.296,063151.60,10.48527200,76.44421000,10.48527200,76.44421000,658054.028,1159429.564,108.00,658054.019,1159429.559,-64.0,14,658054.511,1159428.787,10.48526800,76.44421300,0.364,0.048,9.2,10.0,-0.5,18.2,1890,2047,RTK FIXED
125.350,063151.80,10.48527100,76.44421100,10.48527160,76.44421040,658054.138,1159429.454,108.00,658054.066,1159429.517,-54.9,14,658054.511,1159428.787,10.48526800,76.44421300,0.366,0.001,10.0,10.0,0.0,17.7,2044,2047,RTK FIXED
125.396,063151.80,10.48527100,76.44421100,10.48527136,76.44421064,658054.138,1159429.454,108.00,658054.095,1159429.492,-54.9,14,658054.511,1159428.787,10.48526800,76.44421300,0.366,0.001,10.0,10.0,0.5,17.5,2044,2047,RTK FIXED
125.450,063151.80,10.48527100,76.44421100,10.48527122,76.44421078,658054.138,1159429.454,108.00,658054.112,1159429.477,-54.9,14,658054.511,1159428.787,10.48526800,76.44421300,0.366,0.001,10.0,10.0,0.0,17.6,2044,2047,RTK FIXED
125.495,063151.80,10.48527100,76.44421100,10.48527113,76.44421087,658054.138,1159429.454,108.00,658054.122,1159429.468,-54.9,14,658054.511,1159428.787,10.48526800,76.44421300,0.366,0.001,10.0,10.0,0.0,17.5,2044,2047,RTK FIXED
125.550,063152.00,10.48527100,76.44421100,10.48527108,76.44421092,658054.086,1159429.426,108.00,658054.108,1159429.451,-54.9,14,658054.511,1159428.787,10.48526800,76.44421300,0.366,-0.007,10.0,9.9,-0.5,17.8,2047,2023,RTK FIXED
125.604,063152.20,10.48527100,76.44421100,10.48527105,76.44421095,658054.086,1159429.426,108.00,658054.099,1159429.441,-54.9,14,658054.511,1159428.787,10.48526800,76.44421300,0.366,-0.007,10.0,9.9,0.0,18.1,2047,2023,RTK FIXED
125.650,063152.20,10.48527100,76.44421100,10.48527103,76.44421097,658054.086,1159429.426,108.00,658054.094,1159429.435,-54.9,14,658054.511,1159428.787,10.48526800,76.44421300,0.366,-0.007,10.0,9.9,0.5,18.1,2047,2023,RTK FIXED
125.703,063152.20,10.48527100,76.44421100,10.48527102,76.44421098,658054.086,1159429.426,108.00,658054.091,1159429.431,-54.9,14,658054.511,1159428.787,10.48526800,76.44421300,0.366,-0.007,10.0,9.9,0.0,17.8,2047,2023,RTK FIXED
125.750,063152.20,10.48527100,76.44421100,10.48527101,76.44421099,658054.086,1159429.426,108.00,658054.089,1159429.429,-54.9,14,658054.511,1159428.787,10.48526800,76.44421300,0.366,-0.007,10.0,9.9,-0.5,18.1,2047,2023,RTK FIXED
125.804,063152.40,10.48527000,76.44421100,10.48527061,76.44421099,658054.087,1159429.315,108.00,658054.088,1159429.384,-61.3,14,658054.511,1159428.787,10.48526800,76.44421300,0.365,0.028,9.6,10.0,0.0,18.5,1956,2047,RTK FIXED
125.850,063152.40,10.48527000,76.44421100,10.48527036,76.44421100,658054.087,1159429.315,108.00,658054.088,1159429.356,-61.3,14,658054.511,1159428.787,10.48526800,76.44421300,0.365,0.028,9.6,10.0,0.5,18.0,1956,2047,RTK FIXED
125.904,063152.40,10.48527000,76.44421100,10.48527022,76.44421100,658054.087,1159429.315,108.00,658054.087,1159429.340,-61.3,14,658054.511,1159428.787,10.48526800,76.44421300,0.365,0.028,9.6,10.0,0.0,18.6,1956,2047,RTK FIXED
125.950,063152.40,10.48527000,76.44421100,10.48527013,76.44421100,658054.087,1159429.315,108.00,658054.087,1159429.330,-61.3,14,658054.511,1159428.787,10.48526800,76.44421300,0.365,0.028,9.6,10.0,0.0,18.3,1956,2047,RTK FIXED
126.003,063152.40,10.48527000,76.44421100,10.48527008,76.44421100,658054.087,1159429.315,108.00,658054.087,1159429.324,-61.3,14,658054.511,1159428.787,10.48526800,76.44421300,0.365,0.028,9.6,10.0,-0.5,18.4,1956,2047,RTK FIXED
126.050,063152.40,10.48527000,76.44421100,10.48527005,76.44421100,658054.087,1159429.315,108.00,658054.087,1159429.321,-61.3,14,658054.511,1159428.787,10.48526800,76.44421300,0.365,0.028,9.6,10.0,0.0,18.6,1956,2047,RTK FIXED
126.104,063152.60,10.48527000,76.44421200,10.48527003,76.44421140,658054.232,1159429.337,108.00,658054.145,1159429.327,-61.3,14,658054.511,1159428.787,10.48526800,76.44421300,0.366,0.020,9.7,10.0,0.5,18.9,1980,2047,RTK FIXED
126.150,063152.60,10.48527000,76.44421200,10.48527002,76.44421164,658054.232,1159429.337,108.00,658054.180,1159429.331,-61.3,14,658054.511,1159428.787,10.48526800,76.44421300,0.366,0.020,9.7,10.0,0.0,18.5,1980,2047,RTK FIXED
126.204,063152.60,10.48527000,76.44421200,10.48527001,76.44421178,658054.232,1159429.337,108.00,658054.201,1159429.333,-61.3,14,658054.511,1159428.787,10.48526800,76.44421300,0.366,0.020,9.7,10.0,0.0,18.7,1980,2047,RTK FIXED
126.258,063152.60,10.48527000,76.44421200,10.48527001,76.44421187,658054.232,1159429.337,108.00,658054.213,1159429.335,-61.3,14,658054.511,1159428.787,10.48526800,76.44421300,0.366,0.020,9.7,10.0,0.0,18.4,1980,2047,RTK FIXED
126.304,063152.60,10.48527000,76.44421200,10.48527000,76.44421192,658054.232,1159429.337,108.00,658054.221,1159429.335,-61.3,14,658054.511,1159428.787,10.48526800,76.44421300,0.366,0.020,9.7,10.0,-0.5,19.0,1980,2047,RTK FIXED
126.359,063152.80,10.48527000,76.44421200,10.48527000,76.44421195,658054.232,1159429.337,108.00,658054.225,1159429.336,-50.0,14,658054.511,1159428.787,10.48526800,76.44421300,0.362,-0.044,10.0,9.3,0.5,18.9,2047,1904,RTK FIXED
126.405,063152.80,10.48527000,76.44421200,10.48527000,76.44421197,658054.232,1159429.337,108.00,658054.228,1159429.336,-50.0,14,658054.511,1159428.787,10.48526800,76.44421300,0.362,-0.044,10.0,9.3,0.0,18.6,2047,1904,RTK FIXED
126.458,063152.80,10.48527000,76.44421200,10.48527000,76.44421198,658054.232,1159429.337,108.00,658054.230,1159429.336,-50.0,14,658054.511,1159428.787,10.48526800,76.44421300,0.362,-0.044,10.0,9.3,0.0,18.6,2047,1904,RTK FIXED
126.504,063152.80,10.48527000,76.44421200,10.48527000,76.44421199,658054.232,1159429.337,108.00,658054.231,1159429.337,-50.0,14,658054.511,1159428.787,10.48526800,76.44421300,0.362,-0.044,10.0,9.3,0.0,18.1,2047,1904,RTK FIXED
126.559,063153.00,10.48527000,76.44421200,10.48527000,76.44421199,658054.171,1159429.297,108.00,658054.207,1159429.321,-50.0,14,658054.511,1159428.787,10.48526800,76.44421300,0.363,-0.053,10.0,9.2,-0.5,18.6,2047,1875,RTK FIXED
126.605,063153.00,10.48527000,76.44421200,10.48527000,76.44421200,658054.171,1159429.297,108.00,658054.192,1159429.311,-50.0,14,658054.511,1159428.787,10.48526800,76.44421300,0.363,-0.053,10.0,9.2,0.0,18.6,2047,1875,RTK FIXED
126.658,063153.00,10.48527000,76.44421200,10.48527000,76.44421200,658054.171,1159429.297,108.00,658054.183,1159429.306,-50.0,14,658054.511,1159428.787,10.48526800,76.44421300,0.363,-0.053,10.0,9.2,0.0,17.3,2047,1875,RTK FIXED
126.713,063153.20,10.48526900,76.44421200,10.48526960,76.44421200,658054.171,1159429.186,108.00,658054.179,1159429.258,-62.7,14,658054.511,1159428.787,10.48526800,76.44421300,0.364,0.019,9.7,10.0,0.0,17.4,1983,2047,RTK FIXED
126.759,063153.20,10.48526900,76.44421200,10.48526936,76.44421200,658054.171,1159429.186,108.00,658054.176,1159429.229,-62.7,14,658054.511,1159428.787,10.48526800,76.44421300,0.364,0.019,9.7,10.0,0.5,16.9,1983,2047,RTK FIXED
126.813,063153.40,10.48526900,76.44421200,10.48526922,76.44421200,658054.241,1159429.230,108.00,658054.202,1159429.230,-62.7,14,658054.511,1159428.787,10.48526800,76.44421300,0.365,0.032,9.5,10.0,-0.5,17.1,1943,2047,RTK FIXED
126.859,063153.40,10.48526900,76.44421200,10.48526913,76.44421200,658054.241,1159429.230,108.00,658054.217,1159429.230,-62.7,14,658054.511,1159428.787,10.48526800,76.44421300,0.365,0.032,9.5,10.0,0.0,16.9,1943,2047,RTK FIXED
126.913,063153.40,10.48526900,76.44421200,10.48526908,76.44421200,658054.241,1159429.230,108.00,658054.227,1159429.230,-62.7,14,658054.511,1159428.787,10.48526800,76.44421300,0.365,0.032,9.5,10.0,0.5,18.1,1943,2047,RTK FIXED
126.959,063153.40,10.48526900,76.44421200,10.48526905,76.44421200,658054.241,1159429.230,108.00,658054.232,1159429.230,-62.7,14,658054.511,1159428.787,10.48526800,76.44421300,0.365,0.032,9.5,10.0,0.0,17.2,1943,2047,RTK FIXED
127.013,063153.60,10.48526900,76.44421300,10.48526903,76.44421240,658054.350,1159429.231,108.00,658054.279,1159429.230,-49.4,14,658054.511,1159428.787,10.48526800,76.44421300,0.361,-0.048,10.0,9.2,0.0,17.5,2047,1888,RTK FIXED
127.059,063153.60,10.48526900,76.44421300,10.48526902,76.44421264,658054.350,1159429.231,108.00,658054.308,1159429.230,-49.4,14,658054.511,1159428.787,10.48526800,76.44421300,0.361,-0.048,10.0,9.2,-0.5,18.7,2047,1888,RTK FIXED
127.112,063153.60,10.48526900,76.44421300,10.48526901,76.44421278,658054.350,1159429.231,108.00,658054.325,1159429.231,-49.4,14,658054.511,1159428.787,10.48526800,76.44421300,0.361,-0.048,10.0,9.2,0.5,17.4,2047,1888,RTK FIXED
127.159,063153.60,10.48526900,76.44421300,10.48526901,76.44421287,658054.350,1159429.231,108.00,658054.335,1159429.231,-49.4,14,658054.511,1159428.787,10.48526800,76.44421300,0.361,-0.048,10.0,9.2,0.0,17.6,2047,1888,RTK FIXED
127.212,063153.60,10.48526900,76.44421300,10.48526900,76.44421292,658054.350,1159429.231,108.00,658054.341,1159429.231,-49.4,14,658054.511,1159428.787,10.48526800,76.44421300,0.361,-0.048,10.0,9.2,0.0,16.9,2047,1888,RTK FIXED
127.258,063153.60,10.48526900,76.44421300,10.48526900,76.44421295,658054.350,1159429.231,108.00,658054.345,1159429.231,-49.4,14,658054.511,1159428.787,10.48526800,76.44421300,0.361,-0.048,10.0,9.2,0.0,17.1,2047,1888,RTK FIXED
127.313,063153.80,10.48526800,76.44421300,10.48526860,76.44421297,658054.278,1159429.074,108.00,658054.318,1159429.168,-49.4,14,658054.511,1159428.787,10.48526800,76.44421300,0.363,-0.056,10.0,9.1,-0.5,16.8,2047,1867,RTK FIXED
127.367,063153.80,10.48526800,76.44421300,10.48526836,76.44421298,658054.278,1159429.074,108.00,658054.302,1159429.131,-49.4,14,658054.511,1159428.787,10.48526800,76.44421300,0.363,-0.056,10.0,9.1,0.0,17.0,2047,1867,RTK FIXED
127.413,063153.80,10.48526800,76.44421300,10.48526822,76.44421299,658054.278,1159429.074,108.00,658054.293,1159429.108,-49.4,14,658054.511,1159428.787,10.48526800,76.44421300,0.363,-0.056,10.0,9.1,0.5,16.7,2047,1867,RTK FIXED
127.467,063153.80,10.48526800,76.44421300,10.48526813,76.44421299,658054.278,1159429.074,108.00,658054.287,1159429.094,-49.4,14,658054.511,1159428.787,10.48526800,76.44421300,0.363,-0.056,10.0,9.1,0.0,16.7,2047,1867,RTK FIXED
127.514,063154.00,10.48526800,76.44421300,10.48526808,76.44421300,658054.278,1159429.074,108.00,658054.283,1159429.086,-59.8,14,658054.511,1159428.787,10.48526800,76.44421300,0.339,-0.003,10.0,9.9,-0.5,16.6,2047,2037,RTK FIXED
127.567,063154.00,10.48526800,76.44421300,10.48526805,76.44421300,658054.278,1159429.074,108.00,658054.281,1159429.081,-59.8,14,658054.511,1159428.787,10.48526800,76.44421300,0.339,-0.003,10.0,9.9,0.0,15.9,2047,2037,RTK FIXED
127.613,063154.00,10.48526800,76.44421300,10.48526803,76.44421300,658054.278,1159429.074,108.00,658054.280,1159429.079,-59.8,14,658054.511,1159428.787,10.48526800,76.44421300,0.339,-0.003,10.0,9.9,0.5,16.2,2047,2037,RTK FIXED
127.667,063154.20,10.48526800,76.44421300,10.48526802,76.44421300,658054.334,1159429.111,108.00,658054.302,1159429.092,-59.8,14,658054.511,1159428.787,10.48526800,76.44421300,0.321,0.004,9.9,10.0,0.0,15.3,2033,2047,RTK FIXED
127.713,063154.20,10.48526800,76.44421300,10.48526801,76.44421300,658054.334,1159429.111,108.00,658054.314,1159429.100,-59.8,14,658054.511,1159428.787,10.48526800,76.44421300,0.321,0.004,9.9,10.0,0.0,15.2,2033,2047,RTK FIXED
127.767,063154.20,10.48526800,76.44421300,10.48526801,76.44421300,658054.334,1159429.111,108.00,658054.322,1159429.104,-59.8,14,658054.511,1159428.787,10.48526800,76.44421300,0.321,0.004,9.9,10.0,-0.5,17.6,2033,2047,RTK FIXED
127.980,063154.40,10.48526700,76.44421300,10.48526760,76.44421300,658054.334,1159429.001,108.00,658054.327,1159429.063,-59.8,15,658053.638,1159428.230,10.48526300,76.44420500,0.000,-0.711,10.0,-10.0,0.1,17.3,450,450,RTK FIXED
128.014,063154.40,10.48526700,76.44421300,10.48526736,76.44421300,658054.334,1159429.001,108.00,658054.330,1159429.038,-61.8,15,658053.638,1159428.230,10.48526300,76.44420500,0.000,-0.711,10.0,-10.0,0.0,16.1,900,900,RTK FIXED
128.067,063154.40,10.48526700,76.44421300,10.48526722,76.44421300,658054.334,1159429.001,108.00,658054.332,1159429.023,-63.9,15,658053.638,1159428.230,10.48526300,76.44420500,0.000,-0.711,10.0,-10.0,0.0,15.0,1350,1350,RTK FIXED
128.114,063154.60,10.48526700,76.44421300,10.48526713,76.44421300,658054.370,1159429.018,108.00,658054.347,1159429.021,-62.0,15,658053.638,1159428.230,10.48526300,76.44420500,0.000,-0.887,10.0,-10.0,-0.5,13.2,1800,1800,RTK FIXED
128.167,063154.60,10.48526700,76.44421300,10.48526708,76.44421300,658054.370,1159429.018,108.00,658054.356,1159429.020,-64.5,15,658053.638,1159428.230,10.48526300,76.44420500,0.000,-0.887,10.0,-10.0,0.5,11.8,2047,2047,RTK FIXED
128.214,063154.60,10.48526700,76.44421300,10.48526705,76.44421300,658054.370,1159429.018,108.00,658054.362,1159429.019,-67.1,15,658053.638,1159428.230,10.48526300,76.44420500,0.000,-0.887,10.0,-10.0,-0.5,10.1,2047,2047,RTK FIXED
128.267,063154.60,10.48526700,76.44421300,10.48526703,76.44421300,658054.370,1159429.018,108.00,658054.365,1159429.019,-69.6,15,658053.638,1159428.230,10.48526300,76.44420500,0.000,-0.887,10.0,-10.0,0.5,8.9,2047,2047,RTK FIXED
128.315,063154.80,10.48526700,76.44421400,10.48526702,76.44421340,658054.517,1159429.032,108.00,658054.426,1159429.024,-72.2,15,658053.638,1159428.230,10.48526300,76.44420500,0.000,-0.862,10.0,-10.0,-0.5,8.9,2047,2047,RTK FIXED
128.367,063154.80,10.48526700,76.44421400,10.48526701,76.44421364,658054.517,1159429.032,108.00,658054.463,1159429.027,-74.6,15,658053.638,1159428.230,10.48526300,76.44420500,0.000,-0.862,10.0,-10.0,0.0,7.6,2047,2047,RTK FIXED
128.414,063154.80,10.48526700,76.44421400,10.48526701,76.44421378,658054.517,1159429.032,108.00,658054.484,1159429.029,-77.1,15,658053.638,1159428.230,10.48526300,76.44420500,0.000,-0.862,10.0,-10.0,0.5,8.0,2047,2047,RTK FIXED
128.467,063154.80,10.48526700,76.44421400,10.48526700,76.44421387,658054.517,1159429.032,108.00,658054.498,1159429.030,-79.6,15,658053.638,1159428.230,10.48526300,76.44420500,0.000,-0.862,10.0,-10.0,0.0,7.5,2047,2047,RTK FIXED
128.513,063155.00,10.48526700,76.44421400,10.48526700,76.44421392,658054.580,1159429.044,108.00,658054.531,1159429.036,-58.5,15,658053.638,1159428.230,10.48526300,76.44420500,0.000,-1.044,10.0,-10.0,0.0,6.0,2047,2047,RTK FIXED
128.567,063155.00,10.48526700,76.44421400,10.48526700,76.44421395,658054.580,1159429.044,108.00,658054.550,1159429.039,-61.4,15,658053.638,1159428.230,10.48526300,76.44420500,0.000,-1.044,10.0,-10.0,0.0,5.1,2047,2047,RTK FIXED
128.622,063155.20,10.48526600,76.44421400,10.48526660,76.44421397,658054.471,1159428.904,108.00,658054.519,1159428.985,-64.4,15,658053.638,1159428.230,10.48526300,76.44420500,0.000,-1.049,10.0,-10.0,0.0,3.7,2047,2047,RTK FIXED
128.671,063155.20,10.48526600,76.44421400,10.48526636,76.44421398,658054.471,1159428.904,108.00,658054.500,1159428.953,-67.4,15,658053.638,1159428.230,10.48526300,76.44420500,0.000,-1.049,10.0,-10.0,0.0,3.6,2047,2047,RTK FIXED
128.722,063155.20,10.48526600,76.44421400,10.48526622,76.44421399,658054.471,1159428.904,108.00,658054.488,1159428.933,-70.4,15,658053.638,1159428.230,10.48526300,76.44420500,0.000,-1.049,10.0,-10.0,0.0,2.9,2047,2047,RTK FIXED
128.768,063155.20,10.48526600,76.44421400,10.48526613,76.44421399,658054.471,1159428.904,108.00,658054.481,1159428.922,-73.5,15,658053.638,1159428.230,10.48526300,76.44420500,0.000,-1.049,10.0,-10.0,0.0,3.2,2047,2047,RTK FIXED
128.822,063155.40,10.48526600,76.44421400,10.48526608,76.44421400,658054.545,1159428.928,108.00,658054.507,1159428.924,-75.2,15,658053.638,1159428.230,10.48526300,76.44420500,0.000,-0.958,10.0,-10.0,0.0,1.8,2047,2047,RTK FIXED
128.868,063155.40,10.48526600,76.44421400,10.48526605,76.44421400,658054.545,1159428.928,108.00,658054.522,1159428.926,-77.9,15,658053.638,1159428.230,10.48526300,76.44420500,0.000,-0.958,10.0,-10.0,-0.5,2.2,2047,2047,RTK FIXED
128.922,063155.40,10.48526600,76.44421400,10.48526603,76.44421400,658054.545,1159428.928,108.00,658054.531,1159428.927,-80.6,15,658053.638,1159428.230,10.48526300,76.44420500,0.000,-0.958,10.0,-10.0,0.5,2.8,2047,2047,RTK FIXED
128.968,063155.40,10.48526600,76.44421400,10.48526602,76.44421400,658054.545,1159428.928,108.00,658054.537,1159428.927,-83.4,15,658053.638,1159428.230,10.48526300,76.44420500,0.000,-0.958,10.0,-10.0,0.0,1.1,2047,2047,RTK FIXED
129.022,063155.40,10.48526600,76.44421400,10.48526601,76.44421400,658054.545,1159428.928,108.00,658054.540,1159428.927,-86.1,15,658053.638,1159428.230,10.48526300,76.44420500,0.000,-0.958,10.0,-10.0,0.0,0.9,2047,2047,RTK FIXED
129.068,063155.40,10.48526600,76.44421400,10.48526601,76.44421400,658054.545,1159428.928,108.00,658054.542,1159428.928,-88.9,15,658053.638,1159428.230,10.48526300,76.44420500,0.000,-0.958,10.0,-10.0,-0.6,1.7,2047,2047,RTK FIXED
129.123,063155.60,10.48526600,76.44421400,10.48526600,76.44421400,658054.642,1159428.935,108.00,658054.582,1159428.931,-91.6,15,658053.638,1159428.230,10.48526300,76.44420500,0.000,-0.783,10.0,-10.0,0.5,1.4,2047,2047,RTK FIXED
129.176,063155.60,10.48526600,76.44421400,10.48526600,76.44421400,658054.642,1159428.935,108.00,658054.606,1159428.933,-93.9,15,658053.638,1159428.230,10.48526300,76.44420500,0.000,-0.783,10.0,-10.0,-0.5,1.4,2047,2047,RTK FIXED
129.222,063155.60,10.48526600,76.44421400,10.48526600,76.44421400,658054.642,1159428.935,108.00,658054.621,1159428.934,-96.1,15,658053.638,1159428.230,10.48526300,76.44420500,0.000,-0.783,10.0,-10.0,0.0,1.7,2047,2047,RTK FIXED
129.277,063155.60,10.48526600,76.44421400,10.48526600,76.44421400,658054.642,1159428.935,108.00,658054.629,1159428.934,-98.3,15,658053.638,1159428.230,10.48526300,76.44420500,0.000,-0.783,10.0,-10.0,0.0,1.4,2047,2047,RTK FIXED
129.322,063155.80,10.48526600,76.44421400,10.48526600,76.44421400,658054.700,1159428.928,108.00,658054.657,1159428.932,-73.6,15,658053.638,1159428.230,10.48526300,76.44420500,0.000,-0.968,10.0,-10.0,0.5,2.2,2047,2047,RTK FIXED
129.377,063155.80,10.48526600,76.44421400,10.48526600,76.44421400,658054.700,1159428.928,108.00,658054.674,1159428.930,-76.4,15,658053.638,1159428.230,10.48526300,76.44420500,0.000,-0.968,10.0,-10.0,-0.5,1.4,2047,2047,RTK FIXED
129.423,063155.80,10.48526600,76.44421400,10.48526600,76.44421400,658054.700,1159428.928,108.00,658054.684,1159428.929,-79.2,15,658053.638,1159428.230,10.48526300,76.44420500,0.000,-0.968,10.0,-10.0,0.5,2.2,2047,2047,RTK FIXED
129.477,063155.80,10.48526600,76.44421400,10.48526600,76.44421400,658054.700,1159428.928,108.00,658054.690,1159428.929,-82.0,15,658053.638,1159428.230,10.48526300,76.44420500,0.000,-0.968,10.0,-10.0,-0.5,1.4,2047,2047,RTK FIXED
129.523,063156.00,10.48526600,76.44421400,10.48526600,76.44421400,658054.598,1159428.935,108.00,658054.653,1159428.931,-84.7,15,658053.638,1159428.230,10.48526300,76.44420500,0.000,-0.889,10.0,-10.0,0.5,1.1,2047,2047,RTK FIXED
129.577,063156.00,10.48526600,76.44421400,10.48526600,76.44421400,658054.598,1159428.935,108.00,658054.631,1159428.933,-87.3,15,658053.638,1159428.230,10.48526300,76.44420500,0.000,-0.889,10.0,-10.0,-0.5,1.4,2047,2047,RTK FIXED
129.623,063156.20,10.48526600,76.44421400,10.48526600,76.44421400,658054.631,1159428.936,108.00,658054.631,1159428.934,-89.8,15,658053.638,1159428.230,10.48526300,76.44420500,0.000,-0.817,10.0,-10.0,0.5,0.5,2047,2047,RTK FIXED
129.677,063156.20,10.48526600,76.44421400,10.48526600,76.44421400,658054.631,1159428.936,108.00,658054.631,1159428.935,-92.2,15,658053.638,1159428.230,10.48526300,76.44420500,0.000,-0.817,10.0,-10.0,0.0,1.4,2047,2047,RTK FIXED
129.731,063156.20,10.48526600,76.44421400,10.48526600,76.44421400,658054.631,1159428.936,108.00,658054.631,1159428.935,-94.5,15,658053.638,1159428.230,10.48526300,76.44420500,0.000,-0.817,10.0,-10.0,0.0,0.5,2047,2047,RTK FIXED
129.777,063156.20,10.48526600,76.44421400,10.48526600,76.44421400,658054.631,1159428.936,108.00,658054.631,1159428.936,-96.9,15,658053.638,1159428.230,10.48526300,76.44420500,0.000,-0.817,10.0,-10.0,-0.5,0.5,2047,2047,RTK FIXED
129.831,063156.40,10.48526500,76.44421300,10.48526560,76.44421360,658054.582,1159428.818,108.00,658054.611,1159428.889,-99.2,15,658053.638,1159428.230,10.48526300,76.44420500,0.000,-0.716,10.0,-10.0,0.0,0.5,2047,2047,RTK FIXED
129.877,063156.40,10.48526500,76.44421300,10.48526536,76.44421336,658054.582,1159428.818,108.00,658054.599,1159428.861,-101.2,15,658053.638,1159428.230,10.48526300,76.44420500,0.000,-0.716,10.0,-10.0,0.5,0.5,2047,2047,RTK FIXED
129.931,063156.40,10.48526500,76.44421300,10.48526522,76.44421322,658054.582,1159428.818,108.00,658054.592,1159428.844,-103.3,15,658053.638,1159428.230,10.48526300,76.44420500,0.000,-0.716,10.0,-10.0,0.0,0.0,2047,2047,RTK FIXED
129.977,063156.40,10.48526500,76.44421300,10.48526513,76.44421313,658054.582,1159428.818,108.00,658054.588,1159428.834,-105.3,15,658053.638,1159428.230,10.48526300,76.44420500,0.000,-0.716,10.0,-10.0,-0.5,0.0,2047,2047,RTK FIXED
130.031,063156.40,10.48526500,76.44421300,10.48526508,76.44421308,658054.582,1159428.818,108.00,658054.586,1159428.828,-107.4,15,658053.638,1159428.230,10.48526300,76.44420500,0.000,-0.716,10.0,-10.0,0.0,0.0,2047,2047,RTK FIXED
130.077,063156.40,10.48526500,76.44421300,10.48526505,76.44421305,658054.582,1159428.818,108.00,658054.584,1159428.824,-109.4,15,658053.638,1159428.230,10.48526300,76.44420500,0.000,-0.716,10.0,-10.0,0.5,0.0,2047,2047,RTK FIXED
130.132,063156.60,10.48526500,76.44421300,10.48526503,76.44421303,658054.658,1159428.795,108.00,658054.614,1159428.813,-103.2,15,658053.638,1159428.230,10.48526300,76.44420500,0.000,-0.676,10.0,-10.0,-0.5,0.0,2047,2047,RTK FIXED
130.178,063156.60,10.48526500,76.44421300,10.48526502,76.44421302,658054.658,1159428.795,108.00,658054.631,1159428.806,-105.1,15,658053.638,1159428.230,10.48526300,76.44420500,0.000,-0.676,10.0,-10.0,0.5,0.0,2047,2047,RTK FIXED
130.231,063156.60,10.48526500,76.44421300,10.48526501,76.44421301,658054.658,1159428.795,108.00,658054.642,1159428.802,-107.0,15,658053.638,1159428.230,10.48526300,76.44420500,0.000,-0.676,10.0,-10.0,0.0,0.0,2047,2047,RTK FIXED
130.285,063156.60,10.48526500,76.44421300,10.48526501,76.44421301,658054.658,1159428.795,108.00,658054.648,1159428.799,-109.0,15,658053.638,1159428.230,10.48526300,76.44420500,0.000,-0.676,10.0,-10.0,0.0,0.0,2047,2047,RTK FIXED
130.332,063156.80,10.48526500,76.44421300,10.48526500,76.44421300,658054.654,1159428.797,108.00,658054.651,1159428.798,-110.9,15,658053.638,1159428.230,10.48526300,76.44420500,0.000,-0.597,9.8,-9.8,-0.5,0.0,2001,2001,RTK FIXED
130.385,063156.80,10.48526500,76.44421300,10.48526500,76.44421300,658054.654,1159428.797,108.00,658054.652,1159428.798,-112.6,15,658053.638,1159428.230,10.48526300,76.44420500,0.000,-0.597,9.8,-9.8,0.0,0.0,2001,2001,RTK FIXED
130.431,063156.80,10.48526500,76.44421300,10.48526500,76.44421300,658054.654,1159428.797,108.00,658054.653,1159428.797,-114.3,15,658053.638,1159428.230,10.48526300,76.44420500,0.000,-0.597,9.8,-9.8,0.0,0.0,2001,2001,RTK FIXED
130.486,063157.00,10.48526500,76.44421200,10.48526500,76.44421260,658054.575,1159428.782,108.00,658054.622,1159428.791,-116.0,15,658053.638,1159428.230,10.48526300,76.44420500,0.000,-0.523,8.6,-8.6,0.0,0.0,1753,1753,RTK FIXED
130.531,063157.00,10.48526500,76.44421200,10.48526500,76.44421236,658054.575,1159428.782,108.00,658054.603,1159428.788,-117.5,15,658053.638,1159428.230,10.48526300,76.44420500,0.000,-0.523,8.6,-8.6,0.0,0.0,1753,1753,RTK FIXED
130.585,063157.00,10.48526500,76.44421200,10.48526500,76.44421222,658054.575,1159428.782,108.00,658054.592,1159428.786,-119.0,15,658053.638,1159428.230,10.48526300,76.44420500,0.000,-0.523,8.6,-8.6,0.5,0.0,1753,1753,RTK FIXED
130.632,063157.20,10.48526500,76.44421200,10.48526500,76.44421213,658054.600,1159428.768,108.00,658054.595,1159428.779,-120.5,15,658053.638,1159428.230,10.48526300,76.44420500,0.000,-0.463,7.6,-7.6,0.0,0.0,1553,1553,RTK FIXED
130.686,063157.20,10.48526500,76.44421200,10.48526500,76.44421208,658054.600,1159428.768,108.00,658054.597,1159428.774,-121.9,15,658053.638,1159428.230,10.48526300,76.44420500,0.000,-0.463,7.6,-7.6,-0.5,0.0,1553,1553,RTK FIXED
130.732,063157.20,10.48526500,76.44421200,10.48526500,76.44421205,658054.600,1159428.768,108.00,658054.598,1159428.772,-123.2,15,658053.638,1159428.230,10.48526300,76.44420500,0.000,-0.463,7.6,-7.6,0.6,0.0,1553,1553,RTK FIXED
130.786,063157.20,10.48526500,76.44421200,10.48526500,76.44421203,658054.600,1159428.768,108.00,658054.599,1159428.770,-124.5,15,658053.638,1159428.230,10.48526300,76.44420500,0.000,-0.463,7.6,-7.6,-0.5,0.0,1553,1553,RTK FIXED
130.840,063157.40,10.48526400,76.44421200,10.48526460,76.44421202,658054.629,1159428.638,108.00,658054.611,1159428.717,-116.4,15,658053.638,1159428.230,10.48526300,76.44420500,0.000,-0.538,8.8,-8.8,0.5,0.0,1802,1802,RTK FIXED
130.886,063157.40,10.48526400,76.44421200,10.48526436,76.44421201,658054.629,1159428.638,108.00,658054.618,1159428.685,-117.9,15,658053.638,1159428.230,10.48526300,76.44420500,0.000,-0.538,8.8,-8.8,0.0,0.0,1802,1802,RTK FIXED
130.940,063157.40,10.48526400,76.44421200,10.48526422,76.44421201,658054.629,1159428.638,108.00,658054.622,1159428.666,-119.5,15,658053.638,1159428.230,10.48526300,76.44420500,0.000,-0.538,8.8,-8.8,-0.5,0.0,1802,1802,RTK FIXED
130.986,063157.40,10.48526400,76.44421200,10.48526413,76.44421200,658054.629,1159428.638,108.00,658054.625,1159428.655,-121.0,15,658053.638,1159428.230,10.48526300,76.44420500,0.000,-0.538,8.8,-8.8,0.0,0.0,1802,1802,RTK FIXED
131.039,063157.40,10.48526400,76.44421200,10.48526408,76.44421200,658054.629,1159428.638,108.00,658054.626,1159428.648,-122.6,15,658053.638,1159428.230,10.48526300,76.44420500,0.000,-0.538,8.8,-8.8,0.5,0.0,1802,1802,RTK FIXED
131.085,063157.40,10.48526400,76.44421200,10.48526405,76.44421200,658054.629,1159428.638,108.00,658054.627,1159428.644,-124.1,15,658053.638,1159428.230,10.48526300,76.44420500,0.000,-0.538,8.8,-8.8,-0.5,0.0,1802,1802,RTK FIXED
131.141,063157.60,10.48526400,76.44421100,10.48526403,76.44421160,658054.518,1159428.638,108.00,658054.584,1159428.642,-125.6,15,658053.638,1159428.230,10.48526300,76.44420500,0.000,-0.467,7.6,-7.6,0.5,0.0,1564,1564,RTK FIXED
131.186,063157.60,10.48526400,76.44421100,10.48526402,76.44421136,658054.518,1159428.638,108.00,658054.557,1159428.640,-127.0,15,658053.638,1159428.230,10.48526300,76.44420500,0.000,-0.467,7.6,-7.6,-0.5,0.0,1564,1564,RTK FIXED
131.240,063157.60,10.48526400,76.44421100,10.48526401,76.44421122,658054.518,1159428.638,108.00,658054.542,1159428.639,-128.3,15,658053.638,1159428.230,10.48526300,76.44420500,0.000,-0.467,7.6,-7.6,0.5,0.0,1564,1564,RTK FIXED
131.287,063157.60,10.48526400,76.44421100,10.48526401,76.44421113,658054.518,1159428.638,108.00,658054.532,1159428.639,-129.6,15,658053.638,1159428.230,10.48526300,76.44420500,0.000,-0.467,7.6,-7.6,-0.5,0.0,1564,1564,RTK FIXED
131.340,063157.80,10.48526400,76.44421100,10.48526400,76.44421108,658054.545,1159428.616,108.00,658054.537,1159428.630,-129.8,15,658053.638,1159428.230,10.48526300,76.44420500,0.000,-0.418,6.8,-6.8,0.0,0.0,1401,1401,RTK FIXED
131.386,063157.80,10.48526400,76.44421100,10.48526400,76.44421105,658054.545,1159428.616,108.00,658054.540,1159428.624,-131.0,15,658053.638,1159428.230,10.48526300,76.44420500,0.000,-0.418,6.8,-6.8,0.5,0.0,1401,1401,RTK FIXED
131.440,063157.80,10.48526400,76.44421100,10.48526400,76.44421103,658054.545,1159428.616,108.00,658054.542,1159428.621,-132.2,15,658053.638,1159428.230,10.48526300,76.44420500,0.000,-0.418,6.8,-6.8,0.0,0.0,1401,1401,RTK FIXED
131.493,063157.80,10.48526400,76.44421100,10.48526400,76.44421102,658054.545,1159428.616,108.00,658054.543,1159428.619,-133.4,15,658053.638,1159428.230,10.48526300,76.44420500,0.000,-0.418,6.8,-6.8,-0.5,0.0,1401,1401,RTK FIXED
131.541,063158.00,10.48526400,76.44421100,10.48526400,76.44421101,658054.561,1159428.600,108.00,658054.550,1159428.611,-134.6,15,658053.638,1159428.230,10.48526300,76.44420500,0.000,-0.405,6.6,-6.6,0.5,0.0,1355,1355,RTK FIXED
131.594,063158.00,10.48526400,76.44421100,10.48526400,76.44421101,658054.561,1159428.600,108.00,658054.555,1159428.607,-135.8,15,658053.638,1159428.230,10.48526300,76.44420500,0.000,-0.405,6.6,-6.6,0.0,0.0,1355,1355,RTK FIXED
131.640,063158.00,10.48526400,76.44421100,10.48526400,76.44421100,658054.561,1159428.600,108.00,658054.557,1159428.604,-136.9,15,658053.638,1159428.230,10.48526300,76.44420500,0.000,-0.405,6.6,-6.6,0.0,0.0,1355,1355,RTK FIXED
131.695,063158.20,10.48526400,76.44421100,10.48526400,76.44421100,658054.576,1159428.583,108.00,658054.565,1159428.595,-138.1,15,658053.638,1159428.230,10.48526300,76.44420500,0.000,-0.401,6.6,-6.6,-0.5,0.0,1344,1344,RTK FIXED
131.740,063158.20,10.48526400,76.44421100,10.48526400,76.44421100,658054.576,1159428.583,108.00,658054.570,1159428.590,-139.2,15,658053.638,1159428.230,10.48526300,76.44420500,0.000,-0.401,6.6,-6.6,0.6,0.0,1344,1344,RTK FIXED
131.795,063158.20,10.48526400,76.44421100,10.48526400,76.44421100,658054.576,1159428.583,108.00,658054.572,1159428.587,-140.4,15,658053.638,1159428.230,10.48526300,76.44420500,0.000,-0.401,6.6,-6.6,0.0,0.0,1344,1344,RTK FIXED
131.841,063158.40,10.48526400,76.44421000,10.48526400,76.44421060,658054.481,1159428.565,108.00,658054.536,1159428.578,-141.5,15,658053.638,1159428.230,10.48526300,76.44420500,0.000,-0.400,6.6,-6.6,0.0,0.0,1341,1341,RTK FIXED
131.894,063158.40,10.48526400,76.44421000,10.48526400,76.44421036,658054.481,1159428.565,108.00,658054.514,1159428.573,-142.7,15,658053.638,1159428.230,10.48526300,76.44420500,0.000,-0.400,6.6,-6.6,0.0,0.0,1341,1341,RTK FIXED
131.941,063158.40,10.48526400,76.44421000,10.48526400,76.44421022,658054.481,1159428.565,108.00,658054.501,1159428.570,-143.8,15,658053.638,1159428.230,10.48526300,76.44420500,0.000,-0.400,6.6,-6.6,0.0,0.0,1341,1341,RTK FIXED
131.994,063158.40,10.48526400,76.44421000,10.48526400,76.44421013,658054.481,1159428.565,108.00,658054.493,1159428.568,-145.0,15,658053.638,1159428.230,10.48526300,76.44420500,0.000,-0.400,6.6,-6.6,-0.5,0.0,1341,1341,RTK FIXED
132.049,063158.40,10.48526400,76.44421000,10.48526400,76.44421008,658054.481,1159428.565,108.00,658054.488,1159428.567,-146.1,15,658053.638,1159428.230,10.48526300,76.44420500,0.000,-0.400,6.6,-6.6,0.0,0.0,1341,1341,RTK FIXED
132.095,063158.40,10.48526400,76.44421000,10.48526400,76.44421005,658054.481,1159428.565,108.00,658054.485,1159428.566,-147.3,15,658053.638,1159428.230,10.48526300,76.44420500,0.000,-0.400,6.6,-6.6,0.0,0.0,1341,1341,RTK FIXED
132.149,063158.60,10.48526400,76.44421000,10.48526400,76.44421003,658054.505,1159428.528,108.00,658054.493,1159428.551,-138.0,15,658053.638,1159428.230,10.48526300,76.44420500,0.000,-0.400,6.5,-6.5,0.0,0.0,1340,1340,RTK FIXED
132.195,063158.60,10.48526400,76.44421000,10.48526400,76.44421002,658054.505,1159428.528,108.00,658054.498,1159428.542,-139.2,15,658053.638,1159428.230,10.48526300,76.44420500,0.000,-0.400,6.5,-6.5,0.0,0.0,1340,1340,RTK FIXED
132.249,063158.60,10.48526400,76.44421000,10.48526400,76.44421001,658054.505,1159428.528,108.00,658054.501,1159428.536,-140.3,15,658053.638,1159428.230,10.48526300,76.44420500,0.000,-0.400,6.5,-6.5,0.0,0.0,1340,1340,RTK FIXED
132.295,063158.60,10.48526400,76.44421000,10.48526400,76.44421001,658054.505,1159428.528,108.00,658054.503,1159428.533,-141.5,15,658053.638,1159428.230,10.48526300,76.44420500,0.000,-0.400,6.5,-6.5,0.0,0.0,1340,1340,RTK FIXED
132.350,063158.80,10.48526400,76.44421000,10.48526400,76.44421000,658054.485,1159428.559,108.00,658054.496,1159428.543,-142.6,15,658053.638,1159428.230,10.48526300,76.44420500,0.000,-0.400,6.5,-6.5,0.0,0.0,1340,1340,RTK FIXED
132.395,063158.80,10.48526400,76.44421000,10.48526400,76.44421000,658054.485,1159428.559,108.00,658054.491,1159428.550,-143.8,15,658053.638,1159428.230,10.48526300,76.44420500,0.000,-0.400,6.5,-6.5,0.0,0.0,1340,1340,RTK FIXED
132.448,063158.80,10.48526400,76.44421000,10.48526400,76.44421000,658054.485,1159428.559,108.00,658054.489,1159428.554,-144.9,15,658053.638,1159428.230,10.48526300,76.44420500,0.000,-0.400,6.5,-6.5,0.0,0.0,1340,1340,RTK FIXED
132.495,063158.80,10.48526400,76.44421000,10.48526400,76.44421000,658054.485,1159428.559,108.00,658054.487,1159428.556,-146.1,15,658053.638,1159428.230,10.48526300,76.44420500,0.000,-0.400,6.5,-6.5,0.0,0.0,1340,1340,RTK FIXED
132.549,063159.00,10.48526400,76.44421000,10.48526400,76.44421000,658054.501,1159428.535,108.00,658054.493,1159428.547,-147.2,15,658053.638,1159428.230,10.48526300,76.44420500,0.000,-0.400,6.5,-6.5,0.0,0.0,1340,1340,RTK FIXED
132.603,063159.00,10.48526400,76.44421000,10.48526400,76.44421000,658054.501,1159428.535,108.00,658054.496,1159428.542,-148.4,15,658053.638,1159428.230,10.48526300,76.44420500,0.000,-0.400,6.5,-6.5,0.5,0.0,1340,1340,RTK FIXED
132.649,063159.00,10.48526400,76.44421000,10.48526400,76.44421000,658054.501,1159428.535,108.00,658054.498,1159428.539,-149.5,15,658053.638,1159428.230,10.48526300,76.44420500,0.000,-0.400,6.5,-6.5,-0.5,0.0,1340,1340,RTK FIXED
132.703,063159.20,10.48526400,76.44421000,10.48526400,76.44421000,658054.512,1159428.515,108.00,658054.504,1159428.530,-150.6,15,658053.638,1159428.230,10.48526300,76.44420500,0.000,-0.400,6.5,-6.5,0.5,0.0,1340,1340,RTK FIXED
132.749,063159.20,10.48526400,76.44421000,10.48526400,76.44421000,658054.512,1159428.515,108.00,658054.507,1159428.524,-151.8,15,658053.638,1159428.230,10.48526300,76.44420500,0.000,-0.400,6.5,-6.5,-0.5,0.0,1340,1340,RTK FIXED
132.804,063159.40,10.48526500,76.44421000,10.48526440,76.44421000,658054.518,1159428.613,108.00,658054.512,1159428.559,-152.9,15,658053.638,1159428.230,10.48526300,76.44420500,0.000,-0.400,6.5,-6.5,0.5,0.0,1340,1340,RTK FIXED
132.850,063159.40,10.48526500,76.44421000,10.48526464,76.44421000,658054.518,1159428.613,108.00,658054.514,1159428.581,-154.1,15,658053.638,1159428.230,10.48526300,76.44420500,0.000,-0.400,6.5,-6.5,-0.5,0.0,1340,1340,RTK FIXED
132.903,063159.40,10.48526500,76.44421000,10.48526478,76.44421000,658054.518,1159428.613,108.00,658054.516,1159428.594,-155.2,15,658053.638,1159428.230,10.48526300,76.44420500,0.000,-0.400,6.5,-6.5,0.5,0.0,1340,1340,RTK FIXED
132.950,063159.40,10.48526500,76.44421000,10.48526487,76.44421000,658054.518,1159428.613,108.00,658054.517,1159428.601,-156.4,15,658053.638,1159428.230,10.48526300,76.44420500,0.000,-0.400,6.5,-6.5,-0.5,0.0,1340,1340,RTK FIXED
133.003,063159.40,10.48526500,76.44421000,10.48526492,76.44421000,658054.518,1159428.613,108.00,658054.518,1159428.606,-157.5,15,658053.638,1159428.230,10.48526300,76.44420500,0.000,-0.400,6.5,-6.5,0.0,0.0,1340,1340,RTK FIXED
133.050,063159.40,10.48526500,76.44421000,10.48526495,76.44421000,658054.518,1159428.613,108.00,658054.518,1159428.609,-158.7,15,658053.638,1159428.230,10.48526300,76.44420500,0.000,-0.400,6.5,-6.5,0.5,-0.5,1340,1340,RTK FIXED
133.267,063159.60,10.48526500,76.44421000,10.48526497,76.44421000,658054.535,1159428.572,108.00,658054.525,1159428.594,-159.8,15,658053.638,1159428.230,10.48526300,76.44420500,0.366,-0.100,10.0,8.5,0.0,-1.4,450,450,RTK FIXED
133.303,063159.60,10.48526500,76.44421000,10.48526498,76.44421000,658054.535,1159428.572,108.00,658054.529,1159428.585,-159.8,15,658053.638,1159428.230,10.48526300,76.44420500,0.366,-0.100,10.0,8.5,0.0,-0.7,900,900,RTK FIXED
133.350,063159.80,10.48526500,76.44420900,10.48526499,76.44420960,658054.426,1159428.571,108.00,658054.488,1159428.579,-159.8,15,658053.638,1159428.230,10.48526300,76.44420500,0.366,-0.025,10.0,9.6,-0.5,0.0,1350,1350,RTK FIXED
133.403,063159.80,10.48526500,76.44420900,10.48526499,76.44420936,658054.426,1159428.571,108.00,658054.463,1159428.576,-159.8,15,658053.638,1159428.230,10.48526300,76.44420500,0.366,-0.025,10.0,9.6,0.0,0.0,1800,1800,RTK FIXED
133.450,063159.80,10.48526500,76.44420900,10.48526500,76.44420922,658054.426,1159428.571,108.00,658054.448,1159428.574,-159.8,15,658053.638,1159428.230,10.48526300,76.44420500,0.366,-0.025,10.0,9.6,0.0,0.0,2047,1965,RTK FIXED
133.503,063159.80,10.48526500,76.44420900,10.48526500,76.44420913,658054.426,1159428.571,108.00,658054.439,1159428.573,-159.8,15,658053.638,1159428.230,10.48526300,76.44420500,0.366,-0.025,10.0,9.6,0.5,0.0,2047,1965,RTK FIXED
133.550,063200.00,10.48526500,76.44420900,10.48526500,76.44420908,658054.426,1159428.571,108.00,658054.434,1159428.572,-159.8,15,658053.638,1159428.230,10.48526300,76.44420500,0.366,-0.005,10.0,9.9,0.0,0.0,2047,2030,RTK FIXED
133.604,063200.00,10.48526500,76.44420900,10.48526500,76.44420905,658054.426,1159428.571,108.00,658054.430,1159428.572,-159.8,15,658053.638,1159428.230,10.48526300,76.44420500,0.366,-0.005,10.0,9.9,-0.5,-0.9,2047,2030,RTK FIXED
133.650,063200.00,10.48526500,76.44420900,10.48526500,76.44420903,658054.426,1159428.571,108.00,658054.429,1159428.571,-159.8,15,658053.638,1159428.230,10.48526300,76.44420500,0.366,-0.005,10.0,9.9,0.5,0.5,2047,2030,RTK FIXED
133.867,063200.20,10.48526600,76.44420900,10.48526540,76.44420902,658054.425,1159428.682,108.00,658054.427,1159428.616,-175.3,15,658053.638,1159428.230,10.48526300,76.44420500,0.000,0.299,-4.9,4.9,0.0,0.7,450,450,RTK FIXED
133.905,063200.40,10.48526600,76.44420900,10.48526564,76.44420901,658054.444,1159428.589,108.00,658054.434,1159428.605,-174.5,15,658053.638,1159428.230,10.48526300,76.44420500,0.000,0.375,-6.1,6.1,0.0,0.0,900,900,RTK FIXED
133.950,063200.40,10.48526600,76.44420900,10.48526578,76.44420901,658054.444,1159428.589,108.00,658054.438,1159428.599,-173.4,15,658053.638,1159428.230,10.48526300,76.44420500,0.000,0.375,-6.1,6.1,-0.6,0.0,1255,1255,RTK FIXED
134.004,063200.40,10.48526600,76.44420900,10.48526587,76.44420900,658054.444,1159428.589,108.00,658054.440,1159428.595,-172.3,15,658053.638,1159428.230,10.48526300,76.44420500,0.000,0.375,-6.1,6.1,0.5,0.0,1255,1255,RTK FIXED
134.050,063200.40,10.48526600,76.44420900,10.48526592,76.44420900,658054.444,1159428.589,108.00,658054.442,1159428.593,-171.2,15,658053.638,1159428.230,10.48526300,76.44420500,0.000,0.375,-6.1,6.1,-0.5,0.0,1255,1255,RTK FIXED
134.105,063200.60,10.48526600,76.44420900,10.48526595,76.44420900,658054.441,1159428.617,108.00,658054.441,1159428.602,-170.2,15,658053.638,1159428.230,10.48526300,76.44420500,0.000,0.394,-6.4,6.4,0.5,0.0,1319,1319,RTK FIXED
134.151,063200.60,10.48526600,76.44420900,10.48526597,76.44420900,658054.441,1159428.617,108.00,658054.441,1159428.608,-169.0,15,658053.638,1159428.230,10.48526300,76.44420500,0.000,0.394,-6.4,6.4,0.0,0.0,1319,1319,RTK FIXED
134.205,063200.60,10.48526600,76.44420900,10.48526598,76.44420900,658054.441,1159428.617,108.00,658054.441,1159428.612,-167.9,15,658053.638,1159428.230,10.48526300,76.44420500,0.000,0.394,-6.4,6.4,-0.5,0.5,1319,1319,RTK FIXED
134.250,063200.60,10.48526600,76.44420900,10.48526599,76.44420900,658054.441,1159428.617,108.00,658054.441,1159428.614,-166.8,15,658053.638,1159428.230,10.48526300,76.44420500,0.000,0.394,-6.4,6.4,0.5,1.1,1319,1319,RTK FIXED
134.305,063200.60,10.48526600,76.44420900,10.48526599,76.44420900,658054.441,1159428.617,108.00,658054.441,1159428.615,-165.6,15,658053.638,1159428.230,10.48526300,76.44420500,0.000,0.394,-6.4,6.4,0.0,1.4,1319,1319,RTK FIXED
134.359,063200.80,10.48526600,76.44420900,10.48526600,76.44420900,658054.434,1159428.653,108.00,658054.438,1159428.630,-164.5,15,658053.638,1159428.230,10.48526300,76.44420500,0.000,0.398,-6.5,6.5,-0.5,1.9,1335,1335,RTK FIXED
134.405,063200.80,10.48526600,76.44420900,10.48526600,76.44420900,658054.434,1159428.653,108.00,658054.436,1159428.639,-163.4,15,658053.638,1159428.230,10.48526300,76.44420500,0.000,0.398,-6.5,6.5,0.5,2.2,1335,1335,RTK FIXED
134.458,063200.80,10.48526600,76.44420900,10.48526600,76.44420900,658054.434,1159428.653,108.00,658054.435,1159428.644,-162.2,15,658053.638,1159428.230,10.48526300,76.44420500,0.000,0.398,-6.5,6.5,0.0,2.8,1335,1335,RTK FIXED
134.505,063201.00,10.48526600,76.44420900,10.48526600,76.44420900,658054.428,1159428.674,108.00,658054.432,1159428.656,-161.1,15,658053.638,1159428.230,10.48526300,76.44420500,0.000,0.400,-6.5,6.5,0.0,3.2,1339,1339,RTK FIXED
134.559,063201.00,10.48526600,76.44420900,10.48526600,76.44420900,658054.428,1159428.674,108.00,658054.430,1159428.663,-160.0,15,658053.638,1159428.230,10.48526300,76.44420500,0.000,0.400,-6.5,6.5,0.0,3.7,1339,1339,RTK FIXED
134.604,063201.00,10.48526600,76.44420900,10.48526600,76.44420900,658054.428,1159428.674,108.00,658054.429,1159428.667,-158.8,15,658053.638,1159428.230,10.48526300,76.44420500,0.000,0.400,-6.5,6.5,-0.6,3.9,1339,1339,RTK FIXED
134.659,063201.20,10.48526600,76.44420900,10.48526600,76.44420900,658054.420,1159428.695,108.00,658054.426,1159428.678,-157.7,15,658053.638,1159428.230,10.48526300,76.44420500,0.000,0.400,-6.5,6.5,0.0,4.1,1340,1340,RTK FIXED
134.705,063201.20,10.48526600,76.44420900,10.48526600,76.44420900,658054.420,1159428.695,108.00,658054.424,1159428.685,-156.5,15,658053.638,1159428.230,10.48526300,76.44420500,0.000,0.400,-6.5,6.5,0.0,4.9,1340,1340,RTK FIXED
134.759,063201.20,10.48526600,76.44420900,10.48526600,76.44420900,658054.420,1159428.695,108.00,658054.422,1159428.689,-155.4,15,658053.638,1159428.230,10.48526300,76.44420500,0.000,0.400,-6.5,6.5,0.0,5.1,1340,1340,RTK FIXED
134.968,063201.40,10.48526600,76.44420900,10.48526600,76.44420900,658054.412,1159428.715,108.00,658054.418,1159428.699,-154.2,15,658053.638,1159428.230,10.48526300,76.44420500,0.366,0.117,8.3,10.0,0.0,4.5,450,450,RTK FIXED
135.005,063201.40,10.48526600,76.44420900,10.48526600,76.44420900,658054.412,1159428.715,108.00,658054.416,1159428.706,-154.2,15,658053.638,1159428.230,10.48526300,76.44420500,0.366,0.117,8.3,10.0,0.7,3.3,900,900,RTK FIXED
135.051,063201.40,10.48526600,76.44420900,10.48526600,76.44420900,658054.412,1159428.715,108.00,658054.414,1159428.710,-154.2,15,658053.638,1159428.230,10.48526300,76.44420500,0.366,0.117,8.3,10.0,0.0,2.2,1350,1350,RTK FIXED
135.106,063201.60,10.48526500,76.44420900,10.48526560,76.44420900,658054.412,1159428.605,108.00,658054.414,1159428.668,-154.2,15,658053.638,1159428.230,10.48526300,76.44420500,0.366,0.035,9.4,10.0,0.0,1.4,1800,1800,RTK FIXED
135.151,063201.60,10.48526500,76.44420900,10.48526536,76.44420900,658054.412,1159428.605,108.00,658054.413,1159428.642,-154.2,15,658053.638,1159428.230,10.48526300,76.44420500,0.366,0.035,9.4,10.0,0.0,0.6,1932,2047,RTK FIXED
135.205,063201.60,10.48526500,76.44420900,10.48526522,76.44420900,658054.412,1159428.605,108.00,658054.413,1159428.627,-154.2,15,658053.638,1159428.230,10.48526300,76.44420500,0.366,0.035,9.4,10.0,-0.5,2.3,1932,2047,RTK FIXED
135.252,063201.60,10.48526500,76.44420900,10.48526513,76.44420900,658054.412,1159428.605,108.00,658054.413,1159428.618,-154.2,15,658053.638,1159428.230,10.48526300,76.44420500,0.366,0.035,9.4,10.0,0.0,4.3,1932,2047,RTK FIXED
135.306,063201.80,10.48526500,76.44420900,10.48526508,76.44420900,658054.412,1159428.605,108.00,658054.413,1159428.613,-154.2,15,658053.638,1159428.230,10.48526300,76.44420500,0.366,0.009,9.9,10.0,0.5,5.5,2018,2047,RTK FIXED
135.351,063201.80,10.48526500,76.44420900,10.48526505,76.44420900,658054.412,1159428.605,108.00,658054.413,1159428.610,-154.2,15,658053.638,1159428.230,10.48526300,76.44420500,0.366,0.009,9.9,10.0,0.0,6.8,2018,2047,RTK FIXED
135.406,063201.80,10.48526500,76.44420900,10.48526503,76.44420900,658054.412,1159428.605,108.00,658054.413,1159428.608,-154.2,15,658053.638,1159428.230,10.48526300,76.44420500,0.366,0.009,9.9,10.0,0.0,8.2,2018,2047,RTK FIXED
135.452,063201.80,10.48526500,76.44420900,10.48526502,76.44420900,658054.412,1159428.605,108.00,658054.413,1159428.606,-154.2,15,658053.638,1159428.230,10.48526300,76.44420500,0.366,0.009,9.9,10.0,0.0,8.7,2018,2047,RTK FIXED
135.505,063201.80,10.48526500,76.44420900,10.48526501,76.44420900,658054.412,1159428.605,108.00,658054.412,1159428.606,-154.2,15,658053.638,1159428.230,10.48526300,76.44420500,0.366,0.009,9.9,10.0,0.0,9.8,2018,2047,RTK FIXED
135.560,063202.00,10.48526500,76.44420900,10.48526501,76.44420900,658054.412,1159428.605,108.00,658054.412,1159428.605,-154.2,15,658053.638,1159428.230,10.48526300,76.44420500,0.366,0.002,10.0,10.0,-0.5,10.5,2040,2047,RTK FIXED
135.606,063202.00,10.48526500,76.44420900,10.48526500,76.44420900,658054.412,1159428.605,108.00,658054.412,1159428.605,-154.2,15,658053.638,1159428.230,10.48526300,76.44420500,0.366,0.002,10.0,10.0,0.5,11.4,2040,2047,RTK FIXED
135.660,063202.20,10.48526500,76.44420900,10.48526500,76.44420900,658054.412,1159428.605,108.00,658054.412,1159428.605,-154.2,15,658053.638,1159428.230,10.48526300,76.44420500,0.366,0.001,10.0,10.0,0.0,12.0,2045,2047,RTK FIXED
135.706,063202.20,10.48526500,76.44420900,10.48526500,76.44420900,658054.412,1159428.605,108.00,658054.412,1159428.605,-154.2,15,658053.638,1159428.230,10.48526300,76.44420500,0.366,0.001,10.0,10.0,0.0,12.5,2045,2047,RTK FIXED
135.760,063202.20,10.48526500,76.44420900,10.48526500,76.44420900,658054.412,1159428.605,108.00,658054.412,1159428.605,-154.2,15,658053.638,1159428.230,10.48526300,76.44420500,0.366,0.001,10.0,10.0,0.0,13.5,2045,2047,RTK FIXED
135.806,063202.40,10.48526500,76.44420900,10.48526500,76.44420900,658054.412,1159428.605,108.00,658054.412,1159428.605,-154.2,15,658053.638,1159428.230,10.48526300,76.44420500,0.366,0.000,10.0,10.0,0.0,14.0,2047,2047,RTK FIXED
135.859,063202.40,10.48526500,76.44420900,10.48526500,76.44420900,658054.412,1159428.605,108.00,658054.412,1159428.605,-154.2,15,658053.638,1159428.230,10.48526300,76.44420500,0.366,0.000,10.0,10.0,-0.5,15.1,2047,2047,RTK FIXED
135.906,063202.40,10.48526500,76.44420900,10.48526500,76.44420900,658054.412,1159428.605,108.00,658054.412,1159428.605,-154.2,15,658053.638,1159428.230,10.48526300,76.44420500,0.366,0.000,10.0,10.0,0.5,15.5,2047,2047,RTK FIXED
135.960,063202.40,10.48526500,76.44420900,10.48526500,76.44420900,658054.412,1159428.605,108.00,658054.412,1159428.605,-154.2,15,658053.638,1159428.230,10.48526300,76.44420500,0.366,0.000,10.0,10.0,0.0,15.8,2047,2047,RTK FIXED
136.006,063202.40,10.48526500,76.44420900,10.48526500,76.44420900,658054.412,1159428.605,108.00,658054.412,1159428.605,-154.2,15,658053.638,1159428.230,10.48526300,76.44420500,0.366,0.000,10.0,10.0,-0.5,17.3,2047,2047,RTK FIXED
136.060,063202.40,10.48526500,76.44420900,10.48526500,76.44420900,658054.412,1159428.605,108.00,658054.412,1159428.605,-154.2,15,658053.638,1159428.230,10.48526300,76.44420500,0.366,0.000,10.0,10.0,0.0,17.2,2047,2047,RTK FIXED
136.106,063202.60,10.48526500,76.44420900,10.48526500,76.44420900,658054.412,1159428.605,108.00,658054.412,1159428.605,-154.2,15,658053.638,1159428.230,10.48526300,76.44420500,0.366,0.000,10.0,10.0,0.0,18.4,2047,2047,RTK FIXED
136.160,063202.60,10.48526500,76.44420900,10.48526500,76.44420900,658054.412,1159428.605,108.00,658054.412,1159428.605,-154.2,15,658053.638,1159428.230,10.48526300,76.44420500,0.366,0.000,10.0,10.0,0.5,18.6,2047,2047,RTK FIXED
136.214,063202.60,10.48526500,76.44420900,10.48526500,76.44420900,658054.412,1159428.605,108.00,658054.412,1159428.605,-154.2,15,658053.638,1159428.230,10.48526300,76.44420500,0.366,0.000,10.0,10.0,-0.5,19.0,2047,2047,RTK FIXED
136.260,063202.60,10.48526500,76.44420900,10.48526500,76.44420900,658054.412,1159428.605,108.00,658054.412,1159428.605,-154.2,15,658053.638,1159428.230,10.48526300,76.44420500,0.366,0.000,10.0,10.0,0.5,18.4,2047,2047,RTK FIXED
136.315,063202.80,10.48526500,76.44420800,10.48526500,76.44420860,658054.303,1159428.604,108.00,658054.369,1159428.604,-154.2,15,658053.638,1159428.230,10.48526300,76.44420500,0.366,0.001,10.0,10.0,-0.5,19.3,2044,2047,RTK FIXED
136.360,063202.80,10.48526500,76.44420800,10.48526500,76.44420836,658054.303,1159428.604,108.00,658054.342,1159428.604,-154.2,15,658053.638,1159428.230,10.48526300,76.44420500,0.366,0.001,10.0,10.0,0.0,19.1,2044,2047,RTK FIXED
136.414,063202.80,10.48526500,76.44420800,10.48526500,76.44420822,658054.303,1159428.604,108.00,658054.327,1159428.604,-154.2,15,658053.638,1159428.230,10.48526300,76.44420500,0.366,0.001,10.0,10.0,0.0,19.4,2044,2047,RTK FIXED
136.461,063202.80,10.48526500,76.44420800,10.48526500,76.44420813,658054.303,1159428.604,108.00,658054.317,1159428.604,-154.2,15,658053.638,1159428.230,10.48526300,76.44420500,0.366,0.001,10.0,10.0,0.0,19.5,2044,2047,RTK FIXED
136.515,063203.00,10.48526400,76.44420800,10.48526460,76.44420808,658054.304,1159428.494,108.00,658054.312,1159428.560,-153.8,15,658053.638,1159428.230,10.48526300,76.44420500,0.366,0.000,10.0,10.0,0.0,19.8,2046,2047,RTK FIXED
136.561,063203.00,10.48526400,76.44420800,10.48526436,76.44420805,658054.304,1159428.494,108.00,658054.308,1159428.533,-153.8,15,658053.638,1159428.230,10.48526300,76.44420500,0.366,0.000,10.0,10.0,0.5,19.1,2046,2047,RTK FIXED
136.614,063203.00,10.48526400,76.44420800,10.48526422,76.44420803,658054.304,1159428.494,108.00,658054.306,1159428.517,-153.8,15,658053.638,1159428.230,10.48526300,76.44420500,0.366,0.000,10.0,10.0,0.0,18.8,2046,2047,RTK FIXED
136.661,063203.00,10.48526400,76.44420800,10.48526413,76.44420802,658054.304,1159428.494,108.00,658054.305,1159428.508,-153.8,15,658053.638,1159428.230,10.48526300,76.44420500,0.366,0.000,10.0,10.0,-0.5,19.2,2046,2047,RTK FIXED
136.714,063203.20,10.48526400,76.44420800,10.48526408,76.44420801,658054.302,1159428.496,108.00,658054.304,1159428.503,-153.8,15,658053.638,1159428.230,10.48526300,76.44420500,0.366,-0.003,10.0,9.9,0.5,17.8,2047,2037,RTK FIXED
136.769,063203.20,10.48526400,76.44420800,10.48526405,76.44420801,658054.302,1159428.496,108.00,658054.303,1159428.501,-153.8,15,658053.638,1159428.230,10.48526300,76.44420500,0.366,-0.003,10.0,9.9,-0.5,18.4,2047,2037,RTK FIXED
136.815,063203.40,10.48526400,76.44420700,10.48526403,76.44420760,658054.193,1159428.496,108.00,658054.259,1159428.499,-152.3,15,658053.638,1159428.230,10.48526300,76.44420500,0.366,-0.006,10.0,9.9,0.5,18.2,2047,2027,RTK FIXED
136.869,063203.40,10.48526400,76.44420700,10.48526402,76.44420736,658054.193,1159428.496,108.00,658054.233,1159428.498,-152.3,15,658053.638,1159428.230,10.48526300,76.44420500,0.366,-0.006,10.0,9.9,0.0,18.7,2047,2027,RTK FIXED
136.915,063203.40,10.48526400,76.44420700,10.48526401,76.44420722,658054.193,1159428.496,108.00,658054.217,1159428.497,-152.3,15,658053.638,1159428.230,10.48526300,76.44420500,0.366,-0.006,10.0,9.9,-0.5,18.3,2047,2027,RTK FIXED
136.969,063203.40,10.48526400,76.44420700,10.48526401,76.44420713,658054.193,1159428.496,108.00,658054.207,1159428.496,-152.3,15,658053.638,1159428.230,10.48526300,76.44420500,0.366,-0.006,10.0,9.9,0.0,19.2,2047,2027,RTK FIXED
137.015,063203.40,10.48526400,76.44420700,10.48526400,76.44420708,658054.193,1159428.496,108.00,658054.201,1159428.496,-152.3,15,658053.638,1159428.230,10.48526300,76.44420500,0.366,-0.006,10.0,9.9,0.5,18.9,2047,2027,RTK FIXED
137.068,063203.40,10.48526400,76.44420700,10.48526400,76.44420705,658054.193,1159428.496,108.00,658054.198,1159428.496,-152.3,15,658053.638,1159428.230,10.48526300,76.44420500,0.366,-0.006,10.0,9.9,0.0,19.8,2047,2027,RTK FIXED
137.115,063203.60,10.48526400,76.44420700,10.48526400,76.44420703,658054.189,1159428.504,108.00,658054.194,1159428.499,-152.3,15,658053.638,1159428.230,10.48526300,76.44420500,0.366,-0.001,10.0,10.0,-0.5,19.0,2047,2042,RTK FIXED
137.169,063203.60,10.48526400,76.44420700,10.48526400,76.44420702,658054.189,1159428.504,108.00,658054.192,1159428.501,-152.3,15,658053.638,1159428.230,10.48526300,76.44420500,0.366,-0.001,10.0,10.0,0.0,19.2,2047,2042,RTK FIXED
137.214,063203.60,10.48526400,76.44420700,10.48526400,76.44420701,658054.189,1159428.504,108.00,658054.191,1159428.502,-152.3,15,658053.638,1159428.230,10.48526300,76.44420500,0.366,-0.001,10.0,10.0,0.5,18.6,2047,2042,RTK FIXED
137.269,063203.60,10.48526400,76.44420700,10.48526400,76.44420701,658054.189,1159428.504,108.00,658054.190,1159428.503,-152.3,15,658053.638,1159428.230,10.48526300,76.44420500,0.366,-0.001,10.0,10.0,-0.5,18.7,2047,2042,RTK FIXED
137.323,063203.80,10.48526400,76.44420700,10.48526400,76.44420700,658054.189,1159428.504,108.00,658054.190,1159428.504,-152.3,15,658053.638,1159428.230,10.48526300,76.44420500,0.366,-0.000,10.0,10.0,0.0,18.0,2047,2046,RTK FIXED
137.369,063203.80,10.48526400,76.44420700,10.48526400,76.44420700,658054.189,1159428.504,108.00,658054.189,1159428.504,-152.3,15,658053.638,1159428.230,10.48526300,76.44420500,0.366,-0.000,10.0,10.0,0.5,18.5,2047,2046,RTK FIXED
137.423,063203.80,10.48526400,76.44420700,10.48526400,76.44420700,658054.189,1159428.504,108.00,658054.189,1159428.504,-152.3,15,658053.638,1159428.230,10.48526300,76.44420500,0.366,-0.000,10.0,10.0,0.0,19.1,2047,2046,RTK FIXED
137.469,063203.80,10.48526400,76.44420700,10.48526400,76.44420700,658054.189,1159428.504,108.00,658054.189,1159428.504,-152.3,15,658053.638,1159428.230,10.48526300,76.44420500,0.366,-0.000,10.0,10.0,0.0,18.3,2047,2046,RTK FIXED
137.523,063204.00,10.48526300,76.44420600,10.48526360,76.44420660,658054.080,1159428.393,108.00,658054.145,1159428.460,-152.4,15,658053.638,1159428.230,10.48526300,76.44420500,0.366,-0.000,10.0,10.0,0.0,18.5,2047,2047,RTK FIXED
137.569,063204.00,10.48526300,76.44420600,10.48526336,76.44420636,658054.080,1159428.393,108.00,658054.119,1159428.433,-152.4,15,658053.638,1159428.230,10.48526300,76.44420500,0.366,-0.000,10.0,10.0,-0.5,19.0,2047,2047,RTK FIXED
137.623,063204.20,10.48526300,76.44420600,10.48526322,76.44420622,658054.080,1159428.392,108.00,658054.104,1159428.417,-152.4,15,658053.638,1159428.230,10.48526300,76.44420500,0.366,-0.002,10.0,10.0,0.5,19.4,2047,2039,RTK FIXED
137.669,063204.20,10.48526300,76.44420600,10.48526313,76.44420613,658054.080,1159428.392,108.00,658054.094,1159428.407,-152.4,15,658053.638,1159428.230,10.48526300,76.44420500,0.366,-0.002,10.0,10.0,-0.5,18.6,2047,2039,RTK FIXED
137.723,063204.20,10.48526300,76.44420600,10.48526308,76.44420608,658054.080,1159428.392,108.00,658054.089,1159428.401,-152.4,15,658053.638,1159428.230,10.48526300,76.44420500,0.366,-0.002,10.0,10.0,0.0,18.5,2047,2039,RTK FIXED
137.769,063204.20,10.48526300,76.44420600,10.48526305,76.44420605,658054.080,1159428.392,108.00,658054.085,1159428.398,-152.4,15,658053.638,1159428.230,10.48526300,76.44420500,0.366,-0.002,10.0,10.0,0.5,18.7,2047,2039,RTK FIXED
137.824,063204.40,10.48526300,76.44420600,10.48526303,76.44420603,658054.080,1159428.392,108.00,658054.083,1159428.396,-152.4,15,658053.638,1159428.230,10.48526300,76.44420500,0.366,-0.004,10.0,9.9,0.0,18.2,2047,2033,RTK FIXED
137.870,063204.40,10.48526300,76.44420600,10.48526302,76.44420602,658054.080,1159428.392,108.00,658054.082,1159428.394,-152.4,15,658053.638,1159428.230,10.48526300,76.44420500,0.366,-0.004,10.0,9.9,0.0,17.4,2047,2033,RTK FIXED
137.923,063204.40,10.48526300,76.44420600,10.48526301,76.44420601,658054.080,1159428.392,108.00,658054.081,1159428.394,-152.4,15,658053.638,1159428.230,10.48526300,76.44420500,0.366,-0.004,10.0,9.9,0.0,17.7,2047,2033,RTK FIXED
137.978,063204.40,10.48526300,76.44420600,10.48526301,76.44420601,658054.080,1159428.392,108.00,658054.081,1159428.393,-152.4,15,658053.638,1159428.230,10.48526300,76.44420500,0.366,-0.004,10.0,9.9,-0.5,16.6,2047,2033,RTK FIXED
138.023,063204.40,10.48526300,76.44420600,10.48526300,76.44420600,658054.080,1159428.392,108.00,658054.081,1159428.393,-152.4,15,658053.638,1159428.230,10.48526300,76.44420500,0.366,-0.004,10.0,9.9,0.0,16.3,2047,2033,RTK FIXED
138.077,063204.40,10.48526300,76.44420600,10.48526300,76.44420600,658054.080,1159428.392,108.00,658054.080,1159428.393,-152.4,15,658053.638,1159428.230,10.48526300,76.44420500,0.366,-0.004,10.0,9.9,0.5,16.9,2047,2033,RTK FIXED
138.124,063204.60,10.48526300,76.44420500,10.48526300,76.44420560,658053.971,1159428.392,108.00,658054.037,1159428.392,-152.6,15,658053.638,1159428.230,10.48526300,76.44420500,0.362,-0.001,10.0,10.0,-0.5,16.4,2047,2043,RTK FIXED
138.178,063204.60,10.48526300,76.44420500,10.48526300,76.44420536,658053.971,1159428.392,108.00,658054.010,1159428.392,-152.6,15,658053.638,1159428.230,10.48526300,76.44420500,0.362,-0.001,10.0,10.0,0.0,16.4,2047,2043,RTK FIXED
138.223,063204.60,10.48526300,76.44420500,10.48526300,76.44420522,658053.971,1159428.392,108.00,658053.994,1159428.392,-152.6,15,658053.638,1159428.230,10.48526300,76.44420500,0.362,-0.001,10.0,10.0,0.0,16.4,2047,2043,RTK FIXED
138.277,063204.60,10.48526300,76.44420500,10.48526300,76.44420513,658053.971,1159428.392,108.00,658053.985,1159428.392,-152.6,15,658053.638,1159428.230,10.48526300,76.44420500,0.362,-0.001,10.0,10.0,0.0,16.8,2047,2043,RTK FIXED
138.325,063204.80,10.48526300,76.44420500,10.48526300,76.44420508,658053.971,1159428.391,108.00,658053.979,1159428.392,-152.6,15,658053.638,1159428.230,10.48526300,76.44420500,0.336,-0.000,10.0,10.0,0.5,16.8,2047,2046,RTK FIXED
138.377,063204.80,10.48526300,76.44420500,10.48526300,76.44420505,658053.971,1159428.391,108.00,658053.976,1159428.391,-152.6,15,658053.638,1159428.230,10.48526300,76.44420500,0.336,-0.000,10.0,10.0,0.0,16.6,2047,2046,RTK FIXED
138.423,063204.80,10.48526300,76.44420500,10.48526300,76.44420503,658053.971,1159428.391,108.00,658053.974,1159428.391,-152.6,15,658053.638,1159428.230,10.48526300,76.44420500,0.336,-0.000,10.0,10.0,-0.5,16.3,2047,2046,RTK FIXED
138.478,063204.80,10.48526300,76.44420500,10.48526300,76.44420502,658053.971,1159428.391,108.00,658053.973,1159428.391,-152.6,15,658053.638,1159428.230,10.48526300,76.44420500,0.336,-0.000,10.0,10.0,0.0,16.0,2047,2046,RTK FIXED
138.535,063205.00,10.48526300,76.44420400,10.48526300,76.44420461,658053.862,1159428.390,108.00,658053.929,1159428.391,-158.9,16,658052.765,1159427.673,10.48525800,76.44419700,0.362,0.051,9.2,10.0,0.4,16.3,1880,2047,RTK FIXED
138.578,063205.00,10.48526300,76.44420400,10.48526300,76.44420437,658053.862,1159428.390,108.00,658053.902,1159428.391,-158.9,16,658052.765,1159427.673,10.48525800,76.44419700,0.362,0.051,9.2,10.0,-0.6,16.1,1880,2047,RTK FIXED
138.633,063205.20,10.48526400,76.44420400,10.48526340,76.44420422,658053.877,1159428.463,108.00,658053.892,1159428.420,-158.9,16,658052.765,1159427.673,10.48525800,76.44419700,0.360,0.076,8.8,10.0,0.5,17.0,1803,2047,RTK FIXED
138.678,063205.20,10.48526400,76.44420400,10.48526364,76.44420413,658053.877,1159428.463,108.00,658053.886,1159428.437,-158.9,16,658052.765,1159427.673,10.48525800,76.44419700,0.360,0.076,8.8,10.0,0.0,18.1,1803,2047,RTK FIXED
138.731,063205.20,10.48526400,76.44420400,10.48526378,76.44420408,658053.877,1159428.463,108.00,658053.882,1159428.448,-158.9,16,658052.765,1159427.673,10.48525800,76.44419700,0.360,0.076,8.8,10.0,0.0,17.1,1803,2047,RTK FIXED
138.777,063205.20,10.48526400,76.44420400,10.48526387,76.44420405,658053.877,1159428.463,108.00,658053.880,1159428.454,-158.9,16,658052.765,1159427.673,10.48525800,76.44419700,0.360,0.076,8.8,10.0,0.0,18.2,1803,2047,RTK FIXED
138.833,063205.40,10.48526400,76.44420400,10.48526392,76.44420403,658053.877,1159428.463,108.00,658053.879,1159428.458,-158.9,16,658052.765,1159427.673,10.48525800,76.44419700,0.358,0.089,8.6,10.0,0.0,17.3,1763,2047,RTK FIXED
138.878,063205.40,10.48526400,76.44420400,10.48526395,76.44420402,658053.877,1159428.463,108.00,658053.878,1159428.460,-158.9,16,658052.765,1159427.673,10.48525800,76.44419700,0.358,0.089,8.6,10.0,0.0,17.4,1763,2047,RTK FIXED
138.932,063205.40,10.48526400,76.44420400,10.48526397,76.44420401,658053.877,1159428.463,108.00,658053.878,1159428.461,-158.9,16,658052.765,1159427.673,10.48525800,76.44419700,0.358,0.089,8.6,10.0,-0.5,17.6,1763,2047,RTK FIXED
138.978,063205.40,10.48526400,76.44420400,10.48526398,76.44420401,658053.877,1159428.463,108.00,658053.877,1159428.462,-158.9,16,658052.765,1159427.673,10.48525800,76.44419700,0.358,0.089,8.6,10.0,0.5,17.3,1763,2047,RTK FIXED
139.032,063205.40,10.48526400,76.44420400,10.48526399,76.44420400,658053.877,1159428.463,108.00,658053.877,1159428.463,-158.9,16,658052.765,1159427.673,10.48525800,76.44419700,0.358,0.089,8.6,10.0,-0.5,16.9,1763,2047,RTK FIXED
139.080,063205.40,10.48526400,76.44420400,10.48526399,76.44420400,658053.877,1159428.463,108.00,658053.877,1159428.463,-158.9,16,658052.765,1159427.673,10.48525800,76.44419700,0.358,0.089,8.6,10.0,0.0,17.7,1763,2047,RTK FIXED
139.296,063205.60,10.48526400,76.44420300,10.48526400,76.44420360,658053.768,1159428.463,108.00,658053.833,1159428.463,-173.0,16,658052.765,1159427.673,10.48525800,76.44419700,0.000,0.348,-5.7,5.7,0.0,16.3,450,450,RTK FIXED
139.333,063205.80,10.48526400,76.44420300,10.48526400,76.44420336,658053.787,1159428.380,108.00,658053.815,1159428.430,-172.1,16,658052.765,1159427.673,10.48525800,76.44419700,0.000,0.397,-6.5,6.5,0.7,14.1,900,900,RTK FIXED
139.379,063205.80,10.48526400,76.44420300,10.48526400,76.44420322,658053.787,1159428.380,108.00,658053.803,1159428.410,-170.9,16,658052.765,1159427.673,10.48525800,76.44419700,0.000,0.397,-6.5,6.5,-0.5,12.5,1330,1330,RTK FIXED
139.434,063205.80,10.48526400,76.44420300,10.48526400,76.44420313,658053.787,1159428.380,108.00,658053.797,1159428.398,-169.8,16,658052.765,1159427.673,10.48525800,76.44419700,0.000,0.397,-6.5,6.5,0.0,11.6,1330,1330,RTK FIXED
139.479,063205.80,10.48526400,76.44420300,10.48526400,76.44420308,658053.787,1159428.380,108.00,658053.793,1159428.391,-168.6,16,658052.765,1159427.673,10.48525800,76.44419700,0.000,0.397,-6.5,6.5,0.5,9.7,1330,1330,RTK FIXED
139.533,063206.00,10.48526400,76.44420300,10.48526400,76.44420305,658053.782,1159428.409,108.00,658053.788,1159428.398,-167.5,16,658052.765,1159427.673,10.48525800,76.44419700,0.000,0.399,-6.5,6.5,0.0,9.2,1338,1338,RTK FIXED
139.579,063206.00,10.48526400,76.44420300,10.48526400,76.44420303,658053.782,1159428.409,108.00,658053.786,1159428.403,-166.4,16,658052.765,1159427.673,10.48525800,76.44419700,0.000,0.399,-6.5,6.5,-0.5,8.7,1338,1338,RTK FIXED
139.633,063206.00,10.48526400,76.44420300,10.48526400,76.44420302,658053.782,1159428.409,108.00,658053.784,1159428.406,-165.2,16,658052.765,1159427.673,10.48525800,76.44419700,0.000,0.399,-6.5,6.5,0.0,7.9,1338,1338,RTK FIXED
139.680,063206.20,10.48526300,76.44420300,10.48526360,76.44420301,658053.778,1159428.321,108.00,658053.782,1159428.372,-153.2,16,658052.765,1159427.673,10.48525800,76.44419700,0.000,0.400,-6.5,6.5,0.0,6.9,1340,1340,RTK FIXED
139.733,063206.20,10.48526300,76.44420300,10.48526336,76.44420301,658053.778,1159428.321,108.00,658053.780,1159428.351,-152.1,16,658052.765,1159427.673,10.48525800,76.44419700,0.000,0.400,-6.5,6.5,0.5,7.0,1340,1340,RTK FIXED
139.787,063206.20,10.48526300,76.44420300,10.48526322,76.44420300,658053.778,1159428.321,108.00,658053.779,1159428.339,-150.9,16,658052.765,1159427.673,10.48525800,76.44419700,0.000,0.400,-6.5,6.5,-0.5,6.5,1340,1340,RTK FIXED
139.834,063206.40,10.48526300,76.44420200,10.48526313,76.44420260,658053.634,1159428.406,108.00,658053.721,1159428.366,-149.8,16,658052.765,1159427.673,10.48525800,76.44419700,0.000,0.400,-6.5,6.5,0.5,6.4,1340,1340,RTK FIXED
139.887,063206.40,10.48526300,76.44420200,10.48526308,76.44420236,658053.634,1159428.406,108.00,658053.687,1159428.382,-148.6,16,658052.765,1159427.673,10.48525800,76.44419700,0.000,0.400,-6.5,6.5,0.0,5.6,1340,1340,RTK FIXED
139.933,063206.40,10.48526300,76.44420200,10.48526305,76.44420222,658053.634,1159428.406,108.00,658053.666,1159428.391,-147.5,16,658052.765,1159427.673,10.48525800,76.44419700,0.000,0.400,-6.5,6.5,0.0,5.9,1340,1340,RTK FIXED
139.987,063206.40,10.48526300,76.44420200,10.48526303,76.44420213,658053.634,1159428.406,108.00,658053.653,1159428.397,-146.3,16,658052.765,1159427.673,10.48525800,76.44419700,0.000,0.400,-6.5,6.5,-0.5,5.6,1340,1340,RTK FIXED
140.033,063206.40,10.48526300,76.44420200,10.48526302,76.44420208,658053.634,1159428.406,108.00,658053.646,1159428.401,-145.2,16,658052.765,1159427.673,10.48525800,76.44419700,0.000,0.400,-6.5,6.5,0.0,6.0,1340,1340,RTK FIXED
140.087,063206.40,10.48526300,76.44420200,10.48526301,76.44420205,658053.634,1159428.406,108.00,658053.641,1159428.403,-144.0,16,658052.765,1159427.673,10.48525800,76.44419700,0.000,0.400,-6.5,6.5,0.0,5.6,1340,1340,RTK FIXED
140.134,063206.60,10.48526300,76.44420200,10.48526301,76.44420203,658053.611,1159428.443,108.00,658053.629,1159428.419,-158.9,16,658052.765,1159427.673,10.48525800,76.44419700,0.000,0.400,-6.5,6.5,0.5,5.4,1340,1340,RTK FIXED
140.187,063206.60,10.48526300,76.44420200,10.48526300,76.44420202,658053.611,1159428.443,108.00,658053.622,1159428.429,-157.7,16,658052.765,1159427.673,10.48525800,76.44419700,0.000,0.400,-6.5,6.5,0.0,5.6,1340,1340,RTK FIXED
140.233,063206.60,10.48526300,76.44420200,10.48526300,76.44420201,658053.611,1159428.443,108.00,658053.617,1159428.435,-156.6,16,658052.765,1159427.673,10.48525800,76.44419700,0.000,0.400,-6.5,6.5,0.0,6.0,1340,1340,RTK FIXED
140.287,063206.60,10.48526300,76.44420200,10.48526300,76.44420201,658053.611,1159428.443,108.00,658053.615,1159428.438,-155.4,16,658052.765,1159427.673,10.48525800,76.44419700,0.000,0.400,-6.5,6.5,0.0,5.6,1340,1340,RTK FIXED
140.333,063206.80,10.48526300,76.44420200,10.48526300,76.44420200,658053.647,1159428.380,108.00,658053.628,1159428.415,-154.3,16,658052.765,1159427.673,10.48525800,76.44419700,0.000,0.400,-6.5,6.5,0.0,5.4,1340,1340,RTK FIXED
140.387,063206.80,10.48526300,76.44420200,10.48526300,76.44420200,658053.647,1159428.380,108.00,658053.636,1159428.401,-153.1,16,658052.765,1159427.673,10.48525800,76.44419700,0.000,0.400,-6.5,6.5,0.0,6.0,1340,1340,RTK FIXED
140.441,063206.80,10.48526300,76.44420200,10.48526300,76.44420200,658053.647,1159428.380,108.00,658053.640,1159428.392,-152.0,16,658052.765,1159427.673,10.48525800,76.44419700,0.000,0.400,-6.5,6.5,0.0,5.6,1340,1340,RTK FIXED
140.488,063207.00,10.48526300,76.44420200,10.48526300,76.44420200,658053.638,1159428.400,108.00,658053.639,1159428.395,-150.9,16,658052.765,1159427.673,10.48525800,76.44419700,0.000,0.400,-6.5,6.5,0.0,5.9,1340,1340,RTK FIXED
140.541,063207.00,10.48526300,76.44420200,10.48526300,76.44420200,658053.638,1159428.400,108.00,658053.639,1159428.397,-149.7,16,658052.765,1159427.673,10.48525800,76.44419700,0.000,0.400,-6.5,6.5,0.0,5.6,1340,1340,RTK FIXED
140.587,063207.00,10.48526300,76.44420200,10.48526300,76.44420200,658053.638,1159428.400,108.00,658053.638,1159428.398,-148.6,16,658052.765,1159427.673,10.48525800,76.44419700,0.000,0.400,-6.5,6.5,0.0,6.1,1340,1340,RTK FIXED
140.642,063207.20,10.48526300,76.44420200,10.48526300,76.44420200,658053.627,1159428.419,108.00,658053.634,1159428.406,-147.4,16,658052.765,1159427.673,10.48525800,76.44419700,0.000,0.400,-6.5,6.5,0.0,5.9,1340,1340,RTK FIXED
140.687,063207.20,10.48526300,76.44420200,10.48526300,76.44420200,658053.627,1159428.419,108.00,658053.631,1159428.411,-146.3,16,658052.765,1159427.673,10.48525800,76.44419700,0.000,0.400,-6.5,6.5,0.0,5.6,1340,1340,RTK FIXED
140.745,063207.20,10.48526300,76.44420200,10.48526300,76.44420200,658053.627,1159428.419,108.00,658053.629,1159428.414,-145.1,16,658052.765,1159427.673,10.48525800,76.44419700,0.000,0.400,-6.5,6.5,0.0,6.1,1340,1340,RTK FIXED
140.787,063207.20,10.48526300,76.44420200,10.48526300,76.44420200,658053.627,1159428.419,108.00,658053.628,1159428.416,-144.0,16,658052.765,1159427.673,10.48525800,76.44419700,0.000,0.400,-6.5,6.5,0.0,5.9,1340,1340,RTK FIXED
140.842,063207.40,10.48526300,76.44420200,10.48526300,76.44420200,658053.611,1159428.444,108.00,658053.621,1159428.427,-142.8,16,658052.765,1159427.673,10.48525800,76.44419700,0.000,0.400,-6.5,6.5,0.0,5.9,1340,1340,RTK FIXED
140.887,063207.40,10.48526300,76.44420200,10.48526300,76.44420200,658053.611,1159428.444,108.00,658053.617,1159428.434,-141.7,16,658052.765,1159427.673,10.48525800,76.44419700,0.000,0.400,-6.5,6.5,0.0,5.6,1340,1340,RTK FIXED
140.942,063207.40,10.48526300,76.44420200,10.48526300,76.44420200,658053.611,1159428.444,108.00,658053.614,1159428.438,-140.5,16,658052.765,1159427.673,10.48525800,76.44419700,0.000,0.400,-6.5,6.5,0.0,5.9,1340,1340,RTK FIXED
140.988,063207.40,10.48526300,76.44420200,10.48526300,76.44420200,658053.611,1159428.444,108.00,658053.613,1159428.440,-139.4,16,658052.765,1159427.673,10.48525800,76.44419700,0.000,0.400,-6.5,6.5,0.0,6.0,1340,1340,RTK FIXED
141.042,063207.40,10.48526300,76.44420200,10.48526300,76.44420200,658053.611,1159428.444,108.00,658053.612,1159428.442,-138.2,16,658052.765,1159427.673,10.48525800,76.44419700,0.000,0.400,-6.5,6.5,0.0,6.0,1340,1340,RTK FIXED
141.096,063207.40,10.48526300,76.44420200,10.48526300,76.44420200,658053.611,1159428.444,108.00,658053.611,1159428.442,-137.1,16,658052.765,1159427.673,10.48525800,76.44419700,0.000,0.400,-6.5,6.5,0.0,5.6,1340,1340,RTK FIXED
141.306,063207.60,10.48526300,76.44420200,10.48526300,76.44420200,658053.583,1159428.478,108.00,658053.600,1159428.457,-136.0,16,658052.765,1159427.673,10.48525800,76.44419700,0.366,0.100,8.5,10.0,0.0,4.9,450,450,RTK FIXED
141.506,063207.80,10.48526300,76.44420200,10.48526300,76.44420200,658053.583,1159428.478,108.00,658053.593,1159428.465,-158.0,16,658052.765,1159427.673,10.48525800,76.44419700,0.000,0.325,-5.3,5.3,0.0,0.9,450,450,RTK FIXED
141.543,063208.00,10.48526300,76.44420200,10.48526300,76.44420200,658053.654,1159428.363,108.00,658053.618,1159428.424,-157.1,16,658052.765,1159427.673,10.48525800,76.44419700,0.000,0.381,-6.2,6.2,0.0,0.0,900,900,RTK FIXED
141.589,063208.00,10.48526300,76.44420200,10.48526300,76.44420200,658053.654,1159428.363,108.00,658053.632,1159428.400,-156.0,16,658052.765,1159427.673,10.48525800,76.44419700,0.000,0.381,-6.2,6.2,0.0,0.0,1277,1277,RTK FIXED
141.643,063208.20,10.48526300,76.44420200,10.48526300,76.44420200,658053.649,1159428.376,108.00,658053.639,1159428.390,-154.9,16,658052.765,1159427.673,10.48525800,76.44419700,0.000,0.395,-6.5,6.5,0.0,0.0,1325,1325,RTK FIXED
141.689,063208.20,10.48526300,76.44420200,10.48526300,76.44420200,658053.649,1159428.376,108.00,658053.643,1159428.385,-153.8,16,658052.765,1159427.673,10.48525800,76.44419700,0.000,0.395,-6.5,6.5,0.0,0.0,1325,1325,RTK FIXED
141.742,063208.20,10.48526300,76.44420200,10.48526300,76.44420200,658053.649,1159428.376,108.00,658053.645,1159428.381,-152.6,16,658052.765,1159427.673,10.48525800,76.44419700,0.000,0.395,-6.5,6.5,-0.5,0.0,1325,1325,RTK FIXED
141.788,063208.20,10.48526300,76.44420200,10.48526300,76.44420200,658053.649,1159428.376,108.00,658053.647,1159428.379,-151.5,16,658052.765,1159427.673,10.48525800,76.44419700,0.000,0.395,-6.5,6.5,0.0,0.0,1325,1325,RTK FIXED
141.843,063208.40,10.48526300,76.44420200,10.48526300,76.44420200,658053.636,1159428.402,108.00,658053.643,1159428.388,-150.4,16,658052.765,1159427.673,10.48525800,76.44419700,0.000,0.399,-6.5,6.5,0.5,0.9,1336,1336,RTK FIXED
141.896,063208.40,10.48526300,76.44420200,10.48526300,76.44420200,658053.636,1159428.402,108.00,658053.640,1159428.394,-149.2,16,658052.765,1159427.673,10.48525800,76.44419700,0.000,0.399,-6.5,6.5,-0.5,0.9,1336,1336,RTK FIXED
141.943,063208.40,10.48526300,76.44420200,10.48526300,76.44420200,658053.636,1159428.402,108.00,658053.639,1159428.397,-148.1,16,658052.765,1159427.673,10.48525800,76.44419700,0.000,0.399,-6.5,6.5,0.5,1.6,1336,1336,RTK FIXED
141.996,063208.40,10.48526300,76.44420200,10.48526300,76.44420200,658053.636,1159428.402,108.00,658053.638,1159428.399,-146.9,16,658052.765,1159427.673,10.48525800,76.44419700,0.000,0.399,-6.5,6.5,-0.5,1.9,1336,1336,RTK FIXED
142.043,063208.40,10.48526300,76.44420200,10.48526300,76.44420200,658053.636,1159428.402,108.00,658053.637,1159428.401,-145.8,16,658052.765,1159427.673,10.48525800,76.44419700,0.000,0.399,-6.5,6.5,0.5,2.1,1336,1336,RTK FIXED
142.096,063208.40,10.48526300,76.44420200,10.48526300,76.44420200,658053.636,1159428.402,108.00,658053.637,1159428.401,-144.6,16,658052.765,1159427.673,10.48525800,76.44419700,0.000,0.399,-6.5,6.5,-0.5,2.8,1336,1336,RTK FIXED
142.143,063208.60,10.48526300,76.44420200,10.48526300,76.44420200,658053.613,1159428.440,108.00,658053.627,1159428.417,-143.5,16,658052.765,1159427.673,10.48525800,76.44419700,0.000,0.400,-6.5,6.5,0.0,3.2,1339,1339,RTK FIXED
142.197,063208.60,10.48526300,76.44420200,10.48526300,76.44420200,658053.613,1159428.440,108.00,658053.622,1159428.426,-142.4,16,658052.765,1159427.673,10.48525800,76.44419700,0.000,0.400,-6.5,6.5,0.5,3.7,1339,1339,RTK FIXED
142.242,063208.60,10.48526300,76.44420200,10.48526300,76.44420200,658053.613,1159428.440,108.00,658053.618,1159428.432,-141.2,16,658052.765,1159427.673,10.48525800,76.44419700,0.000,0.400,-6.5,6.5,-0.6,3.9,1339,1339,RTK FIXED
142.298,063208.60,10.48526300,76.44420200,10.48526300,76.44420200,658053.613,1159428.440,108.00,658053.616,1159428.435,-140.1,16,658052.765,1159427.673,10.48525800,76.44419700,0.000,0.400,-6.5,6.5,0.5,4.6,1339,1339,RTK FIXED
142.506,063208.80,10.48526300,76.44420200,10.48526300,76.44420200,658053.595,1159428.464,108.00,658053.608,1159428.447,-138.9,16,658052.765,1159427.673,10.48525800,76.44419700,0.366,0.112,8.3,10.0,0.0,4.4,450,450,RTK FIXED
142.544,063209.00,10.48526200,76.44420200,10.48526260,76.44420200,658053.596,1159428.353,108.00,658053.603,1159428.409,-138.9,16,658052.765,1159427.673,10.48525800,76.44419700,0.366,0.033,9.5,10.0,0.0,2.7,900,900,RTK FIXED
142.590,063209.00,10.48526200,76.44420200,10.48526236,76.44420200,658053.596,1159428.353,108.00,658053.600,1159428.387,-138.9,16,658052.765,1159427.673,10.48525800,76.44419700,0.366,0.033,9.5,10.0,0.0,2.2,1350,1350,RTK FIXED
142.644,063209.20,10.48526200,76.44420200,10.48526222,76.44420200,658053.596,1159428.353,108.00,658053.598,1159428.373,-138.9,16,658052.765,1159427.673,10.48525800,76.44419700,0.366,0.009,9.9,10.0,0.0,1.4,1800,1800,RTK FIXED
142.690,063209.20,10.48526200,76.44420200,10.48526213,76.44420200,658053.596,1159428.353,108.00,658053.597,1159428.365,-138.9,16,658052.765,1159427.673,10.48525800,76.44419700,0.366,0.009,9.9,10.0,0.0,0.0,2017,2047,RTK FIXED
142.744,063209.20,10.48526200,76.44420200,10.48526208,76.44420200,658053.596,1159428.353,108.00,658053.597,1159428.360,-138.9,16,658052.765,1159427.673,10.48525800,76.44419700,0.366,0.009,9.9,10.0,-0.5,-0.9,2017,2047,RTK FIXED
142.789,063209.20,10.48526200,76.44420200,10.48526205,76.44420200,658053.596,1159428.353,108.00,658053.596,1159428.357,-138.9,16,658052.765,1159427.673,10.48525800,76.44419700,0.366,0.009,9.9,10.0,0.0,0.0,2017,2047,RTK FIXED
142.844,063209.40,10.48526200,76.44420200,10.48526203,76.44420200,658053.596,1159428.353,108.00,658053.596,1159428.356,-124.3,16,658052.765,1159427.673,10.48525800,76.44419700,0.357,-0.072,10.0,8.9,0.0,0.5,2047,1815,RTK FIXED
142.890,063209.40,10.48526200,76.44420200,10.48526202,76.44420200,658053.596,1159428.353,108.00,658053.596,1159428.355,-124.3,16,658052.765,1159427.673,10.48525800,76.44419700,0.357,-0.072,10.0,8.9,0.5,1.1,2047,1815,RTK FIXED
142.943,063209.40,10.48526200,76.44420200,10.48526201,76.44420200,658053.596,1159428.353,108.00,658053.596,1159428.354,-124.3,16,658052.765,1159427.673,10.48525800,76.44419700,0.357,-0.072,10.0,8.9,0.0,1.9,2047,1815,RTK FIXED
142.990,063209.40,10.48526200,76.44420200,10.48526201,76.44420200,658053.596,1159428.353,108.00,658053.596,1159428.354,-124.3,16,658052.765,1159427.673,10.48525800,76.44419700,0.357,-0.072,10.0,8.9,0.0,2.7,2047,1815,RTK FIXED
143.043,063209.40,10.48526200,76.44420200,10.48526200,76.44420200,658053.596,1159428.353,108.00,658053.596,1159428.353,-124.3,16,658052.765,1159427.673,10.48525800,76.44419700,0.357,-0.072,10.0,8.9,-0.5,2.4,2047,1815,RTK FIXED
143.098,063209.40,10.48526200,76.44420200,10.48526200,76.44420200,658053.596,1159428.353,108.00,658053.596,1159428.353,-124.3,16,658052.765,1159427.673,10.48525800,76.44419700,0.357,-0.072,10.0,8.9,0.5,2.7,2047,1815,RTK FIXED
143.144,063209.60,10.48526200,76.44420200,10.48526200,76.44420200,658053.527,1159428.417,108.00,658053.568,1159428.379,-124.3,16,658052.765,1159427.673,10.48525800,76.44419700,0.360,-0.078,10.0,8.8,0.0,3.8,2047,1796,RTK FIXED
143.197,063209.60,10.48526200,76.44420200,10.48526200,76.44420200,658053.527,1159428.417,108.00,658053.552,1159428.394,-124.3,16,658052.765,1159427.673,10.48525800,76.44419700,0.360,-0.078,10.0,8.8,0.0,3.8,2047,1796,RTK FIXED
143.244,063209.60,10.48526200,76.44420200,10.48526200,76.44420200,658053.527,1159428.417,108.00,658053.542,1159428.404,-124.3,16,658052.765,1159427.673,10.48525800,76.44419700,0.360,-0.078,10.0,8.8,-0.5,4.8,2047,1796,RTK FIXED
143.298,063209.60,10.48526200,76.44420200,10.48526200,76.44420200,658053.527,1159428.417,108.00,658053.536,1159428.409,-124.3,16,658052.765,1159427.673,10.48525800,76.44419700,0.360,-0.078,10.0,8.8,0.5,5.1,2047,1796,RTK FIXED
143.345,063209.80,10.48526200,76.44420200,10.48526200,76.44420200,658053.527,1159428.417,108.00,658053.533,1159428.412,-124.3,16,658052.765,1159427.673,10.48525800,76.44419700,0.362,-0.072,10.0,8.9,0.0,6.4,2047,1816,RTK FIXED
143.398,063209.80,10.48526200,76.44420200,10.48526200,76.44420200,658053.527,1159428.417,108.00,658053.530,1159428.414,-124.3,16,658052.765,1159427.673,10.48525800,76.44419700,0.362,-0.072,10.0,8.9,-0.5,7.0,2047,1816,RTK FIXED
143.445,063209.80,10.48526200,76.44420200,10.48526200,76.44420200,658053.527,1159428.417,108.00,658053.529,1159428.416,-124.3,16,658052.765,1159427.673,10.48525800,76.44419700,0.362,-0.072,10.0,8.9,0.0,7.6,2047,1816,RTK FIXED
143.499,063209.80,10.48526200,76.44420200,10.48526200,76.44420200,658053.527,1159428.417,108.00,658053.528,1159428.416,-124.3,16,658052.765,1159427.673,10.48525800,76.44419700,0.362,-0.072,10.0,8.9,0.0,6.9,2047,1816,RTK FIXED
143.545,063210.00,10.48526200,76.44420200,10.48526200,76.44420200,658053.527,1159428.417,108.00,658053.528,1159428.417,-124.3,16,658052.765,1159427.673,10.48525800,76.44419700,0.362,-0.066,10.0,9.0,0.5,8.2,2047,1836,RTK FIXED
143.598,063210.00,10.48526200,76.44420200,10.48526200,76.44420200,658053.527,1159428.417,108.00,658053.528,1159428.417,-124.3,16,658052.765,1159427.673,10.48525800,76.44419700,0.362,-0.066,10.0,9.0,-0.5,10.3,2047,1836,RTK FIXED
143.653,063210.20,10.48526200,76.44420200,10.48526200,76.44420200,658053.527,1159428.417,108.00,658053.527,1159428.417,-124.3,16,658052.765,1159427.673,10.48525800,76.44419700,0.363,-0.061,10.0,9.0,0.5,10.5,2047,1850,RTK FIXED
143.698,063210.20,10.48526200,76.44420200,10.48526200,76.44420200,658053.527,1159428.417,108.00,658053.527,1159428.417,-124.3,16,658052.765,1159427.673,10.48525800,76.44419700,0.363,-0.061,10.0,9.0,-0.5,13.2,2047,1850,RTK FIXED
143.752,063210.20,10.48526200,76.44420200,10.48526200,76.44420200,658053.527,1159428.417,108.00,658053.527,1159428.417,-124.3,16,658052.765,1159427.673,10.48525800,76.44419700,0.363,-0.061,10.0,9.0,0.0,13.3,2047,1850,RTK FIXED
143.798,063210.20,10.48526200,76.44420200,10.48526200,76.44420200,658053.527,1159428.417,108.00,658053.527,1159428.417,-124.3,16,658052.765,1159427.673,10.48525800,76.44419700,0.363,-0.061,10.0,9.0,0.5,14.6,2047,1850,RTK FIXED
144.016,063210.40,10.48526200,76.44420100,10.48526200,76.44420160,658053.418,1159428.417,108.00,658053.483,1159428.417,-147.4,16,658052.765,1159427.673,10.48525800,76.44419700,0.000,0.285,-4.7,4.7,-0.1,15.1,450,450,RTK FIXED
144.053,063210.40,10.48526200,76.44420100,10.48526200,76.44420136,658053.418,1159428.417,108.00,658053.457,1159428.417,-146.5,16,658052.765,1159427.673,10.48525800,76.44419700,0.000,0.285,-4.7,4.7,0.0,14.3,900,900,RTK FIXED
144.098,063210.40,10.48526200,76.44420100,10.48526200,76.44420122,658053.418,1159428.417,108.00,658053.441,1159428.417,-145.7,16,658052.765,1159427.673,10.48525800,76.44419700,0.000,0.285,-4.7,4.7,0.0,12.6,1100,1100,RTK FIXED
144.153,063210.60,10.48526200,76.44420100,10.48526200,76.44420113,658053.509,1159428.321,108.00,658053.469,1159428.379,-144.9,16,658052.765,1159427.673,10.48525800,76.44419700,0.000,0.371,-6.1,6.1,0.0,11.8,1244,1244,RTK FIXED
144.199,063210.60,10.48526200,76.44420100,10.48526200,76.44420108,658053.509,1159428.321,108.00,658053.485,1159428.356,-143.8,16,658052.765,1159427.673,10.48525800,76.44419700,0.000,0.371,-6.1,6.1,0.5,10.4,1244,1244,RTK FIXED
144.253,063210.60,10.48526200,76.44420100,10.48526200,76.44420105,658053.509,1159428.321,108.00,658053.495,1159428.342,-142.8,16,658052.765,1159427.673,10.48525800,76.44419700,0.000,0.371,-6.1,6.1,-0.5,10.2,1244,1244,RTK FIXED
144.299,063210.60,10.48526200,76.44420100,10.48526200,76.44420103,658053.509,1159428.321,108.00,658053.500,1159428.334,-141.7,16,658052.765,1159427.673,10.48525800,76.44419700,0.000,0.371,-6.1,6.1,0.0,9.1,1244,1244,RTK FIXED
144.354,063210.80,10.48526200,76.44420100,10.48526200,76.44420102,658053.493,1159428.344,108.00,658053.498,1159428.338,-140.7,16,658052.765,1159427.673,10.48525800,76.44419700,0.000,0.393,-6.4,6.4,0.5,7.9,1316,1316,RTK FIXED
144.399,063210.80,10.48526200,76.44420100,10.48526200,76.44420101,658053.493,1159428.344,108.00,658053.496,1159428.340,-139.5,16,658052.765,1159427.673,10.48525800,76.44419700,0.000,0.393,-6.4,6.4,0.0,6.6,1316,1316,RTK FIXED
144.453,063210.80,10.48526200,76.44420100,10.48526200,76.44420101,658053.493,1159428.344,108.00,658053.495,1159428.342,-138.4,16,658052.765,1159427.673,10.48525800,76.44419700,0.000,0.393,-6.4,6.4,0.0,6.5,1316,1316,RTK FIXED
144.507,063210.80,10.48526200,76.44420100,10.48526200,76.44420100,658053.493,1159428.344,108.00,658053.494,1159428.343,-137.3,16,658052.765,1159427.673,10.48525800,76.44419700,0.000,0.393,-6.4,6.4,-0.5,6.4,1316,1316,RTK FIXED
144.716,063211.00,10.48526200,76.44420000,10.48526200,76.44420060,658053.365,1159428.366,108.00,658053.443,1159428.352,-136.2,16,658052.765,1159427.673,10.48525800,76.44419700,0.366,0.114,8.3,10.0,0.0,4.8,450,450,RTK FIXED
144.754,063211.20,10.48526200,76.44420000,10.48526200,76.44420036,658053.365,1159428.366,108.00,658053.412,1159428.357,-139.6,16,658052.765,1159427.673,10.48525800,76.44419700,0.363,0.072,8.9,10.0,0.7,2.7,900,900,RTK FIXED
144.799,063211.20,10.48526200,76.44420000,10.48526200,76.44420022,658053.365,1159428.366,108.00,658053.393,1159428.361,-139.6,16,658052.765,1159427.673,10.48525800,76.44419700,0.363,0.072,8.9,10.0,0.0,1.1,1350,1350,RTK FIXED
144.854,063211.40,10.48526200,76.44420000,10.48526200,76.44420013,658053.380,1159428.349,108.00,658053.388,1159428.356,-139.6,16,658052.765,1159427.673,10.48525800,76.44419700,0.363,0.062,9.0,10.0,-0.5,0.5,1800,1800,RTK FIXED
144.899,063211.40,10.48526200,76.44420000,10.48526200,76.44420008,658053.380,1159428.349,108.00,658053.384,1159428.353,-139.6,16,658052.765,1159427.673,10.48525800,76.44419700,0.363,0.062,9.0,10.0,0.5,0.0,1848,2047,RTK FIXED
144.954,063211.40,10.48526200,76.44420000,10.48526200,76.44420005,658053.380,1159428.349,108.00,658053.382,1159428.351,-139.6,16,658052.765,1159427.673,10.48525800,76.44419700,0.363,0.062,9.0,10.0,0.0,0.0,1848,2047,RTK FIXED
144.999,063211.40,10.48526200,76.44420000,10.48526200,76.44420003,658053.380,1159428.349,108.00,658053.381,1159428.350,-139.6,16,658052.765,1159427.673,10.48525800,76.44419700,0.363,0.062,9.0,10.0,-0.5,0.0,1848,2047,RTK FIXED
145.053,063211.40,10.48526200,76.44420000,10.48526200,76.44420002,658053.380,1159428.349,108.00,658053.381,1159428.350,-139.6,16,658052.765,1159427.673,10.48525800,76.44419700,0.363,0.062,9.0,10.0,0.0,0.9,1848,2047,RTK FIXED
145.108,063211.60,10.48526200,76.44420000,10.48526200,76.44420001,658053.380,1159428.349,108.00,658053.380,1159428.349,-139.6,16,658052.765,1159427.673,10.48525800,76.44419700,0.363,0.060,9.1,10.0,0.0,1.4,1855,2047,RTK FIXED
145.154,063211.60,10.48526200,76.44420000,10.48526200,76.44420001,658053.380,1159428.349,108.00,658053.380,1159428.349,-139.6,16,658052.765,1159427.673,10.48525800,76.44419700,0.363,0.060,9.1,10.0,0.5,2.2,1855,2047,RTK FIXED
145.207,063211.60,10.48526200,76.44420000,10.48526200,76.44420000,658053.380,1159428.349,108.00,658053.380,1159428.349,-139.6,16,658052.765,1159427.673,10.48525800,76.44419700,0.363,0.060,9.1,10.0,0.0,2.8,1855,2047,RTK FIXED
145.254,063211.60,10.48526200,76.44420000,10.48526200,76.44420000,658053.380,1159428.349,108.00,658053.380,1159428.349,-139.6,16,658052.765,1159427.673,10.48525800,76.44419700,0.363,0.060,9.1,10.0,0.0,3.8,1855,2047,RTK FIXED
145.308,063211.80,10.48526200,76.44420000,10.48526200,76.44420000,658053.380,1159428.349,108.00,658053.380,1159428.349,-139.6,16,658052.765,1159427.673,10.48525800,76.44419700,0.363,0.059,9.1,10.0,0.0,5.1,1856,2047,RTK FIXED
145.353,063211.80,10.48526200,76.44420000,10.48526200,76.44420000,658053.380,1159428.349,108.00,658053.380,1159428.349,-139.6,16,658052.765,1159427.673,10.48525800,76.44419700,0.363,0.059,9.1,10.0,0.0,3.9,1856,2047,RTK FIXED
145.408,063211.80,10.48526200,76.44420000,10.48526200,76.44420000,658053.380,1159428.349,108.00,658053.380,1159428.349,-139.6,16,658052.765,1159427.673,10.48525800,76.44419700,0.363,0.059,9.1,10.0,0.0,4.5,1856,2047,RTK FIXED
145.454,063211.80,10.48526200,76.44420000,10.48526200,76.44420000,658053.380,1159428.349,108.00,658053.380,1159428.349,-139.6,16,658052.765,1159427.673,10.48525800,76.44419700,0.363,0.059,9.1,10.0,0.0,4.4,1856,2047,RTK FIXED
145.508,063212.00,10.48526200,76.44420000,10.48526200,76.44420000,658053.380,1159428.349,108.00,658053.380,1159428.349,-139.6,16,658052.765,1159427.673,10.48525800,76.44419700,0.363,0.059,9.1,10.0,-0.5,5.1,1856,2047,RTK FIXED
145.554,063212.00,10.48526200,76.44420000,10.48526200,76.44420000,658053.380,1159428.349,108.00,658053.380,1159428.349,-139.6,16,658052.765,1159427.673,10.48525800,76.44419700,0.363,0.059,9.1,10.0,0.0,6.5,1856,2047,RTK FIXED
145.608,063212.20,10.48526200,76.44420000,10.48526200,76.44420000,658053.380,1159428.349,108.00,658053.380,1159428.349,-139.6,16,658052.765,1159427.673,10.48525800,76.44419700,0.363,0.059,9.1,10.0,0.5,6.0,1855,2047,RTK FIXED
145.654,063212.20,10.48526200,76.44420000,10.48526200,76.44420000,658053.380,1159428.349,108.00,658053.380,1159428.349,-139.6,16,658052.765,1159427.673,10.48525800,76.44419700,0.363,0.059,9.1,10.0,0.0,6.6,1855,2047,RTK FIXED
145.707,063212.20,10.48526200,76.44420000,10.48526200,76.44420000,658053.380,1159428.349,108.00,658053.380,1159428.349,-139.6,16,658052.765,1159427.673,10.48525800,76.44419700,0.363,0.059,9.1,10.0,0.0,7.0,1855,2047,RTK FIXED
145.762,063212.20,10.48526200,76.44420000,10.48526200,76.44420000,658053.380,1159428.349,108.00,658053.380,1159428.349,-139.6,16,658052.765,1159427.673,10.48525800,76.44419700,0.363,0.059,9.1,10.0,0.0,8.2,1855,2047,RTK FIXED
145.809,063212.40,10.48526200,76.44420000,10.48526200,76.44420000,658053.380,1159428.349,108.00,658053.380,1159428.349,-139.6,16,658052.765,1159427.673,10.48525800,76.44419700,0.363,0.059,9.1,10.0,-0.5,9.7,1855,2047,RTK FIXED
145.861,063212.40,10.48526200,76.44420000,10.48526200,76.44420000,658053.380,1159428.349,108.00,658053.380,1159428.349,-139.6,16,658052.765,1159427.673,10.48525800,76.44419700,0.363,0.059,9.1,10.0,0.5,10.9,1855,2047,RTK FIXED
145.908,063212.40,10.48526200,76.44420000,10.48526200,76.44420000,658053.380,1159428.349,108.00,658053.380,1159428.349,-139.6,16,658052.765,1159427.673,10.48525800,76.44419700,0.363,0.059,9.1,10.0,0.0,11.8,1855,2047,RTK FIXED
145.962,063212.40,10.48526200,76.44420000,10.48526200,76.44420000,658053.380,1159428.349,108.00,658053.380,1159428.349,-139.6,16,658052.765,1159427.673,10.48525800,76.44419700,0.363,0.059,9.1,10.0,-0.5,12.5,1855,2047,RTK FIXED
146.008,063212.40,10.48526200,76.44420000,10.48526200,76.44420000,658053.380,1159428.349,108.00,658053.380,1159428.349,-139.6,16,658052.765,1159427.673,10.48525800,76.44419700,0.363,0.059,9.1,10.0,0.0,12.5,1855,2047,RTK FIXED
146.062,063212.40,10.48526200,76.44420000,10.48526200,76.44420000,658053.380,1159428.349,108.00,658053.380,1159428.349,-139.6,16,658052.765,1159427.673,10.48525800,76.44419700,0.363,0.059,9.1,10.0,0.5,11.7,1855,2047,RTK FIXED
146.109,063212.40,10.48526200,76.44420000,10.48526200,76.44420000,658053.380,1159428.349,108.00,658053.380,1159428.349,-139.6,16,658052.765,1159427.673,10.48525800,76.44419700,0.363,0.059,9.1,10.0,-0.5,14.7,1855,2047,RTK FIXED
146.163,063212.60,10.48526200,76.44419900,10.48526200,76.44419960,658053.270,1159428.348,108.00,658053.336,1159428.348,-139.6,16,658052.765,1159427.673,10.48525800,76.44419700,0.361,0.068,8.9,10.0,0.5,15.3,1827,2047,RTK FIXED
146.209,063212.60,10.48526200,76.44419900,10.48526200,76.44419936,658053.270,1159428.348,108.00,658053.310,1159428.348,-139.6,16,658052.765,1159427.673,10.48525800,76.44419700,0.361,0.068,8.9,10.0,-0.5,17.0,1827,2047,RTK FIXED
146.263,063212.60,10.48526200,76.44419900,10.48526200,76.44419922,658053.270,1159428.348,108.00,658053.294,1159428.348,-139.6,16,658052.765,1159427.673,10.48525800,76.44419700,0.361,0.068,8.9,10.0,0.0,16.6,1827,2047,RTK FIXED
146.316,063212.60,10.48526200,76.44419900,10.48526200,76.44419913,658053.270,1159428.348,108.00,658053.284,1159428.348,-139.6,16,658052.765,1159427.673,10.48525800,76.44419700,0.361,0.068,8.9,10.0,0.5,16.9,1827,2047,RTK FIXED
146.526,063212.80,10.48526200,76.44419900,10.48526200,76.44419908,658053.270,1159428.348,108.00,658053.279,1159428.348,-149.0,16,658052.765,1159427.673,10.48525800,76.44419700,0.000,0.317,-5.2,5.2,-0.1,16.2,450,450,RTK FIXED
146.563,063213.00,10.48526200,76.44419900,10.48526200,76.44419905,658053.301,1159428.303,108.00,658053.288,1159428.330,-148.1,16,658052.765,1159427.673,10.48525800,76.44419700,0.000,0.379,-6.2,6.2,0.0,13.3,900,900,RTK FIXED
146.610,063213.20,10.48526200,76.44419800,10.48526200,76.44419863,658053.188,1159428.309,108.00,658053.248,1159428.321,-147.0,16,658052.765,1159427.673,10.48525800,76.44419700,0.000,0.395,-6.5,6.5,0.0,11.3,1323,1323,RTK FIXED
146.663,063213.20,10.48526200,76.44419800,10.48526200,76.44419838,658053.188,1159428.309,108.00,658053.224,1159428.316,-145.9,16,658052.765,1159427.673,10.48525800,76.44419700,0.000,0.395,-6.5,6.5,0.5,10.8,1323,1323,RTK FIXED
146.709,063213.20,10.48526200,76.44419800,10.48526200,76.44419823,658053.188,1159428.309,108.00,658053.210,1159428.313,-144.8,16,658052.765,1159427.673,10.48525800,76.44419700,0.000,0.395,-6.5,6.5,0.0,9.8,1323,1323,RTK FIXED
146.763,063213.20,10.48526200,76.44419800,10.48526200,76.44419814,658053.188,1159428.309,108.00,658053.201,1159428.311,-143.6,16,658052.765,1159427.673,10.48525800,76.44419700,0.000,0.395,-6.5,6.5,0.0,7.8,1323,1323,RTK FIXED
146.817,063213.40,10.48526200,76.44419800,10.48526200,76.44419808,658053.172,1159428.333,108.00,658053.189,1159428.320,-149.3,16,658052.765,1159427.673,10.48525800,76.44419700,0.000,0.399,-6.5,6.5,0.0,7.8,1336,1336,RTK FIXED
146.863,063213.40,10.48526200,76.44419800,10.48526200,76.44419805,658053.172,1159428.333,108.00,658053.182,1159428.325,-148.2,16,658052.765,1159427.673,10.48525800,76.44419700,0.000,0.399,-6.5,6.5,-0.5,7.7,1336,1336,RTK FIXED
146.917,063213.40,10.48526200,76.44419800,10.48526200,76.44419803,658053.172,1159428.333,108.00,658053.178,1159428.328,-147.1,16,658052.765,1159427.673,10.48525800,76.44419700,0.000,0.399,-6.5,6.5,0.0,6.9,1336,1336,RTK FIXED
146.963,063213.40,10.48526200,76.44419800,10.48526200,76.44419802,658053.172,1159428.333,108.00,658053.176,1159428.330,-145.9,16,658052.765,1159427.673,10.48525800,76.44419700,0.000,0.399,-6.5,6.5,0.5,6.5,1336,1336,RTK FIXED
147.017,063213.40,10.48526200,76.44419800,10.48526200,76.44419801,658053.172,1159428.333,108.00,658053.174,1159428.331,-144.8,16,658052.765,1159427.673,10.48525800,76.44419700,0.000,0.399,-6.5,6.5,0.0,5.5,1336,1336,RTK FIXED
147.063,063213.40,10.48526200,76.44419800,10.48526200,76.44419801,658053.172,1159428.333,108.00,658053.173,1159428.332,-143.6,16,658052.765,1159427.673,10.48525800,76.44419700,0.000,0.399,-6.5,6.5,-0.5,6.0,1336,1336,RTK FIXED
147.118,063213.60,10.48526200,76.44419800,10.48526200,76.44419800,658053.172,1159428.333,108.00,658053.173,1159428.332,-142.5,16,658052.765,1159427.673,10.48525800,76.44419700,0.000,0.400,-6.5,6.5,0.5,6.0,1339,1339,RTK FIXED
147.163,063213.60,10.48526200,76.44419800,10.48526200,76.44419800,658053.172,1159428.333,108.00,658053.172,1159428.332,-141.3,16,658052.765,1159427.673,10.48525800,76.44419700,0.000,0.400,-6.5,6.5,0.0,5.5,1339,1339,RTK FIXED
147.217,063213.60,10.48526200,76.44419800,10.48526200,76.44419800,658053.172,1159428.333,108.00,658053.172,1159428.333,-140.2,16,658052.765,1159427.673,10.48525800,76.44419700,0.000,0.400,-6.5,6.5,-0.5,6.0,1339,1339,RTK FIXED
147.263,063213.60,10.48526200,76.44419800,10.48526200,76.44419800,658053.172,1159428.333,108.00,658053.172,1159428.333,-139.1,16,658052.765,1159427.673,10.48525800,76.44419700,0.000,0.400,-6.5,6.5,0.5,5.5,1339,1339,RTK FIXED
147.318,063213.80,10.48526200,76.44419800,10.48526200,76.44419800,658053.154,1159428.356,108.00,658053.165,1159428.342,-137.9,16,658052.765,1159427.673,10.48525800,76.44419700,0.000,0.400,-6.5,6.5,0.0,5.5,1340,1340,RTK FIXED
147.371,063213.80,10.48526200,76.44419800,10.48526200,76.44419800,658053.154,1159428.356,108.00,658053.160,1159428.348,-136.8,16,658052.765,1159427.673,10.48525800,76.44419700,0.000,0.400,-6.5,6.5,0.0,5.6,1340,1340,RTK FIXED
147.418,063213.80,10.48526200,76.44419800,10.48526200,76.44419800,658053.154,1159428.356,108.00,658053.158,1159428.351,-135.6,16,658052.765,1159427.673,10.48525800,76.44419700,0.000,0.400,-6.5,6.5,-0.5,5.4,1340,1340,RTK FIXED
147.471,063213.80,10.48526200,76.44419800,10.48526200,76.44419800,658053.154,1159428.356,108.00,658053.156,1159428.353,-134.5,16,658052.765,1159427.673,10.48525800,76.44419700,0.000,0.400,-6.5,6.5,0.5,5.6,1340,1340,RTK FIXED
147.518,063214.00,10.48526200,76.44419800,10.48526200,76.44419800,658053.134,1159428.378,108.00,658053.147,1159428.363,-133.3,16,658052.765,1159427.673,10.48525800,76.44419700,0.000,0.400,-6.5,6.5,0.0,5.4,1340,1340,RTK FIXED
147.571,063214.00,10.48526200,76.44419800,10.48526200,76.44419800,658053.134,1159428.378,108.00,658053.142,1159428.369,-132.2,16,658052.765,1159427.673,10.48525800,76.44419700,0.000,0.400,-6.5,6.5,0.0,5.2,1340,1340,RTK FIXED
147.618,063214.00,10.48526200,76.44419800,10.48526200,76.44419800,658053.134,1159428.378,108.00,658053.138,1159428.372,-131.0,16,658052.765,1159427.673,10.48525800,76.44419700,0.000,0.400,-6.5,6.5,0.0,5.3,1340,1340,RTK FIXED
147.672,063214.20,10.48526200,76.44419800,10.48526200,76.44419800,658053.117,1159428.393,108.00,658053.130,1159428.381,-153.6,16,658052.765,1159427.673,10.48525800,76.44419700,0.000,0.454,-7.4,7.4,0.0,5.5,1520,1520,RTK FIXED
147.718,063214.20,10.48526200,76.44419800,10.48526200,76.44419800,658053.117,1159428.393,108.00,658053.125,1159428.386,-152.3,16,658052.765,1159427.673,10.48525800,76.44419700,0.000,0.454,-7.4,7.4,0.0,5.5,1520,1520,RTK FIXED
147.772,063214.20,10.48526200,76.44419800,10.48526200,76.44419800,658053.117,1159428.393,108.00,658053.122,1159428.389,-151.0,16,658052.765,1159427.673,10.48525800,76.44419700,0.000,0.454,-7.4,7.4,0.0,6.5,1520,1520,RTK FIXED
147.826,063214.40,10.48526200,76.44419800,10.48526200,76.44419800,658053.197,1159428.293,108.00,658053.152,1159428.350,-149.7,16,658052.765,1159427.673,10.48525800,76.44419700,0.000,0.413,-6.8,6.8,0.0,6.9,1385,1385,RTK FIXED
147.872,063214.40,10.48526200,76.44419800,10.48526200,76.44419800,658053.197,1159428.293,108.00,658053.170,1159428.328,-148.6,16,658052.765,1159427.673,10.48525800,76.44419700,0.000,0.413,-6.8,6.8,0.0,8.2,1385,1385,RTK FIXED
147.926,063214.40,10.48526200,76.44419800,10.48526200,76.44419800,658053.197,1159428.293,108.00,658053.181,1159428.314,-147.4,16,658052.765,1159427.673,10.48525800,76.44419700,0.000,0.413,-6.8,6.8,0.0,7.5,1385,1385,RTK FIXED
147.972,063214.40,10.48526200,76.44419800,10.48526200,76.44419800,658053.197,1159428.293,108.00,658053.187,1159428.306,-146.2,16,658052.765,1159427.673,10.48525800,76.44419700,0.000,0.413,-6.8,6.8,0.0,6.5,1385,1385,RTK FIXED
148.026,063214.40,10.48526200,76.44419800,10.48526200,76.44419800,658053.197,1159428.293,108.00,658053.191,1159428.301,-145.0,16,658052.765,1159427.673,10.48525800,76.44419700,0.000,0.413,-6.8,6.8,0.0,7.0,1385,1385,RTK FIXED
148.071,063214.40,10.48526200,76.44419800,10.48526200,76.44419800,658053.197,1159428.293,108.00,658053.194,1159428.298,-143.8,16,658052.765,1159427.673,10.48525800,76.44419700,0.000,0.413,-6.8,6.8,0.0,6.0,1385,1385,RTK FIXED
148.126,063214.60,10.48526200,76.44419800,10.48526200,76.44419800,658053.173,1159428.332,108.00,658053.185,1159428.311,-142.6,16,658052.765,1159427.673,10.48525800,76.44419700,0.000,0.403,-6.6,6.6,0.0,6.4,1351,1351,RTK FIXED
148.171,063214.60,10.48526200,76.44419800,10.48526200,76.44419800,658053.173,1159428.332,108.00,658053.180,1159428.320,-141.5,16,658052.765,1159427.673,10.48525800,76.44419700,0.000,0.403,-6.6,6.6,0.0,6.1,1351,1351,RTK FIXED
148.226,063214.60,10.48526200,76.44419800,10.48526200,76.44419800,658053.173,1159428.332,108.00,658053.177,1159428.325,-140.3,16,658052.765,1159427.673,10.48525800,76.44419700,0.000,0.403,-6.6,6.6,0.0,6.4,1351,1351,RTK FIXED
148.272,063214.60,10.48526200,76.44419800,10.48526200,76.44419800,658053.173,1159428.332,108.00,658053.175,1159428.328,-139.2,16,658052.765,1159427.673,10.48525800,76.44419700,0.000,0.403,-6.6,6.6,0.0,6.0,1351,1351,RTK FIXED
148.327,063214.80,10.48526100,76.44419800,10.48526160,76.44419800,658053.155,1159428.245,108.00,658053.167,1159428.295,-138.0,16,658052.765,1159427.673,10.48525800,76.44419700,0.000,0.401,-6.6,6.6,0.0,6.4,1343,1343,RTK FIXED
148.372,063214.80,10.48526100,76.44419800,10.48526136,76.44419800,658053.155,1159428.245,108.00,658053.162,1159428.275,-136.9,16,658052.765,1159427.673,10.48525800,76.44419700,0.000,0.401,-6.6,6.6,0.0,5.5,1343,1343,RTK FIXED
148.426,063214.80,10.48526100,76.44419800,10.48526122,76.44419800,658053.155,1159428.245,108.00,658053.159,1159428.263,-135.7,16,658052.765,1159427.673,10.48525800,76.44419700,0.000,0.401,-6.6,6.6,0.0,5.6,1343,1343,RTK FIXED
148.482,063214.80,10.48526100,76.44419800,10.48526113,76.44419800,658053.155,1159428.245,108.00,658053.157,1159428.256,-134.6,16,658052.765,1159427.673,10.48525800,76.44419700,0.000,0.401,-6.6,6.6,0.0,5.9,1343,1343,RTK FIXED
148.690,063215.00,10.48526100,76.44419800,10.48526108,76.44419800,658053.134,1159428.267,108.00,658053.148,1159428.260,-119.1,16,658052.765,1159427.673,10.48525800,76.44419700,0.000,-0.200,3.3,-3.3,0.0,4.2,450,450,RTK FIXED
148.890,063215.20,10.48526100,76.44419800,10.48526105,76.44419800,658053.065,1159428.322,108.00,658053.115,1159428.285,-119.6,16,658052.765,1159427.673,10.48525800,76.44419700,0.365,-0.071,10.0,8.9,0.0,0.4,450,450,RTK FIXED
148.927,063215.40,10.48526100,76.44419800,10.48526103,76.44419800,658053.065,1159428.322,108.00,658053.095,1159428.299,-119.6,16,658052.765,1159427.673,10.48525800,76.44419700,0.366,-0.033,10.0,9.5,0.0,0.0,900,900,RTK FIXED
148.973,063215.40,10.48526100,76.44419800,10.48526102,76.44419800,658053.065,1159428.322,108.00,658053.083,1159428.308,-119.6,16,658052.765,1159427.673,10.48525800,76.44419700,0.366,-0.033,10.0,9.5,0.0,0.0,1350,1350,RTK FIXED
149.027,063215.40,10.48526100,76.44419800,10.48526101,76.44419800,658053.065,1159428.322,108.00,658053.075,1159428.314,-119.6,16,658052.765,1159427.673,10.48525800,76.44419700,0.366,-0.033,10.0,9.5,0.0,0.0,1800,1800,RTK FIXED
149.073,063215.40,10.48526100,76.44419800,10.48526101,76.44419800,658053.065,1159428.322,108.00,658053.071,1159428.317,-119.6,16,658052.765,1159427.673,10.48525800,76.44419700,0.366,-0.033,10.0,9.5,0.0,0.0,2047,1940,RTK FIXED
149.127,063215.60,10.48526100,76.44419800,10.48526100,76.44419800,658053.065,1159428.322,108.00,658053.068,1159428.319,-119.6,16,658052.765,1159427.673,10.48525800,76.44419700,0.366,-0.019,10.0,9.7,0.0,0.0,2047,1984,RTK FIXED
149.173,063215.60,10.48526100,76.44419800,10.48526100,76.44419800,658053.065,1159428.322,108.00,658053.067,1159428.320,-119.6,16,658052.765,1159427.673,10.48525800,76.44419700,0.366,-0.019,10.0,9.7,-0.5,0.0,2047,1984,RTK FIXED
149.227,063215.60,10.48526100,76.44419800,10.48526100,76.44419800,658053.065,1159428.322,108.00,658053.066,1159428.321,-119.6,16,658052.765,1159427.673,10.48525800,76.44419700,0.366,-0.019,10.0,9.7,0.5,0.9,2047,1984,RTK FIXED
149.273,063215.60,10.48526100,76.44419800,10.48526100,76.44419800,658053.065,1159428.322,108.00,658053.065,1159428.321,-119.6,16,658052.765,1159427.673,10.48525800,76.44419700,0.366,-0.019,10.0,9.7,-0.5,1.1,2047,1984,RTK FIXED
149.490,063215.80,10.48526100,76.44419800,10.48526100,76.44419800,658053.065,1159428.322,108.00,658053.065,1159428.321,-144.3,16,658052.765,1159427.673,10.48525800,76.44419700,0.000,0.295,-4.8,4.8,0.1,1.5,450,450,RTK FIXED
149.527,063216.00,10.48526100,76.44419800,10.48526100,76.44419800,658053.176,1159428.217,108.00,658053.109,1159428.280,-143.5,16,658052.765,1159427.673,10.48525800,76.44419700,0.000,0.374,-6.1,6.1,0.0,0.7,900,900,RTK FIXED
149.573,063216.00,10.48526100,76.44419800,10.48526100,76.44419800,658053.176,1159428.217,108.00,658053.136,1159428.255,-142.4,16,658052.765,1159427.673,10.48525800,76.44419700,0.000,0.374,-6.1,6.1,0.0,0.5,1252,1252,RTK FIXED
149.790,063216.20,10.48526100,76.44419800,10.48526100,76.44419800,658053.168,1159428.228,108.00,658053.149,1159428.244,-112.2,16,658052.765,1159427.673,10.48525800,76.44419700,0.000,-0.207,3.4,-3.4,0.0,-0.2,450,450,RTK FIXED
149.828,063216.40,10.48526100,76.44419800,10.48526100,76.44419800,658053.025,1159428.342,108.00,658053.099,1159428.283,-112.8,16,658052.765,1159427.673,10.48525800,76.44419700,0.000,-0.352,5.8,-5.8,0.0,0.0,900,900,RTK FIXED
149.874,063216.40,10.48526100,76.44419800,10.48526100,76.44419800,658053.025,1159428.342,108.00,658053.070,1159428.307,-113.8,16,658052.765,1159427.673,10.48525800,76.44419700,0.000,-0.352,5.8,-5.8,0.0,0.0,1178,1178,RTK FIXED
149.928,063216.40,10.48526100,76.44419800,10.48526100,76.44419800,658053.025,1159428.342,108.00,658053.052,1159428.321,-114.8,16,658052.765,1159427.673,10.48525800,76.44419700,0.000,-0.352,5.8,-5.8,0.0,0.0,1178,1178,RTK FIXED
149.974,063216.40,10.48526100,76.44419800,10.48526100,76.44419800,658053.025,1159428.342,108.00,658053.041,1159428.329,-115.8,16,658052.765,1159427.673,10.48525800,76.44419700,0.000,-0.352,5.8,-5.8,0.0,0.5,1178,1178,RTK FIXED
150.028,063216.40,10.48526100,76.44419800,10.48526100,76.44419800,658053.025,1159428.342,108.00,658053.035,1159428.334,-116.8,16,658052.765,1159427.673,10.48525800,76.44419700,0.000,-0.352,5.8,-5.8,-0.5,0.0,1178,1178,RTK FIXED
150.074,063216.40,10.48526100,76.44419800,10.48526100,76.44419800,658053.025,1159428.342,108.00,658053.031,1159428.338,-117.8,16,658052.765,1159427.673,10.48525800,76.44419700,0.000,-0.352,5.8,-5.8,0.5,0.0,1178,1178,RTK FIXED
150.291,063216.60,10.48526100,76.44419800,10.48526100,76.44419800,658053.060,1159428.324,108.00,658053.043,1159428.332,-118.8,16,658052.765,1159427.673,10.48525800,76.44419700,0.365,-0.106,10.0,8.4,-0.1,0.2,450,450,RTK FIXED
150.492,063216.80,10.48526100,76.44419800,10.48526100,76.44419800,658053.060,1159428.324,108.00,658053.050,1159428.329,-149.2,16,658052.765,1159427.673,10.48525800,76.44419700,0.000,0.274,-4.5,4.5,0.0,0.0,450,450,RTK FIXED
150.529,063217.00,10.48526100,76.44419800,10.48526100,76.44419800,658053.193,1159428.190,108.00,658053.107,1159428.273,-148.4,16,658052.765,1159427.673,10.48525800,76.44419700,0.000,0.368,-6.0,6.0,0.0,0.0,900,900,RTK FIXED
150.574,063217.00,10.48526100,76.44419800,10.48526100,76.44419800,658053.193,1159428.190,108.00,658053.142,1159428.240,-147.4,16,658052.765,1159427.673,10.48525800,76.44419700,0.000,0.368,-6.0,6.0,0.0,0.0,1234,1234,RTK FIXED
150.792,063217.20,10.48526100,76.44419800,10.48526100,76.44419800,658053.186,1159428.202,108.00,658053.160,1159428.225,-115.8,16,658052.765,1159427.673,10.48525800,76.44419700,0.000,-0.208,3.4,-3.4,0.0,0.0,450,450,RTK FIXED
150.828,063217.40,10.48526100,76.44419800,10.48526100,76.44419800,658053.046,1159428.332,108.00,658053.114,1159428.268,-116.4,16,658052.765,1159427.673,10.48525800,76.44419700,0.000,-0.352,5.8,-5.8,0.0,0.0,900,900,RTK FIXED
150.874,063217.40,10.48526100,76.44419800,10.48526100,76.44419800,658053.046,1159428.332,108.00,658053.087,1159428.293,-117.4,16,658052.765,1159427.673,10.48525800,76.44419700,0.000,-0.352,5.8,-5.8,0.0,0.0,1179,1179,RTK FIXED
150.929,063217.40,10.48526100,76.44419800,10.48526100,76.44419800,658053.046,1159428.332,108.00,658053.071,1159428.309,-118.4,16,658052.765,1159427.673,10.48525800,76.44419700,0.000,-0.352,5.8,-5.8,0.0,0.0,1179,1179,RTK FIXED
150.975,063217.40,10.48526100,76.44419800,10.48526100,76.44419800,658053.046,1159428.332,108.00,658053.061,1159428.318,-119.4,16,658052.765,1159427.673,10.48525800,76.44419700,0.000,-0.352,5.8,-5.8,0.0,0.0,1179,1179,RTK FIXED
151.028,063217.40,10.48526100,76.44419800,10.48526100,76.44419800,658053.046,1159428.332,108.00,658053.055,1159428.324,-120.4,16,658052.765,1159427.673,10.48525800,76.44419700,0.000,-0.352,5.8,-5.8,0.0,0.0,1179,1179,RTK FIXED
151.075,063217.40,10.48526100,76.44419800,10.48526100,76.44419800,658053.046,1159428.332,108.00,658053.051,1159428.327,-121.4,16,658052.765,1159427.673,10.48525800,76.44419700,0.000,-0.352,5.8,-5.8,0.5,0.0,1179,1179,RTK FIXED
151.292,063217.60,10.48526100,76.44419800,10.48526100,76.44419800,658053.080,1159428.312,108.00,658053.063,1159428.321,-122.4,16,658052.765,1159427.673,10.48525800,76.44419700,0.366,-0.092,10.0,8.6,0.0,-0.3,450,450,RTK FIXED
151.493,063217.80,10.48526100,76.44419800,10.48526100,76.44419800,658053.080,1159428.312,108.00,658053.069,1159428.317,-153.6,16,658052.765,1159427.673,10.48525800,76.44419700,0.000,0.310,-5.1,5.1,0.0,0.0,450,450,RTK FIXED
151.530,063218.00,10.48526100,76.44419700,10.48526100,76.44419760,658053.097,1159428.165,108.00,658053.080,1159428.256,-152.7,16,658052.765,1159427.673,10.48525800,76.44419700,0.000,0.378,-6.2,6.2,0.0,0.0,900,900,RTK FIXED
151.575,063218.00,10.48526100,76.44419700,10.48526100,76.44419736,658053.097,1159428.165,108.00,658053.087,1159428.220,-151.6,16,658052.765,1159427.673,10.48525800,76.44419700,0.000,0.378,-6.2,6.2,0.0,0.0,1265,1265,RTK FIXED
151.793,063218.20,10.48526100,76.44419700,10.48526100,76.44419722,658053.090,1159428.178,108.00,658053.088,1159428.203,-131.9,16,658052.765,1159427.673,10.48525800,76.44419700,0.366,0.111,8.3,10.0,0.0,0.0,450,450,RTK FIXED
151.830,063218.40,10.48526100,76.44419700,10.48526100,76.44419713,658053.018,1159428.273,108.00,658053.060,1159428.231,-131.9,16,658052.765,1159427.673,10.48525800,76.44419700,0.365,0.057,9.1,10.0,0.0,0.0,900,900,RTK FIXED
151.875,063218.40,10.48526100,76.44419700,10.48526100,76.44419708,658053.018,1159428.273,108.00,658053.043,1159428.248,-131.9,16,658052.765,1159427.673,10.48525800,76.44419700,0.365,0.057,9.1,10.0,0.0,0.0,1350,1350,RTK FIXED
151.930,063218.40,10.48526100,76.44419700,10.48526100,76.44419705,658053.018,1159428.273,108.00,658053.033,1159428.258,-131.9,16,658052.765,1159427.673,10.48525800,76.44419700,0.365,0.057,9.1,10.0,0.0,0.0,1800,1800,RTK FIXED
151.976,063218.40,10.48526100,76.44419700,10.48526100,76.44419703,658053.018,1159428.273,108.00,658053.027,1159428.264,-131.9,16,658052.765,1159427.673,10.48525800,76.44419700,0.365,0.057,9.1,10.0,0.0,0.0,1864,2047,RTK FIXED
152.029,063218.40,10.48526100,76.44419700,10.48526100,76.44419702,658053.018,1159428.273,108.00,658053.023,1159428.268,-131.9,16,658052.765,1159427.673,10.48525800,76.44419700,0.365,0.057,9.1,10.0,0.0,0.0,1864,2047,RTK FIXED
152.075,063218.40,10.48526100,76.44419700,10.48526100,76.44419701,658053.018,1159428.273,108.00,658053.021,1159428.270,-131.9,16,658052.765,1159427.673,10.48525800,76.44419700,0.365,0.057,9.1,10.0,0.0,0.5,1864,2047,RTK FIXED
152.130,063218.60,10.48526100,76.44419700,10.48526100,76.44419701,658053.018,1159428.273,108.00,658053.020,1159428.271,-131.9,16,658052.765,1159427.673,10.48525800,76.44419700,0.364,0.051,9.2,10.0,0.0,0.5,1883,2047,RTK FIXED
152.175,063218.60,10.48526100,76.44419700,10.48526100,76.44419700,658053.018,1159428.273,108.00,658053.019,1159428.272,-131.9,16,658052.765,1159427.673,10.48525800,76.44419700,0.364,0.051,9.2,10.0,0.0,1.1,1883,2047,RTK FIXED
152.229,063218.60,10.48526100,76.44419700,10.48526100,76.44419700,658053.018,1159428.273,108.00,658053.019,1159428.272,-131.9,16,658052.765,1159427.673,10.48525800,76.44419700,0.364,0.051,9.2,10.0,0.0,1.9,1883,2047,RTK FIXED
152.285,063218.60,10.48526100,76.44419700,10.48526100,76.44419700,658053.018,1159428.273,108.00,658053.018,1159428.273,-131.9,16,658052.765,1159427.673,10.48525800,76.44419700,0.364,0.051,9.2,10.0,-0.4,2.7,1883,2047,RTK FIXED
152.330,063218.80,10.48526100,76.44419800,10.48526100,76.44419740,658053.127,1159428.274,108.00,658053.062,1159428.273,-131.9,16,658052.765,1159427.673,10.48525800,76.44419700,0.364,0.045,9.3,10.0,0.6,2.2,1900,2047,RTK FIXED
152.383,063218.80,10.48526100,76.44419800,10.48526100,76.44419764,658053.127,1159428.274,108.00,658053.088,1159428.273,-131.9,16,658052.765,1159427.673,10.48525800,76.44419700,0.364,0.045,9.3,10.0,-0.5,3.3,1900,2047,RTK FIXED
152.430,063218.80,10.48526100,76.44419800,10.48526100,76.44419778,658053.127,1159428.274,108.00,658053.104,1159428.273,-131.9,16,658052.765,1159427.673,10.48525800,76.44419700,0.364,0.045,9.3,10.0,0.5,3.7,1900,2047,RTK FIXED
152.483,063218.80,10.48526100,76.44419800,10.48526100,76.44419787,658053.127,1159428.274,108.00,658053.113,1159428.274,-131.9,16,658052.765,1159427.673,10.48525800,76.44419700,0.364,0.045,9.3,10.0,0.0,3.8,1900,2047,RTK FIXED
152.531,063219.00,10.48526100,76.44419700,10.48526100,76.44419752,658053.018,1159428.273,108.00,658053.075,1159428.273,-131.9,16,658052.765,1159427.673,10.48525800,76.44419700,0.364,0.050,9.2,10.0,0.0,4.8,1885,2047,RTK FIXED
152.583,063219.00,10.48526100,76.44419700,10.48526100,76.44419731,658053.018,1159428.273,108.00,658053.052,1159428.273,-131.9,16,658052.765,1159427.673,10.48525800,76.44419700,0.364,0.050,9.2,10.0,0.0,5.2,1885,2047,RTK FIXED
152.630,063219.00,10.48526100,76.44419700,10.48526100,76.44419719,658053.018,1159428.273,108.00,658053.039,1159428.273,-131.9,16,658052.765,1159427.673,10.48525800,76.44419700,0.364,0.050,9.2,10.0,-0.5,4.8,1885,2047,RTK FIXED
152.685,063219.00,10.48526100,76.44419700,10.48526100,76.44419711,658053.018,1159428.273,108.00,658053.030,1159428.273,-131.9,16,658052.765,1159427.673,10.48525800,76.44419700,0.364,0.050,9.2,10.0,0.5,6.0,1885,2047,RTK FIXED
152.731,063219.20,10.48526100,76.44419700,10.48526100,76.44419707,658053.018,1159428.273,108.00,658053.025,1159428.273,-131.9,16,658052.765,1159427.673,10.48525800,76.44419700,0.363,0.055,9.1,10.0,-0.5,6.5,1870,2047,RTK FIXED
152.784,063219.20,10.48526100,76.44419700,10.48526100,76.44419704,658053.018,1159428.273,108.00,658053.022,1159428.273,-131.9,16,658052.765,1159427.673,10.48525800,76.44419700,0.363,0.055,9.1,10.0,0.0,7.5,1870,2047,RTK FIXED
153.001,063219.40,10.48526100,76.44419700,10.48526100,76.44419702,658053.018,1159428.273,108.00,658053.021,1159428.273,-158.5,16,658052.765,1159427.673,10.48525800,76.44419700,0.000,0.407,-6.7,6.7,0.1,9.2,450,450,RTK FIXED
153.039,063219.60,10.48526100,76.44419700,10.48526100,76.44419701,658053.109,1159428.138,108.00,658053.056,1159428.219,-157.4,16,658052.765,1159427.673,10.48525800,76.44419700,0.000,0.440,-7.2,7.2,0.0,8.6,900,900,RTK FIXED
153.085,063219.60,10.48526100,76.44419700,10.48526100,76.44419701,658053.109,1159428.138,108.00,658053.077,1159428.186,-156.1,16,658052.765,1159427.673,10.48525800,76.44419700,0.000,0.440,-7.2,7.2,-0.5,8.7,1350,1350,RTK FIXED
153.138,063219.60,10.48526100,76.44419700,10.48526100,76.44419701,658053.109,1159428.138,108.00,658053.090,1159428.167,-154.8,16,658052.765,1159427.673,10.48525800,76.44419700,0.000,0.440,-7.2,7.2,0.0,7.4,1475,1475,RTK FIXED
153.185,063219.60,10.48526100,76.44419700,10.48526100,76.44419700,658053.109,1159428.138,108.00,658053.097,1159428.155,-153.6,16,658052.765,1159427.673,10.48525800,76.44419700,0.000,0.440,-7.2,7.2,0.0,6.5,1475,1475,RTK FIXED
153.239,063219.60,10.48526100,76.44419700,10.48526100,76.44419700,658053.109,1159428.138,108.00,658053.102,1159428.148,-152.3,16,658052.765,1159427.673,10.48525800,76.44419700,0.000,0.440,-7.2,7.2,0.5,6.0,1475,1475,RTK FIXED
153.286,063219.60,10.48526100,76.44419700,10.48526100,76.44419700,658053.109,1159428.138,108.00,658053.105,1159428.144,-151.1,16,658052.765,1159427.673,10.48525800,76.44419700,0.000,0.440,-7.2,7.2,-0.5,4.7,1475,1475,RTK FIXED
153.339,063219.80,10.48526100,76.44419700,10.48526100,76.44419700,658053.088,1159428.182,108.00,658053.098,1159428.159,-149.8,16,658052.765,1159427.673,10.48525800,76.44419700,0.000,0.410,-6.7,6.7,0.0,5.2,1374,1374,RTK FIXED
153.385,063219.80,10.48526100,76.44419700,10.48526100,76.44419700,658053.088,1159428.182,108.00,658053.094,1159428.168,-148.6,16,658052.765,1159427.673,10.48525800,76.44419700,0.000,0.410,-6.7,6.7,0.5,8.7,1374,1374,RTK FIXED
153.439,063219.80,10.48526100,76.44419700,10.48526100,76.44419700,658053.088,1159428.182,108.00,658053.092,1159428.174,-147.5,16,658052.765,1159427.673,10.48525800,76.44419700,0.000,0.410,-6.7,6.7,-0.5,7.0,1374,1374,RTK FIXED
153.492,063219.80,10.48526100,76.44419700,10.48526100,76.44419700,658053.088,1159428.182,108.00,658053.090,1159428.177,-146.3,16,658052.765,1159427.673,10.48525800,76.44419700,0.000,0.410,-6.7,6.7,0.0,7.0,1374,1374,RTK FIXED
153.539,063220.00,10.48526100,76.44419700,10.48526100,76.44419700,658053.073,1159428.208,108.00,658053.083,1159428.189,-145.1,16,658052.765,1159427.673,10.48525800,76.44419700,0.000,0.403,-6.6,6.6,0.0,6.3,1349,1349,RTK FIXED
153.593,063220.00,10.48526100,76.44419700,10.48526100,76.44419700,658053.073,1159428.208,108.00,658053.079,1159428.197,-144.0,16,658052.765,1159427.673,10.48525800,76.44419700,0.000,0.403,-6.6,6.6,0.0,6.1,1349,1349,RTK FIXED
153.639,063220.20,10.48526100,76.44419700,10.48526100,76.44419700,658053.064,1159428.220,108.00,658053.073,1159428.206,-142.8,16,658052.765,1159427.673,10.48525800,76.44419700,0.000,0.401,-6.6,6.6,0.0,5.9,1342,1342,RTK FIXED
153.693,063220.20,10.48526100,76.44419700,10.48526100,76.44419700,658053.064,1159428.220,108.00,658053.070,1159428.212,-141.7,16,658052.765,1159427.673,10.48525800,76.44419700,0.000,0.401,-6.6,6.6,0.0,5.6,1342,1342,RTK FIXED
153.739,063220.20,10.48526100,76.44419700,10.48526100,76.44419700,658053.064,1159428.220,108.00,658053.067,1159428.215,-140.5,16,658052.765,1159427.673,10.48525800,76.44419700,0.000,0.401,-6.6,6.6,0.0,6.0,1342,1342,RTK FIXED
153.793,063220.20,10.48526100,76.44419700,10.48526100,76.44419700,658053.064,1159428.220,108.00,658053.066,1159428.217,-139.4,16,658052.765,1159427.673,10.48525800,76.44419700,0.000,0.401,-6.6,6.6,0.0,5.6,1342,1342,RTK FIXED
153.839,063220.40,10.48526100,76.44419700,10.48526100,76.44419700,658053.046,1159428.243,108.00,658053.058,1159428.228,-138.2,16,658052.765,1159427.673,10.48525800,76.44419700,0.000,0.400,-6.6,6.6,0.0,5.5,1341,1341,RTK FIXED
153.893,063220.40,10.48526100,76.44419700,10.48526100,76.44419700,658053.046,1159428.243,108.00,658053.053,1159428.234,-137.1,16,658052.765,1159427.673,10.48525800,76.44419700,0.000,0.400,-6.6,6.6,0.0,6.0,1341,1341,RTK FIXED
153.939,063220.40,10.48526100,76.44419700,10.48526100,76.44419700,658053.046,1159428.243,108.00,658053.050,1159428.238,-135.9,16,658052.765,1159427.673,10.48525800,76.44419700,0.000,0.400,-6.6,6.6,0.0,5.4,1341,1341,RTK FIXED
153.993,063220.40,10.48526100,76.44419700,10.48526100,76.44419700,658053.046,1159428.243,108.00,658053.049,1159428.240,-134.8,16,658052.765,1159427.673,10.48525800,76.44419700,0.000,0.400,-6.6,6.6,0.0,6.1,1341,1341,RTK FIXED
154.039,063220.40,10.48526100,76.44419700,10.48526100,76.44419700,658053.046,1159428.243,108.00,658053.048,1159428.241,-133.6,16,658052.765,1159427.673,10.48525800,76.44419700,0.000,0.400,-6.6,6.6,0.0,5.4,1341,1341,RTK FIXED
154.094,063220.40,10.48526100,76.44419700,10.48526100,76.44419700,658053.046,1159428.243,108.00,658053.047,1159428.242,-132.5,16,658052.765,1159427.673,10.48525800,76.44419700,0.000,0.400,-6.6,6.6,0.0,6.0,1341,1341,RTK FIXED
154.147,063220.60,10.48526100,76.44419700,10.48526100,76.44419700,658053.015,1159428.276,108.00,658053.034,1159428.256,-131.3,16,658052.765,1159427.673,10.48525800,76.44419700,0.000,0.400,-6.5,6.5,0.0,5.5,1340,1340,RTK FIXED
154.193,063220.60,10.48526100,76.44419700,10.48526100,76.44419700,658053.015,1159428.276,108.00,658053.027,1159428.264,-130.2,16,658052.765,1159427.673,10.48525800,76.44419700,0.000,0.400,-6.5,6.5,0.0,5.5,1340,1340,RTK FIXED
154.247,063220.60,10.48526100,76.44419700,10.48526100,76.44419700,658053.015,1159428.276,108.00,658053.022,1159428.268,-129.0,16,658052.765,1159427.673,10.48525800,76.44419700,0.000,0.400,-6.5,6.5,0.0,5.6,1340,1340,RTK FIXED
154.293,063220.60,10.48526100,76.44419700,10.48526100,76.44419700,658053.015,1159428.276,108.00,658053.019,1159428.271,-127.9,16,658052.765,1159427.673,10.48525800,76.44419700,0.000,0.400,-6.5,6.5,0.0,5.9,1340,1340,RTK FIXED
154.510,063220.80,10.48526100,76.44419600,10.48526100,76.44419660,658052.883,1159428.294,108.00,658052.965,1159428.281,-126.7,16,658052.765,1159427.673,10.48525800,76.44419700,0.365,0.122,8.2,10.0,0.0,4.1,450,450,RTK FIXED
154.548,063221.00,10.48526000,76.44419600,10.48526060,76.44419636,658052.884,1159428.184,108.00,658052.933,1159428.242,-135.8,16,658052.765,1159427.673,10.48525800,76.44419700,0.358,0.103,8.4,10.0,0.0,0.0,900,900,RTK FIXED
154.594,063221.00,10.48526000,76.44419600,10.48526036,76.44419622,658052.884,1159428.184,108.00,658052.913,1159428.219,-135.8,16,658052.765,1159427.673,10.48525800,76.44419700,0.358,0.103,8.4,10.0,0.0,0.0,1350,1350,RTK FIXED
154.648,063221.20,10.48526000,76.44419600,10.48526022,76.44419613,658052.927,1159428.144,108.00,658052.919,1159428.189,-135.8,16,658052.765,1159427.673,10.48525800,76.44419700,0.360,0.089,8.6,10.0,0.0,0.0,1763,1800,RTK FIXED
154.694,063221.20,10.48526000,76.44419600,10.48526013,76.44419608,658052.927,1159428.144,108.00,658052.922,1159428.171,-135.8,16,658052.765,1159427.673,10.48525800,76.44419700,0.360,0.089,8.6,10.0,0.0,0.0,1763,2047,RTK FIXED
154.748,063221.20,10.48526000,76.44419600,10.48526008,76.44419605,658052.927,1159428.144,108.00,658052.924,1159428.160,-135.8,16,658052.765,1159427.673,10.48525800,76.44419700,0.360,0.089,8.6,10.0,0.5,0.0,1763,2047,RTK FIXED
154.793,063221.20,10.48526000,76.44419600,10.48526005,76.44419603,658052.927,1159428.144,108.00,658052.925,1159428.154,-135.8,16,658052.765,1159427.673,10.48525800,76.44419700,0.360,0.089,8.6,10.0,0.0,0.0,1763,2047,RTK FIXED
154.848,063221.40,10.48526000,76.44419600,10.48526003,76.44419602,658052.927,1159428.144,108.00,658052.926,1159428.150,-135.8,16,658052.765,1159427.673,10.48525800,76.44419700,0.361,0.080,8.8,10.0,0.0,0.9,1791,2047,RTK FIXED
154.894,063221.40,10.48526000,76.44419600,10.48526002,76.44419601,658052.927,1159428.144,108.00,658052.926,1159428.148,-135.8,16,658052.765,1159427.673,10.48525800,76.44419700,0.361,0.080,8.8,10.0,-0.5,1.1,1791,2047,RTK FIXED
154.947,063221.40,10.48526000,76.44419600,10.48526001,76.44419601,658052.927,1159428.144,108.00,658052.926,1159428.146,-135.8,16,658052.765,1159427.673,10.48525800,76.44419700,0.361,0.080,8.8,10.0,0.5,1.9,1791,2047,RTK FIXED
154.994,063221.40,10.48526000,76.44419600,10.48526001,76.44419600,658052.927,1159428.144,108.00,658052.926,1159428.145,-135.8,16,658052.765,1159427.673,10.48525800,76.44419700,0.361,0.080,8.8,10.0,-0.5,2.1,1791,2047,RTK FIXED
155.047,063221.40,10.48526000,76.44419600,10.48526000,76.44419600,658052.927,1159428.144,108.00,658052.927,1159428.145,-135.8,16,658052.765,1159427.673,10.48525800,76.44419700,0.361,0.080,8.8,10.0,0.5,2.8,1791,2047,RTK FIXED
155.103,063221.60,10.48526000,76.44419600,10.48526000,76.44419600,658052.927,1159428.144,108.00,658052.927,1159428.145,-135.8,16,658052.765,1159427.673,10.48525800,76.44419700,0.361,0.074,8.8,10.0,-0.5,3.2,1809,2047,RTK FIXED
155.148,063221.60,10.48526000,76.44419600,10.48526000,76.44419600,658052.927,1159428.144,108.00,658052.927,1159428.144,-135.8,16,658052.765,1159427.673,10.48525800,76.44419700,0.361,0.074,8.8,10.0,0.6,5.0,1809,2047,RTK FIXED
155.202,063221.60,10.48526000,76.44419600,10.48526000,76.44419600,658052.927,1159428.144,108.00,658052.927,1159428.144,-135.8,16,658052.765,1159427.673,10.48525800,76.44419700,0.361,0.074,8.8,10.0,-0.5,6.0,1809,2047,RTK FIXED
155.248,063221.60,10.48526000,76.44419600,10.48526000,76.44419600,658052.927,1159428.144,108.00,658052.927,1159428.144,-135.8,16,658052.765,1159427.673,10.48525800,76.44419700,0.361,0.074,8.8,10.0,0.0,6.5,1809,2047,RTK FIXED
155.303,063221.60,10.48526000,76.44419600,10.48526000,76.44419600,658052.927,1159428.144,108.00,658052.927,1159428.144,-135.8,16,658052.765,1159427.673,10.48525800,76.44419700,0.361,0.074,8.8,10.0,0.0,4.6,1809,2047,RTK FIXED
155.349,063221.80,10.48526000,76.44419600,10.48526000,76.44419600,658052.927,1159428.144,108.00,658052.927,1159428.144,-135.8,16,658052.765,1159427.673,10.48525800,76.44419700,0.362,0.071,8.9,10.0,0.5,5.9,1820,2047,RTK FIXED
155.402,063221.80,10.48526000,76.44419600,10.48526000,76.44419600,658052.927,1159428.144,108.00,658052.927,1159428.144,-135.8,16,658052.765,1159427.673,10.48525800,76.44419700,0.362,0.071,8.9,10.0,0.0,6.0,1820,2047,RTK FIXED
155.449,063221.80,10.48526000,76.44419600,10.48526000,76.44419600,658052.927,1159428.144,108.00,658052.927,1159428.144,-135.8,16,658052.765,1159427.673,10.48525800,76.44419700,0.362,0.071,8.9,10.0,-0.5,6.5,1820,2047,RTK FIXED
155.503,063222.00,10.48526000,76.44419600,10.48526000,76.44419600,658052.927,1159428.144,108.00,658052.927,1159428.144,-124.8,16,658052.765,1159427.673,10.48525800,76.44419700,0.366,0.018,9.7,10.0,0.0,6.9,1988,2047,RTK FIXED
155.548,063222.00,10.48526000,76.44419600,10.48526000,76.44419600,658052.927,1159428.144,108.00,658052.927,1159428.144,-124.8,16,658052.765,1159427.673,10.48525800,76.44419700,0.366,0.018,9.7,10.0,0.6,8.3,1988,2047,RTK FIXED
155.603,063222.20,10.48526000,76.44419600,10.48526000,76.44419600,658052.874,1159428.192,108.00,658052.905,1159428.163,-124.8,16,658052.765,1159427.673,10.48525800,76.44419700,0.366,0.004,9.9,10.0,0.0,9.1,2032,2047,RTK FIXED
155.656,063222.20,10.48526000,76.44419600,10.48526000,76.44419600,658052.874,1159428.192,108.00,658052.893,1159428.174,-124.8,16,658052.765,1159427.673,10.48525800,76.44419700,0.366,0.004,9.9,10.0,0.0,10.8,2032,2047,RTK FIXED
155.702,063222.20,10.48526000,76.44419600,10.48526000,76.44419600,658052.874,1159428.192,108.00,658052.885,1159428.181,-124.8,16,658052.765,1159427.673,10.48525800,76.44419700,0.366,0.004,9.9,10.0,0.0,12.4,2032,2047,RTK FIXED
155.757,063222.20,10.48526000,76.44419600,10.48526000,76.44419600,658052.874,1159428.192,108.00,658052.881,1159428.185,-124.8,16,658052.765,1159427.673,10.48525800,76.44419700,0.366,0.004,9.9,10.0,0.0,12.9,2032,2047,RTK FIXED
155.803,063222.40,10.48526000,76.44419600,10.48526000,76.44419600,658052.874,1159428.192,108.00,658052.878,1159428.188,-124.8,16,658052.765,1159427.673,10.48525800,76.44419700,0.366,0.002,10.0,10.0,-0.5,14.0,2042,2047,RTK FIXED
155.857,063222.40,10.48526000,76.44419600,10.48526000,76.44419600,658052.874,1159428.192,108.00,658052.876,1159428.189,-124.8,16,658052.765,1159427.673,10.48525800,76.44419700,0.366,0.002,10.0,10.0,0.5,15.0,2042,2047,RTK FIXED
155.903,063222.40,10.48526000,76.44419600,10.48526000,76.44419600,658052.874,1159428.192,108.00,658052.875,1159428.190,-124.8,16,658052.765,1159427.673,10.48525800,76.44419700,0.366,0.002,10.0,10.0,0.0,15.7,2042,2047,RTK FIXED
155.957,063222.40,10.48526000,76.44419600,10.48526000,76.44419600,658052.874,1159428.192,108.00,658052.875,1159428.191,-124.8,16,658052.765,1159427.673,10.48525800,76.44419700,0.366,0.002,10.0,10.0,0.0,16.7,2042,2047,RTK FIXED
156.003,063222.40,10.48526000,76.44419600,10.48526000,76.44419600,658052.874,1159428.192,108.00,658052.874,1159428.191,-124.8,16,658052.765,1159427.673,10.48525800,76.44419700,0.366,0.002,10.0,10.0,-0.5,16.8,2042,2047,RTK FIXED
156.056,063222.40,10.48526000,76.44419600,10.48526000,76.44419600,658052.874,1159428.192,108.00,658052.874,1159428.191,-124.8,16,658052.765,1159427.673,10.48525800,76.44419700,0.366,0.002,10.0,10.0,0.0,17.4,2042,2047,RTK FIXED
156.266,063222.60,10.48526000,76.44419500,10.48526000,76.44419560,658052.764,1159428.191,108.00,658052.830,1159428.191,-147.4,16,658052.765,1159427.673,10.48525800,76.44419700,0.000,0.300,-4.9,4.9,0.0,17.3,450,450,RTK FIXED
156.303,063222.60,10.48526000,76.44419500,10.48526000,76.44419536,658052.764,1159428.191,108.00,658052.804,1159428.191,-146.5,16,658052.765,1159427.673,10.48525800,76.44419700,0.000,0.300,-4.9,4.9,0.7,16.2,900,900,RTK FIXED
156.350,063222.80,10.48526000,76.44419500,10.48526000,76.44419522,658052.856,1159428.093,108.00,658052.825,1159428.152,-145.7,16,658052.765,1159427.673,10.48525800,76.44419700,0.000,0.375,-6.1,6.1,0.0,15.5,1257,1257,RTK FIXED
156.404,063222.80,10.48526000,76.44419500,10.48526000,76.44419513,658052.856,1159428.093,108.00,658052.837,1159428.128,-144.6,16,658052.765,1159427.673,10.48525800,76.44419700,0.000,0.375,-6.1,6.1,-0.5,14.3,1257,1257,RTK FIXED
156.450,063222.80,10.48526000,76.44419500,10.48526000,76.44419508,658052.856,1159428.093,108.00,658052.845,1159428.114,-143.5,16,658052.765,1159427.673,10.48525800,76.44419700,0.000,0.375,-6.1,6.1,0.5,13.1,1257,1257,RTK FIXED
156.503,063222.80,10.48526000,76.44419500,10.48526000,76.44419505,658052.856,1159428.093,108.00,658052.849,1159428.106,-142.4,16,658052.765,1159427.673,10.48525800,76.44419700,0.000,0.375,-6.1,6.1,-0.5,12.1,1257,1257,RTK FIXED
156.550,063223.00,10.48526000,76.44419500,10.48526000,76.44419503,658052.840,1159428.116,108.00,658052.846,1159428.110,-141.4,16,658052.765,1159427.673,10.48525800,76.44419700,0.000,0.394,-6.4,6.4,0.0,10.2,1319,1319,RTK FIXED
156.603,063223.00,10.48526000,76.44419500,10.48526000,76.44419502,658052.840,1159428.116,108.00,658052.844,1159428.112,-140.2,16,658052.765,1159427.673,10.48525800,76.44419700,0.000,0.394,-6.4,6.4,0.0,8.4,1319,1319,RTK FIXED
156.650,063223.00,10.48526000,76.44419500,10.48526000,76.44419501,658052.840,1159428.116,108.00,658052.842,1159428.114,-139.1,16,658052.765,1159427.673,10.48525800,76.44419700,0.000,0.394,-6.4,6.4,0.5,8.1,1319,1319,RTK FIXED
156.703,063223.00,10.48526000,76.44419500,10.48526000,76.44419501,658052.840,1159428.116,108.00,658052.841,1159428.115,-138.0,16,658052.765,1159427.673,10.48525800,76.44419700,0.000,0.394,-6.4,6.4,-0.5,7.5,1319,1319,RTK FIXED
156.750,063223.20,10.48526000,76.44419400,10.48526000,76.44419460,658052.712,1159428.138,108.00,658052.790,1159428.124,-136.8,16,658052.765,1159427.673,10.48525800,76.44419700,0.000,0.398,-6.5,6.5,0.5,7.5,1335,1335,RTK FIXED
156.804,063223.20,10.48526000,76.44419400,10.48526000,76.44419436,658052.712,1159428.138,108.00,658052.759,1159428.130,-135.7,16,658052.765,1159427.673,10.48525800,76.44419700,0.000,0.398,-6.5,6.5,0.0,6.5,1335,1335,RTK FIXED
156.858,063223.20,10.48526000,76.44419400,10.48526000,76.44419422,658052.712,1159428.138,108.00,658052.740,1159428.133,-134.6,16,658052.765,1159427.673,10.48525800,76.44419700,0.000,0.398,-6.5,6.5,0.0,6.5,1335,1335,RTK FIXED
156.904,063223.40,10.48526000,76.44419400,10.48526000,76.44419413,658052.697,1159428.154,108.00,658052.723,1159428.141,-140.1,16,658052.765,1159427.673,10.48525800,76.44419700,0.000,0.400,-6.5,6.5,0.0,5.9,1339,1339,RTK FIXED
156.958,063223.40,10.48526000,76.44419400,10.48526000,76.44419408,658052.697,1159428.154,108.00,658052.713,1159428.147,-139.0,16,658052.765,1159427.673,10.48525800,76.44419700,0.000,0.400,-6.5,6.5,-0.5,6.5,1339,1339,RTK FIXED
157.004,063223.40,10.48526000,76.44419400,10.48526000,76.44419405,658052.697,1159428.154,108.00,658052.706,1159428.150,-137.9,16,658052.765,1159427.673,10.48525800,76.44419700,0.000,0.400,-6.5,6.5,0.5,5.4,1339,1339,RTK FIXED
157.058,063223.40,10.48526000,76.44419400,10.48526000,76.44419403,658052.697,1159428.154,108.00,658052.703,1159428.151,-136.7,16,658052.765,1159427.673,10.48525800,76.44419700,0.000,0.400,-6.5,6.5,-0.5,5.6,1339,1339,RTK FIXED
157.104,063223.60,10.48526000,76.44419400,10.48526000,76.44419402,658052.707,1159428.144,108.00,658052.704,1159428.148,-135.6,16,658052.765,1159427.673,10.48525800,76.44419700,0.000,0.400,-6.5,6.5,0.0,5.9,1340,1340,RTK FIXED
157.157,063223.60,10.48526000,76.44419400,10.48526000,76.44419401,658052.707,1159428.144,108.00,658052.705,1159428.147,-134.4,16,658052.765,1159427.673,10.48525800,76.44419700,0.000,0.400,-6.5,6.5,0.0,5.7,1340,1340,RTK FIXED
157.212,063223.80,10.48526000,76.44419400,10.48526000,76.44419401,658052.696,1159428.155,108.00,658052.702,1159428.150,-133.3,16,658052.765,1159427.673,10.48525800,76.44419700,0.000,0.400,-6.5,6.5,0.0,5.5,1340,1340,RTK FIXED
157.258,063223.80,10.48526000,76.44419400,10.48526000,76.44419400,658052.696,1159428.155,108.00,658052.700,1159428.152,-132.1,16,658052.765,1159427.673,10.48525800,76.44419700,0.000,0.400,-6.5,6.5,0.0,5.4,1340,1340,RTK FIXED
157.311,063223.80,10.48526000,76.44419400,10.48526000,76.44419400,658052.696,1159428.155,108.00,658052.698,1159428.153,-131.0,16,658052.765,1159427.673,10.48525800,76.44419700,0.000,0.400,-6.5,6.5,0.0,5.2,1340,1340,RTK FIXED
157.357,063223.80,10.48526000,76.44419400,10.48526000,76.44419400,658052.696,1159428.155,108.00,658052.698,1159428.154,-129.8,16,658052.765,1159427.673,10.48525800,76.44419700,0.000,0.400,-6.5,6.5,0.0,5.9,1340,1340,RTK FIXED
157.412,063224.00,10.48526000,76.44419400,10.48526000,76.44419400,658052.675,1159428.175,108.00,658052.688,1159428.162,-128.7,16,658052.765,1159427.673,10.48525800,76.44419700,0.000,0.400,-6.5,6.5,0.0,5.5,1340,1340,RTK FIXED
157.458,063224.00,10.48526000,76.44419400,10.48526000,76.44419400,658052.675,1159428.175,108.00,658052.683,1159428.167,-127.5,16,658052.765,1159427.673,10.48525800,76.44419700,0.000,0.400,-6.5,6.5,0.0,5.4,1340,1340,RTK FIXED
157.512,063224.00,10.48526000,76.44419400,10.48526000,76.44419400,658052.675,1159428.175,108.00,658052.680,1159428.170,-126.4,16,658052.765,1159427.673,10.48525800,76.44419700,0.000,0.400,-6.5,6.5,0.0,5.6,1340,1340,RTK FIXED
157.558,063224.00,10.48526000,76.44419400,10.48526000,76.44419400,658052.675,1159428.175,108.00,658052.678,1159428.172,-125.3,16,658052.765,1159427.673,10.48525800,76.44419700,0.000,0.400,-6.5,6.5,0.0,5.9,1340,1340,RTK FIXED
157.613,063224.00,10.48526000,76.44419400,10.48526000,76.44419400,658052.675,1159428.175,108.00,658052.676,1159428.173,-124.1,16,658052.765,1159427.673,10.48525800,76.44419700,0.000,0.400,-6.5,6.5,0.0,5.5,1340,1340,RTK FIXED
157.659,063224.20,10.48526000,76.44419400,10.48526000,76.44419400,658052.645,1159428.197,108.00,658052.664,1159428.183,-146.8,16,658052.765,1159427.673,10.48525800,76.44419700,0.000,0.431,-7.1,7.1,0.0,5.5,1443,1443,RTK FIXED
157.712,063224.20,10.48526000,76.44419400,10.48526000,76.44419400,658052.645,1159428.197,108.00,658052.656,1159428.189,-145.6,16,658052.765,1159427.673,10.48525800,76.44419700,0.000,0.431,-7.1,7.1,0.0,5.2,1443,1443,RTK FIXED
157.759,063224.20,10.48526000,76.44419400,10.48526000,76.44419400,658052.645,1159428.197,108.00,658052.652,1159428.192,-144.4,16,658052.765,1159427.673,10.48525800,76.44419700,0.000,0.431,-7.1,7.1,0.0,6.5,1443,1443,RTK FIXED
157.813,063224.40,10.48525900,76.44419400,10.48525960,76.44419400,658052.738,1159427.996,108.00,658052.686,1159428.114,-143.1,16,658052.765,1159427.673,10.48525800,76.44419700,0.000,0.408,-6.7,6.7,0.0,6.9,1366,1366,RTK FIXED
157.866,063224.40,10.48525900,76.44419400,10.48525936,76.44419400,658052.738,1159427.996,108.00,658052.707,1159428.066,-142.0,16,658052.765,1159427.673,10.48525800,76.44419700,0.000,0.408,-6.7,6.7,0.0,7.0,1366,1366,RTK FIXED
157.912,063224.40,10.48525900,76.44419400,10.48525922,76.44419400,658052.738,1159427.996,108.00,658052.719,1159428.038,-140.8,16,658052.765,1159427.673,10.48525800,76.44419700,0.000,0.408,-6.7,6.7,0.0,7.1,1366,1366,RTK FIXED
157.966,063224.40,10.48525900,76.44419400,10.48525913,76.44419400,658052.738,1159427.996,108.00,658052.727,1159428.021,-139.6,16,658052.765,1159427.673,10.48525800,76.44419700,0.000,0.408,-6.7,6.7,0.0,6.4,1366,1366,RTK FIXED
158.013,063224.40,10.48525900,76.44419400,10.48525908,76.44419400,658052.738,1159427.996,108.00,658052.731,1159428.011,-138.4,16,658052.765,1159427.673,10.48525800,76.44419700,0.000,0.408,-6.7,6.7,0.0,6.0,1366,1366,RTK FIXED
158.066,063224.40,10.48525900,76.44419400,10.48525905,76.44419400,658052.738,1159427.996,108.00,658052.734,1159428.005,-137.3,16,658052.765,1159427.673,10.48525800,76.44419700,0.000,0.408,-6.7,6.7,0.0,6.0,1366,1366,RTK FIXED
158.276,063224.60,10.48525900,76.44419400,10.48525903,76.44419400,658052.710,1159428.031,108.00,658052.724,1159428.015,-117.8,16,658052.765,1159427.673,10.48525800,76.44419700,0.324,0.081,8.6,10.0,0.0,4.8,450,450,RTK FIXED
158.313,063224.80,10.48525900,76.44419400,10.48525902,76.44419400,658052.618,1159428.104,108.00,658052.682,1159428.051,-117.8,16,658052.765,1159427.673,10.48525800,76.44419700,0.339,0.009,9.8,10.0,0.0,1.3,900,900,RTK FIXED
158.359,063224.80,10.48525900,76.44419400,10.48525901,76.44419400,658052.618,1159428.104,108.00,658052.656,1159428.072,-117.8,16,658052.765,1159427.673,10.48525800,76.44419700,0.339,0.009,9.8,10.0,0.0,0.5,1350,1350,RTK FIXED
158.413,063224.80,10.48525900,76.44419400,10.48525901,76.44419400,658052.618,1159428.104,108.00,658052.641,1159428.085,-117.8,16,658052.765,1159427.673,10.48525800,76.44419700,0.339,0.009,9.8,10.0,0.0,0.0,1800,1800,RTK FIXED
158.459,063224.80,10.48525900,76.44419400,10.48525900,76.44419400,658052.618,1159428.104,108.00,658052.632,1159428.093,-117.8,16,658052.765,1159427.673,10.48525800,76.44419700,0.339,0.009,9.8,10.0,0.0,0.0,2014,2047,RTK FIXED
158.513,063225.00,10.48525900,76.44419400,10.48525900,76.44419400,658052.618,1159428.104,108.00,658052.626,1159428.097,-117.8,16,658052.765,1159427.673,10.48525800,76.44419700,0.349,-0.003,10.0,9.9,0.0,0.0,2047,2036,RTK FIXED
158.559,063225.00,10.48525900,76.44419400,10.48525900,76.44419400,658052.618,1159428.104,108.00,658052.623,1159428.100,-117.8,16,658052.765,1159427.673,10.48525800,76.44419700,0.349,-0.003,10.0,9.9,0.5,0.0,2047,2036,RTK FIXED
158.613,063225.00,10.48525900,76.44419400,10.48525900,76.44419400,658052.618,1159428.104,108.00,658052.621,1159428.102,-117.8,16,658052.765,1159427.673,10.48525800,76.44419700,0.349,-0.003,10.0,9.9,-0.5,0.5,2047,2036,RTK FIXED
158.660,063225.00,10.48525900,76.44419400,10.48525900,76.44419400,658052.618,1159428.104,108.00,658052.620,1159428.103,-117.8,16,658052.765,1159427.673,10.48525800,76.44419700,0.349,-0.003,10.0,9.9,0.5,1.1,2047,2036,RTK FIXED
158.714,063225.20,10.48525900,76.44419400,10.48525900,76.44419400,658052.618,1159428.104,108.00,658052.619,1159428.103,-117.8,16,658052.765,1159427.673,10.48525800,76.44419700,0.355,-0.003,10.0,10.0,0.0,1.9,2047,2038,RTK FIXED
158.759,063225.20,10.48525900,76.44419400,10.48525900,76.44419400,658052.618,1159428.104,108.00,658052.618,1159428.104,-117.8,16,658052.765,1159427.673,10.48525800,76.44419700,0.355,-0.003,10.0,10.0,-0.6,2.2,2047,2038,RTK FIXED
158.976,063225.40,10.48525900,76.44419400,10.48525900,76.44419400,658052.618,1159428.104,108.00,658052.618,1159428.104,-142.2,16,658052.765,1159427.673,10.48525800,76.44419700,0.000,0.299,-4.9,4.9,0.0,2.8,450,450,RTK FIXED
159.014,063225.40,10.48525900,76.44419400,10.48525900,76.44419400,658052.618,1159428.104,108.00,658052.618,1159428.104,-141.3,16,658052.765,1159427.673,10.48525800,76.44419700,0.000,0.299,-4.9,4.9,0.7,0.7,900,900,RTK FIXED
159.059,063225.40,10.48525900,76.44419400,10.48525900,76.44419400,658052.618,1159428.104,108.00,658052.618,1159428.104,-140.5,16,658052.765,1159427.673,10.48525800,76.44419700,0.000,0.299,-4.9,4.9,-0.5,1.1,1100,1100,RTK FIXED
159.114,063225.60,10.48525900,76.44419400,10.48525900,76.44419400,658052.724,1159428.014,108.00,658052.660,1159428.068,-139.6,16,658052.765,1159427.673,10.48525800,76.44419700,0.000,0.375,-6.1,6.1,0.0,0.5,1256,1256,RTK FIXED
159.160,063225.60,10.48525900,76.44419400,10.48525900,76.44419400,658052.724,1159428.014,108.00,658052.686,1159428.046,-138.5,16,658052.765,1159427.673,10.48525800,76.44419700,0.000,0.375,-6.1,6.1,0.0,0.0,1256,1256,RTK FIXED
159.214,063225.60,10.48525900,76.44419400,10.48525900,76.44419400,658052.724,1159428.014,108.00,658052.701,1159428.033,-137.5,16,658052.765,1159427.673,10.48525800,76.44419700,0.000,0.375,-6.1,6.1,0.0,0.0,1256,1256,RTK FIXED
159.259,063225.60,10.48525900,76.44419400,10.48525900,76.44419400,658052.724,1159428.014,108.00,658052.711,1159428.026,-136.4,16,658052.765,1159427.673,10.48525800,76.44419700,0.000,0.375,-6.1,6.1,0.5,-0.5,1256,1256,RTK FIXED
159.317,063225.80,10.48525900,76.44419400,10.48525900,76.44419400,658052.706,1159428.035,108.00,658052.709,1159428.029,-135.3,17,658051.892,1159427.116,10.48525300,76.44418900,0.000,0.394,-6.4,6.4,0.0,-0.4,1319,1319,RTK FIXED
159.359,063225.80,10.48525900,76.44419400,10.48525900,76.44419400,658052.706,1159428.035,108.00,658052.708,1159428.031,-134.2,17,658051.892,1159427.116,10.48525300,76.44418900,0.000,0.394,-6.4,6.4,-0.6,0.0,1319,1319,RTK FIXED
159.414,063225.80,10.48525900,76.44419400,10.48525900,76.44419400,658052.706,1159428.035,108.00,658052.707,1159428.033,-133.1,17,658051.892,1159427.116,10.48525300,76.44418900,0.000,0.394,-6.4,6.4,0.0,0.9,1319,1319,RTK FIXED
159.468,063225.80,10.48525900,76.44419400,10.48525900,76.44419400,658052.706,1159428.035,108.00,658052.707,1159428.034,-131.9,17,658051.892,1159427.116,10.48525300,76.44418900,0.000,0.394,-6.4,6.4,0.5,2.3,1319,1319,RTK FIXED
159.677,063226.00,10.48525900,76.44419400,10.48525900,76.44419400,658052.685,1159428.055,108.00,658052.698,1159428.042,-130.8,17,658051.892,1159427.116,10.48525300,76.44418900,0.365,0.119,8.2,10.0,0.0,1.2,450,450,RTK FIXED
159.715,063226.20,10.48525900,76.44419400,10.48525900,76.44419400,658052.685,1159428.055,108.00,658052.693,1159428.047,-130.8,17,658051.892,1159427.116,10.48525300,76.44418900,0.365,0.050,9.2,10.0,0.0,0.0,900,900,RTK FIXED
159.760,063226.20,10.48525900,76.44419400,10.48525900,76.44419400,658052.685,1159428.055,108.00,658052.690,1159428.051,-130.8,17,658051.892,1159427.116,10.48525300,76.44418900,0.365,0.050,9.2,10.0,0.0,0.5,1350,1350,RTK FIXED
159.814,063226.20,10.48525900,76.44419400,10.48525900,76.44419400,658052.685,1159428.055,108.00,658052.688,1159428.052,-130.8,17,658051.892,1159427.116,10.48525300,76.44418900,0.365,0.050,9.2,10.0,0.0,-0.5,1800,1800,RTK FIXED
159.861,063226.20,10.48525900,76.44419400,10.48525900,76.44419400,658052.685,1159428.055,108.00,658052.687,1159428.054,-130.8,17,658051.892,1159427.116,10.48525300,76.44418900,0.365,0.050,9.2,10.0,0.0,0.0,1886,2047,RTK FIXED
159.915,063226.40,10.48525900,76.44419400,10.48525900,76.44419400,658052.685,1159428.055,108.00,658052.686,1159428.054,-130.8,17,658051.892,1159427.116,10.48525300,76.44418900,0.365,0.032,9.5,10.0,-0.5,0.0,1941,2047,RTK FIXED
159.961,063226.40,10.48525900,76.44419400,10.48525900,76.44419400,658052.685,1159428.055,108.00,658052.686,1159428.055,-130.8,17,658051.892,1159427.116,10.48525300,76.44418900,0.365,0.032,9.5,10.0,0.0,0.5,1941,2047,RTK FIXED
160.015,063226.40,10.48525900,76.44419400,10.48525900,76.44419400,658052.685,1159428.055,108.00,658052.686,1159428.055,-130.8,17,658051.892,1159427.116,10.48525300,76.44418900,0.365,0.032,9.5,10.0,0.0,0.5,1941,2047,RTK FIXED
160.061,063226.40,10.48525900,76.44419400,10.48525900,76.44419400,658052.685,1159428.055,108.00,658052.686,1159428.055,-130.8,17,658051.892,1159427.116,10.48525300,76.44418900,0.365,0.032,9.5,10.0,0.0,1.1,1941,2047,RTK FIXED
160.115,063226.60,10.48525900,76.44419400,10.48525900,76.44419400,658052.685,1159428.055,108.00,658052.686,1159428.055,-130.8,17,658051.892,1159427.116,10.48525300,76.44418900,0.365,0.028,9.5,10.0,0.0,1.4,1955,2047,RTK FIXED
160.160,063226.60,10.48525900,76.44419400,10.48525900,76.44419400,658052.685,1159428.055,108.00,658052.685,1159428.055,-130.8,17,658051.892,1159427.116,10.48525300,76.44418900,0.365,0.028,9.5,10.0,0.0,2.2,1955,2047,RTK FIXED
160.215,063226.60,10.48525900,76.44419400,10.48525900,76.44419400,658052.685,1159428.055,108.00,658052.685,1159428.055,-130.8,17,658051.892,1159427.116,10.48525300,76.44418900,0.365,0.028,9.5,10.0,0.5,2.8,1955,2047,RTK FIXED
160.269,063226.60,10.48525900,76.44419400,10.48525900,76.44419400,658052.685,1159428.055,108.00,658052.685,1159428.055,-130.8,17,658051.892,1159427.116,10.48525300,76.44418900,0.365,0.028,9.5,10.0,0.0,3.3,1955,2047,RTK FIXED
160.315,063226.80,10.48525900,76.44419400,10.48525900,76.44419400,658052.685,1159428.055,108.00,658052.685,1159428.055,-130.8,17,658051.892,1159427.116,10.48525300,76.44418900,0.365,0.027,9.6,10.0,-0.5,3.8,1958,2047,RTK FIXED
160.369,063226.80,10.48525900,76.44419400,10.48525900,76.44419400,658052.685,1159428.055,108.00,658052.685,1159428.055,-130.8,17,658051.892,1159427.116,10.48525300,76.44418900,0.365,0.027,9.6,10.0,0.5,4.2,1958,2047,RTK FIXED
160.415,063227.00,10.48525900,76.44419400,10.48525900,76.44419400,658052.685,1159428.055,108.00,658052.685,1159428.055,-130.8,17,658051.892,1159427.116,10.48525300,76.44418900,0.365,0.027,9.6,10.0,0.0,6.4,1959,2047,RTK FIXED
160.469,063227.00,10.48525900,76.44419400,10.48525900,76.44419400,658052.685,1159428.055,108.00,658052.685,1159428.055,-130.8,17,658051.892,1159427.116,10.48525300,76.44418900,0.365,0.027,9.6,10.0,-0.5,5.1,1959,2047,RTK FIXED
160.515,063227.00,10.48525900,76.44419400,10.48525900,76.44419400,658052.685,1159428.055,108.00,658052.685,1159428.055,-130.8,17,658051.892,1159427.116,10.48525300,76.44418900,0.365,0.027,9.6,10.0,0.5,5.9,1959,2047,RTK FIXED
160.569,063227.00,10.48525900,76.44419400,10.48525900,76.44419400,658052.685,1159428.055,108.00,658052.685,1159428.055,-130.8,17,658051.892,1159427.116,10.48525300,76.44418900,0.365,0.027,9.6,10.0,0.0,6.9,1959,2047,RTK FIXED
160.615,063227.20,10.48525900,76.44419400,10.48525900,76.44419400,658052.685,1159428.055,108.00,658052.685,1159428.055,-130.8,17,658051.892,1159427.116,10.48525300,76.44418900,0.365,0.027,9.6,10.0,-0.5,6.0,1959,2047,RTK FIXED
160.669,063227.20,10.48525900,76.44419400,10.48525900,76.44419400,658052.685,1159428.055,108.00,658052.685,1159428.055,-130.8,17,658051.892,1159427.116,10.48525300,76.44418900,0.365,0.027,9.6,10.0,0.0,7.0,1959,2047,RTK FIXED
160.715,063227.20,10.48525900,76.44419400,10.48525900,76.44419400,658052.685,1159428.055,108.00,658052.685,1159428.055,-130.8,17,658051.892,1159427.116,10.48525300,76.44418900,0.365,0.027,9.6,10.0,0.0,8.1,1959,2047,RTK FIXED
160.769,063227.20,10.48525900,76.44419400,10.48525900,76.44419400,658052.685,1159428.055,108.00,658052.685,1159428.055,-130.8,17,658051.892,1159427.116,10.48525300,76.44418900,0.365,0.027,9.6,10.0,0.5,9.3,1959,2047,RTK FIXED
160.816,063227.40,10.48525900,76.44419300,10.48525900,76.44419360,658052.576,1159428.055,108.00,658052.642,1159428.055,-130.8,17,658051.892,1159427.116,10.48525300,76.44418900,0.364,0.039,9.4,10.0,0.0,9.7,1920,2047,RTK FIXED
160.869,063227.40,10.48525900,76.44419300,10.48525900,76.44419336,658052.576,1159428.055,108.00,658052.615,1159428.055,-130.8,17,658051.892,1159427.116,10.48525300,76.44418900,0.364,0.039,9.4,10.0,0.0,12.1,1920,2047,RTK FIXED
160.915,063227.40,10.48525900,76.44419300,10.48525900,76.44419322,658052.576,1159428.055,108.00,658052.600,1159428.055,-130.8,17,658051.892,1159427.116,10.48525300,76.44418900,0.364,0.039,9.4,10.0,0.0,13.2,1920,2047,RTK FIXED
160.969,063227.40,10.48525900,76.44419300,10.48525900,76.44419313,658052.576,1159428.055,108.00,658052.590,1159428.055,-130.8,17,658051.892,1159427.116,10.48525300,76.44418900,0.364,0.039,9.4,10.0,-0.5,12.9,1920,2047,RTK FIXED
161.023,063227.60,10.48525900,76.44419300,10.48525900,76.44419308,658052.576,1159428.055,108.00,658052.584,1159428.055,-130.8,17,658051.892,1159427.116,10.48525300,76.44418900,0.363,0.049,9.2,10.0,0.0,14.7,1887,2047,RTK FIXED
161.069,063227.60,10.48525900,76.44419300,10.48525900,76.44419305,658052.576,1159428.055,108.00,658052.581,1159428.055,-130.8,17,658051.892,1159427.116,10.48525300,76.44418900,0.363,0.049,9.2,10.0,0.5,14.2,1887,2047,RTK FIXED
161.123,063227.60,10.48525900,76.44419300,10.48525900,76.44419303,658052.576,1159428.055,108.00,658052.579,1159428.055,-130.8,17,658051.892,1159427.116,10.48525300,76.44418900,0.363,0.049,9.2,10.0,0.0,15.3,1887,2047,RTK FIXED
161.170,063227.60,10.48525900,76.44419300,10.48525900,76.44419302,658052.576,1159428.055,108.00,658052.578,1159428.055,-130.8,17,658051.892,1159427.116,10.48525300,76.44418900,0.363,0.049,9.2,10.0,-0.5,15.7,1887,2047,RTK FIXED
161.223,063227.60,10.48525900,76.44419300,10.48525900,76.44419301,658052.576,1159428.055,108.00,658052.577,1159428.055,-130.8,17,658051.892,1159427.116,10.48525300,76.44418900,0.363,0.049,9.2,10.0,0.5,16.7,1887,2047,RTK FIXED
161.270,063227.60,10.48525900,76.44419300,10.48525900,76.44419301,658052.576,1159428.055,108.00,658052.577,1159428.055,-130.8,17,658051.892,1159427.116,10.48525300,76.44418900,0.363,0.049,9.2,10.0,0.0,17.9,1887,2047,RTK FIXED
161.324,063227.80,10.48525900,76.44419300,10.48525900,76.44419300,658052.576,1159428.055,108.00,658052.576,1159428.055,-130.8,17,658051.892,1159427.116,10.48525300,76.44418900,0.363,0.057,9.1,10.0,0.0,17.9,1864,2047,RTK FIXED
161.370,063227.80,10.48525900,76.44419300,10.48525900,76.44419300,658052.576,1159428.055,108.00,658052.576,1159428.055,-130.8,17,658051.892,1159427.116,10.48525300,76.44418900,0.363,0.057,9.1,10.0,-0.5,17.4,1864,2047,RTK FIXED
161.423,063227.80,10.48525900,76.44419300,10.48525900,76.44419300,658052.576,1159428.055,108.00,658052.576,1159428.055,-130.8,17,658051.892,1159427.116,10.48525300,76.44418900,0.363,0.057,9.1,10.0,0.0,17.7,1864,2047,RTK FIXED
161.470,063227.80,10.48525900,76.44419300,10.48525900,76.44419300,658052.576,1159428.055,108.00,658052.576,1159428.055,-130.8,17,658051.892,1159427.116,10.48525300,76.44418900,0.363,0.057,9.1,10.0,0.5,17.8,1864,2047,RTK FIXED
161.524,063228.00,10.48525800,76.44419300,10.48525860,76.44419300,658052.576,1159427.944,108.00,658052.576,1159428.010,-125.6,17,658051.892,1159427.116,10.48525300,76.44418900,0.366,0.022,9.6,10.0,0.0,17.5,1975,2047,RTK FIXED
161.578,063228.00,10.48525800,76.44419300,10.48525836,76.44419300,658052.576,1159427.944,108.00,658052.576,1159427.984,-125.6,17,658051.892,1159427.116,10.48525300,76.44418900,0.366,0.022,9.6,10.0,0.0,17.8,1975,2047,RTK FIXED
161.624,063228.20,10.48525800,76.44419200,10.48525822,76.44419260,658052.441,1159427.965,108.00,658052.522,1159427.976,-125.6,17,658051.892,1159427.116,10.48525300,76.44418900,0.365,0.024,9.6,10.0,0.0,17.7,1966,2047,RTK FIXED
161.678,063228.20,10.48525800,76.44419200,10.48525813,76.44419236,658052.441,1159427.965,108.00,658052.490,1159427.972,-125.6,17,658051.892,1159427.116,10.48525300,76.44418900,0.365,0.024,9.6,10.0,0.0,18.2,1966,2047,RTK FIXED
161.723,063228.20,10.48525800,76.44419200,10.48525808,76.44419222,658052.441,1159427.965,108.00,658052.470,1159427.969,-125.6,17,658051.892,1159427.116,10.48525300,76.44418900,0.365,0.024,9.6,10.0,0.0,17.6,1966,2047,RTK FIXED
161.777,063228.20,10.48525800,76.44419200,10.48525805,76.44419213,658052.441,1159427.965,108.00,658052.459,1159427.968,-125.6,17,658051.892,1159427.116,10.48525300,76.44418900,0.365,0.024,9.6,10.0,0.0,18.1,1966,2047,RTK FIXED
161.987,063228.40,10.48525800,76.44419200,10.48525803,76.44419208,658052.441,1159427.965,108.00,658052.452,1159427.967,-136.8,17,658051.892,1159427.116,10.48525300,76.44418900,0.000,0.306,-5.0,5.0,-0.1,17.7,450,450,RTK FIXED
162.024,063228.40,10.48525800,76.44419200,10.48525802,76.44419205,658052.441,1159427.965,108.00,658052.447,1159427.966,-136.0,17,658051.892,1159427.116,10.48525300,76.44418900,0.000,0.306,-5.0,5.0,0.7,17.0,900,900,RTK FIXED
162.070,063228.40,10.48525800,76.44419200,10.48525801,76.44419203,658052.441,1159427.965,108.00,658052.445,1159427.966,-135.1,17,658051.892,1159427.116,10.48525300,76.44418900,0.000,0.306,-5.0,5.0,0.0,16.2,1100,1100,RTK FIXED
162.125,063228.60,10.48525800,76.44419200,10.48525801,76.44419202,658052.483,1159427.928,108.00,658052.460,1159427.951,-134.2,17,658051.892,1159427.116,10.48525300,76.44418900,0.000,0.377,-6.2,6.2,-0.5,13.8,1262,1262,RTK FIXED
162.171,063228.60,10.48525800,76.44419200,10.48525800,76.44419201,658052.483,1159427.928,108.00,658052.469,1159427.942,-133.1,17,658051.892,1159427.116,10.48525300,76.44418900,0.000,0.377,-6.2,6.2,0.5,12.9,1262,1262,RTK FIXED
162.224,063228.60,10.48525800,76.44419200,10.48525800,76.44419201,658052.483,1159427.928,108.00,658052.475,1159427.936,-132.0,17,658051.892,1159427.116,10.48525300,76.44418900,0.000,0.377,-6.2,6.2,0.0,11.2,1262,1262,RTK FIXED
162.271,063228.60,10.48525800,76.44419200,10.48525800,76.44419200,658052.483,1159427.928,108.00,658052.478,1159427.933,-131.0,17,658051.892,1159427.116,10.48525300,76.44418900,0.000,0.377,-6.2,6.2,-0.5,10.3,1262,1262,RTK FIXED
162.325,063228.80,10.48525800,76.44419100,10.48525800,76.44419160,658052.353,1159427.947,108.00,658052.428,1159427.939,-129.9,17,658051.892,1159427.116,10.48525300,76.44418900,0.000,0.394,-6.5,6.5,0.5,10.1,1321,1321,RTK FIXED
162.371,063228.80,10.48525800,76.44419100,10.48525800,76.44419136,658052.353,1159427.947,108.00,658052.398,1159427.942,-128.8,17,658051.892,1159427.116,10.48525300,76.44418900,0.000,0.394,-6.5,6.5,-0.5,9.3,1321,1321,RTK FIXED
162.425,063228.80,10.48525800,76.44419100,10.48525800,76.44419122,658052.353,1159427.947,108.00,658052.380,1159427.944,-127.6,17,658051.892,1159427.116,10.48525300,76.44418900,0.000,0.394,-6.5,6.5,0.5,8.3,1321,1321,RTK FIXED
162.478,063228.80,10.48525800,76.44419100,10.48525800,76.44419113,658052.353,1159427.947,108.00,658052.369,1159427.945,-126.5,17,658051.892,1159427.116,10.48525300,76.44418900,0.000,0.394,-6.5,6.5,-0.5,7.9,1321,1321,RTK FIXED
162.525,063229.00,10.48525800,76.44419100,10.48525800,76.44419108,658052.331,1159427.965,108.00,658052.354,1159427.953,-138.0,17,658051.892,1159427.116,10.48525300,76.44418900,0.000,0.399,-6.5,6.5,0.0,6.9,1335,1335,RTK FIXED
162.580,063229.00,10.48525800,76.44419100,10.48525800,76.44419105,658052.331,1159427.965,108.00,658052.344,1159427.958,-136.9,17,658051.892,1159427.116,10.48525300,76.44418900,0.000,0.399,-6.5,6.5,0.5,6.4,1335,1335,RTK FIXED
162.625,063229.20,10.48525700,76.44419100,10.48525760,76.44419103,658052.381,1159427.810,108.00,658052.359,1159427.899,-135.7,17,658051.892,1159427.116,10.48525300,76.44418900,0.000,0.400,-6.5,6.5,0.0,6.0,1339,1339,RTK FIXED
162.679,063229.20,10.48525700,76.44419100,10.48525736,76.44419102,658052.381,1159427.810,108.00,658052.368,1159427.863,-134.6,17,658051.892,1159427.116,10.48525300,76.44418900,0.000,0.400,-6.5,6.5,-0.5,6.1,1339,1339,RTK FIXED
162.725,063229.20,10.48525700,76.44419100,10.48525722,76.44419101,658052.381,1159427.810,108.00,658052.373,1159427.842,-133.5,17,658051.892,1159427.116,10.48525300,76.44418900,0.000,0.400,-6.5,6.5,0.5,6.0,1339,1339,RTK FIXED
162.779,063229.20,10.48525700,76.44419100,10.48525713,76.44419101,658052.381,1159427.810,108.00,658052.376,1159427.829,-132.3,17,658051.892,1159427.116,10.48525300,76.44418900,0.000,0.400,-6.5,6.5,-0.5,6.0,1339,1339,RTK FIXED
162.988,063229.40,10.48525700,76.44419100,10.48525708,76.44419100,658052.360,1159427.831,108.00,658052.370,1159427.830,-122.0,17,658051.892,1159427.116,10.48525300,76.44418900,0.366,0.100,8.5,10.0,0.1,4.4,450,450,RTK FIXED
163.025,063229.40,10.48525700,76.44419100,10.48525705,76.44419100,658052.360,1159427.831,108.00,658052.366,1159427.830,-122.0,17,658051.892,1159427.116,10.48525300,76.44418900,0.366,0.100,8.5,10.0,0.0,1.4,900,900,RTK FIXED
163.072,063229.40,10.48525700,76.44419100,10.48525703,76.44419100,658052.360,1159427.831,108.00,658052.363,1159427.831,-122.0,17,658051.892,1159427.116,10.48525300,76.44418900,0.366,0.100,8.5,10.0,0.0,0.0,1350,1350,RTK FIXED
163.126,063229.60,10.48525700,76.44419100,10.48525702,76.44419100,658052.313,1159427.867,108.00,658052.343,1159427.845,-122.0,17,658051.892,1159427.116,10.48525300,76.44418900,0.366,0.025,9.6,10.0,0.0,0.0,1800,1800,RTK FIXED
163.171,063229.60,10.48525700,76.44419100,10.48525701,76.44419100,658052.313,1159427.867,108.00,658052.331,1159427.854,-122.0,17,658051.892,1159427.116,10.48525300,76.44418900,0.366,0.025,9.6,10.0,0.0,0.0,1965,2047,RTK FIXED
163.225,063229.60,10.48525700,76.44419100,10.48525701,76.44419100,658052.313,1159427.867,108.00,658052.324,1159427.859,-122.0,17,658051.892,1159427.116,10.48525300,76.44418900,0.366,0.025,9.6,10.0,-0.5,0.0,1965,2047,RTK FIXED
163.273,063229.60,10.48525700,76.44419100,10.48525700,76.44419100,658052.313,1159427.867,108.00,658052.320,1159427.863,-122.0,17,658051.892,1159427.116,10.48525300,76.44418900,0.366,0.025,9.6,10.0,0.0,0.5,1965,2047,RTK FIXED
163.326,063229.80,10.48525700,76.44419100,10.48525700,76.44419100,658052.313,1159427.867,108.00,658052.317,1159427.864,-122.0,17,658051.892,1159427.116,10.48525300,76.44418900,0.366,0.006,9.9,10.0,0.5,0.5,2026,2047,RTK FIXED
163.371,063229.80,10.48525700,76.44419100,10.48525700,76.44419100,658052.313,1159427.867,108.00,658052.316,1159427.866,-122.0,17,658051.892,1159427.116,10.48525300,76.44418900,0.366,0.006,9.9,10.0,0.0,1.6,2026,2047,RTK FIXED
163.426,063229.80,10.48525700,76.44419100,10.48525700,76.44419100,658052.313,1159427.867,108.00,658052.315,1159427.866,-122.0,17,658051.892,1159427.116,10.48525300,76.44418900,0.366,0.006,9.9,10.0,0.0,1.9,2026,2047,RTK FIXED
163.479,063229.80,10.48525700,76.44419100,10.48525700,76.44419100,658052.313,1159427.867,108.00,658052.314,1159427.867,-122.0,17,658051.892,1159427.116,10.48525300,76.44418900,0.366,0.006,9.9,10.0,-0.5,2.3,2026,2047,RTK FIXED
163.526,063230.00,10.48525700,76.44419100,10.48525700,76.44419100,658052.313,1159427.867,108.00,658052.314,1159427.867,-122.0,17,658051.892,1159427.116,10.48525300,76.44418900,0.366,0.002,10.0,10.0,0.0,2.7,2042,2047,RTK FIXED
163.581,063230.00,10.48525700,76.44419100,10.48525700,76.44419100,658052.313,1159427.867,108.00,658052.314,1159427.867,-122.0,17,658051.892,1159427.116,10.48525300,76.44418900,0.366,0.002,10.0,10.0,0.5,4.6,2042,2047,RTK FIXED
163.626,063230.20,10.48525700,76.44419100,10.48525700,76.44419100,658052.313,1159427.867,108.00,658052.314,1159427.867,-122.0,17,658051.892,1159427.116,10.48525300,76.44418900,0.366,0.001,10.0,10.0,-0.5,5.5,2044,2047,RTK FIXED
163.680,063230.20,10.48525700,76.44419100,10.48525700,76.44419100,658052.313,1159427.867,108.00,658052.314,1159427.867,-122.0,17,658051.892,1159427.116,10.48525300,76.44418900,0.366,0.001,10.0,10.0,0.0,4.6,2044,2047,RTK FIXED
163.726,063230.20,10.48525700,76.44419100,10.48525700,76.44419100,658052.313,1159427.867,108.00,658052.313,1159427.867,-122.0,17,658051.892,1159427.116,10.48525300,76.44418900,0.366,0.001,10.0,10.0,0.0,4.4,2044,2047,RTK FIXED
163.779,063230.20,10.48525700,76.44419100,10.48525700,76.44419100,658052.313,1159427.867,108.00,658052.313,1159427.867,-122.0,17,658051.892,1159427.116,10.48525300,76.44418900,0.366,0.001,10.0,10.0,0.0,5.6,2044,2047,RTK FIXED
163.826,063230.40,10.48525700,76.44419100,10.48525700,76.44419100,658052.313,1159427.867,108.00,658052.313,1159427.867,-122.0,17,658051.892,1159427.116,10.48525300,76.44418900,0.366,0.001,10.0,10.0,0.5,5.8,2043,2047,RTK FIXED
163.879,063230.40,10.48525700,76.44419100,10.48525700,76.44419100,658052.313,1159427.867,108.00,658052.313,1159427.867,-122.0,17,658051.892,1159427.116,10.48525300,76.44418900,0.366,0.001,10.0,10.0,-0.5,6.2,2043,2047,RTK FIXED
163.926,063230.40,10.48525700,76.44419100,10.48525700,76.44419100,658052.313,1159427.867,108.00,658052.313,1159427.867,-122.0,17,658051.892,1159427.116,10.48525300,76.44418900,0.366,0.001,10.0,10.0,0.0,7.0,2043,2047,RTK FIXED
163.979,063230.40,10.48525700,76.44419100,10.48525700,76.44419100,658052.313,1159427.867,108.00,658052.313,1159427.867,-122.0,17,658051.892,1159427.116,10.48525300,76.44418900,0.366,0.001,10.0,10.0,0.0,7.0,2043,2047,RTK FIXED
164.026,063230.40,10.48525700,76.44419100,10.48525700,76.44419100,658052.313,1159427.867,108.00,658052.313,1159427.867,-122.0,17,658051.892,1159427.116,10.48525300,76.44418900,0.366,0.001,10.0,10.0,0.5,8.6,2043,2047,RTK FIXED
164.079,063230.40,10.48525700,76.44419100,10.48525700,76.44419100,658052.313,1159427.867,108.00,658052.313,1159427.867,-122.0,17,658051.892,1159427.116,10.48525300,76.44418900,0.366,0.001,10.0,10.0,-0.5,9.3,2043,2047,RTK FIXED
164.134,063230.60,10.48525700,76.44419100,10.48525700,76.44419100,658052.313,1159427.867,108.00,658052.313,1159427.867,-122.0,17,658051.892,1159427.116,10.48525300,76.44418900,0.366,0.002,10.0,10.0,0.5,11.0,2041,2047,RTK FIXED
164.180,063230.60,10.48525700,76.44419100,10.48525700,76.44419100,658052.313,1159427.867,108.00,658052.313,1159427.867,-122.0,17,658051.892,1159427.116,10.48525300,76.44418900,0.366,0.002,10.0,10.0,0.0,12.5,2041,2047,RTK FIXED
164.234,063230.60,10.48525700,76.44419100,10.48525700,76.44419100,658052.313,1159427.867,108.00,658052.313,1159427.867,-122.0,17,658051.892,1159427.116,10.48525300,76.44418900,0.366,0.002,10.0,10.0,0.0,13.4,2041,2047,RTK FIXED
164.281,063230.60,10.48525700,76.44419100,10.48525700,76.44419100,658052.313,1159427.867,108.00,658052.313,1159427.867,-122.0,17,658051.892,1159427.116,10.48525300,76.44418900,0.366,0.002,10.0,10.0,0.0,13.9,2041,2047,RTK FIXED
164.497,063230.80,10.48525700,76.44419000,10.48525700,76.44419060,658052.204,1159427.867,108.00,658052.270,1159427.867,-138.6,17,658051.892,1159427.116,10.48525300,76.44418900,0.000,0.300,-4.9,4.9,0.0,14.1,450,450,RTK FIXED
164.535,063231.00,10.48525700,76.44419000,10.48525700,76.44419036,658052.280,1159427.800,108.00,658052.274,1159427.840,-137.8,17,658051.892,1159427.116,10.48525300,76.44418900,0.000,0.375,-6.1,6.1,0.0,12.6,900,900,RTK FIXED
164.581,063231.00,10.48525700,76.44419000,10.48525700,76.44419022,658052.280,1159427.800,108.00,658052.276,1159427.824,-136.7,17,658051.892,1159427.116,10.48525300,76.44418900,0.000,0.375,-6.1,6.1,0.0,12.6,1257,1257,RTK FIXED
164.634,063231.00,10.48525700,76.44419000,10.48525700,76.44419013,658052.280,1159427.800,108.00,658052.278,1159427.814,-135.6,17,658051.892,1159427.116,10.48525300,76.44418900,0.000,0.375,-6.1,6.1,0.0,11.1,1257,1257,RTK FIXED
164.681,063231.00,10.48525700,76.44419000,10.48525700,76.44419008,658052.280,1159427.800,108.00,658052.279,1159427.808,-134.6,17,658051.892,1159427.116,10.48525300,76.44418900,0.000,0.375,-6.1,6.1,0.0,9.8,1257,1257,RTK FIXED
164.735,063231.20,10.48525700,76.44419000,10.48525700,76.44419005,658052.261,1159427.820,108.00,658052.272,1159427.813,-133.5,17,658051.892,1159427.116,10.48525300,76.44418900,0.000,0.394,-6.4,6.4,-0.5,9.2,1319,1319,RTK FIXED
164.781,063231.20,10.48525700,76.44419000,10.48525700,76.44419003,658052.261,1159427.820,108.00,658052.267,1159427.816,-132.4,17,658051.892,1159427.116,10.48525300,76.44418900,0.000,0.394,-6.4,6.4,0.5,8.2,1319,1319,RTK FIXED
164.835,063231.20,10.48525700,76.44419000,10.48525700,76.44419002,658052.261,1159427.820,108.00,658052.265,1159427.818,-131.2,17,658051.892,1159427.116,10.48525300,76.44418900,0.000,0.394,-6.4,6.4,-0.5,7.4,1319,1319,RTK FIXED
164.881,063231.20,10.48525700,76.44419000,10.48525700,76.44419001,658052.261,1159427.820,108.00,658052.263,1159427.819,-130.1,17,658051.892,1159427.116,10.48525300,76.44418900,0.000,0.394,-6.4,6.4,0.5,7.1,1319,1319,RTK FIXED
164.935,063231.20,10.48525700,76.44419000,10.48525700,76.44419001,658052.261,1159427.820,108.00,658052.262,1159427.819,-129.0,17,658051.892,1159427.116,10.48525300,76.44418900,0.000,0.394,-6.4,6.4,0.0,6.9,1319,1319,RTK FIXED
164.981,063231.40,10.48525700,76.44418900,10.48525700,76.44418960,658052.125,1159427.844,108.00,658052.207,1159427.829,-127.8,17,658051.892,1159427.116,10.48525300,76.44418900,0.000,0.398,-6.5,6.5,-0.5,6.0,1335,1335,RTK FIXED
165.035,063231.40,10.48525700,76.44418900,10.48525700,76.44418936,658052.125,1159427.844,108.00,658052.174,1159427.835,-126.7,17,658051.892,1159427.116,10.48525300,76.44418900,0.000,0.398,-6.5,6.5,0.5,6.0,1335,1335,RTK FIXED
165.089,063231.40,10.48525700,76.44418900,10.48525700,76.44418922,658052.125,1159427.844,108.00,658052.154,1159427.839,-125.6,17,658051.892,1159427.116,10.48525300,76.44418900,0.000,0.398,-6.5,6.5,-0.5,5.6,1335,1335,RTK FIXED
165.135,063231.60,10.48525700,76.44418900,10.48525700,76.44418913,658052.107,1159427.858,108.00,658052.136,1159427.846,-137.4,17,658051.892,1159427.116,10.48525300,76.44418900,0.000,0.400,-6.5,6.5,0.0,5.9,1339,1339,RTK FIXED
165.189,063231.60,10.48525700,76.44418900,10.48525700,76.44418908,658052.107,1159427.858,108.00,658052.124,1159427.851,-136.3,17,658051.892,1159427.116,10.48525300,76.44418900,0.000,0.400,-6.5,6.5,0.5,6.5,1339,1339,RTK FIXED
165.235,063231.60,10.48525700,76.44418900,10.48525700,76.44418905,658052.107,1159427.858,108.00,658052.117,1159427.853,-135.1,17,658051.892,1159427.116,10.48525300,76.44418900,0.000,0.400,-6.5,6.5,-0.5,5.9,1339,1339,RTK FIXED
165.289,063231.60,10.48525700,76.44418900,10.48525700,76.44418903,658052.107,1159427.858,108.00,658052.113,1159427.855,-134.0,17,658051.892,1159427.116,10.48525300,76.44418900,0.000,0.400,-6.5,6.5,0.0,5.5,1339,1339,RTK FIXED
165.335,063231.80,10.48525700,76.44418900,10.48525700,76.44418902,658052.149,1159427.823,108.00,658052.127,1159427.842,-132.8,17,658051.892,1159427.116,10.48525300,76.44418900,0.000,0.400,-6.5,6.5,0.5,5.9,1340,1340,RTK FIXED
165.389,063231.80,10.48525700,76.44418900,10.48525700,76.44418901,658052.149,1159427.823,108.00,658052.136,1159427.834,-131.7,17,658051.892,1159427.116,10.48525300,76.44418900,0.000,0.400,-6.5,6.5,0.0,5.6,1340,1340,RTK FIXED
165.435,063232.00,10.48525700,76.44418900,10.48525700,76.44418901,658052.138,1159427.833,108.00,658052.137,1159427.834,-130.5,17,658051.892,1159427.116,10.48525300,76.44418900,0.000,0.400,-6.5,6.5,0.0,5.4,1340,1340,RTK FIXED
165.489,063232.00,10.48525700,76.44418900,10.48525700,76.44418900,658052.138,1159427.833,108.00,658052.137,1159427.833,-129.4,17,658051.892,1159427.116,10.48525300,76.44418900,0.000,0.400,-6.5,6.5,0.0,5.1,1340,1340,RTK FIXED
165.535,063232.00,10.48525700,76.44418900,10.48525700,76.44418900,658052.138,1159427.833,108.00,658052.137,1159427.833,-128.2,17,658051.892,1159427.116,10.48525300,76.44418900,0.000,0.400,-6.5,6.5,-0.5,5.4,1340,1340,RTK FIXED
165.589,063232.00,10.48525700,76.44418900,10.48525700,76.44418900,658052.138,1159427.833,108.00,658052.138,1159427.833,-127.1,17,658051.892,1159427.116,10.48525300,76.44418900,0.000,0.400,-6.5,6.5,0.0,5.5,1340,1340,RTK FIXED
165.643,063232.20,10.48525700,76.44418900,10.48525700,76.44418900,658052.115,1159427.852,108.00,658052.129,1159427.840,-126.0,17,658051.892,1159427.116,10.48525300,76.44418900,0.000,0.400,-6.5,6.5,0.0,5.6,1340,1340,RTK FIXED
165.689,063232.20,10.48525700,76.44418900,10.48525700,76.44418900,658052.115,1159427.852,108.00,658052.123,1159427.845,-124.8,17,658051.892,1159427.116,10.48525300,76.44418900,0.000,0.400,-6.5,6.5,0.0,6.0,1340,1340,RTK FIXED
165.743,063232.20,10.48525700,76.44418900,10.48525700,76.44418900,658052.115,1159427.852,108.00,658052.120,1159427.848,-123.7,17,658051.892,1159427.116,10.48525300,76.44418900,0.000,0.400,-6.5,6.5,0.0,5.1,1340,1340,RTK FIXED
165.789,063232.20,10.48525700,76.44418900,10.48525700,76.44418900,658052.115,1159427.852,108.00,658052.118,1159427.849,-122.5,17,658051.892,1159427.116,10.48525300,76.44418900,0.000,0.400,-6.5,6.5,0.0,6.0,1340,1340,RTK FIXED
165.844,063232.40,10.48525700,76.44418900,10.48525700,76.44418900,658052.091,1159427.869,108.00,658052.107,1159427.857,-121.4,17,658051.892,1159427.116,10.48525300,76.44418900,0.000,0.400,-6.5,6.5,0.0,5.5,1340,1340,RTK FIXED
165.890,063232.40,10.48525700,76.44418900,10.48525700,76.44418900,658052.091,1159427.869,108.00,658052.101,1159427.862,-120.2,17,658051.892,1159427.116,10.48525300,76.44418900,0.000,0.400,-6.5,6.5,0.0,5.4,1340,1340,RTK FIXED
165.943,063232.40,10.48525700,76.44418900,10.48525700,76.44418900,658052.091,1159427.869,108.00,658052.097,1159427.864,-119.1,17,658051.892,1159427.116,10.48525300,76.44418900,0.000,0.400,-6.5,6.5,0.0,5.6,1340,1340,RTK FIXED
165.990,063232.40,10.48525700,76.44418900,10.48525700,76.44418900,658052.091,1159427.869,108.00,658052.094,1159427.866,-117.9,17,658051.892,1159427.116,10.48525300,76.44418900,0.000,0.400,-6.5,6.5,0.0,5.9,1340,1340,RTK FIXED
166.043,063232.40,10.48525700,76.44418900,10.48525700,76.44418900,658052.091,1159427.869,108.00,658052.093,1159427.867,-116.8,17,658051.892,1159427.116,10.48525300,76.44418900,0.000,0.400,-6.5,6.5,0.0,5.2,1340,1340,RTK FIXED
166.089,063232.40,10.48525700,76.44418900,10.48525700,76.44418900,658052.091,1159427.869,108.00,658052.092,1159427.868,-115.6,17,658051.892,1159427.116,10.48525300,76.44418900,0.000,0.400,-6.5,6.5,0.0,6.0,1340,1340,RTK FIXED
166.144,063232.60,10.48525700,76.44418900,10.48525700,76.44418900,658052.052,1159427.891,108.00,658052.076,1159427.877,-139.0,17,658051.892,1159427.116,10.48525300,76.44418900,0.000,0.400,-6.5,6.5,0.0,5.5,1340,1340,RTK FIXED
166.190,063232.60,10.48525700,76.44418900,10.48525700,76.44418900,658052.052,1159427.891,108.00,658052.067,1159427.882,-137.8,17,658051.892,1159427.116,10.48525300,76.44418900,0.000,0.400,-6.5,6.5,0.0,5.5,1340,1340,RTK FIXED
166.243,063232.60,10.48525700,76.44418900,10.48525700,76.44418900,658052.052,1159427.891,108.00,658052.061,1159427.886,-136.7,17,658051.892,1159427.116,10.48525300,76.44418900,0.000,0.400,-6.5,6.5,0.0,5.6,1340,1340,RTK FIXED
166.298,063232.60,10.48525700,76.44418900,10.48525700,76.44418900,658052.052,1159427.891,108.00,658052.057,1159427.888,-135.6,17,658051.892,1159427.116,10.48525300,76.44418900,0.000,0.400,-6.5,6.5,0.0,5.5,1340,1340,RTK FIXED
166.344,063232.80,10.48525700,76.44418900,10.48525700,76.44418900,658052.156,1159427.815,108.00,658052.097,1159427.859,-134.4,17,658051.892,1159427.116,10.48525300,76.44418900,0.000,0.400,-6.5,6.5,0.0,5.9,1340,1340,RTK FIXED
166.398,063232.80,10.48525700,76.44418900,10.48525700,76.44418900,658052.156,1159427.815,108.00,658052.120,1159427.841,-133.3,17,658051.892,1159427.116,10.48525300,76.44418900,0.000,0.400,-6.5,6.5,0.0,5.6,1340,1340,RTK FIXED
166.443,063232.80,10.48525700,76.44418900,10.48525700,76.44418900,658052.156,1159427.815,108.00,658052.135,1159427.831,-132.1,17,658051.892,1159427.116,10.48525300,76.44418900,0.000,0.400,-6.5,6.5,0.0,5.5,1340,1340,RTK FIXED
166.498,063232.80,10.48525700,76.44418900,10.48525700,76.44418900,658052.156,1159427.815,108.00,658052.143,1159427.825,-131.0,17,658051.892,1159427.116,10.48525300,76.44418900,0.000,0.400,-6.5,6.5,0.0,5.9,1340,1340,RTK FIXED
166.544,063233.00,10.48525700,76.44418900,10.48525700,76.44418900,658052.134,1159427.836,108.00,658052.140,1159427.829,-129.8,17,658051.892,1159427.116,10.48525300,76.44418900,0.000,0.400,-6.5,6.5,0.0,5.4,1340,1340,RTK FIXED
166.597,063233.00,10.48525700,76.44418900,10.48525700,76.44418900,658052.134,1159427.836,108.00,658052.138,1159427.832,-128.7,17,658051.892,1159427.116,10.48525300,76.44418900,0.000,0.400,-6.5,6.5,0.0,5.7,1340,1340,RTK FIXED
166.645,063233.00,10.48525700,76.44418900,10.48525700,76.44418900,658052.134,1159427.836,108.00,658052.136,1159427.833,-127.5,17,658051.892,1159427.116,10.48525300,76.44418900,0.000,0.400,-6.5,6.5,0.0,5.7,1340,1340,RTK FIXED
166.698,063233.20,10.48525700,76.44418900,10.48525700,76.44418900,658052.117,1159427.850,108.00,658052.129,1159427.840,-126.4,17,658051.892,1159427.116,10.48525300,76.44418900,0.000,0.400,-6.5,6.5,0.0,5.6,1340,1340,RTK FIXED
166.751,063233.20,10.48525700,76.44418900,10.48525700,76.44418900,658052.117,1159427.850,108.00,658052.124,1159427.844,-125.2,17,658051.892,1159427.116,10.48525300,76.44418900,0.000,0.400,-6.5,6.5,0.0,5.7,1340,1340,RTK FIXED
166.798,063233.40,10.48525600,76.44418900,10.48525660,76.44418900,658052.106,1159427.748,108.00,658052.117,1159427.806,-124.1,17,658051.892,1159427.116,10.48525300,76.44418900,0.000,0.400,-6.5,6.5,0.0,5.8,1340,1340,RTK FIXED
166.851,063233.40,10.48525600,76.44418900,10.48525636,76.44418900,658052.106,1159427.748,108.00,658052.112,1159427.783,-122.9,17,658051.892,1159427.116,10.48525300,76.44418900,0.000,0.400,-6.5,6.5,0.0,5.7,1340,1340,RTK FIXED
166.898,063233.40,10.48525600,76.44418900,10.48525622,76.44418900,658052.106,1159427.748,108.00,658052.110,1159427.769,-121.8,17,658051.892,1159427.116,10.48525300,76.44418900,0.000,0.400,-6.5,6.5,0.0,5.9,1340,1340,RTK FIXED
166.951,063233.40,10.48525600,76.44418900,10.48525613,76.44418900,658052.106,1159427.748,108.00,658052.108,1159427.761,-120.7,17,658051.892,1159427.116,10.48525300,76.44418900,0.000,0.400,-6.5,6.5,0.0,5.7,1340,1340,RTK FIXED
166.998,063233.40,10.48525600,76.44418900,10.48525608,76.44418900,658052.106,1159427.748,108.00,658052.107,1159427.756,-119.5,17,658051.892,1159427.116,10.48525300,76.44418900,0.000,0.400,-6.5,6.5,0.0,5.9,1340,1340,RTK FIXED
167.053,063233.40,10.48525600,76.44418900,10.48525605,76.44418900,658052.106,1159427.748,108.00,658052.107,1159427.753,-118.4,17,658051.892,1159427.116,10.48525300,76.44418900,0.000,0.400,-6.5,6.5,0.0,6.0,1340,1340,RTK FIXED
167.098,063233.40,10.48525600,76.44418900,10.48525603,76.44418900,658052.106,1159427.748,108.00,658052.106,1159427.751,-117.2,17,658051.892,1159427.116,10.48525300,76.44418900,0.000,0.400,-6.5,6.5,0.0,6.0,1340,1340,RTK FIXED
167.316,063233.60,10.48525600,76.44418900,10.48525602,76.44418900,658052.062,1159427.775,108.00,658052.089,1159427.761,-116.1,17,658051.892,1159427.116,10.48525300,76.44418900,0.366,0.099,8.5,10.0,0.0,4.9,450,450,RTK FIXED
167.353,063233.80,10.48525600,76.44418900,10.48525601,76.44418900,658052.062,1159427.775,108.00,658052.078,1159427.767,-110.6,17,658051.892,1159427.116,10.48525300,76.44418900,0.364,-0.008,10.0,9.9,0.0,3.3,900,900,RTK FIXED
167.399,063233.80,10.48525600,76.44418900,10.48525601,76.44418900,658052.062,1159427.775,108.00,658052.071,1159427.770,-110.6,17,658051.892,1159427.116,10.48525300,76.44418900,0.364,-0.008,10.0,9.9,0.0,3.3,1350,1350,RTK FIXED
167.453,063233.80,10.48525600,76.44418900,10.48525600,76.44418900,658052.062,1159427.775,108.00,658052.068,1159427.772,-110.6,17,658051.892,1159427.116,10.48525300,76.44418900,0.364,-0.008,10.0,9.9,0.0,2.3,1800,1800,RTK FIXED
167.499,063233.80,10.48525600,76.44418900,10.48525600,76.44418900,658052.062,1159427.775,108.00,658052.065,1159427.773,-110.6,17,658051.892,1159427.116,10.48525300,76.44418900,0.364,-0.008,10.0,9.9,0.0,1.6,2047,2020,RTK FIXED
167.554,063234.00,10.48525600,76.44418900,10.48525600,76.44418900,658052.030,1159427.790,108.00,658052.051,1159427.780,-110.6,17,658051.892,1159427.116,10.48525300,76.44418900,0.365,-0.031,10.0,9.5,0.0,1.8,2047,1945,RTK FIXED
167.600,063234.20,10.48525600,76.44418900,10.48525600,76.44418900,658052.030,1159427.790,108.00,658052.043,1159427.784,-110.6,17,658051.892,1159427.116,10.48525300,76.44418900,0.365,-0.035,10.0,9.4,0.0,3.7,2047,1934,RTK FIXED
167.652,063234.20,10.48525600,76.44418900,10.48525600,76.44418900,658052.030,1159427.790,108.00,658052.037,1159427.787,-110.6,17,658051.892,1159427.116,10.48525300,76.44418900,0.365,-0.035,10.0,9.4,0.0,6.2,2047,1934,RTK FIXED
167.699,063234.20,10.48525600,76.44418900,10.48525600,76.44418900,658052.030,1159427.790,108.00,658052.034,1159427.788,-110.6,17,658051.892,1159427.116,10.48525300,76.44418900,0.365,-0.035,10.0,9.4,0.0,7.5,2047,1934,RTK FIXED
167.753,063234.20,10.48525600,76.44418900,10.48525600,76.44418900,658052.030,1159427.790,108.00,658052.032,1159427.789,-110.6,17,658051.892,1159427.116,10.48525300,76.44418900,0.365,-0.035,10.0,9.4,0.0,7.9,2047,1934,RTK FIXED
167.807,063234.40,10.48525600,76.44418900,10.48525600,76.44418900,658052.030,1159427.790,108.00,658052.031,1159427.789,-110.6,17,658051.892,1159427.116,10.48525300,76.44418900,0.365,-0.034,10.0,9.5,0.5,9.7,2047,1935,RTK FIXED
167.853,063234.40,10.48525600,76.44418900,10.48525600,76.44418900,658052.030,1159427.790,108.00,658052.031,1159427.790,-110.6,17,658051.892,1159427.116,10.48525300,76.44418900,0.365,-0.034,10.0,9.5,-0.5,10.9,2047,1935,RTK FIXED
167.907,063234.40,10.48525600,76.44418900,10.48525600,76.44418900,658052.030,1159427.790,108.00,658052.030,1159427.790,-110.6,17,658051.892,1159427.116,10.48525300,76.44418900,0.365,-0.034,10.0,9.5,0.5,11.1,2047,1935,RTK FIXED
167.953,063234.40,10.48525600,76.44418900,10.48525600,76.44418900,658052.030,1159427.790,108.00,658052.030,1159427.790,-110.6,17,658051.892,1159427.116,10.48525300,76.44418900,0.365,-0.034,10.0,9.5,-0.5,12.4,2047,1935,RTK FIXED
168.007,063234.40,10.48525600,76.44418900,10.48525600,76.44418900,658052.030,1159427.790,108.00,658052.030,1159427.790,-110.6,17,658051.892,1159427.116,10.48525300,76.44418900,0.365,-0.034,10.0,9.5,0.0,12.6,2047,1935,RTK FIXED
168.053,063234.40,10.48525600,76.44418900,10.48525600,76.44418900,658052.030,1159427.790,108.00,658052.030,1159427.790,-110.6,17,658051.892,1159427.116,10.48525300,76.44418900,0.365,-0.034,10.0,9.5,0.5,14.0,2047,1935,RTK FIXED
168.107,063234.60,10.48525600,76.44418900,10.48525600,76.44418900,658052.030,1159427.790,108.00,658052.030,1159427.790,-110.6,17,658051.892,1159427.116,10.48525300,76.44418900,0.365,-0.033,10.0,9.5,-0.5,13.9,2047,1938,RTK FIXED
168.153,063234.60,10.48525600,76.44418900,10.48525600,76.44418900,658052.030,1159427.790,108.00,658052.030,1159427.790,-110.6,17,658051.892,1159427.116,10.48525300,76.44418900,0.365,-0.033,10.0,9.5,0.0,15.8,2047,1938,RTK FIXED
168.207,063234.60,10.48525600,76.44418900,10.48525600,76.44418900,658052.030,1159427.790,108.00,658052.030,1159427.790,-110.6,17,658051.892,1159427.116,10.48525300,76.44418900,0.365,-0.033,10.0,9.5,0.0,15.8,2047,1938,RTK FIXED
168.261,063234.60,10.48525600,76.44418900,10.48525600,76.44418900,658052.030,1159427.790,108.00,658052.030,1159427.790,-110.6,17,658051.892,1159427.116,10.48525300,76.44418900,0.365,-0.033,10.0,9.5,0.5,17.7,2047,1938,RTK FIXED
168.308,063234.80,10.48525600,76.44418900,10.48525600,76.44418900,658052.030,1159427.790,108.00,658052.030,1159427.790,-110.6,17,658051.892,1159427.116,10.48525300,76.44418900,0.365,-0.032,10.0,9.5,-0.5,18.2,2047,1941,RTK FIXED
168.361,063234.80,10.48525600,76.44418900,10.48525600,76.44418900,658052.030,1159427.790,108.00,658052.030,1159427.790,-110.6,17,658051.892,1159427.116,10.48525300,76.44418900,0.365,-0.032,10.0,9.5,0.5,18.1,2047,1941,RTK FIXED
168.407,063234.80,10.48525600,76.44418900,10.48525600,76.44418900,658052.030,1159427.790,108.00,658052.030,1159427.790,-110.6,17,658051.892,1159427.116,10.48525300,76.44418900,0.365,-0.032,10.0,9.5,0.0,18.0,2047,1941,RTK FIXED
168.461,063234.80,10.48525600,76.44418900,10.48525600,76.44418900,658052.030,1159427.790,108.00,658052.030,1159427.790,-110.6,17,658051.892,1159427.116,10.48525300,76.44418900,0.365,-0.032,10.0,9.5,-0.5,17.6,2047,1941,RTK FIXED
168.509,063235.00,10.48525500,76.44418800,10.48525560,76.44418860,658051.921,1159427.679,108.00,658051.986,1159427.746,-124.3,17,658051.892,1159427.116,10.48525300,76.44418900,0.364,0.030,9.5,10.0,0.5,17.4,1948,2047,RTK FIXED
168.561,063235.00,10.48525500,76.44418800,10.48525536,76.44418836,658051.921,1159427.679,108.00,658051.960,1159427.719,-124.3,17,658051.892,1159427.116,10.48525300,76.44418900,0.364,0.030,9.5,10.0,0.0,17.1,1948,2047,RTK FIXED
168.607,063235.00,10.48525500,76.44418800,10.48525522,76.44418822,658051.921,1159427.679,108.00,658051.944,1159427.703,-124.3,17,658051.892,1159427.116,10.48525300,76.44418900,0.364,0.030,9.5,10.0,0.0,17.6,1948,2047,RTK FIXED
168.662,063235.20,10.48525500,76.44418800,10.48525513,76.44418813,658051.998,1159427.636,108.00,658051.966,1159427.676,-124.3,17,658051.892,1159427.116,10.48525300,76.44418900,0.365,0.033,9.5,10.0,-0.5,17.7,1937,2047,RTK FIXED
168.707,063235.20,10.48525500,76.44418800,10.48525508,76.44418808,658051.998,1159427.636,108.00,658051.979,1159427.660,-124.3,17,658051.892,1159427.116,10.48525300,76.44418900,0.365,0.033,9.5,10.0,0.6,18.3,1937,2047,RTK FIXED
168.762,063235.20,10.48525500,76.44418800,10.48525505,76.44418805,658051.998,1159427.636,108.00,658051.986,1159427.651,-124.3,17,658051.892,1159427.116,10.48525300,76.44418900,0.365,0.033,9.5,10.0,0.0,17.7,1937,2047,RTK FIXED
168.816,063235.40,10.48525500,76.44418800,10.48525503,76.44418803,658051.998,1159427.636,108.00,658051.991,1159427.645,-124.3,17,658051.892,1159427.116,10.48525300,76.44418900,0.365,0.027,9.6,10.0,0.0,17.6,1959,2047,RTK FIXED
168.862,063235.40,10.48525500,76.44418800,10.48525502,76.44418802,658051.998,1159427.636,108.00,658051.994,1159427.642,-124.3,17,658051.892,1159427.116,10.48525300,76.44418900,0.365,0.027,9.6,10.0,0.0,18.0,1959,2047,RTK FIXED
168.915,063235.40,10.48525500,76.44418800,10.48525501,76.44418801,658051.998,1159427.636,108.00,658051.995,1159427.640,-124.3,17,658051.892,1159427.116,10.48525300,76.44418900,0.365,0.027,9.6,10.0,0.0,17.7,1959,2047,RTK FIXED
168.966,063235.40,10.48525500,76.44418800,10.48525501,76.44418801,658051.998,1159427.636,108.00,658051.996,1159427.638,-124.3,17,658051.892,1159427.116,10.48525300,76.44418900,0.365,0.027,9.6,10.0,-0.5,19.5,1959,2047,RTK FIXED
169.015,063235.40,10.48525500,76.44418800,10.48525500,76.44418800,658051.998,1159427.636,108.00,658051.997,1159427.638,-124.3,17,658051.892,1159427.116,10.48525300,76.44418900,0.365,0.027,9.6,10.0,0.5,16.9,1959,2047,RTK FIXED
169.062,063235.40,10.48525500,76.44418800,10.48525500,76.44418800,658051.998,1159427.636,108.00,658051.997,1159427.637,-124.3,17,658051.892,1159427.116,10.48525300,76.44418900,0.365,0.027,9.6,10.0,0.0,18.6,1959,2047,RTK FIXED
169.116,063235.60,10.48525400,76.44418800,10.48525460,76.44418800,658051.998,1159427.526,108.00,658051.998,1159427.593,-113.0,17,658051.892,1159427.116,10.48525300,76.44418900,0.362,-0.045,10.0,9.3,-0.5,18.5,2047,1900,RTK FIXED
169.162,063235.60,10.48525400,76.44418800,10.48525436,76.44418800,658051.998,1159427.526,108.00,658051.998,1159427.566,-113.0,17,658051.892,1159427.116,10.48525300,76.44418900,0.362,-0.045,10.0,9.3,0.0,18.5,2047,1900,RTK FIXED
169.215,063235.60,10.48525400,76.44418800,10.48525422,76.44418800,658051.998,1159427.526,108.00,658051.998,1159427.550,-113.0,17,658051.892,1159427.116,10.48525300,76.44418900,0.362,-0.045,10.0,9.3,0.5,18.4,2047,1900,RTK FIXED
169.262,063235.60,10.48525400,76.44418800,10.48525413,76.44418800,658051.998,1159427.526,108.00,658051.998,1159427.540,-113.0,17,658051.892,1159427.116,10.48525300,76.44418900,0.362,-0.045,10.0,9.3,0.0,18.1,2047,1900,RTK FIXED
169.316,063235.80,10.48525400,76.44418700,10.48525408,76.44418760,658051.826,1159427.562,108.00,658051.929,1159427.549,-113.0,17,658051.892,1159427.116,10.48525300,76.44418900,0.363,-0.056,10.0,9.1,0.0,18.5,2047,1865,RTK FIXED
169.370,063235.80,10.48525400,76.44418700,10.48525405,76.44418736,658051.826,1159427.562,108.00,658051.888,1159427.554,-113.0,17,658051.892,1159427.116,10.48525300,76.44418900,0.363,-0.056,10.0,9.1,0.0,18.2,2047,1865,RTK FIXED
169.416,063235.80,10.48525400,76.44418700,10.48525403,76.44418722,658051.826,1159427.562,108.00,658051.863,1159427.557,-113.0,17,658051.892,1159427.116,10.48525300,76.44418900,0.363,-0.056,10.0,9.1,0.0,17.4,2047,1865,RTK FIXED
169.470,063235.80,10.48525400,76.44418700,10.48525402,76.44418713,658051.826,1159427.562,108.00,658051.848,1159427.559,-113.0,17,658051.892,1159427.116,10.48525300,76.44418900,0.363,-0.056,10.0,9.1,0.0,17.1,2047,1865,RTK FIXED
169.517,063236.00,10.48525400,76.44418700,10.48525401,76.44418708,658051.826,1159427.562,108.00,658051.839,1159427.560,-127.8,17,658051.892,1159427.116,10.48525300,76.44418900,0.364,0.018,9.7,10.0,0.0,16.7,1988,2047,RTK FIXED
169.569,063236.00,10.48525400,76.44418700,10.48525401,76.44418705,658051.826,1159427.562,108.00,658051.834,1159427.561,-127.8,17,658051.892,1159427.116,10.48525300,76.44418900,0.364,0.018,9.7,10.0,-0.5,17.0,1988,2047,RTK FIXED
169.616,063236.00,10.48525400,76.44418700,10.48525400,76.44418703,658051.826,1159427.562,108.00,658051.831,1159427.561,-127.8,17,658051.892,1159427.116,10.48525300,76.44418900,0.364,0.018,9.7,10.0,0.0,16.0,1988,2047,RTK FIXED
169.656,063236.20,10.48525300,76.44418700,10.48525360,76.44418702,658051.908,1159427.401,108.00,658051.862,1159427.497,-127.8,18,0.000,0.000,0.00000000,0.00000000,0.364,0.018,0.0,0.0,0.0,17.3,0,0,RTK FIXED
169.699,063236.20,10.48525300,76.44418700,10.48525336,76.44418701,658051.908,1159427.401,108.00,658051.880,1159427.459,-127.8,18,0.000,0.000,0.00000000,0.00000000,0.364,0.018,0.0,0.0,0.6,17.4,0,0,RTK FIXED
169.753,063236.20,10.48525300,76.44418700,10.48525322,76.44418701,658051.908,1159427.401,108.00,658051.891,1159427.435,-127.8,18,0.000,0.000,0.00000000,0.00000000,0.364,0.018,0.0,0.0,-0.5,17.2,0,0,RTK FIXED
169.799,063236.40,10.48525300,76.44418700,10.48525313,76.44418700,658051.908,1159427.401,108.00,658051.898,1159427.422,-114.5,18,0.000,0.000,0.00000000,0.00000000,0.364,0.018,0.0,0.0,0.5,17.2,0,0,RTK FIXED
169.853,063236.40,10.48525300,76.44418700,10.48525308,76.44418700,658051.908,1159427.401,108.00,658051.902,1159427.413,-114.5,18,0.000,0.000,0.00000000,0.00000000,0.364,0.018,0.0,0.0,0.0,16.3,0,0,RTK FIXED
169.907,063236.40,10.48525300,76.44418700,10.48525305,76.44418700,658051.908,1159427.401,108.00,658051.904,1159427.408,-114.5,18,0.000,0.000,0.00000000,0.00000000,0.364,0.018,0.0,0.0,-0.5,14.8,0,0,RTK FIXED
169.953,063236.40,10.48525300,76.44418700,10.48525303,76.44418700,658051.908,1159427.401,108.00,658051.905,1159427.405,-114.5,18,0.000,0.000,0.00000000,0.00000000,0.364,0.018,0.0,0.0,0.0,14.1,0,0,RTK FIXED
170.007,063236.40,10.48525300,76.44418700,10.48525302,76.44418700,658051.908,1159427.401,108.00,658051.906,1159427.403,-114.5,18,0.000,0.000,0.00000000,0.00000000,0.364,0.018,0.0,0.0,0.5,13.0,0,0,RTK FIXED
170.053,063236.40,10.48525300,76.44418700,10.48525301,76.44418700,658051.908,1159427.401,108.00,658051.907,1159427.402,-114.5,18,0.000,0.000,0.00000000,0.00000000,0.364,0.018,0.0,0.0,-0.5,11.4,0,0,RTK FIXED
170.107,063236.60,10.48525300,76.44418700,10.48525301,76.44418700,658051.836,1159427.447,108.00,658051.878,1159427.420,-114.5,18,0.000,0.000,0.00000000,0.00000000,0.364,0.018,0.0,0.0,0.5,10.6,0,0,RTK FIXED
170.154,063236.60,10.48525300,76.44418700,10.48525300,76.44418700,658051.836,1159427.447,108.00,658051.861,1159427.431,-114.5,18,0.000,0.000,0.00000000,0.00000000,0.364,0.018,0.0,0.0,0.0,9.7,0,0,RTK FIXED
170.207,063236.60,10.48525300,76.44418700,10.48525300,76.44418700,658051.836,1159427.447,108.00,658051.851,1159427.437,-114.5,18,0.000,0.000,0.00000000,0.00000000,0.364,0.018,0.0,0.0,-0.5,8.4,0,0,RTK FIXED
170.253,063236.60,10.48525300,76.44418700,10.48525300,76.44418700,658051.836,1159427.447,108.00,658051.845,1159427.441,-114.5,18,0.000,0.000,0.00000000,0.00000000,0.364,0.018,0.0,0.0,0.5,6.5,0,0,RTK FIXED
170.307,063236.80,10.48525300,76.44418600,10.48525300,76.44418660,658051.726,1159427.446,108.00,658051.797,1159427.443,-131.7,18,0.000,0.000,0.00000000,0.00000000,0.364,0.018,0.0,0.0,0.0,6.9,0,0,RTK FIXED
170.353,063236.80,10.48525300,76.44418600,10.48525300,76.44418636,658051.726,1159427.446,108.00,658051.769,1159427.445,-131.7,18,0.000,0.000,0.00000000,0.00000000,0.364,0.018,0.0,0.0,-0.5,5.5,0,0,RTK FIXED
170.407,063236.80,10.48525300,76.44418600,10.48525300,76.44418622,658051.726,1159427.446,108.00,658051.752,1159427.445,-131.7,18,0.000,0.000,0.00000000,0.00000000,0.364,0.018,0.0,0.0,0.0,6.0,0,0,RTK FIXED
170.453,063236.80,10.48525300,76.44418600,10.48525300,76.44418613,658051.726,1159427.446,108.00,658051.742,1159427.446,-131.7,18,0.000,0.000,0.00000000,0.00000000,0.364,0.018,0.0,0.0,0.0,4.9,0,0,RTK FIXED
170.507,063237.00,10.48525300,76.44418600,10.48525300,76.44418608,658051.817,1159427.384,108.00,658051.772,1159427.421,-131.7,18,0.000,0.000,0.00000000,0.00000000,0.364,0.018,0.0,0.0,0.0,4.1,0,0,RTK FIXED
170.561,063237.00,10.48525300,76.44418600,10.48525300,76.44418605,658051.817,1159427.384,108.00,658051.790,1159427.406,-131.7,18,0.000,0.000,0.00000000,0.00000000,0.364,0.018,0.0,0.0,0.0,3.3,0,0,RTK FIXED
170.607,063237.20,10.48525300,76.44418600,10.48525300,76.44418603,658051.817,1159427.384,108.00,658051.801,1159427.397,-131.7,18,0.000,0.000,0.00000000,0.00000000,0.364,0.018,0.0,0.0,0.0,2.1,0,0,RTK FIXED
170.661,063237.20,10.48525300,76.44418600,10.48525300,76.44418602,658051.817,1159427.384,108.00,658051.807,1159427.392,-131.7,18,0.000,0.000,0.00000000,0.00000000,0.364,0.018,0.0,0.0,0.0,1.9,0,0,RTK FIXED
170.707,063237.20,10.48525300,76.44418600,10.48525300,76.44418601,658051.817,1159427.384,108.00,658051.811,1159427.388,-131.7,18,0.000,0.000,0.00000000,0.00000000,0.364,0.018,0.0,0.0,0.5,1.1,0,0,RTK FIXED
170.761,063237.20,10.48525300,76.44418600,10.48525300,76.44418601,658051.817,1159427.384,108.00,658051.814,1159427.386,-131.7,18,0.000,0.000,0.00000000,0.00000000,0.364,0.018,0.0,0.0,-0.5,0.9,0,0,RTK FIXED
170.807,063237.20,10.48525300,76.44418600,10.48525300,76.44418600,658051.817,1159427.384,108.00,658051.815,1159427.385,-131.7,18,0.000,0.000,0.00000000,0.00000000,0.364,0.018,0.0,0.0,0.0,0.5,0,0,RTK FIXED
170.861,063237.20,10.48525300,76.44418600,10.48525300,76.44418600,658051.817,1159427.384,108.00,658051.816,1159427.385,-131.7,18,0.000,0.000,0.00000000,0.00000000,0.364,0.018,0.0,0.0,0.0,0.0,0,0,RTK FIXED
170.908,063237.40,10.48525200,76.44418600,10.48525260,76.44418600,658051.818,1159427.273,108.00,658051.817,1159427.340,-118.9,18,0.000,0.000,0.00000000,0.00000000,0.364,0.018,0.0,0.0,0.0,0.0,0,0,RTK FIXED
170.961,063237.40,10.48525200,76.44418600,10.48525236,76.44418600,658051.818,1159427.273,108.00,658051.817,1159427.313,-118.9,18,0.000,0.000,0.00000000,0.00000000,0.364,0.018,0.0,0.0,0.0,0.0,0,0,RTK FIXED
171.008,063237.40,10.48525200,76.44418600,10.48525222,76.44418600,658051.818,1159427.273,108.00,658051.817,1159427.297,-118.9,18,0.000,0.000,0.00000000,0.00000000,0.364,0.018,0.0,0.0,0.0,0.0,0,0,RTK FIXED
171.062,063237.40,10.48525200,76.44418600,10.48525213,76.44418600,658051.818,1159427.273,108.00,658051.817,1159427.287,-118.9,18,0.000,0.000,0.00000000,0.00000000,0.364,0.018,0.0,0.0,0.0,0.0,0,0,RTK FIXED
171.116,063237.60,10.48525200,76.44418600,10.48525208,76.44418600,658051.751,1159427.323,108.00,658051.791,1159427.301,-118.9,18,0.000,0.000,0.00000000,0.00000000,0.364,0.018,0.0,0.0,0.0,0.0,0,0,RTK FIXED
171.162,063237.60,10.48525200,76.44418600,10.48525205,76.44418600,658051.751,1159427.323,108.00,658051.775,1159427.310,-118.9,18,0.000,0.000,0.00000000,0.00000000,0.364,0.018,0.0,0.0,0.0,0.0,0,0,RTK FIXED
171.216,063237.60,10.48525200,76.44418600,10.48525203,76.44418600,658051.751,1159427.323,108.00,658051.766,1159427.315,-118.9,18,0.000,0.000,0.00000000,0.00000000,0.364,0.018,0.0,0.0,0.0,0.0,0,0,RTK FIXED
171.262,063237.80,10.48525300,76.44418600,10.48525242,76.44418600,658051.751,1159427.433,108.00,658051.760,1159427.362,-118.9,18,0.000,0.000,0.00000000,0.00000000,0.364,0.018,0.0,0.0,0.0,0.0,0,0,RTK FIXED
171.316,063237.80,10.48525300,76.44418600,10.48525265,76.44418600,658051.751,1159427.433,108.00,658051.756,1159427.391,-118.9,18,0.000,0.000,0.00000000,0.00000000,0.364,0.018,0.0,0.0,0.0,0.0,0,0,RTK FIXED
171.362,063237.80,10.48525300,76.44418600,10.48525279,76.44418600,658051.751,1159427.433,108.00,658051.754,1159427.408,-118.9,18,0.000,0.000,0.00000000,0.00000000,0.364,0.018,0.0,0.0,0.0,0.0,0,0,RTK FIXED
171.416,063238.00,10.48525200,76.44418600,10.48525247,76.44418600,658051.751,1159427.323,107.90,658051.753,1159427.374,-118.9,18,0.000,0.000,0.00000000,0.00000000,0.364,0.018,0.0,0.0,0.0,0.0,0,0,RTK FIXED
171.462,063238.00,10.48525200,76.44418600,10.48525228,76.44418600,658051.751,1159427.323,107.90,658051.752,1159427.353,-118.9,18,0.000,0.000,0.00000000,0.00000000,0.364,0.018,0.0,0.0,0.0,0.0,0,0,RTK FIXED
171.516,063238.00,10.48525200,76.44418600,10.48525217,76.44418600,658051.751,1159427.323,107.90,658051.752,1159427.341,-118.9,18,0.000,0.000,0.00000000,0.00000000,0.364,0.018,0.0,0.0,0.0,0.0,0,0,RTK FIXED
171.562,063238.00,10.48525200,76.44418600,10.48525210,76.44418600,658051.751,1159427.323,107.90,658051.752,1159427.334,-118.9,18,0.000,0.000,0.00000000,0.00000000,0.364,0.018,0.0,0.0,0.0,0.0,0,0,RTK FIXED
171.616,063238.00,10.48525200,76.44418600,10.48525206,76.44418600,658051.751,1159427.323,107.90,658051.752,1159427.329,-118.9,18,0.000,0.000,0.00000000,0.00000000,0.364,0.018,0.0,0.0,0.0,0.0,0,0,RTK FIXED
171.670,063238.00,10.48525200,76.44418600,10.48525204,76.44418600,658051.751,1159427.323,107.90,658051.752,1159427.327,-118.9,18,0.000,0.000,0.00000000,0.00000000,0.364,0.018,0.0,0.0,0.0,0.0,0,0,RTK FIXED
171.716,063238.20,10.48525300,76.44418600,10.48525242,76.44418600,658051.751,1159427.433,107.90,658051.751,1159427.369,-118.9,18,0.000,0.000,0.00000000,0.00000000,0.364,0.018,0.0,0.0,0.0,0.0,0,0,RTK FIXED
171.770,063238.20,10.48525300,76.44418600,10.48525265,76.44418600,658051.751,1159427.433,107.90,658051.751,1159427.395,-118.9,18,0.000,0.000,0.00000000,0.00000000,0.364,0.018,0.0,0.0,0.0,0.0,0,0,RTK FIXED
171.817,063238.40,10.48525300,76.44418600,10.48525279,76.44418600,658051.751,1159427.433,107.90,658051.751,1159427.410,-118.9,18,0.000,0.000,0.00000000,0.00000000,0.364,0.018,0.0,0.0,0.0,0.0,0,0,RTK FIXED
171.870,063238.40,10.48525300,76.44418600,10.48525288,76.44418600,658051.751,1159427.433,107.90,658051.751,1159427.419,-118.9,18,0.000,0.000,0.00000000,0.00000000,0.364,0.018,0.0,0.0,0.0,0.0,0,0,RTK FIXED
171.917,063238.40,10.48525300,76.44418600,10.48525293,76.44418600,658051.751,1159427.433,107.90,658051.751,1159427.425,-118.9,18,0.000,0.000,0.00000000,0.00000000,0.364,0.018,0.0,0.0,0.0,0.0,0,0,RTK FIXED
171.970,063238.40,10.48525300,76.44418600,10.48525296,76.44418600,658051.751,1159427.433,107.90,658051.751,1159427.428,-118.9,18,0.000,0.000,0.00000000,0.00000000,0.364,0.018,0.0,0.0,0.0,0.0,0,0,RTK FIXED
172.017,063238.60,10.48525200,76.44418600,10.48525257,76.44418600,658051.751,1159427.323,107.90,658051.751,1159427.386,-118.9,18,0.000,0.000,0.00000000,0.00000000,0.364,0.018,0.0,0.0,0.0,0.0,0,0,RTK FIXED
172.070,063238.60,10.48525200,76.44418600,10.48525234,76.44418600,658051.751,1159427.323,107.90,658051.751,1159427.361,-118.9,18,0.000,0.000,0.00000000,0.00000000,0.364,0.018,0.0,0.0,0.0,0.0,0,0,RTK FIXED
172.117,063238.60,10.48525200,76.44418600,10.48525221,76.44418600,658051.751,1159427.323,107.90,658051.751,1159427.345,-118.9,18,0.000,0.000,0.00000000,0.00000000,0.364,0.018,0.0,0.0,0.0,0.0,0,0,RTK FIXED
172.170,063238.60,10.48525200,76.44418600,10.48525212,76.44418600,658051.751,1159427.323,107.90,658051.751,1159427.336,-118.9,18,0.000,0.000,0.00000000,0.00000000,0.364,0.018,0.0,0.0,0.0,0.0,0,0,RTK FIXED
172.224,063238.60,10.48525200,76.44418600,10.48525207,76.44418600,658051.751,1159427.323,107.90,658051.751,1159427.331,-118.9,18,0.000,0.000,0.00000000,0.00000000,0.364,0.018,0.0,0.0,0.0,0.0,0,0,RTK FIXED
172.270,063238.60,10.48525200,76.44418600,10.48525204,76.44418600,658051.751,1159427.323,107.90,658051.751,1159427.327,-118.9,18,0.000,0.000,0.00000000,0.00000000,0.364,0.018,0.0,0.0,0.0,0.0,0,0,RTK FIXED
172.325,063238.80,10.48525300,76.44418600,10.48525243,76.44418600,658051.751,1159427.433,107.90,658051.751,1159427.370,-118.9,18,0.000,0.000,0.00000000,0.00000000,0.364,0.018,0.0,0.0,0.0,0.0,0,0,RTK FIXED
172.370,063238.80,10.48525300,76.44418600,10.48525266,76.44418600,658051.751,1159427.433,107.90,658051.751,1159427.395,-118.9,18,0.000,0.000,0.00000000,0.00000000,0.364,0.018,0.0,0.0,0.0,0.0,0,0,RTK FIXED
172.425,063238.80,10.48525300,76.44418600,10.48525279,76.44418600,658051.751,1159427.433,107.90,658051.751,1159427.410,-118.9,18,0.000,0.000,0.00000000,0.00000000,0.364,0.018,0.0,0.0,0.0,0.0,0,0,RTK FIXED
172.471,063238.80,10.48525300,76.44418600,10.48525288,76.44418600,658051.751,1159427.433,107.90,658051.751,1159427.419,-118.9,18,0.000,0.000,0.00000000,0.00000000,0.364,0.018,0.0,0.0,0.0,0.0,0,0,RTK FIXED
172.525,063239.00,10.48525300,76.44418600,10.48525293,76.44418600,658051.751,1159427.433,107.90,658051.751,1159427.425,-149.6,18,0.000,0.000,0.00000000,0.00000000,0.364,0.018,0.0,0.0,0.0,0.0,0,0,RTK FIXED
172.571,063239.00,10.48525300,76.44418600,10.48525296,76.44418600,658051.751,1159427.433,107.90,658051.751,1159427.428,-149.6,18,0.000,0.000,0.00000000,0.00000000,0.364,0.018,0.0,0.0,0.0,0.0,0,0,RTK FIXED
172.625,063239.20,10.48525200,76.44418600,10.48525257,76.44418600,658051.888,1159427.182,107.90,658051.806,1159427.330,-122.5,18,0.000,0.000,0.00000000,0.00000000,0.364,0.018,0.0,0.0,0.0,0.0,0,0,RTK FIXED
172.671,063239.20,10.48525200,76.44418600,10.48525234,76.44418600,658051.888,1159427.182,107.90,658051.839,1159427.271,-122.5,18,0.000,0.000,0.00000000,0.00000000,0.364,0.018,0.0,0.0,0.0,0.0,0,0,RTK FIXED
172.726,063239.20,10.48525200,76.44418600,10.48525221,76.44418600,658051.888,1159427.182,107.90,658051.859,1159427.235,-122.5,18,0.000,0.000,0.00000000,0.00000000,0.364,0.018,0.0,0.0,0.0,0.0,0,0,RTK FIXED
172.780,063239.20,10.48525200,76.44418600,10.48525212,76.44418600,658051.888,1159427.182,107.90,658051.870,1159427.214,-122.5,18,0.000,0.000,0.00000000,0.00000000,0.364,0.018,0.0,0.0,0.0,0.0,0,0,RTK FIXED
172.825,063239.40,10.48525200,76.44418600,10.48525207,76.44418600,658051.771,1159427.310,107.90,658051.831,1159427.252,-122.5,18,0.000,0.000,0.00000000,0.00000000,0.364,0.018,0.0,0.0,0.0,0.0,0,0,RTK FIXED
172.879,063239.40,10.48525200,76.44418600,10.48525204,76.44418600,658051.771,1159427.310,107.90,658051.807,1159427.275,-122.5,18,0.000,0.000,0.00000000,0.00000000,0.364,0.018,0.0,0.0,0.0,0.0,0,0,RTK FIXED
172.925,063239.40,10.48525200,76.44418600,10.48525203,76.44418600,658051.771,1159427.310,107.90,658051.793,1159427.289,-122.5,18,0.000,0.000,0.00000000,0.00000000,0.364,0.018,0.0,0.0,0.0,0.0,0,0,RTK FIXED
172.982,063239.40,10.48525200,76.44418600,10.48525202,76.44418600,658051.771,1159427.310,107.90,658051.784,1159427.298,-122.5,18,0.000,0.000,0.00000000,0.00000000,0.364,0.018,0.0,0.0,0.0,0.0,0,0,RTK FIXED
173.022,063239.40,10.48525200,76.44418600,10.48525201,76.44418600,658051.771,1159427.310,107.90,658051.779,1159427.303,-122.5,18,0.000,0.000,0.00000000,0.00000000,0.364,0.018,0.0,0.0,0.0,0.0,0,0,RTK FIXED
173.077,063239.40,10.48525200,76.44418600,10.48525201,76.44418600,658051.771,1159427.310,107.90,658051.776,1159427.306,-122.5,18,0.000,0.000,0.00000000,0.00000000,0.364,0.018,0.0,0.0,0.0,0.0,0,0,RTK FIXED
173.122,063239.60,10.48525200,76.44418600,10.48525200,76.44418600,658051.771,1159427.310,107.90,658051.774,1159427.307,-122.5,18,0.000,0.000,0.00000000,0.00000000,0.364,0.018,0.0,0.0,0.0,0.0,0,0,RTK FIXED
173.176,063239.60,10.48525200,76.44418600,10.48525200,76.44418600,658051.771,1159427.310,107.90,658051.773,1159427.308,-122.5,18,0.000,0.000,0.00000000,0.00000000,0.364,0.018,0.0,0.0,0.0,0.0,0,0,RTK FIXED
173.222,063239.60,10.48525200,76.44418600,10.48525200,76.44418600,658051.771,1159427.310,107.90,658051.772,1159427.309,-122.5,18,0.000,0.000,0.00000000,0.00000000,0.364,0.018,0.0,0.0,0.0,0.0,0,0,RTK FIXED
173.276,063239.60,10.48525200,76.44418600,10.48525200,76.44418600,658051.771,1159427.310,107.90,658051.772,1159427.309,-122.5,18,0.000,0.000,0.00000000,0.00000000,0.364,0.018,0.0,0.0,0.0,0.0,0,0,RTK FIXED
173.330,063239.80,10.48525200,76.44418600,10.48525200,76.44418600,658051.771,1159427.310,107.90,658051.772,1159427.310,-122.5,18,0.000,0.000,0.00000000,0.00000000,0.364,0.018,0.0,0.0,0.0,0.0,0,0,RTK FIXED
173.376,063239.80,10.48525200,76.44418600,10.48525200,76.44418600,658051.771,1159427.310,107.90,658051.771,1159427.310,-122.5,18,0.000,0.000,0.00000000,0.00000000,0.364,0.018,0.0,0.0,0.0,0.0,0,0,RTK FIXED
173.430,063239.80,10.48525200,76.44418600,10.48525200,76.44418600,658051.771,1159427.310,107.90,658051.771,1159427.310,-122.5,18,0.000,0.000,0.00000000,0.00000000,0.364,0.018,0.0,0.0,0.0,0.0,0,0,RTK FIXED
173.476,063239.80,10.48525200,76.44418600,10.48525200,76.44418600,658051.771,1159427.310,107.90,658051.771,1159427.310,-122.5,18,0.000,0.000,0.00000000,0.00000000,0.364,0.018,0.0,0.0,0.0,0.0,0,0,RTK FIXED
173.530,063240.00,10.48525200,76.44418600,10.48525200,76.44418600,658051.771,1159427.310,107.90,658051.771,1159427.310,-122.5,18,0.000,0.000,0.00000000,0.00000000,0.364,0.018,0.0,0.0,0.0,0.0,0,0,RTK FIXED
173.576,063240.00,10.48525200,76.44418600,10.48525200,76.44418600,658051.771,1159427.310,107.90,658051.771,1159427.310,-122.5,18,0.000,0.000,0.00000000,0.00000000,0.364,0.018,0.0,0.0,0.0,0.0,0,0,RTK FIXED
173.631,063240.20,10.48525200,76.44418600,10.48525200,76.44418600,658051.771,1159427.310,107.90,658051.771,1159427.310,-122.5,18,0.000,0.000,0.00000000,0.00000000,0.364,0.018,0.0,0.0,0.0,0.0,0,0,RTK FIXED
173.676,063240.20,10.48525200,76.44418600,10.48525200,76.44418600,658051.771,1159427.310,107.90,658051.771,1159427.310,-122.5,18,0.000,0.000,0.00000000,0.00000000,0.364,0.018,0.0,0.0,0.0,0.0,0,0,RTK FIXED
173.730,063240.20,10.48525200,76.44418600,10.48525200,76.44418600,658051.771,1159427.310,107.90,658051.771,1159427.310,-122.5,18,0.000,0.000,0.00000000,0.00000000,0.364,0.018,0.0,0.0,0.0,0.0,0,0,RTK FIXED
173.778,063240.20,10.48525200,76.44418600,10.48525200,76.44418600,658051.771,1159427.310,107.90,658051.771,1159427.310,-122.5,18,0.000,0.000,0.00000000,0.00000000,0.364,0.018,0.0,0.0,0.0,0.0,0,0,RTK FIXED
173.831,063240.40,10.48525200,76.44418600,10.48525200,76.44418600,658051.771,1159427.310,107.90,658051.771,1159427.310,-122.5,18,0.000,0.000,0.00000000,0.00000000,0.364,0.018,0.0,0.0,0.0,0.0,0,0,RTK FIXED
173.877,063240.40,10.48525200,76.44418600,10.48525200,76.44418600,658051.771,1159427.310,107.90,658051.771,1159427.310,-122.5,18,0.000,0.000,0.00000000,0.00000000,0.364,0.018,0.0,0.0,0.0,0.0,0,0,RTK FIXED
173.930,063240.40,10.48525200,76.44418600,10.48525200,76.44418600,658051.771,1159427.310,107.90,658051.771,1159427.310,-122.5,18,0.000,0.000,0.00000000,0.00000000,0.364,0.018,0.0,0.0,0.0,0.0,0,0,RTK FIXED
173.984,063240.40,10.48525200,76.44418600,10.48525200,76.44418600,658051.771,1159427.310,107.90,658051.771,1159427.310,-122.5,18,0.000,0.000,0.00000000,0.00000000,0.364,0.018,0.0,0.0,0.0,0.0,0,0,RTK FIXED
174.030,063240.40,10.48525200,76.44418600,10.48525200,76.44418600,658051.771,1159427.310,107.90,658051.771,1159427.310,-122.5,18,0.000,0.000,0.00000000,0.00000000,0.364,0.018,0.0,0.0,0.0,0.0,0,0,RTK FIXED
174.085,063240.60,10.48525200,76.44418600,10.48525200,76.44418600,658051.771,1159427.310,107.90,658051.771,1159427.310,-122.5,18,0.000,0.000,0.00000000,0.00000000,0.364,0.018,0.0,0.0,0.0,0.0,0,0,RTK FIXED
174.131,063240.60,10.48525200,76.44418600,10.48525200,76.44418600,658051.771,1159427.310,107.90,658051.771,1159427.310,-122.5,18,0.000,0.000,0.00000000,0.00000000,0.364,0.018,0.0,0.0,0.0,0.0,0,0,RTK FIXED
174.185,063240.60,10.48525200,76.44418600,10.48525200,76.44418600,658051.771,1159427.310,107.90,658051.771,1159427.310,-122.5,18,0.000,0.000,0.00000000,0.00000000,0.364,0.018,0.0,0.0,0.0,0.0,0,0,RTK FIXED
174.231,063240.60,10.48525200,76.44418600,10.48525200,76.44418600,658051.771,1159427.310,107.90,658051.771,1159427.310,-122.5,18,0.000,0.000,0.00000000,0.00000000,0.364,0.018,0.0,0.0,0.0,0.0,0,0,RTK FIXED
174.286,063240.60,10.48525200,76.44418600,10.48525200,76.44418600,658051.771,1159427.310,107.90,658051.771,1159427.310,-122.5,18,0.000,0.000,0.00000000,0.00000000,0.364,0.018,0.0,0.0,0.0,0.0,0,0,RTK FIXED
174.331,063240.80,10.48525200,76.44418600,10.48525200,76.44418600,658051.771,1159427.310,107.90,658051.771,1159427.310,-122.5,18,0.000,0.000,0.00000000,0.00000000,0.364,0.018,0.0,0.0,0.0,0.0,0,0,RTK FIXED
174.385,063240.80,10.48525200,76.44418600,10.48525200,76.44418600,658051.771,1159427.310,107.90,658051.771,1159427.310,-122.5,18,0.000,0.000,0.00000000,0.00000000,0.364,0.018,0.0,0.0,0.0,0.0,0,0,RTK FIXED
174.431,063240.80,10.48525200,76.44418600,10.48525200,76.44418600,658051.771,1159427.310,107.90,658051.771,1159427.310,-122.5,18,0.000,0.000,0.00000000,0.00000000,0.364,0.018,0.0,0.0,0.0,0.0,0,0,RTK FIXED
174.486,063241.00,10.48525200,76.44418600,10.48525200,76.44418600,658051.771,1159427.310,107.90,658051.771,1159427.310,-122.5,18,0.000,0.000,0.00000000,0.00000000,0.364,0.018,0.0,0.0,0.0,0.0,0,0,RTK FIXED
174.531,063241.00,10.48525200,76.44418600,10.48525200,76.44418600,658051.771,1159427.310,107.90,658051.771,1159427.310,-122.5,18,0.000,0.000,0.00000000,0.00000000,0.364,0.018,0.0,0.0,0.0,0.0,0,0,RTK FIXED
174.585,063241.20,10.48525200,76.44418600,10.48525200,76.44418600,658051.771,1159427.310,107.90,658051.771,1159427.310,-122.5,18,0.000,0.000,0.00000000,0.00000000,0.364,0.018,0.0,0.0,0.0,0.0,0,0,RTK FIXED
174.639,063241.20,10.48525200,76.44418600,10.48525200,76.44418600,658051.771,1159427.310,107.90,658051.771,1159427.310,-122.5,18,0.000,0.000,0.00000000,0.00000000,0.364,0.018,0.0,0.0,0.0,0.0,0,0,RTK FIXED
174.685,063241.20,10.48525200,76.44418600,10.48525200,76.44418600,658051.771,1159427.310,107.90,658051.771,1159427.310,-122.5,18,0.000,0.000,0.00000000,0.00000000,0.364,0.018,0.0,0.0,0.0,0.0,0,0,RTK FIXED
174.739,063241.20,10.48525200,76.44418600,10.48525200,76.44418600,658051.771,1159427.310,107.90,658051.771,1159427.310,-122.5,18,0.000,0.000,0.00000000,0.00000000,0.364,0.018,0.0,0.0,0.0,0.0,0,0,RTK FIXED
174.786,063241.40,10.48525200,76.44418600,10.48525200,76.44418600,658051.771,1159427.310,107.90,658051.771,1159427.310,-122.5,18,0.000,0.000,0.00000000,0.00000000,0.364,0.018,0.0,0.0,0.0,0.0,0,0,RTK FIXED
174.839,063241.40,10.48525200,76.44418600,10.48525200,76.44418600,658051.771,1159427.310,107.90,658051.771,1159427.310,-122.5,18,0.000,0.000,0.00000000,0.00000000,0.364,0.018,0.0,0.0,0.0,0.0,0,0,RTK FIXED
174.886,063241.40,10.48525200,76.44418600,10.48525200,76.44418600,658051.771,1159427.310,107.90,658051.771,1159427.310,-122.5,18,0.000,0.000,0.00000000,0.00000000,0.364,0.018,0.0,0.0,0.0,0.0,0,0,RTK FIXED
174.939,063241.40,10.48525200,76.44418600,10.48525200,76.44418600,658051.771,1159427.310,107.90,658051.771,1159427.310,-122.5,18,0.000,0.000,0.00000000,0.00000000,0.364,0.018,0.0,0.0,0.0,0.0,0,0,RTK FIXED
174.986,063241.40,10.48525200,76.44418600,10.48525200,76.44418600,658051.771,1159427.310,107.90,658051.771,1159427.310,-122.5,18,0.000,0.000,0.00000000,0.00000000,0.364,0.018,0.0,0.0,0.0,0.0,0,0,RTK FIXED
175.039,063241.40,10.48525200,76.44418600,10.48525200,76.44418600,658051.771,1159427.310,107.90,658051.771,1159427.310,-122.5,18,0.000,0.000,0.00000000,0.00000000,0.364,0.018,0.0,0.0,0.0,0.0,0,0,RTK FIXED
175.086,063241.60,10.48525200,76.44418600,10.48525200,76.44418600,658051.771,1159427.310,107.90,658051.771,1159427.310,-122.5,18,0.000,0.000,0.00000000,0.00000000,0.364,0.018,0.0,0.0,0.0,0.0,0,0,RTK FIXED
175.139,063241.60,10.48525200,76.44418600,10.48525200,76.44418600,658051.771,1159427.310,107.90,658051.771,1159427.310,-122.5,18,0.000,0.000,0.00000000,0.00000000,0.364,0.018,0.0,0.0,0.0,0.0,0,0,RTK FIXED
175.193,063241.60,10.48525200,76.44418600,10.48525200,76.44418600,658051.771,1159427.310,107.90,658051.771,1159427.310,-122.5,18,0.000,0.000,0.00000000,0.00000000,0.364,0.018,0.0,0.0,0.0,0.0,0,0,RTK FIXED
175.239,063241.60,10.48525200,76.44418600,10.48525200,76.44418600,658051.771,1159427.310,107.90,658051.771,1159427.310,-122.5,18,0.000,0.000,0.00000000,0.00000000,0.364,0.018,0.0,0.0,0.0,0.0,0,0,RTK FIXED
175.294,063241.80,10.48525200,76.44418600,10.48525200,76.44418600,658051.771,1159427.310,107.90,658051.771,1159427.310,-122.5,18,0.000,0.000,0.00000000,0.00000000,0.364,0.018,0.0,0.0,0.0,0.0,0,0,RTK FIXED
175.339,063241.80,10.48525200,76.44418600,10.48525200,76.44418600,658051.771,1159427.310,107.90,658051.771,1159427.310,-122.5,18,0.000,0.000,0.00000000,0.00000000,0.364,0.018,0.0,0.0,0.0,0.0,0,0,RTK FIXED
175.394,063241.80,10.48525200,76.44418600,10.48525200,76.44418600,658051.771,1159427.310,107.90,658051.771,1159427.310,-122.5,18,0.000,0.000,0.00000000,0.00000000,0.364,0.018,0.0,0.0,0.0,0.0,0,0,RTK FIXED
175.440,063241.80,10.48525200,76.44418600,10.48525200,76.44418600,658051.771,1159427.310,107.90,658051.771,1159427.310,-122.5,18,0.000,0.000,0.00000000,0.00000000,0.364,0.018,0.0,0.0,0.0,0.0,0,0,RTK FIXED
175.494,063242.00,10.48525200,76.44418600,10.48525200,76.44418600,658051.771,1159427.310,107.90,658051.771,1159427.310,-122.5,18,0.000,0.000,0.00000000,0.00000000,0.364,0.018,0.0,0.0,0.0,0.0,0,0,RTK FIXED
175.540,063242.00,10.48525200,76.44418600,10.48525200,76.44418600,658051.771,1159427.310,107.90,658051.771,1159427.310,-122.5,18,0.000,0.000,0.00000000,0.00000000,0.364,0.018,0.0,0.0,0.0,0.0,0,0,RTK FIXED
175.594,063242.20,10.48525200,76.44418600,10.48525200,76.44418600,658051.771,1159427.310,108.00,658051.771,1159427.310,-122.5,18,0.000,0.000,0.00000000,0.00000000,0.364,0.018,0.0,0.0,0.0,0.0,0,0,RTK FIXED
175.647,063242.20,10.48525200,76.44418600,10.48525200,76.44418600,658051.771,1159427.310,108.00,658051.771,1159427.310,-122.5,18,0.000,0.000,0.00000000,0.00000000,0.364,0.018,0.0,0.0,0.0,0.0,0,0,RTK FIXED
175.694,063242.20,10.48525200,76.44418600,10.48525200,76.44418600,658051.771,1159427.310,108.00,658051.771,1159427.310,-122.5,18,0.000,0.000,0.00000000,0.00000000,0.364,0.018,0.0,0.0,0.0,0.0,0,0,RTK FIXED
175.748,063242.20,10.48525200,76.44418600,10.48525200,76.44418600,658051.771,1159427.310,108.00,658051.771,1159427.310,-122.5,18,0.000,0.000,0.00000000,0.00000000,0.364,0.018,0.0,0.0,0.0,0.0,0,0,RTK FIXED
175.794,063242.40,10.48525200,76.44418600,10.48525200,76.44418600,658051.771,1159427.310,108.00,658051.771,1159427.310,-122.5,18,0.000,0.000,0.00000000,0.00000000,0.364,0.018,0.0,0.0,0.0,0.0,0,0,RTK FIXED
175.848,063242.40,10.48525200,76.44418600,10.48525200,76.44418600,658051.771,1159427.310,108.00,658051.771,1159427.310,-122.5,18,0.000,0.000,0.00000000,0.00000000,0.364,0.018,0.0,0.0,0.0,0.0,0,0,RTK FIXED
175.894,063242.40,10.48525200,76.44418600,10.48525200,76.44418600,658051.771,1159427.310,108.00,658051.771,1159427.310,-122.5,18,0.000,0.000,0.00000000,0.00000000,0.364,0.018,0.0,0.0,0.0,0.0,0,0,RTK FIXED
175.948,063242.40,10.48525200,76.44418600,10.48525200,76.44418600,658051.771,1159427.310,108.00,658051.771,1159427.310,-122.5,18,0.000,0.000,0.00000000,0.00000000,0.364,0.018,0.0,0.0,0.0,0.0,0,0,RTK FIXED
175.994,063242.40,10.48525200,76.44418600,10.48525200,76.44418600,658051.771,1159427.310,108.00,658051.771,1159427.310,-122.5,18,0.000,0.000,0.00000000,0.00000000,0.364,0.018,0.0,0.0,0.0,0.0,0,0,RTK FIXED
176.048,063242.40,10.48525200,76.44418600,10.48525200,76.44418600,658051.771,1159427.310,108.00,658051.771,1159427.310,-122.5,18,0.000,0.000,0.00000000,0.00000000,0.364,0.018,0.0,0.0,0.0,0.0,0,0,RTK FIXED
176.094,063242.60,10.48525200,76.44418600,10.48525200,76.44418600,658051.771,1159427.310,108.00,658051.771,1159427.310,-122.5,18,0.000,0.000,0.00000000,0.00000000,0.364,0.018,0.0,0.0,0.0,0.0,0,0,RTK FIXED
176.148,063242.60,10.48525200,76.44418600,10.48525200,76.44418600,658051.771,1159427.310,108.00,658051.771,1159427.310,-122.5,18,0.000,0.000,0.00000000,0.00000000,0.364,0.018,0.0,0.0,0.0,0.0,0,0,RTK FIXED
176.202,063242.60,10.48525200,76.44418600,10.48525200,76.44418600,658051.771,1159427.310,108.00,658051.771,1159427.310,-122.5,18,0.000,0.000,0.00000000,0.00000000,0.364,0.018,0.0,0.0,0.0,0.0,0,0,RTK FIXED
176.248,063242.60,10.48525200,76.44418600,10.48525200,76.44418600,658051.771,1159427.310,108.00,658051.771,1159427.310,-122.5,18,0.000,0.000,0.00000000,0.00000000,0.364,0.018,0.0,0.0,0.0,0.0,0,0,RTK FIXED
176.302,063242.80,10.48525200,76.44418600,10.48525200,76.44418600,658051.771,1159427.310,107.90,658051.771,1159427.310,-122.5,18,0.000,0.000,0.00000000,0.00000000,0.364,0.018,0.0,0.0,0.0,0.0,0,0,RTK FIXED
176.348,063242.80,10.48525200,76.44418600,10.48525200,76.44418600,658051.771,1159427.310,107.90,658051.771,1159427.310,-122.5,18,0.000,0.000,0.00000000,0.00000000,0.364,0.018,0.0,0.0,0.0,0.0,0,0,RTK FIXED
176.402,063242.80,10.48525200,76.44418600,10.48525200,76.44418600,658051.771,1159427.310,107.90,658051.771,1159427.310,-122.5,18,0.000,0.000,0.00000000,0.00000000,0.364,0.018,0.0,0.0,0.0,0.0,0,0,RTK FIXED
176.448,063242.80,10.48525200,76.44418600,10.48525200,76.44418600,658051.771,1159427.310,107.90,658051.771,1159427.310,-122.5,18,0.000,0.000,0.00000000,0.00000000,0.364,0.018,0.0,0.0,0.0,0.0,0,0,RTK FIXED
176.502,063243.00,10.48525200,76.44418600,10.48525200,76.44418600,658051.771,1159427.310,108.00,658051.771,1159427.310,-122.5,18,0.000,0.000,0.00000000,0.00000000,0.364,0.018,0.0,0.0,0.0,0.0,0,0,RTK FIXED
176.549,063243.00,10.48525200,76.44418600,10.48525200,76.44418600,658051.771,1159427.310,108.00,658051.771,1159427.310,-122.5,18,0.000,0.000,0.00000000,0.00000000,0.364,0.018,0.0,0.0,0.0,0.0,0,0,RTK FIXED
176.603,063243.20,10.48525200,76.44418600,10.48525200,76.44418600,658051.771,1159427.310,108.00,658051.771,1159427.310,-122.5,18,0.000,0.000,0.00000000,0.00000000,0.364,0.018,0.0,0.0,0.0,0.0,0,0,RTK FIXED
176.649,063243.20,10.48525200,76.44418600,10.48525200,76.44418600,658051.771,1159427.310,108.00,658051.771,1159427.310,-122.5,18,0.000,0.000,0.00000000,0.00000000,0.364,0.018,0.0,0.0,0.0,0.0,0,0,RTK FIXED
176.702,063243.20,10.48525200,76.44418600,10.48525200,76.44418600,658051.771,1159427.310,108.00,658051.771,1159427.310,-122.5,18,0.000,0.000,0.00000000,0.00000000,0.364,0.018,0.0,0.0,0.0,0.0,0,0,RTK FIXED
176.749,063243.20,10.48525200,76.44418600,10.48525200,76.44418600,658051.771,1159427.310,108.00,658051.771,1159427.310,-122.5,18,0.000,0.000,0.00000000,0.00000000,0.364,0.018,0.0,0.0,0.0,0.0,0,0,RTK FIXED
176.805,063243.40,10.48525200,76.44418600,10.48525200,76.44418600,658051.771,1159427.310,107.90,658051.771,1159427.310,-122.5,18,0.000,0.000,0.00000000,0.00000000,0.364,0.018,0.0,0.0,0.0,0.0,0,0,RTK FIXED
176.856,063243.40,10.48525200,76.44418600,10.48525200,76.44418600,658051.771,1159427.310,107.90,658051.771,1159427.310,-122.5,18,0.000,0.000,0.00000000,0.00000000,0.364,0.018,0.0,0.0,0.0,0.0,0,0,RTK FIXED
176.903,063243.40,10.48525200,76.44418600,10.48525200,76.44418600,658051.771,1159427.310,107.90,658051.771,1159427.310,-122.5,18,0.000,0.000,0.00000000,0.00000000,0.364,0.018,0.0,0.0,0.0,0.0,0,0,RTK FIXED
176.957,063243.40,10.48525200,76.44418600,10.48525200,76.44418600,658051.771,1159427.310,107.90,658051.771,1159427.310,-122.5,18,0.000,0.000,0.00000000,0.00000000,0.364,0.018,0.0,0.0,0.0,0.0,0,0,RTK FIXED
177.003,063243.40,10.48525200,76.44418600,10.48525200,76.44418600,658051.771,1159427.310,107.90,658051.771,1159427.310,-122.5,18,0.000,0.000,0.00000000,0.00000000,0.364,0.018,0.0,0.0,0.0,0.0,0,0,RTK FIXED
177.057,063243.40,10.48525200,76.44418600,10.48525200,76.44418600,658051.771,1159427.310,107.90,658051.771,1159427.310,-122.5,18,0.000,0.000,0.00000000,0.00000000,0.364,0.018,0.0,0.0,0.0,0.0,0,0,RTK FIXED
177.103,063243.60,10.48525200,76.44418600,10.48525200,76.44418600,658051.771,1159427.310,107.90,658051.771,1159427.310,-122.5,18,0.000,0.000,0.00000000,0.00000000,0.364,0.018,0.0,0.0,0.0,0.0,0,0,RTK FIXED
177.157,063243.60,10.48525200,76.44418600,10.48525200,76.44418600,658051.771,1159427.310,107.90,658051.771,1159427.310,-122.5,18,0.000,0.000,0.00000000,0.00000000,0.364,0.018,0.0,0.0,0.0,0.0,0,0,RTK FIXED
177.203,063243.60,10.48525200,76.44418600,10.48525200,76.44418600,658051.771,1159427.310,107.90,658051.771,1159427.310,-122.5,18,0.000,0.000,0.00000000,0.00000000,0.364,0.018,0.0,0.0,0.0,0.0,0,0,RTK FIXED
177.257,063243.60,10.48525200,76.44418600,10.48525200,76.44418600,658051.771,1159427.310,107.90,658051.771,1159427.310,-122.5,18,0.000,0.000,0.00000000,0.00000000,0.364,0.018,0.0,0.0,0.0,0.0,0,0,RTK FIXED
177.303,063243.80,10.48525200,76.44418600,10.48525200,76.44418600,658051.771,1159427.310,107.90,658051.771,1159427.310,-122.5,18,0.000,0.000,0.00000000,0.00000000,0.364,0.018,0.0,0.0,0.0,0.0,0,0,RTK FIXED
177.357,063243.80,10.48525200,76.44418600,10.48525200,76.44418600,658051.771,1159427.310,107.90,658051.771,1159427.310,-122.5,18,0.000,0.000,0.00000000,0.00000000,0.364,0.018,0.0,0.0,0.0,0.0,0,0,RTK FIXED
177.411,063243.80,10.48525200,76.44418600,10.48525200,76.44418600,658051.771,1159427.310,107.90,658051.771,1159427.310,-122.5,18,0.000,0.000,0.00000000,0.00000000,0.364,0.018,0.0,0.0,0.0,0.0,0,0,RTK FIXED
177.457,063243.80,10.48525200,76.44418600,10.48525200,76.44418600,658051.771,1159427.310,107.90,658051.771,1159427.310,-122.5,18,0.000,0.000,0.00000000,0.00000000,0.364,0.018,0.0,0.0,0.0,0.0,0,0,RTK FIXED
177.511,063244.00,10.48525200,76.44418600,10.48525200,76.44418600,658051.771,1159427.310,107.90,658051.771,1159427.310,-122.5,18,0.000,0.000,0.00000000,0.00000000,0.364,0.018,0.0,0.0,0.0,0.0,0,0,RTK FIXED
177.557,063244.00,10.48525200,76.44418600,10.48525200,76.44418600,658051.771,1159427.310,107.90,658051.771,1159427.310,-122.5,18,0.000,0.000,0.00000000,0.00000000,0.364,0.018,0.0,0.0,0.0,0.0,0,0,RTK FIXED
177.612,063244.20,10.48525200,76.44418600,10.48525200,76.44418600,658051.771,1159427.310,107.90,658051.771,1159427.310,-122.5,18,0.000,0.000,0.00000000,0.00000000,0.364,0.018,0.0,0.0,0.0,0.0,0,0,RTK FIXED
177.657,063244.20,10.48525200,76.44418600,10.48525200,76.44418600,658051.771,1159427.310,107.90,658051.771,1159427.310,-122.5,18,0.000,0.000,0.00000000,0.00000000,0.364,0.018,0.0,0.0,0.0,0.0,0,0,RTK FIXED
177.711,063244.20,10.48525200,76.44418600,10.48525200,76.44418600,658051.771,1159427.310,107.90,658051.771,1159427.310,-122.5,18,0.000,0.000,0.00000000,0.00000000,0.364,0.018,0.0,0.0,0.0,0.0,0,0,RTK FIXED
178.805,063244.20,10.48525200,76.44418600,10.48525200,76.44418600,658051.771,1159427.310,107.90,658051.771,1159427.310,-122.5,18,0.000,0.000,0.00000000,0.00000000,0.364,0.018,0.0,0.0,0.0,0.0,0,0,RTK FIXED
178.840,063245.40,10.48525200,76.44418600,10.48525200,76.44418600,658051.771,1159427.310,108.00,658051.771,1159427.310,-122.5,18,0.000,0.000,0.00000000,0.00000000,0.364,0.018,0.0,0.0,0.0,0.0,0,0,RTK FIXED
178.865,063245.40,10.48525200,76.44418600,10.48525200,76.44418600,658051.771,1159427.310,108.00,658051.771,1159427.310,-122.5,18,0.000,0.000,0.00000000,0.00000000,0.364,0.018,0.0,0.0,0.0,0.0,0,0,RTK FIXED
178.919,063245.40,10.48525200,76.44418600,10.48525200,76.44418600,658051.771,1159427.310,108.00,658051.771,1159427.310,-122.5,18,0.000,0.000,0.00000000,0.00000000,0.364,0.018,0.0,0.0,0.0,0.0,0,0,RTK FIXED
178.973,063245.40,10.48525200,76.44418600,10.48525200,76.44418600,658051.771,1159427.310,108.00,658051.771,1159427.310,-122.5,18,0.000,0.000,0.00000000,0.00000000,0.364,0.018,0.0,0.0,0.0,0.0,0,0,RTK FIXED
179.019,063245.40,10.48525200,76.44418600,10.48525200,76.44418600,658051.771,1159427.310,108.00,658051.771,1159427.310,-122.5,18,0.000,0.000,0.00000000,0.00000000,0.364,0.018,0.0,0.0,0.0,0.0,0,0,RTK FIXED
179.073,063245.40,10.48525200,76.44418600,10.48525200,76.44418600,658051.771,1159427.310,108.00,658051.771,1159427.310,-122.5,18,0.000,0.000,0.00000000,0.00000000,0.364,0.018,0.0,0.0,0.0,0.0,0,0,RTK FIXED
179.119,063245.60,10.48525200,76.44418600,10.48525200,76.44418600,658051.771,1159427.310,108.00,658051.771,1159427.310,-122.5,18,0.000,0.000,0.00000000,0.00000000,0.364,0.018,0.0,0.0,0.0,0.0,0,0,RTK FIXED
179.173,063245.60,10.48525200,76.44418600,10.48525200,76.44418600,658051.771,1159427.310,108.00,658051.771,1159427.310,-122.5,18,0.000,0.000,0.00000000,0.00000000,0.364,0.018,0.0,0.0,0.0,0.0,0,0,RTK FIXED
179.219,063245.60,10.48525200,76.44418600,10.48525200,76.44418600,658051.771,1159427.310,108.00,658051.771,1159427.310,-122.5,18,0.000,0.000,0.00000000,0.00000000,0.364,0.018,0.0,0.0,0.0,0.0,0,0,RTK FIXED
179.274,063245.60,10.48525200,76.44418600,10.48525200,76.44418600,658051.771,1159427.310,108.00,658051.771,1159427.310,-122.5,18,0.000,0.000,0.00000000,0.00000000,0.364,0.018,0.0,0.0,0.0,0.0,0,0,RTK FIXED
179.319,063245.80,10.48525200,76.44418600,10.48525200,76.44418600,658051.771,1159427.310,108.00,658051.771,1159427.310,-122.5,18,0.000,0.000,0.00000000,0.00000000,0.364,0.018,0.0,0.0,0.0,0.0,0,0,RTK FIXED
179.373,063245.80,10.48525200,76.44418600,10.48525200,76.44418600,658051.771,1159427.310,108.00,658051.771,1159427.310,-122.5,18,0.000,0.000,0.00000000,0.00000000,0.364,0.018,0.0,0.0,0.0,0.0,0,0,RTK FIXED
179.419,063245.80,10.48525200,76.44418600,10.48525200,76.44418600,658051.771,1159427.310,108.00,658051.771,1159427.310,-122.5,18,0.000,0.000,0.00000000,0.00000000,0.364,0.018,0.0,0.0,0.0,0.0,0,0,RTK FIXED
179.475,063245.80,10.48525200,76.44418600,10.48525200,76.44418600,658051.771,1159427.310,108.00,658051.771,1159427.310,-122.5,18,0.000,0.000,0.00000000,0.00000000,0.364,0.018,0.0,0.0,0.0,0.0,0,0,RTK FIXED
179.527,063246.00,10.48525200,76.44418600,10.48525200,76.44418600,658051.771,1159427.310,107.90,658051.771,1159427.310,-122.5,18,0.000,0.000,0.00000000,0.00000000,0.364,0.018,0.0,0.0,0.0,0.0,0,0,RTK FIXED
179.573,063246.00,10.48525200,76.44418600,10.48525200,76.44418600,658051.771,1159427.310,107.90,658051.771,1159427.310,-122.5,18,0.000,0.000,0.00000000,0.00000000,0.364,0.018,0.0,0.0,0.0,0.0,0,0,RTK FIXED
179.627,063246.00,10.48525200,76.44418600,10.48525200,76.44418600,658051.771,1159427.310,107.90,658051.771,1159427.310,-122.5,18,0.000,0.000,0.00000000,0.00000000,0.364,0.018,0.0,0.0,0.0,0.0,0,0,RTK FIXED
179.674,063246.20,10.48525200,76.44418600,10.48525200,76.44418600,658051.771,1159427.310,108.00,658051.771,1159427.310,-122.5,18,0.000,0.000,0.00000000,0.00000000,0.364,0.018,0.0,0.0,0.0,0.0,0,0,RTK FIXED
179.727,063246.20,10.48525200,76.44418600,10.48525200,76.44418600,658051.771,1159427.310,108.00,658051.771,1159427.310,-122.5,18,0.000,0.000,0.00000000,0.00000000,0.364,0.018,0.0,0.0,0.0,0.0,0,0,RTK FIXED
179.774,063246.20,10.48525200,76.44418600,10.48525200,76.44418600,658051.771,1159427.310,108.00,658051.771,1159427.310,-122.5,18,0.000,0.000,0.00000000,0.00000000,0.364,0.018,0.0,0.0,0.0,0.0,0,0,RTK FIXED
179.828,063246.40,10.48525200,76.44418600,10.48525200,76.44418600,658051.771,1159427.310,108.00,658051.771,1159427.310,-122.5,18,0.000,0.000,0.00000000,0.00000000,0.364,0.018,0.0,0.0,0.0,0.0,0,0,RTK FIXED
179.874,063246.40,10.48525200,76.44418600,10.48525200,76.44418600,658051.771,1159427.310,108.00,658051.771,1159427.310,-122.5,18,0.000,0.000,0.00000000,0.00000000,0.364,0.018,0.0,0.0,0.0,0.0,0,0,RTK FIXED
179.927,063246.40,10.48525200,76.44418600,10.48525200,76.44418600,658051.771,1159427.310,108.00,658051.771,1159427.310,-122.5,18,0.000,0.000,0.00000000,0.00000000,0.364,0.018,0.0,0.0,0.0,0.0,0,0,RTK FIXED
179.974,063246.40,10.48525200,76.44418600,10.48525200,76.44418600,658051.771,1159427.310,108.00,658051.771,1159427.310,-122.5,18,0.000,0.000,0.00000000,0.00000000,0.364,0.018,0.0,0.0,0.0,0.0,0,0,RTK FIXED
180.027,063246.40,10.48525200,76.44418600,10.48525200,76.44418600,658051.771,1159427.310,108.00,658051.771,1159427.310,-122.5,18,0.000,0.000,0.00000000,0.00000000,0.364,0.018,0.0,0.0,0.0,0.0,0,0,RTK FIXED
180.074,063246.40,10.48525200,76.44418600,10.48525200,76.44418600,658051.771,1159427.310,108.00,658051.771,1159427.310,-122.5,18,0.000,0.000,0.00000000,0.00000000,0.364,0.018,0.0,0.0,0.0,0.0,0,0,RTK FIXED
180.128,063246.60,10.48525200,76.44418600,10.48525200,76.44418600,658051.771,1159427.310,108.00,658051.771,1159427.310,-122.5,18,0.000,0.000,0.00000000,0.00000000,0.364,0.018,0.0,0.0,0.0,0.0,0,0,RTK FIXED
180.182,063246.60,10.48525200,76.44418600,10.48525200,76.44418600,658051.771,1159427.310,108.00,658051.771,1159427.310,-122.5,18,0.000,0.000,0.00000000,0.00000000,0.364,0.018,0.0,0.0,0.0,0.0,0,0,RTK FIXED
180.228,063246.60,10.48525200,76.44418600,10.48525200,76.44418600,658051.771,1159427.310,108.00,658051.771,1159427.310,-122.5,18,0.000,0.000,0.00000000,0.00000000,0.364,0.018,0.0,0.0,0.0,0.0,0,0,RTK FIXED
180.284,063246.60,10.48525200,76.44418600,10.48525200,76.44418600,658051.771,1159427.310,108.00,658051.771,1159427.310,-122.5,18,0.000,0.000,0.00000000,0.00000000,0.364,0.018,0.0,0.0,0.0,0.0,0,0,RTK FIXED
180.328,063246.80,10.48525200,76.44418600,10.48525200,76.44418600,658051.771,1159427.310,108.00,658051.771,1159427.310,-122.5,18,0.000,0.000,0.00000000,0.00000000,0.364,0.018,0.0,0.0,0.0,0.0,0,0,RTK FIXED
180.382,063246.80,10.48525200,76.44418600,10.48525200,76.44418600,658051.771,1159427.310,108.00,658051.771,1159427.310,-122.5,18,0.000,0.000,0.00000000,0.00000000,0.364,0.018,0.0,0.0,0.0,0.0,0,0,RTK FIXED
180.428,063246.80,10.48525200,76.44418600,10.48525200,76.44418600,658051.771,1159427.310,108.00,658051.771,1159427.310,-122.5,18,0.000,0.000,0.00000000,0.00000000,0.364,0.018,0.0,0.0,0.0,0.0,0,0,RTK FIXED
180.482,063247.00,10.48525200,76.44418600,10.48525200,76.44418600,658051.771,1159427.310,108.00,658051.771,1159427.310,-122.5,18,0.000,0.000,0.00000000,0.00000000,0.364,0.018,0.0,0.0,0.0,0.0,0,0,RTK FIXED
180.528,063247.00,10.48525200,76.44418600,10.48525200,76.44418600,658051.771,1159427.310,108.00,658051.771,1159427.310,-122.5,18,0.000,0.000,0.00000000,0.00000000,0.364,0.018,0.0,0.0,0.0,0.0,0,0,RTK FIXED
180.582,063247.20,10.48525200,76.44418600,10.48525200,76.44418600,658051.771,1159427.310,108.00,658051.771,1159427.310,-122.5,18,0.000,0.000,0.00000000,0.00000000,0.364,0.018,0.0,0.0,0.0,0.0,0,0,RTK FIXED
180.628,063247.20,10.48525200,76.44418600,10.48525200,76.44418600,658051.771,1159427.310,108.00,658051.771,1159427.310,-122.5,18,0.000,0.000,0.00000000,0.00000000,0.364,0.018,0.0,0.0,0.0,0.0,0,0,RTK FIXED
180.682,063247.20,10.48525200,76.44418600,10.48525200,76.44418600,658051.771,1159427.310,108.00,658051.771,1159427.310,-122.5,18,0.000,0.000,0.00000000,0.00000000,0.364,0.018,0.0,0.0,0.0,0.0,0,0,RTK FIXED
180.736,063247.20,10.48525200,76.44418600,10.48525200,76.44418600,658051.771,1159427.310,108.00,658051.771,1159427.310,-122.5,18,0.000,0.000,0.00000000,0.00000000,0.364,0.018,0.0,0.0,0.0,0.0,0,0,RTK FIXED
180.782,063247.40,10.48525200,76.44418600,10.48525200,76.44418600,658051.771,1159427.310,108.00,658051.771,1159427.310,-122.5,18,0.000,0.000,0.00000000,0.00000000,0.364,0.018,0.0,0.0,0.0,0.0,0,0,RTK FIXED
180.837,063247.40,10.48525200,76.44418600,10.48525200,76.44418600,658051.771,1159427.310,108.00,658051.771,1159427.310,-122.5,18,0.000,0.000,0.00000000,0.00000000,0.364,0.018,0.0,0.0,0.0,0.0,0,0,RTK FIXED
180.882,063247.40,10.48525200,76.44418600,10.48525200,76.44418600,658051.771,1159427.310,108.00,658051.771,1159427.310,-122.5,18,0.000,0.000,0.00000000,0.00000000,0.364,0.018,0.0,0.0,0.0,0.0,0,0,RTK FIXED
180.936,063247.40,10.48525200,76.44418600,10.48525200,76.44418600,658051.771,1159427.310,108.00,658051.771,1159427.310,-122.5,18,0.000,0.000,0.00000000,0.00000000,0.364,0.018,0.0,0.0,0.0,0.0,0,0,RTK FIXED
180.982,063247.40,10.48525200,76.44418600,10.48525200,76.44418600,658051.771,1159427.310,108.00,658051.771,1159427.310,-122.5,18,0.000,0.000,0.00000000,0.00000000,0.364,0.018,0.0,0.0,0.0,0.0,0,0,RTK FIXED
181.036,063247.40,10.48525200,76.44418600,10.48525200,76.44418600,658051.771,1159427.310,108.00,658051.771,1159427.310,-122.5,18,0.000,0.000,0.00000000,0.00000000,0.364,0.018,0.0,0.0,0.0,0.0,0,0,RTK FIXED
181.090,063247.60,10.48525200,76.44418600,10.48525200,76.44418600,658051.771,1159427.310,107.90,658051.771,1159427.310,-122.5,18,0.000,0.000,0.00000000,0.00000000,0.364,0.018,0.0,0.0,0.0,0.0,0,0,RTK FIXED
181.136,063247.60,10.48525200,76.44418600,10.48525200,76.44418600,658051.771,1159427.310,107.90,658051.771,1159427.310,-122.5,18,0.000,0.000,0.00000000,0.00000000,0.364,0.018,0.0,0.0,0.0,0.0,0,0,RTK FIXED
181.190,063247.60,10.48525200,76.44418600,10.48525200,76.44418600,658051.771,1159427.310,107.90,658051.771,1159427.310,-122.5,18,0.000,0.000,0.00000000,0.00000000,0.364,0.018,0.0,0.0,0.0,0.0,0,0,RTK FIXED
181.237,063247.60,10.48525200,76.44418600,10.48525200,76.44418600,658051.771,1159427.310,107.90,658051.771,1159427.310,-122.5,18,0.000,0.000,0.00000000,0.00000000,0.364,0.018,0.0,0.0,0.0,0.0,0,0,RTK FIXED
181.291,063247.80,10.48525200,76.44418600,10.48525200,76.44418600,658051.771,1159427.310,107.90,658051.771,1159427.310,-122.5,18,0.000,0.000,0.00000000,0.00000000,0.364,0.018,0.0,0.0,0.0,0.0,0,0,RTK FIXED
181.337,063247.80,10.48525200,76.44418600,10.48525200,76.44418600,658051.771,1159427.310,107.90,658051.771,1159427.310,-122.5,18,0.000,0.000,0.00000000,0.00000000,0.364,0.018,0.0,0.0,0.0,0.0,0,0,RTK FIXED
181.390,063247.80,10.48525200,76.44418600,10.48525200,76.44418600,658051.771,1159427.310,107.90,658051.771,1159427.310,-122.5,18,0.000,0.000,0.00000000,0.00000000,0.364,0.018,0.0,0.0,0.0,0.0,0,0,RTK FIXED
181.437,063247.80,10.48525200,76.44418600,10.48525200,76.44418600,658051.771,1159427.310,107.90,658051.771,1159427.310,-122.5,18,0.000,0.000,0.00000000,0.00000000,0.364,0.018,0.0,0.0,0.0,0.0,0,0,RTK FIXED
181.491,063248.00,10.48525200,76.44418600,10.48525200,76.44418600,658051.771,1159427.310,107.90,658051.771,1159427.310,-122.5,18,0.000,0.000,0.00000000,0.00000000,0.364,0.018,0.0,0.0,0.0,0.0,0,0,RTK FIXED
181.537,063248.00,10.48525200,76.44418600,10.48525200,76.44418600,658051.771,1159427.310,107.90,658051.771,1159427.310,-122.5,18,0.000,0.000,0.00000000,0.00000000,0.364,0.018,0.0,0.0,0.0,0.0,0,0,RTK FIXED
181.591,063248.00,10.48525200,76.44418600,10.48525200,76.44418600,658051.771,1159427.310,107.90,658051.771,1159427.310,-122.5,18,0.000,0.000,0.00000000,0.00000000,0.364,0.018,0.0,0.0,0.0,0.0,0,0,RTK FIXED
181.645,063248.20,10.48525200,76.44418600,10.48525200,76.44418600,658051.771,1159427.310,107.90,658051.771,1159427.310,-122.5,18,0.000,0.000,0.00000000,0.00000000,0.364,0.018,0.0,0.0,0.0,0.0,0,0,RTK FIXED
181.691,063248.20,10.48525200,76.44418600,10.48525200,76.44418600,658051.771,1159427.310,107.90,658051.771,1159427.310,-122.5,18,0.000,0.000,0.00000000,0.00000000,0.364,0.018,0.0,0.0,0.0,0.0,0,0,RTK FIXED
181.745,063248.20,10.48525200,76.44418600,10.48525200,76.44418600,658051.771,1159427.310,107.90,658051.771,1159427.310,-122.5,18,0.000,0.000,0.00000000,0.00000000,0.364,0.018,0.0,0.0,0.0,0.0,0,0,RTK FIXED
181.791,063248.40,10.48525200,76.44418600,10.48525200,76.44418600,658051.771,1159427.310,107.90,658051.771,1159427.310,-122.5,18,0.000,0.000,0.00000000,0.00000000,0.364,0.018,0.0,0.0,0.0,0.0,0,0,RTK FIXED
181.845,063248.40,10.48525200,76.44418600,10.48525200,76.44418600,658051.771,1159427.310,107.90,658051.771,1159427.310,-122.5,18,0.000,0.000,0.00000000,0.00000000,0.364,0.018,0.0,0.0,0.0,0.0,0,0,RTK FIXED
181.891,063248.40,10.48525200,76.44418600,10.48525200,76.44418600,658051.771,1159427.310,107.90,658051.771,1159427.310,-122.5,18,0.000,0.000,0.00000000,0.00000000,0.364,0.018,0.0,0.0,0.0,0.0,0,0,RTK FIXED
181.945,063248.40,10.48525200,76.44418600,10.48525200,76.44418600,658051.771,1159427.310,107.90,658051.771,1159427.310,-122.5,18,0.000,0.000,0.00000000,0.00000000,0.364,0.018,0.0,0.0,0.0,0.0,0,0,RTK FIXED
181.991,063248.40,10.48525200,76.44418600,10.48525200,76.44418600,658051.771,1159427.310,107.90,658051.771,1159427.310,-122.5,18,0.000,0.000,0.00000000,0.00000000,0.364,0.018,0.0,0.0,0.0,0.0,0,0,RTK FIXED
182.045,063248.40,10.48525200,76.44418600,10.48525200,76.44418600,658051.771,1159427.310,107.90,658051.771,1159427.310,-122.5,18,0.000,0.000,0.00000000,0.00000000,0.364,0.018,0.0,0.0,0.0,0.0,0,0,RTK FIXED
182.091,063248.60,10.48525200,76.44418600,10.48525200,76.44418600,658051.771,1159427.310,108.00,658051.771,1159427.310,-122.5,18,0.000,0.000,0.00000000,0.00000000,0.364,0.018,0.0,0.0,0.0,0.0,0,0,RTK FIXED
182.146,063248.60,10.48525200,76.44418600,10.48525200,76.44418600,658051.771,1159427.310,108.00,658051.771,1159427.310,-122.5,18,0.000,0.000,0.00000000,0.00000000,0.364,0.018,0.0,0.0,0.0,0.0,0,0,RTK FIXED
182.199,063248.60,10.48525200,76.44418600,10.48525200,76.44418600,658051.771,1159427.310,108.00,658051.771,1159427.310,-122.5,18,0.000,0.000,0.00000000,0.00000000,0.364,0.018,0.0,0.0,0.0,0.0,0,0,RTK FIXED
182.245,063248.60,10.48525200,76.44418600,10.48525200,76.44418600,658051.771,1159427.310,108.00,658051.771,1159427.310,-122.5,18,0.000,0.000,0.00000000,0.00000000,0.364,0.018,0.0,0.0,0.0,0.0,0,0,RTK FIXED
182.299,063248.80,10.48525200,76.44418600,10.48525200,76.44418600,658051.771,1159427.310,108.00,658051.771,1159427.310,-122.5,18,0.000,0.000,0.00000000,0.00000000,0.364,0.018,0.0,0.0,0.0,0.0,0,0,RTK FIXED
182.345,063248.80,10.48525200,76.44418600,10.48525200,76.44418600,658051.771,1159427.310,108.00,658051.771,1159427.310,-122.5,18,0.000,0.000,0.00000000,0.00000000,0.364,0.018,0.0,0.0,0.0,0.0,0,0,RTK FIXED
182.399,063248.80,10.48525200,76.44418600,10.48525200,76.44418600,658051.771,1159427.310,108.00,658051.771,1159427.310,-122.5,18,0.000,0.000,0.00000000,0.00000000,0.364,0.018,0.0,0.0,0.0,0.0,0,0,RTK FIXED
182.446,063248.80,10.48525200,76.44418600,10.48525200,76.44418600,658051.771,1159427.310,108.00,658051.771,1159427.310,-122.5,18,0.000,0.000,0.00000000,0.00000000,0.364,0.018,0.0,0.0,0.0,0.0,0,0,RTK FIXED
182.499,063249.00,10.48525200,76.44418600,10.48525200,76.44418600,658051.771,1159427.310,108.00,658051.771,1159427.310,-122.5,18,0.000,0.000,0.00000000,0.00000000,0.364,0.018,0.0,0.0,0.0,0.0,0,0,RTK FIXED
182.546,063249.00,10.48525200,76.44418600,10.48525200,76.44418600,658051.771,1159427.310,108.00,658051.771,1159427.310,-122.5,18,0.000,0.000,0.00000000,0.00000000,0.364,0.018,0.0,0.0,0.0,0.0,0,0,RTK FIXED
182.599,063249.00,10.48525200,76.44418600,10.48525200,76.44418600,658051.771,1159427.310,108.00,658051.771,1159427.310,-122.5,18,0.000,0.000,0.00000000,0.00000000,0.364,0.018,0.0,0.0,0.0,0.0,0,0,RTK FIXED
182.646,063249.20,10.48525200,76.44418600,10.48525200,76.44418600,658051.771,1159427.310,108.00,658051.771,1159427.310,-122.5,18,0.000,0.000,0.00000000,0.00000000,0.364,0.018,0.0,0.0,0.0,0.0,0,0,RTK FIXED
182.699,063249.20,10.48525200,76.44418600,10.48525200,76.44418600,658051.771,1159427.310,108.00,658051.771,1159427.310,-122.5,18,0.000,0.000,0.00000000,0.00000000,0.364,0.018,0.0,0.0,0.0,0.0,0,0,RTK FIXED
182.754,063249.20,10.48525200,76.44418600,10.48525200,76.44418600,658051.771,1159427.310,108.00,658051.771,1159427.310,-122.5,18,0.000,0.000,0.00000000,0.00000000,0.364,0.018,0.0,0.0,0.0,0.0,0,0,RTK FIXED
182.800,063249.40,10.48525200,76.44418600,10.48525200,76.44418600,658051.771,1159427.310,108.00,658051.771,1159427.310,-122.5,18,0.000,0.000,0.00000000,0.00000000,0.364,0.018,0.0,0.0,0.0,0.0,0,0,RTK FIXED
182.854,063249.40,10.48525200,76.44418600,10.48525200,76.44418600,658051.771,1159427.310,108.00,658051.771,1159427.310,-122.5,18,0.000,0.000,0.00000000,0.00000000,0.364,0.018,0.0,0.0,0.0,0.0,0,0,RTK FIXED
