Time_Sec,UTC,Latitude,Longitude,Smoothed_Latitude,Smoothed_Longitude,UTM_X,UTM_Y,UTM_Z,Smoothed_UTM_X,Smoothed_UTM_Y,Yaw_Deg,Target_WP_Index,Target_WP_X,Target_WP_Y,Target_Latitude,Target_Longitude,Command_V,Command_W,Left_RPM,Right_RPM,Actual_Left_RPM,Actual_Right_RPM,Left_DAC,Right_DAC,RTK_Fix_Status
0.024,070312.20,10.48525200,76.44418700,10.48525200,76.44418700,658051.850,1159426.679,108.00,658051.850,1159426.679,109.9,1,658051.359,1159428.035,10.48526133,76.44418417,0.000,0.520,0.0,0.0,0.0,0.0,0,0,RTK FIXED
0.075,070312.20,10.48525200,76.44418700,10.48525200,76.44418700,658051.850,1159426.679,108.00,658051.850,1159426.679,109.9,1,658051.359,1159428.035,10.48526133,76.44418417,0.000,0.520,0.0,0.0,0.0,0.0,0,0,RTK FIXED
0.120,070312.20,10.48525200,76.44418700,10.48525200,76.44418700,658051.850,1159426.679,108.00,658051.850,1159426.679,109.9,1,658051.359,1159428.035,10.48526133,76.44418417,0.000,0.520,0.0,0.0,0.0,0.0,0,0,RTK FIXED
0.174,070312.40,10.48525200,76.44418700,10.48525200,76.44418700,658051.790,1159426.653,108.00,658051.826,1159426.668,109.9,1,658051.359,1159428.035,10.48526133,76.44418417,0.000,0.624,0.0,0.0,0.0,0.0,0,0,RTK FIXED
0.220,070312.40,10.48525200,76.44418700,10.48525200,76.44418700,658051.790,1159426.653,108.00,658051.812,1159426.662,109.9,1,658051.359,1159428.035,10.48526133,76.44418417,0.000,0.624,0.0,0.0,0.0,0.0,0,0,RTK FIXED
0.274,070312.40,10.48525200,76.44418700,10.48525200,76.44418700,658051.790,1159426.653,108.00,658051.803,1159426.658,109.9,1,658051.359,1159428.035,10.48526133,76.44418417,0.000,0.624,0.0,0.0,0.0,0.0,0,0,RTK FIXED
0.319,070312.40,10.48525200,76.44418700,10.48525200,76.44418700,658051.790,1159426.653,108.00,658051.798,1159426.656,109.9,1,658051.359,1159428.035,10.48526133,76.44418417,0.000,0.624,0.0,0.0,0.0,0.0,0,0,RTK FIXED
0.374,070312.40,10.48525200,76.44418700,10.48525200,76.44418700,658051.790,1159426.653,108.00,658051.795,1159426.655,109.9,1,658051.359,1159428.035,10.48526133,76.44418417,0.000,0.624,0.0,0.0,0.0,0.0,0,0,RTK FIXED
0.427,070312.40,10.48525200,76.44418700,10.48525200,76.44418700,658051.790,1159426.653,108.00,658051.793,1159426.654,109.9,1,658051.359,1159428.035,10.48526133,76.44418417,0.000,0.624,0.0,0.0,0.0,0.0,0,0,RTK FIXED
0.474,070312.60,10.48525200,76.44418700,10.48525200,76.44418700,658051.790,1159426.653,108.00,658051.792,1159426.653,109.9,1,658051.359,1159428.035,10.48526133,76.44418417,0.000,0.645,0.0,0.0,0.0,0.0,0,0,RTK FIXED
0.528,070312.60,10.48525200,76.44418700,10.48525200,76.44418700,658051.790,1159426.653,108.00,658051.791,1159426.653,109.9,1,658051.359,1159428.035,10.48526133,76.44418417,0.000,0.645,0.0,0.0,0.0,0.0,0,0,RTK FIXED
0.574,070312.60,10.48525200,76.44418700,10.48525200,76.44418700,658051.790,1159426.653,108.00,658051.791,1159426.653,109.9,1,658051.359,1159428.035,10.48526133,76.44418417,0.000,0.645,0.0,0.0,0.0,0.0,0,0,RTK FIXED
0.628,070312.60,10.48525200,76.44418700,10.48525200,76.44418700,658051.790,1159426.653,108.00,658051.790,1159426.653,109.9,1,658051.359,1159428.035,10.48526133,76.44418417,0.000,0.645,0.0,0.0,0.0,0.0,0,0,RTK FIXED
0.675,070312.80,10.48525200,76.44418700,10.48525200,76.44418700,658051.790,1159426.653,108.00,658051.790,1159426.653,109.9,1,658051.359,1159428.035,10.48526133,76.44418417,0.000,0.649,0.0,0.0,0.0,0.0,0,0,RTK FIXED
0.728,070312.80,10.48525200,76.44418700,10.48525200,76.44418700,658051.790,1159426.653,108.00,658051.790,1159426.653,109.9,1,658051.359,1159428.035,10.48526133,76.44418417,0.000,0.649,0.0,0.0,0.0,0.0,0,0,RTK FIXED
0.774,070312.80,10.48525200,76.44418700,10.48525200,76.44418700,658051.790,1159426.653,108.00,658051.790,1159426.653,109.9,1,658051.359,1159428.035,10.48526133,76.44418417,0.000,0.649,0.0,0.0,0.0,0.0,0,0,RTK FIXED
0.830,070313.00,10.48525200,76.44418700,10.48525200,76.44418700,658051.790,1159426.653,108.00,658051.790,1159426.653,109.9,1,658051.359,1159428.035,10.48526133,76.44418417,0.000,0.650,0.0,0.0,0.0,0.0,0,0,RTK FIXED
0.874,070313.00,10.48525200,76.44418700,10.48525200,76.44418700,658051.790,1159426.653,108.00,658051.790,1159426.653,109.9,1,658051.359,1159428.035,10.48526133,76.44418417,0.000,0.650,0.0,0.0,0.0,0.0,0,0,RTK FIXED
0.928,070313.00,10.48525200,76.44418700,10.48525200,76.44418700,658051.790,1159426.653,108.00,658051.790,1159426.653,109.9,1,658051.359,1159428.035,10.48526133,76.44418417,0.000,0.650,0.0,0.0,0.0,0.0,0,0,RTK FIXED
1.608,070313.60,10.48525200,76.44418700,10.48525200,76.44418700,658051.790,1159426.653,108.00,658051.790,1159426.653,107.5,1,658051.359,1159428.035,10.48526133,76.44418417,0.000,0.520,0.0,0.0,0.0,0.0,0,0,RTK FIXED
1.807,070313.60,10.48525200,76.44418700,10.48525200,76.44418700,658051.790,1159426.653,108.00,658051.790,1159426.653,107.5,1,658051.359,1159428.035,10.48526133,76.44418417,0.000,0.520,-8.5,8.5,0.0,0.0,450,450,RTK FIXED
1.844,070313.80,10.48525200,76.44418700,10.48525200,76.44418700,658051.784,1159426.651,108.00,658051.788,1159426.652,109.0,1,658051.359,1159428.035,10.48526133,76.44418417,0.000,0.624,-10.0,10.0,0.0,0.0,900,900,RTK FIXED
1.890,070314.00,10.48525200,76.44418700,10.48525200,76.44418700,658051.795,1159426.655,108.00,658051.791,1159426.653,110.8,1,658051.359,1159428.035,10.48526133,76.44418417,0.000,0.645,-10.0,10.0,0.0,0.0,1350,1350,RTK FIXED
1.944,070314.00,10.48525200,76.44418700,10.48525200,76.44418700,658051.795,1159426.655,108.00,658051.793,1159426.654,112.6,1,658051.359,1159428.035,10.48526133,76.44418417,0.000,0.645,-10.0,10.0,0.0,0.0,1800,1800,RTK FIXED
1.990,070314.00,10.48525200,76.44418700,10.48525200,76.44418700,658051.795,1159426.655,108.00,658051.794,1159426.654,114.5,1,658051.359,1159428.035,10.48526133,76.44418417,0.000,0.645,-10.0,10.0,0.0,0.0,2047,2047,RTK FIXED
2.207,070314.20,10.48525200,76.44418700,10.48525200,76.44418700,658051.829,1159426.668,108.00,658051.808,1159426.660,116.3,1,658051.359,1159428.035,10.48526133,76.44418417,0.366,0.147,7.8,10.0,0.1,0.0,450,450,RTK FIXED
2.244,070314.40,10.48525200,76.44418700,10.48525200,76.44418700,658051.829,1159426.668,108.00,658051.816,1159426.663,116.3,1,658051.359,1159428.035,10.48526133,76.44418417,0.364,-0.013,10.0,9.8,0.0,0.0,900,900,RTK FIXED
2.290,070314.40,10.48525200,76.44418700,10.48525200,76.44418700,658051.829,1159426.668,108.00,658051.821,1159426.665,116.3,1,658051.359,1159428.035,10.48526133,76.44418417,0.364,-0.013,10.0,9.8,0.0,0.0,1350,1350,RTK FIXED
2.344,070314.40,10.48525200,76.44418700,10.48525200,76.44418700,658051.829,1159426.668,108.00,658051.824,1159426.666,116.3,1,658051.359,1159428.035,10.48526133,76.44418417,0.364,-0.013,10.0,9.8,0.0,0.0,1800,1800,RTK FIXED
2.391,070314.40,10.48525200,76.44418700,10.48525200,76.44418700,658051.829,1159426.668,108.00,658051.826,1159426.667,116.3,1,658051.359,1159428.035,10.48526133,76.44418417,0.364,-0.013,10.0,9.8,0.0,0.0,2047,2005,RTK FIXED
2.444,070314.40,10.48525200,76.44418700,10.48525200,76.44418700,658051.829,1159426.668,108.00,658051.827,1159426.667,116.3,1,658051.359,1159428.035,10.48526133,76.44418417,0.364,-0.013,10.0,9.8,0.0,0.0,2047,2005,RTK FIXED
2.490,070314.60,10.48525200,76.44418700,10.48525200,76.44418700,658051.829,1159426.668,108.00,658051.828,1159426.668,116.3,1,658051.359,1159428.035,10.48526133,76.44418417,0.364,-0.042,10.0,9.3,0.0,0.0,2047,1911,RTK FIXED
2.544,070314.60,10.48525200,76.44418700,10.48525200,76.44418700,658051.829,1159426.668,108.00,658051.828,1159426.668,116.3,1,658051.359,1159428.035,10.48526133,76.44418417,0.364,-0.042,10.0,9.3,0.0,0.5,2047,1911,RTK FIXED
2.590,070314.60,10.48525200,76.44418700,10.48525200,76.44418700,658051.829,1159426.668,108.00,658051.828,1159426.668,116.3,1,658051.359,1159428.035,10.48526133,76.44418417,0.364,-0.042,10.0,9.3,-0.5,1.1,2047,1911,RTK FIXED
2.645,070314.60,10.48525200,76.44418700,10.48525200,76.44418700,658051.829,1159426.668,108.00,658051.828,1159426.668,116.3,1,658051.359,1159428.035,10.48526133,76.44418417,0.364,-0.042,10.0,9.3,0.0,1.8,2047,1911,RTK FIXED
2.698,070314.80,10.48525200,76.44418700,10.48525200,76.44418700,658051.829,1159426.668,108.00,658051.828,1159426.668,116.3,1,658051.359,1159428.035,10.48526133,76.44418417,0.364,-0.046,10.0,9.3,0.5,2.3,2047,1898,RTK FIXED
2.743,070314.80,10.48525200,76.44418700,10.48525200,76.44418700,658051.829,1159426.668,108.00,658051.829,1159426.668,116.3,1,658051.359,1159428.035,10.48526133,76.44418417,0.364,-0.046,10.0,9.3,0.0,3.3,2047,1898,RTK FIXED
2.798,070314.80,10.48525200,76.44418700,10.48525200,76.44418700,658051.829,1159426.668,108.00,658051.829,1159426.668,116.3,1,658051.359,1159428.035,10.48526133,76.44418417,0.364,-0.046,10.0,9.3,-0.5,4.2,2047,1898,RTK FIXED
2.844,070314.80,10.48525200,76.44418700,10.48525200,76.44418700,658051.829,1159426.668,108.00,658051.829,1159426.668,116.3,1,658051.359,1159428.035,10.48526133,76.44418417,0.364,-0.046,10.0,9.3,0.5,4.8,2047,1898,RTK FIXED
2.899,070315.00,10.48525200,76.44418700,10.48525200,76.44418700,658051.829,1159426.668,108.00,658051.829,1159426.668,116.3,1,658051.359,1159428.035,10.48526133,76.44418417,0.364,-0.046,10.0,9.3,-0.5,4.6,2047,1898,RTK FIXED
2.944,070315.00,10.48525200,76.44418700,10.48525200,76.44418700,658051.829,1159426.668,108.00,658051.829,1159426.668,116.3,1,658051.359,1159428.035,10.48526133,76.44418417,0.364,-0.046,10.0,9.3,0.0,3.8,2047,1898,RTK FIXED
2.998,070315.00,10.48525200,76.44418700,10.48525200,76.44418700,658051.829,1159426.668,108.00,658051.829,1159426.668,116.3,1,658051.359,1159428.035,10.48526133,76.44418417,0.364,-0.046,10.0,9.3,0.5,5.1,2047,1898,RTK FIXED
3.044,070315.00,10.48525200,76.44418700,10.48525200,76.44418700,658051.829,1159426.668,108.00,658051.829,1159426.668,116.3,1,658051.359,1159428.035,10.48526133,76.44418417,0.364,-0.046,10.0,9.3,0.0,5.5,2047,1898,RTK FIXED
3.099,070315.20,10.48525200,76.44418700,10.48525200,76.44418700,658051.829,1159426.668,108.00,658051.829,1159426.668,116.3,1,658051.359,1159428.035,10.48526133,76.44418417,0.365,-0.045,10.0,9.3,0.0,6.4,2047,1900,RTK FIXED
3.144,070315.20,10.48525200,76.44418700,10.48525200,76.44418700,658051.829,1159426.668,108.00,658051.829,1159426.668,116.3,1,658051.359,1159428.035,10.48526133,76.44418417,0.365,-0.045,10.0,9.3,0.0,6.6,2047,1900,RTK FIXED
3.199,070315.40,10.48525200,76.44418700,10.48525200,76.44418700,658051.829,1159426.668,108.00,658051.829,1159426.668,116.3,1,658051.359,1159428.035,10.48526133,76.44418417,0.365,-0.045,10.0,9.3,0.0,8.3,2047,1902,RTK FIXED
3.244,070315.40,10.48525200,76.44418700,10.48525200,76.44418700,658051.829,1159426.668,108.00,658051.829,1159426.668,116.3,1,658051.359,1159428.035,10.48526133,76.44418417,0.365,-0.045,10.0,9.3,-0.6,8.3,2047,1902,RTK FIXED
3.299,070315.40,10.48525200,76.44418700,10.48525200,76.44418700,658051.829,1159426.668,108.00,658051.829,1159426.668,116.3,1,658051.359,1159428.035,10.48526133,76.44418417,0.365,-0.045,10.0,9.3,0.5,10.1,2047,1902,RTK FIXED
3.352,070315.40,10.48525200,76.44418700,10.48525200,76.44418700,658051.829,1159426.668,108.00,658051.829,1159426.668,116.3,1,658051.359,1159428.035,10.48526133,76.44418417,0.365,-0.045,10.0,9.3,-0.5,11.8,2047,1902,RTK FIXED
3.399,070315.60,10.48525200,76.44418700,10.48525200,76.44418700,658051.829,1159426.668,108.00,658051.829,1159426.668,116.3,1,658051.359,1159428.035,10.48526133,76.44418417,0.365,-0.044,10.0,9.3,0.5,12.7,2047,1903,RTK FIXED
3.452,070315.60,10.48525200,76.44418700,10.48525200,76.44418700,658051.829,1159426.668,108.00,658051.829,1159426.668,116.3,1,658051.359,1159428.035,10.48526133,76.44418417,0.365,-0.044,10.0,9.3,-0.5,13.3,2047,1903,RTK FIXED
3.499,070315.60,10.48525200,76.44418700,10.48525200,76.44418700,658051.829,1159426.668,108.00,658051.829,1159426.668,116.3,1,658051.359,1159428.035,10.48526133,76.44418417,0.365,-0.044,10.0,9.3,0.5,13.9,2047,1903,RTK FIXED
3.553,070315.60,10.48525200,76.44418700,10.48525200,76.44418700,658051.829,1159426.668,108.00,658051.829,1159426.668,116.3,1,658051.359,1159428.035,10.48526133,76.44418417,0.365,-0.044,10.0,9.3,-0.5,14.4,2047,1903,RTK FIXED
3.599,070315.60,10.48525200,76.44418700,10.48525200,76.44418700,658051.829,1159426.668,108.00,658051.829,1159426.668,116.3,1,658051.359,1159428.035,10.48526133,76.44418417,0.365,-0.044,10.0,9.3,0.5,14.7,2047,1903,RTK FIXED
3.653,070315.60,10.48525200,76.44418700,10.48525200,76.44418700,658051.829,1159426.668,108.00,658051.829,1159426.668,116.3,1,658051.359,1159428.035,10.48526133,76.44418417,0.365,-0.044,10.0,9.3,-0.5,15.6,2047,1903,RTK FIXED
3.699,070315.80,10.48525200,76.44418600,10.48525200,76.44418660,658051.719,1159426.667,108.00,658051.785,1159426.668,116.3,1,658051.359,1159428.035,10.48526133,76.44418417,0.362,-0.065,10.0,9.0,0.5,15.6,2047,1838,RTK FIXED
3.753,070315.80,10.48525200,76.44418600,10.48525200,76.44418636,658051.719,1159426.667,108.00,658051.759,1159426.668,116.3,1,658051.359,1159428.035,10.48526133,76.44418417,0.362,-0.065,10.0,9.0,0.0,16.4,2047,1838,RTK FIXED
3.799,070315.80,10.48525200,76.44418600,10.48525200,76.44418622,658051.719,1159426.667,108.00,658051.743,1159426.668,116.3,1,658051.359,1159428.035,10.48526133,76.44418417,0.362,-0.065,10.0,9.0,-0.5,15.3,2047,1838,RTK FIXED
3.853,070315.80,10.48525200,76.44418600,10.48525200,76.44418613,658051.719,1159426.667,108.00,658051.733,1159426.667,116.3,1,658051.359,1159428.035,10.48526133,76.44418417,0.362,-0.065,10.0,9.0,0.5,15.2,2047,1838,RTK FIXED
3.907,070316.00,10.48525100,76.44418600,10.48525160,76.44418608,658051.720,1159426.557,108.00,658051.728,1159426.623,144.8,1,658051.359,1159428.035,10.48526133,76.44418417,0.332,-0.188,10.0,7.1,0.0,15.2,2047,1453,RTK FIXED
3.957,070316.00,10.48525100,76.44418600,10.48525136,76.44418605,658051.720,1159426.557,108.00,658051.725,1159426.597,144.8,1,658051.359,1159428.035,10.48526133,76.44418417,0.332,-0.188,10.0,7.1,-0.5,15.3,2047,1453,RTK FIXED
4.007,070316.20,10.48525100,76.44418600,10.48525122,76.44418603,658051.861,1159426.671,108.00,658051.779,1159426.627,144.8,1,658051.359,1159428.035,10.48526133,76.44418417,0.332,-0.212,10.0,6.8,0.0,15.1,2047,1388,RTK FIXED
4.052,070316.20,10.48525100,76.44418600,10.48525113,76.44418602,658051.861,1159426.671,108.00,658051.812,1159426.644,144.8,1,658051.359,1159428.035,10.48526133,76.44418417,0.332,-0.212,10.0,6.8,0.6,15.0,2047,1388,RTK FIXED
4.107,070316.20,10.48525100,76.44418600,10.48525108,76.44418601,658051.861,1159426.671,108.00,658051.832,1159426.655,144.8,1,658051.359,1159428.035,10.48526133,76.44418417,0.332,-0.212,10.0,6.8,0.0,14.6,2047,1388,RTK FIXED
4.154,070316.20,10.48525100,76.44418600,10.48525105,76.44418601,658051.861,1159426.671,108.00,658051.843,1159426.662,144.8,1,658051.359,1159428.035,10.48526133,76.44418417,0.332,-0.212,10.0,6.8,-0.5,12.3,2047,1388,RTK FIXED
4.207,070316.40,10.48525100,76.44418500,10.48525103,76.44418560,658051.752,1159426.671,107.90,658051.807,1159426.665,144.8,1,658051.359,1159428.035,10.48526133,76.44418417,0.332,-0.217,10.0,6.7,0.5,11.2,2047,1375,RTK FIXED
4.254,070316.40,10.48525100,76.44418500,10.48525102,76.44418536,658051.752,1159426.671,107.90,658051.785,1159426.668,144.8,1,658051.359,1159428.035,10.48526133,76.44418417,0.332,-0.217,10.0,6.7,-0.5,11.3,2047,1375,RTK FIXED
4.307,070316.40,10.48525100,76.44418500,10.48525101,76.44418522,658051.752,1159426.671,107.90,658051.771,1159426.669,144.8,1,658051.359,1159428.035,10.48526133,76.44418417,0.332,-0.217,10.0,6.7,0.5,10.9,2047,1375,RTK FIXED
4.353,070316.40,10.48525100,76.44418500,10.48525101,76.44418513,658051.752,1159426.671,107.90,658051.763,1159426.670,144.8,1,658051.359,1159428.035,10.48526133,76.44418417,0.332,-0.217,10.0,6.7,0.0,11.3,2047,1375,RTK FIXED
4.407,070316.40,10.48525100,76.44418500,10.48525100,76.44418508,658051.752,1159426.671,107.90,658051.759,1159426.670,144.8,1,658051.359,1159428.035,10.48526133,76.44418417,0.332,-0.217,10.0,6.7,-0.5,9.6,2047,1375,RTK FIXED
4.462,070316.60,10.48525100,76.44418500,10.48525100,76.44418505,658051.752,1159426.671,108.00,658051.756,1159426.670,144.8,1,658051.359,1159428.035,10.48526133,76.44418417,0.332,-0.218,10.0,6.7,0.0,10.1,2047,1373,RTK FIXED
4.507,070316.60,10.48525100,76.44418500,10.48525100,76.44418503,658051.752,1159426.671,108.00,658051.754,1159426.671,144.8,1,658051.359,1159428.035,10.48526133,76.44418417,0.332,-0.218,10.0,6.7,0.0,9.3,2047,1373,RTK FIXED
4.562,070316.60,10.48525100,76.44418500,10.48525100,76.44418502,658051.752,1159426.671,108.00,658051.753,1159426.671,144.8,1,658051.359,1159428.035,10.48526133,76.44418417,0.332,-0.218,10.0,6.7,0.5,9.7,2047,1373,RTK FIXED
4.607,070316.60,10.48525100,76.44418500,10.48525100,76.44418501,658051.752,1159426.671,108.00,658051.752,1159426.671,144.8,1,658051.359,1159428.035,10.48526133,76.44418417,0.332,-0.218,10.0,6.7,0.0,9.2,2047,1373,RTK FIXED
4.662,070316.80,10.48525100,76.44418500,10.48525100,76.44418501,658051.752,1159426.671,108.00,658051.752,1159426.671,144.8,1,658051.359,1159428.035,10.48526133,76.44418417,0.332,-0.218,10.0,6.7,0.0,8.7,2047,1372,RTK FIXED
4.708,070316.80,10.48525100,76.44418500,10.48525100,76.44418500,658051.752,1159426.671,108.00,658051.752,1159426.671,144.8,1,658051.359,1159428.035,10.48526133,76.44418417,0.332,-0.218,10.0,6.7,0.0,8.8,2047,1372,RTK FIXED
4.762,070316.80,10.48525100,76.44418500,10.48525100,76.44418500,658051.752,1159426.671,108.00,658051.752,1159426.671,144.8,1,658051.359,1159428.035,10.48526133,76.44418417,0.332,-0.218,10.0,6.7,-0.5,8.8,2047,1372,RTK FIXED
4.809,070316.80,10.48525100,76.44418500,10.48525100,76.44418500,658051.752,1159426.671,108.00,658051.752,1159426.671,144.8,1,658051.359,1159428.035,10.48526133,76.44418417,0.332,-0.218,10.0,6.7,0.5,8.5,2047,1372,RTK FIXED
4.862,070317.00,10.48525100,76.44418400,10.48525100,76.44418460,658051.642,1159426.670,108.00,658051.708,1159426.671,144.8,1,658051.359,1159428.035,10.48526133,76.44418417,0.332,-0.218,10.0,6.7,-0.5,8.8,2047,1372,RTK FIXED
4.907,070317.00,10.48525100,76.44418400,10.48525100,76.44418436,658051.642,1159426.670,108.00,658051.682,1159426.671,144.8,1,658051.359,1159428.035,10.48526133,76.44418417,0.332,-0.218,10.0,6.7,0.0,7.8,2047,1372,RTK FIXED
4.962,070317.20,10.48525100,76.44418400,10.48525100,76.44418422,658051.642,1159426.670,108.00,658051.666,1159426.670,145.9,1,658051.359,1159428.035,10.48526133,76.44418417,0.332,-0.218,10.0,6.7,0.0,8.7,2047,1372,RTK FIXED
5.016,070317.20,10.48525100,76.44418400,10.48525100,76.44418413,658051.642,1159426.670,108.00,658051.656,1159426.670,145.9,1,658051.359,1159428.035,10.48526133,76.44418417,0.332,-0.218,10.0,6.7,0.5,7.9,2047,1372,RTK FIXED
5.062,070317.20,10.48525100,76.44418400,10.48525100,76.44418408,658051.642,1159426.670,108.00,658051.651,1159426.670,145.9,1,658051.359,1159428.035,10.48526133,76.44418417,0.332,-0.218,10.0,6.7,0.0,8.2,2047,1372,RTK FIXED
5.116,070317.20,10.48525100,76.44418400,10.48525100,76.44418405,658051.642,1159426.670,108.00,658051.647,1159426.670,145.9,1,658051.359,1159428.035,10.48526133,76.44418417,0.332,-0.218,10.0,6.7,0.0,7.8,2047,1372,RTK FIXED
5.163,070317.40,10.48525200,76.44418400,10.48525140,76.44418403,658051.646,1159426.787,108.00,658051.647,1159426.717,145.9,1,658051.359,1159428.035,10.48526133,76.44418417,0.332,-0.218,10.0,6.7,-0.5,8.0,2047,1372,RTK FIXED
5.216,070317.40,10.48525200,76.44418400,10.48525164,76.44418402,658051.646,1159426.787,108.00,658051.646,1159426.745,145.9,1,658051.359,1159428.035,10.48526133,76.44418417,0.332,-0.218,10.0,6.7,0.0,8.0,2047,1372,RTK FIXED
5.262,070317.40,10.48525200,76.44418400,10.48525178,76.44418401,658051.646,1159426.787,108.00,658051.646,1159426.762,145.9,1,658051.359,1159428.035,10.48526133,76.44418417,0.332,-0.218,10.0,6.7,0.5,8.1,2047,1372,RTK FIXED
5.316,070317.40,10.48525200,76.44418400,10.48525187,76.44418401,658051.646,1159426.787,108.00,658051.646,1159426.772,145.9,1,658051.359,1159428.035,10.48526133,76.44418417,0.332,-0.218,10.0,6.7,-0.5,7.4,2047,1372,RTK FIXED
5.362,070317.40,10.48525200,76.44418400,10.48525192,76.44418400,658051.646,1159426.787,108.00,658051.646,1159426.778,145.9,1,658051.359,1159428.035,10.48526133,76.44418417,0.332,-0.218,10.0,6.7,0.5,8.1,2047,1372,RTK FIXED
5.416,070317.40,10.48525200,76.44418400,10.48525195,76.44418400,658051.646,1159426.787,108.00,658051.646,1159426.781,145.9,1,658051.359,1159428.035,10.48526133,76.44418417,0.332,-0.218,10.0,6.7,-0.5,7.4,2047,1372,RTK FIXED
5.463,070317.60,10.48525200,76.44418400,10.48525197,76.44418400,658051.646,1159426.787,108.00,658051.646,1159426.783,145.9,1,658051.359,1159428.035,10.48526133,76.44418417,0.332,-0.218,10.0,6.7,0.0,8.0,2047,1372,RTK FIXED
5.516,070317.60,10.48525200,76.44418400,10.48525198,76.44418400,658051.646,1159426.787,108.00,658051.646,1159426.785,145.9,1,658051.359,1159428.035,10.48526133,76.44418417,0.332,-0.218,10.0,6.7,0.5,7.5,2047,1372,RTK FIXED
5.570,070317.60,10.48525200,76.44418400,10.48525199,76.44418400,658051.646,1159426.787,108.00,658051.646,1159426.785,145.9,1,658051.359,1159428.035,10.48526133,76.44418417,0.332,-0.218,10.0,6.7,0.0,7.9,2047,1372,RTK FIXED
5.616,070317.60,10.48525200,76.44418400,10.48525199,76.44418400,658051.646,1159426.787,108.00,658051.646,1159426.786,145.9,1,658051.359,1159428.035,10.48526133,76.44418417,0.332,-0.218,10.0,6.7,0.0,7.6,2047,1372,RTK FIXED
5.670,070317.80,10.48525200,76.44418300,10.48525200,76.44418360,658051.536,1159426.786,108.00,658051.602,1159426.786,140.8,1,658051.359,1159428.035,10.48526133,76.44418417,0.332,-0.218,10.0,6.7,-0.5,7.8,2047,1372,RTK FIXED
5.716,070317.80,10.48525200,76.44418300,10.48525200,76.44418336,658051.536,1159426.786,108.00,658051.576,1159426.786,140.8,1,658051.359,1159428.035,10.48526133,76.44418417,0.332,-0.218,10.0,6.7,0.5,7.1,2047,1372,RTK FIXED
5.770,070317.80,10.48525200,76.44418300,10.48525200,76.44418322,658051.536,1159426.786,108.00,658051.560,1159426.786,140.8,1,658051.359,1159428.035,10.48526133,76.44418417,0.332,-0.218,10.0,6.7,-0.5,7.9,2047,1372,RTK FIXED
5.816,070317.80,10.48525200,76.44418300,10.48525200,76.44418313,658051.536,1159426.786,108.00,658051.550,1159426.786,140.8,1,658051.359,1159428.035,10.48526133,76.44418417,0.332,-0.218,10.0,6.7,0.0,7.7,2047,1372,RTK FIXED
5.871,070318.00,10.48525200,76.44418300,10.48525200,76.44418308,658051.516,1159426.760,108.00,658051.537,1159426.776,140.8,1,658051.359,1159428.035,10.48526133,76.44418417,0.332,-0.218,10.0,6.7,0.5,7.7,2047,1372,RTK FIXED
5.916,070318.00,10.48525200,76.44418300,10.48525200,76.44418305,658051.516,1159426.760,108.00,658051.528,1159426.770,140.8,1,658051.359,1159428.035,10.48526133,76.44418417,0.332,-0.218,10.0,6.7,-0.5,7.1,2047,1372,RTK FIXED
5.974,070318.20,10.48525200,76.44418300,10.48525200,76.44418303,658051.516,1159426.760,108.00,658051.523,1159426.766,140.8,1,658051.359,1159428.035,10.48526133,76.44418417,0.332,-0.218,10.0,6.7,0.0,7.8,2047,1372,RTK FIXED
6.024,070318.20,10.48525200,76.44418300,10.48525200,76.44418302,658051.516,1159426.760,108.00,658051.520,1159426.764,140.8,1,658051.359,1159428.035,10.48526133,76.44418417,0.332,-0.218,10.0,6.7,0.0,7.0,2047,1372,RTK FIXED
6.071,070318.20,10.48525200,76.44418300,10.48525200,76.44418301,658051.516,1159426.760,108.00,658051.519,1159426.762,140.8,1,658051.359,1159428.035,10.48526133,76.44418417,0.332,-0.218,10.0,6.7,0.5,7.0,2047,1372,RTK FIXED
6.124,070318.20,10.48525200,76.44418300,10.48525200,76.44418301,658051.516,1159426.760,108.00,658051.518,1159426.762,140.8,1,658051.359,1159428.035,10.48526133,76.44418417,0.332,-0.218,10.0,6.7,-0.5,7.4,2047,1372,RTK FIXED
6.171,070318.40,10.48525200,76.44418200,10.48525200,76.44418260,658051.406,1159426.760,108.00,658051.473,1159426.761,152.7,1,658051.359,1159428.035,10.48526133,76.44418417,0.332,-0.218,10.0,6.7,0.5,7.4,2047,1372,RTK FIXED
6.224,070318.40,10.48525200,76.44418200,10.48525200,76.44418236,658051.406,1159426.760,108.00,658051.446,1159426.760,152.7,1,658051.359,1159428.035,10.48526133,76.44418417,0.332,-0.218,10.0,6.7,-0.5,7.6,2047,1372,RTK FIXED
6.271,070318.40,10.48525200,76.44418200,10.48525200,76.44418222,658051.406,1159426.760,108.00,658051.430,1159426.760,152.7,1,658051.359,1159428.035,10.48526133,76.44418417,0.332,-0.218,10.0,6.7,0.5,7.0,2047,1372,RTK FIXED
6.324,070318.40,10.48525200,76.44418200,10.48525200,76.44418213,658051.406,1159426.760,108.00,658051.421,1159426.760,152.7,1,658051.359,1159428.035,10.48526133,76.44418417,0.332,-0.218,10.0,6.7,-0.5,7.1,2047,1372,RTK FIXED
6.371,070318.40,10.48525200,76.44418200,10.48525200,76.44418208,658051.406,1159426.760,108.00,658051.415,1159426.760,152.7,1,658051.359,1159428.035,10.48526133,76.44418417,0.332,-0.218,10.0,6.7,0.5,6.9,2047,1372,RTK FIXED
6.425,070318.40,10.48525200,76.44418200,10.48525200,76.44418205,658051.406,1159426.760,108.00,658051.412,1159426.760,152.7,1,658051.359,1159428.035,10.48526133,76.44418417,0.332,-0.218,10.0,6.7,-0.5,7.4,2047,1372,RTK FIXED
6.471,070318.60,10.48525300,76.44418200,10.48525240,76.44418203,658051.450,1159426.933,108.00,658051.427,1159426.829,152.7,1,658051.359,1159428.035,10.48526133,76.44418417,0.332,-0.218,10.0,6.7,0.5,7.5,2047,1372,RTK FIXED
6.525,070318.60,10.48525300,76.44418200,10.48525264,76.44418202,658051.450,1159426.933,108.00,658051.436,1159426.871,152.7,1,658051.359,1159428.035,10.48526133,76.44418417,0.332,-0.218,10.0,6.7,-0.5,7.5,2047,1372,RTK FIXED
6.579,070318.60,10.48525300,76.44418200,10.48525278,76.44418201,658051.450,1159426.933,108.00,658051.441,1159426.896,152.7,1,658051.359,1159428.035,10.48526133,76.44418417,0.332,-0.218,10.0,6.7,0.0,7.4,2047,1372,RTK FIXED
6.625,070318.60,10.48525300,76.44418200,10.48525287,76.44418201,658051.450,1159426.933,108.00,658051.445,1159426.911,152.7,1,658051.359,1159428.035,10.48526133,76.44418417,0.332,-0.218,10.0,6.7,0.5,7.6,2047,1372,RTK FIXED
6.679,070318.80,10.48525300,76.44418200,10.48525292,76.44418200,658051.450,1159426.933,108.00,658051.447,1159426.920,138.0,1,658051.359,1159428.035,10.48526133,76.44418417,0.332,-0.218,10.0,6.7,0.0,6.9,2047,1372,RTK FIXED
6.725,070318.80,10.48525300,76.44418200,10.48525295,76.44418200,658051.450,1159426.933,108.00,658051.448,1159426.925,138.0,1,658051.359,1159428.035,10.48526133,76.44418417,0.332,-0.218,10.0,6.7,0.0,7.6,2047,1372,RTK FIXED
6.779,070318.80,10.48525300,76.44418200,10.48525297,76.44418200,658051.450,1159426.933,108.00,658051.449,1159426.928,138.0,1,658051.359,1159428.035,10.48526133,76.44418417,0.332,-0.218,10.0,6.7,0.0,7.0,2047,1372,RTK FIXED
6.825,070318.80,10.48525300,76.44418200,10.48525298,76.44418200,658051.450,1159426.933,108.00,658051.449,1159426.930,138.0,1,658051.359,1159428.035,10.48526133,76.44418417,0.332,-0.218,10.0,6.7,-0.5,7.6,2047,1372,RTK FIXED
6.879,070319.00,10.48525300,76.44418200,10.48525299,76.44418200,658051.394,1159426.857,108.00,658051.427,1159426.901,138.0,1,658051.359,1159428.035,10.48526133,76.44418417,0.332,-0.218,10.0,6.7,0.5,7.4,2047,1372,RTK FIXED
6.925,070319.00,10.48525300,76.44418200,10.48525299,76.44418200,658051.394,1159426.857,108.00,658051.414,1159426.884,138.0,1,658051.359,1159428.035,10.48526133,76.44418417,0.332,-0.218,10.0,6.7,-0.5,7.7,2047,1372,RTK FIXED
6.979,070319.20,10.48525300,76.44418200,10.48525300,76.44418200,658051.394,1159426.857,108.00,658051.406,1159426.873,138.0,1,658051.359,1159428.035,10.48526133,76.44418417,0.332,-0.218,10.0,6.7,0.0,7.8,2047,1372,RTK FIXED
7.025,070319.20,10.48525300,76.44418200,10.48525300,76.44418200,658051.394,1159426.857,108.00,658051.401,1159426.867,138.0,1,658051.359,1159428.035,10.48526133,76.44418417,0.332,-0.218,10.0,6.7,0.5,7.1,2047,1372,RTK FIXED
7.079,070319.20,10.48525300,76.44418200,10.48525300,76.44418200,658051.394,1159426.857,108.00,658051.398,1159426.863,138.0,1,658051.359,1159428.035,10.48526133,76.44418417,0.332,-0.218,10.0,6.7,-0.5,7.4,2047,1372,RTK FIXED
7.133,070319.20,10.48525300,76.44418200,10.48525300,76.44418200,658051.394,1159426.857,108.00,658051.397,1159426.861,138.0,1,658051.359,1159428.035,10.48526133,76.44418417,0.332,-0.218,10.0,6.7,0.5,7.4,2047,1372,RTK FIXED
7.180,070319.40,10.48525400,76.44418100,10.48525340,76.44418160,658051.284,1159426.967,108.00,658051.352,1159426.903,145.1,1,658051.359,1159428.035,10.48526133,76.44418417,0.332,-0.218,10.0,6.7,-0.5,7.0,2047,1372,RTK FIXED
7.232,070319.40,10.48525400,76.44418100,10.48525364,76.44418136,658051.284,1159426.967,108.00,658051.325,1159426.929,145.1,1,658051.359,1159428.035,10.48526133,76.44418417,0.332,-0.218,10.0,6.7,0.5,7.6,2047,1372,RTK FIXED
7.279,070319.40,10.48525400,76.44418100,10.48525378,76.44418122,658051.284,1159426.967,108.00,658051.308,1159426.944,145.1,1,658051.359,1159428.035,10.48526133,76.44418417,0.332,-0.218,10.0,6.7,-0.5,6.9,2047,1372,RTK FIXED
7.334,070319.40,10.48525400,76.44418100,10.48525387,76.44418113,658051.284,1159426.967,108.00,658051.299,1159426.953,145.1,1,658051.359,1159428.035,10.48526133,76.44418417,0.332,-0.218,10.0,6.7,0.0,7.8,2047,1372,RTK FIXED
7.379,070319.40,10.48525400,76.44418100,10.48525392,76.44418108,658051.284,1159426.967,108.00,658051.293,1159426.959,145.1,1,658051.359,1159428.035,10.48526133,76.44418417,0.332,-0.218,10.0,6.7,0.0,7.7,2047,1372,RTK FIXED
7.433,070319.40,10.48525400,76.44418100,10.48525395,76.44418105,658051.284,1159426.967,108.00,658051.289,1159426.962,145.1,1,658051.359,1159428.035,10.48526133,76.44418417,0.332,-0.218,10.0,6.7,0.0,7.0,2047,1372,RTK FIXED
7.480,070319.60,10.48525400,76.44418100,10.48525397,76.44418103,658051.313,1159427.002,108.00,658051.299,1159426.978,145.1,1,658051.359,1159428.035,10.48526133,76.44418417,0.332,-0.218,10.0,6.7,0.0,7.0,2047,1372,RTK FIXED
7.534,070319.60,10.48525400,76.44418100,10.48525398,76.44418102,658051.313,1159427.002,108.00,658051.305,1159426.988,145.1,1,658051.359,1159428.035,10.48526133,76.44418417,0.332,-0.218,10.0,6.7,0.0,7.5,2047,1372,RTK FIXED
7.580,070319.60,10.48525400,76.44418100,10.48525399,76.44418101,658051.313,1159427.002,108.00,658051.308,1159426.994,145.1,1,658051.359,1159428.035,10.48526133,76.44418417,0.332,-0.218,10.0,6.7,0.0,7.6,2047,1372,RTK FIXED
7.635,070319.60,10.48525400,76.44418100,10.48525399,76.44418101,658051.313,1159427.002,108.00,658051.310,1159426.997,145.1,1,658051.359,1159428.035,10.48526133,76.44418417,0.332,-0.218,10.0,6.7,0.0,7.4,2047,1372,RTK FIXED
7.680,070319.80,10.48525400,76.44418100,10.48525400,76.44418100,658051.313,1159427.002,108.00,658051.311,1159426.999,145.1,1,658051.359,1159428.035,10.48526133,76.44418417,0.332,-0.218,10.0,6.7,0.0,7.1,2047,1372,RTK FIXED
7.734,070319.80,10.48525400,76.44418100,10.48525400,76.44418100,658051.313,1159427.002,108.00,658051.312,1159427.000,145.1,1,658051.359,1159428.035,10.48526133,76.44418417,0.332,-0.218,10.0,6.7,0.0,7.4,2047,1372,RTK FIXED
7.787,070319.80,10.48525400,76.44418100,10.48525400,76.44418100,658051.313,1159427.002,108.00,658051.313,1159427.001,145.1,1,658051.359,1159428.035,10.48526133,76.44418417,0.332,-0.218,10.0,6.7,0.5,7.4,2047,1372,RTK FIXED
7.835,070319.80,10.48525400,76.44418100,10.48525400,76.44418100,658051.313,1159427.002,108.00,658051.313,1159427.002,145.1,1,658051.359,1159428.035,10.48526133,76.44418417,0.332,-0.218,10.0,6.7,-0.5,7.5,2047,1372,RTK FIXED
7.888,070320.00,10.48525500,76.44418100,10.48525440,76.44418100,658051.313,1159427.113,108.00,658051.313,1159427.046,134.2,1,658051.359,1159428.035,10.48526133,76.44418417,0.332,-0.218,10.0,6.7,0.5,7.4,2047,1372,RTK FIXED
7.934,070320.00,10.48525500,76.44418100,10.48525464,76.44418100,658051.313,1159427.113,108.00,658051.313,1159427.073,134.2,1,658051.359,1159428.035,10.48526133,76.44418417,0.332,-0.218,10.0,6.7,-0.5,5.9,2047,1372,RTK FIXED
7.991,070320.00,10.48525500,76.44418100,10.48525478,76.44418100,658051.313,1159427.113,108.00,658051.313,1159427.089,134.2,1,658051.359,1159428.035,10.48526133,76.44418417,0.332,-0.218,10.0,6.7,0.4,7.0,2047,1372,RTK FIXED
8.034,070320.00,10.48525500,76.44418100,10.48525487,76.44418100,658051.313,1159427.113,108.00,658051.313,1159427.098,134.2,1,658051.359,1159428.035,10.48526133,76.44418417,0.332,-0.218,10.0,6.7,-0.6,7.6,2047,1372,RTK FIXED
8.088,070320.20,10.48525500,76.44418100,10.48525492,76.44418100,658051.266,1159427.060,108.00,658051.294,1159427.083,134.2,1,658051.359,1159428.035,10.48526133,76.44418417,0.332,-0.218,10.0,6.7,0.0,7.4,2047,1372,RTK FIXED
8.134,070320.20,10.48525500,76.44418100,10.48525495,76.44418100,658051.266,1159427.060,108.00,658051.283,1159427.074,134.2,1,658051.359,1159428.035,10.48526133,76.44418417,0.332,-0.218,10.0,6.7,0.0,7.6,2047,1372,RTK FIXED
8.188,070320.20,10.48525500,76.44418100,10.48525497,76.44418100,658051.266,1159427.060,108.00,658051.276,1159427.069,134.2,1,658051.359,1159428.035,10.48526133,76.44418417,0.332,-0.218,10.0,6.7,0.0,7.9,2047,1372,RTK FIXED
8.235,070320.20,10.48525500,76.44418100,10.48525498,76.44418100,658051.266,1159427.060,108.00,658051.272,1159427.065,134.2,1,658051.359,1159428.035,10.48526133,76.44418417,0.332,-0.218,10.0,6.7,0.0,7.0,2047,1372,RTK FIXED
8.288,070320.40,10.48525500,76.44418100,10.48525499,76.44418100,658051.266,1159427.060,108.00,658051.269,1159427.063,134.2,1,658051.359,1159428.035,10.48526133,76.44418417,0.332,-0.218,10.0,6.7,0.0,7.4,2047,1372,RTK FIXED
8.334,070320.40,10.48525500,76.44418100,10.48525499,76.44418100,658051.266,1159427.060,108.00,658051.268,1159427.062,134.2,1,658051.359,1159428.035,10.48526133,76.44418417,0.332,-0.218,10.0,6.7,0.0,7.7,2047,1372,RTK FIXED
8.388,070320.60,10.48525600,76.44418100,10.48525540,76.44418100,658051.265,1159427.171,108.00,658051.267,1159427.106,130.7,1,658051.359,1159428.035,10.48526133,76.44418417,0.332,-0.218,10.0,6.7,0.0,7.3,2047,1372,RTK FIXED
8.442,070320.60,10.48525600,76.44418100,10.48525564,76.44418100,658051.265,1159427.171,108.00,658051.266,1159427.132,130.7,1,658051.359,1159428.035,10.48526133,76.44418417,0.332,-0.218,10.0,6.7,0.5,7.5,2047,1372,RTK FIXED
8.487,070320.60,10.48525600,76.44418100,10.48525578,76.44418100,658051.265,1159427.171,108.00,658051.266,1159427.148,130.7,1,658051.359,1159428.035,10.48526133,76.44418417,0.332,-0.218,10.0,6.7,0.0,7.1,2047,1372,RTK FIXED
8.542,070320.60,10.48525600,76.44418100,10.48525587,76.44418100,658051.265,1159427.171,108.00,658051.266,1159427.157,130.7,1,658051.359,1159428.035,10.48526133,76.44418417,0.332,-0.218,10.0,6.7,0.0,7.8,2047,1372,RTK FIXED
8.588,070320.60,10.48525600,76.44418100,10.48525592,76.44418100,658051.265,1159427.171,108.00,658051.265,1159427.163,130.7,1,658051.359,1159428.035,10.48526133,76.44418417,0.332,-0.218,10.0,6.7,0.0,7.6,2047,1372,RTK FIXED
8.642,070320.60,10.48525600,76.44418100,10.48525595,76.44418100,658051.265,1159427.171,108.00,658051.265,1159427.166,130.7,1,658051.359,1159428.035,10.48526133,76.44418417,0.332,-0.218,10.0,6.7,-0.5,7.4,2047,1372,RTK FIXED
8.689,070320.80,10.48525600,76.44418100,10.48525597,76.44418100,658051.248,1159427.156,108.00,658051.259,1159427.162,130.7,1,658051.359,1159428.035,10.48526133,76.44418417,0.332,-0.218,10.0,6.7,0.5,7.0,2047,1372,RTK FIXED
8.742,070320.80,10.48525600,76.44418100,10.48525598,76.44418100,658051.248,1159427.156,108.00,658051.255,1159427.160,130.7,1,658051.359,1159428.035,10.48526133,76.44418417,0.332,-0.218,10.0,6.7,-0.5,7.6,2047,1372,RTK FIXED
8.788,070320.80,10.48525600,76.44418100,10.48525599,76.44418100,658051.248,1159427.156,108.00,658051.252,1159427.159,130.7,1,658051.359,1159428.035,10.48526133,76.44418417,0.332,-0.218,10.0,6.7,0.5,7.6,2047,1372,RTK FIXED
8.842,070320.80,10.48525600,76.44418100,10.48525599,76.44418100,658051.248,1159427.156,108.00,658051.251,1159427.158,130.7,1,658051.359,1159428.035,10.48526133,76.44418417,0.332,-0.218,10.0,6.7,-0.5,7.4,2047,1372,RTK FIXED
8.889,070321.00,10.48525600,76.44418100,10.48525600,76.44418100,658051.248,1159427.156,107.90,658051.250,1159427.157,130.7,1,658051.359,1159428.035,10.48526133,76.44418417,0.332,-0.218,10.0,6.7,0.5,7.5,2047,1372,RTK FIXED
8.942,070321.00,10.48525600,76.44418100,10.48525600,76.44418100,658051.248,1159427.156,107.90,658051.249,1159427.157,130.7,1,658051.359,1159428.035,10.48526133,76.44418417,0.332,-0.218,10.0,6.7,-0.5,7.5,2047,1372,RTK FIXED
8.997,070321.20,10.48525700,76.44418100,10.48525640,76.44418100,658051.248,1159427.267,107.80,658051.249,1159427.201,122.9,1,658051.359,1159428.035,10.48526133,76.44418417,0.332,-0.218,9.0,1.9,0.5,7.7,1843,1100,DGPS
9.043,070321.20,10.48525700,76.44418100,10.48525664,76.44418100,658051.248,1159427.267,107.80,658051.248,1159427.227,122.9,1,658051.359,1159428.035,10.48526133,76.44418417,0.332,-0.218,9.0,1.9,-0.5,7.1,1843,1100,DGPS
9.096,070321.20,10.48525700,76.44418100,10.48525678,76.44418100,658051.248,1159427.267,107.80,658051.248,1159427.243,122.9,1,658051.359,1159428.035,10.48526133,76.44418417,0.332,-0.218,9.0,1.9,0.0,7.1,1843,1100,DGPS
9.143,070321.20,10.48525700,76.44418100,10.48525687,76.44418100,658051.248,1159427.267,107.80,658051.248,1159427.253,122.9,1,658051.359,1159428.035,10.48526133,76.44418417,0.332,-0.218,9.0,1.9,0.5,6.4,1843,1100,DGPS
9.197,070321.40,10.48525700,76.44418100,10.48525692,76.44418100,658051.207,1159427.238,107.80,658051.231,1159427.247,122.9,1,658051.359,1159428.035,10.48526133,76.44418417,0.332,-0.218,9.0,1.9,-0.5,6.5,1843,1100,DGPS
9.243,070321.40,10.48525700,76.44418100,10.48525695,76.44418100,658051.207,1159427.238,107.80,658051.221,1159427.243,122.9,1,658051.359,1159428.035,10.48526133,76.44418417,0.332,-0.218,9.0,1.9,0.0,5.5,1843,1100,DGPS
9.297,070321.40,10.48525700,76.44418100,10.48525697,76.44418100,658051.207,1159427.238,107.80,658051.216,1159427.241,122.9,1,658051.359,1159428.035,10.48526133,76.44418417,0.332,-0.218,9.0,1.9,0.0,5.1,1843,1100,DGPS
9.343,070321.40,10.48525700,76.44418100,10.48525698,76.44418100,658051.207,1159427.238,107.80,658051.212,1159427.240,122.9,1,658051.359,1159428.035,10.48526133,76.44418417,0.332,-0.218,9.0,1.9,0.0,4.3,1843,1100,DGPS
9.397,070321.40,10.48525700,76.44418100,10.48525699,76.44418100,658051.207,1159427.238,107.80,658051.210,1159427.239,122.9,1,658051.359,1159428.035,10.48526133,76.44418417,0.332,-0.218,9.0,1.9,0.0,4.6,1843,1100,DGPS
9.443,070321.40,10.48525700,76.44418100,10.48525699,76.44418100,658051.207,1159427.238,107.80,658051.208,1159427.238,122.9,1,658051.359,1159428.035,10.48526133,76.44418417,0.332,-0.218,9.0,1.9,0.0,4.3,1843,1100,DGPS
9.497,070321.60,10.48525700,76.44418000,10.48525700,76.44418060,658051.097,1159427.237,107.60,658051.164,1159427.238,133.1,1,658051.359,1159428.035,10.48526133,76.44418417,0.332,-0.218,9.0,1.9,0.0,3.7,1843,1100,DGPS
9.551,070321.60,10.48525700,76.44418000,10.48525700,76.44418036,658051.097,1159427.237,107.60,658051.137,1159427.238,133.1,1,658051.359,1159428.035,10.48526133,76.44418417,0.332,-0.218,9.0,1.9,0.5,3.7,1843,1100,DGPS
9.596,070321.60,10.48525700,76.44418000,10.48525700,76.44418022,658051.097,1159427.237,107.60,658051.121,1159427.238,133.1,1,658051.359,1159428.035,10.48526133,76.44418417,0.332,-0.218,9.0,1.9,0.0,3.3,1843,1100,DGPS
9.651,070321.80,10.48525700,76.44418000,10.48525700,76.44418013,658051.150,1159427.276,107.60,658051.133,1159427.253,133.1,1,658051.359,1159428.035,10.48526133,76.44418417,0.332,-0.218,10.0,5.1,0.0,3.2,2047,1100,RTK FLOAT
9.697,070321.80,10.48525700,76.44418000,10.48525700,76.44418008,658051.150,1159427.276,107.60,658051.140,1159427.262,133.1,1,658051.359,1159428.035,10.48526133,76.44418417,0.332,-0.218,10.0,5.1,-0.5,2.7,2047,1100,RTK FLOAT
9.751,070321.80,10.48525700,76.44418000,10.48525700,76.44418005,658051.150,1159427.276,107.60,658051.144,1159427.268,133.1,1,658051.359,1159428.035,10.48526133,76.44418417,0.332,-0.218,10.0,5.1,0.5,3.2,2047,1100,RTK FLOAT
9.797,070321.80,10.48525700,76.44418000,10.48525700,76.44418003,658051.150,1159427.276,107.60,658051.146,1159427.271,133.1,1,658051.359,1159428.035,10.48526133,76.44418417,0.332,-0.218,10.0,5.1,-0.5,2.7,2047,1100,RTK FLOAT
9.851,070322.00,10.48525700,76.44418100,10.48525700,76.44418042,658051.260,1159427.277,107.50,658051.192,1159427.274,133.1,1,658051.359,1159428.035,10.48526133,76.44418417,0.332,-0.218,10.0,5.1,0.0,2.3,2047,1100,RTK FLOAT
9.898,070322.00,10.48525700,76.44418100,10.48525700,76.44418065,658051.260,1159427.277,107.50,658051.219,1159427.275,133.1,1,658051.359,1159428.035,10.48526133,76.44418417,0.332,-0.218,10.0,5.1,0.5,3.2,2047,1100,RTK FLOAT
9.951,070322.00,10.48525700,76.44418100,10.48525700,76.44418079,658051.260,1159427.277,107.50,658051.235,1159427.276,133.1,1,658051.359,1159428.035,10.48526133,76.44418417,0.332,-0.218,10.0,5.1,-0.5,2.3,2047,1100,RTK FLOAT
9.998,070322.20,10.48525700,76.44418100,10.48525700,76.44418087,658051.260,1159427.277,107.50,658051.245,1159427.276,133.1,1,658051.359,1159428.035,10.48526133,76.44418417,0.332,-0.218,9.0,1.9,0.5,2.7,1843,1100,DGPS
10.051,070322.20,10.48525700,76.44418100,10.48525700,76.44418092,658051.260,1159427.277,107.50,658051.251,1159427.277,133.1,1,658051.359,1159428.035,10.48526133,76.44418417,0.332,-0.218,9.0,1.9,0.0,2.3,1843,1100,DGPS
10.105,070322.20,10.48525700,76.44418100,10.48525700,76.44418095,658051.260,1159427.277,107.50,658051.254,1159427.277,133.1,1,658051.359,1159428.035,10.48526133,76.44418417,0.332,-0.218,9.0,1.9,0.0,2.3,1843,1100,DGPS
10.152,070322.40,10.48525800,76.44418100,10.48525740,76.44418097,658051.259,1159427.388,107.70,658051.256,1159427.321,110.5,1,658051.359,1159428.035,10.48526133,76.44418417,0.334,-0.213,8.9,2.0,-0.5,2.1,1831,1100,DGPS
10.206,070322.40,10.48525800,76.44418100,10.48525764,76.44418098,658051.259,1159427.388,107.70,658051.257,1159427.348,110.5,1,658051.359,1159428.035,10.48526133,76.44418417,0.334,-0.213,8.9,2.0,0.5,2.3,1831,1100,DGPS
10.251,070322.40,10.48525800,76.44418100,10.48525778,76.44418099,658051.259,1159427.388,107.70,658051.258,1159427.364,110.5,1,658051.359,1159428.035,10.48526133,76.44418417,0.334,-0.213,8.9,2.0,-0.5,2.2,1831,1100,DGPS
10.305,070322.40,10.48525800,76.44418100,10.48525787,76.44418099,658051.259,1159427.388,107.70,658051.258,1159427.373,110.5,1,658051.359,1159428.035,10.48526133,76.44418417,0.334,-0.213,8.9,2.0,0.0,2.3,1831,1100,DGPS
10.351,070322.40,10.48525800,76.44418100,10.48525792,76.44418100,658051.259,1159427.388,107.70,658051.259,1159427.379,110.5,1,658051.359,1159428.035,10.48526133,76.44418417,0.334,-0.213,8.9,2.0,0.5,2.2,1831,1100,DGPS
10.406,070322.40,10.48525800,76.44418100,10.48525795,76.44418100,658051.259,1159427.388,107.70,658051.259,1159427.382,110.5,1,658051.359,1159428.035,10.48526133,76.44418417,0.334,-0.213,8.9,2.0,0.0,2.3,1831,1100,DGPS
10.451,070322.60,10.48525800,76.44418100,10.48525797,76.44418100,658051.134,1159427.314,107.70,658051.209,1159427.355,110.5,1,658051.359,1159428.035,10.48526133,76.44418417,0.332,-0.217,9.0,1.9,0.0,2.2,1839,1100,DGPS
10.506,070322.60,10.48525800,76.44418100,10.48525798,76.44418100,658051.134,1159427.314,107.70,658051.179,1159427.339,110.5,1,658051.359,1159428.035,10.48526133,76.44418417,0.332,-0.217,9.0,1.9,0.0,2.3,1839,1100,DGPS
10.552,070322.60,10.48525800,76.44418100,10.48525799,76.44418100,658051.134,1159427.314,107.70,658051.161,1159427.329,110.5,1,658051.359,1159428.035,10.48526133,76.44418417,0.332,-0.217,9.0,1.9,0.0,2.7,1839,1100,DGPS
10.606,070322.60,10.48525800,76.44418100,10.48525799,76.44418100,658051.134,1159427.314,107.70,658051.150,1159427.323,110.5,1,658051.359,1159428.035,10.48526133,76.44418417,0.332,-0.217,9.0,1.9,0.0,1.9,1839,1100,DGPS
10.660,070322.80,10.48525800,76.44418100,10.48525800,76.44418100,658051.134,1159427.314,107.60,658051.143,1159427.320,110.5,1,658051.359,1159428.035,10.48526133,76.44418417,0.332,-0.218,10.0,5.1,0.0,2.3,2047,1100,RTK FLOAT
10.706,070322.80,10.48525800,76.44418100,10.48525800,76.44418100,658051.134,1159427.314,107.60,658051.139,1159427.318,110.5,1,658051.359,1159428.035,10.48526133,76.44418417,0.332,-0.218,10.0,5.1,-0.5,2.2,2047,1100,RTK FLOAT
10.759,070322.80,10.48525800,76.44418100,10.48525800,76.44418100,658051.134,1159427.314,107.60,658051.137,1159427.316,110.5,1,658051.359,1159428.035,10.48526133,76.44418417,0.332,-0.218,10.0,5.1,0.5,2.3,2047,1100,RTK FLOAT
10.806,070322.80,10.48525800,76.44418100,10.48525800,76.44418100,658051.134,1159427.314,107.60,658051.136,1159427.316,110.5,1,658051.359,1159428.035,10.48526133,76.44418417,0.332,-0.218,10.0,5.1,0.0,2.7,2047,1100,RTK FLOAT
10.860,070323.00,10.48525800,76.44418100,10.48525800,76.44418100,658051.134,1159427.314,107.60,658051.135,1159427.315,131.2,1,658051.359,1159428.035,10.48526133,76.44418417,0.332,-0.218,10.0,5.1,-0.5,2.3,2047,1100,RTK FLOAT
10.906,070323.00,10.48525800,76.44418100,10.48525800,76.44418100,658051.134,1159427.314,107.60,658051.134,1159427.315,131.2,1,658051.359,1159428.035,10.48526133,76.44418417,0.332,-0.218,10.0,5.1,0.0,2.2,2047,1100,RTK FLOAT
10.961,070323.20,10.48525900,76.44418100,10.48525840,76.44418100,658051.249,1159427.490,107.60,658051.180,1159427.385,131.2,1,658051.359,1159428.035,10.48526133,76.44418417,0.332,-0.218,10.0,5.1,0.0,1.8,2047,1100,RTK FLOAT
11.006,070323.20,10.48525900,76.44418100,10.48525864,76.44418100,658051.249,1159427.490,107.60,658051.208,1159427.427,131.2,1,658051.359,1159428.035,10.48526133,76.44418417,0.332,-0.218,10.0,5.1,0.6,2.2,2047,1100,RTK FLOAT
11.060,070323.20,10.48525900,76.44418100,10.48525878,76.44418100,658051.249,1159427.490,107.60,658051.225,1159427.452,131.2,1,658051.359,1159428.035,10.48526133,76.44418417,0.332,-0.218,10.0,5.1,-0.5,2.3,2047,1100,RTK FLOAT
11.115,070323.20,10.48525900,76.44418100,10.48525887,76.44418100,658051.249,1159427.490,107.60,658051.234,1159427.468,131.2,1,658051.359,1159428.035,10.48526133,76.44418417,0.332,-0.218,10.0,5.1,0.0,1.8,2047,1100,RTK FLOAT
11.160,070323.40,10.48525900,76.44418100,10.48525892,76.44418100,658051.249,1159427.490,107.60,658051.240,1159427.477,110.5,1,658051.359,1159428.035,10.48526133,76.44418417,0.335,-0.208,10.0,5.3,0.5,2.2,2047,1100,RTK FLOAT
11.214,070323.40,10.48525900,76.44418100,10.48525895,76.44418100,658051.249,1159427.490,107.60,658051.244,1159427.482,110.5,1,658051.359,1159428.035,10.48526133,76.44418417,0.335,-0.208,10.0,5.3,0.0,2.3,2047,1100,RTK FLOAT
11.260,070323.40,10.48525900,76.44418100,10.48525897,76.44418100,658051.249,1159427.490,107.60,658051.246,1159427.485,110.5,1,658051.359,1159428.035,10.48526133,76.44418417,0.335,-0.208,10.0,5.3,0.0,2.2,2047,1100,RTK FLOAT
11.314,070323.40,10.48525900,76.44418100,10.48525898,76.44418100,658051.249,1159427.490,107.60,658051.247,1159427.487,110.5,1,658051.359,1159428.035,10.48526133,76.44418417,0.335,-0.208,10.0,5.3,0.0,2.3,2047,1100,RTK FLOAT
11.360,070323.40,10.48525900,76.44418100,10.48525899,76.44418100,658051.249,1159427.490,107.60,658051.248,1159427.488,110.5,1,658051.359,1159428.035,10.48526133,76.44418417,0.335,-0.208,10.0,5.3,0.0,2.2,2047,1100,RTK FLOAT
11.414,070323.40,10.48525900,76.44418100,10.48525899,76.44418100,658051.249,1159427.490,107.60,658051.249,1159427.489,110.5,1,658051.359,1159428.035,10.48526133,76.44418417,0.335,-0.208,10.0,5.3,0.0,1.9,2047,1100,RTK FLOAT
11.461,070323.60,10.48525900,76.44418200,10.48525900,76.44418140,658051.243,1159427.426,107.60,658051.246,1159427.464,110.5,1,658051.359,1159428.035,10.48526133,76.44418417,0.337,-0.202,10.0,5.4,-0.5,2.1,2047,1104,RTK FLOAT
11.515,070323.60,10.48525900,76.44418200,10.48525900,76.44418164,658051.243,1159427.426,107.60,658051.245,1159427.448,110.5,1,658051.359,1159428.035,10.48526133,76.44418417,0.337,-0.202,10.0,5.4,0.5,2.3,2047,1104,RTK FLOAT
11.560,070323.60,10.48525900,76.44418200,10.48525900,76.44418178,658051.243,1159427.426,107.60,658051.244,1159427.439,110.5,1,658051.359,1159428.035,10.48526133,76.44418417,0.337,-0.202,10.0,5.4,-0.5,2.2,2047,1104,RTK FLOAT
11.614,070323.60,10.48525900,76.44418200,10.48525900,76.44418187,658051.243,1159427.426,107.60,658051.244,1159427.434,110.5,1,658051.359,1159428.035,10.48526133,76.44418417,0.337,-0.202,10.0,5.4,0.0,2.3,2047,1104,RTK FLOAT
11.668,070323.80,10.48525900,76.44418200,10.48525900,76.44418192,658051.243,1159427.426,107.60,658051.243,1159427.431,110.5,1,658051.359,1159428.035,10.48526133,76.44418417,0.338,-0.198,10.0,5.5,0.0,1.8,2047,1120,RTK FLOAT
11.714,070323.80,10.48525900,76.44418200,10.48525900,76.44418195,658051.243,1159427.426,107.60,658051.243,1159427.429,110.5,1,658051.359,1159428.035,10.48526133,76.44418417,0.338,-0.198,10.0,5.5,0.5,2.2,2047,1120,RTK FLOAT
11.768,070323.80,10.48525900,76.44418200,10.48525900,76.44418197,658051.243,1159427.426,107.60,658051.243,1159427.427,110.5,1,658051.359,1159428.035,10.48526133,76.44418417,0.338,-0.198,10.0,5.5,0.0,2.3,2047,1120,RTK FLOAT
11.815,070323.80,10.48525900,76.44418200,10.48525900,76.44418198,658051.243,1159427.426,107.60,658051.243,1159427.427,110.5,1,658051.359,1159428.035,10.48526133,76.44418417,0.338,-0.198,10.0,5.5,0.0,2.7,2047,1120,RTK FLOAT
11.870,070324.00,10.48525900,76.44418200,10.48525900,76.44418199,658051.243,1159427.426,107.60,658051.243,1159427.426,110.5,1,658051.359,1159428.035,10.48526133,76.44418417,0.339,-0.195,10.0,5.5,0.0,2.7,2047,1130,RTK FLOAT
11.914,070324.00,10.48525900,76.44418200,10.48525900,76.44418199,658051.243,1159427.426,107.60,658051.243,1159427.426,110.5,1,658051.359,1159428.035,10.48526133,76.44418417,0.339,-0.195,10.0,5.5,0.0,2.8,2047,1130,RTK FLOAT
11.968,070324.00,10.48525900,76.44418200,10.48525900,76.44418200,658051.243,1159427.426,107.60,658051.243,1159427.426,110.5,1,658051.359,1159428.035,10.48526133,76.44418417,0.339,-0.195,10.0,5.5,0.0,2.8,2047,1130,RTK FLOAT
12.015,070324.00,10.48525900,76.44418200,10.48525900,76.44418200,658051.243,1159427.426,107.60,658051.243,1159427.426,110.5,1,658051.359,1159428.035,10.48526133,76.44418417,0.339,-0.195,10.0,5.5,-0.5,2.2,2047,1130,RTK FLOAT
12.069,070324.20,10.48525900,76.44418300,10.48525900,76.44418240,658051.352,1159427.426,107.60,658051.287,1159427.426,110.5,1,658051.359,1159428.035,10.48526133,76.44418417,0.345,-0.175,10.0,5.9,0.0,3.2,2047,1217,RTK FLOAT
12.115,070324.20,10.48525900,76.44418300,10.48525900,76.44418264,658051.352,1159427.426,107.60,658051.313,1159427.426,110.5,1,658051.359,1159428.035,10.48526133,76.44418417,0.345,-0.175,10.0,5.9,0.0,2.7,2047,1217,RTK FLOAT
12.169,070324.40,10.48525900,76.44418300,10.48525900,76.44418278,658051.352,1159427.426,107.60,658051.329,1159427.426,77.2,1,658051.359,1159428.035,10.48526133,76.44418417,0.356,0.057,8.5,10.0,0.0,3.7,1746,1667,RTK FLOAT
12.223,070324.40,10.48525900,76.44418300,10.48525900,76.44418287,658051.352,1159427.426,107.60,658051.338,1159427.426,77.2,1,658051.359,1159428.035,10.48526133,76.44418417,0.356,0.057,8.5,10.0,0.0,3.7,1746,2047,RTK FLOAT
12.269,070324.40,10.48525900,76.44418300,10.48525900,76.44418292,658051.352,1159427.426,107.60,658051.344,1159427.426,77.2,1,658051.359,1159428.035,10.48526133,76.44418417,0.356,0.057,8.5,10.0,0.5,4.9,1746,2047,RTK FLOAT
12.323,070324.40,10.48525900,76.44418300,10.48525900,76.44418295,658051.352,1159427.426,107.60,658051.347,1159427.426,77.2,1,658051.359,1159428.035,10.48526133,76.44418417,0.356,0.057,8.5,10.0,-0.5,5.6,1746,2047,RTK FLOAT
12.369,070324.40,10.48525900,76.44418300,10.48525900,76.44418297,658051.352,1159427.426,107.60,658051.349,1159427.426,77.2,1,658051.359,1159428.035,10.48526133,76.44418417,0.356,0.057,8.5,10.0,0.5,6.5,1746,2047,RTK FLOAT
12.422,070324.40,10.48525900,76.44418300,10.48525900,76.44418298,658051.352,1159427.426,107.60,658051.350,1159427.426,77.2,1,658051.359,1159428.035,10.48526133,76.44418417,0.356,0.057,8.5,10.0,-0.5,8.9,1746,2047,RTK FLOAT
12.470,070324.60,10.48525900,76.44418400,10.48525900,76.44418339,658051.250,1159427.418,107.60,658051.310,1159427.423,77.2,1,658051.359,1159428.035,10.48526133,76.44418417,0.359,0.092,7.7,10.0,0.0,10.6,1582,2047,RTK FLOAT
12.522,070324.60,10.48525900,76.44418400,10.48525900,76.44418363,658051.250,1159427.418,107.60,658051.286,1159427.421,77.2,1,658051.359,1159428.035,10.48526133,76.44418417,0.359,0.092,7.7,10.0,0.0,11.3,1582,2047,RTK FLOAT
12.569,070324.60,10.48525900,76.44418400,10.48525900,76.44418378,658051.250,1159427.418,107.60,658051.271,1159427.420,77.2,1,658051.359,1159428.035,10.48526133,76.44418417,0.359,0.092,7.7,10.0,0.0,12.8,1582,2047,RTK FLOAT
12.623,070324.60,10.48525900,76.44418400,10.48525900,76.44418387,658051.250,1159427.418,107.60,658051.263,1159427.419,77.2,1,658051.359,1159428.035,10.48526133,76.44418417,0.359,0.092,7.7,10.0,0.0,13.4,1582,2047,RTK FLOAT
12.670,070324.80,10.48525900,76.44418400,10.48525900,76.44418392,658051.250,1159427.418,107.60,658051.258,1159427.419,77.2,1,658051.359,1159428.035,10.48526133,76.44418417,0.360,0.092,7.7,10.0,0.0,13.9,1581,2047,RTK FLOAT
12.722,070324.80,10.48525900,76.44418400,10.48525900,76.44418395,658051.250,1159427.418,107.60,658051.254,1159427.418,77.2,1,658051.359,1159428.035,10.48526133,76.44418417,0.360,0.092,7.7,10.0,0.0,14.2,1581,2047,RTK FLOAT
12.777,070324.80,10.48525900,76.44418400,10.48525900,76.44418397,658051.250,1159427.418,107.60,658051.253,1159427.418,77.2,1,658051.359,1159428.035,10.48526133,76.44418417,0.360,0.092,7.7,10.0,0.5,15.6,1581,2047,RTK FLOAT
12.823,070324.80,10.48525900,76.44418400,10.48525900,76.44418398,658051.250,1159427.418,107.60,658051.251,1159427.418,77.2,1,658051.359,1159428.035,10.48526133,76.44418417,0.360,0.092,7.7,10.0,-0.5,16.4,1581,2047,RTK FLOAT
12.878,070325.00,10.48526000,76.44418500,10.48525940,76.44418439,658051.359,1159427.529,107.90,658051.294,1159427.463,77.2,1,658051.359,1159428.035,10.48526133,76.44418417,0.356,0.114,8.3,10.0,0.0,16.3,1689,2047,RTK FIXED
12.923,070325.00,10.48526000,76.44418500,10.48525964,76.44418463,658051.359,1159427.529,107.90,658051.320,1159427.489,77.2,1,658051.359,1159428.035,10.48526133,76.44418417,0.356,0.114,8.3,10.0,0.5,17.0,1689,2047,RTK FIXED
12.978,070325.20,10.48526000,76.44418500,10.48525978,76.44418478,658051.359,1159427.529,107.90,658051.335,1159427.505,77.2,1,658051.359,1159428.035,10.48526133,76.44418417,0.353,0.131,8.0,10.0,-0.5,17.4,1637,2047,RTK FIXED
13.023,070325.20,10.48526000,76.44418500,10.48525987,76.44418487,658051.359,1159427.529,107.90,658051.345,1159427.515,77.2,1,658051.359,1159428.035,10.48526133,76.44418417,0.353,0.131,8.0,10.0,0.0,17.8,1637,2047,RTK FIXED
13.077,070325.20,10.48526000,76.44418500,10.48525992,76.44418492,658051.359,1159427.529,107.90,658051.350,1159427.521,77.2,1,658051.359,1159428.035,10.48526133,76.44418417,0.353,0.131,8.0,10.0,0.0,17.4,1637,2047,RTK FIXED
13.123,070325.20,10.48526000,76.44418500,10.48525995,76.44418495,658051.359,1159427.529,107.90,658051.354,1159427.524,77.2,1,658051.359,1159428.035,10.48526133,76.44418417,0.353,0.131,8.0,10.0,0.0,17.9,1637,2047,RTK FIXED
13.178,070325.40,10.48526000,76.44418500,10.48525997,76.44418497,658051.359,1159427.529,107.90,658051.356,1159427.526,75.0,1,658051.359,1159428.035,10.48526133,76.44418417,0.347,0.157,7.6,10.0,0.0,17.9,1556,2047,RTK FIXED
13.223,070325.40,10.48526000,76.44418500,10.48525998,76.44418498,658051.359,1159427.529,107.90,658051.357,1159427.527,75.0,1,658051.359,1159428.035,10.48526133,76.44418417,0.347,0.157,7.6,10.0,0.5,17.6,1556,2047,RTK FIXED
13.278,070325.40,10.48526000,76.44418500,10.48525999,76.44418499,658051.359,1159427.529,107.90,658051.358,1159427.528,75.0,1,658051.359,1159428.035,10.48526133,76.44418417,0.347,0.157,7.6,10.0,0.0,17.9,1556,2047,RTK FIXED
13.324,070325.40,10.48526000,76.44418500,10.48525999,76.44418499,658051.359,1159427.529,107.90,658051.358,1159427.528,75.0,1,658051.359,1159428.035,10.48526133,76.44418417,0.347,0.157,7.6,10.0,-0.5,17.5,1556,2047,RTK FIXED
13.378,070325.40,10.48526000,76.44418500,10.48526000,76.44418500,658051.359,1159427.529,107.90,658051.358,1159427.529,75.0,1,658051.359,1159428.035,10.48526133,76.44418417,0.347,0.157,7.6,10.0,0.5,18.1,1556,2047,RTK FIXED
13.431,070325.40,10.48526000,76.44418500,10.48526000,76.44418500,658051.359,1159427.529,107.90,658051.358,1159427.529,75.0,1,658051.359,1159428.035,10.48526133,76.44418417,0.347,0.157,7.6,10.0,-0.5,17.7,1556,2047,RTK FIXED
13.478,070325.60,10.48526100,76.44418500,10.48526040,76.44418500,658051.345,1159427.644,107.90,658051.353,1159427.575,75.0,1,658051.359,1159428.035,10.48526133,76.44418417,0.344,0.171,7.4,10.0,0.5,17.6,1514,2047,RTK FIXED
13.531,070325.60,10.48526100,76.44418500,10.48526064,76.44418500,658051.345,1159427.644,107.90,658051.350,1159427.602,75.0,1,658051.359,1159428.035,10.48526133,76.44418417,0.344,0.171,7.4,10.0,0.0,17.4,1514,2047,RTK FIXED
13.578,070325.60,10.48526100,76.44418500,10.48526078,76.44418500,658051.345,1159427.644,107.90,658051.348,1159427.619,75.0,1,658051.359,1159428.035,10.48526133,76.44418417,0.344,0.171,7.4,10.0,-0.5,17.7,1514,2047,RTK FIXED
13.632,070325.60,10.48526100,76.44418500,10.48526087,76.44418500,658051.345,1159427.644,107.90,658051.346,1159427.629,75.0,1,658051.359,1159428.035,10.48526133,76.44418417,0.344,0.171,7.4,10.0,0.0,17.7,1514,2047,RTK FIXED
13.678,070325.80,10.48526100,76.44418500,10.48526092,76.44418500,658051.345,1159427.644,107.90,658051.346,1159427.635,78.9,1,658051.359,1159428.035,10.48526133,76.44418417,0.338,0.152,7.6,10.0,0.0,17.7,1559,2047,RTK FIXED
13.732,070325.80,10.48526100,76.44418500,10.48526095,76.44418500,658051.345,1159427.644,107.90,658051.345,1159427.638,78.9,1,658051.359,1159428.035,10.48526133,76.44418417,0.338,0.152,7.6,10.0,0.0,17.7,1559,2047,RTK FIXED
13.778,070325.80,10.48526100,76.44418500,10.48526097,76.44418500,658051.345,1159427.644,107.90,658051.345,1159427.640,78.9,1,658051.359,1159428.035,10.48526133,76.44418417,0.338,0.152,7.6,10.0,0.0,17.7,1559,2047,RTK FIXED
13.832,070325.80,10.48526100,76.44418500,10.48526098,76.44418500,658051.345,1159427.644,107.90,658051.345,1159427.642,78.9,1,658051.359,1159428.035,10.48526133,76.44418417,0.338,0.152,7.6,10.0,0.5,17.7,1559,2047,RTK FIXED
13.878,070326.00,10.48526100,76.44418500,10.48526099,76.44418500,658051.369,1159427.637,108.00,658051.355,1159427.640,78.9,1,658051.359,1159428.035,10.48526133,76.44418417,0.323,0.156,7.5,10.0,0.0,17.7,1529,2047,RTK FIXED
13.932,070326.00,10.48526100,76.44418500,10.48526099,76.44418500,658051.369,1159427.637,108.00,658051.360,1159427.639,78.9,1,658051.359,1159428.035,10.48526133,76.44418417,0.323,0.156,7.5,10.0,0.0,17.3,1529,2047,RTK FIXED
13.989,070326.20,10.48526200,76.44418500,10.48526140,76.44418500,658051.368,1159427.748,107.90,658051.364,1159427.682,78.9,2,658050.825,1159428.954,10.48526967,76.44417933,0.332,0.206,6.9,10.0,-0.4,17.2,1405,2047,RTK FIXED
14.032,070326.20,10.48526200,76.44418500,10.48526164,76.44418500,658051.368,1159427.748,107.90,658051.366,1159427.709,78.9,2,658050.825,1159428.954,10.48526967,76.44417933,0.332,0.206,6.9,10.0,0.6,17.9,1405,2047,RTK FIXED
14.086,070326.20,10.48526200,76.44418500,10.48526178,76.44418500,658051.368,1159427.748,107.90,658051.367,1159427.724,78.9,2,658050.825,1159428.954,10.48526967,76.44417933,0.332,0.206,6.9,10.0,-0.5,17.6,1405,2047,RTK FIXED
14.133,070326.20,10.48526200,76.44418500,10.48526187,76.44418500,658051.368,1159427.748,107.90,658051.367,1159427.734,78.9,2,658050.825,1159428.954,10.48526967,76.44417933,0.332,0.206,6.9,10.0,0.0,17.5,1405,2047,RTK FIXED
14.187,070326.40,10.48526200,76.44418500,10.48526192,76.44418500,658051.368,1159427.748,108.00,658051.368,1159427.739,79.0,2,658050.825,1159428.954,10.48526967,76.44417933,0.332,0.216,6.7,10.0,0.0,17.8,1379,2047,RTK FIXED
14.232,070326.40,10.48526200,76.44418500,10.48526195,76.44418500,658051.368,1159427.748,108.00,658051.368,1159427.743,79.0,2,658050.825,1159428.954,10.48526967,76.44417933,0.332,0.216,6.7,10.0,0.5,17.6,1379,2047,RTK FIXED
14.286,070326.40,10.48526200,76.44418500,10.48526197,76.44418500,658051.368,1159427.748,108.00,658051.368,1159427.745,79.0,2,658050.825,1159428.954,10.48526967,76.44417933,0.332,0.216,6.7,10.0,0.0,17.0,1379,2047,RTK FIXED
14.332,070326.40,10.48526200,76.44418500,10.48526198,76.44418500,658051.368,1159427.748,108.00,658051.368,1159427.746,79.0,2,658050.825,1159428.954,10.48526967,76.44417933,0.332,0.216,6.7,10.0,0.0,17.5,1379,2047,RTK FIXED
14.386,070326.40,10.48526200,76.44418500,10.48526199,76.44418500,658051.368,1159427.748,108.00,658051.368,1159427.747,79.0,2,658050.825,1159428.954,10.48526967,76.44417933,0.332,0.216,6.7,10.0,-0.5,17.6,1379,2047,RTK FIXED
14.434,070326.40,10.48526200,76.44418500,10.48526199,76.44418500,658051.368,1159427.748,108.00,658051.368,1159427.747,79.0,2,658050.825,1159428.954,10.48526967,76.44417933,0.332,0.216,6.7,10.0,0.0,17.5,1379,2047,RTK FIXED
14.487,070326.60,10.48526200,76.44418500,10.48526200,76.44418500,658051.369,1159427.748,108.00,658051.369,1159427.747,79.0,2,658050.825,1159428.954,10.48526967,76.44417933,0.332,0.218,6.7,10.0,0.5,16.8,1373,2047,RTK FIXED
14.532,070326.60,10.48526200,76.44418500,10.48526200,76.44418500,658051.369,1159427.748,108.00,658051.369,1159427.747,79.0,2,658050.825,1159428.954,10.48526967,76.44417933,0.332,0.218,6.7,10.0,-0.6,17.7,1373,2047,RTK FIXED
14.586,070326.60,10.48526200,76.44418500,10.48526200,76.44418500,658051.369,1159427.748,108.00,658051.369,1159427.748,79.0,2,658050.825,1159428.954,10.48526967,76.44417933,0.332,0.218,6.7,10.0,0.5,17.0,1373,2047,RTK FIXED
14.640,070326.60,10.48526200,76.44418500,10.48526200,76.44418500,658051.369,1159427.748,108.00,658051.369,1159427.748,79.0,2,658050.825,1159428.954,10.48526967,76.44417933,0.332,0.218,6.7,10.0,0.0,17.2,1373,2047,RTK FIXED
14.687,070326.80,10.48526200,76.44418500,10.48526200,76.44418500,658051.369,1159427.748,108.00,658051.369,1159427.748,79.0,2,658050.825,1159428.954,10.48526967,76.44417933,0.332,0.218,6.7,10.0,0.0,17.7,1372,2047,RTK FIXED
14.740,070326.80,10.48526200,76.44418500,10.48526200,76.44418500,658051.369,1159427.748,108.00,658051.369,1159427.748,79.0,2,658050.825,1159428.954,10.48526967,76.44417933,0.332,0.218,6.7,10.0,0.0,17.5,1372,2047,RTK FIXED
14.787,070326.80,10.48526200,76.44418500,10.48526200,76.44418500,658051.369,1159427.748,108.00,658051.369,1159427.748,79.0,2,658050.825,1159428.954,10.48526967,76.44417933,0.332,0.218,6.7,10.0,-0.5,17.0,1372,2047,RTK FIXED
14.841,070326.80,10.48526200,76.44418500,10.48526200,76.44418500,658051.369,1159427.748,108.00,658051.369,1159427.748,79.0,2,658050.825,1159428.954,10.48526967,76.44417933,0.332,0.218,6.7,10.0,0.0,17.0,1372,2047,RTK FIXED
14.887,070327.00,10.48526300,76.44418500,10.48526240,76.44418500,658051.368,1159427.858,108.00,658051.369,1159427.792,81.4,2,658050.825,1159428.954,10.48526967,76.44417933,0.332,0.218,6.7,10.0,0.5,17.9,1372,2047,RTK FIXED
14.941,070327.00,10.48526300,76.44418500,10.48526264,76.44418500,658051.368,1159427.858,108.00,658051.369,1159427.818,81.4,2,658050.825,1159428.954,10.48526967,76.44417933,0.332,0.218,6.7,10.0,0.0,16.8,1372,2047,RTK FIXED
14.987,070327.20,10.48526300,76.44418500,10.48526278,76.44418500,658051.384,1159427.855,108.00,658051.375,1159427.833,81.4,2,658050.825,1159428.954,10.48526967,76.44417933,0.332,0.218,6.7,10.0,-0.5,17.7,1372,2047,RTK FIXED
15.041,070327.20,10.48526300,76.44418500,10.48526287,76.44418500,658051.384,1159427.855,108.00,658051.378,1159427.842,81.4,2,658050.825,1159428.954,10.48526967,76.44417933,0.332,0.218,6.7,10.0,0.0,17.4,1372,2047,RTK FIXED
15.087,070327.20,10.48526300,76.44418500,10.48526292,76.44418500,658051.384,1159427.855,108.00,658051.380,1159427.847,81.4,2,658050.825,1159428.954,10.48526967,76.44417933,0.332,0.218,6.7,10.0,0.5,17.2,1372,2047,RTK FIXED
15.141,070327.20,10.48526300,76.44418500,10.48526295,76.44418500,658051.384,1159427.855,108.00,658051.382,1159427.850,81.4,2,658050.825,1159428.954,10.48526967,76.44417933,0.332,0.218,6.7,10.0,-0.5,17.7,1372,2047,RTK FIXED
15.195,070327.40,10.48526300,76.44418500,10.48526297,76.44418500,658051.384,1159427.855,108.00,658051.382,1159427.852,81.4,2,658050.825,1159428.954,10.48526967,76.44417933,0.332,0.218,6.7,10.0,0.5,17.5,1372,2047,RTK FIXED
15.240,070327.40,10.48526300,76.44418500,10.48526298,76.44418500,658051.384,1159427.855,108.00,658051.383,1159427.854,81.4,2,658050.825,1159428.954,10.48526967,76.44417933,0.332,0.218,6.7,10.0,0.0,17.7,1372,2047,RTK FIXED
15.295,070327.40,10.48526300,76.44418500,10.48526299,76.44418500,658051.384,1159427.855,108.00,658051.383,1159427.854,81.4,2,658050.825,1159428.954,10.48526967,76.44417933,0.332,0.218,6.7,10.0,0.0,17.4,1372,2047,RTK FIXED
15.341,070327.40,10.48526300,76.44418500,10.48526299,76.44418500,658051.384,1159427.855,108.00,658051.383,1159427.855,81.4,2,658050.825,1159428.954,10.48526967,76.44417933,0.332,0.218,6.7,10.0,-0.5,17.3,1372,2047,RTK FIXED
15.395,070327.60,10.48526400,76.44418500,10.48526340,76.44418500,658051.383,1159427.966,108.00,658051.383,1159427.899,81.9,2,658050.825,1159428.954,10.48526967,76.44417933,0.332,0.218,6.7,10.0,0.0,17.5,1372,2047,RTK FIXED
15.441,070327.60,10.48526400,76.44418500,10.48526364,76.44418500,658051.383,1159427.966,108.00,658051.383,1159427.926,81.9,2,658050.825,1159428.954,10.48526967,76.44417933,0.332,0.218,6.7,10.0,0.5,17.5,1372,2047,RTK FIXED
15.495,070327.60,10.48526400,76.44418500,10.48526378,76.44418500,658051.383,1159427.966,108.00,658051.383,1159427.942,81.9,2,658050.825,1159428.954,10.48526967,76.44417933,0.332,0.218,6.7,10.0,0.0,17.6,1372,2047,RTK FIXED
15.541,070327.60,10.48526400,76.44418500,10.48526387,76.44418500,658051.383,1159427.966,108.00,658051.383,1159427.951,81.9,2,658050.825,1159428.954,10.48526967,76.44417933,0.332,0.218,6.7,10.0,-0.5,17.4,1372,2047,RTK FIXED
15.595,070327.60,10.48526400,76.44418500,10.48526392,76.44418500,658051.383,1159427.966,108.00,658051.383,1159427.957,81.9,2,658050.825,1159428.954,10.48526967,76.44417933,0.332,0.218,6.7,10.0,0.0,17.6,1372,2047,RTK FIXED
15.641,070327.60,10.48526400,76.44418500,10.48526395,76.44418500,658051.383,1159427.966,108.00,658051.383,1159427.961,81.9,2,658050.825,1159428.954,10.48526967,76.44417933,0.332,0.218,6.7,10.0,0.5,17.9,1372,2047,RTK FIXED
15.696,070327.80,10.48526400,76.44418500,10.48526397,76.44418500,658051.386,1159427.965,108.00,658051.384,1159427.962,81.9,2,658050.825,1159428.954,10.48526967,76.44417933,0.332,0.218,6.7,10.0,0.0,17.5,1372,2047,RTK FIXED
15.749,070327.80,10.48526400,76.44418500,10.48526398,76.44418500,658051.386,1159427.965,108.00,658051.385,1159427.964,81.9,2,658050.825,1159428.954,10.48526967,76.44417933,0.332,0.218,6.7,10.0,0.0,17.8,1372,2047,RTK FIXED
15.795,070327.80,10.48526400,76.44418500,10.48526399,76.44418500,658051.386,1159427.965,108.00,658051.386,1159427.964,81.9,2,658050.825,1159428.954,10.48526967,76.44417933,0.332,0.218,6.7,10.0,0.0,17.4,1372,2047,RTK FIXED
15.850,070327.80,10.48526400,76.44418500,10.48526399,76.44418500,658051.386,1159427.965,108.00,658051.386,1159427.965,81.9,2,658050.825,1159428.954,10.48526967,76.44417933,0.332,0.218,6.7,10.0,-0.5,17.8,1372,2047,RTK FIXED
15.896,070328.00,10.48526400,76.44418500,10.48526400,76.44418500,658051.386,1159427.965,108.00,658051.386,1159427.965,81.9,2,658050.825,1159428.954,10.48526967,76.44417933,0.332,0.218,6.7,10.0,0.0,18.0,1372,2047,RTK FIXED
15.950,070328.00,10.48526400,76.44418500,10.48526400,76.44418500,658051.386,1159427.965,108.00,658051.386,1159427.965,81.9,2,658050.825,1159428.954,10.48526967,76.44417933,0.332,0.218,6.7,10.0,0.0,18.1,1372,2047,RTK FIXED
15.996,070328.20,10.48526500,76.44418500,10.48526440,76.44418500,658051.386,1159428.076,108.00,658051.386,1159428.009,83.6,2,658050.825,1159428.954,10.48526967,76.44417933,0.332,0.218,6.7,10.0,0.5,17.7,1372,2047,RTK FIXED
16.054,070328.20,10.48526500,76.44418500,10.48526464,76.44418500,658051.386,1159428.076,108.00,658051.386,1159428.036,83.6,2,658050.825,1159428.954,10.48526967,76.44417933,0.332,0.218,6.7,10.0,0.0,19.3,1372,2047,RTK FIXED
16.095,070328.20,10.48526500,76.44418500,10.48526478,76.44418500,658051.386,1159428.076,108.00,658051.386,1159428.052,83.6,2,658050.825,1159428.954,10.48526967,76.44417933,0.332,0.218,6.7,10.0,-0.5,16.8,1372,2047,RTK FIXED
16.150,070328.20,10.48526500,76.44418500,10.48526487,76.44418500,658051.386,1159428.076,108.00,658051.386,1159428.062,83.6,2,658050.825,1159428.954,10.48526967,76.44417933,0.332,0.218,6.7,10.0,0.5,18.0,1372,2047,RTK FIXED
16.195,070328.40,10.48526500,76.44418400,10.48526492,76.44418460,658051.287,1159428.074,108.00,658051.346,1159428.066,83.6,2,658050.825,1159428.954,10.48526967,76.44417933,0.332,0.218,6.7,10.0,-0.5,18.0,1372,2047,RTK FIXED
16.250,070328.40,10.48526500,76.44418400,10.48526495,76.44418436,658051.287,1159428.074,108.00,658051.323,1159428.069,83.6,2,658050.825,1159428.954,10.48526967,76.44417933,0.332,0.218,6.7,10.0,0.0,17.9,1372,2047,RTK FIXED
16.303,070328.40,10.48526500,76.44418400,10.48526497,76.44418422,658051.287,1159428.074,108.00,658051.308,1159428.071,83.6,2,658050.825,1159428.954,10.48526967,76.44417933,0.332,0.218,6.7,10.0,0.0,18.1,1372,2047,RTK FIXED
16.350,070328.40,10.48526500,76.44418400,10.48526498,76.44418413,658051.287,1159428.074,108.00,658051.300,1159428.072,83.6,2,658050.825,1159428.954,10.48526967,76.44417933,0.332,0.218,6.7,10.0,0.5,17.8,1372,2047,RTK FIXED
16.404,070328.40,10.48526500,76.44418400,10.48526499,76.44418408,658051.287,1159428.074,108.00,658051.295,1159428.073,83.6,2,658050.825,1159428.954,10.48526967,76.44417933,0.332,0.218,6.7,10.0,0.0,18.2,1372,2047,RTK FIXED
16.450,070328.40,10.48526500,76.44418400,10.48526499,76.44418405,658051.287,1159428.074,108.00,658051.292,1159428.073,83.6,2,658050.825,1159428.954,10.48526967,76.44417933,0.332,0.218,6.7,10.0,0.0,17.9,1372,2047,RTK FIXED
16.504,070328.60,10.48526500,76.44418400,10.48526500,76.44418403,658051.287,1159428.074,108.00,658051.290,1159428.073,100.5,2,658050.825,1159428.954,10.48526967,76.44417933,0.351,0.159,7.6,10.0,0.0,18.0,1557,2047,RTK FIXED
16.550,070328.60,10.48526500,76.44418400,10.48526500,76.44418402,658051.287,1159428.074,108.00,658051.289,1159428.073,100.5,2,658050.825,1159428.954,10.48526967,76.44417933,0.351,0.159,7.6,10.0,-0.5,18.0,1557,2047,RTK FIXED
16.604,070328.60,10.48526500,76.44418400,10.48526500,76.44418401,658051.287,1159428.074,108.00,658051.288,1159428.074,100.5,2,658050.825,1159428.954,10.48526967,76.44417933,0.351,0.159,7.6,10.0,0.0,18.2,1557,2047,RTK FIXED
16.650,070328.60,10.48526500,76.44418400,10.48526500,76.44418401,658051.287,1159428.074,108.00,658051.288,1159428.074,100.5,2,658050.825,1159428.954,10.48526967,76.44417933,0.351,0.159,7.6,10.0,0.5,17.8,1557,2047,RTK FIXED
16.704,070328.80,10.48526500,76.44418400,10.48526500,76.44418400,658051.396,1159428.075,108.00,658051.331,1159428.074,100.5,2,658050.825,1159428.954,10.48526967,76.44417933,0.347,0.163,7.5,10.0,-0.5,18.4,1541,2047,RTK FIXED
16.750,070328.80,10.48526500,76.44418400,10.48526500,76.44418400,658051.396,1159428.075,108.00,658051.357,1159428.074,100.5,2,658050.825,1159428.954,10.48526967,76.44417933,0.347,0.163,7.5,10.0,0.0,18.2,1541,2047,RTK FIXED
16.804,070328.80,10.48526500,76.44418400,10.48526500,76.44418400,658051.396,1159428.075,108.00,658051.373,1159428.074,100.5,2,658050.825,1159428.954,10.48526967,76.44417933,0.347,0.163,7.5,10.0,0.5,17.9,1541,2047,RTK FIXED
16.858,070328.80,10.48526500,76.44418400,10.48526500,76.44418400,658051.396,1159428.075,108.00,658051.382,1159428.074,100.5,2,658050.825,1159428.954,10.48526967,76.44417933,0.347,0.163,7.5,10.0,0.0,18.3,1541,2047,RTK FIXED
16.904,070329.00,10.48526600,76.44418400,10.48526540,76.44418400,658051.396,1159428.185,108.00,658051.387,1159428.119,100.5,2,658050.825,1159428.954,10.48526967,76.44417933,0.340,0.184,7.2,10.0,-0.5,18.5,1475,2047,RTK FIXED
16.959,070329.20,10.48526600,76.44418400,10.48526564,76.44418400,658051.396,1159428.185,108.00,658051.391,1159428.145,88.0,2,658050.825,1159428.954,10.48526967,76.44417933,0.332,0.211,6.8,10.0,0.5,18.4,1390,2047,RTK FIXED
17.004,070329.20,10.48526600,76.44418400,10.48526578,76.44418400,658051.396,1159428.185,108.00,658051.393,1159428.161,88.0,2,658050.825,1159428.954,10.48526967,76.44417933,0.332,0.211,6.8,10.0,-0.6,18.2,1390,2047,RTK FIXED
17.058,070329.20,10.48526600,76.44418400,10.48526587,76.44418400,658051.396,1159428.185,108.00,658051.394,1159428.171,88.0,2,658050.825,1159428.954,10.48526967,76.44417933,0.332,0.211,6.8,10.0,0.0,18.1,1390,2047,RTK FIXED
17.103,070329.20,10.48526600,76.44418400,10.48526592,76.44418400,658051.396,1159428.185,108.00,658051.394,1159428.177,88.0,2,658050.825,1159428.954,10.48526967,76.44417933,0.332,0.211,6.8,10.0,0.0,18.7,1390,2047,RTK FIXED
17.159,070329.40,10.48526600,76.44418300,10.48526595,76.44418360,658051.205,1159428.181,108.00,658051.319,1159428.178,88.0,2,658050.825,1159428.954,10.48526967,76.44417933,0.332,0.217,6.7,10.0,0.5,18.2,1376,2047,RTK FIXED
17.204,070329.40,10.48526600,76.44418300,10.48526597,76.44418336,658051.205,1159428.181,108.00,658051.273,1159428.179,88.0,2,658050.825,1159428.954,10.48526967,76.44417933,0.332,0.217,6.7,10.0,0.0,17.8,1376,2047,RTK FIXED
17.258,070329.40,10.48526600,76.44418300,10.48526598,76.44418322,658051.205,1159428.181,108.00,658051.246,1159428.180,88.0,2,658050.825,1159428.954,10.48526967,76.44417933,0.332,0.217,6.7,10.0,-0.5,17.8,1376,2047,RTK FIXED
17.305,070329.40,10.48526600,76.44418300,10.48526599,76.44418313,658051.205,1159428.181,108.00,658051.230,1159428.180,88.0,2,658050.825,1159428.954,10.48526967,76.44417933,0.332,0.217,6.7,10.0,0.5,17.8,1376,2047,RTK FIXED
17.358,070329.40,10.48526600,76.44418300,10.48526599,76.44418308,658051.205,1159428.181,108.00,658051.220,1159428.181,88.0,2,658050.825,1159428.954,10.48526967,76.44417933,0.332,0.217,6.7,10.0,0.0,17.3,1376,2047,RTK FIXED
17.404,070329.40,10.48526600,76.44418300,10.48526600,76.44418305,658051.205,1159428.181,108.00,658051.214,1159428.181,88.0,2,658050.825,1159428.954,10.48526967,76.44417933,0.332,0.217,6.7,10.0,-0.5,18.1,1376,2047,RTK FIXED
17.459,070329.60,10.48526600,76.44418300,10.48526600,76.44418303,658051.205,1159428.181,108.00,658051.211,1159428.181,111.5,2,658050.825,1159428.954,10.48526967,76.44417933,0.364,0.089,8.6,10.0,0.0,17.4,1767,2047,RTK FIXED
17.512,070329.60,10.48526600,76.44418300,10.48526600,76.44418302,658051.205,1159428.181,108.00,658051.208,1159428.181,111.5,2,658050.825,1159428.954,10.48526967,76.44417933,0.364,0.089,8.6,10.0,0.0,17.8,1767,2047,RTK FIXED
17.558,070329.60,10.48526600,76.44418300,10.48526600,76.44418301,658051.205,1159428.181,108.00,658051.207,1159428.181,111.5,2,658050.825,1159428.954,10.48526967,76.44417933,0.364,0.089,8.6,10.0,0.5,17.8,1767,2047,RTK FIXED
17.613,070329.60,10.48526600,76.44418300,10.48526600,76.44418301,658051.205,1159428.181,108.00,658051.206,1159428.181,111.5,2,658050.825,1159428.954,10.48526967,76.44417933,0.364,0.089,8.6,10.0,0.0,17.1,1767,2047,RTK FIXED
17.659,070329.80,10.48526600,76.44418300,10.48526600,76.44418300,658051.355,1159428.202,108.00,658051.266,1159428.190,111.5,2,658050.825,1159428.954,10.48526967,76.44417933,0.361,0.082,8.7,10.0,0.0,17.2,1786,2047,RTK FIXED
17.713,070329.80,10.48526600,76.44418300,10.48526600,76.44418300,658051.355,1159428.202,108.00,658051.301,1159428.195,111.5,2,658050.825,1159428.954,10.48526967,76.44417933,0.361,0.082,8.7,10.0,-0.5,17.7,1786,2047,RTK FIXED
17.759,070329.80,10.48526600,76.44418300,10.48526600,76.44418300,658051.355,1159428.202,108.00,658051.323,1159428.198,111.5,2,658050.825,1159428.954,10.48526967,76.44417933,0.361,0.082,8.7,10.0,0.5,18.0,1786,2047,RTK FIXED
17.813,070329.80,10.48526600,76.44418300,10.48526600,76.44418300,658051.355,1159428.202,108.00,658051.335,1159428.200,111.5,2,658050.825,1159428.954,10.48526967,76.44417933,0.361,0.082,8.7,10.0,0.0,17.2,1786,2047,RTK FIXED
17.859,070329.80,10.48526600,76.44418300,10.48526600,76.44418300,658051.355,1159428.202,108.00,658051.343,1159428.201,111.5,2,658050.825,1159428.954,10.48526967,76.44417933,0.361,0.082,8.7,10.0,0.0,17.9,1786,2047,RTK FIXED
17.914,070330.00,10.48526600,76.44418300,10.48526600,76.44418300,658051.355,1159428.202,108.00,658051.348,1159428.201,111.5,2,658050.825,1159428.954,10.48526967,76.44417933,0.360,0.092,8.6,10.0,-0.5,17.3,1755,2047,RTK FIXED
17.958,070330.00,10.48526600,76.44418300,10.48526600,76.44418300,658051.355,1159428.202,108.00,658051.351,1159428.202,111.5,2,658050.825,1159428.954,10.48526967,76.44417933,0.360,0.092,8.6,10.0,0.0,18.4,1755,2047,RTK FIXED
18.013,070330.20,10.48526700,76.44418200,10.48526640,76.44418260,658051.245,1159428.313,108.00,658051.308,1159428.246,111.5,2,658050.825,1159428.954,10.48526967,76.44417933,0.360,0.093,8.6,10.0,0.5,17.9,1753,2047,RTK FIXED
18.070,070330.20,10.48526700,76.44418200,10.48526664,76.44418236,658051.245,1159428.313,108.00,658051.283,1159428.273,111.5,2,658050.825,1159428.954,10.48526967,76.44417933,0.360,0.093,8.6,10.0,-0.4,17.9,1753,2047,RTK FIXED
18.113,070330.20,10.48526700,76.44418200,10.48526678,76.44418222,658051.245,1159428.313,108.00,658051.268,1159428.289,111.5,2,658050.825,1159428.954,10.48526967,76.44417933,0.360,0.093,8.6,10.0,0.0,18.8,1753,2047,RTK FIXED
18.168,070330.40,10.48526700,76.44418200,10.48526687,76.44418213,658051.245,1159428.313,108.00,658051.258,1159428.298,104.2,2,658050.825,1159428.954,10.48526967,76.44417933,0.348,0.143,7.8,10.0,0.0,18.8,1598,2047,RTK FIXED
18.213,070330.40,10.48526700,76.44418200,10.48526692,76.44418208,658051.245,1159428.313,108.00,658051.253,1159428.304,104.2,2,658050.825,1159428.954,10.48526967,76.44417933,0.348,0.143,7.8,10.0,0.0,18.6,1598,2047,RTK FIXED
18.267,070330.40,10.48526700,76.44418200,10.48526695,76.44418205,658051.245,1159428.313,108.00,658051.250,1159428.307,104.2,2,658050.825,1159428.954,10.48526967,76.44417933,0.348,0.143,7.8,10.0,0.0,18.0,1598,2047,RTK FIXED
18.313,070330.40,10.48526700,76.44418200,10.48526697,76.44418203,658051.245,1159428.313,108.00,658051.248,1159428.309,104.2,2,658050.825,1159428.954,10.48526967,76.44417933,0.348,0.143,7.8,10.0,0.0,17.4,1598,2047,RTK FIXED
18.367,070330.40,10.48526700,76.44418200,10.48526698,76.44418202,658051.245,1159428.313,108.00,658051.247,1159428.311,104.2,2,658050.825,1159428.954,10.48526967,76.44417933,0.348,0.143,7.8,10.0,0.5,17.6,1598,2047,RTK FIXED
18.413,070330.40,10.48526700,76.44418200,10.48526699,76.44418201,658051.245,1159428.313,108.00,658051.246,1159428.311,104.2,2,658050.825,1159428.954,10.48526967,76.44417933,0.348,0.143,7.8,10.0,-0.5,17.4,1598,2047,RTK FIXED
18.468,070330.60,10.48526700,76.44418200,10.48526699,76.44418201,658051.200,1159428.299,108.00,658051.227,1159428.307,104.2,2,658050.825,1159428.954,10.48526967,76.44417933,0.351,0.143,7.8,10.0,0.0,17.8,1600,2047,RTK FIXED
18.514,070330.60,10.48526700,76.44418200,10.48526700,76.44418200,658051.200,1159428.299,108.00,658051.216,1159428.304,104.2,2,658050.825,1159428.954,10.48526967,76.44417933,0.351,0.143,7.8,10.0,0.5,17.5,1600,2047,RTK FIXED
18.567,070330.60,10.48526700,76.44418200,10.48526700,76.44418200,658051.200,1159428.299,108.00,658051.210,1159428.302,104.2,2,658050.825,1159428.954,10.48526967,76.44417933,0.351,0.143,7.8,10.0,0.0,17.7,1600,2047,RTK FIXED
18.621,070330.60,10.48526700,76.44418200,10.48526700,76.44418200,658051.200,1159428.299,108.00,658051.206,1159428.301,104.2,2,658050.825,1159428.954,10.48526967,76.44417933,0.351,0.143,7.8,10.0,0.0,17.7,1600,2047,RTK FIXED
18.668,070330.80,10.48526700,76.44418100,10.48526700,76.44418160,658051.090,1159428.299,108.00,658051.159,1159428.300,123.3,2,658050.825,1159428.954,10.48526967,76.44417933,0.365,0.003,10.0,10.0,-0.5,17.7,2039,2047,RTK FIXED
18.722,070330.80,10.48526700,76.44418100,10.48526700,76.44418136,658051.090,1159428.299,108.00,658051.132,1159428.300,123.3,2,658050.825,1159428.954,10.48526967,76.44417933,0.365,0.003,10.0,10.0,0.0,17.3,2039,2047,RTK FIXED
18.767,070330.80,10.48526700,76.44418100,10.48526700,76.44418122,658051.090,1159428.299,108.00,658051.115,1159428.299,123.3,2,658050.825,1159428.954,10.48526967,76.44417933,0.365,0.003,10.0,10.0,0.5,17.3,2039,2047,RTK FIXED
18.820,070330.80,10.48526700,76.44418100,10.48526700,76.44418113,658051.090,1159428.299,108.00,658051.105,1159428.299,123.3,2,658050.825,1159428.954,10.48526967,76.44417933,0.365,0.003,10.0,10.0,0.0,17.8,2039,2047,RTK FIXED
18.868,070331.00,10.48526800,76.44418100,10.48526740,76.44418108,658051.203,1159428.456,108.00,658051.144,1159428.362,123.3,2,658050.825,1159428.954,10.48526967,76.44417933,0.366,-0.005,10.0,9.9,0.0,17.5,2047,2030,RTK FIXED
18.922,070331.00,10.48526800,76.44418100,10.48526764,76.44418105,658051.203,1159428.456,108.00,658051.168,1159428.399,123.3,2,658050.825,1159428.954,10.48526967,76.44417933,0.366,-0.005,10.0,9.9,0.0,18.6,2047,2030,RTK FIXED
18.968,070331.20,10.48526800,76.44418100,10.48526778,76.44418103,658051.203,1159428.456,108.00,658051.182,1159428.422,111.2,2,658050.825,1159428.954,10.48526967,76.44417933,0.360,0.073,8.8,10.0,0.0,18.8,1811,2047,RTK FIXED
19.022,070331.20,10.48526800,76.44418100,10.48526787,76.44418102,658051.203,1159428.456,108.00,658051.190,1159428.435,111.2,2,658050.825,1159428.954,10.48526967,76.44417933,0.360,0.073,8.8,10.0,-0.5,20.1,1811,2047,RTK FIXED
19.068,070331.20,10.48526800,76.44418100,10.48526792,76.44418101,658051.203,1159428.456,108.00,658051.195,1159428.443,111.2,2,658050.825,1159428.954,10.48526967,76.44417933,0.360,0.073,8.8,10.0,0.0,19.4,1811,2047,RTK FIXED
19.122,070331.20,10.48526800,76.44418100,10.48526795,76.44418101,658051.203,1159428.456,108.00,658051.198,1159428.448,111.2,2,658050.825,1159428.954,10.48526967,76.44417933,0.360,0.073,8.8,10.0,0.5,19.0,1811,2047,RTK FIXED
19.176,070331.40,10.48526800,76.44418100,10.48526797,76.44418100,658051.133,1159428.422,108.00,658051.172,1159428.438,111.2,2,658050.825,1159428.954,10.48526967,76.44417933,0.361,0.081,8.7,10.0,-0.5,18.4,1789,2047,RTK FIXED
19.222,070331.40,10.48526800,76.44418100,10.48526798,76.44418100,658051.133,1159428.422,108.00,658051.156,1159428.431,111.2,2,658050.825,1159428.954,10.48526967,76.44417933,0.361,0.081,8.7,10.0,0.0,17.9,1789,2047,RTK FIXED
19.275,070331.40,10.48526800,76.44418100,10.48526799,76.44418100,658051.133,1159428.422,108.00,658051.147,1159428.428,111.2,2,658050.825,1159428.954,10.48526967,76.44417933,0.361,0.081,8.7,10.0,0.0,18.2,1789,2047,RTK FIXED
19.322,070331.40,10.48526800,76.44418100,10.48526799,76.44418100,658051.133,1159428.422,108.00,658051.141,1159428.425,111.2,2,658050.825,1159428.954,10.48526967,76.44417933,0.361,0.081,8.7,10.0,0.5,17.8,1789,2047,RTK FIXED
19.376,070331.40,10.48526800,76.44418100,10.48526800,76.44418100,658051.133,1159428.422,108.00,658051.138,1159428.424,111.2,2,658050.825,1159428.954,10.48526967,76.44417933,0.361,0.081,8.7,10.0,-0.5,18.2,1789,2047,RTK FIXED
19.422,070331.40,10.48526800,76.44418100,10.48526800,76.44418100,658051.133,1159428.422,108.00,658051.136,1159428.423,111.2,2,658050.825,1159428.954,10.48526967,76.44417933,0.361,0.081,8.7,10.0,0.0,17.8,1789,2047,RTK FIXED
19.476,070331.60,10.48526800,76.44418000,10.48526800,76.44418060,658051.023,1159428.421,108.00,658051.091,1159428.422,128.4,2,658050.825,1159428.954,10.48526967,76.44417933,0.362,-0.045,10.0,9.3,0.5,18.2,2047,1899,RTK FIXED
19.522,070331.60,10.48526800,76.44418000,10.48526800,76.44418036,658051.023,1159428.421,108.00,658051.064,1159428.422,128.4,2,658050.825,1159428.954,10.48526967,76.44417933,0.362,-0.045,10.0,9.3,-0.5,17.9,2047,1899,RTK FIXED
19.576,070331.60,10.48526800,76.44418000,10.48526800,76.44418022,658051.023,1159428.421,108.00,658051.048,1159428.422,128.4,2,658050.825,1159428.954,10.48526967,76.44417933,0.362,-0.045,10.0,9.3,0.5,18.1,2047,1899,RTK FIXED
19.622,070331.60,10.48526800,76.44418000,10.48526800,76.44418013,658051.023,1159428.421,108.00,658051.038,1159428.422,128.4,2,658050.825,1159428.954,10.48526967,76.44417933,0.362,-0.045,10.0,9.3,-0.5,17.3,2047,1899,RTK FIXED
19.676,070331.80,10.48526800,76.44418000,10.48526800,76.44418008,658051.121,1159428.474,108.00,658051.071,1159428.443,128.4,2,658050.825,1159428.954,10.48526967,76.44417933,0.363,-0.063,10.0,9.0,0.0,17.5,2047,1845,RTK FIXED
19.722,070331.80,10.48526800,76.44418000,10.48526800,76.44418005,658051.121,1159428.474,108.00,658051.091,1159428.455,128.4,2,658050.825,1159428.954,10.48526967,76.44417933,0.363,-0.063,10.0,9.0,0.0,17.6,2047,1845,RTK FIXED
19.776,070331.80,10.48526800,76.44418000,10.48526800,76.44418003,658051.121,1159428.474,108.00,658051.103,1159428.463,128.4,2,658050.825,1159428.954,10.48526967,76.44417933,0.363,-0.063,10.0,9.0,0.5,17.6,2047,1845,RTK FIXED
19.830,070331.80,10.48526800,76.44418000,10.48526800,76.44418002,658051.121,1159428.474,108.00,658051.110,1159428.467,128.4,2,658050.825,1159428.954,10.48526967,76.44417933,0.363,-0.063,10.0,9.0,0.0,17.0,2047,1845,RTK FIXED
19.876,070332.00,10.48526900,76.44418000,10.48526840,76.44418001,658051.121,1159428.585,108.00,658051.114,1159428.514,115.7,2,658050.825,1159428.954,10.48526967,76.44417933,0.365,0.022,9.6,10.0,-0.5,15.7,1975,2047,RTK FIXED
19.931,070332.00,10.48526900,76.44418000,10.48526864,76.44418001,658051.121,1159428.585,108.00,658051.117,1159428.542,115.7,2,658050.825,1159428.954,10.48526967,76.44417933,0.365,0.022,9.6,10.0,0.5,15.9,1975,2047,RTK FIXED
19.977,070332.20,10.48526900,76.44418000,10.48526878,76.44418000,658051.050,1159428.543,108.00,658051.090,1159428.542,115.7,2,658050.825,1159428.954,10.48526967,76.44417933,0.365,0.032,9.5,10.0,-0.5,16.1,1943,2047,RTK FIXED
20.030,070332.20,10.48526900,76.44418000,10.48526887,76.44418000,658051.050,1159428.543,108.00,658051.074,1159428.543,115.7,2,658050.825,1159428.954,10.48526967,76.44417933,0.365,0.032,9.5,10.0,0.0,16.4,1943,2047,RTK FIXED
20.076,070332.20,10.48526900,76.44418000,10.48526892,76.44418000,658051.050,1159428.543,108.00,658051.064,1159428.543,115.7,2,658050.825,1159428.954,10.48526967,76.44417933,0.365,0.032,9.5,10.0,0.0,16.2,1943,2047,RTK FIXED
20.130,070332.20,10.48526900,76.44418000,10.48526895,76.44418000,658051.050,1159428.543,108.00,658051.059,1159428.543,115.7,2,658050.825,1159428.954,10.48526967,76.44417933,0.365,0.032,9.5,10.0,0.5,16.9,1943,2047,RTK FIXED
20.176,070332.20,10.48526900,76.44418000,10.48526897,76.44418000,658051.050,1159428.543,108.00,658051.055,1159428.543,115.7,2,658050.825,1159428.954,10.48526967,76.44417933,0.365,0.032,9.5,10.0,-0.5,17.9,1943,2047,RTK FIXED
20.230,070332.20,10.48526900,76.44418000,10.48526898,76.44418000,658051.050,1159428.543,108.00,658051.053,1159428.543,115.7,2,658050.825,1159428.954,10.48526967,76.44417933,0.365,0.032,9.5,10.0,0.5,18.3,1943,2047,RTK FIXED
20.277,070332.40,10.48526900,76.44417900,10.48526899,76.44417960,658050.940,1159428.542,108.00,658051.008,1159428.543,129.3,2,658050.825,1159428.954,10.48526967,76.44417933,0.360,-0.068,10.0,8.9,0.0,18.3,2047,1828,RTK FIXED
20.331,070332.40,10.48526900,76.44417900,10.48526899,76.44417936,658050.940,1159428.542,108.00,658050.981,1159428.543,129.3,2,658050.825,1159428.954,10.48526967,76.44417933,0.360,-0.068,10.0,8.9,0.0,18.0,2047,1828,RTK FIXED
20.385,070332.60,10.48526900,76.44417900,10.48526900,76.44417922,658051.016,1159428.587,108.00,658050.995,1159428.561,129.3,2,658050.825,1159428.954,10.48526967,76.44417933,0.355,-0.084,10.0,8.7,0.0,17.7,2047,1775,RTK FIXED
20.431,070332.60,10.48526900,76.44417900,10.48526900,76.44417913,658051.016,1159428.587,108.00,658051.003,1159428.571,129.3,2,658050.825,1159428.954,10.48526967,76.44417933,0.355,-0.084,10.0,8.7,-0.5,16.8,2047,1775,RTK FIXED
20.484,070332.60,10.48526900,76.44417900,10.48526900,76.44417908,658051.016,1159428.587,108.00,658051.008,1159428.578,129.3,2,658050.825,1159428.954,10.48526967,76.44417933,0.355,-0.084,10.0,8.7,0.5,15.9,2047,1775,RTK FIXED
20.530,070332.60,10.48526900,76.44417900,10.48526900,76.44417905,658051.016,1159428.587,108.00,658051.011,1159428.582,129.3,2,658050.825,1159428.954,10.48526967,76.44417933,0.355,-0.084,10.0,8.7,0.0,15.9,2047,1775,RTK FIXED
20.584,070332.60,10.48526900,76.44417900,10.48526900,76.44417903,658051.016,1159428.587,108.00,658051.013,1159428.584,129.3,2,658050.825,1159428.954,10.48526967,76.44417933,0.355,-0.084,10.0,8.7,0.0,16.7,2047,1775,RTK FIXED
20.631,070332.60,10.48526900,76.44417900,10.48526900,76.44417902,658051.016,1159428.587,108.00,658051.014,1159428.585,129.3,2,658050.825,1159428.954,10.48526967,76.44417933,0.355,-0.084,10.0,8.7,-0.5,15.5,2047,1775,RTK FIXED
20.688,070332.80,10.48527000,76.44417900,10.48526940,76.44417901,658051.015,1159428.698,108.00,658051.014,1159428.630,119.5,3,658050.292,1159429.873,10.48527800,76.44417450,0.366,-0.017,10.0,9.7,0.4,15.3,2047,1991,RTK FIXED
20.731,070332.80,10.48527000,76.44417900,10.48526964,76.44417901,658051.015,1159428.698,108.00,658051.015,1159428.657,119.5,3,658050.292,1159429.873,10.48527800,76.44417450,0.366,-0.017,10.0,9.7,-0.6,14.6,2047,1991,RTK FIXED
20.785,070332.80,10.48527000,76.44417900,10.48526978,76.44417900,658051.015,1159428.698,108.00,658051.015,1159428.674,119.5,3,658050.292,1159429.873,10.48527800,76.44417450,0.366,-0.017,10.0,9.7,0.0,15.2,2047,1991,RTK FIXED
20.831,070332.80,10.48527000,76.44417900,10.48526987,76.44417900,658051.015,1159428.698,108.00,658051.015,1159428.683,119.5,3,658050.292,1159429.873,10.48527800,76.44417450,0.366,-0.017,10.0,9.7,0.5,14.6,2047,1991,RTK FIXED
20.886,070333.00,10.48527000,76.44417900,10.48526992,76.44417900,658050.962,1159428.664,108.00,658050.994,1159428.676,119.5,3,658050.292,1159429.873,10.48527800,76.44417450,0.366,-0.003,10.0,9.9,-0.5,16.1,2047,2036,RTK FIXED
20.938,070333.00,10.48527000,76.44417900,10.48526995,76.44417900,658050.962,1159428.664,108.00,658050.981,1159428.671,119.5,3,658050.292,1159429.873,10.48527800,76.44417450,0.366,-0.003,10.0,9.9,0.5,17.2,2047,2036,RTK FIXED
20.985,070333.20,10.48527000,76.44417800,10.48526997,76.44417860,658050.852,1159428.663,108.00,658050.930,1159428.668,130.7,3,658050.292,1159429.873,10.48527800,76.44417450,0.358,-0.087,10.0,8.6,-0.5,17.0,2047,1769,RTK FIXED
21.039,070333.20,10.48527000,76.44417800,10.48526998,76.44417836,658050.852,1159428.663,108.00,658050.899,1159428.666,130.7,3,658050.292,1159429.873,10.48527800,76.44417450,0.358,-0.087,10.0,8.6,0.0,17.2,2047,1769,RTK FIXED
21.085,070333.20,10.48527000,76.44417800,10.48526999,76.44417822,658050.852,1159428.663,108.00,658050.880,1159428.665,130.7,3,658050.292,1159429.873,10.48527800,76.44417450,0.358,-0.087,10.0,8.6,0.5,17.3,2047,1769,RTK FIXED
21.139,070333.20,10.48527000,76.44417800,10.48526999,76.44417813,658050.852,1159428.663,108.00,658050.869,1159428.664,130.7,3,658050.292,1159429.873,10.48527800,76.44417450,0.358,-0.087,10.0,8.6,-0.5,15.7,2047,1769,RTK FIXED
21.186,070333.40,10.48527000,76.44417800,10.48527000,76.44417808,658050.913,1159428.703,108.00,658050.887,1159428.680,130.7,3,658050.292,1159429.873,10.48527800,76.44417450,0.358,-0.103,10.0,8.4,0.5,15.1,2047,1722,RTK FIXED
21.239,070333.40,10.48527000,76.44417800,10.48527000,76.44417805,658050.913,1159428.703,108.00,658050.897,1159428.689,130.7,3,658050.292,1159429.873,10.48527800,76.44417450,0.358,-0.103,10.0,8.4,0.0,15.5,2047,1722,RTK FIXED
21.285,070333.40,10.48527000,76.44417800,10.48527000,76.44417803,658050.913,1159428.703,108.00,658050.904,1159428.695,130.7,3,658050.292,1159429.873,10.48527800,76.44417450,0.358,-0.103,10.0,8.4,0.0,15.2,2047,1722,RTK FIXED
21.339,070333.40,10.48527000,76.44417800,10.48527000,76.44417802,658050.913,1159428.703,108.00,658050.907,1159428.698,130.7,3,658050.292,1159429.873,10.48527800,76.44417450,0.358,-0.103,10.0,8.4,0.0,15.3,2047,1722,RTK FIXED
21.385,070333.40,10.48527000,76.44417800,10.48527000,76.44417801,658050.913,1159428.703,108.00,658050.910,1159428.700,130.7,3,658050.292,1159429.873,10.48527800,76.44417450,0.358,-0.103,10.0,8.4,-0.5,15.2,2047,1722,RTK FIXED
21.439,070333.40,10.48527000,76.44417800,10.48527000,76.44417801,658050.913,1159428.703,108.00,658050.911,1159428.702,130.7,3,658050.292,1159429.873,10.48527800,76.44417450,0.358,-0.103,10.0,8.4,0.0,14.3,2047,1722,RTK FIXED
21.494,070333.60,10.48527100,76.44417800,10.48527040,76.44417800,658050.913,1159428.814,108.00,658050.912,1159428.747,122.0,3,658050.292,1159429.873,10.48527800,76.44417450,0.366,-0.037,10.0,9.4,0.5,13.3,2047,1926,RTK FIXED
21.539,070333.60,10.48527100,76.44417800,10.48527064,76.44417800,658050.913,1159428.814,108.00,658050.912,1159428.774,122.0,3,658050.292,1159429.873,10.48527800,76.44417450,0.366,-0.037,10.0,9.4,-0.5,13.7,2047,1926,RTK FIXED
21.593,070333.60,10.48527100,76.44417800,10.48527078,76.44417800,658050.913,1159428.814,108.00,658050.912,1159428.790,122.0,3,658050.292,1159429.873,10.48527800,76.44417450,0.366,-0.037,10.0,9.4,0.5,13.5,2047,1926,RTK FIXED
21.639,070333.60,10.48527100,76.44417800,10.48527087,76.44417800,658050.913,1159428.814,108.00,658050.912,1159428.799,122.0,3,658050.292,1159429.873,10.48527800,76.44417450,0.366,-0.037,10.0,9.4,0.0,14.1,2047,1926,RTK FIXED
21.694,070333.80,10.48527100,76.44417800,10.48527092,76.44417800,658050.866,1159428.782,108.00,658050.894,1159428.792,122.0,3,658050.292,1159429.873,10.48527800,76.44417450,0.366,-0.028,10.0,9.6,0.0,14.3,2047,1957,RTK FIXED
21.739,070333.80,10.48527100,76.44417800,10.48527095,76.44417800,658050.866,1159428.782,108.00,658050.883,1159428.788,122.0,3,658050.292,1159429.873,10.48527800,76.44417450,0.366,-0.028,10.0,9.6,0.0,15.4,2047,1957,RTK FIXED
21.794,070333.80,10.48527100,76.44417800,10.48527097,76.44417800,658050.866,1159428.782,108.00,658050.876,1159428.786,122.0,3,658050.292,1159429.873,10.48527800,76.44417450,0.366,-0.028,10.0,9.6,0.0,15.2,2047,1957,RTK FIXED
21.839,070333.80,10.48527100,76.44417800,10.48527098,76.44417800,658050.866,1159428.782,108.00,658050.872,1159428.784,122.0,3,658050.292,1159429.873,10.48527800,76.44417450,0.366,-0.028,10.0,9.6,-0.5,15.8,2047,1957,RTK FIXED
21.894,070334.00,10.48527100,76.44417800,10.48527099,76.44417800,658050.866,1159428.782,108.00,658050.870,1159428.783,122.0,3,658050.292,1159429.873,10.48527800,76.44417450,0.365,-0.028,10.0,9.6,0.0,15.6,2047,1955,RTK FIXED
21.941,070334.00,10.48527100,76.44417800,10.48527099,76.44417800,658050.866,1159428.782,108.00,658050.869,1159428.783,122.0,3,658050.292,1159429.873,10.48527800,76.44417450,0.365,-0.028,10.0,9.6,0.5,16.6,2047,1955,RTK FIXED
21.994,070334.20,10.48527200,76.44417800,10.48527140,76.44417800,658050.866,1159428.892,108.00,658050.867,1159428.827,120.4,3,658050.292,1159429.873,10.48527800,76.44417450,0.366,-0.009,10.0,9.8,0.0,16.4,2047,2015,RTK FIXED
22.039,070334.20,10.48527200,76.44417800,10.48527164,76.44417800,658050.866,1159428.892,108.00,658050.867,1159428.853,120.4,3,658050.292,1159429.873,10.48527800,76.44417450,0.366,-0.009,10.0,9.8,-0.6,16.6,2047,2015,RTK FIXED
22.094,070334.20,10.48527200,76.44417800,10.48527178,76.44417800,658050.866,1159428.892,108.00,658050.866,1159428.869,120.4,3,658050.292,1159429.873,10.48527800,76.44417450,0.366,-0.009,10.0,9.8,0.5,17.0,2047,2015,RTK FIXED
22.148,070334.20,10.48527200,76.44417800,10.48527187,76.44417800,658050.866,1159428.892,108.00,658050.866,1159428.878,120.4,3,658050.292,1159429.873,10.48527800,76.44417450,0.366,-0.009,10.0,9.8,-0.5,16.7,2047,2015,RTK FIXED
22.194,070334.40,10.48527200,76.44417700,10.48527192,76.44417760,658050.747,1159428.887,108.00,658050.819,1159428.882,120.4,3,658050.292,1159429.873,10.48527800,76.44417450,0.366,-0.020,10.0,9.7,0.5,17.2,2047,1981,RTK FIXED
22.248,070334.40,10.48527200,76.44417700,10.48527195,76.44417736,658050.747,1159428.887,108.00,658050.790,1159428.884,120.4,3,658050.292,1159429.873,10.48527800,76.44417450,0.366,-0.020,10.0,9.7,0.0,16.8,2047,1981,RTK FIXED
22.294,070334.40,10.48527200,76.44417700,10.48527197,76.44417722,658050.747,1159428.887,108.00,658050.773,1159428.885,120.4,3,658050.292,1159429.873,10.48527800,76.44417450,0.366,-0.020,10.0,9.7,-0.5,16.7,2047,1981,RTK FIXED
22.348,070334.40,10.48527200,76.44417700,10.48527198,76.44417713,658050.747,1159428.887,108.00,658050.763,1159428.886,120.4,3,658050.292,1159429.873,10.48527800,76.44417450,0.366,-0.020,10.0,9.7,0.0,16.7,2047,1981,RTK FIXED
22.394,070334.40,10.48527200,76.44417700,10.48527199,76.44417708,658050.747,1159428.887,108.00,658050.757,1159428.886,120.4,3,658050.292,1159429.873,10.48527800,76.44417450,0.366,-0.020,10.0,9.7,0.5,17.3,2047,1981,RTK FIXED
22.448,070334.60,10.48527200,76.44417700,10.48527199,76.44417705,658050.747,1159428.887,108.00,658050.753,1159428.886,129.6,3,658050.292,1159429.873,10.48527800,76.44417450,0.356,-0.096,10.0,8.5,0.0,16.6,2047,1742,RTK FIXED
22.494,070334.60,10.48527200,76.44417700,10.48527200,76.44417703,658050.747,1159428.887,108.00,658050.751,1159428.887,129.6,3,658050.292,1159429.873,10.48527800,76.44417450,0.356,-0.096,10.0,8.5,-0.5,17.3,2047,1742,RTK FIXED
22.548,070334.60,10.48527200,76.44417700,10.48527200,76.44417702,658050.747,1159428.887,108.00,658050.749,1159428.887,129.6,3,658050.292,1159429.873,10.48527800,76.44417450,0.356,-0.096,10.0,8.5,0.0,16.8,2047,1742,RTK FIXED
22.594,070334.60,10.48527200,76.44417700,10.48527200,76.44417701,658050.747,1159428.887,108.00,658050.748,1159428.887,129.6,3,658050.292,1159429.873,10.48527800,76.44417450,0.356,-0.096,10.0,8.5,0.6,17.1,2047,1742,RTK FIXED
22.648,070334.60,10.48527200,76.44417700,10.48527200,76.44417701,658050.747,1159428.887,108.00,658050.748,1159428.887,129.6,3,658050.292,1159429.873,10.48527800,76.44417450,0.356,-0.096,10.0,8.5,-0.5,16.1,2047,1742,RTK FIXED
22.702,070334.80,10.48527300,76.44417700,10.48527240,76.44417700,658050.796,1159429.030,108.00,658050.767,1159428.944,129.6,3,658050.292,1159429.873,10.48527800,76.44417450,0.359,-0.096,10.0,8.5,0.0,15.6,2047,1743,RTK FIXED
22.748,070334.80,10.48527300,76.44417700,10.48527264,76.44417700,658050.796,1159429.030,108.00,658050.779,1159428.978,129.6,3,658050.292,1159429.873,10.48527800,76.44417450,0.359,-0.096,10.0,8.5,0.5,14.3,2047,1743,RTK FIXED
22.802,070334.80,10.48527300,76.44417700,10.48527278,76.44417700,658050.796,1159429.030,108.00,658050.786,1159428.999,129.6,3,658050.292,1159429.873,10.48527800,76.44417450,0.359,-0.096,10.0,8.5,0.0,14.3,2047,1743,RTK FIXED
22.848,070334.80,10.48527300,76.44417700,10.48527287,76.44417700,658050.796,1159429.030,108.00,658050.790,1159429.011,129.6,3,658050.292,1159429.873,10.48527800,76.44417450,0.359,-0.096,10.0,8.5,0.0,14.1,2047,1743,RTK FIXED
22.903,070335.00,10.48527300,76.44417700,10.48527292,76.44417700,658050.796,1159429.030,108.00,658050.792,1159429.019,117.5,3,658050.292,1159429.873,10.48527800,76.44417450,0.366,-0.019,10.0,9.7,0.0,14.2,2047,1986,RTK FIXED
22.948,070335.00,10.48527300,76.44417700,10.48527295,76.44417700,658050.796,1159429.030,108.00,658050.794,1159429.023,117.5,3,658050.292,1159429.873,10.48527800,76.44417450,0.366,-0.019,10.0,9.7,0.0,14.3,2047,1986,RTK FIXED
23.003,070335.20,10.48527300,76.44417700,10.48527297,76.44417700,658050.730,1159428.989,108.00,658050.768,1159429.009,117.5,3,658050.292,1159429.873,10.48527800,76.44417450,0.366,-0.004,10.0,9.9,0.0,14.2,2047,2035,RTK FIXED
23.048,070335.20,10.48527300,76.44417700,10.48527298,76.44417700,658050.730,1159428.989,108.00,658050.753,1159429.001,117.5,3,658050.292,1159429.873,10.48527800,76.44417450,0.366,-0.004,10.0,9.9,0.0,15.0,2047,2035,RTK FIXED
23.102,070335.20,10.48527300,76.44417700,10.48527299,76.44417700,658050.730,1159428.989,108.00,658050.744,1159428.996,117.5,3,658050.292,1159429.873,10.48527800,76.44417450,0.366,-0.004,10.0,9.9,0.0,15.5,2047,2035,RTK FIXED
23.148,070335.20,10.48527300,76.44417700,10.48527299,76.44417700,658050.730,1159428.989,108.00,658050.739,1159428.993,117.5,3,658050.292,1159429.873,10.48527800,76.44417450,0.366,-0.004,10.0,9.9,0.0,15.8,2047,2035,RTK FIXED
23.202,070335.40,10.48527300,76.44417600,10.48527300,76.44417660,658050.621,1159428.988,108.00,658050.691,1159428.991,133.8,3,658050.292,1159429.873,10.48527800,76.44417450,0.347,-0.131,10.0,8.0,0.0,16.6,2047,1632,RTK FIXED
23.256,070335.40,10.48527300,76.44417600,10.48527300,76.44417636,658050.621,1159428.988,108.00,658050.663,1159428.990,133.8,3,658050.292,1159429.873,10.48527800,76.44417450,0.347,-0.131,10.0,8.0,0.0,17.7,2047,1632,RTK FIXED
23.302,070335.40,10.48527300,76.44417600,10.48527300,76.44417622,658050.621,1159428.988,108.00,658050.646,1159428.989,133.8,3,658050.292,1159429.873,10.48527800,76.44417450,0.347,-0.131,10.0,8.0,0.0,17.5,2047,1632,RTK FIXED
23.356,070335.40,10.48527300,76.44417600,10.48527300,76.44417613,658050.621,1159428.988,108.00,658050.636,1159428.989,133.8,3,658050.292,1159429.873,10.48527800,76.44417450,0.347,-0.131,10.0,8.0,0.0,16.7,2047,1632,RTK FIXED
23.403,070335.40,10.48527300,76.44417600,10.48527300,76.44417608,658050.621,1159428.988,108.00,658050.630,1159428.989,133.8,3,658050.292,1159429.873,10.48527800,76.44417450,0.347,-0.131,10.0,8.0,-0.5,16.5,2047,1632,RTK FIXED
23.457,070335.60,10.48527400,76.44417600,10.48527340,76.44417605,658050.707,1159429.158,108.00,658050.661,1159429.056,133.8,3,658050.292,1159429.873,10.48527800,76.44417450,0.352,-0.139,10.0,7.9,0.0,15.7,2047,1613,RTK FIXED
23.503,070335.60,10.48527400,76.44417600,10.48527364,76.44417603,658050.707,1159429.158,108.00,658050.679,1159429.097,133.8,3,658050.292,1159429.873,10.48527800,76.44417450,0.352,-0.139,10.0,7.9,0.5,15.3,2047,1613,RTK FIXED
23.556,070335.60,10.48527400,76.44417600,10.48527378,76.44417602,658050.707,1159429.158,108.00,658050.690,1159429.121,133.8,3,658050.292,1159429.873,10.48527800,76.44417450,0.352,-0.139,10.0,7.9,0.0,13.9,2047,1613,RTK FIXED
23.602,070335.60,10.48527400,76.44417600,10.48527387,76.44417601,658050.707,1159429.158,108.00,658050.697,1159429.136,133.8,3,658050.292,1159429.873,10.48527800,76.44417450,0.352,-0.139,10.0,7.9,-0.5,13.7,2047,1613,RTK FIXED
23.657,070335.80,10.48527400,76.44417600,10.48527392,76.44417601,658050.707,1159429.158,108.00,658050.701,1159429.144,120.9,3,658050.292,1159429.873,10.48527800,76.44417450,0.366,-0.041,10.0,9.4,0.5,13.2,2047,1915,RTK FIXED
23.703,070335.80,10.48527400,76.44417600,10.48527395,76.44417600,658050.707,1159429.158,108.00,658050.703,1159429.150,120.9,3,658050.292,1159429.873,10.48527800,76.44417450,0.366,-0.041,10.0,9.4,-0.5,13.1,2047,1915,RTK FIXED
23.757,070335.80,10.48527400,76.44417600,10.48527397,76.44417600,658050.707,1159429.158,108.00,658050.705,1159429.153,120.9,3,658050.292,1159429.873,10.48527800,76.44417450,0.366,-0.041,10.0,9.4,0.5,13.0,2047,1915,RTK FIXED
23.802,070335.80,10.48527400,76.44417600,10.48527398,76.44417600,658050.707,1159429.158,108.00,658050.706,1159429.155,120.9,3,658050.292,1159429.873,10.48527800,76.44417450,0.366,-0.041,10.0,9.4,0.0,13.7,2047,1915,RTK FIXED
23.856,070335.80,10.48527400,76.44417600,10.48527399,76.44417600,658050.707,1159429.158,108.00,658050.706,1159429.156,120.9,3,658050.292,1159429.873,10.48527800,76.44417450,0.366,-0.041,10.0,9.4,0.0,14.4,2047,1915,RTK FIXED
23.912,070336.00,10.48527500,76.44417600,10.48527439,76.44417600,658050.639,1159429.220,108.00,658050.679,1159429.181,120.9,3,658050.292,1159429.873,10.48527800,76.44417450,0.366,-0.020,10.0,9.7,0.0,14.9,2047,1980,RTK FIXED
23.958,070336.20,10.48527500,76.44417600,10.48527464,76.44417600,658050.639,1159429.220,108.00,658050.663,1159429.197,120.3,3,658050.292,1159429.873,10.48527800,76.44417450,0.366,-0.011,10.0,9.8,-0.5,15.7,2047,2010,RTK FIXED
24.011,070336.20,10.48527500,76.44417600,10.48527478,76.44417600,658050.639,1159429.220,108.00,658050.654,1159429.206,120.3,3,658050.292,1159429.873,10.48527800,76.44417450,0.366,-0.011,10.0,9.8,0.5,16.1,2047,2010,RTK FIXED
24.057,070336.20,10.48527500,76.44417600,10.48527487,76.44417600,658050.639,1159429.220,108.00,658050.648,1159429.211,120.3,3,658050.292,1159429.873,10.48527800,76.44417450,0.366,-0.011,10.0,9.8,-0.5,16.1,2047,2010,RTK FIXED
24.111,070336.20,10.48527500,76.44417600,10.48527492,76.44417600,658050.639,1159429.220,108.00,658050.645,1159429.215,120.3,3,658050.292,1159429.873,10.48527800,76.44417450,0.366,-0.011,10.0,9.8,0.0,17.3,2047,2010,RTK FIXED
24.158,070336.40,10.48527500,76.44417600,10.48527495,76.44417600,658050.635,1159429.218,108.00,658050.641,1159429.216,120.3,3,658050.292,1159429.873,10.48527800,76.44417450,0.366,-0.010,10.0,9.8,0.0,17.4,2047,2014,RTK FIXED
24.211,070336.40,10.48527500,76.44417600,10.48527497,76.44417600,658050.635,1159429.218,108.00,658050.639,1159429.217,120.3,3,658050.292,1159429.873,10.48527800,76.44417450,0.366,-0.010,10.0,9.8,0.0,17.3,2047,2014,RTK FIXED
24.257,070336.40,10.48527500,76.44417600,10.48527498,76.44417600,658050.635,1159429.218,108.00,658050.637,1159429.217,120.3,3,658050.292,1159429.873,10.48527800,76.44417450,0.366,-0.010,10.0,9.8,0.5,18.0,2047,2014,RTK FIXED
24.311,070336.40,10.48527500,76.44417600,10.48527499,76.44417600,658050.635,1159429.218,108.00,658050.637,1159429.217,120.3,3,658050.292,1159429.873,10.48527800,76.44417450,0.366,-0.010,10.0,9.8,0.0,17.6,2047,2014,RTK FIXED
24.364,070336.40,10.48527500,76.44417600,10.48527499,76.44417600,658050.635,1159429.218,108.00,658050.636,1159429.217,120.3,3,658050.292,1159429.873,10.48527800,76.44417450,0.366,-0.010,10.0,9.8,0.0,17.4,2047,2014,RTK FIXED
24.411,070336.40,10.48527500,76.44417600,10.48527500,76.44417600,658050.635,1159429.218,108.00,658050.636,1159429.217,120.3,3,658050.292,1159429.873,10.48527800,76.44417450,0.366,-0.010,10.0,9.8,0.0,17.0,2047,2014,RTK FIXED
24.466,070336.60,10.48527600,76.44417600,10.48527540,76.44417600,658050.635,1159429.328,108.00,658050.636,1159429.262,120.3,3,658050.292,1159429.873,10.48527800,76.44417450,0.366,-0.002,10.0,10.0,0.0,17.9,2047,2040,RTK FIXED
24.511,070336.60,10.48527600,76.44417600,10.48527564,76.44417600,658050.635,1159429.328,108.00,658050.635,1159429.288,120.3,3,658050.292,1159429.873,10.48527800,76.44417450,0.366,-0.002,10.0,10.0,-0.5,17.0,2047,2040,RTK FIXED
24.565,070336.60,10.48527600,76.44417600,10.48527578,76.44417600,658050.635,1159429.328,108.00,658050.635,1159429.304,120.3,3,658050.292,1159429.873,10.48527800,76.44417450,0.366,-0.002,10.0,10.0,0.0,17.6,2047,2040,RTK FIXED
24.612,070336.60,10.48527600,76.44417600,10.48527587,76.44417600,658050.635,1159429.328,108.00,658050.635,1159429.314,120.3,3,658050.292,1159429.873,10.48527800,76.44417450,0.366,-0.002,10.0,10.0,0.5,17.7,2047,2040,RTK FIXED
24.666,070336.80,10.48527600,76.44417600,10.48527592,76.44417600,658050.635,1159429.328,108.00,658050.635,1159429.320,114.9,3,658050.292,1159429.873,10.48527800,76.44417450,0.365,0.030,9.5,10.0,-0.5,18.1,1949,2047,RTK FIXED
24.712,070336.80,10.48527600,76.44417600,10.48527595,76.44417600,658050.635,1159429.328,108.00,658050.635,1159429.323,114.9,3,658050.292,1159429.873,10.48527800,76.44417450,0.365,0.030,9.5,10.0,0.0,17.4,1949,2047,RTK FIXED
24.766,070336.80,10.48527600,76.44417600,10.48527597,76.44417600,658050.635,1159429.328,108.00,658050.635,1159429.325,114.9,3,658050.292,1159429.873,10.48527800,76.44417450,0.365,0.030,9.5,10.0,0.0,18.1,1949,2047,RTK FIXED
24.812,070336.80,10.48527600,76.44417600,10.48527598,76.44417600,658050.635,1159429.328,108.00,658050.635,1159429.326,114.9,3,658050.292,1159429.873,10.48527800,76.44417450,0.365,0.030,9.5,10.0,0.5,17.4,1949,2047,RTK FIXED
24.866,070337.00,10.48527600,76.44417600,10.48527599,76.44417600,658050.604,1159429.313,108.00,658050.622,1159429.321,114.9,3,658050.292,1159429.873,10.48527800,76.44417450,0.365,0.033,9.5,10.0,-0.5,17.9,1938,2047,RTK FIXED
24.912,070337.00,10.48527600,76.44417600,10.48527599,76.44417600,658050.604,1159429.313,108.00,658050.615,1159429.318,114.9,3,658050.292,1159429.873,10.48527800,76.44417450,0.365,0.033,9.5,10.0,0.0,17.5,1938,2047,RTK FIXED
24.966,070337.20,10.48527600,76.44417500,10.48527600,76.44417560,658050.494,1159429.312,108.00,658050.567,1159429.316,114.9,3,658050.292,1159429.873,10.48527800,76.44417450,0.366,0.013,9.8,10.0,0.5,18.0,2004,2047,RTK FIXED
25.019,070337.20,10.48527600,76.44417500,10.48527600,76.44417536,658050.494,1159429.312,108.00,658050.538,1159429.314,114.9,3,658050.292,1159429.873,10.48527800,76.44417450,0.366,0.013,9.8,10.0,-0.5,17.3,2004,2047,RTK FIXED
25.066,070337.20,10.48527600,76.44417500,10.48527600,76.44417522,658050.494,1159429.312,108.00,658050.520,1159429.314,114.9,3,658050.292,1159429.873,10.48527800,76.44417450,0.366,0.013,9.8,10.0,0.0,17.8,2004,2047,RTK FIXED
25.120,070337.20,10.48527600,76.44417500,10.48527600,76.44417513,658050.494,1159429.312,108.00,658050.510,1159429.313,114.9,3,658050.292,1159429.873,10.48527800,76.44417450,0.366,0.013,9.8,10.0,0.5,17.6,2004,2047,RTK FIXED
25.166,070337.40,10.48527700,76.44417500,10.48527640,76.44417508,658050.494,1159429.423,108.00,658050.503,1159429.357,123.8,3,658050.292,1159429.873,10.48527800,76.44417450,0.364,-0.038,10.0,9.4,0.0,17.7,2047,1921,RTK FIXED
25.220,070337.40,10.48527700,76.44417500,10.48527664,76.44417505,658050.494,1159429.423,108.00,658050.499,1159429.383,123.8,3,658050.292,1159429.873,10.48527800,76.44417450,0.364,-0.038,10.0,9.4,-0.5,17.3,2047,1921,RTK FIXED
25.266,070337.40,10.48527700,76.44417500,10.48527678,76.44417503,658050.494,1159429.423,108.00,658050.497,1159429.399,123.8,3,658050.292,1159429.873,10.48527800,76.44417450,0.364,-0.038,10.0,9.4,0.5,17.6,2047,1921,RTK FIXED
25.320,070337.40,10.48527700,76.44417500,10.48527687,76.44417502,658050.494,1159429.423,108.00,658050.496,1159429.409,123.8,3,658050.292,1159429.873,10.48527800,76.44417450,0.364,-0.038,10.0,9.4,0.0,16.5,2047,1921,RTK FIXED
25.366,070337.60,10.48527700,76.44417500,10.48527692,76.44417501,658050.545,1159429.450,108.00,658050.515,1159429.425,123.8,3,658050.292,1159429.873,10.48527800,76.44417450,0.365,-0.038,10.0,9.4,-0.5,16.1,2047,1923,RTK FIXED
25.420,070337.60,10.48527700,76.44417500,10.48527695,76.44417501,658050.545,1159429.450,108.00,658050.527,1159429.435,123.8,3,658050.292,1159429.873,10.48527800,76.44417450,0.365,-0.038,10.0,9.4,0.0,15.9,2047,1923,RTK FIXED
25.466,070337.60,10.48527700,76.44417500,10.48527697,76.44417500,658050.545,1159429.450,108.00,658050.534,1159429.441,123.8,3,658050.292,1159429.873,10.48527800,76.44417450,0.365,-0.038,10.0,9.4,0.5,16.2,2047,1923,RTK FIXED
25.520,070337.60,10.48527700,76.44417500,10.48527698,76.44417500,658050.545,1159429.450,108.00,658050.539,1159429.445,123.8,3,658050.292,1159429.873,10.48527800,76.44417450,0.365,-0.038,10.0,9.4,-0.5,15.8,2047,1923,RTK FIXED
25.566,070337.60,10.48527700,76.44417500,10.48527699,76.44417500,658050.545,1159429.450,108.00,658050.541,1159429.447,123.8,3,658050.292,1159429.873,10.48527800,76.44417450,0.365,-0.038,10.0,9.4,0.5,16.8,2047,1923,RTK FIXED
25.620,070337.60,10.48527700,76.44417500,10.48527699,76.44417500,658050.545,1159429.450,108.00,658050.543,1159429.448,123.8,3,658050.292,1159429.873,10.48527800,76.44417450,0.365,-0.038,10.0,9.4,-0.5,16.8,2047,1923,RTK FIXED
25.675,070337.80,10.48527800,76.44417500,10.48527740,76.44417500,658050.544,1159429.561,108.00,658050.543,1159429.493,113.4,3,658050.292,1159429.873,10.48527800,76.44417450,0.364,0.036,9.4,10.0,0.0,16.8,1930,2047,RTK FIXED
25.720,070337.80,10.48527800,76.44417500,10.48527764,76.44417500,658050.544,1159429.561,108.00,658050.544,1159429.520,113.4,3,658050.292,1159429.873,10.48527800,76.44417450,0.364,0.036,9.4,10.0,0.5,17.0,1930,2047,RTK FIXED
25.774,070337.80,10.48527800,76.44417500,10.48527778,76.44417500,658050.544,1159429.561,108.00,658050.544,1159429.536,113.4,3,658050.292,1159429.873,10.48527800,76.44417450,0.364,0.036,9.4,10.0,-0.5,17.1,1930,2047,RTK FIXED
25.820,070337.80,10.48527800,76.44417500,10.48527787,76.44417500,658050.544,1159429.561,108.00,658050.544,1159429.546,113.4,3,658050.292,1159429.873,10.48527800,76.44417450,0.364,0.036,9.4,10.0,0.0,16.3,1930,2047,RTK FIXED
25.874,070338.00,10.48527800,76.44417500,10.48527792,76.44417500,658050.484,1159429.530,108.00,658050.520,1159429.540,113.4,3,658050.292,1159429.873,10.48527800,76.44417450,0.357,0.047,9.2,10.0,0.0,16.7,1890,2047,RTK FIXED
25.921,070338.00,10.48527800,76.44417500,10.48527795,76.44417500,658050.484,1159429.530,108.00,658050.506,1159429.536,113.4,3,658050.292,1159429.873,10.48527800,76.44417450,0.357,0.047,9.2,10.0,0.0,16.7,1890,2047,RTK FIXED
25.975,070338.20,10.48527800,76.44417500,10.48527797,76.44417500,658050.484,1159429.530,108.00,658050.497,1159429.533,113.4,3,658050.292,1159429.873,10.48527800,76.44417450,0.339,0.048,9.2,10.0,0.0,17.6,1880,2047,RTK FIXED
26.020,070338.20,10.48527800,76.44417500,10.48527798,76.44417500,658050.484,1159429.530,108.00,658050.492,1159429.532,113.4,3,658050.292,1159429.873,10.48527800,76.44417450,0.339,0.048,9.2,10.0,0.5,18.1,1880,2047,RTK FIXED
26.074,070338.20,10.48527800,76.44417500,10.48527799,76.44417500,658050.484,1159429.530,108.00,658050.489,1159429.531,113.4,3,658050.292,1159429.873,10.48527800,76.44417450,0.339,0.048,9.2,10.0,0.0,17.8,1880,2047,RTK FIXED
26.120,070338.20,10.48527800,76.44417500,10.48527799,76.44417500,658050.484,1159429.530,108.00,658050.487,1159429.531,113.4,3,658050.292,1159429.873,10.48527800,76.44417450,0.339,0.048,9.2,10.0,0.0,17.7,1880,2047,RTK FIXED
26.175,070338.40,10.48527800,76.44417500,10.48527800,76.44417500,658050.484,1159429.530,108.00,658050.486,1159429.530,113.4,3,658050.292,1159429.873,10.48527800,76.44417450,0.329,0.047,9.2,10.0,0.0,17.9,1879,2047,RTK FIXED
26.220,070338.40,10.48527800,76.44417500,10.48527800,76.44417500,658050.484,1159429.530,108.00,658050.485,1159429.530,113.4,3,658050.292,1159429.873,10.48527800,76.44417450,0.329,0.047,9.2,10.0,-0.6,18.2,1879,2047,RTK FIXED
26.274,070338.40,10.48527800,76.44417500,10.48527800,76.44417500,658050.484,1159429.530,108.00,658050.485,1159429.530,113.4,3,658050.292,1159429.873,10.48527800,76.44417450,0.329,0.047,9.2,10.0,0.5,17.7,1879,2047,RTK FIXED
26.328,070338.40,10.48527800,76.44417500,10.48527800,76.44417500,658050.484,1159429.530,108.00,658050.485,1159429.530,113.4,3,658050.292,1159429.873,10.48527800,76.44417450,0.329,0.047,9.2,10.0,0.0,17.6,1879,2047,RTK FIXED
26.375,070338.40,10.48527800,76.44417500,10.48527800,76.44417500,658050.484,1159429.530,108.00,658050.485,1159429.530,113.4,3,658050.292,1159429.873,10.48527800,76.44417450,0.329,0.047,9.2,10.0,0.0,18.1,1879,2047,RTK FIXED
26.430,070338.40,10.48527800,76.44417500,10.48527800,76.44417500,658050.484,1159429.530,108.00,658050.484,1159429.530,113.4,3,658050.292,1159429.873,10.48527800,76.44417450,0.329,0.047,9.2,10.0,0.0,18.6,1879,2047,RTK FIXED
26.478,070338.60,10.48527900,76.44417400,10.48527840,76.44417460,658050.374,1159429.640,108.00,658050.440,1159429.574,118.9,4,658049.759,1159430.793,10.48528633,76.44416967,0.366,0.009,9.8,10.0,-0.5,17.8,2016,2047,RTK FIXED
26.529,070338.60,10.48527900,76.44417400,10.48527864,76.44417436,658050.374,1159429.640,108.00,658050.414,1159429.600,118.9,4,658049.759,1159430.793,10.48528633,76.44416967,0.366,0.009,9.8,10.0,0.5,17.7,2016,2047,RTK FIXED
26.575,070338.60,10.48527900,76.44417400,10.48527878,76.44417422,658050.374,1159429.640,108.00,658050.398,1159429.616,118.9,4,658049.759,1159430.793,10.48528633,76.44416967,0.366,0.009,9.8,10.0,0.0,18.4,2016,2047,RTK FIXED
26.629,070338.60,10.48527900,76.44417400,10.48527887,76.44417413,658050.374,1159429.640,108.00,658050.389,1159429.626,118.9,4,658049.759,1159430.793,10.48528633,76.44416967,0.366,0.009,9.8,10.0,0.0,18.1,2016,2047,RTK FIXED
26.676,070338.80,10.48527900,76.44417400,10.48527892,76.44417408,658050.407,1159429.655,108.00,658050.396,1159429.637,118.9,4,658049.759,1159430.793,10.48528633,76.44416967,0.366,0.002,10.0,10.0,-0.5,18.4,2041,2047,RTK FIXED
26.729,070338.80,10.48527900,76.44417400,10.48527895,76.44417405,658050.407,1159429.655,108.00,658050.400,1159429.644,118.9,4,658049.759,1159430.793,10.48528633,76.44416967,0.366,0.002,10.0,10.0,0.0,18.9,2041,2047,RTK FIXED
26.783,070338.80,10.48527900,76.44417400,10.48527897,76.44417403,658050.407,1159429.655,108.00,658050.403,1159429.649,118.9,4,658049.759,1159430.793,10.48528633,76.44416967,0.366,0.002,10.0,10.0,0.5,18.6,2041,2047,RTK FIXED
26.830,070338.80,10.48527900,76.44417400,10.48527898,76.44417402,658050.407,1159429.655,108.00,658050.405,1159429.651,118.9,4,658049.759,1159430.793,10.48528633,76.44416967,0.366,0.002,10.0,10.0,0.0,18.2,2041,2047,RTK FIXED
26.883,070339.00,10.48527900,76.44417400,10.48527899,76.44417401,658050.407,1159429.655,108.00,658050.405,1159429.653,118.9,4,658049.759,1159430.793,10.48528633,76.44416967,0.366,0.000,10.0,10.0,-0.5,18.6,2046,2047,RTK FIXED
26.930,070339.00,10.48527900,76.44417400,10.48527899,76.44417401,658050.407,1159429.655,108.00,658050.406,1159429.654,118.9,4,658049.759,1159430.793,10.48528633,76.44416967,0.366,0.000,10.0,10.0,0.5,18.8,2046,2047,RTK FIXED
26.983,070339.00,10.48527900,76.44417400,10.48527900,76.44417400,658050.407,1159429.655,108.00,658050.406,1159429.654,118.9,4,658049.759,1159430.793,10.48528633,76.44416967,0.366,0.000,10.0,10.0,0.0,18.8,2046,2047,RTK FIXED
27.030,070339.20,10.48528000,76.44417400,10.48527940,76.44417400,658050.406,1159429.766,108.00,658050.406,1159429.699,115.0,4,658049.759,1159430.793,10.48528633,76.44416967,0.365,0.031,9.5,10.0,-0.5,18.7,1944,2047,RTK FIXED
27.083,070339.20,10.48528000,76.44417400,10.48527964,76.44417400,658050.406,1159429.766,108.00,658050.406,1159429.725,115.0,4,658049.759,1159430.793,10.48528633,76.44416967,0.365,0.031,9.5,10.0,0.0,19.0,1944,2047,RTK FIXED
27.130,070339.20,10.48528000,76.44417400,10.48527978,76.44417400,658050.406,1159429.766,108.00,658050.406,1159429.741,115.0,4,658049.759,1159430.793,10.48528633,76.44416967,0.365,0.031,9.5,10.0,0.5,17.9,1944,2047,RTK FIXED
27.183,070339.40,10.48528000,76.44417400,10.48527987,76.44417400,658050.383,1159429.755,108.00,658050.397,1159429.747,115.0,4,658049.759,1159430.793,10.48528633,76.44416967,0.365,0.039,9.4,10.0,-0.5,18.7,1919,2047,RTK FIXED
27.230,070339.40,10.48528000,76.44417400,10.48527992,76.44417400,658050.383,1159429.755,108.00,658050.392,1159429.750,115.0,4,658049.759,1159430.793,10.48528633,76.44416967,0.365,0.039,9.4,10.0,0.0,18.4,1919,2047,RTK FIXED
27.284,070339.40,10.48528000,76.44417400,10.48527995,76.44417400,658050.383,1159429.755,108.00,658050.388,1159429.752,115.0,4,658049.759,1159430.793,10.48528633,76.44416967,0.365,0.039,9.4,10.0,0.0,18.1,1919,2047,RTK FIXED
27.330,070339.40,10.48528000,76.44417400,10.48527997,76.44417400,658050.383,1159429.755,108.00,658050.386,1159429.753,115.0,4,658049.759,1159430.793,10.48528633,76.44416967,0.365,0.039,9.4,10.0,0.0,18.4,1919,2047,RTK FIXED
27.384,070339.40,10.48528000,76.44417400,10.48527998,76.44417400,658050.383,1159429.755,108.00,658050.385,1159429.754,115.0,4,658049.759,1159430.793,10.48528633,76.44416967,0.365,0.039,9.4,10.0,0.0,18.6,1919,2047,RTK FIXED
27.430,070339.40,10.48528000,76.44417400,10.48527999,76.44417400,658050.383,1159429.755,108.00,658050.384,1159429.754,115.0,4,658049.759,1159430.793,10.48528633,76.44416967,0.365,0.039,9.4,10.0,0.0,18.2,1919,2047,RTK FIXED
27.484,070339.60,10.48528000,76.44417300,10.48527999,76.44417360,658050.274,1159429.754,108.00,658050.340,1159429.754,123.5,4,658049.759,1159430.793,10.48528633,76.44416967,0.365,-0.017,10.0,9.7,0.0,18.1,2047,1991,RTK FIXED
27.538,070339.60,10.48528000,76.44417300,10.48528000,76.44417336,658050.274,1159429.754,108.00,658050.314,1159429.754,123.5,4,658049.759,1159430.793,10.48528633,76.44416967,0.365,-0.017,10.0,9.7,0.0,18.2,2047,1991,RTK FIXED
27.584,070339.60,10.48528000,76.44417300,10.48528000,76.44417322,658050.274,1159429.754,108.00,658050.298,1159429.754,123.5,4,658049.759,1159430.793,10.48528633,76.44416967,0.365,-0.017,10.0,9.7,0.0,17.9,2047,1991,RTK FIXED
27.638,070339.60,10.48528000,76.44417300,10.48528000,76.44417313,658050.274,1159429.754,108.00,658050.288,1159429.754,123.5,4,658049.759,1159430.793,10.48528633,76.44416967,0.365,-0.017,10.0,9.7,0.5,17.6,2047,1991,RTK FIXED
27.684,070339.80,10.48528100,76.44417300,10.48528040,76.44417308,658050.322,1159429.890,108.00,658050.302,1159429.809,123.5,4,658049.759,1159430.793,10.48528633,76.44416967,0.366,-0.019,10.0,9.7,-0.5,17.7,2047,1985,RTK FIXED
27.738,070339.80,10.48528100,76.44417300,10.48528064,76.44417305,658050.322,1159429.890,108.00,658050.310,1159429.841,123.5,4,658049.759,1159430.793,10.48528633,76.44416967,0.366,-0.019,10.0,9.7,0.5,17.2,2047,1985,RTK FIXED
27.784,070339.80,10.48528100,76.44417300,10.48528078,76.44417303,658050.322,1159429.890,108.00,658050.315,1159429.861,123.5,4,658049.759,1159430.793,10.48528633,76.44416967,0.366,-0.019,10.0,9.7,-0.5,17.9,2047,1985,RTK FIXED
27.838,070339.80,10.48528100,76.44417300,10.48528087,76.44417302,658050.322,1159429.890,108.00,658050.318,1159429.873,123.5,4,658049.759,1159430.793,10.48528633,76.44416967,0.366,-0.019,10.0,9.7,0.0,17.5,2047,1985,RTK FIXED
27.884,070340.00,10.48528100,76.44417300,10.48528092,76.44417301,658050.322,1159429.890,108.00,658050.320,1159429.880,116.5,4,658049.759,1159430.793,10.48528633,76.44416967,0.365,0.020,9.7,10.0,0.5,18.4,1982,2047,RTK FIXED
27.938,070340.00,10.48528100,76.44417300,10.48528095,76.44417301,658050.322,1159429.890,108.00,658050.321,1159429.884,116.5,4,658049.759,1159430.793,10.48528633,76.44416967,0.365,0.020,9.7,10.0,-0.5,17.7,1982,2047,RTK FIXED
27.984,070340.00,10.48528100,76.44417300,10.48528097,76.44417300,658050.322,1159429.890,108.00,658050.321,1159429.887,116.5,4,658049.759,1159430.793,10.48528633,76.44416967,0.365,0.020,9.7,10.0,0.5,16.9,1982,2047,RTK FIXED
28.039,070340.20,10.48528100,76.44417300,10.48528098,76.44417300,658050.282,1159429.869,108.00,658050.306,1159429.879,116.5,4,658049.759,1159430.793,10.48528633,76.44416967,0.366,0.023,9.6,10.0,-0.5,18.2,1972,2047,RTK FIXED
28.092,070340.20,10.48528100,76.44417300,10.48528099,76.44417300,658050.282,1159429.869,108.00,658050.296,1159429.875,116.5,4,658049.759,1159430.793,10.48528633,76.44416967,0.366,0.023,9.6,10.0,0.5,17.9,1972,2047,RTK FIXED
28.138,070340.20,10.48528100,76.44417300,10.48528099,76.44417300,658050.282,1159429.869,108.00,658050.291,1159429.873,116.5,4,658049.759,1159430.793,10.48528633,76.44416967,0.366,0.023,9.6,10.0,0.0,18.4,1972,2047,RTK FIXED
28.193,070340.40,10.48528200,76.44417300,10.48528140,76.44417300,658050.282,1159429.979,108.00,658050.287,1159429.915,116.5,4,658049.759,1159430.793,10.48528633,76.44416967,0.365,0.032,9.5,10.0,-0.5,18.0,1944,2047,RTK FIXED
28.238,070340.40,10.48528200,76.44417300,10.48528164,76.44417300,658050.282,1159429.979,108.00,658050.285,1159429.941,116.5,4,658049.759,1159430.793,10.48528633,76.44416967,0.365,0.032,9.5,10.0,0.0,17.7,1944,2047,RTK FIXED
28.292,070340.40,10.48528200,76.44417300,10.48528178,76.44417300,658050.282,1159429.979,108.00,658050.284,1159429.956,116.5,4,658049.759,1159430.793,10.48528633,76.44416967,0.365,0.032,9.5,10.0,0.5,17.9,1944,2047,RTK FIXED
28.339,070340.40,10.48528200,76.44417300,10.48528187,76.44417300,658050.282,1159429.979,108.00,658050.283,1159429.965,116.5,4,658049.759,1159430.793,10.48528633,76.44416967,0.365,0.032,9.5,10.0,0.0,18.2,1944,2047,RTK FIXED
28.391,070340.40,10.48528200,76.44417300,10.48528192,76.44417300,658050.282,1159429.979,108.00,658050.282,1159429.971,116.5,4,658049.759,1159430.793,10.48528633,76.44416967,0.365,0.032,9.5,10.0,-0.5,18.0,1944,2047,RTK FIXED
28.438,070340.40,10.48528200,76.44417300,10.48528195,76.44417300,658050.282,1159429.979,108.00,658050.282,1159429.974,116.5,4,658049.759,1159430.793,10.48528633,76.44416967,0.365,0.032,9.5,10.0,0.0,18.1,1944,2047,RTK FIXED
28.492,070340.60,10.48528200,76.44417300,10.48528197,76.44417300,658050.282,1159429.979,108.00,658050.282,1159429.976,115.1,4,658049.759,1159430.793,10.48528633,76.44416967,0.364,0.048,9.2,10.0,0.0,17.5,1891,2047,RTK FIXED
28.539,070340.60,10.48528200,76.44417300,10.48528198,76.44417300,658050.282,1159429.979,108.00,658050.282,1159429.977,115.1,4,658049.759,1159430.793,10.48528633,76.44416967,0.364,0.048,9.2,10.0,0.5,17.9,1891,2047,RTK FIXED
28.592,070340.60,10.48528200,76.44417300,10.48528199,76.44417300,658050.282,1159429.979,108.00,658050.282,1159429.978,115.1,4,658049.759,1159430.793,10.48528633,76.44416967,0.364,0.048,9.2,10.0,0.0,17.5,1891,2047,RTK FIXED
28.646,070340.60,10.48528200,76.44417300,10.48528199,76.44417300,658050.282,1159429.979,108.00,658050.282,1159429.979,115.1,4,658049.759,1159430.793,10.48528633,76.44416967,0.364,0.048,9.2,10.0,0.0,17.9,1891,2047,RTK FIXED
28.693,070340.80,10.48528200,76.44417200,10.48528200,76.44417260,658050.164,1159429.975,108.00,658050.235,1159429.977,115.1,4,658049.759,1159430.793,10.48528633,76.44416967,0.365,0.033,9.5,10.0,-0.5,17.6,1938,2047,RTK FIXED
28.746,070340.80,10.48528200,76.44417200,10.48528200,76.44417236,658050.164,1159429.975,108.00,658050.206,1159429.976,115.1,4,658049.759,1159430.793,10.48528633,76.44416967,0.365,0.033,9.5,10.0,0.0,16.9,1938,2047,RTK FIXED
28.792,070340.80,10.48528200,76.44417200,10.48528200,76.44417222,658050.164,1159429.975,108.00,658050.189,1159429.976,115.1,4,658049.759,1159430.793,10.48528633,76.44416967,0.365,0.033,9.5,10.0,0.5,17.6,1938,2047,RTK FIXED
28.846,070340.80,10.48528200,76.44417200,10.48528200,76.44417213,658050.164,1159429.975,108.00,658050.179,1159429.975,115.1,4,658049.759,1159430.793,10.48528633,76.44416967,0.365,0.033,9.5,10.0,-0.5,17.4,1938,2047,RTK FIXED
28.893,070341.00,10.48528300,76.44417200,10.48528240,76.44417208,658050.163,1159430.086,108.00,658050.173,1159430.020,122.2,4,658049.759,1159430.793,10.48528633,76.44416967,0.366,-0.003,10.0,10.0,0.5,17.2,2047,2038,RTK FIXED
28.947,070341.00,10.48528300,76.44417200,10.48528264,76.44417205,658050.163,1159430.086,108.00,658050.169,1159430.046,122.2,4,658049.759,1159430.793,10.48528633,76.44416967,0.366,-0.003,10.0,10.0,-0.5,17.6,2047,2038,RTK FIXED
28.993,070341.20,10.48528300,76.44417200,10.48528278,76.44417203,658050.205,1159430.107,108.00,658050.183,1159430.070,122.2,4,658049.759,1159430.793,10.48528633,76.44416967,0.366,-0.001,10.0,10.0,0.0,17.4,2047,2045,RTK FIXED
29.047,070341.20,10.48528300,76.44417200,10.48528287,76.44417202,658050.205,1159430.107,108.00,658050.192,1159430.085,122.2,4,658049.759,1159430.793,10.48528633,76.44416967,0.366,-0.001,10.0,10.0,0.0,18.1,2047,2045,RTK FIXED
29.093,070341.20,10.48528300,76.44417200,10.48528292,76.44417201,658050.205,1159430.107,108.00,658050.197,1159430.094,122.2,4,658049.759,1159430.793,10.48528633,76.44416967,0.366,-0.001,10.0,10.0,0.0,17.4,2047,2045,RTK FIXED
29.147,070341.20,10.48528300,76.44417200,10.48528295,76.44417201,658050.205,1159430.107,108.00,658050.200,1159430.099,122.2,4,658049.759,1159430.793,10.48528633,76.44416967,0.366,-0.001,10.0,10.0,0.0,18.0,2047,2045,RTK FIXED
29.192,070341.40,10.48528300,76.44417200,10.48528297,76.44417200,658050.205,1159430.107,108.00,658050.202,1159430.102,122.2,4,658049.759,1159430.793,10.48528633,76.44416967,0.366,-0.000,10.0,10.0,0.0,18.1,2047,2047,RTK FIXED
29.247,070341.40,10.48528300,76.44417200,10.48528298,76.44417200,658050.205,1159430.107,108.00,658050.203,1159430.104,122.2,4,658049.759,1159430.793,10.48528633,76.44416967,0.366,-0.000,10.0,10.0,0.0,17.9,2047,2047,RTK FIXED
29.300,070341.40,10.48528300,76.44417200,10.48528299,76.44417200,658050.205,1159430.107,108.00,658050.204,1159430.105,122.2,4,658049.759,1159430.793,10.48528633,76.44416967,0.366,-0.000,10.0,10.0,0.0,18.3,2047,2047,RTK FIXED
29.347,070341.40,10.48528300,76.44417200,10.48528299,76.44417200,658050.205,1159430.107,108.00,658050.204,1159430.106,122.2,4,658049.759,1159430.793,10.48528633,76.44416967,0.366,-0.000,10.0,10.0,0.5,18.3,2047,2047,RTK FIXED
29.401,070341.40,10.48528300,76.44417200,10.48528300,76.44417200,658050.205,1159430.107,108.00,658050.204,1159430.106,122.2,4,658049.759,1159430.793,10.48528633,76.44416967,0.366,-0.000,10.0,10.0,0.0,18.0,2047,2047,RTK FIXED
29.446,070341.40,10.48528300,76.44417200,10.48528300,76.44417200,658050.205,1159430.107,108.00,658050.204,1159430.106,122.2,4,658049.759,1159430.793,10.48528633,76.44416967,0.366,-0.000,10.0,10.0,0.0,18.7,2047,2047,RTK FIXED
29.501,070341.60,10.48528400,76.44417200,10.48528340,76.44417200,658050.204,1159430.217,108.00,658050.204,1159430.151,113.2,4,658049.759,1159430.793,10.48528633,76.44416967,0.361,0.066,9.0,10.0,0.0,18.2,1833,2047,RTK FIXED
29.547,070341.60,10.48528400,76.44417200,10.48528364,76.44417200,658050.204,1159430.217,108.00,658050.204,1159430.177,113.2,4,658049.759,1159430.793,10.48528633,76.44416967,0.361,0.066,9.0,10.0,-0.5,18.0,1833,2047,RTK FIXED
29.601,070341.60,10.48528400,76.44417200,10.48528378,76.44417200,658050.204,1159430.217,108.00,658050.204,1159430.193,113.2,4,658049.759,1159430.793,10.48528633,76.44416967,0.361,0.066,9.0,10.0,0.5,18.1,1833,2047,RTK FIXED
29.648,070341.80,10.48528400,76.44417100,10.48528387,76.44417160,658050.042,1159430.191,108.00,658050.139,1159430.192,113.2,4,658049.759,1159430.793,10.48528633,76.44416967,0.364,0.058,9.1,10.0,0.0,18.2,1861,2047,RTK FIXED
29.701,070341.80,10.48528400,76.44417100,10.48528392,76.44417136,658050.042,1159430.191,108.00,658050.100,1159430.192,113.2,4,658049.759,1159430.793,10.48528633,76.44416967,0.364,0.058,9.1,10.0,0.0,18.2,1861,2047,RTK FIXED
29.747,070341.80,10.48528400,76.44417100,10.48528395,76.44417122,658050.042,1159430.191,108.00,658050.077,1159430.192,113.2,4,658049.759,1159430.793,10.48528633,76.44416967,0.364,0.058,9.1,10.0,0.0,18.6,1861,2047,RTK FIXED
29.800,070341.80,10.48528400,76.44417100,10.48528397,76.44417113,658050.042,1159430.191,108.00,658050.063,1159430.191,113.2,4,658049.759,1159430.793,10.48528633,76.44416967,0.364,0.058,9.1,10.0,-0.5,17.7,1861,2047,RTK FIXED
29.855,070341.80,10.48528400,76.44417100,10.48528398,76.44417108,658050.042,1159430.191,108.00,658050.055,1159430.191,113.2,4,658049.759,1159430.793,10.48528633,76.44416967,0.364,0.058,9.1,10.0,0.0,18.3,1861,2047,RTK FIXED
29.902,070342.00,10.48528400,76.44417100,10.48528399,76.44417105,658050.042,1159430.191,108.00,658050.050,1159430.191,127.0,4,658049.759,1159430.793,10.48528633,76.44416967,0.363,-0.037,10.0,9.4,0.5,18.2,2047,1927,RTK FIXED
29.956,070342.20,10.48528500,76.44417100,10.48528439,76.44417103,658050.120,1159430.344,108.00,658050.078,1159430.252,127.0,4,658049.759,1159430.793,10.48528633,76.44416967,0.365,-0.035,10.0,9.4,-0.5,18.1,2047,1934,RTK FIXED
30.001,070342.20,10.48528500,76.44417100,10.48528464,76.44417102,658050.120,1159430.344,108.00,658050.095,1159430.289,127.0,4,658049.759,1159430.793,10.48528633,76.44416967,0.365,-0.035,10.0,9.4,0.5,18.1,2047,1934,RTK FIXED
30.056,070342.20,10.48528500,76.44417100,10.48528478,76.44417101,658050.120,1159430.344,108.00,658050.105,1159430.311,127.0,4,658049.759,1159430.793,10.48528633,76.44416967,0.365,-0.035,10.0,9.4,-0.5,17.0,2047,1934,RTK FIXED
30.102,070342.20,10.48528500,76.44417100,10.48528487,76.44417101,658050.120,1159430.344,108.00,658050.111,1159430.324,127.0,4,658049.759,1159430.793,10.48528633,76.44416967,0.365,-0.035,10.0,9.4,0.5,16.9,2047,1934,RTK FIXED
30.156,070342.40,10.48528500,76.44417100,10.48528492,76.44417100,658050.120,1159430.344,108.00,658050.114,1159430.332,114.0,4,658049.759,1159430.793,10.48528633,76.44416967,0.362,0.052,9.2,10.0,-0.5,17.0,1879,2047,RTK FIXED
30.202,070342.40,10.48528500,76.44417100,10.48528495,76.44417100,658050.120,1159430.344,108.00,658050.116,1159430.337,114.0,4,658049.759,1159430.793,10.48528633,76.44416967,0.362,0.052,9.2,10.0,0.0,17.7,1879,2047,RTK FIXED
30.255,070342.40,10.48528500,76.44417100,10.48528497,76.44417100,658050.120,1159430.344,108.00,658050.118,1159430.340,114.0,4,658049.759,1159430.793,10.48528633,76.44416967,0.362,0.052,9.2,10.0,0.0,17.1,1879,2047,RTK FIXED
30.309,070342.40,10.48528500,76.44417100,10.48528498,76.44417100,658050.120,1159430.344,108.00,658050.119,1159430.341,114.0,4,658049.759,1159430.793,10.48528633,76.44416967,0.362,0.052,9.2,10.0,0.0,18.1,1879,2047,RTK FIXED
30.356,070342.60,10.48528500,76.44417100,10.48528499,76.44417100,658050.047,1159430.304,108.00,658050.090,1159430.326,114.0,4,658049.759,1159430.793,10.48528633,76.44416967,0.363,0.060,9.1,10.0,0.5,18.2,1854,2047,RTK FIXED
30.410,070342.60,10.48528500,76.44417100,10.48528499,76.44417100,658050.047,1159430.304,108.00,658050.073,1159430.317,114.0,4,658049.759,1159430.793,10.48528633,76.44416967,0.363,0.060,9.1,10.0,0.0,18.6,1854,2047,RTK FIXED
30.456,070342.60,10.48528500,76.44417100,10.48528500,76.44417100,658050.047,1159430.304,108.00,658050.062,1159430.312,114.0,4,658049.759,1159430.793,10.48528633,76.44416967,0.363,0.060,9.1,10.0,0.0,17.9,1854,2047,RTK FIXED
30.510,070342.60,10.48528500,76.44417100,10.48528500,76.44417100,658050.047,1159430.304,108.00,658050.056,1159430.309,114.0,4,658049.759,1159430.793,10.48528633,76.44416967,0.363,0.060,9.1,10.0,0.0,18.5,1854,2047,RTK FIXED
30.556,070342.60,10.48528500,76.44417100,10.48528500,76.44417100,658050.047,1159430.304,108.00,658050.052,1159430.307,114.0,4,658049.759,1159430.793,10.48528633,76.44416967,0.363,0.060,9.1,10.0,-0.5,18.5,1854,2047,RTK FIXED
30.610,070342.60,10.48528500,76.44417100,10.48528500,76.44417100,658050.047,1159430.304,108.00,658050.050,1159430.305,114.0,4,658049.759,1159430.793,10.48528633,76.44416967,0.363,0.060,9.1,10.0,0.5,18.1,1854,2047,RTK FIXED
30.664,070342.80,10.48528500,76.44417000,10.48528500,76.44417060,658049.937,1159430.303,108.00,658050.005,1159430.305,131.0,4,658049.759,1159430.793,10.48528633,76.44416967,0.359,-0.065,10.0,9.0,-0.5,18.4,2047,1838,RTK FIXED
30.710,070342.80,10.48528500,76.44417000,10.48528500,76.44417036,658049.937,1159430.303,108.00,658049.978,1159430.304,131.0,4,658049.759,1159430.793,10.48528633,76.44416967,0.359,-0.065,10.0,9.0,0.5,18.1,2047,1838,RTK FIXED
30.764,070342.80,10.48528500,76.44417000,10.48528500,76.44417022,658049.937,1159430.303,108.00,658049.962,1159430.304,131.0,4,658049.759,1159430.793,10.48528633,76.44416967,0.359,-0.065,10.0,9.0,-0.5,17.5,2047,1838,RTK FIXED
30.810,070342.80,10.48528500,76.44417000,10.48528500,76.44417013,658049.937,1159430.303,108.00,658049.952,1159430.304,131.0,4,658049.759,1159430.793,10.48528633,76.44416967,0.359,-0.065,10.0,9.0,0.5,16.9,2047,1838,RTK FIXED
30.864,070342.80,10.48528500,76.44417000,10.48528500,76.44417008,658049.937,1159430.303,108.00,658049.946,1159430.303,131.0,4,658049.759,1159430.793,10.48528633,76.44416967,0.359,-0.065,10.0,9.0,-0.5,16.7,2047,1838,RTK FIXED
30.910,070343.00,10.48528600,76.44417000,10.48528540,76.44417005,658050.030,1159430.470,108.00,658049.980,1159430.370,131.0,4,658049.759,1159430.793,10.48528633,76.44416967,0.362,-0.071,10.0,8.9,0.0,16.6,2047,1819,RTK FIXED
30.964,070343.20,10.48528600,76.44417000,10.48528564,76.44417003,658050.030,1159430.470,108.00,658050.000,1159430.410,118.3,4,658049.759,1159430.793,10.48528633,76.44416967,0.365,0.010,9.8,10.0,0.0,16.7,2015,2047,RTK FIXED
31.010,070343.20,10.48528600,76.44417000,10.48528578,76.44417002,658050.030,1159430.470,108.00,658050.012,1159430.434,118.3,4,658049.759,1159430.793,10.48528633,76.44416967,0.365,0.010,9.8,10.0,0.0,17.0,2015,2047,RTK FIXED
31.064,070343.20,10.48528600,76.44417000,10.48528587,76.44417001,658050.030,1159430.470,108.00,658050.019,1159430.448,118.3,4,658049.759,1159430.793,10.48528633,76.44416967,0.365,0.010,9.8,10.0,0.5,15.8,2015,2047,RTK FIXED
31.110,070343.20,10.48528600,76.44417000,10.48528592,76.44417001,658050.030,1159430.470,108.00,658050.024,1159430.457,118.3,4,658049.759,1159430.793,10.48528633,76.44416967,0.365,0.010,9.8,10.0,-0.5,16.8,2015,2047,RTK FIXED
31.164,070343.20,10.48528600,76.44417000,10.48528595,76.44417000,658050.030,1159430.470,108.00,658050.026,1159430.462,118.3,4,658049.759,1159430.793,10.48528633,76.44416967,0.365,0.010,9.8,10.0,0.0,16.7,2015,2047,RTK FIXED
31.210,070343.20,10.48528600,76.44417000,10.48528597,76.44417000,658050.030,1159430.470,108.00,658050.028,1159430.465,118.3,4,658049.759,1159430.793,10.48528633,76.44416967,0.365,0.010,9.8,10.0,0.0,17.4,2015,2047,RTK FIXED
31.264,070343.40,10.48528600,76.44417000,10.48528598,76.44417000,658049.962,1159430.425,108.00,658050.002,1159430.449,118.3,4,658049.759,1159430.793,10.48528633,76.44416967,0.360,0.016,9.7,10.0,0.0,17.8,1993,2047,RTK FIXED
31.318,070343.40,10.48528600,76.44417000,10.48528599,76.44417000,658049.962,1159430.425,108.00,658049.986,1159430.440,118.3,4,658049.759,1159430.793,10.48528633,76.44416967,0.360,0.016,9.7,10.0,0.5,17.3,1993,2047,RTK FIXED
31.363,070343.40,10.48528600,76.44417000,10.48528599,76.44417000,658049.962,1159430.425,108.00,658049.976,1159430.434,118.3,4,658049.759,1159430.793,10.48528633,76.44416967,0.360,0.016,9.7,10.0,0.0,17.6,1993,2047,RTK FIXED
31.419,070343.40,10.48528600,76.44417000,10.48528600,76.44417000,658049.962,1159430.425,108.00,658049.971,1159430.431,118.3,4,658049.759,1159430.793,10.48528633,76.44416967,0.360,0.016,9.7,10.0,-0.5,17.8,1993,2047,RTK FIXED
31.465,070343.60,10.48528700,76.44417000,10.48528640,76.44417000,658049.962,1159430.536,108.00,658049.967,1159430.473,118.3,4,658049.759,1159430.793,10.48528633,76.44416967,0.320,0.023,9.6,10.0,0.0,18.3,1962,2047,RTK FIXED
31.518,070343.60,10.48528700,76.44417000,10.48528664,76.44417000,658049.962,1159430.536,108.00,658049.965,1159430.498,118.3,4,658049.759,1159430.793,10.48528633,76.44416967,0.320,0.023,9.6,10.0,0.5,18.2,1962,2047,RTK FIXED
31.564,070343.60,10.48528700,76.44417000,10.48528678,76.44417000,658049.962,1159430.536,108.00,658049.964,1159430.513,118.3,4,658049.759,1159430.793,10.48528633,76.44416967,0.320,0.023,9.6,10.0,0.0,18.2,1962,2047,RTK FIXED
31.618,070343.60,10.48528700,76.44417000,10.48528687,76.44417000,658049.962,1159430.536,108.00,658049.963,1159430.522,118.3,4,658049.759,1159430.793,10.48528633,76.44416967,0.320,0.023,9.6,10.0,-0.5,17.9,1962,2047,RTK FIXED
31.668,070343.80,10.48528700,76.44417000,10.48528692,76.44417000,658049.962,1159430.536,108.00,658049.962,1159430.528,119.4,5,658049.225,1159431.712,10.48529467,76.44416483,0.366,0.014,9.8,10.0,0.0,17.6,2000,2047,RTK FIXED
31.718,070343.80,10.48528700,76.44417000,10.48528695,76.44417000,658049.962,1159430.536,108.00,658049.962,1159430.531,119.4,5,658049.225,1159431.712,10.48529467,76.44416483,0.366,0.014,9.8,10.0,0.0,18.0,2000,2047,RTK FIXED
31.764,070343.80,10.48528700,76.44417000,10.48528697,76.44417000,658049.962,1159430.536,108.00,658049.962,1159430.533,119.4,5,658049.225,1159431.712,10.48529467,76.44416483,0.366,0.014,9.8,10.0,0.0,17.9,2000,2047,RTK FIXED
31.819,070343.80,10.48528700,76.44417000,10.48528698,76.44417000,658049.962,1159430.536,108.00,658049.962,1159430.534,119.4,5,658049.225,1159431.712,10.48529467,76.44416483,0.366,0.014,9.8,10.0,0.5,18.2,2000,2047,RTK FIXED
31.873,070344.00,10.48528700,76.44416900,10.48528699,76.44416960,658049.858,1159430.539,108.00,658049.920,1159430.536,119.4,5,658049.225,1159431.712,10.48529467,76.44416483,0.366,0.003,10.0,10.0,0.0,17.5,2038,2047,RTK FIXED
31.918,070344.00,10.48528700,76.44416900,10.48528699,76.44416936,658049.858,1159430.539,108.00,658049.895,1159430.537,119.4,5,658049.225,1159431.712,10.48529467,76.44416483,0.366,0.003,10.0,10.0,0.0,18.3,2038,2047,RTK FIXED
31.972,070344.00,10.48528700,76.44416900,10.48528700,76.44416922,658049.858,1159430.539,108.00,658049.881,1159430.538,119.4,5,658049.225,1159431.712,10.48529467,76.44416483,0.366,0.003,10.0,10.0,0.0,17.2,2038,2047,RTK FIXED
32.019,070344.00,10.48528700,76.44416900,10.48528700,76.44416913,658049.858,1159430.539,108.00,658049.872,1159430.538,119.4,5,658049.225,1159431.712,10.48529467,76.44416483,0.366,0.003,10.0,10.0,-0.5,17.6,2038,2047,RTK FIXED
32.073,070344.20,10.48528800,76.44416900,10.48528740,76.44416908,658049.858,1159430.649,108.00,658049.866,1159430.582,124.3,5,658049.225,1159431.712,10.48529467,76.44416483,0.366,-0.017,10.0,9.7,0.0,18.0,2047,1992,RTK FIXED
32.119,070344.20,10.48528800,76.44416900,10.48528764,76.44416905,658049.858,1159430.649,108.00,658049.863,1159430.609,124.3,5,658049.225,1159431.712,10.48529467,76.44416483,0.366,-0.017,10.0,9.7,0.5,17.4,2047,1992,RTK FIXED
32.173,070344.20,10.48528800,76.44416900,10.48528778,76.44416903,658049.858,1159430.649,108.00,658049.861,1159430.625,124.3,5,658049.225,1159431.712,10.48529467,76.44416483,0.366,-0.017,10.0,9.7,-0.5,18.1,2047,1992,RTK FIXED
32.218,070344.20,10.48528800,76.44416900,10.48528787,76.44416902,658049.858,1159430.649,108.00,658049.859,1159430.635,124.3,5,658049.225,1159431.712,10.48529467,76.44416483,0.366,-0.017,10.0,9.7,0.5,17.0,2047,1992,RTK FIXED
32.273,070344.40,10.48528800,76.44416900,10.48528792,76.44416901,658049.885,1159430.665,108.00,658049.870,1159430.647,124.3,5,658049.225,1159431.712,10.48529467,76.44416483,0.366,-0.015,10.0,9.8,0.0,17.3,2047,1998,RTK FIXED
32.319,070344.40,10.48528800,76.44416900,10.48528795,76.44416901,658049.885,1159430.665,108.00,658049.876,1159430.654,124.3,5,658049.225,1159431.712,10.48529467,76.44416483,0.366,-0.015,10.0,9.8,-0.6,17.6,2047,1998,RTK FIXED
32.373,070344.60,10.48528800,76.44416900,10.48528797,76.44416900,658049.885,1159430.665,108.00,658049.879,1159430.659,124.3,5,658049.225,1159431.712,10.48529467,76.44416483,0.366,-0.011,10.0,9.8,0.0,16.9,2047,2011,RTK FIXED
32.427,070344.60,10.48528800,76.44416900,10.48528798,76.44416900,658049.885,1159430.665,108.00,658049.882,1159430.661,124.3,5,658049.225,1159431.712,10.48529467,76.44416483,0.366,-0.011,10.0,9.8,0.5,17.7,2047,2011,RTK FIXED
32.472,070344.60,10.48528800,76.44416900,10.48528799,76.44416900,658049.885,1159430.665,108.00,658049.883,1159430.663,124.3,5,658049.225,1159431.712,10.48529467,76.44416483,0.366,-0.011,10.0,9.8,-0.6,18.2,2047,2011,RTK FIXED
32.526,070344.60,10.48528800,76.44416900,10.48528799,76.44416900,658049.885,1159430.665,108.00,658049.884,1159430.664,124.3,5,658049.225,1159431.712,10.48529467,76.44416483,0.366,-0.011,10.0,9.8,0.0,18.1,2047,2011,RTK FIXED
32.574,070344.80,10.48528800,76.44416800,10.48528800,76.44416860,658049.776,1159430.665,108.00,658049.840,1159430.664,124.8,5,658049.225,1159431.712,10.48529467,76.44416483,0.365,-0.026,10.0,9.6,0.5,18.3,2047,1960,RTK FIXED
32.627,070344.80,10.48528800,76.44416800,10.48528800,76.44416836,658049.776,1159430.665,108.00,658049.814,1159430.664,124.8,5,658049.225,1159431.712,10.48529467,76.44416483,0.365,-0.026,10.0,9.6,0.0,17.9,2047,1960,RTK FIXED
32.673,070344.80,10.48528800,76.44416800,10.48528800,76.44416822,658049.776,1159430.665,108.00,658049.799,1159430.664,124.8,5,658049.225,1159431.712,10.48529467,76.44416483,0.365,-0.026,10.0,9.6,0.0,16.3,2047,1960,RTK FIXED
32.727,070344.80,10.48528800,76.44416800,10.48528800,76.44416813,658049.776,1159430.665,108.00,658049.790,1159430.665,124.8,5,658049.225,1159431.712,10.48529467,76.44416483,0.365,-0.026,10.0,9.6,0.0,17.1,2047,1960,RTK FIXED
32.773,070344.80,10.48528800,76.44416800,10.48528800,76.44416808,658049.776,1159430.665,108.00,658049.784,1159430.665,124.8,5,658049.225,1159431.712,10.48529467,76.44416483,0.365,-0.026,10.0,9.6,-0.5,17.4,2047,1960,RTK FIXED
32.827,070344.80,10.48528800,76.44416800,10.48528800,76.44416805,658049.776,1159430.665,108.00,658049.781,1159430.665,124.8,5,658049.225,1159431.712,10.48529467,76.44416483,0.365,-0.026,10.0,9.6,0.5,17.1,2047,1960,RTK FIXED
32.874,070345.00,10.48528900,76.44416800,10.48528840,76.44416803,658049.778,1159430.777,108.00,658049.779,1159430.710,124.8,5,658049.225,1159431.712,10.48529467,76.44416483,0.365,-0.028,10.0,9.6,-0.5,17.1,2047,1955,RTK FIXED
32.928,070345.00,10.48528900,76.44416800,10.48528864,76.44416802,658049.778,1159430.777,108.00,658049.779,1159430.736,124.8,5,658049.225,1159431.712,10.48529467,76.44416483,0.365,-0.028,10.0,9.6,0.0,17.5,2047,1955,RTK FIXED
32.982,070345.20,10.48528900,76.44416800,10.48528878,76.44416801,658049.778,1159430.777,108.00,658049.778,1159430.753,122.3,5,658049.225,1159431.712,10.48529467,76.44416483,0.366,-0.010,10.0,9.8,0.0,17.4,2047,2013,RTK FIXED
33.027,070345.20,10.48528900,76.44416800,10.48528887,76.44416801,658049.778,1159430.777,108.00,658049.778,1159430.762,122.3,5,658049.225,1159431.712,10.48529467,76.44416483,0.366,-0.010,10.0,9.8,0.0,17.2,2047,2013,RTK FIXED
33.081,070345.20,10.48528900,76.44416800,10.48528892,76.44416800,658049.778,1159430.777,108.00,658049.778,1159430.768,122.3,5,658049.225,1159431.712,10.48529467,76.44416483,0.366,-0.010,10.0,9.8,0.0,17.2,2047,2013,RTK FIXED
33.127,070345.20,10.48528900,76.44416800,10.48528895,76.44416800,658049.778,1159430.777,108.00,658049.778,1159430.772,122.3,5,658049.225,1159431.712,10.48529467,76.44416483,0.366,-0.010,10.0,9.8,0.5,17.1,2047,2013,RTK FIXED
33.182,070345.40,10.48528900,76.44416800,10.48528897,76.44416800,658049.764,1159430.769,108.00,658049.772,1159430.770,122.3,5,658049.225,1159431.712,10.48529467,76.44416483,0.366,-0.009,10.0,9.9,0.0,17.9,2047,2017,RTK FIXED
33.228,070345.40,10.48528900,76.44416800,10.48528898,76.44416800,658049.764,1159430.769,108.00,658049.769,1159430.770,122.3,5,658049.225,1159431.712,10.48529467,76.44416483,0.366,-0.009,10.0,9.9,-0.5,17.5,2047,2017,RTK FIXED
33.282,070345.40,10.48528900,76.44416800,10.48528899,76.44416800,658049.764,1159430.769,108.00,658049.767,1159430.769,122.3,5,658049.225,1159431.712,10.48529467,76.44416483,0.366,-0.009,10.0,9.9,0.0,18.0,2047,2017,RTK FIXED
33.328,070345.40,10.48528900,76.44416800,10.48528899,76.44416800,658049.764,1159430.769,108.00,658049.766,1159430.769,122.3,5,658049.225,1159431.712,10.48529467,76.44416483,0.366,-0.009,10.0,9.9,0.5,18.5,2047,2017,RTK FIXED
33.382,070345.40,10.48528900,76.44416800,10.48528900,76.44416800,658049.764,1159430.769,108.00,658049.765,1159430.769,122.3,5,658049.225,1159431.712,10.48529467,76.44416483,0.366,-0.009,10.0,9.9,-0.5,18.3,2047,2017,RTK FIXED
33.429,070345.40,10.48528900,76.44416800,10.48528900,76.44416800,658049.764,1159430.769,108.00,658049.765,1159430.769,122.3,5,658049.225,1159431.712,10.48529467,76.44416483,0.366,-0.009,10.0,9.9,0.5,19.2,2047,2017,RTK FIXED
33.482,070345.60,10.48529000,76.44416800,10.48528940,76.44416800,658049.764,1159430.879,108.00,658049.764,1159430.813,122.3,5,658049.225,1159431.712,10.48529467,76.44416483,0.366,-0.002,10.0,10.0,0.0,17.5,2047,2041,RTK FIXED
33.536,070345.60,10.48529000,76.44416800,10.48528964,76.44416800,658049.764,1159430.879,108.00,658049.764,1159430.839,122.3,5,658049.225,1159431.712,10.48529467,76.44416483,0.366,-0.002,10.0,10.0,-0.5,18.7,2047,2041,RTK FIXED
33.582,070345.60,10.48529000,76.44416800,10.48528978,76.44416800,658049.764,1159430.879,108.00,658049.764,1159430.855,122.3,5,658049.225,1159431.712,10.48529467,76.44416483,0.366,-0.002,10.0,10.0,0.0,18.3,2047,2041,RTK FIXED
33.635,070345.60,10.48529000,76.44416800,10.48528987,76.44416800,658049.764,1159430.879,108.00,658049.764,1159430.865,122.3,5,658049.225,1159431.712,10.48529467,76.44416483,0.366,-0.002,10.0,10.0,0.0,18.7,2047,2041,RTK FIXED
33.682,070345.80,10.48529000,76.44416800,10.48528992,76.44416800,658049.764,1159430.879,108.00,658049.764,1159430.871,117.5,5,658049.225,1159431.712,10.48529467,76.44416483,0.365,0.025,9.6,10.0,0.5,18.2,1965,2047,RTK FIXED
33.736,070345.80,10.48529000,76.44416800,10.48528995,76.44416800,658049.764,1159430.879,108.00,658049.764,1159430.874,117.5,5,658049.225,1159431.712,10.48529467,76.44416483,0.365,0.025,9.6,10.0,0.0,18.6,1965,2047,RTK FIXED
33.782,070345.80,10.48529000,76.44416800,10.48528997,76.44416800,658049.764,1159430.879,108.00,658049.764,1159430.876,117.5,5,658049.225,1159431.712,10.48529467,76.44416483,0.365,0.025,9.6,10.0,-0.5,18.5,1965,2047,RTK FIXED
33.836,070345.80,10.48529000,76.44416800,10.48528998,76.44416800,658049.764,1159430.879,108.00,658049.764,1159430.877,117.5,5,658049.225,1159431.712,10.48529467,76.44416483,0.365,0.025,9.6,10.0,0.5,18.1,1965,2047,RTK FIXED
33.882,070346.00,10.48529000,76.44416700,10.48528999,76.44416760,658049.627,1159430.864,108.00,658049.709,1159430.872,117.5,5,658049.225,1159431.712,10.48529467,76.44416483,0.366,0.009,9.9,10.0,-0.5,18.2,2018,2047,RTK FIXED
33.936,070346.00,10.48529000,76.44416700,10.48528999,76.44416736,658049.627,1159430.864,108.00,658049.676,1159430.869,117.5,5,658049.225,1159431.712,10.48529467,76.44416483,0.366,0.009,9.9,10.0,0.0,18.2,2018,2047,RTK FIXED
33.983,070346.20,10.48529100,76.44416700,10.48529040,76.44416722,658049.626,1159430.974,108.00,658049.656,1159430.911,125.7,5,658049.225,1159431.712,10.48529467,76.44416483,0.364,-0.037,10.0,9.4,0.5,18.2,2047,1924,RTK FIXED
34.036,070346.20,10.48529100,76.44416700,10.48529064,76.44416713,658049.626,1159430.974,108.00,658049.644,1159430.936,125.7,5,658049.225,1159431.712,10.48529467,76.44416483,0.364,-0.037,10.0,9.4,-0.5,18.3,2047,1924,RTK FIXED
34.090,070346.20,10.48529100,76.44416700,10.48529078,76.44416708,658049.626,1159430.974,108.00,658049.637,1159430.952,125.7,5,658049.225,1159431.712,10.48529467,76.44416483,0.364,-0.037,10.0,9.4,0.5,18.5,2047,1924,RTK FIXED
34.136,070346.20,10.48529100,76.44416700,10.48529087,76.44416705,658049.626,1159430.974,108.00,658049.633,1159430.961,125.7,5,658049.225,1159431.712,10.48529467,76.44416483,0.364,-0.037,10.0,9.4,-0.5,16.9,2047,1924,RTK FIXED
34.190,070346.40,10.48529100,76.44416700,10.48529092,76.44416703,658049.672,1159431.001,108.00,658049.649,1159430.977,125.7,5,658049.225,1159431.712,10.48529467,76.44416483,0.365,-0.037,10.0,9.4,0.0,17.0,2047,1925,RTK FIXED
34.236,070346.40,10.48529100,76.44416700,10.48529095,76.44416702,658049.672,1159431.001,108.00,658049.658,1159430.987,125.7,5,658049.225,1159431.712,10.48529467,76.44416483,0.365,-0.037,10.0,9.4,0.5,17.0,2047,1925,RTK FIXED
34.290,070346.40,10.48529100,76.44416700,10.48529097,76.44416701,658049.672,1159431.001,108.00,658049.664,1159430.992,125.7,5,658049.225,1159431.712,10.48529467,76.44416483,0.365,-0.037,10.0,9.4,-0.5,17.1,2047,1925,RTK FIXED
34.336,070346.40,10.48529100,76.44416700,10.48529098,76.44416701,658049.672,1159431.001,108.00,658049.667,1159430.996,125.7,5,658049.225,1159431.712,10.48529467,76.44416483,0.365,-0.037,10.0,9.4,0.5,17.4,2047,1925,RTK FIXED
34.390,070346.40,10.48529100,76.44416700,10.48529099,76.44416700,658049.672,1159431.001,108.00,658049.669,1159430.998,125.7,5,658049.225,1159431.712,10.48529467,76.44416483,0.365,-0.037,10.0,9.4,0.0,17.8,2047,1925,RTK FIXED
34.436,070346.40,10.48529100,76.44416700,10.48529099,76.44416700,658049.672,1159431.001,108.00,658049.670,1159430.999,125.7,5,658049.225,1159431.712,10.48529467,76.44416483,0.365,-0.037,10.0,9.4,-0.5,17.3,2047,1925,RTK FIXED
34.491,070346.60,10.48529100,76.44416700,10.48529100,76.44416700,658049.672,1159431.001,108.00,658049.671,1159431.000,125.7,5,658049.225,1159431.712,10.48529467,76.44416483,0.365,-0.032,10.0,9.5,0.0,16.8,2047,1943,RTK FIXED
34.536,070346.60,10.48529100,76.44416700,10.48529100,76.44416700,658049.672,1159431.001,108.00,658049.672,1159431.000,125.7,5,658049.225,1159431.712,10.48529467,76.44416483,0.365,-0.032,10.0,9.5,0.0,17.2,2047,1943,RTK FIXED
34.590,070346.60,10.48529100,76.44416700,10.48529100,76.44416700,658049.672,1159431.001,108.00,658049.672,1159431.001,125.7,5,658049.225,1159431.712,10.48529467,76.44416483,0.365,-0.032,10.0,9.5,0.0,16.9,2047,1943,RTK FIXED
34.636,070346.60,10.48529100,76.44416700,10.48529100,76.44416700,658049.672,1159431.001,108.00,658049.672,1159431.001,125.7,5,658049.225,1159431.712,10.48529467,76.44416483,0.365,-0.032,10.0,9.5,0.5,16.4,2047,1943,RTK FIXED
34.691,070346.80,10.48529200,76.44416700,10.48529140,76.44416700,658049.672,1159431.112,108.00,658049.672,1159431.045,115.7,5,658049.225,1159431.712,10.48529467,76.44416483,0.364,0.037,9.4,10.0,0.0,16.9,1926,2047,RTK FIXED
34.744,070346.80,10.48529200,76.44416700,10.48529164,76.44416700,658049.672,1159431.112,108.00,658049.672,1159431.072,115.7,5,658049.225,1159431.712,10.48529467,76.44416483,0.364,0.037,9.4,10.0,-0.5,17.5,1926,2047,RTK FIXED
34.790,070346.80,10.48529200,76.44416700,10.48529178,76.44416700,658049.672,1159431.112,108.00,658049.672,1159431.088,115.7,5,658049.225,1159431.712,10.48529467,76.44416483,0.364,0.037,9.4,10.0,0.5,16.8,1926,2047,RTK FIXED
34.844,070346.80,10.48529200,76.44416700,10.48529187,76.44416700,658049.672,1159431.112,108.00,658049.672,1159431.097,115.7,5,658049.225,1159431.712,10.48529467,76.44416483,0.364,0.037,9.4,10.0,0.0,17.2,1926,2047,RTK FIXED
34.891,070347.00,10.48529200,76.44416700,10.48529192,76.44416700,658049.616,1159431.080,108.00,658049.649,1159431.090,115.7,5,658049.225,1159431.712,10.48529467,76.44416483,0.364,0.046,9.3,10.0,-0.5,16.9,1896,2047,RTK FIXED
34.945,070347.20,10.48529200,76.44416600,10.48529195,76.44416660,658049.506,1159431.080,108.00,658049.592,1159431.086,127.7,5,658049.225,1159431.712,10.48529467,76.44416483,0.363,-0.040,10.0,9.4,0.0,16.7,2047,1916,RTK FIXED
34.990,070347.20,10.48529200,76.44416600,10.48529197,76.44416636,658049.506,1159431.080,108.00,658049.558,1159431.084,127.7,5,658049.225,1159431.712,10.48529467,76.44416483,0.363,-0.040,10.0,9.4,0.5,18.1,2047,1916,RTK FIXED
35.045,070347.20,10.48529200,76.44416600,10.48529198,76.44416622,658049.506,1159431.080,108.00,658049.537,1159431.082,127.7,5,658049.225,1159431.712,10.48529467,76.44416483,0.363,-0.040,10.0,9.4,0.0,17.1,2047,1916,RTK FIXED
35.090,070347.20,10.48529200,76.44416600,10.48529199,76.44416613,658049.506,1159431.080,108.00,658049.525,1159431.081,127.7,5,658049.225,1159431.712,10.48529467,76.44416483,0.363,-0.040,10.0,9.4,0.0,17.0,2047,1916,RTK FIXED
35.145,070347.20,10.48529200,76.44416600,10.48529199,76.44416608,658049.506,1159431.080,108.00,658049.517,1159431.081,127.7,5,658049.225,1159431.712,10.48529467,76.44416483,0.363,-0.040,10.0,9.4,-0.5,16.1,2047,1916,RTK FIXED
35.191,070347.40,10.48529300,76.44416600,10.48529240,76.44416605,658049.572,1159431.229,108.00,658049.539,1159431.140,127.7,5,658049.225,1159431.712,10.48529467,76.44416483,0.365,-0.044,10.0,9.3,0.5,16.1,2047,1905,RTK FIXED
35.245,070347.40,10.48529300,76.44416600,10.48529264,76.44416603,658049.572,1159431.229,108.00,658049.552,1159431.176,127.7,5,658049.225,1159431.712,10.48529467,76.44416483,0.365,-0.044,10.0,9.3,0.0,16.4,2047,1905,RTK FIXED
35.299,070347.40,10.48529300,76.44416600,10.48529278,76.44416602,658049.572,1159431.229,108.00,658049.560,1159431.197,127.7,5,658049.225,1159431.712,10.48529467,76.44416483,0.365,-0.044,10.0,9.3,0.0,15.7,2047,1905,RTK FIXED
35.345,070347.40,10.48529300,76.44416600,10.48529287,76.44416601,658049.572,1159431.229,108.00,658049.565,1159431.210,127.7,5,658049.225,1159431.712,10.48529467,76.44416483,0.365,-0.044,10.0,9.3,0.0,16.3,2047,1905,RTK FIXED
35.399,070347.60,10.48529300,76.44416600,10.48529292,76.44416601,658049.572,1159431.229,108.00,658049.568,1159431.218,118.4,5,658049.225,1159431.712,10.48529467,76.44416483,0.366,0.011,9.8,10.0,0.0,16.1,2009,2047,RTK FIXED
35.444,070347.60,10.48529300,76.44416600,10.48529295,76.44416600,658049.572,1159431.229,108.00,658049.570,1159431.222,118.4,5,658049.225,1159431.712,10.48529467,76.44416483,0.366,0.011,9.8,10.0,-0.6,16.1,2009,2047,RTK FIXED
35.499,070347.60,10.48529300,76.44416600,10.48529297,76.44416600,658049.572,1159431.229,108.00,658049.571,1159431.225,118.4,5,658049.225,1159431.712,10.48529467,76.44416483,0.366,0.011,9.8,10.0,0.0,16.0,2009,2047,RTK FIXED
35.545,070347.60,10.48529300,76.44416600,10.48529298,76.44416600,658049.572,1159431.229,108.00,658049.571,1159431.227,118.4,5,658049.225,1159431.712,10.48529467,76.44416483,0.366,0.011,9.8,10.0,0.0,16.9,2009,2047,RTK FIXED
35.599,070347.60,10.48529300,76.44416600,10.48529299,76.44416600,658049.572,1159431.229,108.00,658049.572,1159431.228,118.4,5,658049.225,1159431.712,10.48529467,76.44416483,0.366,0.011,9.8,10.0,0.5,16.8,2009,2047,RTK FIXED
35.646,070347.60,10.48529300,76.44416600,10.48529299,76.44416600,658049.572,1159431.229,108.00,658049.572,1159431.228,118.4,5,658049.225,1159431.712,10.48529467,76.44416483,0.366,0.011,9.8,10.0,-0.5,17.4,2009,2047,RTK FIXED
35.700,070347.80,10.48529300,76.44416600,10.48529300,76.44416600,658049.521,1159431.198,108.00,658049.552,1159431.216,118.4,5,658049.225,1159431.712,10.48529467,76.44416483,0.366,0.015,9.7,10.0,0.0,17.7,1996,2047,RTK FIXED
35.745,070347.80,10.48529300,76.44416600,10.48529300,76.44416600,658049.521,1159431.198,108.00,658049.540,1159431.209,118.4,5,658049.225,1159431.712,10.48529467,76.44416483,0.366,0.015,9.7,10.0,0.0,17.1,1996,2047,RTK FIXED
35.799,070347.80,10.48529300,76.44416600,10.48529300,76.44416600,658049.521,1159431.198,108.00,658049.532,1159431.204,118.4,5,658049.225,1159431.712,10.48529467,76.44416483,0.366,0.015,9.7,10.0,0.0,17.5,1996,2047,RTK FIXED
35.852,070347.80,10.48529300,76.44416600,10.48529300,76.44416600,658049.521,1159431.198,108.00,658049.528,1159431.202,118.4,5,658049.225,1159431.712,10.48529467,76.44416483,0.366,0.015,9.7,10.0,0.0,17.9,1996,2047,RTK FIXED
35.900,070348.00,10.48529400,76.44416600,10.48529340,76.44416600,658049.521,1159431.308,108.00,658049.525,1159431.244,118.4,5,658049.225,1159431.712,10.48529467,76.44416483,0.366,0.023,9.6,10.0,0.5,18.0,1971,2047,RTK FIXED
35.953,070348.00,10.48529400,76.44416600,10.48529364,76.44416600,658049.521,1159431.308,108.00,658049.523,1159431.270,118.4,5,658049.225,1159431.712,10.48529467,76.44416483,0.366,0.023,9.6,10.0,0.0,17.5,1971,2047,RTK FIXED
36.000,070348.20,10.48529400,76.44416600,10.48529378,76.44416600,658049.521,1159431.308,108.00,658049.522,1159431.285,117.7,5,658049.225,1159431.712,10.48529467,76.44416483,0.365,0.034,9.5,10.0,-0.5,18.0,1937,2047,RTK FIXED
36.054,070348.20,10.48529400,76.44416600,10.48529387,76.44416600,658049.521,1159431.308,108.00,658049.522,1159431.295,117.7,5,658049.225,1159431.712,10.48529467,76.44416483,0.365,0.034,9.5,10.0,0.5,18.2,1937,2047,RTK FIXED
36.099,070348.20,10.48529400,76.44416600,10.48529392,76.44416600,658049.521,1159431.308,108.00,658049.521,1159431.300,117.7,5,658049.225,1159431.712,10.48529467,76.44416483,0.365,0.034,9.5,10.0,0.0,17.3,1937,2047,RTK FIXED
36.154,070348.40,10.48529400,76.44416500,10.48529395,76.44416560,658049.407,1159431.306,108.00,658049.476,1159431.302,117.7,5,658049.225,1159431.712,10.48529467,76.44416483,0.366,0.018,9.7,10.0,-0.5,17.5,1986,2047,RTK FIXED
36.200,070348.40,10.48529400,76.44416500,10.48529397,76.44416536,658049.407,1159431.306,108.00,658049.448,1159431.304,117.7,5,658049.225,1159431.712,10.48529467,76.44416483,0.366,0.018,9.7,10.0,0.0,18.0,1986,2047,RTK FIXED
36.254,070348.40,10.48529400,76.44416500,10.48529398,76.44416522,658049.407,1159431.306,108.00,658049.432,1159431.305,117.7,5,658049.225,1159431.712,10.48529467,76.44416483,0.366,0.018,9.7,10.0,0.5,17.7,1986,2047,RTK FIXED
36.299,070348.40,10.48529400,76.44416500,10.48529399,76.44416513,658049.407,1159431.306,108.00,658049.422,1159431.305,117.7,5,658049.225,1159431.712,10.48529467,76.44416483,0.366,0.018,9.7,10.0,0.0,18.0,1986,2047,RTK FIXED
36.354,070348.40,10.48529400,76.44416500,10.48529399,76.44416508,658049.407,1159431.306,108.00,658049.416,1159431.305,117.7,5,658049.225,1159431.712,10.48529467,76.44416483,0.366,0.018,9.7,10.0,-0.5,17.9,1986,2047,RTK FIXED
36.407,070348.40,10.48529400,76.44416500,10.48529400,76.44416505,658049.407,1159431.306,108.00,658049.412,1159431.306,117.7,5,658049.225,1159431.712,10.48529467,76.44416483,0.366,0.018,9.7,10.0,0.5,18.2,1986,2047,RTK FIXED
36.454,070348.60,10.48529500,76.44416500,10.48529440,76.44416503,658049.407,1159431.417,108.00,658049.410,1159431.350,123.9,5,658049.225,1159431.712,10.48529467,76.44416483,0.352,-0.011,10.0,9.8,-0.5,17.7,2047,2010,RTK FIXED
36.507,070348.60,10.48529500,76.44416500,10.48529464,76.44416502,658049.407,1159431.417,108.00,658049.409,1159431.377,123.9,5,658049.225,1159431.712,10.48529467,76.44416483,0.352,-0.011,10.0,9.8,0.5,18.3,2047,2010,RTK FIXED
36.554,070348.60,10.48529500,76.44416500,10.48529478,76.44416501,658049.407,1159431.417,108.00,658049.408,1159431.393,123.9,5,658049.225,1159431.712,10.48529467,76.44416483,0.352,-0.011,10.0,9.8,0.0,17.8,2047,2010,RTK FIXED
36.608,070348.60,10.48529500,76.44416500,10.48529487,76.44416501,658049.407,1159431.417,108.00,658049.407,1159431.402,123.9,5,658049.225,1159431.712,10.48529467,76.44416483,0.352,-0.011,10.0,9.8,0.0,18.1,2047,2010,RTK FIXED
36.654,070348.80,10.48529500,76.44416500,10.48529492,76.44416500,658049.441,1159431.436,108.00,658049.421,1159431.416,123.9,5,658049.225,1159431.712,10.48529467,76.44416483,0.323,-0.008,10.0,9.9,0.0,17.6,2047,2017,RTK FIXED
36.708,070348.80,10.48529500,76.44416500,10.48529495,76.44416500,658049.441,1159431.436,108.00,658049.429,1159431.424,123.9,5,658049.225,1159431.712,10.48529467,76.44416483,0.323,-0.008,10.0,9.9,-0.5,18.3,2047,2017,RTK FIXED
36.754,070348.80,10.48529500,76.44416500,10.48529497,76.44416500,658049.441,1159431.436,108.00,658049.434,1159431.429,123.9,5,658049.225,1159431.712,10.48529467,76.44416483,0.323,-0.008,10.0,9.9,0.0,18.4,2047,2017,RTK FIXED
36.808,070348.80,10.48529500,76.44416500,10.48529498,76.44416500,658049.441,1159431.436,108.00,658049.437,1159431.432,123.9,5,658049.225,1159431.712,10.48529467,76.44416483,0.323,-0.008,10.0,9.9,0.5,18.1,2047,2017,RTK FIXED
36.865,070349.00,10.48529500,76.44416500,10.48529499,76.44416500,658049.441,1159431.436,108.00,658049.439,1159431.433,123.9,6,658048.692,1159432.631,10.48530300,76.44416000,0.366,-0.008,10.0,9.9,-0.4,18.5,2047,2020,RTK FIXED
36.908,070349.00,10.48529500,76.44416500,10.48529499,76.44416500,658049.441,1159431.436,108.00,658049.440,1159431.434,123.9,6,658048.692,1159432.631,10.48530300,76.44416000,0.366,-0.008,10.0,9.9,0.0,18.4,2047,2020,RTK FIXED
36.962,070349.00,10.48529500,76.44416500,10.48529500,76.44416500,658049.441,1159431.436,108.00,658049.441,1159431.435,123.9,6,658048.692,1159432.631,10.48530300,76.44416000,0.366,-0.008,10.0,9.9,0.0,18.1,2047,2020,RTK FIXED
37.009,070349.20,10.48529600,76.44416500,10.48529540,76.44416500,658049.441,1159431.547,108.00,658049.441,1159431.480,115.0,6,658048.692,1159432.631,10.48530300,76.44416000,0.363,0.048,9.2,10.0,0.5,18.2,1891,2047,RTK FIXED
37.062,070349.20,10.48529600,76.44416500,10.48529564,76.44416500,658049.441,1159431.547,108.00,658049.441,1159431.506,115.0,6,658048.692,1159432.631,10.48530300,76.44416000,0.363,0.048,9.2,10.0,0.0,18.7,1891,2047,RTK FIXED
37.108,070349.20,10.48529600,76.44416500,10.48529578,76.44416500,658049.441,1159431.547,108.00,658049.441,1159431.523,115.0,6,658048.692,1159432.631,10.48530300,76.44416000,0.363,0.048,9.2,10.0,-0.5,17.9,1891,2047,RTK FIXED
37.163,070349.40,10.48529600,76.44416500,10.48529587,76.44416500,658049.390,1159431.520,108.00,658049.420,1159431.521,115.0,6,658048.692,1159432.631,10.48530300,76.44416000,0.363,0.057,9.1,10.0,0.5,18.8,1861,2047,RTK FIXED
37.208,070349.40,10.48529600,76.44416500,10.48529592,76.44416500,658049.390,1159431.520,108.00,658049.408,1159431.521,115.0,6,658048.692,1159432.631,10.48530300,76.44416000,0.363,0.057,9.1,10.0,0.0,18.7,1861,2047,RTK FIXED
37.262,070349.40,10.48529600,76.44416500,10.48529595,76.44416500,658049.390,1159431.520,108.00,658049.401,1159431.520,115.0,6,658048.692,1159432.631,10.48530300,76.44416000,0.363,0.057,9.1,10.0,0.0,18.0,1861,2047,RTK FIXED
37.316,070349.40,10.48529600,76.44416500,10.48529597,76.44416500,658049.390,1159431.520,108.00,658049.397,1159431.520,115.0,6,658048.692,1159432.631,10.48530300,76.44416000,0.363,0.057,9.1,10.0,0.0,18.1,1861,2047,RTK FIXED
37.363,070349.40,10.48529600,76.44416500,10.48529598,76.44416500,658049.390,1159431.520,108.00,658049.394,1159431.520,115.0,6,658048.692,1159432.631,10.48530300,76.44416000,0.363,0.057,9.1,10.0,0.0,18.3,1861,2047,RTK FIXED
37.415,070349.40,10.48529600,76.44416500,10.48529599,76.44416500,658049.390,1159431.520,108.00,658049.392,1159431.520,115.0,6,658048.692,1159432.631,10.48530300,76.44416000,0.363,0.057,9.1,10.0,-0.5,18.0,1861,2047,RTK FIXED
37.463,070349.60,10.48529600,76.44416400,10.48529599,76.44416460,658049.280,1159431.519,108.00,658049.348,1159431.519,126.5,6,658048.692,1159432.631,10.48530300,76.44416000,0.365,-0.020,10.0,9.7,0.5,18.5,2047,1982,RTK FIXED
37.516,070349.60,10.48529600,76.44416400,10.48529600,76.44416436,658049.280,1159431.519,108.00,658049.321,1159431.519,126.5,6,658048.692,1159432.631,10.48530300,76.44416000,0.365,-0.020,10.0,9.7,-0.5,18.5,2047,1982,RTK FIXED
37.563,070349.60,10.48529600,76.44416400,10.48529600,76.44416422,658049.280,1159431.519,108.00,658049.305,1159431.519,126.5,6,658048.692,1159432.631,10.48530300,76.44416000,0.365,-0.020,10.0,9.7,0.0,17.5,2047,1982,RTK FIXED
37.616,070349.60,10.48529600,76.44416400,10.48529600,76.44416413,658049.280,1159431.519,108.00,658049.295,1159431.519,126.5,6,658048.692,1159432.631,10.48530300,76.44416000,0.365,-0.020,10.0,9.7,0.5,17.4,2047,1982,RTK FIXED
37.663,070349.80,10.48529700,76.44416400,10.48529640,76.44416408,658049.345,1159431.666,108.00,658049.315,1159431.578,126.5,6,658048.692,1159432.631,10.48530300,76.44416000,0.366,-0.024,10.0,9.6,-0.5,18.0,2047,1968,RTK FIXED
37.717,070349.80,10.48529700,76.44416400,10.48529664,76.44416405,658049.345,1159431.666,108.00,658049.327,1159431.613,126.5,6,658048.692,1159432.631,10.48530300,76.44416000,0.366,-0.024,10.0,9.6,0.0,17.6,2047,1968,RTK FIXED
37.763,070349.80,10.48529700,76.44416400,10.48529678,76.44416403,658049.345,1159431.666,108.00,658049.334,1159431.634,126.5,6,658048.692,1159432.631,10.48530300,76.44416000,0.366,-0.024,10.0,9.6,0.5,17.5,2047,1968,RTK FIXED
37.817,070349.80,10.48529700,76.44416400,10.48529687,76.44416402,658049.345,1159431.666,108.00,658049.339,1159431.647,126.5,6,658048.692,1159432.631,10.48530300,76.44416000,0.366,-0.024,10.0,9.6,0.0,17.6,2047,1968,RTK FIXED
37.871,070350.00,10.48529700,76.44416400,10.48529692,76.44416401,658049.345,1159431.666,108.00,658049.341,1159431.655,117.6,6,658048.692,1159432.631,10.48530300,76.44416000,0.365,0.028,9.6,10.0,0.0,17.9,1955,2047,RTK FIXED
37.917,070350.00,10.48529700,76.44416400,10.48529695,76.44416401,658049.345,1159431.666,108.00,658049.343,1159431.659,117.6,6,658048.692,1159432.631,10.48530300,76.44416000,0.365,0.028,9.6,10.0,0.0,18.0,1955,2047,RTK FIXED
37.971,070350.20,10.48529700,76.44416400,10.48529697,76.44416400,658049.296,1159431.637,108.00,658049.324,1159431.650,117.6,6,658048.692,1159432.631,10.48530300,76.44416000,0.365,0.033,9.5,10.0,0.0,18.4,1939,2047,RTK FIXED
38.017,070350.20,10.48529700,76.44416400,10.48529698,76.44416400,658049.296,1159431.637,108.00,658049.313,1159431.645,117.6,6,658048.692,1159432.631,10.48530300,76.44416000,0.365,0.033,9.5,10.0,0.0,17.3,1939,2047,RTK FIXED
38.070,070350.20,10.48529700,76.44416400,10.48529699,76.44416400,658049.296,1159431.637,108.00,658049.306,1159431.642,117.6,6,658048.692,1159432.631,10.48530300,76.44416000,0.365,0.033,9.5,10.0,0.0,17.5,1939,2047,RTK FIXED
38.117,070350.20,10.48529700,76.44416400,10.48529699,76.44416400,658049.296,1159431.637,108.00,658049.302,1159431.640,117.6,6,658048.692,1159432.631,10.48530300,76.44416000,0.365,0.033,9.5,10.0,0.0,18.1,1939,2047,RTK FIXED
38.171,070350.40,10.48529800,76.44416400,10.48529740,76.44416400,658049.295,1159431.748,108.00,658049.299,1159431.683,117.6,6,658048.692,1159432.631,10.48530300,76.44416000,0.365,0.042,9.3,10.0,-0.5,17.9,1912,2047,RTK FIXED
38.217,070350.40,10.48529800,76.44416400,10.48529764,76.44416400,658049.295,1159431.748,108.00,658049.298,1159431.709,117.6,6,658048.692,1159432.631,10.48530300,76.44416000,0.365,0.042,9.3,10.0,0.0,18.6,1912,2047,RTK FIXED
38.271,070350.40,10.48529800,76.44416400,10.48529778,76.44416400,658049.295,1159431.748,108.00,658049.297,1159431.724,117.6,6,658048.692,1159432.631,10.48530300,76.44416000,0.365,0.042,9.3,10.0,0.5,18.2,1912,2047,RTK FIXED
38.317,070350.40,10.48529800,76.44416400,10.48529787,76.44416400,658049.295,1159431.748,108.00,658049.296,1159431.734,117.6,6,658048.692,1159432.631,10.48530300,76.44416000,0.365,0.042,9.3,10.0,0.0,17.7,1912,2047,RTK FIXED
38.371,070350.40,10.48529800,76.44416400,10.48529792,76.44416400,658049.295,1159431.748,108.00,658049.296,1159431.739,117.6,6,658048.692,1159432.631,10.48530300,76.44416000,0.365,0.042,9.3,10.0,-0.5,17.6,1912,2047,RTK FIXED
38.417,070350.40,10.48529800,76.44416400,10.48529795,76.44416400,658049.295,1159431.748,108.00,658049.295,1159431.743,117.6,6,658048.692,1159432.631,10.48530300,76.44416000,0.365,0.042,9.3,10.0,0.0,18.0,1912,2047,RTK FIXED
38.472,070350.60,10.48529800,76.44416400,10.48529797,76.44416400,658049.295,1159431.748,108.00,658049.295,1159431.745,116.9,6,658048.692,1159432.631,10.48530300,76.44416000,0.364,0.053,9.2,10.0,0.5,17.4,1874,2047,RTK FIXED
38.525,070350.60,10.48529800,76.44416400,10.48529798,76.44416400,658049.295,1159431.748,108.00,658049.295,1159431.746,116.9,6,658048.692,1159432.631,10.48530300,76.44416000,0.364,0.053,9.2,10.0,0.0,18.2,1874,2047,RTK FIXED
38.571,070350.60,10.48529800,76.44416400,10.48529799,76.44416400,658049.295,1159431.748,108.00,658049.295,1159431.746,116.9,6,658048.692,1159432.631,10.48530300,76.44416000,0.364,0.053,9.2,10.0,-0.5,17.4,1874,2047,RTK FIXED
38.624,070350.60,10.48529800,76.44416400,10.48529799,76.44416400,658049.295,1159431.748,108.00,658049.295,1159431.747,116.9,6,658048.692,1159432.631,10.48530300,76.44416000,0.364,0.053,9.2,10.0,0.0,18.3,1874,2047,RTK FIXED
38.672,070350.80,10.48529800,76.44416400,10.48529800,76.44416400,658049.291,1159431.745,108.00,658049.293,1159431.746,116.9,6,658048.692,1159432.631,10.48530300,76.44416000,0.363,0.058,9.1,10.0,0.5,17.5,1860,2047,RTK FIXED
38.725,070350.80,10.48529800,76.44416400,10.48529800,76.44416400,658049.291,1159431.745,108.00,658049.292,1159431.746,116.9,6,658048.692,1159432.631,10.48530300,76.44416000,0.363,0.058,9.1,10.0,-0.5,17.3,1860,2047,RTK FIXED
38.771,070350.80,10.48529800,76.44416400,10.48529800,76.44416400,658049.291,1159431.745,108.00,658049.292,1159431.746,116.9,6,658048.692,1159432.631,10.48530300,76.44416000,0.363,0.058,9.1,10.0,0.5,17.8,1860,2047,RTK FIXED
38.826,070350.80,10.48529800,76.44416400,10.48529800,76.44416400,658049.291,1159431.745,108.00,658049.291,1159431.746,116.9,6,658048.692,1159432.631,10.48530300,76.44416000,0.363,0.058,9.1,10.0,-0.5,17.4,1860,2047,RTK FIXED
38.872,070351.00,10.48529800,76.44416300,10.48529800,76.44416360,658049.181,1159431.745,108.00,658049.247,1159431.745,116.9,6,658048.692,1159432.631,10.48530300,76.44416000,0.365,0.042,9.3,10.0,0.5,17.4,1909,2047,RTK FIXED
38.925,070351.00,10.48529800,76.44416300,10.48529800,76.44416336,658049.181,1159431.745,108.00,658049.221,1159431.745,116.9,6,658048.692,1159432.631,10.48530300,76.44416000,0.365,0.042,9.3,10.0,-0.5,17.3,1909,2047,RTK FIXED
38.972,070351.20,10.48529900,76.44416300,10.48529840,76.44416322,658049.181,1159431.856,108.00,658049.205,1159431.789,122.8,6,658048.692,1159432.631,10.48530300,76.44416000,0.366,0.008,9.9,10.0,0.0,18.1,2019,2047,RTK FIXED
39.026,070351.20,10.48529900,76.44416300,10.48529864,76.44416313,658049.181,1159431.856,108.00,658049.195,1159431.816,122.8,6,658048.692,1159432.631,10.48530300,76.44416000,0.366,0.008,9.9,10.0,0.5,17.3,2019,2047,RTK FIXED
39.071,070351.20,10.48529900,76.44416300,10.48529878,76.44416308,658049.181,1159431.856,108.00,658049.189,1159431.832,122.8,6,658048.692,1159432.631,10.48530300,76.44416000,0.366,0.008,9.9,10.0,-0.5,17.5,2019,2047,RTK FIXED
39.127,070351.20,10.48529900,76.44416300,10.48529887,76.44416305,658049.181,1159431.856,108.00,658049.186,1159431.841,122.8,6,658048.692,1159432.631,10.48530300,76.44416000,0.366,0.008,9.9,10.0,0.4,17.5,2019,2047,RTK FIXED
39.180,070351.40,10.48529900,76.44416300,10.48529892,76.44416303,658049.214,1159431.874,108.00,658049.197,1159431.854,122.8,6,658048.692,1159432.631,10.48530300,76.44416000,0.366,0.002,10.0,10.0,0.0,17.5,2041,2047,RTK FIXED
39.226,070351.40,10.48529900,76.44416300,10.48529895,76.44416302,658049.214,1159431.874,108.00,658049.204,1159431.862,122.8,6,658048.692,1159432.631,10.48530300,76.44416000,0.366,0.002,10.0,10.0,-0.5,17.9,2041,2047,RTK FIXED
39.280,070351.40,10.48529900,76.44416300,10.48529897,76.44416301,658049.214,1159431.874,108.00,658049.208,1159431.867,122.8,6,658048.692,1159432.631,10.48530300,76.44416000,0.366,0.002,10.0,10.0,0.5,18.1,2041,2047,RTK FIXED
39.326,070351.40,10.48529900,76.44416300,10.48529898,76.44416301,658049.214,1159431.874,108.00,658049.211,1159431.869,122.8,6,658048.692,1159432.631,10.48530300,76.44416000,0.366,0.002,10.0,10.0,-0.5,18.9,2041,2047,RTK FIXED
39.380,070351.40,10.48529900,76.44416300,10.48529899,76.44416300,658049.214,1159431.874,108.00,658049.212,1159431.871,122.8,6,658048.692,1159432.631,10.48530300,76.44416000,0.366,0.002,10.0,10.0,0.0,18.1,2041,2047,RTK FIXED
39.426,070351.40,10.48529900,76.44416300,10.48529899,76.44416300,658049.214,1159431.874,108.00,658049.213,1159431.872,122.8,6,658048.692,1159432.631,10.48530300,76.44416000,0.366,0.002,10.0,10.0,0.0,18.4,2041,2047,RTK FIXED
39.480,070351.60,10.48529900,76.44416300,10.48529900,76.44416300,658049.214,1159431.874,108.00,658049.214,1159431.873,122.8,6,658048.692,1159432.631,10.48530300,76.44416000,0.366,0.002,10.0,10.0,0.0,18.4,2040,2047,RTK FIXED
39.526,070351.60,10.48529900,76.44416300,10.48529900,76.44416300,658049.214,1159431.874,108.00,658049.214,1159431.873,122.8,6,658048.692,1159432.631,10.48530300,76.44416000,0.366,0.002,10.0,10.0,0.5,17.9,2040,2047,RTK FIXED
39.580,070351.60,10.48529900,76.44416300,10.48529900,76.44416300,658049.214,1159431.874,108.00,658049.214,1159431.873,122.8,6,658048.692,1159432.631,10.48530300,76.44416000,0.366,0.002,10.0,10.0,-0.5,18.6,2040,2047,RTK FIXED
39.627,070351.60,10.48529900,76.44416300,10.48529900,76.44416300,658049.214,1159431.874,108.00,658049.214,1159431.873,122.8,6,658048.692,1159432.631,10.48530300,76.44416000,0.366,0.002,10.0,10.0,0.0,18.5,2040,2047,RTK FIXED
39.680,070351.80,10.48530000,76.44416200,10.48529940,76.44416260,658049.105,1159431.984,108.00,658049.170,1159431.918,120.1,6,658048.692,1159432.631,10.48530300,76.44416000,0.366,0.016,9.7,10.0,0.5,18.3,1993,2047,RTK FIXED
39.734,070351.80,10.48530000,76.44416200,10.48529964,76.44416236,658049.105,1159431.984,108.00,658049.144,1159431.944,120.1,6,658048.692,1159432.631,10.48530300,76.44416000,0.366,0.016,9.7,10.0,0.0,18.7,1993,2047,RTK FIXED
39.780,070351.80,10.48530000,76.44416200,10.48529978,76.44416222,658049.105,1159431.984,108.00,658049.128,1159431.960,120.1,6,658048.692,1159432.631,10.48530300,76.44416000,0.366,0.016,9.7,10.0,0.0,17.9,1993,2047,RTK FIXED
39.834,070351.80,10.48530000,76.44416200,10.48529987,76.44416213,658049.105,1159431.984,108.00,658049.119,1159431.969,120.1,6,658048.692,1159432.631,10.48530300,76.44416000,0.366,0.016,9.7,10.0,0.0,18.4,1993,2047,RTK FIXED
39.880,070352.00,10.48530000,76.44416200,10.48529992,76.44416208,658049.089,1159431.975,108.00,658049.107,1159431.972,120.1,6,658048.692,1159432.631,10.48530300,76.44416000,0.366,0.012,9.8,10.0,0.0,18.5,2006,2047,RTK FIXED
39.934,070352.00,10.48530000,76.44416200,10.48529995,76.44416205,658049.089,1159431.975,108.00,658049.100,1159431.973,120.1,6,658048.692,1159432.631,10.48530300,76.44416000,0.366,0.012,9.8,10.0,-0.5,18.4,2006,2047,RTK FIXED
39.980,070352.20,10.48530000,76.44416200,10.48529997,76.44416203,658049.089,1159431.975,108.00,658049.096,1159431.974,120.1,6,658048.692,1159432.631,10.48530300,76.44416000,0.366,0.008,9.9,10.0,0.5,18.1,2021,2047,RTK FIXED
40.034,070352.20,10.48530000,76.44416200,10.48529998,76.44416202,658049.089,1159431.975,108.00,658049.093,1159431.974,120.1,6,658048.692,1159432.631,10.48530300,76.44416000,0.366,0.008,9.9,10.0,-0.5,18.6,2021,2047,RTK FIXED
40.080,070352.20,10.48530000,76.44416200,10.48529999,76.44416201,658049.089,1159431.975,108.00,658049.091,1159431.975,120.1,6,658048.692,1159432.631,10.48530300,76.44416000,0.366,0.008,9.9,10.0,0.5,18.1,2021,2047,RTK FIXED
40.135,070352.20,10.48530000,76.44416200,10.48529999,76.44416201,658049.089,1159431.975,108.00,658049.091,1159431.975,120.1,6,658048.692,1159432.631,10.48530300,76.44416000,0.366,0.008,9.9,10.0,0.0,18.2,2021,2047,RTK FIXED
40.181,070352.40,10.48530100,76.44416200,10.48530040,76.44416200,658049.089,1159432.086,108.00,658049.090,1159432.019,120.6,6,658048.692,1159432.631,10.48530300,76.44416000,0.366,0.011,9.8,10.0,-0.5,18.4,2010,2047,RTK FIXED
40.234,070352.40,10.48530100,76.44416200,10.48530064,76.44416200,658049.089,1159432.086,108.00,658049.089,1159432.046,120.6,6,658048.692,1159432.631,10.48530300,76.44416000,0.366,0.011,9.8,10.0,0.5,18.6,2010,2047,RTK FIXED
40.280,070352.40,10.48530100,76.44416200,10.48530078,76.44416200,658049.089,1159432.086,108.00,658049.089,1159432.062,120.6,6,658048.692,1159432.631,10.48530300,76.44416000,0.366,0.011,9.8,10.0,0.0,18.7,2010,2047,RTK FIXED
40.334,070352.40,10.48530100,76.44416200,10.48530087,76.44416200,658049.089,1159432.086,108.00,658049.089,1159432.071,120.6,6,658048.692,1159432.631,10.48530300,76.44416000,0.366,0.011,9.8,10.0,0.0,18.7,2010,2047,RTK FIXED
40.389,070352.60,10.48530100,76.44416200,10.48530092,76.44416200,658049.092,1159432.087,108.00,658049.090,1159432.078,120.6,6,658048.692,1159432.631,10.48530300,76.44416000,0.366,0.018,9.7,10.0,0.0,18.9,1988,2047,RTK FIXED
40.435,070352.60,10.48530100,76.44416200,10.48530095,76.44416200,658049.092,1159432.087,108.00,658049.091,1159432.082,120.6,6,658048.692,1159432.631,10.48530300,76.44416000,0.366,0.018,9.7,10.0,0.0,18.5,1988,2047,RTK FIXED
40.488,070352.60,10.48530100,76.44416200,10.48530097,76.44416200,658049.092,1159432.087,108.00,658049.091,1159432.084,120.6,6,658048.692,1159432.631,10.48530300,76.44416000,0.366,0.018,9.7,10.0,-0.5,18.1,1988,2047,RTK FIXED
40.535,070352.60,10.48530100,76.44416200,10.48530098,76.44416200,658049.092,1159432.087,108.00,658049.092,1159432.085,120.6,6,658048.692,1159432.631,10.48530300,76.44416000,0.366,0.018,9.7,10.0,0.5,18.9,1988,2047,RTK FIXED
40.588,070352.60,10.48530100,76.44416200,10.48530099,76.44416200,658049.092,1159432.087,108.00,658049.092,1159432.086,120.6,6,658048.692,1159432.631,10.48530300,76.44416000,0.366,0.018,9.7,10.0,0.0,18.3,1988,2047,RTK FIXED
40.635,070352.60,10.48530100,76.44416200,10.48530099,76.44416200,658049.092,1159432.087,108.00,658049.092,1159432.087,120.6,6,658048.692,1159432.631,10.48530300,76.44416000,0.366,0.018,9.7,10.0,-0.5,18.7,1988,2047,RTK FIXED
40.689,070352.80,10.48530100,76.44416100,10.48530100,76.44416160,658048.982,1159432.087,108.00,658049.048,1159432.087,120.6,6,658048.692,1159432.631,10.48530300,76.44416000,0.366,0.004,9.9,10.0,0.0,18.4,2034,2047,RTK FIXED
40.735,070352.80,10.48530100,76.44416100,10.48530100,76.44416136,658048.982,1159432.087,108.00,658049.022,1159432.087,120.6,6,658048.692,1159432.631,10.48530300,76.44416000,0.366,0.004,9.9,10.0,0.0,18.0,2034,2047,RTK FIXED
40.789,070352.80,10.48530100,76.44416100,10.48530100,76.44416122,658048.982,1159432.087,108.00,658049.006,1159432.087,120.6,6,658048.692,1159432.631,10.48530300,76.44416000,0.366,0.004,9.9,10.0,0.0,18.6,2034,2047,RTK FIXED
40.836,070352.80,10.48530100,76.44416100,10.48530100,76.44416113,658048.982,1159432.087,108.00,658048.997,1159432.087,120.6,6,658048.692,1159432.631,10.48530300,76.44416000,0.366,0.004,9.9,10.0,0.5,19.1,2034,2047,RTK FIXED
40.889,070353.00,10.48530200,76.44416100,10.48530140,76.44416108,658048.982,1159432.197,108.00,658048.991,1159432.131,122.4,6,658048.692,1159432.631,10.48530300,76.44416000,0.366,0.001,10.0,10.0,0.0,18.7,2044,2047,RTK FIXED
40.943,070353.00,10.48530200,76.44416100,10.48530164,76.44416105,658048.982,1159432.197,108.00,658048.987,1159432.158,122.4,6,658048.692,1159432.631,10.48530300,76.44416000,0.366,0.001,10.0,10.0,0.0,18.6,2044,2047,RTK FIXED
40.989,070353.00,10.48530200,76.44416100,10.48530178,76.44416103,658048.982,1159432.197,108.00,658048.985,1159432.174,122.4,6,658048.692,1159432.631,10.48530300,76.44416000,0.366,0.001,10.0,10.0,-0.5,18.4,2044,2047,RTK FIXED
41.043,070353.00,10.48530200,76.44416100,10.48530187,76.44416102,658048.982,1159432.197,108.00,658048.984,1159432.183,122.4,6,658048.692,1159432.631,10.48530300,76.44416000,0.366,0.001,10.0,10.0,0.5,18.2,2044,2047,RTK FIXED
41.090,070353.20,10.48530200,76.44416100,10.48530192,76.44416101,658048.992,1159432.203,108.00,658048.987,1159432.191,122.4,6,658048.692,1159432.631,10.48530300,76.44416000,0.366,0.000,10.0,10.0,-0.5,18.6,2046,2047,RTK FIXED
41.142,070353.20,10.48530200,76.44416100,10.48530195,76.44416101,658048.992,1159432.203,108.00,658048.989,1159432.196,122.4,6,658048.692,1159432.631,10.48530300,76.44416000,0.366,0.000,10.0,10.0,0.0,18.5,2046,2047,RTK FIXED
41.190,070353.40,10.48530200,76.44416100,10.48530197,76.44416100,658048.992,1159432.203,108.00,658048.990,1159432.199,122.4,6,658048.692,1159432.631,10.48530300,76.44416000,0.366,0.000,10.0,10.0,0.5,19.0,2047,2047,RTK FIXED
41.243,070353.40,10.48530200,76.44416100,10.48530198,76.44416100,658048.992,1159432.203,108.00,658048.991,1159432.201,122.4,6,658048.692,1159432.631,10.48530300,76.44416000,0.366,0.000,10.0,10.0,0.0,18.2,2047,2047,RTK FIXED
41.289,070353.40,10.48530200,76.44416100,10.48530199,76.44416100,658048.992,1159432.203,108.00,658048.991,1159432.202,122.4,6,658048.692,1159432.631,10.48530300,76.44416000,0.366,0.000,10.0,10.0,-0.5,19.0,2047,2047,RTK FIXED
41.343,070353.40,10.48530200,76.44416100,10.48530199,76.44416100,658048.992,1159432.203,108.00,658048.992,1159432.202,122.4,6,658048.692,1159432.631,10.48530300,76.44416000,0.366,0.000,10.0,10.0,0.0,18.0,2047,2047,RTK FIXED
41.390,070353.60,10.48530300,76.44416100,10.48530240,76.44416100,658048.991,1159432.314,108.00,658048.992,1159432.247,116.5,6,658048.692,1159432.631,10.48530300,76.44416000,0.363,0.048,9.2,10.0,0.5,18.2,1890,2047,RTK FIXED
41.444,070353.60,10.48530300,76.44416100,10.48530264,76.44416100,658048.991,1159432.314,108.00,658048.992,1159432.274,116.5,6,658048.692,1159432.631,10.48530300,76.44416000,0.363,0.048,9.2,10.0,0.0,18.6,1890,2047,RTK FIXED
41.497,070353.60,10.48530300,76.44416100,10.48530278,76.44416100,658048.991,1159432.314,108.00,658048.991,1159432.290,116.5,6,658048.692,1159432.631,10.48530300,76.44416000,0.363,0.048,9.2,10.0,-0.5,18.2,1890,2047,RTK FIXED
41.543,070353.60,10.48530300,76.44416100,10.48530287,76.44416100,658048.991,1159432.314,108.00,658048.991,1159432.299,116.5,6,658048.692,1159432.631,10.48530300,76.44416000,0.363,0.048,9.2,10.0,0.5,18.4,1890,2047,RTK FIXED
41.597,070353.60,10.48530300,76.44416100,10.48530292,76.44416100,658048.991,1159432.314,108.00,658048.991,1159432.305,116.5,6,658048.692,1159432.631,10.48530300,76.44416000,0.363,0.048,9.2,10.0,-0.5,18.1,1890,2047,RTK FIXED
41.642,070353.60,10.48530300,76.44416100,10.48530295,76.44416100,658048.991,1159432.314,108.00,658048.991,1159432.309,116.5,6,658048.692,1159432.631,10.48530300,76.44416000,0.363,0.048,9.2,10.0,0.6,18.2,1890,2047,RTK FIXED
41.697,070353.80,10.48530300,76.44416000,10.48530297,76.44416060,658048.848,1159432.295,108.00,658048.934,1159432.303,116.5,6,658048.692,1159432.631,10.48530300,76.44416000,0.359,0.039,9.4,10.0,0.0,18.3,1919,2047,RTK FIXED
41.744,070353.80,10.48530300,76.44416000,10.48530298,76.44416036,658048.848,1159432.295,108.00,658048.900,1159432.300,116.5,6,658048.692,1159432.631,10.48530300,76.44416000,0.359,0.039,9.4,10.0,0.0,17.6,1919,2047,RTK FIXED
41.798,070353.80,10.48530300,76.44416000,10.48530299,76.44416022,658048.848,1159432.295,108.00,658048.879,1159432.298,116.5,6,658048.692,1159432.631,10.48530300,76.44416000,0.359,0.039,9.4,10.0,-0.5,17.7,1919,2047,RTK FIXED
41.843,070353.80,10.48530300,76.44416000,10.48530299,76.44416013,658048.848,1159432.295,108.00,658048.867,1159432.297,116.5,6,658048.692,1159432.631,10.48530300,76.44416000,0.359,0.039,9.4,10.0,0.5,17.6,1919,2047,RTK FIXED
41.898,070354.00,10.48530300,76.44416000,10.48530300,76.44416008,658048.848,1159432.295,108.00,658048.859,1159432.296,128.3,6,658048.692,1159432.631,10.48530300,76.44416000,0.331,-0.040,10.0,9.3,0.0,17.8,2047,1902,RTK FIXED
41.944,070354.00,10.48530300,76.44416000,10.48530300,76.44416005,658048.848,1159432.295,108.00,658048.855,1159432.296,128.3,6,658048.692,1159432.631,10.48530300,76.44416000,0.331,-0.040,10.0,9.3,0.0,17.5,2047,1902,RTK FIXED
41.998,070354.20,10.48530400,76.44416000,10.48530340,76.44416003,658048.913,1159432.445,108.00,658048.878,1159432.356,128.3,6,658048.692,1159432.631,10.48530300,76.44416000,0.288,-0.037,10.0,9.3,-0.5,17.5,2047,1895,RTK FIXED
42.051,070354.20,10.48530400,76.44416000,10.48530364,76.44416002,658048.913,1159432.445,108.00,658048.892,1159432.391,128.3,6,658048.692,1159432.631,10.48530300,76.44416000,0.288,-0.037,10.0,9.3,0.5,16.4,2047,1895,RTK FIXED
42.098,070354.20,10.48530400,76.44416000,10.48530378,76.44416001,658048.913,1159432.445,108.00,658048.901,1159432.413,128.3,6,658048.692,1159432.631,10.48530300,76.44416000,0.288,-0.037,10.0,9.3,0.0,16.7,2047,1895,RTK FIXED
42.152,070354.40,10.48530400,76.44416000,10.48530387,76.44416001,658048.913,1159432.445,108.00,658048.906,1159432.426,115.8,6,658048.692,1159432.631,10.48530300,76.44416000,0.262,0.046,9.0,10.0,-0.5,15.7,1842,2047,RTK FIXED
42.198,070354.40,10.48530400,76.44416000,10.48530392,76.44416000,658048.913,1159432.445,108.00,658048.909,1159432.434,115.8,6,658048.692,1159432.631,10.48530300,76.44416000,0.262,0.046,9.0,10.0,0.5,16.4,1842,2047,RTK FIXED
42.252,070354.40,10.48530400,76.44416000,10.48530395,76.44416000,658048.913,1159432.445,108.00,658048.910,1159432.438,115.8,6,658048.692,1159432.631,10.48530300,76.44416000,0.262,0.046,9.0,10.0,-0.5,15.8,1842,2047,RTK FIXED
42.298,070354.40,10.48530400,76.44416000,10.48530397,76.44416000,658048.913,1159432.445,108.00,658048.911,1159432.441,115.8,6,658048.692,1159432.631,10.48530300,76.44416000,0.262,0.046,9.0,10.0,0.0,16.8,1842,2047,RTK FIXED
42.352,070354.40,10.48530400,76.44416000,10.48530398,76.44416000,658048.913,1159432.445,108.00,658048.912,1159432.443,115.8,6,658048.692,1159432.631,10.48530300,76.44416000,0.262,0.046,9.0,10.0,0.0,17.1,1842,2047,RTK FIXED
42.398,070354.40,10.48530400,76.44416000,10.48530399,76.44416000,658048.913,1159432.445,108.00,658048.913,1159432.444,115.8,6,658048.692,1159432.631,10.48530300,76.44416000,0.262,0.046,9.0,10.0,0.5,17.9,1842,2047,RTK FIXED
42.453,070354.60,10.48530400,76.44416000,10.48530399,76.44416000,658048.843,1159432.404,108.00,658048.885,1159432.428,115.8,6,658048.692,1159432.631,10.48530300,76.44416000,0.244,0.053,8.8,10.0,-0.5,17.3,1794,2047,RTK FIXED
42.498,070354.60,10.48530400,76.44416000,10.48530400,76.44416000,658048.843,1159432.404,108.00,658048.868,1159432.418,115.8,6,658048.692,1159432.631,10.48530300,76.44416000,0.244,0.053,8.8,10.0,0.6,17.3,1794,2047,RTK FIXED
42.552,070354.60,10.48530400,76.44416000,10.48530400,76.44416000,658048.843,1159432.404,108.00,658048.858,1159432.413,115.8,6,658048.692,1159432.631,10.48530300,76.44416000,0.244,0.053,8.8,10.0,-0.5,17.5,1794,2047,RTK FIXED
42.606,070354.60,10.48530400,76.44416000,10.48530400,76.44416000,658048.843,1159432.404,108.00,658048.852,1159432.409,115.8,6,658048.692,1159432.631,10.48530300,76.44416000,0.244,0.053,8.8,10.0,0.0,17.6,1794,2047,RTK FIXED
42.654,070354.80,10.48530400,76.44416000,10.48530400,76.44416000,658048.843,1159432.404,108.00,658048.849,1159432.407,115.8,6,658048.692,1159432.631,10.48530300,76.44416000,0.233,0.049,8.8,10.0,0.0,17.3,1802,2047,RTK FIXED
42.706,070354.80,10.48530400,76.44416000,10.48530400,76.44416000,658048.843,1159432.404,108.00,658048.847,1159432.406,115.8,6,658048.692,1159432.631,10.48530300,76.44416000,0.233,0.049,8.8,10.0,0.0,17.6,1802,2047,RTK FIXED
42.752,070354.80,10.48530400,76.44416000,10.48530400,76.44416000,658048.843,1159432.404,108.00,658048.845,1159432.405,115.8,6,658048.692,1159432.631,10.48530300,76.44416000,0.233,0.049,8.8,10.0,0.0,17.3,1802,2047,RTK FIXED
42.806,070354.80,10.48530400,76.44416000,10.48530400,76.44416000,658048.843,1159432.404,108.00,658048.845,1159432.405,115.8,6,658048.692,1159432.631,10.48530300,76.44416000,0.233,0.049,8.8,10.0,0.0,17.2,1802,2047,RTK FIXED
42.852,070354.80,10.48530400,76.44416000,10.48530400,76.44416000,658048.843,1159432.404,108.00,658048.844,1159432.404,115.8,6,658048.692,1159432.631,10.48530300,76.44416000,0.233,0.049,8.8,10.0,0.0,17.4,1802,2047,RTK FIXED
42.908,070355.00,10.48530500,76.44415900,10.48530440,76.44415960,658048.733,1159432.514,108.00,658048.800,1159432.448,125.3,7,658049.948,1159433.356,10.48530950,76.44417150,0.332,-0.165,10.0,7.4,0.4,17.9,2047,1597,RTK FIXED
42.952,070355.00,10.48530500,76.44415900,10.48530464,76.44415936,658048.733,1159432.514,108.00,658048.773,1159432.475,125.3,7,658049.948,1159433.356,10.48530950,76.44417150,0.332,-0.165,10.0,7.4,-0.6,17.2,2047,1516,RTK FIXED
43.007,070355.20,10.48530500,76.44415900,10.48530478,76.44415922,658048.787,1159432.544,108.00,658048.779,1159432.502,125.3,7,658049.948,1159433.356,10.48530950,76.44417150,0.332,-0.207,10.0,6.8,0.0,17.3,2047,1400,RTK FIXED
43.052,070355.20,10.48530500,76.44415900,10.48530487,76.44415913,658048.787,1159432.544,108.00,658048.782,1159432.519,125.3,7,658049.948,1159433.356,10.48530950,76.44417150,0.332,-0.207,10.0,6.8,0.5,15.8,2047,1400,RTK FIXED
43.106,070355.20,10.48530500,76.44415900,10.48530492,76.44415908,658048.787,1159432.544,108.00,658048.784,1159432.529,125.3,7,658049.948,1159433.356,10.48530950,76.44417150,0.332,-0.207,10.0,6.8,0.0,15.3,2047,1400,RTK FIXED
43.161,070355.40,10.48530500,76.44415900,10.48530495,76.44415905,658048.787,1159432.544,108.00,658048.785,1159432.535,125.3,7,658049.948,1159433.356,10.48530950,76.44417150,0.332,-0.216,10.0,6.7,-0.5,13.8,2047,1378,RTK FIXED
43.206,070355.40,10.48530500,76.44415900,10.48530497,76.44415903,658048.787,1159432.544,108.00,658048.786,1159432.539,125.3,7,658049.948,1159433.356,10.48530950,76.44417150,0.332,-0.216,10.0,6.7,0.0,13.8,2047,1378,RTK FIXED
43.260,070355.40,10.48530500,76.44415900,10.48530498,76.44415902,658048.787,1159432.544,108.00,658048.787,1159432.541,125.3,7,658049.948,1159433.356,10.48530950,76.44417150,0.332,-0.216,10.0,6.7,0.5,13.0,2047,1378,RTK FIXED
43.307,070355.40,10.48530500,76.44415900,10.48530499,76.44415901,658048.787,1159432.544,108.00,658048.787,1159432.542,125.3,7,658049.948,1159433.356,10.48530950,76.44417150,0.332,-0.216,10.0,6.7,-0.5,11.7,2047,1378,RTK FIXED
43.361,070355.40,10.48530500,76.44415900,10.48530499,76.44415901,658048.787,1159432.544,108.00,658048.787,1159432.543,125.3,7,658049.948,1159433.356,10.48530950,76.44417150,0.332,-0.216,10.0,6.7,0.5,11.1,2047,1378,RTK FIXED
43.407,070355.40,10.48530500,76.44415900,10.48530500,76.44415900,658048.787,1159432.544,108.00,658048.787,1159432.543,125.3,7,658049.948,1159433.356,10.48530950,76.44417150,0.332,-0.216,10.0,6.7,0.0,11.9,2047,1378,RTK FIXED
43.461,070355.60,10.48530600,76.44415900,10.48530540,76.44415900,658048.787,1159432.654,108.00,658048.787,1159432.588,117.6,7,658049.948,1159433.356,10.48530950,76.44417150,0.332,-0.218,10.0,6.7,0.0,10.6,2047,1373,RTK FIXED
43.507,070355.60,10.48530600,76.44415900,10.48530564,76.44415900,658048.787,1159432.654,108.00,658048.787,1159432.614,117.6,7,658049.948,1159433.356,10.48530950,76.44417150,0.332,-0.218,10.0,6.7,0.0,9.8,2047,1373,RTK FIXED
43.561,070355.60,10.48530600,76.44415900,10.48530578,76.44415900,658048.787,1159432.654,108.00,658048.787,1159432.630,117.6,7,658049.948,1159433.356,10.48530950,76.44417150,0.332,-0.218,10.0,6.7,-0.5,9.8,2047,1373,RTK FIXED
43.615,070355.60,10.48530600,76.44415900,10.48530587,76.44415900,658048.787,1159432.654,108.00,658048.787,1159432.640,117.6,7,658049.948,1159433.356,10.48530950,76.44417150,0.332,-0.218,10.0,6.7,0.5,9.3,2047,1373,RTK FIXED
43.661,070355.80,10.48530600,76.44415900,10.48530592,76.44415900,658048.744,1159432.630,108.00,658048.769,1159432.636,117.6,7,658049.948,1159433.356,10.48530950,76.44417150,0.332,-0.218,10.0,6.7,-0.5,9.7,2047,1372,RTK FIXED
43.714,070355.80,10.48530600,76.44415900,10.48530595,76.44415900,658048.744,1159432.630,108.00,658048.759,1159432.633,117.6,7,658049.948,1159433.356,10.48530950,76.44417150,0.332,-0.218,10.0,6.7,0.5,9.0,2047,1372,RTK FIXED
43.761,070355.80,10.48530600,76.44415900,10.48530597,76.44415900,658048.744,1159432.630,108.00,658048.753,1159432.632,117.6,7,658049.948,1159433.356,10.48530950,76.44417150,0.332,-0.218,10.0,6.7,0.0,9.1,2047,1372,RTK FIXED
43.815,070355.80,10.48530600,76.44415900,10.48530598,76.44415900,658048.744,1159432.630,108.00,658048.749,1159432.631,117.6,7,658049.948,1159433.356,10.48530950,76.44417150,0.332,-0.218,10.0,6.7,0.0,8.8,2047,1372,RTK FIXED
43.861,070355.80,10.48530600,76.44415900,10.48530599,76.44415900,658048.744,1159432.630,108.00,658048.747,1159432.631,117.6,7,658049.948,1159433.356,10.48530950,76.44417150,0.332,-0.218,10.0,6.7,0.0,9.2,2047,1372,RTK FIXED
43.915,070356.00,10.48530600,76.44415900,10.48530599,76.44415900,658048.744,1159432.630,108.00,658048.746,1159432.630,117.6,7,658049.948,1159433.356,10.48530950,76.44417150,0.332,-0.218,10.0,6.7,0.0,8.7,2047,1372,RTK FIXED
43.961,070356.00,10.48530600,76.44415900,10.48530600,76.44415900,658048.744,1159432.630,108.00,658048.745,1159432.630,117.6,7,658049.948,1159433.356,10.48530950,76.44417150,0.332,-0.218,10.0,6.7,0.0,8.8,2047,1372,RTK FIXED
44.015,070356.00,10.48530600,76.44415900,10.48530600,76.44415900,658048.744,1159432.630,108.00,658048.744,1159432.630,117.6,7,658049.948,1159433.356,10.48530950,76.44417150,0.332,-0.218,10.0,6.7,-0.5,8.8,2047,1372,RTK FIXED
44.062,070356.20,10.48530700,76.44415900,10.48530640,76.44415900,658048.743,1159432.740,108.00,658048.744,1159432.674,116.0,7,658049.948,1159433.356,10.48530950,76.44417150,0.332,-0.218,10.0,6.7,0.5,8.6,2047,1372,RTK FIXED
44.115,070356.20,10.48530700,76.44415900,10.48530664,76.44415900,658048.743,1159432.740,108.00,658048.744,1159432.701,116.0,7,658049.948,1159433.356,10.48530950,76.44417150,0.332,-0.218,10.0,6.7,-0.5,8.4,2047,1372,RTK FIXED
44.170,070356.40,10.48530700,76.44415900,10.48530678,76.44415900,658048.734,1159432.736,108.00,658048.740,1159432.715,116.0,7,658049.948,1159433.356,10.48530950,76.44417150,0.332,-0.218,10.0,6.7,0.0,8.8,2047,1372,RTK FIXED
44.215,070356.40,10.48530700,76.44415900,10.48530687,76.44415900,658048.734,1159432.736,108.00,658048.737,1159432.723,116.0,7,658049.948,1159433.356,10.48530950,76.44417150,0.332,-0.218,10.0,6.7,0.0,8.2,2047,1372,RTK FIXED
44.269,070356.40,10.48530700,76.44415900,10.48530692,76.44415900,658048.734,1159432.736,108.00,658048.736,1159432.728,116.0,7,658049.948,1159433.356,10.48530950,76.44417150,0.332,-0.218,10.0,6.7,0.0,8.4,2047,1372,RTK FIXED
44.315,070356.40,10.48530700,76.44415900,10.48530695,76.44415900,658048.734,1159432.736,108.00,658048.735,1159432.731,116.0,7,658049.948,1159433.356,10.48530950,76.44417150,0.332,-0.218,10.0,6.7,0.5,8.1,2047,1372,RTK FIXED
44.370,070356.60,10.48530700,76.44415900,10.48530697,76.44415900,658048.734,1159432.736,108.00,658048.735,1159432.733,116.0,7,658049.948,1159433.356,10.48530950,76.44417150,0.332,-0.218,10.0,6.7,0.0,8.3,2047,1372,RTK FIXED
44.415,070356.60,10.48530700,76.44415900,10.48530698,76.44415900,658048.734,1159432.736,108.00,658048.734,1159432.734,116.0,7,658049.948,1159433.356,10.48530950,76.44417150,0.332,-0.218,10.0,6.7,0.0,8.2,2047,1372,RTK FIXED
44.469,070356.60,10.48530700,76.44415900,10.48530699,76.44415900,658048.734,1159432.736,108.00,658048.734,1159432.735,116.0,7,658049.948,1159433.356,10.48530950,76.44417150,0.332,-0.218,10.0,6.7,0.0,7.9,2047,1372,RTK FIXED
44.515,070356.60,10.48530700,76.44415900,10.48530699,76.44415900,658048.734,1159432.736,108.00,658048.734,1159432.735,116.0,7,658049.948,1159433.356,10.48530950,76.44417150,0.332,-0.218,10.0,6.7,-0.5,8.1,2047,1372,RTK FIXED
44.569,070356.60,10.48530700,76.44415900,10.48530700,76.44415900,658048.734,1159432.736,108.00,658048.734,1159432.736,116.0,7,658049.948,1159433.356,10.48530950,76.44417150,0.332,-0.218,10.0,6.7,0.5,7.9,2047,1372,RTK FIXED
44.615,070356.60,10.48530700,76.44415900,10.48530700,76.44415900,658048.734,1159432.736,108.00,658048.734,1159432.736,116.0,7,658049.948,1159433.356,10.48530950,76.44417150,0.332,-0.218,10.0,6.7,-0.5,8.1,2047,1372,RTK FIXED
44.670,070356.80,10.48530700,76.44415900,10.48530700,76.44415900,658048.734,1159432.736,108.00,658048.734,1159432.736,116.0,7,658049.948,1159433.356,10.48530950,76.44417150,0.332,-0.218,10.0,6.7,0.0,7.8,2047,1372,RTK FIXED
44.715,070356.80,10.48530700,76.44415900,10.48530700,76.44415900,658048.734,1159432.736,108.00,658048.734,1159432.736,116.0,7,658049.948,1159433.356,10.48530950,76.44417150,0.332,-0.218,10.0,6.7,0.0,7.7,2047,1372,RTK FIXED
44.770,070356.80,10.48530700,76.44415900,10.48530700,76.44415900,658048.734,1159432.736,108.00,658048.734,1159432.736,116.0,7,658049.948,1159433.356,10.48530950,76.44417150,0.332,-0.218,10.0,6.7,0.0,8.3,2047,1372,RTK FIXED
44.823,070356.80,10.48530700,76.44415900,10.48530700,76.44415900,658048.734,1159432.736,108.00,658048.734,1159432.736,116.0,7,658049.948,1159433.356,10.48530950,76.44417150,0.332,-0.218,10.0,6.7,0.5,7.9,2047,1372,RTK FIXED
44.870,070357.00,10.48530800,76.44415900,10.48530740,76.44415900,658048.733,1159432.847,108.00,658048.734,1159432.780,111.0,7,658049.948,1159433.356,10.48530950,76.44417150,0.332,-0.218,10.0,6.7,-0.5,8.1,2047,1372,RTK FIXED
44.923,070357.00,10.48530800,76.44415900,10.48530764,76.44415900,658048.733,1159432.847,108.00,658048.734,1159432.807,111.0,7,658049.948,1159433.356,10.48530950,76.44417150,0.332,-0.218,10.0,6.7,0.0,7.9,2047,1372,RTK FIXED
44.970,070357.20,10.48530800,76.44415900,10.48530778,76.44415900,658048.703,1159432.834,108.00,658048.721,1159432.818,111.0,7,658049.948,1159433.356,10.48530950,76.44417150,0.332,-0.218,10.0,6.7,0.5,7.5,2047,1372,RTK FIXED
45.024,070357.20,10.48530800,76.44415900,10.48530787,76.44415900,658048.703,1159432.834,108.00,658048.714,1159432.824,111.0,7,658049.948,1159433.356,10.48530950,76.44417150,0.332,-0.218,10.0,6.7,-0.5,7.9,2047,1372,RTK FIXED
45.070,070357.20,10.48530800,76.44415900,10.48530792,76.44415900,658048.703,1159432.834,108.00,658048.710,1159432.828,111.0,7,658049.948,1159433.356,10.48530950,76.44417150,0.332,-0.218,10.0,6.7,0.5,8.1,2047,1372,RTK FIXED
45.124,070357.20,10.48530800,76.44415900,10.48530795,76.44415900,658048.703,1159432.834,108.00,658048.707,1159432.831,111.0,7,658049.948,1159433.356,10.48530950,76.44417150,0.332,-0.218,10.0,6.7,0.0,7.9,2047,1372,RTK FIXED
45.170,070357.40,10.48530800,76.44415900,10.48530797,76.44415900,658048.703,1159432.834,108.00,658048.705,1159432.832,111.0,7,658049.948,1159433.356,10.48530950,76.44417150,0.332,-0.218,10.0,6.7,-0.5,8.6,2047,1372,RTK FIXED
45.224,070357.40,10.48530800,76.44415900,10.48530798,76.44415900,658048.703,1159432.834,108.00,658048.704,1159432.833,111.0,7,658049.948,1159433.356,10.48530950,76.44417150,0.332,-0.218,10.0,6.7,0.5,7.9,2047,1372,RTK FIXED
45.270,070357.40,10.48530800,76.44415900,10.48530799,76.44415900,658048.703,1159432.834,108.00,658048.704,1159432.834,111.0,7,658049.948,1159433.356,10.48530950,76.44417150,0.332,-0.218,10.0,6.7,0.0,8.1,2047,1372,RTK FIXED
45.324,070357.40,10.48530800,76.44415900,10.48530799,76.44415900,658048.703,1159432.834,108.00,658048.704,1159432.834,111.0,7,658049.948,1159433.356,10.48530950,76.44417150,0.332,-0.218,10.0,6.7,0.0,7.9,2047,1372,RTK FIXED
45.378,070357.60,10.48530900,76.44415900,10.48530840,76.44415900,658048.703,1159432.945,108.00,658048.703,1159432.878,109.3,7,658049.948,1159433.356,10.48530950,76.44417150,0.332,-0.218,10.0,6.7,-0.5,7.8,2047,1372,RTK FIXED
45.424,070357.60,10.48530900,76.44415900,10.48530864,76.44415900,658048.703,1159432.945,108.00,658048.703,1159432.905,109.3,7,658049.948,1159433.356,10.48530950,76.44417150,0.332,-0.218,10.0,6.7,0.5,8.1,2047,1372,RTK FIXED
45.478,070357.60,10.48530900,76.44415900,10.48530878,76.44415900,658048.703,1159432.945,108.00,658048.703,1159432.921,109.3,7,658049.948,1159433.356,10.48530950,76.44417150,0.332,-0.218,10.0,6.7,0.0,7.9,2047,1372,RTK FIXED
45.524,070357.60,10.48530900,76.44415900,10.48530887,76.44415900,658048.703,1159432.945,108.00,658048.703,1159432.931,109.3,7,658049.948,1159433.356,10.48530950,76.44417150,0.332,-0.218,10.0,6.7,0.0,7.6,2047,1372,RTK FIXED
45.578,070357.60,10.48530900,76.44415900,10.48530892,76.44415900,658048.703,1159432.945,108.00,658048.703,1159432.936,109.3,7,658049.948,1159433.356,10.48530950,76.44417150,0.332,-0.218,10.0,6.7,0.0,7.9,2047,1372,RTK FIXED
45.624,070357.60,10.48530900,76.44415900,10.48530895,76.44415900,658048.703,1159432.945,108.00,658048.703,1159432.940,109.3,7,658049.948,1159433.356,10.48530950,76.44417150,0.332,-0.218,10.0,6.7,0.0,8.1,2047,1372,RTK FIXED
45.678,070357.80,10.48530900,76.44416000,10.48530897,76.44415940,658048.802,1159432.942,108.00,658048.742,1159432.941,109.3,7,658049.948,1159433.356,10.48530950,76.44417150,0.332,-0.218,10.0,6.7,0.0,7.8,2047,1372,RTK FIXED
45.724,070357.80,10.48530900,76.44416000,10.48530898,76.44415964,658048.802,1159432.942,108.00,658048.766,1159432.941,109.3,7,658049.948,1159433.356,10.48530950,76.44417150,0.332,-0.218,10.0,6.7,0.0,7.2,2047,1372,RTK FIXED
45.778,070357.80,10.48530900,76.44416000,10.48530899,76.44415978,658048.802,1159432.942,108.00,658048.781,1159432.942,109.3,7,658049.948,1159433.356,10.48530950,76.44417150,0.332,-0.218,10.0,6.7,0.0,7.9,2047,1372,RTK FIXED
45.826,070357.80,10.48530900,76.44416000,10.48530899,76.44415987,658048.802,1159432.942,108.00,658048.789,1159432.942,109.3,7,658049.948,1159433.356,10.48530950,76.44417150,0.332,-0.218,10.0,6.7,-0.5,7.8,2047,1372,RTK FIXED
45.879,070358.00,10.48530900,76.44416000,10.48530900,76.44415992,658048.802,1159432.942,108.00,658048.794,1159432.942,109.3,7,658049.948,1159433.356,10.48530950,76.44417150,0.332,-0.218,10.0,6.7,0.5,8.0,2047,1372,RTK FIXED
45.932,070358.00,10.48530900,76.44416000,10.48530900,76.44415995,658048.802,1159432.942,108.00,658048.797,1159432.942,109.3,7,658049.948,1159433.356,10.48530950,76.44417150,0.332,-0.218,10.0,6.7,0.0,7.5,2047,1372,RTK FIXED
45.979,070358.20,10.48530900,76.44416000,10.48530900,76.44415997,658048.802,1159432.942,108.00,658048.799,1159432.942,88.6,7,658049.948,1159433.356,10.48530950,76.44417150,0.332,-0.218,10.0,6.7,0.0,8.0,2047,1372,RTK FIXED
46.032,070358.20,10.48530900,76.44416000,10.48530900,76.44415998,658048.802,1159432.942,108.00,658048.800,1159432.942,88.6,7,658049.948,1159433.356,10.48530950,76.44417150,0.332,-0.218,10.0,6.7,-0.5,7.5,2047,1372,RTK FIXED
46.079,070358.20,10.48530900,76.44416000,10.48530900,76.44415999,658048.802,1159432.942,108.00,658048.801,1159432.942,88.6,7,658049.948,1159433.356,10.48530950,76.44417150,0.332,-0.218,10.0,6.7,0.5,7.5,2047,1372,RTK FIXED
46.134,070358.20,10.48530900,76.44416000,10.48530900,76.44415999,658048.802,1159432.942,108.00,658048.802,1159432.942,88.6,7,658049.948,1159433.356,10.48530950,76.44417150,0.332,-0.218,10.0,6.7,0.0,7.9,2047,1372,RTK FIXED
46.179,070358.40,10.48531000,76.44416000,10.48530940,76.44416000,658048.669,1159433.036,108.00,658048.749,1159432.980,88.6,7,658049.948,1159433.356,10.48530950,76.44417150,0.332,-0.218,10.0,6.7,0.0,7.5,2047,1372,RTK FIXED
46.232,070358.40,10.48531000,76.44416000,10.48530964,76.44416000,658048.669,1159433.036,108.00,658048.717,1159433.002,88.6,7,658049.948,1159433.356,10.48530950,76.44417150,0.332,-0.218,10.0,6.7,-0.5,8.0,2047,1372,RTK FIXED
46.279,070358.40,10.48531000,76.44416000,10.48530978,76.44416000,658048.669,1159433.036,108.00,658048.698,1159433.015,88.6,7,658049.948,1159433.356,10.48530950,76.44417150,0.332,-0.218,10.0,6.7,0.5,8.1,2047,1372,RTK FIXED
46.332,070358.40,10.48531000,76.44416000,10.48530987,76.44416000,658048.669,1159433.036,108.00,658048.686,1159433.023,88.6,7,658049.948,1159433.356,10.48530950,76.44417150,0.332,-0.218,10.0,6.7,0.0,7.9,2047,1372,RTK FIXED
46.378,070358.40,10.48531000,76.44416000,10.48530992,76.44416000,658048.669,1159433.036,108.00,658048.679,1159433.028,88.6,7,658049.948,1159433.356,10.48530950,76.44417150,0.332,-0.218,10.0,6.7,0.0,7.7,2047,1372,RTK FIXED
46.433,070358.40,10.48531000,76.44416000,10.48530995,76.44416000,658048.669,1159433.036,108.00,658048.675,1159433.031,88.6,7,658049.948,1159433.356,10.48530950,76.44417150,0.332,-0.218,10.0,6.7,0.0,7.8,2047,1372,RTK FIXED
46.479,070358.60,10.48531000,76.44416000,10.48530997,76.44416000,658048.669,1159433.036,108.00,658048.673,1159433.033,102.7,7,658049.948,1159433.356,10.48530950,76.44417150,0.332,-0.218,10.0,6.7,-0.5,8.0,2047,1372,RTK FIXED
46.532,070358.60,10.48531000,76.44416000,10.48530998,76.44416000,658048.669,1159433.036,108.00,658048.671,1159433.034,102.7,7,658049.948,1159433.356,10.48530950,76.44417150,0.332,-0.218,10.0,6.7,0.5,8.1,2047,1372,RTK FIXED
46.587,070358.60,10.48531000,76.44416000,10.48530999,76.44416000,658048.669,1159433.036,108.00,658048.670,1159433.035,102.7,7,658049.948,1159433.356,10.48530950,76.44417150,0.332,-0.218,10.0,6.7,0.0,7.8,2047,1372,RTK FIXED
46.632,070358.60,10.48531000,76.44416000,10.48530999,76.44416000,658048.669,1159433.036,108.00,658048.670,1159433.035,102.7,7,658049.948,1159433.356,10.48530950,76.44417150,0.332,-0.218,10.0,6.7,-0.5,7.7,2047,1372,RTK FIXED
46.687,070358.80,10.48531000,76.44416100,10.48531000,76.44416040,658048.870,1159433.043,108.00,658048.750,1159433.038,102.7,7,658049.948,1159433.356,10.48530950,76.44417150,0.332,-0.218,10.0,6.7,0.0,7.7,2047,1372,RTK FIXED
46.733,070358.80,10.48531000,76.44416100,10.48531000,76.44416064,658048.870,1159433.043,108.00,658048.798,1159433.040,102.7,7,658049.948,1159433.356,10.48530950,76.44417150,0.332,-0.218,10.0,6.7,0.0,7.7,2047,1372,RTK FIXED
46.787,070358.80,10.48531000,76.44416100,10.48531000,76.44416078,658048.870,1159433.043,108.00,658048.827,1159433.041,102.7,7,658049.948,1159433.356,10.48530950,76.44417150,0.332,-0.218,10.0,6.7,0.0,7.9,2047,1372,RTK FIXED
46.835,070358.80,10.48531000,76.44416100,10.48531000,76.44416087,658048.870,1159433.043,108.00,658048.844,1159433.042,102.7,7,658049.948,1159433.356,10.48530950,76.44417150,0.332,-0.218,10.0,6.7,0.5,7.9,2047,1372,RTK FIXED
46.887,070359.00,10.48531000,76.44416100,10.48531000,76.44416092,658048.870,1159433.043,108.00,658048.854,1159433.042,76.8,7,658049.948,1159433.356,10.48530950,76.44417150,0.332,-0.218,10.0,6.7,-0.5,7.6,2047,1372,RTK FIXED
46.933,070359.00,10.48531000,76.44416100,10.48531000,76.44416095,658048.870,1159433.043,108.00,658048.860,1159433.042,76.8,7,658049.948,1159433.356,10.48530950,76.44417150,0.332,-0.218,10.0,6.7,0.0,7.1,2047,1372,RTK FIXED
46.988,070359.20,10.48531000,76.44416100,10.48531000,76.44416097,658048.704,1159433.048,108.00,658048.798,1159433.044,76.8,7,658049.948,1159433.356,10.48530950,76.44417150,0.332,-0.218,10.0,6.7,0.0,7.8,2047,1372,RTK FIXED
47.034,070359.20,10.48531000,76.44416100,10.48531000,76.44416098,658048.704,1159433.048,108.00,658048.760,1159433.046,76.8,7,658049.948,1159433.356,10.48530950,76.44417150,0.332,-0.218,10.0,6.7,0.5,7.6,2047,1372,RTK FIXED
47.087,070359.20,10.48531000,76.44416100,10.48531000,76.44416099,658048.704,1159433.048,108.00,658048.737,1159433.047,76.8,7,658049.948,1159433.356,10.48530950,76.44417150,0.332,-0.218,10.0,6.7,-0.5,7.4,2047,1372,RTK FIXED
47.134,070359.20,10.48531000,76.44416100,10.48531000,76.44416099,658048.704,1159433.048,108.00,658048.724,1159433.047,76.8,7,658049.948,1159433.356,10.48530950,76.44417150,0.332,-0.218,10.0,6.7,0.5,8.1,2047,1372,RTK FIXED
47.188,070359.40,10.48531000,76.44416200,10.48531000,76.44416140,658048.813,1159433.048,108.00,658048.760,1159433.048,76.8,7,658049.948,1159433.356,10.48530950,76.44417150,0.332,-0.218,10.0,6.7,-0.5,7.4,2047,1372,RTK FIXED
47.241,070359.40,10.48531000,76.44416200,10.48531000,76.44416164,658048.813,1159433.048,108.00,658048.781,1159433.048,76.8,7,658049.948,1159433.356,10.48530950,76.44417150,0.332,-0.218,10.0,6.7,0.0,7.0,2047,1372,RTK FIXED
47.287,070359.40,10.48531000,76.44416200,10.48531000,76.44416178,658048.813,1159433.048,108.00,658048.794,1159433.048,76.8,7,658049.948,1159433.356,10.48530950,76.44417150,0.332,-0.218,10.0,6.7,0.0,7.6,2047,1372,RTK FIXED
47.341,070359.40,10.48531000,76.44416200,10.48531000,76.44416187,658048.813,1159433.048,108.00,658048.802,1159433.048,76.8,7,658049.948,1159433.356,10.48530950,76.44417150,0.332,-0.218,10.0,6.7,0.0,7.4,2047,1372,RTK FIXED
47.387,070359.40,10.48531000,76.44416200,10.48531000,76.44416192,658048.813,1159433.048,108.00,658048.806,1159433.048,76.8,7,658049.948,1159433.356,10.48530950,76.44417150,0.332,-0.218,10.0,6.7,0.5,7.6,2047,1372,RTK FIXED
47.441,070359.40,10.48531000,76.44416200,10.48531000,76.44416195,658048.813,1159433.048,108.00,658048.809,1159433.048,76.8,7,658049.948,1159433.356,10.48530950,76.44417150,0.332,-0.218,10.0,6.7,0.0,7.4,2047,1372,RTK FIXED
47.488,070359.60,10.48531100,76.44416200,10.48531040,76.44416197,658048.813,1159433.159,108.00,658048.810,1159433.092,76.8,7,658049.948,1159433.356,10.48530950,76.44417150,0.332,-0.218,10.0,6.7,-0.5,8.0,2047,1372,RTK FIXED
47.542,070359.60,10.48531100,76.44416200,10.48531064,76.44416198,658048.813,1159433.159,108.00,658048.811,1159433.119,76.8,7,658049.948,1159433.356,10.48530950,76.44417150,0.332,-0.218,10.0,6.7,0.0,7.4,2047,1372,RTK FIXED
47.588,070359.60,10.48531100,76.44416200,10.48531078,76.44416199,658048.813,1159433.159,108.00,658048.812,1159433.135,76.8,7,658049.948,1159433.356,10.48530950,76.44417150,0.332,-0.218,10.0,6.7,0.5,7.6,2047,1372,RTK FIXED
47.642,070359.60,10.48531100,76.44416200,10.48531087,76.44416199,658048.813,1159433.159,108.00,658048.812,1159433.145,76.8,7,658049.948,1159433.356,10.48530950,76.44417150,0.332,-0.218,10.0,6.7,-0.5,7.4,2047,1372,RTK FIXED
47.688,070359.80,10.48531100,76.44416200,10.48531092,76.44416200,658048.813,1159433.159,108.00,658048.812,1159433.150,82.4,7,658049.948,1159433.356,10.48530950,76.44417150,0.332,-0.218,10.0,6.7,0.5,7.5,2047,1372,RTK FIXED
47.742,070359.80,10.48531100,76.44416200,10.48531095,76.44416200,658048.813,1159433.159,108.00,658048.812,1159433.154,82.4,7,658049.948,1159433.356,10.48530950,76.44417150,0.332,-0.218,10.0,6.7,-0.5,7.9,2047,1372,RTK FIXED
47.796,070359.80,10.48531100,76.44416200,10.48531097,76.44416200,658048.813,1159433.159,108.00,658048.812,1159433.156,82.4,7,658049.948,1159433.356,10.48530950,76.44417150,0.332,-0.218,10.0,6.7,0.0,7.4,2047,1372,RTK FIXED
47.842,070359.80,10.48531100,76.44416200,10.48531098,76.44416200,658048.813,1159433.159,108.00,658048.813,1159433.157,82.4,7,658049.948,1159433.356,10.48530950,76.44417150,0.332,-0.218,10.0,6.7,0.5,7.6,2047,1372,RTK FIXED
47.896,070400.00,10.48531100,76.44416200,10.48531099,76.44416200,658048.848,1159433.151,108.00,658048.827,1159433.155,82.4,7,658049.948,1159433.356,10.48530950,76.44417150,0.332,-0.218,10.0,6.7,0.0,7.9,2047,1372,RTK FIXED
47.942,070400.00,10.48531100,76.44416200,10.48531099,76.44416200,658048.848,1159433.151,108.00,658048.835,1159433.153,82.4,7,658049.948,1159433.356,10.48530950,76.44417150,0.332,-0.218,10.0,6.7,0.0,7.6,2047,1372,RTK FIXED
47.996,070400.20,10.48531100,76.44416300,10.48531100,76.44416240,658048.958,1159433.152,108.00,658048.884,1159433.153,82.4,7,658049.948,1159433.356,10.48530950,76.44417150,0.332,-0.218,10.0,6.7,0.0,7.3,2047,1372,RTK FIXED
48.042,070400.20,10.48531100,76.44416300,10.48531100,76.44416264,658048.958,1159433.152,108.00,658048.914,1159433.152,82.4,7,658049.948,1159433.356,10.48530950,76.44417150,0.332,-0.218,10.0,6.7,-0.5,7.7,2047,1372,RTK FIXED
48.096,070400.20,10.48531100,76.44416300,10.48531100,76.44416278,658048.958,1159433.152,108.00,658048.931,1159433.152,82.4,7,658049.948,1159433.356,10.48530950,76.44417150,0.332,-0.218,10.0,6.7,0.5,7.4,2047,1372,RTK FIXED
48.142,070400.20,10.48531100,76.44416300,10.48531100,76.44416287,658048.958,1159433.152,108.00,658048.942,1159433.152,82.4,7,658049.948,1159433.356,10.48530950,76.44417150,0.332,-0.218,10.0,6.7,-0.5,7.6,2047,1372,RTK FIXED
48.196,070400.40,10.48531100,76.44416300,10.48531100,76.44416292,658048.958,1159433.152,108.00,658048.948,1159433.152,62.2,7,658049.948,1159433.356,10.48530950,76.44417150,0.332,-0.218,10.0,6.7,0.0,7.4,2047,1372,RTK FIXED
48.242,070400.40,10.48531100,76.44416300,10.48531100,76.44416295,658048.958,1159433.152,108.00,658048.952,1159433.152,62.2,7,658049.948,1159433.356,10.48530950,76.44417150,0.332,-0.218,10.0,6.7,0.5,7.6,2047,1372,RTK FIXED
48.296,070400.40,10.48531100,76.44416300,10.48531100,76.44416297,658048.958,1159433.152,108.00,658048.954,1159433.152,62.2,7,658049.948,1159433.356,10.48530950,76.44417150,0.332,-0.218,10.0,6.7,-0.5,7.9,2047,1372,RTK FIXED
48.350,070400.40,10.48531100,76.44416300,10.48531100,76.44416298,658048.958,1159433.152,108.00,658048.956,1159433.152,62.2,7,658049.948,1159433.356,10.48530950,76.44417150,0.332,-0.218,10.0,6.7,0.5,7.4,2047,1372,RTK FIXED
48.396,070400.40,10.48531100,76.44416300,10.48531100,76.44416299,658048.958,1159433.152,108.00,658048.957,1159433.152,62.2,7,658049.948,1159433.356,10.48530950,76.44417150,0.332,-0.218,10.0,6.7,-0.5,7.0,2047,1372,RTK FIXED
48.451,070400.40,10.48531100,76.44416300,10.48531100,76.44416299,658048.958,1159433.152,108.00,658048.957,1159433.152,62.2,7,658049.948,1159433.356,10.48530950,76.44417150,0.332,-0.218,10.0,6.7,0.0,7.8,2047,1372,RTK FIXED
48.497,070400.60,10.48531100,76.44416300,10.48531100,76.44416300,658048.835,1159433.195,108.00,658048.908,1159433.169,62.2,7,658049.948,1159433.356,10.48530950,76.44417150,0.332,-0.218,10.0,6.7,0.5,7.6,2047,1372,RTK FIXED
48.550,070400.60,10.48531100,76.44416300,10.48531100,76.44416300,658048.835,1159433.195,108.00,658048.879,1159433.179,62.2,7,658049.948,1159433.356,10.48530950,76.44417150,0.332,-0.218,10.0,6.7,-0.5,7.5,2047,1372,RTK FIXED
48.596,070400.60,10.48531100,76.44416300,10.48531100,76.44416300,658048.835,1159433.195,108.00,658048.861,1159433.186,62.2,7,658049.948,1159433.356,10.48530950,76.44417150,0.332,-0.218,10.0,6.7,0.0,7.6,2047,1372,RTK FIXED
48.651,070400.60,10.48531100,76.44416300,10.48531100,76.44416300,658048.835,1159433.195,108.00,658048.851,1159433.189,62.2,7,658049.948,1159433.356,10.48530950,76.44417150,0.332,-0.218,10.0,6.7,0.0,6.9,2047,1372,RTK FIXED
48.697,070400.80,10.48531100,76.44416400,10.48531100,76.44416340,658048.944,1159433.195,108.00,658048.888,1159433.192,62.2,7,658049.948,1159433.356,10.48530950,76.44417150,0.332,-0.218,10.0,6.7,0.5,8.2,2047,1372,RTK FIXED
48.750,070400.80,10.48531100,76.44416400,10.48531100,76.44416364,658048.944,1159433.195,108.00,658048.911,1159433.193,62.2,7,658049.948,1159433.356,10.48530950,76.44417150,0.332,-0.218,10.0,6.7,-0.5,7.5,2047,1372,RTK FIXED
48.796,070400.80,10.48531100,76.44416400,10.48531100,76.44416378,658048.944,1159433.195,108.00,658048.924,1159433.194,62.2,7,658049.948,1159433.356,10.48530950,76.44417150,0.332,-0.218,10.0,6.7,0.0,7.7,2047,1372,RTK FIXED
48.851,070400.80,10.48531100,76.44416400,10.48531100,76.44416387,658048.944,1159433.195,108.00,658048.932,1159433.194,62.2,7,658049.948,1159433.356,10.48530950,76.44417150,0.332,-0.218,10.0,6.7,0.0,7.7,2047,1372,RTK FIXED
48.905,070401.00,10.48531100,76.44416400,10.48531100,76.44416392,658048.944,1159433.195,108.00,658048.937,1159433.195,62.2,7,658049.948,1159433.356,10.48530950,76.44417150,0.332,-0.218,10.0,6.7,0.5,7.0,2047,1372,RTK FIXED
48.951,070401.00,10.48531100,76.44416400,10.48531100,76.44416395,658048.944,1159433.195,108.00,658048.940,1159433.195,62.2,7,658049.948,1159433.356,10.48530950,76.44417150,0.332,-0.218,10.0,6.7,-0.5,7.6,2047,1372,RTK FIXED
49.004,070401.00,10.48531100,76.44416400,10.48531100,76.44416397,658048.944,1159433.195,108.00,658048.942,1159433.195,62.2,7,658049.948,1159433.356,10.48530950,76.44417150,0.332,-0.218,10.0,6.7,0.5,7.9,2047,1372,RTK FIXED
49.051,070401.20,10.48531100,76.44416400,10.48531100,76.44416398,658048.944,1159433.195,108.00,658048.943,1159433.195,62.2,7,658049.948,1159433.356,10.48530950,76.44417150,0.332,-0.218,10.0,6.7,0.0,8.0,2047,1372,RTK FIXED
49.104,070401.20,10.48531100,76.44416400,10.48531100,76.44416399,658048.944,1159433.195,108.00,658048.943,1159433.195,62.2,7,658049.948,1159433.356,10.48530950,76.44417150,0.332,-0.218,10.0,6.7,-0.5,7.2,2047,1372,RTK FIXED
49.151,070401.20,10.48531100,76.44416400,10.48531100,76.44416399,658048.944,1159433.195,108.00,658048.944,1159433.195,62.2,7,658049.948,1159433.356,10.48530950,76.44417150,0.332,-0.218,10.0,6.7,0.5,7.5,2047,1372,RTK FIXED
49.205,070401.40,10.48531100,76.44416500,10.48531100,76.44416440,658049.054,1159433.196,108.00,658048.988,1159433.195,53.6,7,658049.948,1159433.356,10.48530950,76.44417150,0.332,-0.218,10.0,6.7,0.0,7.4,2047,1372,RTK FIXED
49.251,070401.40,10.48531100,76.44416500,10.48531100,76.44416464,658049.054,1159433.196,108.00,658049.014,1159433.196,53.6,7,658049.948,1159433.356,10.48530950,76.44417150,0.332,-0.218,10.0,6.7,0.0,7.6,2047,1372,RTK FIXED
49.305,070401.40,10.48531100,76.44416500,10.48531100,76.44416478,658049.054,1159433.196,108.00,658049.030,1159433.196,53.6,7,658049.948,1159433.356,10.48530950,76.44417150,0.332,-0.218,10.0,6.7,0.0,7.4,2047,1372,RTK FIXED
49.351,070401.40,10.48531100,76.44416500,10.48531100,76.44416487,658049.054,1159433.196,108.00,658049.039,1159433.196,53.6,7,658049.948,1159433.356,10.48530950,76.44417150,0.332,-0.218,10.0,6.7,-0.5,8.2,2047,1372,RTK FIXED
49.405,070401.40,10.48531100,76.44416500,10.48531100,76.44416492,658049.054,1159433.196,108.00,658049.045,1159433.196,53.6,7,658049.948,1159433.356,10.48530950,76.44417150,0.332,-0.218,10.0,6.7,0.5,7.4,2047,1372,RTK FIXED
49.459,070401.60,10.48531100,76.44416500,10.48531100,76.44416495,658049.008,1159433.226,108.00,658049.030,1159433.208,53.6,7,658049.948,1159433.356,10.48530950,76.44417150,0.332,-0.218,10.0,6.7,0.0,7.8,2047,1372,RTK FIXED
49.505,070401.60,10.48531100,76.44416500,10.48531100,76.44416497,658049.008,1159433.226,108.00,658049.021,1159433.215,53.6,7,658049.948,1159433.356,10.48530950,76.44417150,0.332,-0.218,10.0,6.7,0.0,7.6,2047,1372,RTK FIXED
49.559,070401.60,10.48531100,76.44416500,10.48531100,76.44416498,658049.008,1159433.226,108.00,658049.016,1159433.220,53.6,7,658049.948,1159433.356,10.48530950,76.44417150,0.332,-0.218,10.0,6.7,0.0,7.4,2047,1372,RTK FIXED
49.604,070401.60,10.48531100,76.44416500,10.48531100,76.44416499,658049.008,1159433.226,108.00,658049.013,1159433.222,53.6,7,658049.948,1159433.356,10.48530950,76.44417150,0.332,-0.218,10.0,6.7,0.0,7.7,2047,1372,RTK FIXED
49.659,070401.80,10.48531100,76.44416500,10.48531100,76.44416499,658049.008,1159433.226,108.00,658049.011,1159433.224,53.6,7,658049.948,1159433.356,10.48530950,76.44417150,0.332,-0.218,10.0,6.7,0.0,7.3,2047,1372,RTK FIXED
49.705,070401.80,10.48531100,76.44416500,10.48531100,76.44416500,658049.008,1159433.226,108.00,658049.010,1159433.225,53.6,7,658049.948,1159433.356,10.48530950,76.44417150,0.332,-0.218,10.0,6.7,-0.5,7.7,2047,1372,RTK FIXED
49.759,070401.80,10.48531100,76.44416500,10.48531100,76.44416500,658049.008,1159433.226,108.00,658049.009,1159433.225,53.6,7,658049.948,1159433.356,10.48530950,76.44417150,0.332,-0.218,10.0,6.7,0.5,7.5,2047,1372,RTK FIXED
49.805,070401.80,10.48531100,76.44416500,10.48531100,76.44416500,658049.008,1159433.226,108.00,658049.009,1159433.226,53.6,7,658049.948,1159433.356,10.48530950,76.44417150,0.332,-0.218,10.0,6.7,-0.5,7.5,2047,1372,RTK FIXED
49.859,070402.00,10.48531100,76.44416600,10.48531100,76.44416540,658049.117,1159433.227,108.00,658049.052,1159433.226,53.6,7,658049.948,1159433.356,10.48530950,76.44417150,0.332,-0.218,10.0,6.7,0.0,7.3,2047,1372,RTK FIXED
49.905,070402.00,10.48531100,76.44416600,10.48531100,76.44416564,658049.117,1159433.227,108.00,658049.078,1159433.226,53.6,7,658049.948,1159433.356,10.48530950,76.44417150,0.332,-0.218,10.0,6.7,0.0,8.2,2047,1372,RTK FIXED
49.960,070402.20,10.48531100,76.44416600,10.48531100,76.44416578,658049.117,1159433.227,108.00,658049.094,1159433.227,42.9,7,658049.948,1159433.356,10.48530950,76.44417150,0.332,-0.218,10.0,6.7,0.0,7.3,2047,1372,RTK FIXED
50.005,070402.20,10.48531100,76.44416600,10.48531100,76.44416587,658049.117,1159433.227,108.00,658049.103,1159433.227,42.9,7,658049.948,1159433.356,10.48530950,76.44417150,0.332,-0.218,10.0,6.7,0.5,7.1,2047,1372,RTK FIXED
50.059,070402.20,10.48531100,76.44416600,10.48531100,76.44416592,658049.117,1159433.227,108.00,658049.109,1159433.227,42.9,7,658049.948,1159433.356,10.48530950,76.44417150,0.332,-0.218,10.0,6.7,-0.5,7.3,2047,1372,RTK FIXED
50.112,070402.20,10.48531100,76.44416600,10.48531100,76.44416595,658049.117,1159433.227,108.00,658049.112,1159433.227,42.9,7,658049.948,1159433.356,10.48530950,76.44417150,0.332,-0.218,10.0,6.7,0.0,8.0,2047,1372,RTK FIXED
50.160,070402.40,10.48531100,76.44416600,10.48531100,76.44416597,658049.067,1159433.274,108.00,658049.094,1159433.246,42.9,7,658049.948,1159433.356,10.48530950,76.44417150,0.332,-0.218,10.0,6.7,0.5,7.4,2047,1372,RTK FIXED
50.213,070402.40,10.48531100,76.44416600,10.48531100,76.44416598,658049.067,1159433.274,108.00,658049.083,1159433.257,42.9,7,658049.948,1159433.356,10.48530950,76.44417150,0.332,-0.218,10.0,6.7,-0.5,8.0,2047,1372,RTK FIXED
50.259,070402.40,10.48531100,76.44416600,10.48531100,76.44416599,658049.067,1159433.274,108.00,658049.077,1159433.264,42.9,7,658049.948,1159433.356,10.48530950,76.44417150,0.332,-0.218,10.0,6.7,0.5,7.6,2047,1372,RTK FIXED
50.314,070402.40,10.48531100,76.44416600,10.48531100,76.44416599,658049.067,1159433.274,108.00,658049.073,1159433.268,42.9,7,658049.948,1159433.356,10.48530950,76.44417150,0.332,-0.218,10.0,6.7,0.0,7.8,2047,1372,RTK FIXED
50.360,070402.60,10.48531100,76.44416600,10.48531100,76.44416600,658049.067,1159433.274,108.00,658049.071,1159433.270,42.9,7,658049.948,1159433.356,10.48530950,76.44417150,0.332,-0.218,10.0,6.7,0.0,7.0,2047,1372,RTK FIXED
50.414,070402.60,10.48531100,76.44416600,10.48531100,76.44416600,658049.067,1159433.274,108.00,658049.069,1159433.272,42.9,7,658049.948,1159433.356,10.48530950,76.44417150,0.332,-0.218,10.0,6.7,0.0,7.4,2047,1372,RTK FIXED
50.459,070402.60,10.48531100,76.44416600,10.48531100,76.44416600,658049.067,1159433.274,108.00,658049.068,1159433.273,42.9,7,658049.948,1159433.356,10.48530950,76.44417150,0.332,-0.218,10.0,6.7,0.0,7.6,2047,1372,RTK FIXED
50.514,070402.60,10.48531100,76.44416600,10.48531100,76.44416600,658049.067,1159433.274,108.00,658049.068,1159433.273,42.9,7,658049.948,1159433.356,10.48530950,76.44417150,0.332,-0.218,10.0,6.7,0.0,7.4,2047,1372,RTK FIXED
50.560,070402.60,10.48531100,76.44416600,10.48531100,76.44416600,658049.067,1159433.274,108.00,658049.067,1159433.274,42.9,7,658049.948,1159433.356,10.48530950,76.44417150,0.332,-0.218,10.0,6.7,0.0,7.6,2047,1372,RTK FIXED
50.614,070402.60,10.48531100,76.44416600,10.48531100,76.44416600,658049.067,1159433.274,108.00,658049.067,1159433.274,42.9,7,658049.948,1159433.356,10.48530950,76.44417150,0.332,-0.218,10.0,6.7,0.0,7.4,2047,1372,RTK FIXED
50.660,070402.80,10.48531000,76.44416700,10.48531060,76.44416640,658049.177,1159433.164,108.00,658049.111,1159433.230,42.9,7,658049.948,1159433.356,10.48530950,76.44417150,0.332,-0.218,10.0,6.7,-0.5,8.2,2047,1372,RTK FIXED
50.714,070402.80,10.48531000,76.44416700,10.48531036,76.44416664,658049.177,1159433.164,108.00,658049.137,1159433.204,42.9,7,658049.948,1159433.356,10.48530950,76.44417150,0.332,-0.218,10.0,6.7,0.5,7.4,2047,1372,RTK FIXED
50.768,070402.80,10.48531000,76.44416700,10.48531022,76.44416678,658049.177,1159433.164,108.00,658049.153,1159433.188,42.9,7,658049.948,1159433.356,10.48530950,76.44417150,0.332,-0.218,10.0,6.7,0.0,7.0,2047,1372,RTK FIXED
50.814,070402.80,10.48531000,76.44416700,10.48531013,76.44416687,658049.177,1159433.164,108.00,658049.163,1159433.178,42.9,7,658049.948,1159433.356,10.48530950,76.44417150,0.332,-0.218,10.0,6.7,-0.5,7.6,2047,1372,RTK FIXED
50.868,070403.00,10.48531000,76.44416700,10.48531008,76.44416692,658049.177,1159433.164,108.00,658049.168,1159433.173,42.9,7,658049.948,1159433.356,10.48530950,76.44417150,0.332,-0.218,10.0,6.7,0.5,7.4,2047,1372,RTK FIXED
50.914,070403.00,10.48531000,76.44416700,10.48531005,76.44416695,658049.177,1159433.164,108.00,658049.172,1159433.169,42.9,7,658049.948,1159433.356,10.48530950,76.44417150,0.332,-0.218,10.0,6.7,-0.5,7.6,2047,1372,RTK FIXED
50.968,070403.20,10.48531000,76.44416700,10.48531003,76.44416697,658049.177,1159433.164,108.00,658049.174,1159433.167,22.3,7,658049.948,1159433.356,10.48530950,76.44417150,0.362,-0.102,10.0,8.4,0.0,7.8,2047,1728,RTK FIXED
51.014,070403.20,10.48531000,76.44416700,10.48531002,76.44416698,658049.177,1159433.164,108.00,658049.175,1159433.166,22.3,7,658049.948,1159433.356,10.48530950,76.44417150,0.362,-0.102,10.0,8.4,0.5,7.1,2047,1728,RTK FIXED
51.068,070403.20,10.48531000,76.44416700,10.48531001,76.44416699,658049.177,1159433.164,108.00,658049.176,1159433.165,22.3,7,658049.948,1159433.356,10.48530950,76.44417150,0.362,-0.102,10.0,8.4,0.0,8.4,2047,1728,RTK FIXED
51.115,070403.20,10.48531000,76.44416700,10.48531001,76.44416699,658049.177,1159433.164,108.00,658049.176,1159433.165,22.3,7,658049.948,1159433.356,10.48530950,76.44417150,0.362,-0.102,10.0,8.4,-0.5,8.5,2047,1728,RTK FIXED
51.168,070403.40,10.48531000,76.44416800,10.48531000,76.44416740,658049.218,1159433.278,108.00,658049.193,1159433.210,22.3,7,658049.948,1159433.356,10.48530950,76.44417150,0.361,-0.088,10.0,8.6,0.0,9.8,2047,1769,RTK FIXED
51.214,070403.40,10.48531000,76.44416800,10.48531000,76.44416764,658049.218,1159433.278,108.00,658049.203,1159433.237,22.3,7,658049.948,1159433.356,10.48530950,76.44417150,0.361,-0.088,10.0,8.6,0.5,9.8,2047,1769,RTK FIXED
51.268,070403.40,10.48531000,76.44416800,10.48531000,76.44416778,658049.218,1159433.278,108.00,658049.209,1159433.253,22.3,7,658049.948,1159433.356,10.48530950,76.44417150,0.361,-0.088,10.0,8.6,0.0,11.6,2047,1769,RTK FIXED
51.314,070403.40,10.48531000,76.44416800,10.48531000,76.44416787,658049.218,1159433.278,108.00,658049.213,1159433.263,22.3,7,658049.948,1159433.356,10.48530950,76.44417150,0.361,-0.088,10.0,8.6,-0.5,13.5,2047,1769,RTK FIXED
51.368,070403.40,10.48531000,76.44416800,10.48531000,76.44416792,658049.218,1159433.278,108.00,658049.215,1159433.269,22.3,7,658049.948,1159433.356,10.48530950,76.44417150,0.361,-0.088,10.0,8.6,0.0,13.4,2047,1769,RTK FIXED
51.422,070403.40,10.48531000,76.44416800,10.48531000,76.44416795,658049.218,1159433.278,108.00,658049.216,1159433.273,22.3,7,658049.948,1159433.356,10.48530950,76.44417150,0.361,-0.088,10.0,8.6,0.0,14.5,2047,1769,RTK FIXED
51.469,070403.60,10.48531000,76.44416800,10.48531000,76.44416797,658049.218,1159433.278,108.00,658049.217,1159433.275,22.3,7,658049.948,1159433.356,10.48530950,76.44417150,0.360,-0.090,10.0,8.6,0.0,13.4,2047,1761,RTK FIXED
51.522,070403.60,10.48531000,76.44416800,10.48531000,76.44416798,658049.218,1159433.278,108.00,658049.217,1159433.276,22.3,7,658049.948,1159433.356,10.48530950,76.44417150,0.360,-0.090,10.0,8.6,0.0,13.6,2047,1761,RTK FIXED
51.568,070403.60,10.48531000,76.44416800,10.48531000,76.44416799,658049.218,1159433.278,108.00,658049.218,1159433.277,22.3,7,658049.948,1159433.356,10.48530950,76.44417150,0.360,-0.090,10.0,8.6,0.5,13.7,2047,1761,RTK FIXED
51.622,070403.60,10.48531000,76.44416800,10.48531000,76.44416799,658049.218,1159433.278,108.00,658049.218,1159433.277,22.3,7,658049.948,1159433.356,10.48530950,76.44417150,0.360,-0.090,10.0,8.6,-0.5,13.7,2047,1761,RTK FIXED
51.669,070403.80,10.48531000,76.44416800,10.48531000,76.44416800,658049.218,1159433.278,108.00,658049.218,1159433.277,32.3,7,658049.948,1159433.356,10.48530950,76.44417150,0.342,-0.163,10.0,7.5,0.0,13.4,2047,1534,RTK FIXED
51.722,070403.80,10.48531000,76.44416800,10.48531000,76.44416800,658049.218,1159433.278,108.00,658049.218,1159433.278,32.3,7,658049.948,1159433.356,10.48530950,76.44417150,0.342,-0.163,10.0,7.5,0.0,13.5,2047,1534,RTK FIXED
51.768,070403.80,10.48531000,76.44416800,10.48531000,76.44416800,658049.218,1159433.278,108.00,658049.218,1159433.278,32.3,7,658049.948,1159433.356,10.48530950,76.44417150,0.342,-0.163,10.0,7.5,0.5,13.0,2047,1534,RTK FIXED
51.823,070403.80,10.48531000,76.44416800,10.48531000,76.44416800,658049.218,1159433.278,108.00,658049.218,1159433.278,32.3,7,658049.948,1159433.356,10.48530950,76.44417150,0.342,-0.163,10.0,7.5,0.0,13.0,2047,1534,RTK FIXED
51.869,070404.00,10.48530900,76.44416800,10.48530960,76.44416800,658049.247,1159433.109,108.00,658049.230,1159433.210,32.3,7,658049.948,1159433.356,10.48530950,76.44417150,0.350,-0.151,10.0,7.7,-0.5,12.4,2047,1578,RTK FIXED
51.922,070404.00,10.48530900,76.44416800,10.48530936,76.44416800,658049.247,1159433.109,108.00,658049.236,1159433.170,32.3,7,658049.948,1159433.356,10.48530950,76.44417150,0.350,-0.151,10.0,7.7,0.5,12.7,2047,1578,RTK FIXED
51.969,070404.20,10.48530900,76.44416900,10.48530922,76.44416840,658049.356,1159433.110,108.00,658049.284,1159433.146,6.7,7,658049.948,1159433.356,10.48530950,76.44417150,0.360,0.041,9.3,10.0,0.0,11.2,1912,2028,RTK FIXED
52.023,070404.20,10.48530900,76.44416900,10.48530913,76.44416864,658049.356,1159433.110,108.00,658049.313,1159433.131,6.7,7,658049.948,1159433.356,10.48530950,76.44417150,0.360,0.041,9.3,10.0,-0.5,12.0,1912,2047,RTK FIXED
52.076,070404.20,10.48530900,76.44416900,10.48530908,76.44416878,658049.356,1159433.110,108.00,658049.330,1159433.123,6.7,7,658049.948,1159433.356,10.48530950,76.44417150,0.360,0.041,9.3,10.0,0.0,12.1,1912,2047,RTK FIXED
52.123,070404.20,10.48530900,76.44416900,10.48530905,76.44416887,658049.356,1159433.110,108.00,658049.341,1159433.118,6.7,7,658049.948,1159433.356,10.48530950,76.44417150,0.360,0.041,9.3,10.0,0.0,12.5,1912,2047,RTK FIXED
52.177,070404.40,10.48530900,76.44416900,10.48530903,76.44416892,658049.305,1159433.266,108.00,658049.327,1159433.177,6.7,7,658049.948,1159433.356,10.48530950,76.44417150,0.362,0.065,9.0,10.0,0.0,12.0,1837,2047,RTK FIXED
52.223,070404.40,10.48530900,76.44416900,10.48530902,76.44416895,658049.305,1159433.266,108.00,658049.318,1159433.213,6.7,7,658049.948,1159433.356,10.48530950,76.44417150,0.362,0.065,9.0,10.0,0.5,13.6,1837,2047,RTK FIXED
52.277,070404.40,10.48530900,76.44416900,10.48530901,76.44416897,658049.305,1159433.266,108.00,658049.313,1159433.234,6.7,7,658049.948,1159433.356,10.48530950,76.44417150,0.362,0.065,9.0,10.0,0.0,14.9,1837,2047,RTK FIXED
52.323,070404.40,10.48530900,76.44416900,10.48530901,76.44416898,658049.305,1159433.266,108.00,658049.310,1159433.247,6.7,7,658049.948,1159433.356,10.48530950,76.44417150,0.362,0.065,9.0,10.0,0.0,16.7,1837,2047,RTK FIXED
52.377,070404.40,10.48530900,76.44416900,10.48530900,76.44416899,658049.305,1159433.266,108.00,658049.308,1159433.254,6.7,7,658049.948,1159433.356,10.48530950,76.44417150,0.362,0.065,9.0,10.0,-0.5,17.2,1837,2047,RTK FIXED
52.423,070404.40,10.48530900,76.44416900,10.48530900,76.44416899,658049.305,1159433.266,108.00,658049.307,1159433.259,6.7,7,658049.948,1159433.356,10.48530950,76.44417150,0.362,0.065,9.0,10.0,0.5,17.3,1837,2047,RTK FIXED
52.478,070404.60,10.48530900,76.44416900,10.48530900,76.44416900,658049.305,1159433.266,108.00,658049.306,1159433.262,6.7,7,658049.948,1159433.356,10.48530950,76.44417150,0.363,0.062,9.0,10.0,-0.5,18.4,1848,2047,RTK FIXED
52.523,070404.60,10.48530900,76.44416900,10.48530900,76.44416900,658049.305,1159433.266,108.00,658049.306,1159433.264,6.7,7,658049.948,1159433.356,10.48530950,76.44417150,0.363,0.062,9.0,10.0,0.5,17.6,1848,2047,RTK FIXED
52.577,070404.60,10.48530900,76.44416900,10.48530900,76.44416900,658049.305,1159433.266,108.00,658049.306,1159433.265,6.7,7,658049.948,1159433.356,10.48530950,76.44417150,0.363,0.062,9.0,10.0,0.0,17.6,1848,2047,RTK FIXED
52.631,070404.60,10.48530900,76.44416900,10.48530900,76.44416900,658049.305,1159433.266,108.00,658049.306,1159433.265,6.7,7,658049.948,1159433.356,10.48530950,76.44417150,0.363,0.062,9.0,10.0,-0.5,17.5,1848,2047,RTK FIXED
52.678,070404.80,10.48530900,76.44417000,10.48530900,76.44416940,658049.415,1159433.267,108.00,658049.349,1159433.266,19.7,7,658049.948,1159433.356,10.48530950,76.44417150,0.366,-0.008,10.0,9.9,0.5,18.1,2047,2019,RTK FIXED
52.730,070404.80,10.48530900,76.44417000,10.48530900,76.44416964,658049.415,1159433.267,108.00,658049.376,1159433.266,19.7,7,658049.948,1159433.356,10.48530950,76.44417150,0.366,-0.008,10.0,9.9,-0.5,17.6,2047,2019,RTK FIXED
52.777,070404.80,10.48530900,76.44417000,10.48530900,76.44416978,658049.415,1159433.267,108.00,658049.391,1159433.266,19.7,7,658049.948,1159433.356,10.48530950,76.44417150,0.366,-0.008,10.0,9.9,0.5,17.1,2047,2019,RTK FIXED
52.832,070404.80,10.48530900,76.44417000,10.48530900,76.44416987,658049.415,1159433.267,108.00,658049.401,1159433.266,19.7,7,658049.948,1159433.356,10.48530950,76.44417150,0.366,-0.008,10.0,9.9,0.0,18.1,2047,2019,RTK FIXED
52.878,070405.00,10.48530900,76.44417000,10.48530900,76.44416992,658049.432,1159433.184,108.00,658049.413,1159433.233,19.7,7,658049.948,1159433.356,10.48530950,76.44417150,0.366,-0.004,10.0,9.9,0.0,17.6,2047,2034,RTK FIXED
52.932,070405.00,10.48530900,76.44417000,10.48530900,76.44416995,658049.432,1159433.184,108.00,658049.421,1159433.214,19.7,7,658049.948,1159433.356,10.48530950,76.44417150,0.366,-0.004,10.0,9.9,-0.5,17.5,2047,2034,RTK FIXED
52.978,070405.20,10.48530900,76.44417000,10.48530900,76.44416997,658049.432,1159433.184,108.00,658049.425,1159433.202,19.7,7,658049.948,1159433.356,10.48530950,76.44417150,0.366,-0.001,10.0,10.0,0.5,17.6,2047,2044,RTK FIXED
53.032,070405.20,10.48530900,76.44417000,10.48530900,76.44416998,658049.432,1159433.184,108.00,658049.428,1159433.195,19.7,7,658049.948,1159433.356,10.48530950,76.44417150,0.366,-0.001,10.0,10.0,0.0,18.1,2047,2044,RTK FIXED
53.078,070405.20,10.48530900,76.44417000,10.48530900,76.44416999,658049.432,1159433.184,108.00,658049.430,1159433.190,19.7,7,658049.948,1159433.356,10.48530950,76.44417150,0.366,-0.001,10.0,10.0,-0.5,18.6,2047,2044,RTK FIXED
53.132,070405.20,10.48530900,76.44417000,10.48530900,76.44416999,658049.432,1159433.184,108.00,658049.431,1159433.188,19.7,7,658049.948,1159433.356,10.48530950,76.44417150,0.366,-0.001,10.0,10.0,0.0,18.0,2047,2044,RTK FIXED
53.178,070405.40,10.48530800,76.44417100,10.48530860,76.44417040,658049.542,1159433.074,108.00,658049.475,1159433.142,2.2,7,658049.948,1159433.356,10.48530950,76.44417150,0.340,0.150,7.7,10.0,0.5,18.9,1597,2047,RTK FIXED
53.231,070405.40,10.48530800,76.44417100,10.48530836,76.44417064,658049.542,1159433.074,108.00,658049.502,1159433.115,2.2,7,658049.948,1159433.356,10.48530950,76.44417150,0.340,0.150,7.7,10.0,0.0,17.7,1567,2047,RTK FIXED
53.286,070405.40,10.48530800,76.44417100,10.48530822,76.44417078,658049.542,1159433.074,108.00,658049.518,1159433.099,2.2,7,658049.948,1159433.356,10.48530950,76.44417150,0.340,0.150,7.7,10.0,0.0,18.0,1567,2047,RTK FIXED
53.331,070405.40,10.48530800,76.44417100,10.48530813,76.44417087,658049.542,1159433.074,108.00,658049.527,1159433.089,2.2,7,658049.948,1159433.356,10.48530950,76.44417150,0.340,0.150,7.7,10.0,-0.5,18.5,1567,2047,RTK FIXED
53.386,070405.40,10.48530800,76.44417100,10.48530808,76.44417092,658049.542,1159433.074,108.00,658049.533,1159433.083,2.2,7,658049.948,1159433.356,10.48530950,76.44417150,0.340,0.150,7.7,10.0,0.5,18.0,1567,2047,RTK FIXED
53.431,070405.40,10.48530800,76.44417100,10.48530805,76.44417095,658049.542,1159433.074,108.00,658049.537,1159433.079,2.2,7,658049.948,1159433.356,10.48530950,76.44417150,0.340,0.150,7.7,10.0,0.0,17.5,1567,2047,RTK FIXED
53.486,070405.60,10.48530800,76.44417100,10.48530803,76.44417097,658049.523,1159433.185,108.00,658049.531,1159433.122,2.2,7,658049.948,1159433.356,10.48530950,76.44417150,0.340,0.182,7.2,10.0,-0.5,17.8,1481,2047,RTK FIXED
53.532,070405.60,10.48530800,76.44417100,10.48530802,76.44417098,658049.523,1159433.185,108.00,658049.528,1159433.147,2.2,7,658049.948,1159433.356,10.48530950,76.44417150,0.340,0.182,7.2,10.0,0.0,18.0,1481,2047,RTK FIXED
53.586,070405.60,10.48530800,76.44417100,10.48530801,76.44417099,658049.523,1159433.185,108.00,658049.526,1159433.162,2.2,7,658049.948,1159433.356,10.48530950,76.44417150,0.340,0.182,7.2,10.0,0.5,17.2,1481,2047,RTK FIXED
53.632,070405.60,10.48530800,76.44417100,10.48530801,76.44417099,658049.523,1159433.185,108.00,658049.525,1159433.171,2.2,7,658049.948,1159433.356,10.48530950,76.44417150,0.340,0.182,7.2,10.0,0.0,17.4,1481,2047,RTK FIXED
53.686,070405.80,10.48530800,76.44417100,10.48530800,76.44417100,658049.523,1159433.185,108.00,658049.525,1159433.177,2.2,7,658049.948,1159433.356,10.48530950,76.44417150,0.340,0.189,7.1,10.0,-0.5,17.5,1462,2047,RTK FIXED
53.732,070405.80,10.48530800,76.44417100,10.48530800,76.44417100,658049.523,1159433.185,108.00,658049.524,1159433.180,2.2,7,658049.948,1159433.356,10.48530950,76.44417150,0.340,0.189,7.1,10.0,0.0,17.1,1462,2047,RTK FIXED
53.786,070405.80,10.48530800,76.44417100,10.48530800,76.44417100,658049.523,1159433.185,108.00,658049.524,1159433.182,2.2,7,658049.948,1159433.356,10.48530950,76.44417150,0.340,0.189,7.1,10.0,0.5,17.0,1462,2047,RTK FIXED
53.840,070405.80,10.48530800,76.44417100,10.48530800,76.44417100,658049.523,1159433.185,108.00,658049.524,1159433.183,2.2,7,658049.948,1159433.356,10.48530950,76.44417150,0.340,0.189,7.1,10.0,0.0,17.4,1462,2047,RTK FIXED
53.886,070406.00,10.48530800,76.44417200,10.48530800,76.44417140,658049.633,1159433.186,108.00,658049.567,1159433.184,6.0,7,658049.948,1159433.356,10.48530950,76.44417150,0.326,0.175,7.2,10.0,-0.5,16.5,1479,2047,RTK FIXED
53.940,070406.00,10.48530800,76.44417200,10.48530800,76.44417164,658049.633,1159433.186,108.00,658049.594,1159433.185,6.0,7,658049.948,1159433.356,10.48530950,76.44417150,0.326,0.175,7.2,10.0,0.5,17.7,1479,2047,RTK FIXED
53.987,070406.20,10.48530800,76.44417200,10.48530800,76.44417178,658049.634,1159433.161,108.00,658049.610,1159433.175,6.0,7,658049.948,1159433.356,10.48530950,76.44417150,0.303,0.183,6.9,10.0,0.0,17.1,1418,2047,RTK FIXED
54.040,070406.20,10.48530800,76.44417200,10.48530800,76.44417187,658049.634,1159433.161,108.00,658049.619,1159433.170,6.0,7,658049.948,1159433.356,10.48530950,76.44417150,0.303,0.183,6.9,10.0,-0.5,17.3,1418,2047,RTK FIXED
54.086,070406.20,10.48530800,76.44417200,10.48530800,76.44417192,658049.634,1159433.161,108.00,658049.625,1159433.166,6.0,7,658049.948,1159433.356,10.48530950,76.44417150,0.303,0.183,6.9,10.0,0.5,17.3,1418,2047,RTK FIXED
54.140,070406.20,10.48530800,76.44417200,10.48530800,76.44417195,658049.634,1159433.161,108.00,658049.629,1159433.164,6.0,7,658049.948,1159433.356,10.48530950,76.44417150,0.303,0.183,6.9,10.0,0.0,17.2,1418,2047,RTK FIXED
54.189,070406.40,10.48530800,76.44417200,10.48530800,76.44417197,658049.634,1159433.161,108.00,658049.631,1159433.163,6.0,8,658051.203,1159434.080,10.48531600,76.44418300,0.338,0.193,7.1,10.0,0.0,17.8,1449,2047,RTK FIXED
54.240,070406.40,10.48530800,76.44417200,10.48530800,76.44417198,658049.634,1159433.161,108.00,658049.632,1159433.162,6.0,8,658051.203,1159434.080,10.48531600,76.44418300,0.338,0.193,7.1,10.0,-0.5,17.1,1449,2047,RTK FIXED
54.286,070406.40,10.48530800,76.44417200,10.48530800,76.44417199,658049.634,1159433.161,108.00,658049.633,1159433.162,6.0,8,658051.203,1159434.080,10.48531600,76.44418300,0.338,0.193,7.1,10.0,0.5,17.5,1449,2047,RTK FIXED
54.341,070406.40,10.48530800,76.44417200,10.48530800,76.44417199,658049.634,1159433.161,108.00,658049.633,1159433.162,6.0,8,658051.203,1159434.080,10.48531600,76.44418300,0.338,0.193,7.1,10.0,-0.5,16.9,1449,2047,RTK FIXED
54.394,070406.40,10.48530800,76.44417200,10.48530800,76.44417200,658049.634,1159433.161,108.00,658049.634,1159433.162,6.0,8,658051.203,1159434.080,10.48531600,76.44418300,0.338,0.193,7.1,10.0,0.0,17.9,1449,2047,RTK FIXED
54.440,070406.40,10.48530800,76.44417200,10.48530800,76.44417200,658049.634,1159433.161,108.00,658049.634,1159433.161,6.0,8,658051.203,1159434.080,10.48531600,76.44418300,0.338,0.193,7.1,10.0,0.5,17.2,1449,2047,RTK FIXED
54.495,070406.60,10.48530800,76.44417300,10.48530800,76.44417240,658049.743,1159433.162,108.00,658049.678,1159433.162,2.1,8,658051.203,1159434.080,10.48531600,76.44418300,0.332,0.213,6.8,10.0,0.0,17.5,1385,2047,RTK FIXED
54.540,070406.60,10.48530800,76.44417300,10.48530800,76.44417264,658049.743,1159433.162,108.00,658049.704,1159433.162,2.1,8,658051.203,1159434.080,10.48531600,76.44418300,0.332,0.213,6.8,10.0,0.0,17.7,1385,2047,RTK FIXED
54.594,070406.60,10.48530800,76.44417300,10.48530800,76.44417278,658049.743,1159433.162,108.00,658049.720,1159433.162,2.1,8,658051.203,1159434.080,10.48531600,76.44418300,0.332,0.213,6.8,10.0,0.0,17.8,1385,2047,RTK FIXED
54.641,070406.60,10.48530800,76.44417300,10.48530800,76.44417287,658049.743,1159433.162,108.00,658049.729,1159433.162,2.1,8,658051.203,1159434.080,10.48531600,76.44418300,0.332,0.213,6.8,10.0,0.0,17.7,1385,2047,RTK FIXED
54.695,070406.80,10.48530800,76.44417300,10.48530800,76.44417292,658049.742,1159433.187,108.00,658049.735,1159433.172,2.1,8,658051.203,1159434.080,10.48531600,76.44418300,0.332,0.217,6.7,10.0,-0.5,17.6,1375,2047,RTK FIXED
54.741,070406.80,10.48530800,76.44417300,10.48530800,76.44417295,658049.742,1159433.187,108.00,658049.738,1159433.178,2.1,8,658051.203,1159434.080,10.48531600,76.44418300,0.332,0.217,6.7,10.0,0.0,17.5,1375,2047,RTK FIXED
54.795,070406.80,10.48530800,76.44417300,10.48530800,76.44417297,658049.742,1159433.187,108.00,658049.740,1159433.181,2.1,8,658051.203,1159434.080,10.48531600,76.44418300,0.332,0.217,6.7,10.0,0.5,17.6,1375,2047,RTK FIXED
54.841,070407.00,10.48530900,76.44417300,10.48530840,76.44417298,658049.742,1159433.298,108.00,658049.740,1159433.228,2.1,8,658051.203,1159434.080,10.48531600,76.44418300,0.332,0.218,6.7,10.0,-0.5,18.3,1373,2047,RTK FIXED
54.895,070407.00,10.48530900,76.44417300,10.48530864,76.44417299,658049.742,1159433.298,108.00,658049.741,1159433.256,2.1,8,658051.203,1159434.080,10.48531600,76.44418300,0.332,0.218,6.7,10.0,0.5,17.7,1373,2047,RTK FIXED
54.940,070407.00,10.48530900,76.44417300,10.48530878,76.44417299,658049.742,1159433.298,108.00,658049.741,1159433.272,2.1,8,658051.203,1159434.080,10.48531600,76.44418300,0.332,0.218,6.7,10.0,-0.5,18.0,1373,2047,RTK FIXED
54.995,070407.20,10.48530900,76.44417400,10.48530887,76.44417340,658049.851,1159433.298,108.00,658049.785,1159433.283,13.2,8,658051.203,1159434.080,10.48531600,76.44418300,0.353,0.152,7.7,10.0,0.5,17.8,1579,2047,RTK FIXED
55.049,070407.20,10.48530900,76.44417400,10.48530892,76.44417364,658049.851,1159433.298,108.00,658049.812,1159433.289,13.2,8,658051.203,1159434.080,10.48531600,76.44418300,0.353,0.152,7.7,10.0,0.0,18.3,1579,2047,RTK FIXED
55.095,070407.20,10.48530900,76.44417400,10.48530895,76.44417378,658049.851,1159433.298,108.00,658049.828,1159433.293,13.2,8,658051.203,1159434.080,10.48531600,76.44418300,0.353,0.152,7.7,10.0,-0.5,17.8,1579,2047,RTK FIXED
55.149,070407.20,10.48530900,76.44417400,10.48530897,76.44417387,658049.851,1159433.298,108.00,658049.837,1159433.295,13.2,8,658051.203,1159434.080,10.48531600,76.44418300,0.353,0.152,7.7,10.0,0.5,18.1,1579,2047,RTK FIXED
55.195,070407.40,10.48530900,76.44417400,10.48530898,76.44417392,658049.859,1159433.227,108.00,658049.846,1159433.267,13.2,8,658051.203,1159434.080,10.48531600,76.44418300,0.350,0.150,7.7,10.0,0.0,18.2,1581,2047,RTK FIXED
55.249,070407.40,10.48530900,76.44417400,10.48530899,76.44417395,658049.859,1159433.227,108.00,658049.851,1159433.251,13.2,8,658051.203,1159434.080,10.48531600,76.44418300,0.350,0.150,7.7,10.0,-0.5,18.2,1581,2047,RTK FIXED
55.295,070407.40,10.48530900,76.44417400,10.48530899,76.44417397,658049.859,1159433.227,108.00,658049.854,1159433.241,13.2,8,658051.203,1159434.080,10.48531600,76.44418300,0.350,0.150,7.7,10.0,0.5,17.9,1581,2047,RTK FIXED
55.349,070407.40,10.48530900,76.44417400,10.48530900,76.44417398,658049.859,1159433.227,108.00,658049.856,1159433.235,13.2,8,658051.203,1159434.080,10.48531600,76.44418300,0.350,0.150,7.7,10.0,-0.5,18.1,1581,2047,RTK FIXED
55.395,070407.40,10.48530900,76.44417400,10.48530900,76.44417399,658049.859,1159433.227,108.00,658049.857,1159433.232,13.2,8,658051.203,1159434.080,10.48531600,76.44418300,0.350,0.150,7.7,10.0,0.5,18.4,1581,2047,RTK FIXED
55.450,070407.40,10.48530900,76.44417400,10.48530900,76.44417399,658049.859,1159433.227,108.00,658049.858,1159433.230,13.2,8,658051.203,1159434.080,10.48531600,76.44418300,0.350,0.150,7.7,10.0,-0.5,18.8,1581,2047,RTK FIXED
55.495,070407.60,10.48530900,76.44417400,10.48530900,76.44417400,658049.859,1159433.227,108.00,658049.858,1159433.229,13.2,8,658051.203,1159434.080,10.48531600,76.44418300,0.348,0.156,7.6,10.0,0.5,18.1,1561,2047,RTK FIXED
55.548,070407.60,10.48530900,76.44417400,10.48530900,76.44417400,658049.859,1159433.227,108.00,658049.859,1159433.228,13.2,8,658051.203,1159434.080,10.48531600,76.44418300,0.348,0.156,7.6,10.0,-0.5,17.9,1561,2047,RTK FIXED
55.603,070407.60,10.48530900,76.44417400,10.48530900,76.44417400,658049.859,1159433.227,108.00,658049.859,1159433.227,13.2,8,658051.203,1159434.080,10.48531600,76.44418300,0.348,0.156,7.6,10.0,0.0,18.7,1561,2047,RTK FIXED
55.650,070407.60,10.48530900,76.44417400,10.48530900,76.44417400,658049.859,1159433.227,108.00,658049.859,1159433.227,13.2,8,658051.203,1159434.080,10.48531600,76.44418300,0.348,0.156,7.6,10.0,0.0,18.9,1561,2047,RTK FIXED
55.704,070407.80,10.48530900,76.44417400,10.48530900,76.44417400,658049.859,1159433.227,108.00,658049.859,1159433.227,13.2,8,658051.203,1159434.080,10.48531600,76.44418300,0.347,0.162,7.5,10.0,0.0,18.4,1544,2047,RTK FIXED
55.750,070407.80,10.48530900,76.44417400,10.48530900,76.44417400,658049.859,1159433.227,108.00,658049.859,1159433.227,13.2,8,658051.203,1159434.080,10.48531600,76.44418300,0.347,0.162,7.5,10.0,0.5,18.6,1544,2047,RTK FIXED
55.803,070407.80,10.48530900,76.44417400,10.48530900,76.44417400,658049.859,1159433.227,108.00,658049.859,1159433.227,13.2,8,658051.203,1159434.080,10.48531600,76.44418300,0.347,0.162,7.5,10.0,0.0,18.3,1544,2047,RTK FIXED
55.850,070407.80,10.48530900,76.44417400,10.48530900,76.44417400,658049.859,1159433.227,108.00,658049.859,1159433.227,13.2,8,658051.203,1159434.080,10.48531600,76.44418300,0.347,0.162,7.5,10.0,-0.5,18.7,1544,2047,RTK FIXED
55.904,070408.00,10.48530900,76.44417500,10.48530900,76.44417440,658049.968,1159433.227,108.00,658049.903,1159433.227,6.1,8,658051.203,1159434.080,10.48531600,76.44418300,0.332,0.207,6.8,10.0,0.0,18.4,1402,2047,RTK FIXED
55.950,070408.00,10.48530900,76.44417500,10.48530900,76.44417464,658049.968,1159433.227,108.00,658049.929,1159433.227,6.1,8,658051.203,1159434.080,10.48531600,76.44418300,0.332,0.207,6.8,10.0,0.5,18.0,1402,2047,RTK FIXED
56.004,070408.20,10.48531000,76.44417500,10.48530940,76.44417478,658049.961,1159433.383,108.00,658049.942,1159433.290,6.1,8,658051.203,1159434.080,10.48531600,76.44418300,0.332,0.216,6.7,10.0,0.0,18.5,1378,2047,RTK FIXED
56.050,070408.20,10.48531000,76.44417500,10.48530964,76.44417487,658049.961,1159433.383,108.00,658049.950,1159433.327,6.1,8,658051.203,1159434.080,10.48531600,76.44418300,0.332,0.216,6.7,10.0,-0.5,18.5,1378,2047,RTK FIXED
56.103,070408.20,10.48531000,76.44417500,10.48530978,76.44417492,658049.961,1159433.383,108.00,658049.954,1159433.350,6.1,8,658051.203,1159434.080,10.48531600,76.44418300,0.332,0.216,6.7,10.0,0.0,17.7,1378,2047,RTK FIXED
56.158,070408.40,10.48531000,76.44417500,10.48530987,76.44417495,658049.961,1159433.383,108.00,658049.957,1159433.363,23.9,8,658051.203,1159434.080,10.48531600,76.44418300,0.364,0.086,8.7,10.0,0.0,17.9,1775,2047,RTK FIXED
56.204,070408.40,10.48531000,76.44417500,10.48530992,76.44417497,658049.961,1159433.383,108.00,658049.959,1159433.371,23.9,8,658051.203,1159434.080,10.48531600,76.44418300,0.364,0.086,8.7,10.0,0.0,17.5,1775,2047,RTK FIXED
56.258,070408.40,10.48531000,76.44417500,10.48530995,76.44417498,658049.961,1159433.383,108.00,658049.960,1159433.376,23.9,8,658051.203,1159434.080,10.48531600,76.44418300,0.364,0.086,8.7,10.0,0.0,18.0,1775,2047,RTK FIXED
56.304,070408.40,10.48531000,76.44417500,10.48530997,76.44417499,658049.961,1159433.383,108.00,658049.961,1159433.379,23.9,8,658051.203,1159434.080,10.48531600,76.44418300,0.364,0.086,8.7,10.0,0.0,17.4,1775,2047,RTK FIXED
56.358,070408.40,10.48531000,76.44417500,10.48530998,76.44417499,658049.961,1159433.383,108.00,658049.961,1159433.381,23.9,8,658051.203,1159434.080,10.48531600,76.44418300,0.364,0.086,8.7,10.0,0.5,17.6,1775,2047,RTK FIXED
56.403,070408.40,10.48531000,76.44417500,10.48530999,76.44417500,658049.961,1159433.383,108.00,658049.961,1159433.382,23.9,8,658051.203,1159434.080,10.48531600,76.44418300,0.364,0.086,8.7,10.0,0.0,18.1,1775,2047,RTK FIXED
56.458,070408.60,10.48531000,76.44417500,10.48530999,76.44417500,658049.988,1159433.272,108.00,658049.972,1159433.338,23.9,8,658051.203,1159434.080,10.48531600,76.44418300,0.362,0.075,8.8,10.0,0.0,17.3,1807,2047,RTK FIXED
56.504,070408.60,10.48531000,76.44417500,10.48531000,76.44417500,658049.988,1159433.272,108.00,658049.978,1159433.312,23.9,8,658051.203,1159434.080,10.48531600,76.44418300,0.362,0.075,8.8,10.0,0.0,17.5,1807,2047,RTK FIXED
56.558,070408.60,10.48531000,76.44417500,10.48531000,76.44417500,658049.988,1159433.272,108.00,658049.982,1159433.296,23.9,8,658051.203,1159434.080,10.48531600,76.44418300,0.362,0.075,8.8,10.0,0.0,18.1,1807,2047,RTK FIXED
56.604,070408.60,10.48531000,76.44417500,10.48531000,76.44417500,658049.988,1159433.272,108.00,658049.984,1159433.286,23.9,8,658051.203,1159434.080,10.48531600,76.44418300,0.362,0.075,8.8,10.0,0.0,17.9,1807,2047,RTK FIXED
56.659,070408.80,10.48531000,76.44417600,10.48531000,76.44417540,658050.097,1159433.273,108.00,658050.030,1159433.281,9.2,8,658051.203,1159434.080,10.48531600,76.44418300,0.332,0.190,7.1,10.0,0.0,17.9,1448,2047,RTK FIXED
56.704,070408.80,10.48531000,76.44417600,10.48531000,76.44417564,658050.097,1159433.273,108.00,658050.057,1159433.278,9.2,8,658051.203,1159434.080,10.48531600,76.44418300,0.332,0.190,7.1,10.0,-0.6,18.3,1448,2047,RTK FIXED
56.758,070408.80,10.48531000,76.44417600,10.48531000,76.44417578,658050.097,1159433.273,108.00,658050.073,1159433.276,9.2,8,658051.203,1159434.080,10.48531600,76.44418300,0.332,0.190,7.1,10.0,0.5,17.9,1448,2047,RTK FIXED
56.812,070408.80,10.48531000,76.44417600,10.48531000,76.44417587,658050.097,1159433.273,108.00,658050.083,1159433.275,9.2,8,658051.203,1159434.080,10.48531600,76.44418300,0.332,0.190,7.1,10.0,0.0,18.6,1448,2047,RTK FIXED
56.859,070408.80,10.48531000,76.44417600,10.48531000,76.44417592,658050.097,1159433.273,108.00,658050.089,1159433.274,9.2,8,658051.203,1159434.080,10.48531600,76.44418300,0.332,0.190,7.1,10.0,0.0,18.6,1448,2047,RTK FIXED
56.913,070409.00,10.48531100,76.44417600,10.48531040,76.44417595,658050.073,1159433.474,108.00,658050.082,1159433.354,9.2,8,658051.203,1159434.080,10.48531600,76.44418300,0.339,0.192,7.1,10.0,0.0,17.7,1451,2047,RTK FIXED
56.959,070409.20,10.48531100,76.44417600,10.48531064,76.44417597,658050.073,1159433.474,108.00,658050.078,1159433.402,28.0,8,658051.203,1159434.080,10.48531600,76.44418300,0.366,0.047,9.3,10.0,0.0,17.8,1896,2047,RTK FIXED
57.011,070409.20,10.48531100,76.44417600,10.48531078,76.44417598,658050.073,1159433.474,108.00,658050.076,1159433.431,28.0,8,658051.203,1159434.080,10.48531600,76.44418300,0.366,0.047,9.3,10.0,-0.5,17.1,1896,2047,RTK FIXED
57.058,070409.20,10.48531100,76.44417600,10.48531087,76.44417599,658050.073,1159433.474,108.00,658050.075,1159433.448,28.0,8,658051.203,1159434.080,10.48531600,76.44418300,0.366,0.047,9.3,10.0,0.0,18.1,1896,2047,RTK FIXED
57.112,070409.20,10.48531100,76.44417600,10.48531092,76.44417599,658050.073,1159433.474,108.00,658050.074,1159433.459,28.0,8,658051.203,1159434.080,10.48531600,76.44418300,0.366,0.047,9.3,10.0,0.0,17.2,1896,2047,RTK FIXED
57.159,070409.40,10.48531100,76.44417600,10.48531095,76.44417600,658050.108,1159433.359,108.00,658050.088,1159433.419,28.0,8,658051.203,1159434.080,10.48531600,76.44418300,0.365,0.032,9.5,10.0,0.0,17.2,1943,2047,RTK FIXED
57.212,070409.40,10.48531100,76.44417600,10.48531097,76.44417600,658050.108,1159433.359,108.00,658050.096,1159433.395,28.0,8,658051.203,1159434.080,10.48531600,76.44418300,0.365,0.032,9.5,10.0,0.0,18.2,1943,2047,RTK FIXED
57.258,070409.40,10.48531100,76.44417600,10.48531098,76.44417600,658050.108,1159433.359,108.00,658050.101,1159433.380,28.0,8,658051.203,1159434.080,10.48531600,76.44418300,0.365,0.032,9.5,10.0,0.5,17.9,1943,2047,RTK FIXED
57.312,070409.40,10.48531100,76.44417600,10.48531099,76.44417600,658050.108,1159433.359,108.00,658050.104,1159433.372,28.0,8,658051.203,1159434.080,10.48531600,76.44418300,0.365,0.032,9.5,10.0,-0.5,19.6,1943,2047,RTK FIXED
57.366,070409.40,10.48531100,76.44417600,10.48531099,76.44417600,658050.108,1159433.359,108.00,658050.105,1159433.367,28.0,8,658051.203,1159434.080,10.48531600,76.44418300,0.365,0.032,9.5,10.0,0.0,18.8,1943,2047,RTK FIXED
57.413,070409.40,10.48531100,76.44417600,10.48531100,76.44417600,658050.108,1159433.359,108.00,658050.106,1159433.363,28.0,8,658051.203,1159434.080,10.48531600,76.44418300,0.365,0.032,9.5,10.0,0.5,18.8,1943,2047,RTK FIXED
57.467,070409.60,10.48531100,76.44417600,10.48531100,76.44417600,658050.108,1159433.359,108.00,658050.107,1159433.362,28.0,8,658051.203,1159434.080,10.48531600,76.44418300,0.365,0.037,9.4,10.0,0.0,19.3,1925,2047,RTK FIXED
57.513,070409.60,10.48531100,76.44417600,10.48531100,76.44417600,658050.108,1159433.359,108.00,658050.107,1159433.360,28.0,8,658051.203,1159434.080,10.48531600,76.44418300,0.365,0.037,9.4,10.0,-0.5,18.5,1925,2047,RTK FIXED
57.567,070409.60,10.48531100,76.44417600,10.48531100,76.44417600,658050.108,1159433.359,108.00,658050.108,1159433.360,28.0,8,658051.203,1159434.080,10.48531600,76.44418300,0.365,0.037,9.4,10.0,0.5,18.1,1925,2047,RTK FIXED
57.613,070409.60,10.48531100,76.44417600,10.48531100,76.44417600,658050.108,1159433.359,108.00,658050.108,1159433.359,28.0,8,658051.203,1159434.080,10.48531600,76.44418300,0.365,0.037,9.4,10.0,0.0,18.5,1925,2047,RTK FIXED
57.667,070409.80,10.48531100,76.44417700,10.48531100,76.44417640,658050.218,1159433.359,108.00,658050.152,1159433.359,12.5,8,658051.203,1159434.080,10.48531600,76.44418300,0.339,0.163,7.5,10.0,0.0,18.4,1530,2047,RTK FIXED
57.713,070409.80,10.48531100,76.44417700,10.48531100,76.44417664,658050.218,1159433.359,108.00,658050.178,1159433.359,12.5,8,658051.203,1159434.080,10.48531600,76.44418300,0.339,0.163,7.5,10.0,-0.5,18.6,1530,2047,RTK FIXED
57.767,070409.80,10.48531100,76.44417700,10.48531100,76.44417678,658050.218,1159433.359,108.00,658050.194,1159433.359,12.5,8,658051.203,1159434.080,10.48531600,76.44418300,0.339,0.163,7.5,10.0,0.0,18.0,1530,2047,RTK FIXED
57.812,070409.80,10.48531100,76.44417700,10.48531100,76.44417687,658050.218,1159433.359,108.00,658050.203,1159433.359,12.5,8,658051.203,1159434.080,10.48531600,76.44418300,0.339,0.163,7.5,10.0,0.0,17.5,1530,2047,RTK FIXED
57.867,070410.00,10.48531200,76.44417700,10.48531140,76.44417692,658050.185,1159433.565,108.00,658050.196,1159433.441,31.8,8,658051.203,1159434.080,10.48531600,76.44418300,0.366,0.033,9.5,10.0,0.5,17.2,1940,2047,RTK FIXED
57.921,070410.00,10.48531200,76.44417700,10.48531164,76.44417695,658050.185,1159433.565,108.00,658050.192,1159433.491,31.8,8,658051.203,1159434.080,10.48531600,76.44418300,0.366,0.033,9.5,10.0,-0.5,17.8,1940,2047,RTK FIXED
57.967,070410.00,10.48531200,76.44417700,10.48531178,76.44417697,658050.185,1159433.565,108.00,658050.189,1159433.520,31.8,8,658051.203,1159434.080,10.48531600,76.44418300,0.366,0.033,9.5,10.0,0.5,17.8,1940,2047,RTK FIXED
58.021,070410.00,10.48531200,76.44417700,10.48531187,76.44417698,658050.185,1159433.565,108.00,658050.187,1159433.538,31.8,8,658051.203,1159434.080,10.48531600,76.44418300,0.366,0.033,9.5,10.0,0.0,18.1,1940,2047,RTK FIXED
58.067,070410.20,10.48531200,76.44417700,10.48531192,76.44417699,658050.229,1159433.448,108.00,658050.204,1159433.502,31.8,8,658051.203,1159434.080,10.48531600,76.44418300,0.366,0.007,9.9,10.0,0.0,17.7,2025,2047,RTK FIXED
58.121,070410.20,10.48531200,76.44417700,10.48531195,76.44417699,658050.229,1159433.448,108.00,658050.214,1159433.481,31.8,8,658051.203,1159434.080,10.48531600,76.44418300,0.366,0.007,9.9,10.0,0.0,17.8,2025,2047,RTK FIXED
58.168,070410.40,10.48531200,76.44417800,10.48531197,76.44417740,658050.338,1159433.449,108.00,658050.263,1159433.468,22.4,8,658051.203,1159434.080,10.48531600,76.44418300,0.359,0.081,8.7,10.0,0.0,18.2,1789,2047,RTK FIXED
58.221,070410.40,10.48531200,76.44417800,10.48531198,76.44417764,658050.338,1159433.449,108.00,658050.293,1159433.460,22.4,8,658051.203,1159434.080,10.48531600,76.44418300,0.359,0.081,8.7,10.0,-0.5,18.3,1789,2047,RTK FIXED
58.267,070410.40,10.48531200,76.44417800,10.48531199,76.44417778,658050.338,1159433.449,108.00,658050.311,1159433.456,22.4,8,658051.203,1159434.080,10.48531600,76.44418300,0.359,0.081,8.7,10.0,0.5,18.4,1789,2047,RTK FIXED
58.322,070410.40,10.48531200,76.44417800,10.48531199,76.44417787,658050.338,1159433.449,108.00,658050.322,1159433.453,22.4,8,658051.203,1159434.080,10.48531600,76.44418300,0.359,0.081,8.7,10.0,0.0,19.2,1789,2047,RTK FIXED
58.368,070410.60,10.48531200,76.44417800,10.48531200,76.44417792,658050.312,1159433.504,108.00,658050.318,1159433.473,22.4,8,658051.203,1159434.080,10.48531600,76.44418300,0.359,0.092,8.6,10.0,0.0,18.0,1754,2047,RTK FIXED
58.421,070410.60,10.48531200,76.44417800,10.48531200,76.44417795,658050.312,1159433.504,108.00,658050.315,1159433.486,22.4,8,658051.203,1159434.080,10.48531600,76.44418300,0.359,0.092,8.6,10.0,-0.5,18.8,1754,2047,RTK FIXED
58.467,070410.60,10.48531200,76.44417800,10.48531200,76.44417797,658050.312,1159433.504,108.00,658050.314,1159433.493,22.4,8,658051.203,1159434.080,10.48531600,76.44418300,0.359,0.092,8.6,10.0,0.0,18.4,1754,2047,RTK FIXED
58.522,070410.60,10.48531200,76.44417800,10.48531200,76.44417798,658050.312,1159433.504,108.00,658050.313,1159433.497,22.4,8,658051.203,1159434.080,10.48531600,76.44418300,0.359,0.092,8.6,10.0,0.0,18.4,1754,2047,RTK FIXED
58.575,070410.60,10.48531200,76.44417800,10.48531200,76.44417799,658050.312,1159433.504,108.00,658050.313,1159433.500,22.4,8,658051.203,1159434.080,10.48531600,76.44418300,0.359,0.092,8.6,10.0,0.0,18.1,1754,2047,RTK FIXED
58.622,070410.60,10.48531200,76.44417800,10.48531200,76.44417799,658050.312,1159433.504,108.00,658050.312,1159433.501,22.4,8,658051.203,1159434.080,10.48531600,76.44418300,0.359,0.092,8.6,10.0,0.5,18.1,1754,2047,RTK FIXED
58.676,070410.80,10.48531300,76.44417800,10.48531240,76.44417800,658050.311,1159433.614,108.00,658050.312,1159433.547,34.4,8,658051.203,1159434.080,10.48531600,76.44418300,0.366,0.006,9.9,10.0,0.0,18.6,2026,2047,RTK FIXED
58.722,070410.80,10.48531300,76.44417800,10.48531264,76.44417800,658050.311,1159433.614,108.00,658050.312,1159433.574,34.4,8,658051.203,1159434.080,10.48531600,76.44418300,0.366,0.006,9.9,10.0,0.0,18.4,2026,2047,RTK FIXED
58.775,070410.80,10.48531300,76.44417800,10.48531278,76.44417800,658050.311,1159433.614,108.00,658050.312,1159433.590,34.4,8,658051.203,1159434.080,10.48531600,76.44418300,0.366,0.006,9.9,10.0,-0.5,17.8,2026,2047,RTK FIXED
58.822,070410.80,10.48531300,76.44417800,10.48531287,76.44417800,658050.311,1159433.614,108.00,658050.311,1159433.600,34.4,8,658051.203,1159434.080,10.48531600,76.44418300,0.366,0.006,9.9,10.0,0.5,18.3,2026,2047,RTK FIXED
58.876,070411.00,10.48531300,76.44417800,10.48531292,76.44417800,658050.346,1159433.545,108.00,658050.325,1159433.578,34.4,8,658051.203,1159434.080,10.48531600,76.44418300,0.366,-0.008,10.0,9.9,-0.5,18.0,2047,2020,RTK FIXED
58.922,070411.00,10.48531300,76.44417800,10.48531295,76.44417800,658050.346,1159433.545,108.00,658050.334,1159433.565,34.4,8,658051.203,1159434.080,10.48531600,76.44418300,0.366,-0.008,10.0,9.9,0.0,18.4,2047,2020,RTK FIXED
58.976,070411.00,10.48531300,76.44417800,10.48531297,76.44417800,658050.346,1159433.545,108.00,658050.339,1159433.557,34.4,8,658051.203,1159434.080,10.48531600,76.44418300,0.366,-0.008,10.0,9.9,0.5,18.2,2047,2020,RTK FIXED
59.023,070411.00,10.48531300,76.44417800,10.48531298,76.44417800,658050.346,1159433.545,108.00,658050.342,1159433.552,34.4,8,658051.203,1159434.080,10.48531600,76.44418300,0.366,-0.008,10.0,9.9,-0.5,19.5,2047,2020,RTK FIXED
59.076,070411.20,10.48531300,76.44417900,10.48531299,76.44417840,658050.456,1159433.546,108.00,658050.388,1159433.550,26.4,8,658051.203,1159434.080,10.48531600,76.44418300,0.364,0.041,9.4,10.0,0.0,19.3,1914,2047,RTK FIXED
59.131,070411.20,10.48531300,76.44417900,10.48531299,76.44417864,658050.456,1159433.546,108.00,658050.415,1159433.548,26.4,8,658051.203,1159434.080,10.48531600,76.44418300,0.364,0.041,9.4,10.0,0.5,19.9,1914,2047,RTK FIXED
59.176,070411.40,10.48531300,76.44417900,10.48531300,76.44417878,658050.431,1159433.591,108.00,658050.421,1159433.565,26.4,8,658051.203,1159434.080,10.48531600,76.44418300,0.364,0.048,9.2,10.0,0.0,19.0,1892,2047,RTK FIXED
59.230,070411.40,10.48531300,76.44417900,10.48531300,76.44417887,658050.431,1159433.591,108.00,658050.425,1159433.575,26.4,8,658051.203,1159434.080,10.48531600,76.44418300,0.364,0.048,9.2,10.0,0.0,18.6,1892,2047,RTK FIXED
59.276,070411.40,10.48531300,76.44417900,10.48531300,76.44417892,658050.431,1159433.591,108.00,658050.427,1159433.582,26.4,8,658051.203,1159434.080,10.48531600,76.44418300,0.364,0.048,9.2,10.0,0.0,18.5,1892,2047,RTK FIXED
59.330,070411.40,10.48531300,76.44417900,10.48531300,76.44417895,658050.431,1159433.591,108.00,658050.429,1159433.585,26.4,8,658051.203,1159434.080,10.48531600,76.44418300,0.364,0.048,9.2,10.0,0.0,17.6,1892,2047,RTK FIXED
59.376,070411.40,10.48531300,76.44417900,10.48531300,76.44417897,658050.431,1159433.591,108.00,658050.430,1159433.587,26.4,8,658051.203,1159434.080,10.48531600,76.44418300,0.364,0.048,9.2,10.0,-0.5,17.4,1892,2047,RTK FIXED
59.431,070411.40,10.48531300,76.44417900,10.48531300,76.44417898,658050.431,1159433.591,108.00,658050.430,1159433.589,26.4,8,658051.203,1159434.080,10.48531600,76.44418300,0.364,0.048,9.2,10.0,0.0,18.2,1892,2047,RTK FIXED
59.476,070411.60,10.48531400,76.44417900,10.48531340,76.44417899,658050.430,1159433.701,108.00,658050.430,1159433.634,37.4,8,658051.203,1159434.080,10.48531600,76.44418300,0.364,-0.032,10.0,9.5,0.5,18.1,2047,1943,RTK FIXED
59.530,070411.60,10.48531400,76.44417900,10.48531364,76.44417899,658050.430,1159433.701,108.00,658050.430,1159433.661,37.4,8,658051.203,1159434.080,10.48531600,76.44418300,0.364,-0.032,10.0,9.5,0.0,18.2,2047,1943,RTK FIXED
59.575,070411.60,10.48531400,76.44417900,10.48531378,76.44417900,658050.430,1159433.701,108.00,658050.430,1159433.677,37.4,8,658051.203,1159434.080,10.48531600,76.44418300,0.364,-0.032,10.0,9.5,0.0,17.6,2047,1943,RTK FIXED
59.631,070411.60,10.48531400,76.44417900,10.48531387,76.44417900,658050.430,1159433.701,108.00,658050.430,1159433.687,37.4,8,658051.203,1159434.080,10.48531600,76.44418300,0.364,-0.032,10.0,9.5,-0.5,17.4,2047,1943,RTK FIXED
59.684,070411.80,10.48531400,76.44417900,10.48531392,76.44417900,658050.466,1159433.640,108.00,658050.445,1159433.668,37.4,8,658051.203,1159434.080,10.48531600,76.44418300,0.364,-0.046,10.0,9.3,0.5,16.6,2047,1898,RTK FIXED
59.731,070411.80,10.48531400,76.44417900,10.48531395,76.44417900,658050.466,1159433.640,108.00,658050.453,1159433.657,37.4,8,658051.203,1159434.080,10.48531600,76.44418300,0.364,-0.046,10.0,9.3,0.0,17.5,2047,1898,RTK FIXED
59.784,070411.80,10.48531400,76.44417900,10.48531397,76.44417900,658050.466,1159433.640,108.00,658050.459,1159433.650,37.4,8,658051.203,1159434.080,10.48531600,76.44418300,0.364,-0.046,10.0,9.3,0.0,17.6,2047,1898,RTK FIXED
59.831,070411.80,10.48531400,76.44417900,10.48531398,76.44417900,658050.466,1159433.640,108.00,658050.462,1159433.646,37.4,8,658051.203,1159434.080,10.48531600,76.44418300,0.364,-0.046,10.0,9.3,-0.5,17.2,2047,1898,RTK FIXED
59.885,070412.00,10.48531400,76.44418000,10.48531399,76.44417940,658050.576,1159433.641,108.00,658050.507,1159433.644,29.4,8,658051.203,1159434.080,10.48531600,76.44418300,0.366,0.002,10.0,10.0,0.0,17.0,2040,2047,RTK FIXED
59.931,070412.00,10.48531400,76.44418000,10.48531399,76.44417964,658050.576,1159433.641,108.00,658050.535,1159433.643,29.4,8,658051.203,1159434.080,10.48531600,76.44418300,0.366,0.002,10.0,10.0,0.5,16.7,2040,2047,RTK FIXED
59.985,070412.20,10.48531400,76.44418000,10.48531400,76.44417978,658050.549,1159433.684,108.00,658050.540,1159433.659,29.4,8,658051.203,1159434.080,10.48531600,76.44418300,0.366,0.008,9.9,10.0,-0.5,16.4,2019,2047,RTK FIXED
60.031,070412.20,10.48531400,76.44418000,10.48531400,76.44417987,658050.549,1159433.684,108.00,658050.544,1159433.669,29.4,8,658051.203,1159434.080,10.48531600,76.44418300,0.366,0.008,9.9,10.0,0.0,16.9,2019,2047,RTK FIXED
60.084,070412.20,10.48531400,76.44418000,10.48531400,76.44417992,658050.549,1159433.684,108.00,658050.546,1159433.675,29.4,8,658051.203,1159434.080,10.48531600,76.44418300,0.366,0.008,9.9,10.0,0.0,16.8,2019,2047,RTK FIXED
60.130,070412.20,10.48531400,76.44418000,10.48531400,76.44417995,658050.549,1159433.684,108.00,658050.547,1159433.679,29.4,8,658051.203,1159434.080,10.48531600,76.44418300,0.366,0.008,9.9,10.0,0.0,17.5,2019,2047,RTK FIXED
60.185,070412.40,10.48531400,76.44418000,10.48531400,76.44417997,658050.549,1159433.684,108.00,658050.547,1159433.681,29.4,8,658051.203,1159434.080,10.48531600,76.44418300,0.366,0.008,9.9,10.0,0.0,17.3,2021,2047,RTK FIXED
60.230,070412.40,10.48531400,76.44418000,10.48531400,76.44417998,658050.549,1159433.684,108.00,658050.548,1159433.683,29.4,8,658051.203,1159434.080,10.48531600,76.44418300,0.366,0.008,9.9,10.0,0.0,18.7,2021,2047,RTK FIXED
60.284,070412.40,10.48531400,76.44418000,10.48531400,76.44417999,658050.549,1159433.684,108.00,658050.548,1159433.683,29.4,8,658051.203,1159434.080,10.48531600,76.44418300,0.366,0.008,9.9,10.0,0.0,17.7,2021,2047,RTK FIXED
60.339,070412.40,10.48531400,76.44418000,10.48531400,76.44417999,658050.549,1159433.684,108.00,658050.548,1159433.684,29.4,8,658051.203,1159434.080,10.48531600,76.44418300,0.366,0.008,9.9,10.0,0.0,17.4,2021,2047,RTK FIXED
60.385,070412.40,10.48531400,76.44418000,10.48531400,76.44418000,658050.549,1159433.684,108.00,658050.548,1159433.684,29.4,8,658051.203,1159434.080,10.48531600,76.44418300,0.366,0.008,9.9,10.0,0.5,18.4,2021,2047,RTK FIXED
60.438,070412.40,10.48531400,76.44418000,10.48531400,76.44418000,658050.549,1159433.684,108.00,658050.548,1159433.684,29.4,8,658051.203,1159434.080,10.48531600,76.44418300,0.366,0.008,9.9,10.0,0.0,17.3,2021,2047,RTK FIXED
60.485,070412.60,10.48531500,76.44418100,10.48531440,76.44418040,658050.658,1159433.796,108.00,658050.592,1159433.729,33.7,8,658051.203,1159434.080,10.48531600,76.44418300,0.366,-0.015,10.0,9.8,0.0,18.0,2047,1998,RTK FIXED
60.539,070412.60,10.48531500,76.44418100,10.48531464,76.44418064,658050.658,1159433.796,108.00,658050.618,1159433.755,33.7,8,658051.203,1159434.080,10.48531600,76.44418300,0.366,-0.015,10.0,9.8,0.0,17.2,2047,1998,RTK FIXED
60.585,070412.60,10.48531500,76.44418100,10.48531478,76.44418078,658050.658,1159433.796,108.00,658050.634,1159433.772,33.7,8,658051.203,1159434.080,10.48531600,76.44418300,0.366,-0.015,10.0,9.8,0.0,17.3,2047,1998,RTK FIXED
60.638,070412.60,10.48531500,76.44418100,10.48531487,76.44418087,658050.658,1159433.796,108.00,658050.643,1159433.781,33.7,8,658051.203,1159434.080,10.48531600,76.44418300,0.366,-0.015,10.0,9.8,-0.5,17.4,2047,1998,RTK FIXED
60.686,070412.80,10.48531500,76.44418100,10.48531492,76.44418092,658050.671,1159433.772,108.00,658050.655,1159433.777,33.7,8,658051.203,1159434.080,10.48531600,76.44418300,0.366,-0.019,10.0,9.7,0.0,17.5,2047,1983,RTK FIXED
60.739,070412.80,10.48531500,76.44418100,10.48531495,76.44418095,658050.671,1159433.772,108.00,658050.661,1159433.775,33.7,8,658051.203,1159434.080,10.48531600,76.44418300,0.366,-0.019,10.0,9.7,0.5,16.9,2047,1983,RTK FIXED
60.793,070412.80,10.48531500,76.44418100,10.48531497,76.44418097,658050.671,1159433.772,108.00,658050.665,1159433.774,33.7,8,658051.203,1159434.080,10.48531600,76.44418300,0.366,-0.019,10.0,9.7,0.0,17.1,2047,1983,RTK FIXED
60.838,070412.80,10.48531500,76.44418100,10.48531498,76.44418098,658050.671,1159433.772,108.00,658050.668,1159433.773,33.7,8,658051.203,1159434.080,10.48531600,76.44418300,0.366,-0.019,10.0,9.7,-0.5,17.6,2047,1983,RTK FIXED
60.893,070413.00,10.48531500,76.44418100,10.48531499,76.44418099,658050.671,1159433.772,108.00,658050.669,1159433.773,33.7,8,658051.203,1159434.080,10.48531600,76.44418300,0.366,-0.021,10.0,9.7,0.0,17.8,2047,1979,RTK FIXED
60.938,070413.00,10.48531500,76.44418100,10.48531499,76.44418099,658050.671,1159433.772,108.00,658050.670,1159433.772,33.7,8,658051.203,1159434.080,10.48531600,76.44418300,0.366,-0.021,10.0,9.7,0.6,17.1,2047,1979,RTK FIXED
60.993,070413.20,10.48531500,76.44418100,10.48531500,76.44418100,658050.671,1159433.772,108.00,658050.670,1159433.772,32.8,8,658051.203,1159434.080,10.48531600,76.44418300,0.366,-0.014,10.0,9.8,0.0,16.9,2047,1999,RTK FIXED
61.039,070413.20,10.48531500,76.44418100,10.48531500,76.44418100,658050.671,1159433.772,108.00,658050.671,1159433.772,32.8,8,658051.203,1159434.080,10.48531600,76.44418300,0.366,-0.014,10.0,9.8,0.0,16.9,2047,1999,RTK FIXED
61.093,070413.20,10.48531500,76.44418100,10.48531500,76.44418100,658050.671,1159433.772,108.00,658050.671,1159433.772,32.8,8,658051.203,1159434.080,10.48531600,76.44418300,0.366,-0.014,10.0,9.8,-0.5,17.6,2047,1999,RTK FIXED
61.139,070413.20,10.48531500,76.44418100,10.48531500,76.44418100,658050.671,1159433.772,108.00,658050.671,1159433.772,32.8,8,658051.203,1159434.080,10.48531600,76.44418300,0.366,-0.014,10.0,9.8,0.5,17.3,2047,1999,RTK FIXED
61.194,070413.40,10.48531600,76.44418200,10.48531540,76.44418140,658050.777,1159433.888,108.00,658050.713,1159433.818,32.8,8,658051.203,1159434.080,10.48531600,76.44418300,0.366,-0.023,10.0,9.6,0.0,17.4,2047,1972,RTK FIXED
61.240,070413.40,10.48531600,76.44418200,10.48531564,76.44418164,658050.777,1159433.888,108.00,658050.739,1159433.846,32.8,8,658051.203,1159434.080,10.48531600,76.44418300,0.366,-0.023,10.0,9.6,-0.5,17.9,2047,1972,RTK FIXED
61.293,070413.40,10.48531600,76.44418200,10.48531578,76.44418178,658050.777,1159433.888,108.00,658050.754,1159433.863,32.8,8,658051.203,1159434.080,10.48531600,76.44418300,0.366,-0.023,10.0,9.6,0.5,17.3,2047,1972,RTK FIXED
61.339,070413.40,10.48531600,76.44418200,10.48531587,76.44418187,658050.777,1159433.888,108.00,658050.763,1159433.873,32.8,8,658051.203,1159434.080,10.48531600,76.44418300,0.366,-0.023,10.0,9.6,-0.5,17.4,2047,1972,RTK FIXED
61.393,070413.40,10.48531600,76.44418200,10.48531592,76.44418192,658050.777,1159433.888,108.00,658050.769,1159433.879,32.8,8,658051.203,1159434.080,10.48531600,76.44418300,0.366,-0.023,10.0,9.6,0.0,17.5,2047,1972,RTK FIXED
61.447,070413.40,10.48531600,76.44418200,10.48531595,76.44418195,658050.777,1159433.888,108.00,658050.772,1159433.883,32.8,8,658051.203,1159434.080,10.48531600,76.44418300,0.366,-0.023,10.0,9.6,0.5,17.6,2047,1972,RTK FIXED
61.494,070413.60,10.48531600,76.44418200,10.48531597,76.44418197,658050.777,1159433.888,108.00,658050.774,1159433.885,36.6,8,658051.203,1159434.080,10.48531600,76.44418300,0.363,-0.057,10.0,9.1,0.0,17.6,2047,1863,RTK FIXED
61.547,070413.60,10.48531600,76.44418200,10.48531598,76.44418198,658050.777,1159433.888,108.00,658050.775,1159433.886,36.6,8,658051.203,1159434.080,10.48531600,76.44418300,0.363,-0.057,10.0,9.1,-0.5,16.8,2047,1863,RTK FIXED
61.594,070413.60,10.48531600,76.44418200,10.48531599,76.44418199,658050.777,1159433.888,108.00,658050.776,1159433.887,36.6,8,658051.203,1159434.080,10.48531600,76.44418300,0.363,-0.057,10.0,9.1,0.5,17.3,2047,1863,RTK FIXED
61.647,070413.60,10.48531600,76.44418200,10.48531599,76.44418199,658050.777,1159433.888,108.00,658050.776,1159433.887,36.6,8,658051.203,1159434.080,10.48531600,76.44418300,0.363,-0.057,10.0,9.1,0.0,17.6,2047,1863,RTK FIXED
61.694,070413.80,10.48531600,76.44418200,10.48531600,76.44418200,658050.791,1159433.867,108.10,658050.782,1159433.879,36.6,8,658051.203,1159434.080,10.48531600,76.44418300,0.363,-0.062,10.0,9.0,-0.5,17.7,2047,1847,RTK FIXED
61.748,070413.80,10.48531600,76.44418200,10.48531600,76.44418200,658050.791,1159433.867,108.10,658050.785,1159433.875,36.6,8,658051.203,1159434.080,10.48531600,76.44418300,0.363,-0.062,10.0,9.0,0.0,16.7,2047,1847,RTK FIXED
61.794,070413.80,10.48531600,76.44418200,10.48531600,76.44418200,658050.791,1159433.867,108.10,658050.787,1159433.872,36.6,8,658051.203,1159434.080,10.48531600,76.44418300,0.363,-0.062,10.0,9.0,0.5,16.8,2047,1847,RTK FIXED
61.848,070413.80,10.48531600,76.44418200,10.48531600,76.44418200,658050.791,1159433.867,108.10,658050.789,1159433.870,36.6,8,658051.203,1159434.080,10.48531600,76.44418300,0.363,-0.062,10.0,9.0,-0.5,15.8,2047,1847,RTK FIXED
61.895,070414.00,10.48531600,76.44418300,10.48531600,76.44418240,658050.900,1159433.868,108.00,658050.833,1159433.869,29.0,8,658051.203,1159434.080,10.48531600,76.44418300,0.359,-0.012,10.0,9.8,0.5,15.9,2047,2005,RTK FIXED
61.948,070414.00,10.48531600,76.44418300,10.48531600,76.44418264,658050.900,1159433.868,108.00,658050.860,1159433.869,29.0,8,658051.203,1159434.080,10.48531600,76.44418300,0.359,-0.012,10.0,9.8,-0.5,16.0,2047,2005,RTK FIXED
62.002,070414.20,10.48531600,76.44418300,10.48531600,76.44418278,658050.875,1159433.910,108.10,658050.866,1159433.885,29.0,8,658051.203,1159434.080,10.48531600,76.44418300,0.334,-0.002,10.0,10.0,0.0,16.1,2047,2038,RTK FIXED
62.048,070414.20,10.48531600,76.44418300,10.48531600,76.44418287,658050.875,1159433.910,108.10,658050.869,1159433.895,29.0,8,658051.203,1159434.080,10.48531600,76.44418300,0.334,-0.002,10.0,10.0,0.5,16.4,2047,2038,RTK FIXED
62.102,070414.20,10.48531600,76.44418300,10.48531600,76.44418292,658050.875,1159433.910,108.10,658050.872,1159433.901,29.0,8,658051.203,1159434.080,10.48531600,76.44418300,0.334,-0.002,10.0,10.0,-0.5,16.3,2047,2038,RTK FIXED
62.148,070414.20,10.48531600,76.44418300,10.48531600,76.44418295,658050.875,1159433.910,108.10,658050.873,1159433.904,29.0,8,658051.203,1159434.080,10.48531600,76.44418300,0.334,-0.002,10.0,10.0,0.0,17.3,2047,2038,RTK FIXED
62.203,070414.40,10.48531700,76.44418300,10.48531640,76.44418297,658050.874,1159434.020,108.10,658050.873,1159433.951,39.2,8,658051.203,1159434.080,10.48531600,76.44418300,0.297,-0.082,10.0,8.5,0.0,17.8,2047,1735,RTK FIXED
62.248,070414.40,10.48531700,76.44418300,10.48531664,76.44418298,658050.874,1159434.020,108.10,658050.874,1159433.978,39.2,8,658051.203,1159434.080,10.48531600,76.44418300,0.297,-0.082,10.0,8.5,0.0,18.2,2047,1735,RTK FIXED
62.302,070414.40,10.48531700,76.44418300,10.48531678,76.44418299,658050.874,1159434.020,108.10,658050.874,1159433.995,39.2,8,658051.203,1159434.080,10.48531600,76.44418300,0.297,-0.082,10.0,8.5,0.0,18.1,2047,1735,RTK FIXED
62.348,070414.40,10.48531700,76.44418300,10.48531687,76.44418299,658050.874,1159434.020,108.10,658050.874,1159434.005,39.2,8,658051.203,1159434.080,10.48531600,76.44418300,0.297,-0.082,10.0,8.5,0.5,17.9,2047,1735,RTK FIXED
62.402,070414.40,10.48531700,76.44418300,10.48531692,76.44418300,658050.874,1159434.020,108.10,658050.874,1159434.011,39.2,8,658051.203,1159434.080,10.48531600,76.44418300,0.297,-0.082,10.0,8.5,0.0,17.1,2047,1735,RTK FIXED
62.448,070414.40,10.48531700,76.44418300,10.48531695,76.44418300,658050.874,1159434.020,108.10,658050.874,1159434.015,39.2,8,658051.203,1159434.080,10.48531600,76.44418300,0.297,-0.082,10.0,8.5,-0.5,16.4,2047,1735,RTK FIXED
62.503,070414.60,10.48531700,76.44418400,10.48531697,76.44418340,658051.019,1159433.965,108.00,658050.932,1159433.995,39.2,8,658051.203,1159434.080,10.48531600,76.44418300,0.247,-0.086,10.0,8.1,0.0,16.0,2047,1660,RTK FIXED
62.556,070414.60,10.48531700,76.44418400,10.48531698,76.44418364,658051.019,1159433.965,108.00,658050.967,1159433.983,39.2,8,658051.203,1159434.080,10.48531600,76.44418300,0.247,-0.086,10.0,8.1,0.0,15.0,2047,1660,RTK FIXED
62.602,070414.60,10.48531700,76.44418400,10.48531699,76.44418378,658051.019,1159433.965,108.00,658050.988,1159433.976,39.2,8,658051.203,1159434.080,10.48531600,76.44418300,0.247,-0.086,10.0,8.1,0.0,14.6,2047,1660,RTK FIXED
62.657,070414.80,10.48531700,76.44418400,10.48531699,76.44418387,658051.019,1159433.965,108.00,658051.000,1159433.972,30.5,8,658051.203,1159434.080,10.48531600,76.44418300,0.219,-0.019,10.0,9.5,0.0,14.2,2047,1943,RTK FIXED
62.702,070414.80,10.48531700,76.44418400,10.48531700,76.44418392,658051.019,1159433.965,108.00,658051.008,1159433.969,30.5,8,658051.203,1159434.080,10.48531600,76.44418300,0.219,-0.019,10.0,9.5,0.5,13.7,2047,1943,RTK FIXED
62.756,070414.80,10.48531700,76.44418400,10.48531700,76.44418395,658051.019,1159433.965,108.00,658051.012,1159433.968,30.5,8,658051.203,1159434.080,10.48531600,76.44418300,0.219,-0.019,10.0,9.5,-0.5,13.9,2047,1943,RTK FIXED
62.803,070414.80,10.48531700,76.44418400,10.48531700,76.44418397,658051.019,1159433.965,108.00,658051.015,1159433.967,30.5,8,658051.203,1159434.080,10.48531600,76.44418300,0.219,-0.019,10.0,9.5,0.5,14.5,2047,1943,RTK FIXED
62.858,070415.00,10.48531700,76.44418400,10.48531700,76.44418398,658050.988,1159434.012,108.00,658051.004,1159433.985,30.5,8,658051.203,1159434.080,10.48531600,76.44418300,0.203,-0.013,10.0,9.6,0.0,15.0,2047,1971,RTK FIXED
62.903,070415.00,10.48531700,76.44418400,10.48531700,76.44418399,658050.988,1159434.012,108.00,658050.998,1159433.996,30.5,8,658051.203,1159434.080,10.48531600,76.44418300,0.203,-0.013,10.0,9.6,0.0,16.1,2047,1971,RTK FIXED
62.960,070415.20,10.48531700,76.44418500,10.48531700,76.44418439,658051.098,1159434.013,108.00,658051.038,1159434.003,30.5,9,658051.754,1159433.198,10.48530800,76.44418800,0.332,-0.177,10.0,7.2,-0.4,16.7,2047,1521,RTK FIXED
63.003,070415.20,10.48531700,76.44418500,10.48531700,76.44418464,658051.098,1159434.013,108.00,658051.062,1159434.007,30.5,9,658051.754,1159433.198,10.48530800,76.44418800,0.332,-0.177,10.0,7.2,0.0,17.4,2047,1482,RTK FIXED
63.056,070415.20,10.48531700,76.44418500,10.48531700,76.44418478,658051.098,1159434.013,108.00,658051.076,1159434.009,30.5,9,658051.754,1159433.198,10.48530800,76.44418800,0.332,-0.177,10.0,7.2,0.5,16.7,2047,1482,RTK FIXED
63.110,070415.20,10.48531700,76.44418500,10.48531700,76.44418487,658051.098,1159434.013,108.00,658051.085,1159434.011,30.5,9,658051.754,1159433.198,10.48530800,76.44418800,0.332,-0.177,10.0,7.2,-0.5,16.2,2047,1482,RTK FIXED
63.157,070415.40,10.48531700,76.44418500,10.48531700,76.44418492,658051.098,1159434.013,108.00,658051.090,1159434.011,29.2,9,658051.754,1159433.198,10.48530800,76.44418800,0.332,-0.210,10.0,6.8,0.5,15.1,2047,1394,RTK FIXED
63.211,070415.40,10.48531700,76.44418500,10.48531700,76.44418495,658051.098,1159434.013,108.00,658051.093,1159434.012,29.2,9,658051.754,1159433.198,10.48530800,76.44418800,0.332,-0.210,10.0,6.8,0.0,14.5,2047,1394,RTK FIXED
63.257,070415.40,10.48531700,76.44418500,10.48531700,76.44418497,658051.098,1159434.013,108.00,658051.095,1159434.012,29.2,9,658051.754,1159433.198,10.48530800,76.44418800,0.332,-0.210,10.0,6.8,-0.5,13.6,2047,1394,RTK FIXED
63.311,070415.40,10.48531700,76.44418500,10.48531700,76.44418498,658051.098,1159434.013,108.00,658051.096,1159434.012,29.2,9,658051.754,1159433.198,10.48530800,76.44418800,0.332,-0.210,10.0,6.8,0.5,12.5,2047,1394,RTK FIXED
63.357,070415.40,10.48531700,76.44418500,10.48531700,76.44418499,658051.098,1159434.013,108.00,658051.097,1159434.013,29.2,9,658051.754,1159433.198,10.48530800,76.44418800,0.332,-0.210,10.0,6.8,-0.5,12.5,2047,1394,RTK FIXED
63.410,070415.40,10.48531700,76.44418500,10.48531700,76.44418499,658051.098,1159434.013,108.00,658051.097,1159434.013,29.2,9,658051.754,1159433.198,10.48530800,76.44418800,0.332,-0.210,10.0,6.8,0.5,12.6,2047,1394,RTK FIXED
63.457,070415.60,10.48531800,76.44418500,10.48531740,76.44418500,658051.093,1159434.131,108.00,658051.095,1159434.060,29.2,9,658051.754,1159433.198,10.48530800,76.44418800,0.332,-0.217,10.0,6.7,-0.5,11.1,2047,1376,RTK FIXED
63.510,070415.60,10.48531800,76.44418500,10.48531764,76.44418500,658051.093,1159434.131,108.00,658051.095,1159434.088,29.2,9,658051.754,1159433.198,10.48530800,76.44418800,0.332,-0.217,10.0,6.7,0.5,10.9,2047,1376,RTK FIXED
63.557,070415.60,10.48531800,76.44418500,10.48531778,76.44418500,658051.093,1159434.131,108.00,658051.094,1159434.105,29.2,9,658051.754,1159433.198,10.48530800,76.44418800,0.332,-0.217,10.0,6.7,-0.5,10.7,2047,1376,RTK FIXED
63.610,070415.60,10.48531800,76.44418500,10.48531787,76.44418500,658051.093,1159434.131,108.00,658051.094,1159434.115,29.2,9,658051.754,1159433.198,10.48530800,76.44418800,0.332,-0.217,10.0,6.7,0.5,9.9,2047,1376,RTK FIXED
63.659,070415.80,10.48531800,76.44418600,10.48531792,76.44418540,658051.203,1159434.131,108.00,658051.137,1159434.122,35.5,9,658051.754,1159433.198,10.48530800,76.44418800,0.332,-0.218,10.0,6.7,-0.5,10.3,2047,1373,RTK FIXED
63.711,070415.80,10.48531800,76.44418600,10.48531795,76.44418564,658051.203,1159434.131,108.00,658051.163,1159434.126,35.5,9,658051.754,1159433.198,10.48530800,76.44418800,0.332,-0.218,10.0,6.7,0.5,10.0,2047,1373,RTK FIXED
63.765,070415.80,10.48531800,76.44418600,10.48531797,76.44418578,658051.203,1159434.131,108.00,658051.179,1159434.128,35.5,9,658051.754,1159433.198,10.48530800,76.44418800,0.332,-0.218,10.0,6.7,-0.5,9.7,2047,1373,RTK FIXED
63.811,070415.80,10.48531800,76.44418600,10.48531798,76.44418587,658051.203,1159434.131,108.00,658051.188,1159434.129,35.5,9,658051.754,1159433.198,10.48530800,76.44418800,0.332,-0.218,10.0,6.7,0.0,9.3,2047,1373,RTK FIXED
63.866,070416.00,10.48531800,76.44418600,10.48531799,76.44418592,658051.223,1159434.097,108.00,658051.202,1159434.116,35.5,9,658051.754,1159433.198,10.48530800,76.44418800,0.332,-0.218,10.0,6.7,0.5,9.7,2047,1372,RTK FIXED
63.911,070416.00,10.48531800,76.44418600,10.48531799,76.44418595,658051.223,1159434.097,108.00,658051.211,1159434.108,35.5,9,658051.754,1159433.198,10.48530800,76.44418800,0.332,-0.218,10.0,6.7,0.0,9.8,2047,1372,RTK FIXED
63.966,070416.20,10.48531800,76.44418600,10.48531800,76.44418597,658051.223,1159434.097,108.10,658051.216,1159434.104,35.5,9,658051.754,1159433.198,10.48530800,76.44418800,0.332,-0.218,10.0,6.7,-0.5,9.6,2047,1372,RTK FIXED
64.011,070416.20,10.48531800,76.44418600,10.48531800,76.44418598,658051.223,1159434.097,108.10,658051.219,1159434.101,35.5,9,658051.754,1159433.198,10.48530800,76.44418800,0.332,-0.218,10.0,6.7,0.5,9.3,2047,1372,RTK FIXED
64.065,070416.20,10.48531800,76.44418600,10.48531800,76.44418599,658051.223,1159434.097,108.10,658051.221,1159434.099,35.5,9,658051.754,1159433.198,10.48530800,76.44418800,0.332,-0.218,10.0,6.7,0.0,9.3,2047,1372,RTK FIXED
64.111,070416.20,10.48531800,76.44418600,10.48531800,76.44418599,658051.223,1159434.097,108.10,658051.222,1159434.098,35.5,9,658051.754,1159433.198,10.48530800,76.44418800,0.332,-0.218,10.0,6.7,-0.5,9.2,2047,1372,RTK FIXED
64.166,070416.40,10.48531800,76.44418700,10.48531800,76.44418640,658051.333,1159434.097,108.10,658051.266,1159434.098,26.2,9,658051.754,1159433.198,10.48530800,76.44418800,0.332,-0.218,10.0,6.7,0.5,9.2,2047,1372,RTK FIXED
64.211,070416.40,10.48531800,76.44418700,10.48531800,76.44418664,658051.333,1159434.097,108.10,658051.293,1159434.097,26.2,9,658051.754,1159433.198,10.48530800,76.44418800,0.332,-0.218,10.0,6.7,0.0,9.3,2047,1372,RTK FIXED
64.266,070416.40,10.48531800,76.44418700,10.48531800,76.44418678,658051.333,1159434.097,108.10,658051.309,1159434.097,26.2,9,658051.754,1159433.198,10.48530800,76.44418800,0.332,-0.218,10.0,6.7,0.0,9.3,2047,1372,RTK FIXED
64.319,070416.40,10.48531800,76.44418700,10.48531800,76.44418687,658051.333,1159434.097,108.10,658051.318,1159434.097,26.2,9,658051.754,1159433.198,10.48530800,76.44418800,0.332,-0.218,10.0,6.7,-0.5,8.8,2047,1372,RTK FIXED
64.366,070416.40,10.48531800,76.44418700,10.48531800,76.44418692,658051.333,1159434.097,108.10,658051.324,1159434.097,26.2,9,658051.754,1159433.198,10.48530800,76.44418800,0.332,-0.218,10.0,6.7,0.5,8.6,2047,1372,RTK FIXED
64.419,070416.40,10.48531800,76.44418700,10.48531800,76.44418695,658051.333,1159434.097,108.10,658051.328,1159434.097,26.2,9,658051.754,1159433.198,10.48530800,76.44418800,0.332,-0.218,10.0,6.7,-0.5,8.8,2047,1372,RTK FIXED
64.466,070416.60,10.48531800,76.44418700,10.48531800,76.44418697,658051.304,1159434.149,108.10,658051.318,1159434.118,26.2,9,658051.754,1159433.198,10.48530800,76.44418800,0.332,-0.218,10.0,6.7,0.0,8.1,2047,1372,RTK FIXED
64.519,070416.60,10.48531800,76.44418700,10.48531800,76.44418698,658051.304,1159434.149,108.10,658051.312,1159434.130,26.2,9,658051.754,1159433.198,10.48530800,76.44418800,0.332,-0.218,10.0,6.7,0.5,8.8,2047,1372,RTK FIXED
64.566,070416.60,10.48531800,76.44418700,10.48531800,76.44418699,658051.304,1159434.149,108.10,658051.309,1159434.138,26.2,9,658051.754,1159433.198,10.48530800,76.44418800,0.332,-0.218,10.0,6.7,-0.5,8.6,2047,1372,RTK FIXED
64.619,070416.60,10.48531800,76.44418700,10.48531800,76.44418699,658051.304,1159434.149,108.10,658051.307,1159434.142,26.2,9,658051.754,1159433.198,10.48530800,76.44418800,0.332,-0.218,10.0,6.7,0.5,8.9,2047,1372,RTK FIXED
64.666,070416.80,10.48531800,76.44418700,10.48531800,76.44418700,658051.304,1159434.149,108.00,658051.305,1159434.145,26.2,9,658051.754,1159433.198,10.48530800,76.44418800,0.332,-0.218,10.0,6.7,-0.5,8.6,2047,1372,RTK FIXED
64.720,070416.80,10.48531800,76.44418700,10.48531800,76.44418700,658051.304,1159434.149,108.00,658051.305,1159434.147,26.2,9,658051.754,1159433.198,10.48530800,76.44418800,0.332,-0.218,10.0,6.7,0.5,7.5,2047,1372,RTK FIXED
64.766,070416.80,10.48531800,76.44418700,10.48531800,76.44418700,658051.304,1159434.149,108.00,658051.304,1159434.148,26.2,9,658051.754,1159433.198,10.48530800,76.44418800,0.332,-0.218,10.0,6.7,0.0,8.7,2047,1372,RTK FIXED
64.820,070416.80,10.48531800,76.44418700,10.48531800,76.44418700,658051.304,1159434.149,108.00,658051.304,1159434.148,26.2,9,658051.754,1159433.198,10.48530800,76.44418800,0.332,-0.218,10.0,6.7,-0.5,8.3,2047,1372,RTK FIXED
64.874,070417.00,10.48531800,76.44418700,10.48531800,76.44418700,658051.304,1159434.149,108.00,658051.304,1159434.148,26.2,9,658051.754,1159433.198,10.48530800,76.44418800,0.332,-0.218,10.0,6.7,0.0,8.7,2047,1372,RTK FIXED
64.920,070417.00,10.48531800,76.44418700,10.48531800,76.44418700,658051.304,1159434.149,108.00,658051.304,1159434.149,26.2,9,658051.754,1159433.198,10.48530800,76.44418800,0.332,-0.218,10.0,6.7,0.0,7.1,2047,1372,RTK FIXED
64.974,070417.00,10.48531800,76.44418700,10.48531800,76.44418700,658051.304,1159434.149,108.00,658051.304,1159434.149,26.2,9,658051.754,1159433.198,10.48530800,76.44418800,0.332,-0.218,10.0,6.7,0.0,8.8,2047,1372,RTK FIXED
65.020,070417.00,10.48531800,76.44418700,10.48531800,76.44418700,658051.304,1159434.149,108.00,658051.304,1159434.149,26.2,9,658051.754,1159433.198,10.48530800,76.44418800,0.332,-0.218,10.0,6.7,0.0,8.2,2047,1372,RTK FIXED
65.074,070417.20,10.48531800,76.44418800,10.48531800,76.44418740,658051.413,1159434.149,108.00,658051.347,1159434.149,26.4,9,658051.754,1159433.198,10.48530800,76.44418800,0.332,-0.218,10.0,6.7,0.0,8.3,2047,1372,RTK FIXED
65.120,070417.20,10.48531800,76.44418800,10.48531800,76.44418764,658051.413,1159434.149,108.00,658051.374,1159434.149,26.4,9,658051.754,1159433.198,10.48530800,76.44418800,0.332,-0.218,10.0,6.7,0.5,8.1,2047,1372,RTK FIXED
65.174,070417.40,10.48531700,76.44418800,10.48531760,76.44418778,658051.414,1159434.038,108.10,658051.390,1159434.105,26.4,9,658051.754,1159433.198,10.48530800,76.44418800,0.332,-0.218,10.0,6.7,-0.5,7.9,2047,1372,RTK FIXED
65.219,070417.40,10.48531700,76.44418800,10.48531736,76.44418787,658051.414,1159434.038,108.10,658051.400,1159434.078,26.4,9,658051.754,1159433.198,10.48530800,76.44418800,0.332,-0.218,10.0,6.7,0.0,8.9,2047,1372,RTK FIXED
65.274,070417.40,10.48531700,76.44418800,10.48531722,76.44418792,658051.414,1159434.038,108.10,658051.405,1159434.062,26.4,9,658051.754,1159433.198,10.48530800,76.44418800,0.332,-0.218,10.0,6.7,0.0,7.9,2047,1372,RTK FIXED
65.320,070417.40,10.48531700,76.44418800,10.48531713,76.44418795,658051.414,1159434.038,108.10,658051.409,1159434.052,26.4,9,658051.754,1159433.198,10.48530800,76.44418800,0.332,-0.218,10.0,6.7,0.0,8.2,2047,1372,RTK FIXED
65.375,070417.60,10.48531700,76.44418800,10.48531708,76.44418797,658051.414,1159434.038,108.00,658051.411,1159434.046,2.1,9,658051.754,1159433.198,10.48530800,76.44418800,0.332,-0.218,10.0,6.7,0.0,8.2,2047,1372,RTK FIXED
65.428,070417.60,10.48531700,76.44418800,10.48531705,76.44418798,658051.414,1159434.038,108.00,658051.412,1159434.043,2.1,9,658051.754,1159433.198,10.48530800,76.44418800,0.332,-0.218,10.0,6.7,0.5,8.4,2047,1372,RTK FIXED
65.474,070417.60,10.48531700,76.44418800,10.48531703,76.44418799,658051.414,1159434.038,108.00,658051.413,1159434.041,2.1,9,658051.754,1159433.198,10.48530800,76.44418800,0.332,-0.218,10.0,6.7,-0.5,8.1,2047,1372,RTK FIXED
65.528,070417.60,10.48531700,76.44418800,10.48531702,76.44418799,658051.414,1159434.038,108.00,658051.413,1159434.040,2.1,9,658051.754,1159433.198,10.48530800,76.44418800,0.332,-0.218,10.0,6.7,0.5,7.9,2047,1372,RTK FIXED
65.574,070417.60,10.48531700,76.44418800,10.48531701,76.44418800,658051.414,1159434.038,108.00,658051.414,1159434.039,2.1,9,658051.754,1159433.198,10.48530800,76.44418800,0.332,-0.218,10.0,6.7,-0.5,8.1,2047,1372,RTK FIXED
65.627,070417.60,10.48531700,76.44418800,10.48531701,76.44418800,658051.414,1159434.038,108.00,658051.414,1159434.038,2.1,9,658051.754,1159433.198,10.48530800,76.44418800,0.332,-0.218,10.0,6.7,0.5,8.0,2047,1372,RTK FIXED
65.675,070417.80,10.48531700,76.44418900,10.48531700,76.44418840,658051.489,1159434.190,108.10,658051.444,1159434.099,2.1,9,658051.754,1159433.198,10.48530800,76.44418800,0.332,-0.218,10.0,6.7,-0.5,8.4,2047,1372,RTK FIXED
65.728,070417.80,10.48531700,76.44418900,10.48531700,76.44418864,658051.489,1159434.190,108.10,658051.462,1159434.135,2.1,9,658051.754,1159433.198,10.48530800,76.44418800,0.332,-0.218,10.0,6.7,0.5,8.1,2047,1372,RTK FIXED
65.774,070417.80,10.48531700,76.44418900,10.48531700,76.44418878,658051.489,1159434.190,108.10,658051.473,1159434.157,2.1,9,658051.754,1159433.198,10.48530800,76.44418800,0.332,-0.218,10.0,6.7,-0.5,8.1,2047,1372,RTK FIXED
65.828,070417.80,10.48531700,76.44418900,10.48531700,76.44418887,658051.489,1159434.190,108.10,658051.479,1159434.170,2.1,9,658051.754,1159433.198,10.48530800,76.44418800,0.332,-0.218,10.0,6.7,0.5,8.4,2047,1372,RTK FIXED
65.875,070418.00,10.48531700,76.44418900,10.48531700,76.44418892,658051.489,1159434.190,108.00,658051.483,1159434.178,16.0,9,658051.754,1159433.198,10.48530800,76.44418800,0.332,-0.218,10.0,6.7,-0.5,7.9,2047,1372,RTK FIXED
65.928,070418.00,10.48531700,76.44418900,10.48531700,76.44418895,658051.489,1159434.190,108.00,658051.486,1159434.183,16.0,9,658051.754,1159433.198,10.48530800,76.44418800,0.332,-0.218,10.0,6.7,0.5,8.1,2047,1372,RTK FIXED
65.974,070418.00,10.48531700,76.44418900,10.48531700,76.44418897,658051.489,1159434.190,108.00,658051.487,1159434.186,16.0,9,658051.754,1159433.198,10.48530800,76.44418800,0.332,-0.218,10.0,6.7,-0.5,8.0,2047,1372,RTK FIXED
66.030,070418.00,10.48531700,76.44418900,10.48531700,76.44418898,658051.489,1159434.190,108.00,658051.488,1159434.188,16.0,9,658051.754,1159433.198,10.48530800,76.44418800,0.332,-0.218,10.0,6.7,0.0,8.8,2047,1372,RTK FIXED
66.083,070418.20,10.48531700,76.44418900,10.48531700,76.44418899,658051.501,1159434.101,108.00,658051.493,1159434.153,16.0,9,658051.754,1159433.198,10.48530800,76.44418800,0.332,-0.218,10.0,6.7,0.5,7.9,2047,1372,RTK FIXED
66.129,070418.20,10.48531700,76.44418900,10.48531700,76.44418899,658051.501,1159434.101,108.00,658051.496,1159434.132,16.0,9,658051.754,1159433.198,10.48530800,76.44418800,0.332,-0.218,10.0,6.7,-0.5,8.1,2047,1372,RTK FIXED
66.182,070418.20,10.48531700,76.44418900,10.48531700,76.44418900,658051.501,1159434.101,108.00,658051.498,1159434.120,16.0,9,658051.754,1159433.198,10.48530800,76.44418800,0.332,-0.218,10.0,6.7,0.5,8.0,2047,1372,RTK FIXED
66.230,070418.40,10.48531600,76.44418900,10.48531660,76.44418900,658051.501,1159433.991,108.00,658051.499,1159434.068,-9.0,9,658051.754,1159433.198,10.48530800,76.44418800,0.332,-0.218,10.0,6.7,0.0,8.0,2047,1372,RTK FIXED
66.282,070418.40,10.48531600,76.44418900,10.48531636,76.44418900,658051.501,1159433.991,108.00,658051.500,1159434.037,-9.0,9,658051.754,1159433.198,10.48530800,76.44418800,0.332,-0.218,10.0,6.7,-0.5,8.0,2047,1372,RTK FIXED
66.330,070418.40,10.48531600,76.44418900,10.48531622,76.44418900,658051.501,1159433.991,108.00,658051.501,1159434.019,-9.0,9,658051.754,1159433.198,10.48530800,76.44418800,0.332,-0.218,10.0,6.7,0.5,8.3,2047,1372,RTK FIXED
66.383,070418.60,10.48531600,76.44419000,10.48531613,76.44418940,658051.605,1159434.151,108.00,658051.543,1159434.072,-9.0,9,658051.754,1159433.198,10.48530800,76.44418800,0.332,-0.218,10.0,6.7,-0.5,8.0,2047,1372,RTK FIXED
66.429,070418.60,10.48531600,76.44419000,10.48531608,76.44418964,658051.605,1159434.151,108.00,658051.568,1159434.104,-9.0,9,658051.754,1159433.198,10.48530800,76.44418800,0.332,-0.218,10.0,6.7,0.5,8.2,2047,1372,RTK FIXED
66.483,070418.60,10.48531600,76.44419000,10.48531605,76.44418978,658051.605,1159434.151,108.00,658051.583,1159434.123,-9.0,9,658051.754,1159433.198,10.48530800,76.44418800,0.332,-0.218,10.0,6.7,-0.5,7.9,2047,1372,RTK FIXED
66.537,070418.60,10.48531600,76.44419000,10.48531603,76.44418987,658051.605,1159434.151,108.00,658051.592,1159434.134,-9.0,9,658051.754,1159433.198,10.48530800,76.44418800,0.332,-0.218,10.0,6.7,0.0,8.3,2047,1372,RTK FIXED
66.583,070418.60,10.48531600,76.44419000,10.48531602,76.44418992,658051.605,1159434.151,108.00,658051.597,1159434.141,-9.0,9,658051.754,1159433.198,10.48530800,76.44418800,0.332,-0.218,10.0,6.7,0.5,7.6,2047,1372,RTK FIXED
66.637,070418.60,10.48531600,76.44419000,10.48531601,76.44418995,658051.605,1159434.151,108.00,658051.600,1159434.145,-9.0,9,658051.754,1159433.198,10.48530800,76.44418800,0.332,-0.218,10.0,6.7,-0.5,7.9,2047,1372,RTK FIXED
66.684,070418.80,10.48531600,76.44419000,10.48531601,76.44418997,658051.605,1159434.151,108.00,658051.602,1159434.148,3.4,9,658051.754,1159433.198,10.48530800,76.44418800,0.332,-0.218,10.0,6.7,0.5,8.6,2047,1372,RTK FIXED
66.737,070418.80,10.48531600,76.44419000,10.48531600,76.44418998,658051.605,1159434.151,108.00,658051.604,1159434.149,3.4,9,658051.754,1159433.198,10.48530800,76.44418800,0.332,-0.218,10.0,6.7,-0.5,8.0,2047,1372,RTK FIXED
66.783,070418.80,10.48531600,76.44419000,10.48531600,76.44418999,658051.605,1159434.151,108.00,658051.604,1159434.150,3.4,9,658051.754,1159433.198,10.48530800,76.44418800,0.332,-0.218,10.0,6.7,0.5,7.6,2047,1372,RTK FIXED
66.837,070418.80,10.48531600,76.44419000,10.48531600,76.44418999,658051.605,1159434.151,108.00,658051.605,1159434.151,3.4,9,658051.754,1159433.198,10.48530800,76.44418800,0.332,-0.218,10.0,6.7,0.0,8.4,2047,1372,RTK FIXED
66.884,070419.00,10.48531600,76.44419000,10.48531600,76.44419000,658051.599,1159434.072,108.00,658051.603,1159434.119,3.4,9,658051.754,1159433.198,10.48530800,76.44418800,0.332,-0.218,10.0,6.7,-0.5,7.5,2047,1372,RTK FIXED
66.937,070419.00,10.48531600,76.44419000,10.48531600,76.44419000,658051.599,1159434.072,108.00,658051.601,1159434.100,3.4,9,658051.754,1159433.198,10.48530800,76.44418800,0.332,-0.218,10.0,6.7,0.5,8.0,2047,1372,RTK FIXED
66.983,070419.00,10.48531600,76.44419000,10.48531600,76.44419000,658051.599,1159434.072,108.00,658051.601,1159434.089,3.4,9,658051.754,1159433.198,10.48530800,76.44418800,0.332,-0.218,10.0,6.7,-0.5,7.6,2047,1372,RTK FIXED
67.038,070419.00,10.48531600,76.44419000,10.48531600,76.44419000,658051.599,1159434.072,108.00,658051.600,1159434.082,3.4,9,658051.754,1159433.198,10.48530800,76.44418800,0.332,-0.218,10.0,6.7,0.0,7.8,2047,1372,RTK FIXED
67.092,070419.20,10.48531600,76.44419000,10.48531600,76.44419000,658051.599,1159434.072,108.00,658051.600,1159434.078,3.4,9,658051.754,1159433.198,10.48530800,76.44418800,0.332,-0.218,10.0,6.7,0.0,8.3,2047,1372,RTK FIXED
67.138,070419.20,10.48531600,76.44419000,10.48531600,76.44419000,658051.599,1159434.072,108.00,658051.600,1159434.075,3.4,9,658051.754,1159433.198,10.48530800,76.44418800,0.332,-0.218,10.0,6.7,0.5,7.6,2047,1372,RTK FIXED
67.192,070419.40,10.48531500,76.44419100,10.48531560,76.44419040,658051.709,1159433.962,108.00,658051.643,1159434.030,-12.3,9,658051.754,1159433.198,10.48530800,76.44418800,0.332,-0.218,10.0,6.7,-0.5,7.8,2047,1372,RTK FIXED
67.238,070419.40,10.48531500,76.44419100,10.48531536,76.44419064,658051.709,1159433.962,108.00,658051.670,1159434.002,-12.3,9,658051.754,1159433.198,10.48530800,76.44418800,0.332,-0.218,10.0,6.7,0.5,8.2,2047,1372,RTK FIXED
67.291,070419.40,10.48531500,76.44419100,10.48531522,76.44419078,658051.709,1159433.962,108.00,658051.686,1159433.986,-12.3,9,658051.754,1159433.198,10.48530800,76.44418800,0.332,-0.218,10.0,6.7,-0.5,7.9,2047,1372,RTK FIXED
67.338,070419.40,10.48531500,76.44419100,10.48531513,76.44419087,658051.709,1159433.962,108.00,658051.695,1159433.976,-12.3,9,658051.754,1159433.198,10.48530800,76.44418800,0.332,-0.218,10.0,6.7,0.5,8.1,2047,1372,RTK FIXED
67.392,070419.60,10.48531500,76.44419100,10.48531508,76.44419092,658051.720,1159434.062,108.00,658051.705,1159434.011,-12.3,9,658051.754,1159433.198,10.48530800,76.44418800,0.332,-0.218,10.0,6.7,0.0,7.8,2047,1372,RTK FIXED
67.438,070419.60,10.48531500,76.44419100,10.48531505,76.44419095,658051.720,1159434.062,108.00,658051.711,1159434.031,-12.3,9,658051.754,1159433.198,10.48530800,76.44418800,0.332,-0.218,10.0,6.7,0.0,8.2,2047,1372,RTK FIXED
67.491,070419.60,10.48531500,76.44419100,10.48531503,76.44419097,658051.720,1159434.062,108.00,658051.715,1159434.044,-12.3,9,658051.754,1159433.198,10.48530800,76.44418800,0.332,-0.218,10.0,6.7,-0.5,7.9,2047,1372,RTK FIXED
67.538,070419.60,10.48531500,76.44419100,10.48531502,76.44419098,658051.720,1159434.062,108.00,658051.717,1159434.051,-12.3,9,658051.754,1159433.198,10.48530800,76.44418800,0.332,-0.218,10.0,6.7,0.5,8.1,2047,1372,RTK FIXED
67.592,070419.60,10.48531500,76.44419100,10.48531501,76.44419099,658051.720,1159434.062,108.00,658051.718,1159434.056,-12.3,9,658051.754,1159433.198,10.48530800,76.44418800,0.332,-0.218,10.0,6.7,0.0,7.9,2047,1372,RTK FIXED
67.638,070419.60,10.48531500,76.44419100,10.48531501,76.44419099,658051.720,1159434.062,108.00,658051.719,1159434.058,-12.3,9,658051.754,1159433.198,10.48530800,76.44418800,0.332,-0.218,10.0,6.7,0.0,8.2,2047,1372,RTK FIXED
67.692,070419.80,10.48531500,76.44419100,10.48531500,76.44419100,658051.720,1159434.062,108.00,658051.719,1159434.060,-12.3,9,658051.754,1159433.198,10.48530800,76.44418800,0.332,-0.218,10.0,6.7,0.0,8.2,2047,1372,RTK FIXED
67.746,070419.80,10.48531500,76.44419100,10.48531500,76.44419100,658051.720,1159434.062,108.00,658051.719,1159434.061,-12.3,9,658051.754,1159433.198,10.48530800,76.44418800,0.332,-0.218,10.0,6.7,0.0,7.9,2047,1372,RTK FIXED
67.792,070419.80,10.48531500,76.44419100,10.48531500,76.44419100,658051.720,1159434.062,108.00,658051.720,1159434.061,-12.3,9,658051.754,1159433.198,10.48530800,76.44418800,0.332,-0.218,10.0,6.7,0.0,8.2,2047,1372,RTK FIXED
67.846,070419.80,10.48531500,76.44419100,10.48531500,76.44419100,658051.720,1159434.062,108.00,658051.720,1159434.062,-12.3,9,658051.754,1159433.198,10.48530800,76.44418800,0.332,-0.218,10.0,6.7,0.0,7.9,2047,1372,RTK FIXED
67.892,070420.00,10.48531400,76.44419100,10.48531460,76.44419100,658051.720,1159433.952,108.00,658051.720,1159434.018,-12.3,9,658051.754,1159433.198,10.48530800,76.44418800,0.332,-0.218,10.0,6.7,0.0,8.1,2047,1372,RTK FIXED
67.946,070420.00,10.48531400,76.44419100,10.48531436,76.44419100,658051.720,1159433.952,108.00,658051.720,1159433.991,-12.3,9,658051.754,1159433.198,10.48530800,76.44418800,0.332,-0.218,10.0,6.7,0.0,8.4,2047,1372,RTK FIXED
67.992,070420.20,10.48531400,76.44419100,10.48531422,76.44419100,658051.720,1159433.952,108.00,658051.720,1159433.976,-18.9,9,658051.754,1159433.198,10.48530800,76.44418800,0.332,-0.218,10.0,6.7,-0.5,8.1,2047,1372,RTK FIXED
68.046,070420.20,10.48531400,76.44419100,10.48531413,76.44419100,658051.720,1159433.952,108.00,658051.720,1159433.966,-18.9,9,658051.754,1159433.198,10.48530800,76.44418800,0.332,-0.218,10.0,6.7,0.5,7.9,2047,1372,RTK FIXED
68.092,070420.20,10.48531400,76.44419100,10.48531408,76.44419100,658051.720,1159433.952,108.00,658051.720,1159433.960,-18.9,9,658051.754,1159433.198,10.48530800,76.44418800,0.332,-0.218,10.0,6.7,0.0,8.1,2047,1372,RTK FIXED
68.146,070420.20,10.48531400,76.44419100,10.48531405,76.44419100,658051.720,1159433.952,108.00,658051.720,1159433.957,-18.9,9,658051.754,1159433.198,10.48530800,76.44418800,0.332,-0.218,10.0,6.7,-0.5,8.3,2047,1372,RTK FIXED
68.193,070420.40,10.48531400,76.44419100,10.48531403,76.44419100,658051.733,1159433.992,108.00,658051.725,1159433.971,-18.9,9,658051.754,1159433.198,10.48530800,76.44418800,0.332,-0.218,10.0,6.7,0.5,7.5,2047,1372,RTK FIXED
68.246,070420.40,10.48531400,76.44419100,10.48531402,76.44419100,658051.733,1159433.992,108.00,658051.728,1159433.980,-18.9,9,658051.754,1159433.198,10.48530800,76.44418800,0.332,-0.218,10.0,6.7,-0.5,8.1,2047,1372,RTK FIXED
68.300,070420.40,10.48531400,76.44419100,10.48531401,76.44419100,658051.733,1159433.992,108.00,658051.730,1159433.985,-18.9,9,658051.754,1159433.198,10.48530800,76.44418800,0.332,-0.218,10.0,6.7,0.0,8.3,2047,1372,RTK FIXED
68.346,070420.40,10.48531400,76.44419100,10.48531401,76.44419100,658051.733,1159433.992,108.00,658051.731,1159433.988,-18.9,9,658051.754,1159433.198,10.48530800,76.44418800,0.332,-0.218,10.0,6.7,0.5,8.0,2047,1372,RTK FIXED
68.399,070420.40,10.48531400,76.44419100,10.48531400,76.44419100,658051.733,1159433.992,108.00,658051.732,1159433.989,-18.9,9,658051.754,1159433.198,10.48530800,76.44418800,0.332,-0.218,10.0,6.7,-0.5,8.0,2047,1372,RTK FIXED
68.446,070420.40,10.48531400,76.44419100,10.48531400,76.44419100,658051.733,1159433.992,108.00,658051.732,1159433.991,-18.9,9,658051.754,1159433.198,10.48530800,76.44418800,0.332,-0.218,10.0,6.7,0.5,8.1,2047,1372,RTK FIXED
68.500,070420.60,10.48531400,76.44419100,10.48531400,76.44419100,658051.733,1159433.992,108.00,658051.733,1159433.991,-18.9,9,658051.754,1159433.198,10.48530800,76.44418800,0.332,-0.218,10.0,6.7,0.0,7.8,2047,1372,RTK FIXED
68.546,070420.60,10.48531400,76.44419100,10.48531400,76.44419100,658051.733,1159433.992,108.00,658051.733,1159433.992,-18.9,9,658051.754,1159433.198,10.48530800,76.44418800,0.332,-0.218,10.0,6.7,0.0,8.2,2047,1372,RTK FIXED
68.600,070420.60,10.48531400,76.44419100,10.48531400,76.44419100,658051.733,1159433.992,108.00,658051.733,1159433.992,-18.9,9,658051.754,1159433.198,10.48530800,76.44418800,0.332,-0.218,10.0,6.7,0.0,8.3,2047,1372,RTK FIXED
68.654,070420.60,10.48531400,76.44419100,10.48531400,76.44419100,658051.733,1159433.992,108.00,658051.733,1159433.992,-18.9,9,658051.754,1159433.198,10.48530800,76.44418800,0.332,-0.218,10.0,6.7,-0.5,8.3,2047,1372,RTK FIXED
68.701,070420.80,10.48531300,76.44419100,10.48531360,76.44419100,658051.733,1159433.882,108.00,658051.733,1159433.948,-18.9,9,658051.754,1159433.198,10.48530800,76.44418800,0.332,-0.218,10.0,6.7,0.5,8.1,2047,1372,RTK FIXED
68.755,070420.80,10.48531300,76.44419100,10.48531336,76.44419100,658051.733,1159433.882,108.00,658051.733,1159433.921,-18.9,9,658051.754,1159433.198,10.48530800,76.44418800,0.332,-0.218,0.0,0.0,0.0,8.3,1597,922,RTK FIXED
68.800,070420.80,10.48531300,76.44419100,10.48531322,76.44419100,658051.733,1159433.882,108.00,658051.733,1159433.905,-18.9,9,658051.754,1159433.198,10.48530800,76.44418800,0.332,-0.218,0.0,0.0,0.0,8.2,1147,472,RTK FIXED
68.854,070420.80,10.48531300,76.44419100,10.48531313,76.44419100,658051.733,1159433.882,108.00,658051.733,1159433.896,-18.9,9,658051.754,1159433.198,10.48530800,76.44418800,0.332,-0.218,0.0,0.0,-0.5,7.9,697,22,RTK FIXED
68.901,070421.00,10.48531300,76.44419100,10.48531308,76.44419100,658051.733,1159433.882,108.00,658051.733,1159433.890,-18.9,9,658051.754,1159433.198,10.48530800,76.44418800,0.332,-0.218,0.0,0.0,0.0,7.5,247,0,RTK FIXED
68.954,070421.00,10.48531300,76.44419100,10.48531305,76.44419100,658051.733,1159433.882,108.00,658051.733,1159433.887,-18.9,9,658051.754,1159433.198,10.48530800,76.44418800,0.332,-0.218,0.0,0.0,0.5,7.0,0,0,RTK FIXED
69.001,070421.00,10.48531300,76.44419100,10.48531303,76.44419100,658051.733,1159433.882,108.00,658051.733,1159433.885,-18.9,9,658051.754,1159433.198,10.48530800,76.44418800,0.332,-0.218,0.0,0.0,-0.5,6.5,0,0,RTK FIXED
69.055,070421.20,10.48531200,76.44419100,10.48531262,76.44419100,658051.734,1159433.771,108.00,658051.734,1159433.839,-37.2,9,658051.754,1159433.198,10.48530800,76.44418800,0.332,-0.218,0.0,0.0,0.0,5.9,0,0,RTK FIXED
69.100,070421.20,10.48531200,76.44419100,10.48531237,76.44419100,658051.734,1159433.771,108.00,658051.734,1159433.812,-37.2,9,658051.754,1159433.198,10.48530800,76.44418800,0.332,-0.218,0.0,0.0,0.0,5.6,0,0,RTK FIXED
69.155,070421.40,10.48531200,76.44419100,10.48531222,76.44419100,658051.792,1159433.874,108.00,658051.757,1159433.837,-37.2,9,658051.754,1159433.198,10.48530800,76.44418800,0.332,-0.218,0.0,0.0,0.5,5.1,0,0,RTK FIXED
69.208,070421.40,10.48531200,76.44419100,10.48531213,76.44419100,658051.792,1159433.874,108.00,658051.771,1159433.851,-37.2,9,658051.754,1159433.198,10.48530800,76.44418800,0.332,-0.218,0.0,0.0,0.0,4.6,0,0,RTK FIXED
69.255,070421.40,10.48531200,76.44419100,10.48531208,76.44419100,658051.792,1159433.874,108.00,658051.780,1159433.860,-37.2,9,658051.754,1159433.198,10.48530800,76.44418800,0.332,-0.218,0.0,0.0,0.0,3.8,0,0,RTK FIXED
69.308,070421.40,10.48531200,76.44419100,10.48531205,76.44419100,658051.792,1159433.874,108.00,658051.785,1159433.866,-37.2,9,658051.754,1159433.198,10.48530800,76.44418800,0.332,-0.218,0.0,0.0,-0.5,3.7,0,0,RTK FIXED
69.356,070421.60,10.48531200,76.44419100,10.48531203,76.44419100,658051.792,1159433.874,108.00,658051.788,1159433.869,-37.2,9,658051.754,1159433.198,10.48530800,76.44418800,0.332,-0.218,0.0,0.0,0.5,2.7,0,0,RTK FIXED
69.409,070421.60,10.48531200,76.44419100,10.48531202,76.44419100,658051.792,1159433.874,108.00,658051.789,1159433.871,-37.2,9,658051.754,1159433.198,10.48530800,76.44418800,0.332,-0.218,0.0,0.0,-0.5,2.3,0,0,RTK FIXED
69.455,070421.60,10.48531200,76.44419100,10.48531201,76.44419100,658051.792,1159433.874,108.00,658051.791,1159433.872,-37.2,9,658051.754,1159433.198,10.48530800,76.44418800,0.332,-0.218,0.0,0.0,0.0,2.2,0,0,RTK FIXED
69.509,070421.60,10.48531200,76.44419100,10.48531201,76.44419100,658051.792,1159433.874,108.00,658051.791,1159433.873,-37.2,9,658051.754,1159433.198,10.48530800,76.44418800,0.332,-0.218,0.0,0.0,0.5,1.4,0,0,RTK FIXED
69.563,070421.60,10.48531200,76.44419100,10.48531200,76.44419100,658051.792,1159433.874,108.00,658051.792,1159433.873,-37.2,9,658051.754,1159433.198,10.48530800,76.44418800,0.332,-0.218,0.0,0.0,-0.5,0.9,0,0,RTK FIXED
69.609,070421.60,10.48531200,76.44419100,10.48531200,76.44419100,658051.792,1159433.874,108.00,658051.792,1159433.873,-37.2,9,658051.754,1159433.198,10.48530800,76.44418800,0.332,-0.218,0.0,0.0,0.5,0.5,0,0,RTK FIXED
69.664,070421.80,10.48531200,76.44419100,10.48531200,76.44419100,658051.792,1159433.874,108.00,658051.792,1159433.873,-37.2,9,658051.754,1159433.198,10.48530800,76.44418800,0.332,-0.218,0.0,0.0,0.0,0.5,0,0,RTK FIXED
69.709,070421.80,10.48531200,76.44419100,10.48531200,76.44419100,658051.792,1159433.874,108.00,658051.792,1159433.874,-37.2,9,658051.754,1159433.198,10.48530800,76.44418800,0.332,-0.218,0.0,0.0,0.0,0.0,0,0,RTK FIXED
69.763,070421.80,10.48531200,76.44419100,10.48531200,76.44419100,658051.792,1159433.874,108.00,658051.792,1159433.874,-37.2,9,658051.754,1159433.198,10.48530800,76.44418800,0.332,-0.218,0.0,0.0,0.0,0.0,0,0,RTK FIXED
69.809,070421.80,10.48531200,76.44419100,10.48531200,76.44419100,658051.792,1159433.874,108.00,658051.792,1159433.874,-37.2,9,658051.754,1159433.198,10.48530800,76.44418800,0.332,-0.218,10.0,6.7,0.0,0.0,450,450,RTK FIXED
69.863,070422.00,10.48531200,76.44419100,10.48531200,76.44419100,658051.792,1159433.874,108.00,658051.792,1159433.874,-37.2,9,658051.754,1159433.198,10.48530800,76.44418800,0.332,-0.218,10.0,6.7,0.0,0.0,900,900,RTK FIXED
69.910,070422.00,10.48531200,76.44419100,10.48531200,76.44419100,658051.792,1159433.874,108.00,658051.792,1159433.874,-37.2,9,658051.754,1159433.198,10.48530800,76.44418800,0.332,-0.218,10.0,6.7,0.0,0.0,1350,1350,RTK FIXED
69.964,070422.20,10.48531200,76.44419100,10.48531200,76.44419100,658051.792,1159433.874,108.00,658051.792,1159433.874,-37.2,9,658051.754,1159433.198,10.48530800,76.44418800,0.332,-0.218,10.0,6.7,0.0,0.0,1800,1372,RTK FIXED
70.009,070422.20,10.48531200,76.44419100,10.48531200,76.44419100,658051.792,1159433.874,108.00,658051.792,1159433.874,-37.2,9,658051.754,1159433.198,10.48530800,76.44418800,0.332,-0.218,10.0,6.7,0.0,0.0,2047,1372,RTK FIXED
70.063,070422.20,10.48531200,76.44419100,10.48531200,76.44419100,658051.792,1159433.874,108.00,658051.792,1159433.874,-37.2,9,658051.754,1159433.198,10.48530800,76.44418800,0.332,-0.218,10.0,6.7,0.0,0.0,2047,1372,RTK FIXED
70.116,070422.20,10.48531200,76.44419100,10.48531200,76.44419100,658051.792,1159433.874,108.00,658051.792,1159433.874,-37.2,9,658051.754,1159433.198,10.48530800,76.44418800,0.332,-0.218,10.0,6.7,0.0,0.5,2047,1372,RTK FIXED
70.164,070422.40,10.48531200,76.44419100,10.48531200,76.44419100,658051.792,1159433.874,108.00,658051.792,1159433.874,-37.2,9,658051.754,1159433.198,10.48530800,76.44418800,0.332,-0.218,10.0,6.7,0.0,0.5,2047,1372,RTK FIXED
70.217,070422.40,10.48531200,76.44419100,10.48531200,76.44419100,658051.792,1159433.874,108.00,658051.792,1159433.874,-37.2,9,658051.754,1159433.198,10.48530800,76.44418800,0.332,-0.218,10.0,6.7,0.0,1.4,2047,1372,RTK FIXED
70.263,070422.40,10.48531200,76.44419100,10.48531200,76.44419100,658051.792,1159433.874,108.00,658051.792,1159433.874,-37.2,9,658051.754,1159433.198,10.48530800,76.44418800,0.332,-0.218,10.0,6.7,-0.5,2.2,2047,1372,RTK FIXED
70.318,070422.40,10.48531200,76.44419100,10.48531200,76.44419100,658051.792,1159433.874,108.00,658051.792,1159433.874,-37.2,9,658051.754,1159433.198,10.48530800,76.44418800,0.332,-0.218,10.0,6.7,0.5,2.3,2047,1372,RTK FIXED
70.363,070422.60,10.48531200,76.44419100,10.48531200,76.44419100,658051.792,1159433.874,108.00,658051.792,1159433.874,-37.2,9,658051.754,1159433.198,10.48530800,76.44418800,0.332,-0.218,10.0,6.7,0.0,2.7,2047,1372,RTK FIXED
70.418,070422.60,10.48531200,76.44419100,10.48531200,76.44419100,658051.792,1159433.874,108.00,658051.792,1159433.874,-37.2,9,658051.754,1159433.198,10.48530800,76.44418800,0.332,-0.218,10.0,6.7,0.0,2.8,2047,1372,RTK FIXED
70.464,070422.60,10.48531200,76.44419100,10.48531200,76.44419100,658051.792,1159433.874,108.00,658051.792,1159433.874,-37.2,9,658051.754,1159433.198,10.48530800,76.44418800,0.332,-0.218,10.0,6.7,-0.5,3.8,2047,1372,RTK FIXED
70.517,070422.60,10.48531200,76.44419100,10.48531200,76.44419100,658051.792,1159433.874,108.00,658051.792,1159433.874,-37.2,9,658051.754,1159433.198,10.48530800,76.44418800,0.332,-0.218,10.0,6.7,0.5,3.7,2047,1372,RTK FIXED
70.564,070422.60,10.48531200,76.44419100,10.48531200,76.44419100,658051.792,1159433.874,108.00,658051.792,1159433.874,-37.2,9,658051.754,1159433.198,10.48530800,76.44418800,0.332,-0.218,10.0,6.7,0.0,4.8,2047,1372,RTK FIXED
70.618,070422.60,10.48531200,76.44419100,10.48531200,76.44419100,658051.792,1159433.874,108.00,658051.792,1159433.874,-37.2,9,658051.754,1159433.198,10.48530800,76.44418800,0.332,-0.218,10.0,6.7,0.0,4.6,2047,1372,RTK FIXED
70.672,070422.80,10.48531200,76.44419100,10.48531200,76.44419100,658051.792,1159433.874,108.00,658051.792,1159433.874,-37.2,9,658051.754,1159433.198,10.48530800,76.44418800,0.332,-0.218,10.0,6.7,0.0,5.6,2047,1372,RTK FIXED
70.718,070422.80,10.48531200,76.44419100,10.48531200,76.44419100,658051.792,1159433.874,108.00,658051.792,1159433.874,-37.2,9,658051.754,1159433.198,10.48530800,76.44418800,0.332,-0.218,10.0,6.7,0.0,6.0,2047,1372,RTK FIXED
70.772,070422.80,10.48531200,76.44419100,10.48531200,76.44419100,658051.792,1159433.874,108.00,658051.792,1159433.874,-37.2,9,658051.754,1159433.198,10.48530800,76.44418800,0.332,-0.218,10.0,6.7,0.0,7.0,2047,1372,RTK FIXED
70.818,070422.80,10.48531200,76.44419100,10.48531200,76.44419100,658051.792,1159433.874,108.00,658051.792,1159433.874,-37.2,9,658051.754,1159433.198,10.48530800,76.44418800,0.332,-0.218,10.0,6.7,-0.5,7.1,2047,1372,RTK FIXED
70.872,070423.00,10.48531200,76.44419100,10.48531200,76.44419100,658051.792,1159433.874,108.00,658051.792,1159433.874,-37.2,9,658051.754,1159433.198,10.48530800,76.44418800,0.332,-0.218,10.0,6.7,0.5,7.3,2047,1372,RTK FIXED
70.918,070423.00,10.48531200,76.44419100,10.48531200,76.44419100,658051.792,1159433.874,108.00,658051.792,1159433.874,-37.2,9,658051.754,1159433.198,10.48530800,76.44418800,0.332,-0.218,10.0,6.7,0.0,8.2,2047,1372,RTK FIXED
70.972,070423.20,10.48531100,76.44419100,10.48531160,76.44419100,658051.793,1159433.763,108.00,658051.792,1159433.829,-37.2,9,658051.754,1159433.198,10.48530800,76.44418800,0.332,-0.218,10.0,6.7,0.0,8.3,2047,1372,RTK FIXED
71.018,070423.20,10.48531100,76.44419100,10.48531136,76.44419100,658051.793,1159433.763,108.00,658051.793,1159433.803,-37.2,9,658051.754,1159433.198,10.48530800,76.44418800,0.332,-0.218,10.0,6.7,-0.5,8.2,2047,1372,RTK FIXED
71.072,070423.20,10.48531100,76.44419100,10.48531122,76.44419100,658051.793,1159433.763,108.00,658051.793,1159433.787,-37.2,9,658051.754,1159433.198,10.48530800,76.44418800,0.332,-0.218,10.0,6.7,0.0,8.4,2047,1372,RTK FIXED
71.118,070423.20,10.48531100,76.44419100,10.48531113,76.44419100,658051.793,1159433.763,108.00,658051.793,1159433.777,-37.2,9,658051.754,1159433.198,10.48530800,76.44418800,0.332,-0.218,10.0,6.7,0.5,8.1,2047,1372,RTK FIXED
71.172,070423.40,10.48531100,76.44419100,10.48531108,76.44419100,658051.793,1159433.763,108.00,658051.793,1159433.772,-39.2,9,658051.754,1159433.198,10.48530800,76.44418800,0.332,-0.218,10.0,6.7,-0.5,8.3,2047,1372,RTK FIXED
71.218,070423.40,10.48531100,76.44419100,10.48531105,76.44419100,658051.793,1159433.763,108.00,658051.793,1159433.768,-39.2,9,658051.754,1159433.198,10.48530800,76.44418800,0.332,-0.218,10.0,6.7,0.6,8.3,2047,1372,RTK FIXED
71.271,070423.40,10.48531100,76.44419100,10.48531103,76.44419100,658051.793,1159433.763,108.00,658051.793,1159433.766,-39.2,9,658051.754,1159433.198,10.48530800,76.44418800,0.332,-0.218,10.0,6.7,-0.5,8.4,2047,1372,RTK FIXED
71.326,070423.40,10.48531100,76.44419100,10.48531102,76.44419100,658051.793,1159433.763,108.00,658051.793,1159433.765,-39.2,9,658051.754,1159433.198,10.48530800,76.44418800,0.332,-0.218,10.0,6.7,0.0,8.2,2047,1372,RTK FIXED
71.371,070423.40,10.48531100,76.44419100,10.48531101,76.44419100,658051.793,1159433.763,108.00,658051.793,1159433.764,-39.2,9,658051.754,1159433.198,10.48530800,76.44418800,0.332,-0.218,10.0,6.7,0.0,8.2,2047,1372,RTK FIXED
71.426,070423.40,10.48531100,76.44419100,10.48531101,76.44419100,658051.793,1159433.763,108.00,658051.793,1159433.764,-39.2,9,658051.754,1159433.198,10.48530800,76.44418800,0.332,-0.218,10.0,6.7,0.5,8.3,2047,1372,RTK FIXED
71.473,070423.60,10.48531100,76.44419100,10.48531100,76.44419100,658051.801,1159433.773,108.00,658051.796,1159433.767,-39.2,9,658051.754,1159433.198,10.48530800,76.44418800,0.332,-0.218,10.0,6.7,-0.5,7.9,2047,1372,RTK FIXED
71.526,070423.60,10.48531100,76.44419100,10.48531100,76.44419100,658051.801,1159433.773,108.00,658051.798,1159433.770,-39.2,9,658051.754,1159433.198,10.48530800,76.44418800,0.332,-0.218,10.0,6.7,0.0,8.4,2047,1372,RTK FIXED
71.572,070423.60,10.48531100,76.44419100,10.48531100,76.44419100,658051.801,1159433.773,108.00,658051.799,1159433.771,-39.2,9,658051.754,1159433.198,10.48530800,76.44418800,0.332,-0.218,10.0,6.7,0.0,7.7,2047,1372,RTK FIXED
71.626,070423.60,10.48531100,76.44419100,10.48531100,76.44419100,658051.801,1159433.773,108.00,658051.800,1159433.772,-39.2,9,658051.754,1159433.198,10.48530800,76.44418800,0.332,-0.218,10.0,6.7,0.0,8.2,2047,1372,RTK FIXED
71.673,070423.80,10.48531000,76.44419100,10.48531060,76.44419100,658051.801,1159433.662,108.00,658051.800,1159433.728,-39.2,9,658051.754,1159433.198,10.48530800,76.44418800,0.332,-0.218,10.0,6.7,0.5,8.1,2047,1372,RTK FIXED
71.726,070423.80,10.48531000,76.44419100,10.48531036,76.44419100,658051.801,1159433.662,108.00,658051.801,1159433.702,-39.2,9,658051.754,1159433.198,10.48530800,76.44418800,0.332,-0.218,10.0,6.7,-0.5,8.0,2047,1372,RTK FIXED
71.772,070423.80,10.48531000,76.44419100,10.48531022,76.44419100,658051.801,1159433.662,108.00,658051.801,1159433.686,-39.2,9,658051.754,1159433.198,10.48530800,76.44418800,0.332,-0.218,10.0,6.7,0.0,7.6,2047,1372,RTK FIXED
71.827,070423.80,10.48531000,76.44419100,10.48531013,76.44419100,658051.801,1159433.662,108.00,658051.801,1159433.676,-39.2,9,658051.754,1159433.198,10.48530800,76.44418800,0.332,-0.218,10.0,6.7,0.0,8.3,2047,1372,RTK FIXED
71.881,070424.00,10.48531000,76.44419100,10.48531008,76.44419100,658051.801,1159433.662,108.00,658051.801,1159433.671,-53.2,9,658051.754,1159433.198,10.48530800,76.44418800,0.332,-0.217,10.0,6.7,0.0,7.8,2047,1377,RTK FIXED
71.927,070424.00,10.48531000,76.44419100,10.48531005,76.44419100,658051.801,1159433.662,108.00,658051.801,1159433.667,-53.2,9,658051.754,1159433.198,10.48530800,76.44418800,0.332,-0.217,10.0,6.7,0.0,7.6,2047,1377,RTK FIXED
71.981,070424.00,10.48531000,76.44419100,10.48531003,76.44419100,658051.801,1159433.662,108.00,658051.801,1159433.665,-53.2,9,658051.754,1159433.198,10.48530800,76.44418800,0.332,-0.217,10.0,6.7,0.0,7.9,2047,1377,RTK FIXED
72.026,070424.00,10.48531000,76.44419100,10.48531002,76.44419100,658051.801,1159433.662,108.00,658051.801,1159433.664,-53.2,9,658051.754,1159433.198,10.48530800,76.44418800,0.332,-0.217,10.0,6.7,0.0,7.7,2047,1377,RTK FIXED
72.081,070424.20,10.48531000,76.44419100,10.48531001,76.44419100,658051.868,1159433.723,108.00,658051.828,1159433.688,-53.2,9,658051.754,1159433.198,10.48530800,76.44418800,0.332,-0.218,10.0,6.7,0.0,7.7,2047,1373,RTK FIXED
72.128,070424.20,10.48531000,76.44419100,10.48531001,76.44419100,658051.868,1159433.723,108.00,658051.844,1159433.702,-53.2,9,658051.754,1159433.198,10.48530800,76.44418800,0.332,-0.218,10.0,6.7,0.5,8.2,2047,1373,RTK FIXED
72.181,070424.40,10.48531000,76.44419100,10.48531000,76.44419100,658051.868,1159433.723,108.00,658051.854,1159433.710,-53.2,9,658051.754,1159433.198,10.48530800,76.44418800,0.332,-0.218,10.0,6.7,-0.5,7.3,2047,1372,RTK FIXED
72.227,070424.40,10.48531000,76.44419100,10.48531000,76.44419100,658051.868,1159433.723,108.00,658051.859,1159433.715,-53.2,9,658051.754,1159433.198,10.48530800,76.44418800,0.332,-0.218,10.0,6.7,0.5,7.7,2047,1372,RTK FIXED
72.282,070424.40,10.48531000,76.44419100,10.48531000,76.44419100,658051.868,1159433.723,108.00,658051.863,1159433.718,-53.2,9,658051.754,1159433.198,10.48530800,76.44418800,0.332,-0.218,10.0,6.7,0.0,7.4,2047,1372,RTK FIXED
72.327,070424.40,10.48531000,76.44419100,10.48531000,76.44419100,658051.868,1159433.723,108.00,658051.865,1159433.720,-53.2,9,658051.754,1159433.198,10.48530800,76.44418800,0.332,-0.218,10.0,6.7,0.0,7.1,2047,1372,RTK FIXED
72.381,070424.60,10.48530900,76.44419100,10.48530960,76.44419100,658051.868,1159433.612,108.00,658051.866,1159433.677,-53.2,9,658051.754,1159433.198,10.48530800,76.44418800,0.332,-0.218,10.0,6.7,0.0,7.3,2047,1372,RTK FIXED
72.434,070424.60,10.48530900,76.44419100,10.48530936,76.44419100,658051.868,1159433.612,108.00,658051.867,1159433.651,-53.2,9,658051.754,1159433.198,10.48530800,76.44418800,0.332,-0.218,10.0,6.7,-0.5,7.6,2047,1372,RTK FIXED
72.482,070424.60,10.48530900,76.44419100,10.48530922,76.44419100,658051.868,1159433.612,108.00,658051.868,1159433.636,-53.2,9,658051.754,1159433.198,10.48530800,76.44418800,0.332,-0.218,10.0,6.7,0.5,7.4,2047,1372,RTK FIXED
72.534,070424.60,10.48530900,76.44419100,10.48530913,76.44419100,658051.868,1159433.612,108.00,658051.868,1159433.626,-53.2,9,658051.754,1159433.198,10.48530800,76.44418800,0.332,-0.218,10.0,6.7,-0.5,7.5,2047,1372,RTK FIXED
72.581,070424.60,10.48530900,76.44419100,10.48530908,76.44419100,658051.868,1159433.612,108.00,658051.868,1159433.621,-53.2,9,658051.754,1159433.198,10.48530800,76.44418800,0.332,-0.218,10.0,6.7,0.5,7.5,2047,1372,RTK FIXED
72.636,070424.60,10.48530900,76.44419100,10.48530905,76.44419100,658051.868,1159433.612,108.00,658051.868,1159433.617,-53.2,9,658051.754,1159433.198,10.48530800,76.44418800,0.332,-0.218,10.0,6.7,-0.5,8.2,2047,1372,RTK FIXED
72.682,070424.80,10.48530900,76.44419000,10.48530903,76.44419060,658051.759,1159433.612,108.00,658051.825,1159433.615,-53.2,9,658051.754,1159433.198,10.48530800,76.44418800,0.334,-0.209,10.0,6.8,0.5,7.6,2047,1400,RTK FIXED
72.735,070424.80,10.48530900,76.44419000,10.48530902,76.44419036,658051.759,1159433.612,108.00,658051.798,1159433.614,-53.2,9,658051.754,1159433.198,10.48530800,76.44418800,0.334,-0.209,10.0,6.8,-0.5,7.5,2047,1400,RTK FIXED
72.781,070424.80,10.48530900,76.44419000,10.48530901,76.44419022,658051.759,1159433.612,108.00,658051.783,1159433.613,-53.2,9,658051.754,1159433.198,10.48530800,76.44418800,0.334,-0.209,10.0,6.8,0.0,7.6,2047,1400,RTK FIXED
72.835,070424.80,10.48530900,76.44419000,10.48530901,76.44419013,658051.759,1159433.612,108.00,658051.773,1159433.612,-53.2,9,658051.754,1159433.198,10.48530800,76.44418800,0.334,-0.209,10.0,6.8,0.0,7.8,2047,1400,RTK FIXED
72.882,070425.00,10.48530900,76.44419000,10.48530900,76.44419008,658051.759,1159433.612,108.00,658051.767,1159433.612,-53.2,9,658051.754,1159433.198,10.48530800,76.44418800,0.325,-0.195,10.0,7.0,0.5,7.5,2047,1423,RTK FIXED
72.936,070425.00,10.48530900,76.44419000,10.48530900,76.44419005,658051.759,1159433.612,108.00,658051.764,1159433.612,-53.2,9,658051.754,1159433.198,10.48530800,76.44418800,0.325,-0.195,10.0,7.0,0.0,7.8,2047,1423,RTK FIXED
72.990,070425.20,10.48530900,76.44419000,10.48530900,76.44419003,658051.759,1159433.612,108.00,658051.762,1159433.612,-68.3,9,658051.754,1159433.198,10.48530800,76.44418800,0.341,-0.079,10.0,8.7,-0.5,8.4,2047,1780,RTK FIXED
73.036,070425.20,10.48530900,76.44419000,10.48530900,76.44419002,658051.759,1159433.612,108.00,658051.761,1159433.612,-68.3,9,658051.754,1159433.198,10.48530800,76.44418800,0.341,-0.079,10.0,8.7,0.5,7.6,2047,1780,RTK FIXED
73.089,070425.20,10.48530900,76.44419000,10.48530900,76.44419001,658051.759,1159433.612,108.00,658051.760,1159433.612,-68.3,9,658051.754,1159433.198,10.48530800,76.44418800,0.341,-0.079,10.0,8.7,-0.5,8.5,2047,1780,RTK FIXED
73.135,070425.20,10.48530900,76.44419000,10.48530900,76.44419001,658051.759,1159433.612,108.00,658051.760,1159433.612,-68.3,9,658051.754,1159433.198,10.48530800,76.44418800,0.341,-0.079,10.0,8.7,0.5,9.1,2047,1780,RTK FIXED
73.192,070425.40,10.48530800,76.44419000,10.48530860,76.44419000,658051.846,1159433.546,108.00,658051.794,1159433.586,-68.3,10,658052.306,1159432.316,10.48530000,76.44419300,0.366,-0.026,10.0,9.6,-0.4,8.8,2047,1963,RTK FIXED
73.236,070425.40,10.48530800,76.44419000,10.48530836,76.44419000,658051.846,1159433.546,108.00,658051.815,1159433.570,-68.3,10,658052.306,1159432.316,10.48530000,76.44419300,0.366,-0.026,10.0,9.6,0.0,11.5,2047,1963,RTK FIXED
73.291,070425.40,10.48530800,76.44419000,10.48530822,76.44419000,658051.846,1159433.546,108.00,658051.827,1159433.561,-68.3,10,658052.306,1159432.316,10.48530000,76.44419300,0.366,-0.026,10.0,9.6,0.0,13.2,2047,1963,RTK FIXED
73.336,070425.40,10.48530800,76.44419000,10.48530813,76.44419000,658051.846,1159433.546,108.00,658051.834,1159433.555,-68.3,10,658052.306,1159432.316,10.48530000,76.44419300,0.366,-0.026,10.0,9.6,0.0,13.2,2047,1963,RTK FIXED
73.390,070425.40,10.48530800,76.44419000,10.48530808,76.44419000,658051.846,1159433.546,108.00,658051.839,1159433.552,-68.3,10,658052.306,1159432.316,10.48530000,76.44419300,0.366,-0.026,10.0,9.6,0.5,14.3,2047,1963,RTK FIXED
73.436,070425.40,10.48530800,76.44419000,10.48530805,76.44419000,658051.846,1159433.546,108.00,658051.842,1159433.549,-68.3,10,658052.306,1159432.316,10.48530000,76.44419300,0.366,-0.026,10.0,9.6,-0.5,15.8,2047,1963,RTK FIXED
73.490,070425.60,10.48530800,76.44419000,10.48530803,76.44419000,658051.846,1159433.546,108.00,658051.843,1159433.548,-68.3,10,658052.306,1159432.316,10.48530000,76.44419300,0.366,-0.018,10.0,9.7,0.5,15.6,2047,1987,RTK FIXED
73.535,070425.60,10.48530800,76.44419000,10.48530802,76.44419000,658051.846,1159433.546,108.00,658051.844,1159433.548,-68.3,10,658052.306,1159432.316,10.48530000,76.44419300,0.366,-0.018,10.0,9.7,-0.6,16.0,2047,1987,RTK FIXED
73.590,070425.60,10.48530800,76.44419000,10.48530801,76.44419000,658051.846,1159433.546,108.00,658051.845,1159433.547,-68.3,10,658052.306,1159432.316,10.48530000,76.44419300,0.366,-0.018,10.0,9.7,0.5,16.9,2047,1987,RTK FIXED
73.644,070425.60,10.48530800,76.44419000,10.48530801,76.44419000,658051.846,1159433.546,108.00,658051.845,1159433.547,-68.3,10,658052.306,1159432.316,10.48530000,76.44419300,0.366,-0.018,10.0,9.7,-0.5,16.3,2047,1987,RTK FIXED
73.690,070425.80,10.48530800,76.44418900,10.48530800,76.44418960,658051.736,1159433.546,108.00,658051.802,1159433.546,-68.3,10,658052.306,1159432.316,10.48530000,76.44419300,0.366,-0.004,10.0,9.9,0.0,16.6,2047,2035,RTK FIXED
73.744,070425.80,10.48530800,76.44418900,10.48530800,76.44418936,658051.736,1159433.546,108.00,658051.775,1159433.546,-68.3,10,658052.306,1159432.316,10.48530000,76.44419300,0.366,-0.004,10.0,9.9,0.0,16.8,2047,2035,RTK FIXED
73.790,070425.80,10.48530800,76.44418900,10.48530800,76.44418922,658051.736,1159433.546,108.00,658051.760,1159433.546,-68.3,10,658052.306,1159432.316,10.48530000,76.44419300,0.366,-0.004,10.0,9.9,0.5,17.5,2047,2035,RTK FIXED
73.844,070425.80,10.48530800,76.44418900,10.48530800,76.44418913,658051.736,1159433.546,108.00,658051.750,1159433.546,-68.3,10,658052.306,1159432.316,10.48530000,76.44419300,0.366,-0.004,10.0,9.9,-0.5,17.0,2047,2035,RTK FIXED
73.891,070426.00,10.48530700,76.44418900,10.48530760,76.44418908,658051.737,1159433.435,108.00,658051.745,1159433.502,-76.6,10,658052.306,1159432.316,10.48530000,76.44419300,0.362,0.055,9.1,10.0,0.0,17.6,1870,2047,RTK FIXED
73.944,070426.00,10.48530700,76.44418900,10.48530736,76.44418905,658051.737,1159433.435,108.00,658051.742,1159433.475,-76.6,10,658052.306,1159432.316,10.48530000,76.44419300,0.362,0.055,9.1,10.0,0.0,17.8,1870,2047,RTK FIXED
73.991,070426.20,10.48530700,76.44418900,10.48530722,76.44418903,658051.789,1159433.450,108.00,658051.760,1159433.465,-76.6,10,658052.306,1159432.316,10.48530000,76.44419300,0.362,0.067,9.0,10.0,0.0,17.7,1832,2047,RTK FIXED
74.044,070426.20,10.48530700,76.44418900,10.48530713,76.44418902,658051.789,1159433.450,108.00,658051.772,1159433.459,-76.6,10,658052.306,1159432.316,10.48530000,76.44419300,0.362,0.067,9.0,10.0,0.5,18.3,1832,2047,RTK FIXED
74.098,070426.20,10.48530700,76.44418900,10.48530708,76.44418901,658051.789,1159433.450,108.00,658051.778,1159433.456,-76.6,10,658052.306,1159432.316,10.48530000,76.44419300,0.362,0.067,9.0,10.0,-0.5,18.1,1832,2047,RTK FIXED
74.144,070426.20,10.48530700,76.44418900,10.48530705,76.44418901,658051.789,1159433.450,108.00,658051.782,1159433.453,-76.6,10,658052.306,1159432.316,10.48530000,76.44419300,0.362,0.067,9.0,10.0,0.5,17.4,1832,2047,RTK FIXED
74.199,070426.40,10.48530700,76.44418900,10.48530703,76.44418900,658051.789,1159433.450,108.00,658051.785,1159433.452,-76.6,10,658052.306,1159432.316,10.48530000,76.44419300,0.362,0.070,8.9,10.0,-0.5,17.9,1823,2047,RTK FIXED
74.245,070426.40,10.48530700,76.44418900,10.48530702,76.44418900,658051.789,1159433.450,108.00,658051.786,1159433.451,-76.6,10,658052.306,1159432.316,10.48530000,76.44419300,0.362,0.070,8.9,10.0,0.5,17.9,1823,2047,RTK FIXED
74.298,070426.40,10.48530700,76.44418900,10.48530701,76.44418900,658051.789,1159433.450,108.00,658051.787,1159433.451,-76.6,10,658052.306,1159432.316,10.48530000,76.44419300,0.362,0.070,8.9,10.0,-0.5,18.0,1823,2047,RTK FIXED
74.344,070426.40,10.48530700,76.44418900,10.48530701,76.44418900,658051.789,1159433.450,108.00,658051.788,1159433.451,-76.6,10,658052.306,1159432.316,10.48530000,76.44419300,0.362,0.070,8.9,10.0,0.0,17.9,1823,2047,RTK FIXED
74.399,070426.40,10.48530700,76.44418900,10.48530700,76.44418900,658051.789,1159433.450,108.00,658051.788,1159433.450,-76.6,10,658052.306,1159432.316,10.48530000,76.44419300,0.362,0.070,8.9,10.0,0.0,17.7,1823,2047,RTK FIXED
74.444,070426.40,10.48530700,76.44418900,10.48530700,76.44418900,658051.789,1159433.450,108.00,658051.788,1159433.450,-76.6,10,658052.306,1159432.316,10.48530000,76.44419300,0.362,0.070,8.9,10.0,0.0,17.8,1823,2047,RTK FIXED
74.499,070426.60,10.48530600,76.44418900,10.48530660,76.44418900,658051.789,1159433.340,108.00,658051.789,1159433.406,-77.5,10,658052.306,1159432.316,10.48530000,76.44419300,0.360,0.084,8.7,10.0,0.5,18.2,1780,2047,RTK FIXED
74.544,070426.60,10.48530600,76.44418900,10.48530636,76.44418900,658051.789,1159433.340,108.00,658051.789,1159433.379,-77.5,10,658052.306,1159432.316,10.48530000,76.44419300,0.360,0.084,8.7,10.0,-0.6,18.2,1780,2047,RTK FIXED
74.598,070426.60,10.48530600,76.44418900,10.48530622,76.44418900,658051.789,1159433.340,108.00,658051.789,1159433.364,-77.5,10,658052.306,1159432.316,10.48530000,76.44419300,0.360,0.084,8.7,10.0,0.5,18.1,1780,2047,RTK FIXED
74.644,070426.60,10.48530600,76.44418900,10.48530613,76.44418900,658051.789,1159433.340,108.00,658051.789,1159433.354,-77.5,10,658052.306,1159432.316,10.48530000,76.44419300,0.360,0.084,8.7,10.0,-0.5,18.3,1780,2047,RTK FIXED
74.699,070426.80,10.48530600,76.44418900,10.48530608,76.44418900,658051.795,1159433.341,108.00,658051.791,1159433.349,-77.5,10,658052.306,1159432.316,10.48530000,76.44419300,0.360,0.090,8.6,10.0,0.5,18.2,1760,2047,RTK FIXED
74.752,070426.80,10.48530600,76.44418900,10.48530605,76.44418900,658051.795,1159433.341,108.00,658051.793,1159433.346,-77.5,10,658052.306,1159432.316,10.48530000,76.44419300,0.360,0.090,8.6,10.0,0.0,18.0,1760,2047,RTK FIXED
74.799,070426.80,10.48530600,76.44418900,10.48530603,76.44418900,658051.795,1159433.341,108.00,658051.794,1159433.344,-77.5,10,658052.306,1159432.316,10.48530000,76.44419300,0.360,0.090,8.6,10.0,0.0,18.7,1760,2047,RTK FIXED
74.852,070426.80,10.48530600,76.44418900,10.48530602,76.44418900,658051.795,1159433.341,108.00,658051.794,1159433.342,-77.5,10,658052.306,1159432.316,10.48530000,76.44419300,0.360,0.090,8.6,10.0,0.0,18.3,1760,2047,RTK FIXED
74.899,070427.00,10.48530600,76.44418800,10.48530601,76.44418860,658051.685,1159433.340,108.00,658051.751,1159433.342,-77.5,10,658052.306,1159432.316,10.48530000,76.44419300,0.356,0.111,8.3,10.0,-0.5,18.4,1698,2047,RTK FIXED
74.953,070427.00,10.48530600,76.44418800,10.48530601,76.44418836,658051.685,1159433.340,108.00,658051.724,1159433.341,-77.5,10,658052.306,1159432.316,10.48530000,76.44419300,0.356,0.111,8.3,10.0,0.0,18.3,1698,2047,RTK FIXED
74.999,070427.20,10.48530500,76.44418800,10.48530560,76.44418822,658051.686,1159433.230,108.00,658051.709,1159433.297,-90.3,10,658052.306,1159432.316,10.48530000,76.44419300,0.332,0.197,7.0,10.0,0.5,18.2,1429,2047,RTK FIXED
75.053,070427.20,10.48530500,76.44418800,10.48530536,76.44418813,658051.686,1159433.230,108.00,658051.700,1159433.270,-90.3,10,658052.306,1159432.316,10.48530000,76.44419300,0.332,0.197,7.0,10.0,-0.5,18.3,1429,2047,RTK FIXED
75.098,070427.20,10.48530500,76.44418800,10.48530522,76.44418808,658051.686,1159433.230,108.00,658051.694,1159433.254,-90.3,10,658052.306,1159432.316,10.48530000,76.44419300,0.332,0.197,7.0,10.0,0.5,18.1,1429,2047,RTK FIXED
75.154,070427.40,10.48530500,76.44418800,10.48530513,76.44418805,658051.768,1159433.236,108.00,658051.724,1159433.247,-90.3,10,658052.306,1159432.316,10.48530000,76.44419300,0.332,0.214,6.8,10.0,0.0,18.1,1383,2047,RTK FIXED
75.199,070427.40,10.48530500,76.44418800,10.48530508,76.44418803,658051.768,1159433.236,108.00,658051.741,1159433.243,-90.3,10,658052.306,1159432.316,10.48530000,76.44419300,0.332,0.214,6.8,10.0,-0.6,18.3,1383,2047,RTK FIXED
75.253,070427.40,10.48530500,76.44418800,10.48530505,76.44418802,658051.768,1159433.236,108.00,658051.752,1159433.240,-90.3,10,658052.306,1159432.316,10.48530000,76.44419300,0.332,0.214,6.8,10.0,0.0,18.0,1383,2047,RTK FIXED
75.307,070427.40,10.48530500,76.44418800,10.48530503,76.44418801,658051.768,1159433.236,108.00,658051.758,1159433.238,-90.3,10,658052.306,1159432.316,10.48530000,76.44419300,0.332,0.214,6.8,10.0,0.0,18.1,1383,2047,RTK FIXED
75.354,070427.40,10.48530500,76.44418800,10.48530502,76.44418801,658051.768,1159433.236,108.00,658051.762,1159433.238,-90.3,10,658052.306,1159432.316,10.48530000,76.44419300,0.332,0.214,6.8,10.0,0.0,17.6,1383,2047,RTK FIXED
75.407,070427.60,10.48530500,76.44418800,10.48530501,76.44418800,658051.768,1159433.236,108.00,658051.764,1159433.237,-90.3,10,658052.306,1159432.316,10.48530000,76.44419300,0.332,0.217,6.7,10.0,0.5,17.7,1374,2047,RTK FIXED
75.453,070427.60,10.48530500,76.44418800,10.48530501,76.44418800,658051.768,1159433.236,108.00,658051.766,1159433.237,-90.3,10,658052.306,1159432.316,10.48530000,76.44419300,0.332,0.217,6.7,10.0,-0.5,17.6,1374,2047,RTK FIXED
75.506,070427.60,10.48530500,76.44418800,10.48530500,76.44418800,658051.768,1159433.236,108.00,658051.767,1159433.236,-90.3,10,658052.306,1159432.316,10.48530000,76.44419300,0.332,0.217,6.7,10.0,0.5,18.2,1374,2047,RTK FIXED
75.553,070427.60,10.48530500,76.44418800,10.48530500,76.44418800,658051.768,1159433.236,108.00,658051.767,1159433.236,-90.3,10,658052.306,1159432.316,10.48530000,76.44419300,0.332,0.217,6.7,10.0,-0.5,17.7,1374,2047,RTK FIXED
75.607,070427.60,10.48530500,76.44418800,10.48530500,76.44418800,658051.768,1159433.236,108.00,658051.767,1159433.236,-90.3,10,658052.306,1159432.316,10.48530000,76.44419300,0.332,0.217,6.7,10.0,0.5,17.8,1374,2047,RTK FIXED
75.654,070427.80,10.48530400,76.44418800,10.48530460,76.44418800,658051.768,1159433.126,108.00,658051.768,1159433.192,-84.6,10,658052.306,1159432.316,10.48530000,76.44419300,0.332,0.216,6.7,10.0,-0.5,17.2,1378,2047,RTK FIXED
75.707,070427.80,10.48530400,76.44418800,10.48530436,76.44418800,658051.768,1159433.126,108.00,658051.768,1159433.165,-84.6,10,658052.306,1159432.316,10.48530000,76.44419300,0.332,0.216,6.7,10.0,0.5,17.5,1378,2047,RTK FIXED
75.753,070427.80,10.48530400,76.44418800,10.48530422,76.44418800,658051.768,1159433.126,108.00,658051.768,1159433.150,-84.6,10,658052.306,1159432.316,10.48530000,76.44419300,0.332,0.216,6.7,10.0,0.0,17.5,1378,2047,RTK FIXED
75.807,070427.80,10.48530400,76.44418800,10.48530413,76.44418800,658051.768,1159433.126,108.00,658051.768,1159433.140,-84.6,10,658052.306,1159432.316,10.48530000,76.44419300,0.332,0.216,6.7,10.0,0.0,17.9,1378,2047,RTK FIXED
75.862,070428.00,10.48530400,76.44418800,10.48530408,76.44418800,658051.731,1159433.125,108.00,658051.753,1159433.134,-84.6,10,658052.306,1159432.316,10.48530000,76.44419300,0.332,0.218,6.7,10.0,-0.5,17.4,1373,2047,RTK FIXED
75.907,070428.00,10.48530400,76.44418800,10.48530405,76.44418800,658051.731,1159433.125,108.00,658051.745,1159433.130,-84.6,10,658052.306,1159432.316,10.48530000,76.44419300,0.332,0.218,6.7,10.0,0.0,17.5,1373,2047,RTK FIXED
75.962,070428.20,10.48530400,76.44418900,10.48530403,76.44418840,658051.841,1159433.125,108.00,658051.783,1159433.128,-84.6,10,658052.306,1159432.316,10.48530000,76.44419300,0.332,0.218,6.7,10.0,0.5,17.9,1372,2047,RTK FIXED
76.007,070428.20,10.48530400,76.44418900,10.48530402,76.44418864,658051.841,1159433.125,108.00,658051.806,1159433.127,-84.6,10,658052.306,1159432.316,10.48530000,76.44419300,0.332,0.218,6.7,10.0,-0.5,17.0,1372,2047,RTK FIXED
76.062,070428.20,10.48530400,76.44418900,10.48530401,76.44418878,658051.841,1159433.125,108.00,658051.820,1159433.126,-84.6,10,658052.306,1159432.316,10.48530000,76.44419300,0.332,0.218,6.7,10.0,0.5,18.0,1372,2047,RTK FIXED
76.107,070428.20,10.48530400,76.44418900,10.48530401,76.44418887,658051.841,1159433.125,108.00,658051.828,1159433.126,-84.6,10,658052.306,1159432.316,10.48530000,76.44419300,0.332,0.218,6.7,10.0,-0.5,17.4,1372,2047,RTK FIXED
76.162,070428.40,10.48530400,76.44418900,10.48530400,76.44418892,658051.841,1159433.125,108.00,658051.833,1159433.126,-75.1,10,658052.306,1159432.316,10.48530000,76.44419300,0.354,0.147,7.8,10.0,0.5,17.0,1593,2047,RTK FIXED
76.208,070428.40,10.48530400,76.44418900,10.48530400,76.44418895,658051.841,1159433.125,108.00,658051.836,1159433.126,-75.1,10,658052.306,1159432.316,10.48530000,76.44419300,0.354,0.147,7.8,10.0,-0.5,17.5,1593,2047,RTK FIXED
76.262,070428.40,10.48530400,76.44418900,10.48530400,76.44418897,658051.841,1159433.125,108.00,658051.838,1159433.126,-75.1,10,658052.306,1159432.316,10.48530000,76.44419300,0.354,0.147,7.8,10.0,0.0,17.5,1593,2047,RTK FIXED
76.308,070428.40,10.48530400,76.44418900,10.48530400,76.44418898,658051.841,1159433.125,108.00,658051.839,1159433.126,-75.1,10,658052.306,1159432.316,10.48530000,76.44419300,0.354,0.147,7.8,10.0,0.5,17.5,1593,2047,RTK FIXED
76.362,070428.40,10.48530400,76.44418900,10.48530400,76.44418899,658051.841,1159433.125,108.00,658051.840,1159433.125,-75.1,10,658052.306,1159432.316,10.48530000,76.44419300,0.354,0.147,7.8,10.0,-0.5,17.4,1593,2047,RTK FIXED
76.416,070428.40,10.48530400,76.44418900,10.48530400,76.44418899,658051.841,1159433.125,108.00,658051.840,1159433.125,-75.1,10,658052.306,1159432.316,10.48530000,76.44419300,0.354,0.147,7.8,10.0,0.0,17.7,1593,2047,RTK FIXED
76.462,070428.60,10.48530300,76.44418900,10.48530360,76.44418900,658051.781,1159433.006,108.00,658051.817,1159433.078,-75.1,10,658052.306,1159432.316,10.48530000,76.44419300,0.349,0.152,7.7,10.0,0.0,17.7,1574,2047,RTK FIXED
76.516,070428.60,10.48530300,76.44418900,10.48530336,76.44418900,658051.781,1159433.006,108.00,658051.802,1159433.049,-75.1,10,658052.306,1159432.316,10.48530000,76.44419300,0.349,0.152,7.7,10.0,0.5,17.3,1574,2047,RTK FIXED
76.562,070428.60,10.48530300,76.44418900,10.48530322,76.44418900,658051.781,1159433.006,108.00,658051.794,1159433.032,-75.1,10,658052.306,1159432.316,10.48530000,76.44419300,0.349,0.152,7.7,10.0,-0.5,18.0,1574,2047,RTK FIXED
76.616,070428.60,10.48530300,76.44418900,10.48530313,76.44418900,658051.781,1159433.006,108.00,658051.789,1159433.021,-75.1,10,658052.306,1159432.316,10.48530000,76.44419300,0.349,0.152,7.7,10.0,0.5,17.6,1574,2047,RTK FIXED
76.663,070428.80,10.48530300,76.44418900,10.48530308,76.44418900,658051.781,1159433.006,108.00,658051.786,1159433.015,-82.8,10,658052.306,1159432.316,10.48530000,76.44419300,0.332,0.205,6.9,10.0,0.0,17.5,1407,2047,RTK FIXED
76.716,070428.80,10.48530300,76.44418900,10.48530305,76.44418900,658051.781,1159433.006,108.00,658051.784,1159433.011,-82.8,10,658052.306,1159432.316,10.48530000,76.44419300,0.332,0.205,6.9,10.0,0.0,17.8,1407,2047,RTK FIXED
76.762,070428.80,10.48530300,76.44418900,10.48530303,76.44418900,658051.781,1159433.006,108.00,658051.783,1159433.009,-82.8,10,658052.306,1159432.316,10.48530000,76.44419300,0.332,0.205,6.9,10.0,0.0,18.5,1407,2047,RTK FIXED
76.816,070428.80,10.48530300,76.44418900,10.48530302,76.44418900,658051.781,1159433.006,108.00,658051.782,1159433.008,-82.8,10,658052.306,1159432.316,10.48530000,76.44419300,0.332,0.205,6.9,10.0,-0.5,17.9,1407,2047,RTK FIXED
76.863,070429.00,10.48530300,76.44418900,10.48530301,76.44418900,658051.830,1159433.014,108.00,658051.801,1159433.010,-82.8,10,658052.306,1159432.316,10.48530000,76.44419300,0.332,0.216,6.7,10.0,0.0,17.9,1379,2047,RTK FIXED
76.916,070429.00,10.48530300,76.44418900,10.48530301,76.44418900,658051.830,1159433.014,108.00,658051.813,1159433.012,-82.8,10,658052.306,1159432.316,10.48530000,76.44419300,0.332,0.216,6.7,10.0,0.0,17.4,1379,2047,RTK FIXED
76.970,070429.00,10.48530300,76.44418900,10.48530300,76.44418900,658051.830,1159433.014,108.00,658051.820,1159433.013,-82.8,10,658052.306,1159432.316,10.48530000,76.44419300,0.332,0.216,6.7,10.0,0.0,18.0,1379,2047,RTK FIXED
77.015,070429.00,10.48530300,76.44418900,10.48530300,76.44418900,658051.830,1159433.014,108.00,658051.824,1159433.013,-82.8,10,658052.306,1159432.316,10.48530000,76.44419300,0.332,0.216,6.7,10.0,0.0,17.1,1379,2047,RTK FIXED
77.071,070429.20,10.48530200,76.44419000,10.48530260,76.44418940,658051.940,1159432.904,108.00,658051.870,1159432.969,-71.6,10,658052.306,1159432.316,10.48530000,76.44419300,0.355,0.142,7.9,10.0,0.5,17.7,1609,2047,RTK FIXED
77.116,070429.20,10.48530200,76.44419000,10.48530236,76.44418964,658051.940,1159432.904,108.00,658051.898,1159432.943,-71.6,10,658052.306,1159432.316,10.48530000,76.44419300,0.355,0.142,7.9,10.0,0.0,18.1,1609,2047,RTK FIXED
77.170,070429.20,10.48530200,76.44419000,10.48530222,76.44418978,658051.940,1159432.904,108.00,658051.915,1159432.927,-71.6,10,658052.306,1159432.316,10.48530000,76.44419300,0.355,0.142,7.9,10.0,-0.5,17.6,1609,2047,RTK FIXED
77.217,070429.40,10.48530200,76.44419000,10.48530213,76.44418987,658051.869,1159432.890,108.00,658051.897,1159432.912,-71.6,10,658052.306,1159432.316,10.48530000,76.44419300,0.353,0.136,7.9,10.0,0.0,17.2,1624,2047,RTK FIXED
77.270,070429.40,10.48530200,76.44419000,10.48530208,76.44418992,658051.869,1159432.890,108.00,658051.886,1159432.903,-71.6,10,658052.306,1159432.316,10.48530000,76.44419300,0.353,0.136,7.9,10.0,0.5,17.8,1624,2047,RTK FIXED
77.316,070429.40,10.48530200,76.44419000,10.48530205,76.44418995,658051.869,1159432.890,108.00,658051.879,1159432.898,-71.6,10,658052.306,1159432.316,10.48530000,76.44419300,0.353,0.136,7.9,10.0,0.0,17.0,1624,2047,RTK FIXED
77.371,070429.60,10.48530200,76.44419000,10.48530203,76.44418997,658051.869,1159432.890,108.00,658051.875,1159432.895,-71.6,10,658052.306,1159432.316,10.48530000,76.44419300,0.352,0.139,7.9,10.0,-0.5,17.7,1612,2047,RTK FIXED
77.417,070429.60,10.48530200,76.44419000,10.48530202,76.44418998,658051.869,1159432.890,108.00,658051.873,1159432.893,-71.6,10,658052.306,1159432.316,10.48530000,76.44419300,0.352,0.139,7.9,10.0,0.5,17.3,1612,2047,RTK FIXED
77.470,070429.60,10.48530200,76.44419000,10.48530201,76.44418999,658051.869,1159432.890,108.00,658051.871,1159432.891,-71.6,10,658052.306,1159432.316,10.48530000,76.44419300,0.352,0.139,7.9,10.0,0.0,18.2,1612,2047,RTK FIXED
77.524,070429.60,10.48530200,76.44419000,10.48530201,76.44418999,658051.869,1159432.890,108.00,658051.871,1159432.891,-71.6,10,658052.306,1159432.316,10.48530000,76.44419300,0.352,0.139,7.9,10.0,-0.5,17.9,1612,2047,RTK FIXED
77.571,070429.60,10.48530200,76.44419000,10.48530200,76.44419000,658051.869,1159432.890,108.00,658051.870,1159432.890,-71.6,10,658052.306,1159432.316,10.48530000,76.44419300,0.352,0.139,7.9,10.0,0.0,18.1,1612,2047,RTK FIXED
77.625,070429.60,10.48530200,76.44419000,10.48530200,76.44419000,658051.869,1159432.890,108.00,658051.870,1159432.890,-71.6,10,658052.306,1159432.316,10.48530000,76.44419300,0.352,0.139,7.9,10.0,0.0,18.4,1612,2047,RTK FIXED
77.671,070429.80,10.48530200,76.44419000,10.48530200,76.44419000,658051.869,1159432.890,108.00,658051.869,1159432.890,-71.6,10,658052.306,1159432.316,10.48530000,76.44419300,0.351,0.143,7.8,10.0,0.0,17.4,1600,2047,RTK FIXED
77.725,070429.80,10.48530200,76.44419000,10.48530200,76.44419000,658051.869,1159432.890,108.00,658051.869,1159432.890,-71.6,10,658052.306,1159432.316,10.48530000,76.44419300,0.351,0.143,7.8,10.0,0.5,18.1,1600,2047,RTK FIXED
77.771,070429.80,10.48530200,76.44419000,10.48530200,76.44419000,658051.869,1159432.890,108.00,658051.869,1159432.890,-71.6,10,658052.306,1159432.316,10.48530000,76.44419300,0.351,0.143,7.8,10.0,0.0,18.0,1600,2047,RTK FIXED
77.825,070429.80,10.48530200,76.44419000,10.48530200,76.44419000,658051.869,1159432.890,108.00,658051.869,1159432.890,-71.6,10,658052.306,1159432.316,10.48530000,76.44419300,0.351,0.143,7.8,10.0,0.0,18.6,1600,2047,RTK FIXED
77.871,070430.00,10.48530100,76.44419000,10.48530160,76.44419000,658051.870,1159432.779,108.00,658051.869,1159432.846,-76.0,10,658052.306,1159432.316,10.48530000,76.44419300,0.337,0.188,7.1,10.0,-0.5,18.7,1461,2047,RTK FIXED
77.925,070430.00,10.48530100,76.44419000,10.48530136,76.44419000,658051.870,1159432.779,108.00,658051.870,1159432.819,-76.0,10,658052.306,1159432.316,10.48530000,76.44419300,0.337,0.188,7.1,10.0,0.0,18.2,1461,2047,RTK FIXED
77.971,070430.00,10.48530100,76.44419000,10.48530122,76.44419000,658051.870,1159432.779,108.00,658051.870,1159432.803,-76.0,10,658052.306,1159432.316,10.48530000,76.44419300,0.337,0.188,7.1,10.0,0.0,18.8,1461,2047,RTK FIXED
78.026,070430.20,10.48530100,76.44419100,10.48530113,76.44419040,658052.007,1159432.787,108.00,658051.924,1159432.797,-76.0,10,658052.306,1159432.316,10.48530000,76.44419300,0.343,0.181,7.3,10.0,0.0,18.5,1487,2047,RTK FIXED
78.071,070430.20,10.48530100,76.44419100,10.48530108,76.44419064,658052.007,1159432.787,108.00,658051.957,1159432.793,-76.0,10,658052.306,1159432.316,10.48530000,76.44419300,0.343,0.181,7.3,10.0,0.0,18.2,1487,2047,RTK FIXED
78.125,070430.20,10.48530100,76.44419100,10.48530105,76.44419078,658052.007,1159432.787,108.00,658051.977,1159432.790,-76.0,10,658052.306,1159432.316,10.48530000,76.44419300,0.343,0.181,7.3,10.0,0.5,18.4,1487,2047,RTK FIXED
78.179,070430.40,10.48530100,76.44419100,10.48530103,76.44419087,658052.007,1159432.787,108.00,658051.989,1159432.789,-61.4,10,658052.306,1159432.316,10.48530000,76.44419300,0.365,0.068,8.9,10.0,0.0,18.4,1831,2047,RTK FIXED
78.224,070430.40,10.48530100,76.44419100,10.48530102,76.44419092,658052.007,1159432.787,108.00,658051.996,1159432.788,-61.4,10,658052.306,1159432.316,10.48530000,76.44419300,0.365,0.068,8.9,10.0,-0.6,18.3,1831,2047,RTK FIXED
78.279,070430.40,10.48530100,76.44419100,10.48530101,76.44419095,658052.007,1159432.787,108.00,658052.000,1159432.788,-61.4,10,658052.306,1159432.316,10.48530000,76.44419300,0.365,0.068,8.9,10.0,0.5,17.9,1831,2047,RTK FIXED
78.325,070430.40,10.48530100,76.44419100,10.48530101,76.44419097,658052.007,1159432.787,108.00,658052.003,1159432.787,-61.4,10,658052.306,1159432.316,10.48530000,76.44419300,0.365,0.068,8.9,10.0,-0.5,18.4,1831,2047,RTK FIXED
78.379,070430.40,10.48530100,76.44419100,10.48530100,76.44419098,658052.007,1159432.787,108.00,658052.004,1159432.787,-61.4,10,658052.306,1159432.316,10.48530000,76.44419300,0.365,0.068,8.9,10.0,0.5,18.0,1831,2047,RTK FIXED
78.425,070430.40,10.48530100,76.44419100,10.48530100,76.44419099,658052.007,1159432.787,108.00,658052.005,1159432.787,-61.4,10,658052.306,1159432.316,10.48530000,76.44419300,0.365,0.068,8.9,10.0,0.0,18.5,1831,2047,RTK FIXED
78.480,070430.60,10.48530100,76.44419100,10.48530100,76.44419099,658051.918,1159432.755,108.00,658051.970,1159432.774,-61.4,10,658052.306,1159432.316,10.48530000,76.44419300,0.364,0.058,9.1,10.0,0.0,18.4,1860,2047,RTK FIXED
78.526,070430.60,10.48530100,76.44419100,10.48530100,76.44419100,658051.918,1159432.755,108.00,658051.949,1159432.766,-61.4,10,658052.306,1159432.316,10.48530000,76.44419300,0.364,0.058,9.1,10.0,0.0,18.6,1860,2047,RTK FIXED
78.579,070430.60,10.48530100,76.44419100,10.48530100,76.44419100,658051.918,1159432.755,108.00,658051.937,1159432.762,-61.4,10,658052.306,1159432.316,10.48530000,76.44419300,0.364,0.058,9.1,10.0,0.0,18.2,1860,2047,RTK FIXED
78.634,070430.60,10.48530100,76.44419100,10.48530100,76.44419100,658051.918,1159432.755,108.00,658051.929,1159432.759,-61.4,10,658052.306,1159432.316,10.48530000,76.44419300,0.364,0.058,9.1,10.0,-0.5,20.8,1860,2047,RTK FIXED
78.680,070430.80,10.48530000,76.44419100,10.48530060,76.44419100,658051.918,1159432.644,108.00,658051.925,1159432.713,-75.0,10,658052.306,1159432.316,10.48530000,76.44419300,0.337,0.171,7.4,10.0,0.0,19.3,1508,2047,RTK FIXED
78.733,070430.80,10.48530000,76.44419100,10.48530036,76.44419100,658051.918,1159432.644,108.00,658051.922,1159432.686,-75.0,10,658052.306,1159432.316,10.48530000,76.44419300,0.337,0.171,7.4,10.0,0.0,20.6,1508,2047,RTK FIXED
78.779,070430.80,10.48530000,76.44419100,10.48530022,76.44419100,658051.918,1159432.644,108.00,658051.921,1159432.669,-75.0,10,658052.306,1159432.316,10.48530000,76.44419300,0.337,0.171,7.4,10.0,0.0,18.9,1508,2047,RTK FIXED
78.835,070430.80,10.48530000,76.44419100,10.48530013,76.44419100,658051.918,1159432.644,108.00,658051.920,1159432.659,-75.0,10,658052.306,1159432.316,10.48530000,76.44419300,0.337,0.171,7.4,10.0,0.0,18.1,1508,2047,RTK FIXED
78.880,070431.00,10.48530000,76.44419200,10.48530008,76.44419140,658052.110,1159432.675,108.00,658051.996,1159432.666,-75.0,10,658052.306,1159432.316,10.48530000,76.44419300,0.345,0.169,7.4,10.0,0.0,17.1,1523,2047,RTK FIXED
78.934,070431.00,10.48530000,76.44419200,10.48530005,76.44419164,658052.110,1159432.675,108.00,658052.042,1159432.669,-75.0,10,658052.306,1159432.316,10.48530000,76.44419300,0.345,0.169,7.4,10.0,0.5,17.2,1523,2047,RTK FIXED
78.980,070431.00,10.48530000,76.44419200,10.48530003,76.44419178,658052.110,1159432.675,108.00,658052.069,1159432.672,-75.0,10,658052.306,1159432.316,10.48530000,76.44419300,0.345,0.169,7.4,10.0,-0.5,17.9,1523,2047,RTK FIXED
79.034,070431.00,10.48530000,76.44419200,10.48530002,76.44419187,658052.110,1159432.675,108.00,658052.086,1159432.673,-75.0,10,658052.306,1159432.316,10.48530000,76.44419300,0.345,0.169,7.4,10.0,0.5,17.5,1523,2047,RTK FIXED
79.080,070431.20,10.48530000,76.44419200,10.48530001,76.44419192,658052.110,1159432.675,108.00,658052.096,1159432.674,-57.8,10,658052.306,1159432.316,10.48530000,76.44419300,0.366,0.034,9.5,10.0,-0.5,18.4,1937,2047,RTK FIXED
79.134,070431.20,10.48530000,76.44419200,10.48530001,76.44419195,658052.110,1159432.675,108.00,658052.102,1159432.675,-57.8,10,658052.306,1159432.316,10.48530000,76.44419300,0.366,0.034,9.5,10.0,0.0,17.7,1937,2047,RTK FIXED
79.188,070431.40,10.48530000,76.44419200,10.48530000,76.44419197,658052.007,1159432.634,108.00,658052.064,1159432.658,-57.8,10,658052.306,1159432.316,10.48530000,76.44419300,0.359,0.020,9.7,10.0,0.0,18.1,1981,2047,RTK FIXED
79.234,070431.40,10.48530000,76.44419200,10.48530000,76.44419198,658052.007,1159432.634,108.00,658052.041,1159432.648,-57.8,10,658052.306,1159432.316,10.48530000,76.44419300,0.359,0.020,9.7,10.0,0.0,17.2,1981,2047,RTK FIXED
79.288,070431.40,10.48530000,76.44419200,10.48530000,76.44419199,658052.007,1159432.634,108.00,658052.028,1159432.642,-57.8,10,658052.306,1159432.316,10.48530000,76.44419300,0.359,0.020,9.7,10.0,0.5,17.7,1981,2047,RTK FIXED
79.334,070431.40,10.48530000,76.44419200,10.48530000,76.44419199,658052.007,1159432.634,108.00,658052.020,1159432.639,-57.8,10,658052.306,1159432.316,10.48530000,76.44419300,0.359,0.020,9.7,10.0,0.0,17.9,1981,2047,RTK FIXED
79.388,070431.60,10.48530000,76.44419200,10.48530000,76.44419200,658052.007,1159432.634,108.00,658052.015,1159432.637,-57.8,10,658052.306,1159432.316,10.48530000,76.44419300,0.354,0.025,9.6,10.0,0.0,18.0,1964,2047,RTK FIXED
79.434,070431.60,10.48530000,76.44419200,10.48530000,76.44419200,658052.007,1159432.634,108.00,658052.012,1159432.635,-57.8,10,658052.306,1159432.316,10.48530000,76.44419300,0.354,0.025,9.6,10.0,-0.5,18.5,1964,2047,RTK FIXED
79.488,070431.60,10.48530000,76.44419200,10.48530000,76.44419200,658052.007,1159432.634,108.00,658052.010,1159432.635,-57.8,10,658052.306,1159432.316,10.48530000,76.44419300,0.354,0.025,9.6,10.0,0.5,18.5,1964,2047,RTK FIXED
79.534,070431.60,10.48530000,76.44419200,10.48530000,76.44419200,658052.007,1159432.634,108.00,658052.009,1159432.634,-57.8,10,658052.306,1159432.316,10.48530000,76.44419300,0.354,0.025,9.6,10.0,-0.5,19.0,1964,2047,RTK FIXED
79.588,070431.60,10.48530000,76.44419200,10.48530000,76.44419200,658052.007,1159432.634,108.00,658052.008,1159432.634,-57.8,10,658052.306,1159432.316,10.48530000,76.44419300,0.354,0.025,9.6,10.0,0.5,19.0,1964,2047,RTK FIXED
79.634,070431.60,10.48530000,76.44419200,10.48530000,76.44419200,658052.007,1159432.634,108.00,658052.008,1159432.634,-57.8,10,658052.306,1159432.316,10.48530000,76.44419300,0.354,0.025,9.6,10.0,0.0,19.5,1964,2047,RTK FIXED
79.688,070431.80,10.48529900,76.44419200,10.48529960,76.44419200,658052.008,1159432.523,108.00,658052.008,1159432.589,-72.8,10,658052.306,1159432.316,10.48530000,76.44419300,0.306,0.147,7.5,10.0,0.0,18.4,1531,2047,RTK FIXED
79.734,070431.80,10.48529900,76.44419200,10.48529936,76.44419200,658052.008,1159432.523,108.00,658052.008,1159432.563,-72.8,10,658052.306,1159432.316,10.48530000,76.44419300,0.306,0.147,7.5,10.0,0.0,18.6,1531,2047,RTK FIXED
79.787,070431.80,10.48529900,76.44419200,10.48529922,76.44419200,658052.008,1159432.523,108.00,658052.008,1159432.547,-72.8,10,658052.306,1159432.316,10.48530000,76.44419300,0.306,0.147,7.5,10.0,0.0,18.8,1531,2047,RTK FIXED
79.842,070431.80,10.48529900,76.44419200,10.48529913,76.44419200,658052.008,1159432.523,108.00,658052.008,1159432.537,-72.8,10,658052.306,1159432.316,10.48530000,76.44419300,0.306,0.147,7.5,10.0,-0.5,18.5,1531,2047,RTK FIXED
79.891,070432.00,10.48529900,76.44419300,10.48529908,76.44419240,658052.207,1159432.562,108.00,658052.087,1159432.547,-72.8,11,658052.857,1159431.433,10.48529200,76.44419800,0.353,0.138,7.9,10.0,0.0,17.7,1617,2047,RTK FIXED
79.942,070432.00,10.48529900,76.44419300,10.48529905,76.44419264,658052.207,1159432.562,108.00,658052.135,1159432.553,-72.8,11,658052.857,1159431.433,10.48529200,76.44419800,0.353,0.138,7.9,10.0,0.5,16.5,1617,2047,RTK FIXED
79.989,070432.20,10.48529900,76.44419300,10.48529903,76.44419278,658052.207,1159432.562,108.00,658052.164,1159432.556,-54.6,11,658052.857,1159431.433,10.48529200,76.44419800,0.366,0.014,9.8,10.0,-0.5,16.6,2001,2047,RTK FIXED
80.042,070432.20,10.48529900,76.44419300,10.48529902,76.44419287,658052.207,1159432.562,108.00,658052.181,1159432.558,-54.6,11,658052.857,1159431.433,10.48529200,76.44419800,0.366,0.014,9.8,10.0,0.0,17.7,2001,2047,RTK FIXED
80.088,070432.20,10.48529900,76.44419300,10.48529901,76.44419292,658052.207,1159432.562,108.00,658052.191,1159432.560,-54.6,11,658052.857,1159431.433,10.48529200,76.44419800,0.366,0.014,9.8,10.0,0.0,17.0,2001,2047,RTK FIXED
80.143,070432.20,10.48529900,76.44419300,10.48529901,76.44419295,658052.207,1159432.562,108.00,658052.197,1159432.561,-54.6,11,658052.857,1159431.433,10.48529200,76.44419800,0.366,0.014,9.8,10.0,0.0,17.2,2001,2047,RTK FIXED
80.189,070432.40,10.48529800,76.44419300,10.48529860,76.44419297,658052.101,1159432.402,108.00,658052.159,1159432.497,-54.6,11,658052.857,1159431.433,10.48529200,76.44419800,0.366,0.003,10.0,10.0,0.5,17.9,2038,2047,RTK FIXED
80.243,070432.40,10.48529800,76.44419300,10.48529836,76.44419298,658052.101,1159432.402,108.00,658052.136,1159432.459,-54.6,11,658052.857,1159431.433,10.48529200,76.44419800,0.366,0.003,10.0,10.0,-0.5,17.2,2038,2047,RTK FIXED
80.289,070432.40,10.48529800,76.44419300,10.48529822,76.44419299,658052.101,1159432.402,108.00,658052.122,1159432.436,-54.6,11,658052.857,1159431.433,10.48529200,76.44419800,0.366,0.003,10.0,10.0,0.5,17.9,2038,2047,RTK FIXED
80.342,070432.40,10.48529800,76.44419300,10.48529813,76.44419299,658052.101,1159432.402,108.00,658052.113,1159432.423,-54.6,11,658052.857,1159431.433,10.48529200,76.44419800,0.366,0.003,10.0,10.0,0.0,17.6,2038,2047,RTK FIXED
80.389,070432.60,10.48529800,76.44419300,10.48529808,76.44419300,658052.101,1159432.402,108.00,658052.108,1159432.414,-68.9,11,658052.857,1159431.433,10.48529200,76.44419800,0.355,0.100,8.4,10.0,-0.5,17.9,1727,2047,RTK FIXED
80.442,070432.60,10.48529800,76.44419300,10.48529805,76.44419300,658052.101,1159432.402,108.00,658052.105,1159432.409,-68.9,11,658052.857,1159431.433,10.48529200,76.44419800,0.355,0.100,8.4,10.0,0.0,18.8,1727,2047,RTK FIXED
80.496,070432.60,10.48529800,76.44419300,10.48529803,76.44419300,658052.101,1159432.402,108.00,658052.104,1159432.407,-68.9,11,658052.857,1159431.433,10.48529200,76.44419800,0.355,0.100,8.4,10.0,0.5,18.8,1727,2047,RTK FIXED
80.543,070432.60,10.48529800,76.44419300,10.48529802,76.44419300,658052.101,1159432.402,108.00,658052.102,1159432.405,-68.9,11,658052.857,1159431.433,10.48529200,76.44419800,0.355,0.100,8.4,10.0,0.0,17.7,1727,2047,RTK FIXED
80.596,070432.60,10.48529800,76.44419300,10.48529801,76.44419300,658052.101,1159432.402,108.00,658052.102,1159432.404,-68.9,11,658052.857,1159431.433,10.48529200,76.44419800,0.355,0.100,8.4,10.0,-0.5,18.0,1727,2047,RTK FIXED
80.643,070432.60,10.48529800,76.44419300,10.48529801,76.44419300,658052.101,1159432.402,108.00,658052.101,1159432.403,-68.9,11,658052.857,1159431.433,10.48529200,76.44419800,0.355,0.100,8.4,10.0,0.0,17.5,1727,2047,RTK FIXED
80.697,070432.80,10.48529800,76.44419400,10.48529800,76.44419340,658052.292,1159432.444,108.00,658052.178,1159432.419,-68.9,11,658052.857,1159431.433,10.48529200,76.44419800,0.359,0.099,8.5,10.0,0.0,18.0,1735,2047,RTK FIXED
80.743,070432.80,10.48529800,76.44419400,10.48529800,76.44419364,658052.292,1159432.444,108.00,658052.223,1159432.429,-68.9,11,658052.857,1159431.433,10.48529200,76.44419800,0.359,0.099,8.5,10.0,0.0,17.8,1735,2047,RTK FIXED
80.797,070432.80,10.48529800,76.44419400,10.48529800,76.44419378,658052.292,1159432.444,108.00,658052.251,1159432.435,-68.9,11,658052.857,1159431.433,10.48529200,76.44419800,0.359,0.099,8.5,10.0,0.0,17.8,1735,2047,RTK FIXED
80.851,070432.80,10.48529800,76.44419400,10.48529800,76.44419387,658052.292,1159432.444,108.00,658052.267,1159432.438,-68.9,11,658052.857,1159431.433,10.48529200,76.44419800,0.359,0.099,8.5,10.0,0.5,18.1,1735,2047,RTK FIXED
80.897,070433.00,10.48529800,76.44419400,10.48529800,76.44419392,658052.292,1159432.444,108.00,658052.277,1159432.441,-50.2,11,658052.857,1159431.433,10.48529200,76.44419800,0.363,-0.029,10.0,9.5,0.0,17.7,2047,1952,RTK FIXED
80.950,070433.00,10.48529800,76.44419400,10.48529800,76.44419395,658052.292,1159432.444,108.00,658052.283,1159432.442,-50.2,11,658052.857,1159431.433,10.48529200,76.44419800,0.363,-0.029,10.0,9.5,0.0,17.9,2047,1952,RTK FIXED
80.998,070433.20,10.48529700,76.44419400,10.48529760,76.44419397,658052.188,1159432.275,108.00,658052.245,1159432.375,-50.2,11,658052.857,1159431.433,10.48529200,76.44419800,0.365,-0.032,10.0,9.5,0.0,16.8,2047,1943,RTK FIXED
81.051,070433.20,10.48529700,76.44419400,10.48529736,76.44419398,658052.188,1159432.275,108.00,658052.222,1159432.335,-50.2,11,658052.857,1159431.433,10.48529200,76.44419800,0.365,-0.032,10.0,9.5,0.0,17.4,2047,1943,RTK FIXED
81.097,070433.20,10.48529700,76.44419400,10.48529722,76.44419399,658052.188,1159432.275,108.00,658052.208,1159432.311,-50.2,11,658052.857,1159431.433,10.48529200,76.44419800,0.365,-0.032,10.0,9.5,0.0,16.8,2047,1943,RTK FIXED
81.152,070433.20,10.48529700,76.44419400,10.48529713,76.44419399,658052.188,1159432.275,108.00,658052.200,1159432.297,-50.2,11,658052.857,1159431.433,10.48529200,76.44419800,0.365,-0.032,10.0,9.5,-0.5,16.9,2047,1943,RTK FIXED
81.198,070433.40,10.48529700,76.44419500,10.48529708,76.44419440,658052.297,1159432.276,108.00,658052.239,1159432.288,-59.4,11,658052.857,1159431.433,10.48529200,76.44419800,0.366,0.013,9.8,10.0,0.5,16.8,2003,2047,RTK FIXED
81.251,070433.40,10.48529700,76.44419500,10.48529705,76.44419464,658052.297,1159432.276,108.00,658052.262,1159432.283,-59.4,11,658052.857,1159431.433,10.48529200,76.44419800,0.366,0.013,9.8,10.0,-0.5,17.3,2003,2047,RTK FIXED
81.297,070433.40,10.48529700,76.44419500,10.48529703,76.44419478,658052.297,1159432.276,108.00,658052.276,1159432.280,-59.4,11,658052.857,1159431.433,10.48529200,76.44419800,0.366,0.013,9.8,10.0,0.0,18.5,2003,2047,RTK FIXED
81.351,070433.40,10.48529700,76.44419500,10.48529702,76.44419487,658052.297,1159432.276,108.00,658052.285,1159432.278,-59.4,11,658052.857,1159431.433,10.48529200,76.44419800,0.366,0.013,9.8,10.0,0.5,18.8,2003,2047,RTK FIXED
81.397,070433.40,10.48529700,76.44419500,10.48529701,76.44419492,658052.297,1159432.276,108.00,658052.290,1159432.277,-59.4,11,658052.857,1159431.433,10.48529200,76.44419800,0.366,0.013,9.8,10.0,-0.5,19.2,2003,2047,RTK FIXED
81.452,070433.40,10.48529700,76.44419500,10.48529701,76.44419495,658052.297,1159432.276,108.00,658052.293,1159432.277,-59.4,11,658052.857,1159431.433,10.48529200,76.44419800,0.366,0.013,9.8,10.0,0.5,18.8,2003,2047,RTK FIXED
81.506,070433.60,10.48529700,76.44419500,10.48529700,76.44419497,658052.347,1159432.309,108.00,658052.314,1159432.289,-59.4,11,658052.857,1159431.433,10.48529200,76.44419800,0.366,0.009,9.8,10.0,-0.5,18.5,2016,2047,RTK FIXED
81.551,070433.60,10.48529700,76.44419500,10.48529700,76.44419498,658052.347,1159432.309,108.00,658052.327,1159432.297,-59.4,11,658052.857,1159431.433,10.48529200,76.44419800,0.366,0.009,9.8,10.0,0.0,18.6,2016,2047,RTK FIXED
81.605,070433.60,10.48529700,76.44419500,10.48529700,76.44419499,658052.347,1159432.309,108.00,658052.335,1159432.302,-59.4,11,658052.857,1159431.433,10.48529200,76.44419800,0.366,0.009,9.8,10.0,0.5,18.1,2016,2047,RTK FIXED
81.651,070433.60,10.48529700,76.44419500,10.48529700,76.44419499,658052.347,1159432.309,108.00,658052.340,1159432.305,-59.4,11,658052.857,1159431.433,10.48529200,76.44419800,0.366,0.009,9.8,10.0,0.0,18.4,2016,2047,RTK FIXED
81.706,070433.80,10.48529700,76.44419500,10.48529700,76.44419500,658052.347,1159432.309,108.00,658052.343,1159432.306,-59.4,11,658052.857,1159431.433,10.48529200,76.44419800,0.366,0.002,10.0,10.0,0.0,18.4,2041,2047,RTK FIXED
81.751,070433.80,10.48529700,76.44419500,10.48529700,76.44419500,658052.347,1159432.309,108.00,658052.344,1159432.307,-59.4,11,658052.857,1159431.433,10.48529200,76.44419800,0.366,0.002,10.0,10.0,0.0,18.1,2041,2047,RTK FIXED
81.806,070433.80,10.48529700,76.44419500,10.48529700,76.44419500,658052.347,1159432.309,108.00,658052.345,1159432.308,-59.4,11,658052.857,1159431.433,10.48529200,76.44419800,0.366,0.002,10.0,10.0,0.0,18.9,2041,2047,RTK FIXED
81.852,070434.00,10.48529600,76.44419500,10.48529660,76.44419500,658052.347,1159432.198,108.00,658052.346,1159432.264,-53.8,11,658052.857,1159431.433,10.48529200,76.44419800,0.366,-0.017,10.0,9.7,-0.5,18.8,2047,1991,RTK FIXED
81.906,070434.00,10.48529600,76.44419500,10.48529636,76.44419500,658052.347,1159432.198,108.00,658052.346,1159432.238,-53.8,11,658052.857,1159431.433,10.48529200,76.44419800,0.366,-0.017,10.0,9.7,0.5,18.7,2047,1991,RTK FIXED
81.951,070434.00,10.48529600,76.44419500,10.48529622,76.44419500,658052.347,1159432.198,108.00,658052.347,1159432.222,-53.8,11,658052.857,1159431.433,10.48529200,76.44419800,0.366,-0.017,10.0,9.7,-0.5,18.6,2047,1991,RTK FIXED
82.006,070434.20,10.48529600,76.44419600,10.48529613,76.44419540,658052.426,1159432.179,108.00,658052.378,1159432.205,-53.8,11,658052.857,1159431.433,10.48529200,76.44419800,0.365,-0.028,10.0,9.5,0.0,19.2,2047,1954,RTK FIXED
82.060,070434.20,10.48529600,76.44419600,10.48529608,76.44419564,658052.426,1159432.179,108.00,658052.397,1159432.195,-53.8,11,658052.857,1159431.433,10.48529200,76.44419800,0.365,-0.028,10.0,9.5,0.0,18.2,2047,1954,RTK FIXED
82.106,070434.20,10.48529600,76.44419600,10.48529605,76.44419578,658052.426,1159432.179,108.00,658052.409,1159432.189,-53.8,11,658052.857,1159431.433,10.48529200,76.44419800,0.365,-0.028,10.0,9.5,0.5,18.9,2047,1954,RTK FIXED
82.159,070434.40,10.48529600,76.44419600,10.48529603,76.44419587,658052.426,1159432.179,108.00,658052.416,1159432.185,-50.4,11,658052.857,1159431.433,10.48529200,76.44419800,0.363,-0.059,10.0,9.1,-0.5,18.2,2047,1857,RTK FIXED
82.205,070434.40,10.48529600,76.44419600,10.48529602,76.44419592,658052.426,1159432.179,108.00,658052.420,1159432.183,-50.4,11,658052.857,1159431.433,10.48529200,76.44419800,0.363,-0.059,10.0,9.1,0.5,17.5,2047,1857,RTK FIXED
82.260,070434.40,10.48529600,76.44419600,10.48529601,76.44419595,658052.426,1159432.179,108.00,658052.422,1159432.181,-50.4,11,658052.857,1159431.433,10.48529200,76.44419800,0.363,-0.059,10.0,9.1,0.0,17.4,2047,1857,RTK FIXED
82.306,070434.40,10.48529600,76.44419600,10.48529601,76.44419597,658052.426,1159432.179,108.00,658052.424,1159432.181,-50.4,11,658052.857,1159431.433,10.48529200,76.44419800,0.363,-0.059,10.0,9.1,-0.5,16.8,2047,1857,RTK FIXED
82.360,070434.40,10.48529600,76.44419600,10.48529600,76.44419598,658052.426,1159432.179,108.00,658052.424,1159432.180,-50.4,11,658052.857,1159431.433,10.48529200,76.44419800,0.363,-0.059,10.0,9.1,0.5,16.7,2047,1857,RTK FIXED
82.409,070434.40,10.48529600,76.44419600,10.48529600,76.44419599,658052.426,1159432.179,108.00,658052.425,1159432.180,-50.4,11,658052.857,1159431.433,10.48529200,76.44419800,0.363,-0.059,10.0,9.1,0.0,16.7,2047,1857,RTK FIXED
82.460,070434.60,10.48529600,76.44419600,10.48529600,76.44419599,658052.408,1159432.166,108.00,658052.418,1159432.174,-50.4,11,658052.857,1159431.433,10.48529200,76.44419800,0.363,-0.063,10.0,9.0,-0.5,16.1,2047,1844,RTK FIXED
82.506,070434.60,10.48529600,76.44419600,10.48529600,76.44419600,658052.408,1159432.166,108.00,658052.414,1159432.171,-50.4,11,658052.857,1159431.433,10.48529200,76.44419800,0.363,-0.063,10.0,9.0,0.5,15.8,2047,1844,RTK FIXED
82.560,070434.60,10.48529600,76.44419600,10.48529600,76.44419600,658052.408,1159432.166,108.00,658052.412,1159432.169,-50.4,11,658052.857,1159431.433,10.48529200,76.44419800,0.363,-0.063,10.0,9.0,-0.5,16.3,2047,1844,RTK FIXED
82.614,070434.60,10.48529600,76.44419600,10.48529600,76.44419600,658052.408,1159432.166,108.00,658052.410,1159432.168,-50.4,11,658052.857,1159431.433,10.48529200,76.44419800,0.363,-0.063,10.0,9.0,0.5,15.4,2047,1844,RTK FIXED
82.662,070434.80,10.48529500,76.44419600,10.48529560,76.44419600,658052.408,1159432.056,108.00,658052.409,1159432.123,-50.4,11,658052.857,1159431.433,10.48529200,76.44419800,0.364,-0.051,10.0,9.2,0.0,15.7,2047,1881,RTK FIXED
82.714,070434.80,10.48529500,76.44419600,10.48529536,76.44419600,658052.408,1159432.056,108.00,658052.409,1159432.096,-50.4,11,658052.857,1159431.433,10.48529200,76.44419800,0.364,-0.051,10.0,9.2,-0.5,15.6,2047,1881,RTK FIXED
82.759,070434.80,10.48529500,76.44419600,10.48529522,76.44419600,658052.408,1159432.056,108.00,658052.409,1159432.080,-50.4,11,658052.857,1159431.433,10.48529200,76.44419800,0.364,-0.051,10.0,9.2,0.5,15.9,2047,1881,RTK FIXED
82.814,070434.80,10.48529500,76.44419600,10.48529513,76.44419600,658052.408,1159432.056,108.00,658052.409,1159432.070,-50.4,11,658052.857,1159431.433,10.48529200,76.44419800,0.364,-0.051,10.0,9.2,0.0,16.0,2047,1881,RTK FIXED
82.861,070435.00,10.48529500,76.44419700,10.48529508,76.44419640,658052.518,1159432.056,108.00,658052.452,1159432.064,-53.6,11,658052.857,1159431.433,10.48529200,76.44419800,0.365,-0.037,10.0,9.4,-0.5,15.6,2047,1926,RTK FIXED
82.914,070435.00,10.48529500,76.44419700,10.48529505,76.44419664,658052.518,1159432.056,108.00,658052.478,1159432.061,-53.6,11,658052.857,1159431.433,10.48529200,76.44419800,0.365,-0.037,10.0,9.4,0.0,16.3,2047,1926,RTK FIXED
82.968,070435.00,10.48529500,76.44419700,10.48529503,76.44419678,658052.518,1159432.056,108.00,658052.494,1159432.059,-53.6,11,658052.857,1159431.433,10.48529200,76.44419800,0.365,-0.037,10.0,9.4,0.0,15.8,2047,1926,RTK FIXED
83.014,070435.00,10.48529500,76.44419700,10.48529502,76.44419687,658052.518,1159432.056,108.00,658052.504,1159432.058,-53.6,11,658052.857,1159431.433,10.48529200,76.44419800,0.365,-0.037,10.0,9.4,0.5,15.7,2047,1926,RTK FIXED
83.069,070435.20,10.48529500,76.44419700,10.48529501,76.44419692,658052.535,1159432.069,108.00,658052.516,1159432.062,-53.6,11,658052.857,1159431.433,10.48529200,76.44419800,0.364,-0.045,10.0,9.3,0.0,16.1,2047,1900,RTK FIXED
83.114,070435.20,10.48529500,76.44419700,10.48529501,76.44419695,658052.535,1159432.069,108.00,658052.524,1159432.065,-53.6,11,658052.857,1159431.433,10.48529200,76.44419800,0.364,-0.045,10.0,9.3,-0.5,15.8,2047,1900,RTK FIXED
83.169,070435.40,10.48529500,76.44419700,10.48529500,76.44419697,658052.535,1159432.069,108.00,658052.528,1159432.066,-53.6,11,658052.857,1159431.433,10.48529200,76.44419800,0.364,-0.053,10.0,9.2,0.0,15.1,2047,1875,RTK FIXED
83.215,070435.40,10.48529500,76.44419700,10.48529500,76.44419698,658052.535,1159432.069,108.00,658052.531,1159432.067,-53.6,11,658052.857,1159431.433,10.48529200,76.44419800,0.364,-0.053,10.0,9.2,0.5,15.9,2047,1875,RTK FIXED
83.268,070435.40,10.48529500,76.44419700,10.48529500,76.44419699,658052.535,1159432.069,108.00,658052.532,1159432.068,-53.6,11,658052.857,1159431.433,10.48529200,76.44419800,0.364,-0.053,10.0,9.2,-0.5,16.0,2047,1875,RTK FIXED
83.315,070435.40,10.48529500,76.44419700,10.48529500,76.44419699,658052.535,1159432.069,108.00,658052.533,1159432.068,-53.6,11,658052.857,1159431.433,10.48529200,76.44419800,0.364,-0.053,10.0,9.2,0.5,15.4,2047,1875,RTK FIXED
83.369,070435.60,10.48529400,76.44419700,10.48529460,76.44419700,658052.535,1159431.958,108.00,658052.534,1159432.024,-51.6,11,658052.857,1159431.433,10.48529200,76.44419800,0.363,-0.061,10.0,9.0,0.0,15.2,2047,1850,RTK FIXED
83.414,070435.60,10.48529400,76.44419700,10.48529436,76.44419700,658052.535,1159431.958,108.00,658052.535,1159431.998,-51.6,11,658052.857,1159431.433,10.48529200,76.44419800,0.363,-0.061,10.0,9.0,-0.6,16.1,2047,1850,RTK FIXED
83.469,070435.60,10.48529400,76.44419700,10.48529422,76.44419700,658052.535,1159431.958,108.00,658052.535,1159431.982,-51.6,11,658052.857,1159431.433,10.48529200,76.44419800,0.363,-0.061,10.0,9.0,0.0,15.6,2047,1850,RTK FIXED
83.515,070435.60,10.48529400,76.44419700,10.48529413,76.44419700,658052.535,1159431.958,108.00,658052.535,1159431.972,-51.6,11,658052.857,1159431.433,10.48529200,76.44419800,0.363,-0.061,10.0,9.0,0.5,15.1,2047,1850,RTK FIXED
83.569,070435.60,10.48529400,76.44419700,10.48529408,76.44419700,658052.535,1159431.958,108.00,658052.535,1159431.967,-51.6,11,658052.857,1159431.433,10.48529200,76.44419800,0.363,-0.061,10.0,9.0,-0.5,14.8,2047,1850,RTK FIXED
83.623,070435.60,10.48529400,76.44419700,10.48529405,76.44419700,658052.535,1159431.958,108.00,658052.535,1159431.963,-51.6,11,658052.857,1159431.433,10.48529200,76.44419800,0.363,-0.061,10.0,9.0,0.0,15.6,2047,1850,RTK FIXED
83.669,070435.80,10.48529400,76.44419700,10.48529403,76.44419700,658052.525,1159431.950,108.00,658052.531,1159431.958,-51.6,11,658052.857,1159431.433,10.48529200,76.44419800,0.364,-0.055,10.0,9.1,0.5,14.7,2047,1868,RTK FIXED
83.722,070435.80,10.48529400,76.44419700,10.48529402,76.44419700,658052.525,1159431.950,108.00,658052.529,1159431.955,-51.6,11,658052.857,1159431.433,10.48529200,76.44419800,0.364,-0.055,10.0,9.1,-0.5,15.6,2047,1868,RTK FIXED
83.769,070435.80,10.48529400,76.44419700,10.48529401,76.44419700,658052.525,1159431.950,108.00,658052.527,1159431.953,-51.6,11,658052.857,1159431.433,10.48529200,76.44419800,0.364,-0.055,10.0,9.1,0.5,15.5,2047,1868,RTK FIXED
83.823,070435.80,10.48529400,76.44419700,10.48529401,76.44419700,658052.525,1159431.950,108.00,658052.526,1159431.952,-51.6,11,658052.857,1159431.433,10.48529200,76.44419800,0.364,-0.055,10.0,9.1,0.0,15.3,2047,1868,RTK FIXED
83.870,070436.00,10.48529400,76.44419800,10.48529400,76.44419740,658052.634,1159431.951,108.00,658052.569,1159431.952,-51.6,11,658052.857,1159431.433,10.48529200,76.44419800,0.362,-0.069,10.0,8.9,-0.5,15.0,2047,1827,RTK FIXED
83.923,070436.00,10.48529400,76.44419800,10.48529400,76.44419764,658052.634,1159431.951,108.00,658052.595,1159431.951,-51.6,11,658052.857,1159431.433,10.48529200,76.44419800,0.362,-0.069,10.0,8.9,0.0,15.0,2047,1827,RTK FIXED
83.970,070436.20,10.48529300,76.44419800,10.48529360,76.44419778,658052.635,1159431.840,108.00,658052.611,1159431.907,-52.5,11,658052.857,1159431.433,10.48529200,76.44419800,0.363,-0.062,10.0,9.0,0.5,15.5,2047,1847,RTK FIXED
84.022,070436.20,10.48529300,76.44419800,10.48529336,76.44419787,658052.635,1159431.840,108.00,658052.621,1159431.880,-52.5,11,658052.857,1159431.433,10.48529200,76.44419800,0.363,-0.062,10.0,9.0,-0.5,15.2,2047,1847,RTK FIXED
84.069,070436.20,10.48529300,76.44419800,10.48529322,76.44419792,658052.635,1159431.840,108.00,658052.626,1159431.864,-52.5,11,658052.857,1159431.433,10.48529200,76.44419800,0.363,-0.062,10.0,9.0,0.5,15.0,2047,1847,RTK FIXED
84.123,070436.20,10.48529300,76.44419800,10.48529313,76.44419795,658052.635,1159431.840,108.00,658052.630,1159431.855,-52.5,11,658052.857,1159431.433,10.48529200,76.44419800,0.363,-0.062,10.0,9.0,0.0,15.4,2047,1847,RTK FIXED
84.169,070436.40,10.48529300,76.44419800,10.48529308,76.44419797,658052.639,1159431.844,108.00,658052.634,1159431.850,-52.5,11,658052.857,1159431.433,10.48529200,76.44419800,0.363,-0.060,10.0,9.1,-0.5,15.2,2047,1854,RTK FIXED
84.223,070436.40,10.48529300,76.44419800,10.48529305,76.44419798,658052.639,1159431.844,108.00,658052.636,1159431.848,-52.5,11,658052.857,1159431.433,10.48529200,76.44419800,0.363,-0.060,10.0,9.1,0.0,15.6,2047,1854,RTK FIXED
84.279,070436.40,10.48529300,76.44419800,10.48529303,76.44419799,658052.639,1159431.844,108.00,658052.637,1159431.846,-52.5,11,658052.857,1159431.433,10.48529200,76.44419800,0.363,-0.060,10.0,9.1,0.0,15.4,2047,1854,RTK FIXED
84.324,070436.40,10.48529300,76.44419800,10.48529302,76.44419799,658052.639,1159431.844,108.00,658052.638,1159431.845,-52.5,11,658052.857,1159431.433,10.48529200,76.44419800,0.363,-0.060,10.0,9.1,0.6,14.9,2047,1854,RTK FIXED
84.377,070436.40,10.48529300,76.44419800,10.48529301,76.44419800,658052.639,1159431.844,108.00,658052.639,1159431.845,-52.5,11,658052.857,1159431.433,10.48529200,76.44419800,0.363,-0.060,10.0,9.1,-0.5,15.5,2047,1854,RTK FIXED
84.423,070436.40,10.48529300,76.44419800,10.48529301,76.44419800,658052.639,1159431.844,108.00,658052.639,1159431.844,-52.5,11,658052.857,1159431.433,10.48529200,76.44419800,0.363,-0.060,10.0,9.1,0.5,15.1,2047,1854,RTK FIXED
84.478,070436.60,10.48529300,76.44419800,10.48529300,76.44419800,658052.639,1159431.844,108.00,658052.639,1159431.844,-52.5,11,658052.857,1159431.433,10.48529200,76.44419800,0.363,-0.059,10.0,9.1,0.0,15.6,2047,1856,RTK FIXED
84.524,070436.60,10.48529300,76.44419800,10.48529300,76.44419800,658052.639,1159431.844,108.00,658052.639,1159431.844,-52.5,11,658052.857,1159431.433,10.48529200,76.44419800,0.363,-0.059,10.0,9.1,-0.5,15.2,2047,1856,RTK FIXED
84.578,070436.60,10.48529300,76.44419800,10.48529300,76.44419800,658052.639,1159431.844,108.00,658052.639,1159431.844,-52.5,11,658052.857,1159431.433,10.48529200,76.44419800,0.363,-0.059,10.0,9.1,0.0,15.4,2047,1856,RTK FIXED
84.623,070436.60,10.48529300,76.44419800,10.48529300,76.44419800,658052.639,1159431.844,108.00,658052.639,1159431.844,-52.5,11,658052.857,1159431.433,10.48529200,76.44419800,0.363,-0.059,10.0,9.1,0.5,15.7,2047,1856,RTK FIXED
84.678,070436.80,10.48529200,76.44419800,10.48529260,76.44419800,658052.640,1159431.733,108.00,658052.640,1159431.800,-58.1,11,658052.857,1159431.433,10.48529200,76.44419800,0.357,-0.012,10.0,9.8,0.0,15.7,2047,2007,RTK FIXED
84.731,070436.80,10.48529200,76.44419800,10.48529236,76.44419800,658052.640,1159431.733,108.00,658052.640,1159431.773,-58.1,11,658052.857,1159431.433,10.48529200,76.44419800,0.357,-0.012,10.0,9.8,-0.5,15.9,2047,2007,RTK FIXED
84.778,070436.80,10.48529200,76.44419800,10.48529222,76.44419800,658052.640,1159431.733,108.00,658052.640,1159431.757,-58.1,11,658052.857,1159431.433,10.48529200,76.44419800,0.357,-0.012,10.0,9.8,0.5,15.6,2047,2007,RTK FIXED
84.832,070436.80,10.48529200,76.44419800,10.48529213,76.44419800,658052.640,1159431.733,108.00,658052.640,1159431.747,-58.1,11,658052.857,1159431.433,10.48529200,76.44419800,0.357,-0.012,10.0,9.8,0.0,16.7,2047,2007,RTK FIXED
84.878,070437.00,10.48529200,76.44419800,10.48529208,76.44419800,658052.670,1159431.753,108.00,658052.652,1159431.750,-58.1,11,658052.857,1159431.433,10.48529200,76.44419800,0.333,-0.002,10.0,10.0,-0.5,17.3,2047,2038,RTK FIXED
84.933,070437.00,10.48529200,76.44419800,10.48529205,76.44419800,658052.670,1159431.753,108.00,658052.659,1159431.751,-58.1,11,658052.857,1159431.433,10.48529200,76.44419800,0.333,-0.002,10.0,10.0,0.0,17.9,2047,2038,RTK FIXED
84.981,070437.20,10.48529200,76.44419800,10.48529203,76.44419800,658052.670,1159431.753,108.00,658052.664,1159431.752,-58.1,12,658053.409,1159430.551,10.48528400,76.44420300,0.366,-0.000,10.0,10.0,0.0,17.7,2047,2045,RTK FIXED
85.032,070437.20,10.48529200,76.44419800,10.48529202,76.44419800,658052.670,1159431.753,108.00,658052.666,1159431.752,-58.1,12,658053.409,1159430.551,10.48528400,76.44420300,0.366,-0.000,10.0,10.0,0.5,18.1,2047,2045,RTK FIXED
85.078,070437.20,10.48529200,76.44419800,10.48529201,76.44419800,658052.670,1159431.753,108.00,658052.668,1159431.753,-58.1,12,658053.409,1159430.551,10.48528400,76.44420300,0.366,-0.000,10.0,10.0,0.0,18.4,2047,2045,RTK FIXED
85.133,070437.20,10.48529200,76.44419800,10.48529201,76.44419800,658052.670,1159431.753,108.00,658052.669,1159431.753,-58.1,12,658053.409,1159430.551,10.48528400,76.44420300,0.366,-0.000,10.0,10.0,-0.5,18.7,2047,2045,RTK FIXED
85.178,070437.40,10.48529100,76.44419900,10.48529160,76.44419840,658052.780,1159431.643,108.00,658052.714,1159431.709,-56.0,12,658053.409,1159430.551,10.48528400,76.44420300,0.366,-0.014,10.0,9.8,0.5,18.1,2047,2000,RTK FIXED
85.232,070437.40,10.48529100,76.44419900,10.48529136,76.44419864,658052.780,1159431.643,108.00,658052.740,1159431.682,-56.0,12,658053.409,1159430.551,10.48528400,76.44420300,0.366,-0.014,10.0,9.8,-0.5,18.3,2047,2000,RTK FIXED
85.286,070437.40,10.48529100,76.44419900,10.48529122,76.44419878,658052.780,1159431.643,108.00,658052.756,1159431.667,-56.0,12,658053.409,1159430.551,10.48528400,76.44420300,0.366,-0.014,10.0,9.8,0.0,18.5,2047,2000,RTK FIXED
85.332,070437.40,10.48529100,76.44419900,10.48529113,76.44419887,658052.780,1159431.643,108.00,658052.766,1159431.657,-56.0,12,658053.409,1159430.551,10.48528400,76.44420300,0.366,-0.014,10.0,9.8,0.0,18.4,2047,2000,RTK FIXED
85.386,070437.60,10.48529100,76.44419900,10.48529108,76.44419892,658052.769,1159431.636,108.00,658052.767,1159431.649,-56.0,12,658053.409,1159430.551,10.48528400,76.44420300,0.366,-0.018,10.0,9.7,0.0,17.9,2047,1986,RTK FIXED
85.432,070437.60,10.48529100,76.44419900,10.48529105,76.44419895,658052.769,1159431.636,108.00,658052.768,1159431.644,-56.0,12,658053.409,1159430.551,10.48528400,76.44420300,0.366,-0.018,10.0,9.7,0.5,18.1,2047,1986,RTK FIXED
85.486,070437.60,10.48529100,76.44419900,10.48529103,76.44419897,658052.769,1159431.636,108.00,658052.768,1159431.640,-56.0,12,658053.409,1159430.551,10.48528400,76.44420300,0.366,-0.018,10.0,9.7,0.0,18.1,2047,1986,RTK FIXED
85.531,070437.60,10.48529100,76.44419900,10.48529102,76.44419898,658052.769,1159431.636,108.00,658052.768,1159431.639,-56.0,12,658053.409,1159430.551,10.48528400,76.44420300,0.366,-0.018,10.0,9.7,-0.5,18.1,2047,1986,RTK FIXED
85.586,070437.60,10.48529100,76.44419900,10.48529101,76.44419899,658052.769,1159431.636,108.00,658052.768,1159431.637,-56.0,12,658053.409,1159430.551,10.48528400,76.44420300,0.366,-0.018,10.0,9.7,0.0,17.4,2047,1986,RTK FIXED
85.631,070437.60,10.48529100,76.44419900,10.48529101,76.44419899,658052.769,1159431.636,108.00,658052.769,1159431.637,-56.0,12,658053.409,1159430.551,10.48528400,76.44420300,0.366,-0.018,10.0,9.7,0.5,18.1,2047,1986,RTK FIXED
85.687,070437.80,10.48529100,76.44419900,10.48529100,76.44419900,658052.769,1159431.636,108.00,658052.769,1159431.636,-56.0,12,658053.409,1159430.551,10.48528400,76.44420300,0.366,-0.020,10.0,9.7,-0.5,17.7,2047,1980,RTK FIXED
85.732,070437.80,10.48529100,76.44419900,10.48529100,76.44419900,658052.769,1159431.636,108.00,658052.769,1159431.636,-56.0,12,658053.409,1159430.551,10.48528400,76.44420300,0.366,-0.020,10.0,9.7,0.5,17.6,2047,1980,RTK FIXED
85.787,070437.80,10.48529100,76.44419900,10.48529100,76.44419900,658052.769,1159431.636,108.00,658052.769,1159431.636,-56.0,12,658053.409,1159430.551,10.48528400,76.44420300,0.366,-0.020,10.0,9.7,0.0,18.4,2047,1980,RTK FIXED
85.840,070437.80,10.48529100,76.44419900,10.48529100,76.44419900,658052.769,1159431.636,108.00,658052.769,1159431.636,-56.0,12,658053.409,1159430.551,10.48528400,76.44420300,0.366,-0.020,10.0,9.7,0.0,18.3,2047,1980,RTK FIXED
85.887,070438.00,10.48529000,76.44419900,10.48529060,76.44419900,658052.769,1159431.525,108.00,658052.769,1159431.592,-59.1,12,658053.409,1159430.551,10.48528400,76.44420300,0.366,-0.004,10.0,9.9,0.0,18.7,2047,2034,RTK FIXED
85.941,070438.00,10.48529000,76.44419900,10.48529036,76.44419900,658052.769,1159431.525,108.00,658052.769,1159431.565,-59.1,12,658053.409,1159430.551,10.48528400,76.44420300,0.366,-0.004,10.0,9.9,0.0,18.4,2047,2034,RTK FIXED
85.986,070438.20,10.48529000,76.44419900,10.48529022,76.44419900,658052.786,1159431.535,108.00,658052.776,1159431.553,-59.1,12,658053.409,1159430.551,10.48528400,76.44420300,0.366,-0.001,10.0,10.0,-0.6,17.7,2047,2044,RTK FIXED
86.040,070438.20,10.48529000,76.44419900,10.48529013,76.44419900,658052.786,1159431.535,108.00,658052.780,1159431.546,-59.1,12,658053.409,1159430.551,10.48528400,76.44420300,0.366,-0.001,10.0,10.0,0.0,16.9,2047,2044,RTK FIXED
86.087,070438.20,10.48529000,76.44419900,10.48529008,76.44419900,658052.786,1159431.535,108.00,658052.782,1159431.542,-59.1,12,658053.409,1159430.551,10.48528400,76.44420300,0.366,-0.001,10.0,10.0,0.5,17.6,2047,2044,RTK FIXED
86.140,070438.20,10.48529000,76.44419900,10.48529005,76.44419900,658052.786,1159431.535,108.00,658052.784,1159431.539,-59.1,12,658053.409,1159430.551,10.48528400,76.44420300,0.366,-0.001,10.0,10.0,0.0,18.1,2047,2044,RTK FIXED
86.187,070438.40,10.48529000,76.44420000,10.48529003,76.44419940,658052.895,1159431.536,108.00,658052.828,1159431.538,-59.1,12,658053.409,1159430.551,10.48528400,76.44420300,0.366,-0.000,10.0,10.0,-0.5,18.1,2047,2046,RTK FIXED
86.240,070438.40,10.48529000,76.44420000,10.48529002,76.44419964,658052.895,1159431.536,108.00,658052.855,1159431.537,-59.1,12,658053.409,1159430.551,10.48528400,76.44420300,0.366,-0.000,10.0,10.0,0.0,18.1,2047,2046,RTK FIXED
86.286,070438.40,10.48529000,76.44420000,10.48529001,76.44419978,658052.895,1159431.536,108.00,658052.871,1159431.537,-59.1,12,658053.409,1159430.551,10.48528400,76.44420300,0.366,-0.000,10.0,10.0,0.5,18.4,2047,2046,RTK FIXED
86.341,070438.40,10.48529000,76.44420000,10.48529001,76.44419987,658052.895,1159431.536,108.00,658052.881,1159431.536,-59.1,12,658053.409,1159430.551,10.48528400,76.44420300,0.366,-0.000,10.0,10.0,0.0,18.3,2047,2046,RTK FIXED
86.387,070438.40,10.48529000,76.44420000,10.48529000,76.44419992,658052.895,1159431.536,108.00,658052.887,1159431.536,-59.1,12,658053.409,1159430.551,10.48528400,76.44420300,0.366,-0.000,10.0,10.0,-0.5,17.8,2047,2046,RTK FIXED
86.441,070438.40,10.48529000,76.44420000,10.48529000,76.44419995,658052.895,1159431.536,108.00,658052.890,1159431.536,-59.1,12,658053.409,1159430.551,10.48528400,76.44420300,0.366,-0.000,10.0,10.0,0.0,18.6,2047,2046,RTK FIXED
86.495,070438.60,10.48528900,76.44420000,10.48528960,76.44419997,658052.896,1159431.425,108.00,658052.893,1159431.492,-55.6,12,658053.409,1159430.551,10.48528400,76.44420300,0.365,-0.024,10.0,9.6,0.0,17.9,2047,1969,RTK FIXED
86.541,070438.60,10.48528900,76.44420000,10.48528936,76.44419998,658052.896,1159431.425,108.00,658052.894,1159431.465,-55.6,12,658053.409,1159430.551,10.48528400,76.44420300,0.365,-0.024,10.0,9.6,0.5,18.1,2047,1969,RTK FIXED
86.595,070438.60,10.48528900,76.44420000,10.48528922,76.44419999,658052.896,1159431.425,108.00,658052.895,1159431.449,-55.6,12,658053.409,1159430.551,10.48528400,76.44420300,0.365,-0.024,10.0,9.6,0.0,17.9,2047,1969,RTK FIXED
86.640,070438.60,10.48528900,76.44420000,10.48528913,76.44419999,658052.896,1159431.425,108.00,658052.895,1159431.440,-55.6,12,658053.409,1159430.551,10.48528400,76.44420300,0.365,-0.024,10.0,9.6,-0.6,17.6,2047,1969,RTK FIXED
86.695,070438.80,10.48528900,76.44420000,10.48528908,76.44420000,658052.877,1159431.414,108.00,658052.888,1159431.429,-55.6,12,658053.409,1159430.551,10.48528400,76.44420300,0.366,-0.024,10.0,9.6,0.5,16.9,2047,1968,RTK FIXED
86.741,070438.80,10.48528900,76.44420000,10.48528905,76.44420000,658052.877,1159431.414,108.00,658052.883,1159431.423,-55.6,12,658053.409,1159430.551,10.48528400,76.44420300,0.366,-0.024,10.0,9.6,-0.5,17.5,2047,1968,RTK FIXED
86.795,070438.80,10.48528900,76.44420000,10.48528903,76.44420000,658052.877,1159431.414,108.00,658052.881,1159431.419,-55.6,12,658053.409,1159430.551,10.48528400,76.44420300,0.366,-0.024,10.0,9.6,0.0,17.1,2047,1968,RTK FIXED
86.841,070438.80,10.48528900,76.44420000,10.48528902,76.44420000,658052.877,1159431.414,108.00,658052.879,1159431.417,-55.6,12,658053.409,1159430.551,10.48528400,76.44420300,0.366,-0.024,10.0,9.6,0.5,17.0,2047,1968,RTK FIXED
86.895,070439.00,10.48528900,76.44420000,10.48528901,76.44420000,658052.877,1159431.414,108.00,658052.878,1159431.416,-55.6,12,658053.409,1159430.551,10.48528400,76.44420300,0.366,-0.021,10.0,9.7,0.0,16.9,2047,1978,RTK FIXED
86.948,070439.00,10.48528900,76.44420000,10.48528901,76.44420000,658052.877,1159431.414,108.00,658052.878,1159431.415,-55.6,12,658053.409,1159430.551,10.48528400,76.44420300,0.366,-0.021,10.0,9.7,0.0,17.0,2047,1978,RTK FIXED
86.996,070439.20,10.48528800,76.44420000,10.48528860,76.44420000,658052.877,1159431.303,108.00,658052.877,1159431.370,-62.8,12,658053.409,1159430.551,10.48528400,76.44420300,0.365,0.027,9.6,10.0,0.0,17.4,1958,2047,RTK FIXED
87.049,070439.20,10.48528800,76.44420000,10.48528836,76.44420000,658052.877,1159431.303,108.00,658052.877,1159431.343,-62.8,12,658053.409,1159430.551,10.48528400,76.44420300,0.365,0.027,9.6,10.0,-0.5,17.0,1958,2047,RTK FIXED
87.096,070439.20,10.48528800,76.44420000,10.48528822,76.44420000,658052.877,1159431.303,108.00,658052.877,1159431.327,-62.8,12,658053.409,1159430.551,10.48528400,76.44420300,0.365,0.027,9.6,10.0,0.5,16.6,1958,2047,RTK FIXED
87.150,070439.40,10.48528800,76.44420000,10.48528813,76.44420000,658052.918,1159431.326,108.00,658052.894,1159431.327,-62.8,12,658053.409,1159430.551,10.48528400,76.44420300,0.365,0.035,9.4,10.0,0.0,17.1,1932,2047,RTK FIXED
87.195,070439.40,10.48528800,76.44420000,10.48528808,76.44420000,658052.918,1159431.326,108.00,658052.903,1159431.326,-62.8,12,658053.409,1159430.551,10.48528400,76.44420300,0.365,0.035,9.4,10.0,-0.5,18.1,1932,2047,RTK FIXED
87.249,070439.40,10.48528800,76.44420000,10.48528805,76.44420000,658052.918,1159431.326,108.00,658052.909,1159431.326,-62.8,12,658053.409,1159430.551,10.48528400,76.44420300,0.365,0.035,9.4,10.0,0.0,17.2,1932,2047,RTK FIXED
87.295,070439.40,10.48528800,76.44420000,10.48528803,76.44420000,658052.918,1159431.326,108.00,658052.913,1159431.326,-62.8,12,658053.409,1159430.551,10.48528400,76.44420300,0.365,0.035,9.4,10.0,0.0,18.4,1932,2047,RTK FIXED
87.350,070439.40,10.48528800,76.44420000,10.48528802,76.44420000,658052.918,1159431.326,108.00,658052.915,1159431.326,-62.8,12,658053.409,1159430.551,10.48528400,76.44420300,0.365,0.035,9.4,10.0,0.5,17.6,1932,2047,RTK FIXED
87.395,070439.40,10.48528800,76.44420000,10.48528801,76.44420000,658052.918,1159431.326,108.00,658052.916,1159431.326,-62.8,12,658053.409,1159430.551,10.48528400,76.44420300,0.365,0.035,9.4,10.0,0.0,17.9,1932,2047,RTK FIXED
87.450,070439.40,10.48528800,76.44420000,10.48528801,76.44420000,658052.918,1159431.326,108.00,658052.917,1159431.326,-62.8,12,658053.409,1159430.551,10.48528400,76.44420300,0.365,0.035,9.4,10.0,-0.5,17.6,1932,2047,RTK FIXED
87.504,070439.60,10.48528800,76.44420100,10.48528800,76.44420040,658053.027,1159431.326,108.00,658052.961,1159431.326,-52.6,12,658053.409,1159430.551,10.48528400,76.44420300,0.364,-0.037,10.0,9.4,0.5,17.5,2047,1927,RTK FIXED
87.550,070439.60,10.48528800,76.44420100,10.48528800,76.44420064,658053.027,1159431.326,108.00,658052.988,1159431.326,-52.6,12,658053.409,1159430.551,10.48528400,76.44420300,0.364,-0.037,10.0,9.4,0.0,17.8,2047,1927,RTK FIXED
87.603,070439.60,10.48528800,76.44420100,10.48528800,76.44420078,658053.027,1159431.326,108.00,658053.004,1159431.326,-52.6,12,658053.409,1159430.551,10.48528400,76.44420300,0.364,-0.037,10.0,9.4,0.0,17.3,2047,1927,RTK FIXED
87.650,070439.60,10.48528800,76.44420100,10.48528800,76.44420087,658053.027,1159431.326,108.00,658053.013,1159431.326,-52.6,12,658053.409,1159430.551,10.48528400,76.44420300,0.364,-0.037,10.0,9.4,-0.5,17.3,2047,1927,RTK FIXED
87.704,070439.80,10.48528700,76.44420100,10.48528760,76.44420092,658052.971,1159431.182,108.00,658052.996,1159431.269,-52.6,12,658053.409,1159430.551,10.48528400,76.44420300,0.365,-0.038,10.0,9.4,0.5,17.1,2047,1923,RTK FIXED
87.750,070439.80,10.48528700,76.44420100,10.48528736,76.44420095,658052.971,1159431.182,108.00,658052.986,1159431.234,-52.6,12,658053.409,1159430.551,10.48528400,76.44420300,0.365,-0.038,10.0,9.4,0.0,16.9,2047,1923,RTK FIXED
87.803,070439.80,10.48528700,76.44420100,10.48528722,76.44420097,658052.971,1159431.182,108.00,658052.980,1159431.213,-52.6,12,658053.409,1159430.551,10.48528400,76.44420300,0.365,-0.038,10.0,9.4,0.0,17.2,2047,1923,RTK FIXED
87.850,070439.80,10.48528700,76.44420100,10.48528713,76.44420098,658052.971,1159431.182,108.00,658052.977,1159431.201,-52.6,12,658053.409,1159430.551,10.48528400,76.44420300,0.365,-0.038,10.0,9.4,-0.5,17.2,2047,1923,RTK FIXED
87.904,070440.00,10.48528700,76.44420100,10.48528708,76.44420099,658052.971,1159431.182,108.00,658052.975,1159431.193,-61.1,12,658053.409,1159430.551,10.48528400,76.44420300,0.366,0.012,9.8,10.0,0.5,16.7,2006,2047,RTK FIXED
87.950,070440.00,10.48528700,76.44420100,10.48528705,76.44420099,658052.971,1159431.182,108.00,658052.973,1159431.189,-61.1,12,658053.409,1159430.551,10.48528400,76.44420300,0.366,0.012,9.8,10.0,-0.5,17.3,2006,2047,RTK FIXED
88.004,070440.00,10.48528700,76.44420100,10.48528703,76.44420100,658052.971,1159431.182,108.00,658052.973,1159431.186,-61.1,12,658053.409,1159430.551,10.48528400,76.44420300,0.366,0.012,9.8,10.0,0.0,17.5,2006,2047,RTK FIXED
88.051,070440.20,10.48528700,76.44420100,10.48528702,76.44420100,658053.018,1159431.211,108.00,658052.991,1159431.196,-61.1,12,658053.409,1159430.551,10.48528400,76.44420300,0.366,0.016,9.7,10.0,0.5,16.7,1993,2047,RTK FIXED
88.104,070440.20,10.48528700,76.44420100,10.48528701,76.44420100,658053.018,1159431.211,108.00,658053.002,1159431.202,-61.1,12,658053.409,1159430.551,10.48528400,76.44420300,0.366,0.016,9.7,10.0,-0.5,17.9,1993,2047,RTK FIXED
88.158,070440.40,10.48528600,76.44420100,10.48528661,76.44420100,658053.019,1159431.100,108.00,658053.009,1159431.161,-61.1,12,658053.409,1159430.551,10.48528400,76.44420300,0.365,0.025,9.6,10.0,0.5,17.5,1965,2047,RTK FIXED
88.204,070440.40,10.48528600,76.44420100,10.48528636,76.44420100,658053.019,1159431.100,108.00,658053.013,1159431.137,-61.1,12,658053.409,1159430.551,10.48528400,76.44420300,0.365,0.025,9.6,10.0,0.0,17.8,1965,2047,RTK FIXED
88.258,070440.40,10.48528600,76.44420100,10.48528622,76.44420100,658053.019,1159431.100,108.00,658053.015,1159431.122,-61.1,12,658053.409,1159430.551,10.48528400,76.44420300,0.365,0.025,9.6,10.0,-0.5,18.7,1965,2047,RTK FIXED
88.303,070440.40,10.48528600,76.44420100,10.48528613,76.44420100,658053.019,1159431.100,108.00,658053.016,1159431.113,-61.1,12,658053.409,1159430.551,10.48528400,76.44420300,0.365,0.025,9.6,10.0,0.0,18.1,1965,2047,RTK FIXED
88.358,070440.40,10.48528600,76.44420100,10.48528608,76.44420100,658053.019,1159431.100,108.00,658053.017,1159431.108,-61.1,12,658053.409,1159430.551,10.48528400,76.44420300,0.365,0.025,9.6,10.0,0.5,18.8,1965,2047,RTK FIXED
88.403,070440.40,10.48528600,76.44420100,10.48528605,76.44420100,658053.019,1159431.100,108.00,658053.018,1159431.105,-61.1,12,658053.409,1159430.551,10.48528400,76.44420300,0.365,0.025,9.6,10.0,-0.5,18.6,1965,2047,RTK FIXED
88.459,070440.60,10.48528600,76.44420100,10.48528603,76.44420100,658053.019,1159431.100,108.00,658053.018,1159431.103,-62.3,12,658053.409,1159430.551,10.48528400,76.44420300,0.365,0.039,9.4,10.0,0.0,18.2,1918,2047,RTK FIXED
88.504,070440.60,10.48528600,76.44420100,10.48528602,76.44420100,658053.019,1159431.100,108.00,658053.018,1159431.102,-62.3,12,658053.409,1159430.551,10.48528400,76.44420300,0.365,0.039,9.4,10.0,0.5,18.7,1918,2047,RTK FIXED
88.558,070440.60,10.48528600,76.44420100,10.48528601,76.44420100,658053.019,1159431.100,108.00,658053.019,1159431.101,-62.3,12,658053.409,1159430.551,10.48528400,76.44420300,0.365,0.039,9.4,10.0,0.0,18.3,1918,2047,RTK FIXED
88.604,070440.60,10.48528600,76.44420100,10.48528601,76.44420100,658053.019,1159431.100,108.00,658053.019,1159431.101,-62.3,12,658053.409,1159430.551,10.48528400,76.44420300,0.365,0.039,9.4,10.0,0.0,18.7,1918,2047,RTK FIXED
88.659,070440.80,10.48528600,76.44420200,10.48528600,76.44420140,658053.135,1159431.104,108.00,658053.065,1159431.102,-62.3,12,658053.409,1159430.551,10.48528400,76.44420300,0.366,0.025,9.6,10.0,0.0,18.2,1964,2047,RTK FIXED
88.712,070440.80,10.48528600,76.44420200,10.48528600,76.44420164,658053.135,1159431.104,108.00,658053.093,1159431.103,-62.3,12,658053.409,1159430.551,10.48528400,76.44420300,0.366,0.025,9.6,10.0,-0.5,18.0,1964,2047,RTK FIXED
88.758,070440.80,10.48528600,76.44420200,10.48528600,76.44420178,658053.135,1159431.104,108.00,658053.110,1159431.103,-62.3,12,658053.409,1159430.551,10.48528400,76.44420300,0.366,0.025,9.6,10.0,0.0,18.3,1964,2047,RTK FIXED
88.812,070440.80,10.48528600,76.44420200,10.48528600,76.44420187,658053.135,1159431.104,108.00,658053.120,1159431.104,-62.3,12,658053.409,1159430.551,10.48528400,76.44420300,0.366,0.025,9.6,10.0,0.0,18.3,1964,2047,RTK FIXED
88.859,070441.00,10.48528500,76.44420200,10.48528560,76.44420192,658053.135,1159430.993,108.00,658053.126,1159431.060,-55.9,12,658053.409,1159430.551,10.48528400,76.44420300,0.366,-0.004,10.0,9.9,0.5,18.2,2047,2032,RTK FIXED
88.912,070441.00,10.48528500,76.44420200,10.48528536,76.44420195,658053.135,1159430.993,108.00,658053.130,1159431.033,-55.9,12,658053.409,1159430.551,10.48528400,76.44420300,0.366,-0.004,10.0,9.9,0.0,18.2,2047,2032,RTK FIXED
88.959,070441.20,10.48528500,76.44420200,10.48528522,76.44420197,658053.099,1159430.973,108.00,658053.118,1159431.009,-55.9,12,658053.409,1159430.551,10.48528400,76.44420300,0.366,-0.001,10.0,10.0,-0.5,18.5,2047,2043,RTK FIXED
89.012,070441.20,10.48528500,76.44420200,10.48528513,76.44420198,658053.099,1159430.973,108.00,658053.110,1159430.995,-55.9,12,658053.409,1159430.551,10.48528400,76.44420300,0.366,-0.001,10.0,10.0,0.5,18.5,2047,2043,RTK FIXED
89.059,070441.20,10.48528500,76.44420200,10.48528508,76.44420199,658053.099,1159430.973,108.00,658053.106,1159430.986,-55.9,12,658053.409,1159430.551,10.48528400,76.44420300,0.366,-0.001,10.0,10.0,0.0,18.6,2047,2043,RTK FIXED
89.112,070441.20,10.48528500,76.44420200,10.48528505,76.44420199,658053.099,1159430.973,108.00,658053.103,1159430.981,-55.9,12,658053.409,1159430.551,10.48528400,76.44420300,0.366,-0.001,10.0,10.0,0.0,18.8,2047,2043,RTK FIXED
89.167,070441.40,10.48528500,76.44420200,10.48528503,76.44420200,658053.099,1159430.973,108.00,658053.102,1159430.978,-55.9,12,658053.409,1159430.551,10.48528400,76.44420300,0.366,-0.000,10.0,10.0,0.0,19.1,2047,2046,RTK FIXED
89.213,070441.40,10.48528500,76.44420200,10.48528502,76.44420200,658053.099,1159430.973,108.00,658053.101,1159430.976,-55.9,12,658053.409,1159430.551,10.48528400,76.44420300,0.366,-0.000,10.0,10.0,-0.5,18.5,2047,2046,RTK FIXED
89.267,070441.40,10.48528500,76.44420200,10.48528501,76.44420200,658053.099,1159430.973,108.00,658053.100,1159430.975,-55.9,12,658053.409,1159430.551,10.48528400,76.44420300,0.366,-0.000,10.0,10.0,0.0,19.0,2047,2046,RTK FIXED
89.313,070441.40,10.48528500,76.44420200,10.48528501,76.44420200,658053.099,1159430.973,108.00,658053.100,1159430.974,-55.9,12,658053.409,1159430.551,10.48528400,76.44420300,0.366,-0.000,10.0,10.0,0.5,19.0,2047,2046,RTK FIXED
89.367,070441.40,10.48528500,76.44420200,10.48528500,76.44420200,658053.099,1159430.973,108.00,658053.100,1159430.974,-55.9,12,658053.409,1159430.551,10.48528400,76.44420300,0.366,-0.000,10.0,10.0,-0.5,18.1,2047,2046,RTK FIXED
89.413,070441.40,10.48528500,76.44420200,10.48528500,76.44420200,658053.099,1159430.973,108.00,658053.100,1159430.974,-55.9,12,658053.409,1159430.551,10.48528400,76.44420300,0.366,-0.000,10.0,10.0,0.5,18.4,2047,2046,RTK FIXED
89.467,070441.60,10.48528500,76.44420200,10.48528500,76.44420200,658053.099,1159430.973,108.00,658053.099,1159430.973,-64.3,12,658053.409,1159430.551,10.48528400,76.44420300,0.363,0.051,9.2,10.0,0.0,18.9,1883,2047,RTK FIXED
89.513,070441.60,10.48528500,76.44420200,10.48528500,76.44420200,658053.099,1159430.973,108.00,658053.099,1159430.973,-64.3,12,658053.409,1159430.551,10.48528400,76.44420300,0.363,0.051,9.2,10.0,-0.5,19.1,1883,2047,RTK FIXED
89.566,070441.60,10.48528500,76.44420200,10.48528500,76.44420200,658053.099,1159430.973,108.00,658053.099,1159430.973,-64.3,12,658053.409,1159430.551,10.48528400,76.44420300,0.363,0.051,9.2,10.0,0.5,18.6,1883,2047,RTK FIXED
89.613,070441.60,10.48528500,76.44420200,10.48528500,76.44420200,658053.099,1159430.973,108.00,658053.099,1159430.973,-64.3,12,658053.409,1159430.551,10.48528400,76.44420300,0.363,0.051,9.2,10.0,-0.5,18.8,1883,2047,RTK FIXED
89.668,070441.80,10.48528400,76.44420300,10.48528460,76.44420240,658053.257,1159430.889,108.00,658053.163,1159430.940,-64.3,12,658053.409,1159430.551,10.48528400,76.44420300,0.365,0.045,9.3,10.0,0.0,18.3,1901,2047,RTK FIXED
89.713,070441.80,10.48528400,76.44420300,10.48528436,76.44420264,658053.257,1159430.889,108.00,658053.200,1159430.919,-64.3,12,658053.409,1159430.551,10.48528400,76.44420300,0.365,0.045,9.3,10.0,0.6,17.8,1901,2047,RTK FIXED
89.767,070441.80,10.48528400,76.44420300,10.48528422,76.44420278,658053.257,1159430.889,108.00,658053.223,1159430.907,-64.3,12,658053.409,1159430.551,10.48528400,76.44420300,0.365,0.045,9.3,10.0,0.0,17.9,1901,2047,RTK FIXED
89.821,070441.80,10.48528400,76.44420300,10.48528413,76.44420287,658053.257,1159430.889,108.00,658053.237,1159430.900,-64.3,12,658053.409,1159430.551,10.48528400,76.44420300,0.365,0.045,9.3,10.0,0.0,18.6,1901,2047,RTK FIXED
89.868,070442.00,10.48528400,76.44420300,10.48528408,76.44420292,658053.257,1159430.889,108.00,658053.245,1159430.896,-55.1,12,658053.409,1159430.551,10.48528400,76.44420300,0.344,-0.014,10.0,9.8,0.0,17.7,2047,1999,RTK FIXED
89.921,070442.00,10.48528400,76.44420300,10.48528405,76.44420295,658053.257,1159430.889,108.00,658053.250,1159430.893,-55.1,12,658053.409,1159430.551,10.48528400,76.44420300,0.344,-0.014,10.0,9.8,0.0,18.3,2047,1999,RTK FIXED
