Time_Sec,UTC,Latitude,Longitude,Smoothed_Latitude,Smoothed_Longitude,UTM_X,UTM_Y,UTM_Z,Smoothed_UTM_X,Smoothed_UTM_Y,Yaw_Deg,Target_WP_Index,Target_WP_X,Target_WP_Y,Target_Latitude,Target_Longitude,Command_V,Command_W,Left_RPM,Right_RPM,Actual_Left_RPM,Actual_Right_RPM,Left_DAC,Right_DAC,RTK_Fix_Status
0.026,070957.20,10.48525100,76.44418800,10.48525100,76.44418800,658051.968,1159426.573,108.30,658051.968,1159426.573,109.7,1,658051.450,1159428.017,10.48526117,76.44418500,0.366,0.000,0.0,0.0,0.0,0.0,0,0,RTK FLOAT
0.069,070957.40,10.48525100,76.44418800,10.48525100,76.44418800,658051.899,1159426.542,108.30,658051.940,1159426.561,109.7,1,658051.450,1159428.017,10.48526117,76.44418500,0.366,-0.003,0.0,0.0,0.0,0.0,0,0,RTK FLOAT
0.122,070957.40,10.48525100,76.44418800,10.48525100,76.44418800,658051.899,1159426.542,108.30,658051.924,1159426.553,109.7,1,658051.450,1159428.017,10.48526117,76.44418500,0.366,-0.003,0.0,0.0,0.0,0.0,0,0,RTK FLOAT
0.168,070957.40,10.48525100,76.44418800,10.48525100,76.44418800,658051.899,1159426.542,108.30,658051.914,1159426.549,109.7,1,658051.450,1159428.017,10.48526117,76.44418500,0.366,-0.003,0.0,0.0,0.0,0.0,0,0,RTK FLOAT
0.222,070957.40,10.48525100,76.44418800,10.48525100,76.44418800,658051.899,1159426.542,108.30,658051.908,1159426.546,109.7,1,658051.450,1159428.017,10.48526117,76.44418500,0.366,-0.003,0.0,0.0,0.0,0.0,0,0,RTK FLOAT
0.276,070957.40,10.48525100,76.44418800,10.48525100,76.44418800,658051.899,1159426.542,108.30,658051.904,1159426.545,109.7,1,658051.450,1159428.017,10.48526117,76.44418500,0.366,-0.003,0.0,0.0,0.0,0.0,0,0,RTK FLOAT
0.322,070957.40,10.48525100,76.44418800,10.48525100,76.44418800,658051.899,1159426.542,108.30,658051.902,1159426.544,109.7,1,658051.450,1159428.017,10.48526117,76.44418500,0.366,-0.003,0.0,0.0,0.0,0.0,0,0,RTK FLOAT
0.377,070957.60,10.48525100,76.44418800,10.48525100,76.44418800,658051.899,1159426.542,108.30,658051.901,1159426.543,109.7,1,658051.450,1159428.017,10.48526117,76.44418500,0.366,-0.006,0.0,0.0,0.0,0.0,0,0,RTK FLOAT
0.422,070957.60,10.48525100,76.44418800,10.48525100,76.44418800,658051.899,1159426.542,108.30,658051.900,1159426.543,109.7,1,658051.450,1159428.017,10.48526117,76.44418500,0.366,-0.006,0.0,0.0,0.0,0.0,0,0,RTK FLOAT
0.476,070957.60,10.48525100,76.44418800,10.48525100,76.44418800,658051.899,1159426.542,108.30,658051.900,1159426.543,109.7,1,658051.450,1159428.017,10.48526117,76.44418500,0.366,-0.006,0.0,0.0,0.0,0.0,0,0,RTK FLOAT
0.522,070957.60,10.48525100,76.44418800,10.48525100,76.44418800,658051.899,1159426.542,108.30,658051.899,1159426.542,109.7,1,658051.450,1159428.017,10.48526117,76.44418500,0.366,-0.006,0.0,0.0,0.0,0.0,0,0,RTK FLOAT
0.576,070957.60,10.48525100,76.44418800,10.48525100,76.44418800,658051.899,1159426.542,108.30,658051.899,1159426.542,109.7,1,658051.450,1159428.017,10.48526117,76.44418500,0.366,-0.006,0.0,0.0,0.0,0.0,0,0,RTK FLOAT
0.622,070957.80,10.48525100,76.44418800,10.48525100,76.44418800,658051.899,1159426.542,108.30,658051.899,1159426.542,109.7,1,658051.450,1159428.017,10.48526117,76.44418500,0.366,-0.008,0.0,0.0,0.0,0.0,0,0,RTK FLOAT
0.676,070957.80,10.48525100,76.44418800,10.48525100,76.44418800,658051.899,1159426.542,108.30,658051.899,1159426.542,109.7,1,658051.450,1159428.017,10.48526117,76.44418500,0.366,-0.008,0.0,0.0,0.0,0.0,0,0,RTK FLOAT
0.730,070957.80,10.48525100,76.44418800,10.48525100,76.44418800,658051.899,1159426.542,108.30,658051.899,1159426.542,109.7,1,658051.450,1159428.017,10.48526117,76.44418500,0.366,-0.008,0.0,0.0,0.0,0.0,0,0,RTK FLOAT
0.776,070957.80,10.48525100,76.44418800,10.48525100,76.44418800,658051.899,1159426.542,108.30,658051.899,1159426.542,109.7,1,658051.450,1159428.017,10.48526117,76.44418500,0.366,-0.008,0.0,0.0,0.0,0.0,0,0,RTK FLOAT
0.830,070958.00,10.48525100,76.44418800,10.48525100,76.44418800,658051.899,1159426.542,108.30,658051.899,1159426.542,109.7,1,658051.450,1159428.017,10.48526117,76.44418500,0.366,-0.009,0.0,0.0,0.0,0.0,0,0,RTK FLOAT
0.876,070958.00,10.48525100,76.44418800,10.48525100,76.44418800,658051.899,1159426.542,108.30,658051.899,1159426.542,109.7,1,658051.450,1159428.017,10.48526117,76.44418500,0.366,-0.009,0.0,0.0,0.0,0.0,0,0,RTK FLOAT
0.930,070958.20,10.48525100,76.44418800,10.48525100,76.44418800,658051.899,1159426.542,108.30,658051.899,1159426.542,109.7,1,658051.450,1159428.017,10.48526117,76.44418500,0.366,-0.010,0.0,0.0,0.0,0.0,0,0,RTK FLOAT
0.976,070958.20,10.48525100,76.44418800,10.48525100,76.44418800,658051.899,1159426.542,108.30,658051.899,1159426.542,109.7,1,658051.450,1159428.017,10.48526117,76.44418500,0.366,-0.010,0.0,0.0,0.0,0.0,0,0,RTK FLOAT
1.030,070958.20,10.48525100,76.44418800,10.48525100,76.44418800,658051.899,1159426.542,108.30,658051.899,1159426.542,109.7,1,658051.450,1159428.017,10.48526117,76.44418500,0.366,-0.010,0.0,0.0,0.0,0.0,0,0,RTK FLOAT
1.076,070958.20,10.48525100,76.44418800,10.48525100,76.44418800,658051.899,1159426.542,108.30,658051.899,1159426.542,109.7,1,658051.450,1159428.017,10.48526117,76.44418500,0.366,-0.010,0.0,0.0,0.0,0.0,0,0,RTK FLOAT
1.130,070958.20,10.48525100,76.44418800,10.48525100,76.44418800,658051.899,1159426.542,108.30,658051.899,1159426.542,109.7,1,658051.450,1159428.017,10.48526117,76.44418500,0.366,-0.010,0.0,0.0,0.0,0.0,0,0,RTK FLOAT
1.177,070958.40,10.48525100,76.44418800,10.48525100,76.44418800,658051.899,1159426.542,108.30,658051.899,1159426.542,109.7,1,658051.450,1159428.017,10.48526117,76.44418500,0.366,-0.010,0.0,0.0,0.0,0.0,0,0,RTK FLOAT
1.230,070958.40,10.48525100,76.44418800,10.48525100,76.44418800,658051.899,1159426.542,108.30,658051.899,1159426.542,109.7,1,658051.450,1159428.017,10.48526117,76.44418500,0.366,-0.010,0.0,0.0,0.0,0.0,0,0,RTK FLOAT
1.284,070958.40,10.48525100,76.44418800,10.48525100,76.44418800,658051.899,1159426.542,108.30,658051.899,1159426.542,109.7,1,658051.450,1159428.017,10.48526117,76.44418500,0.366,-0.010,0.0,0.0,0.0,0.0,0,0,RTK FLOAT
1.330,070958.40,10.48525100,76.44418800,10.48525100,76.44418800,658051.899,1159426.542,108.30,658051.899,1159426.542,109.7,1,658051.450,1159428.017,10.48526117,76.44418500,0.366,-0.010,0.0,0.0,0.0,0.0,0,0,RTK FLOAT
1.386,070958.60,10.48525100,76.44418800,10.48525100,76.44418800,658051.899,1159426.542,108.30,658051.899,1159426.542,109.7,1,658051.450,1159428.017,10.48526117,76.44418500,0.366,-0.011,0.0,0.0,0.0,0.0,0,0,RTK FLOAT
1.430,070958.60,10.48525100,76.44418800,10.48525100,76.44418800,658051.899,1159426.542,108.30,658051.899,1159426.542,109.7,1,658051.450,1159428.017,10.48526117,76.44418500,0.366,-0.011,0.0,0.0,0.0,0.0,0,0,RTK FLOAT
1.485,070958.60,10.48525100,76.44418800,10.48525100,76.44418800,658051.899,1159426.542,108.30,658051.899,1159426.542,109.7,1,658051.450,1159428.017,10.48526117,76.44418500,0.366,-0.011,0.0,0.0,0.0,0.0,0,0,RTK FLOAT
1.530,070958.60,10.48525100,76.44418800,10.48525100,76.44418800,658051.899,1159426.542,108.30,658051.899,1159426.542,109.7,1,658051.450,1159428.017,10.48526117,76.44418500,0.366,-0.011,0.0,0.0,0.0,0.0,0,0,RTK FLOAT
1.585,070958.80,10.48525100,76.44418800,10.48525100,76.44418800,658051.899,1159426.542,108.30,658051.899,1159426.542,109.7,1,658051.450,1159428.017,10.48526117,76.44418500,0.366,-0.011,0.0,0.0,0.0,0.0,0,0,RTK FLOAT
1.630,070958.80,10.48525100,76.44418800,10.48525100,76.44418800,658051.899,1159426.542,108.30,658051.899,1159426.542,109.7,1,658051.450,1159428.017,10.48526117,76.44418500,0.366,-0.011,0.0,0.0,0.0,0.0,0,0,RTK FLOAT
1.685,070958.80,10.48525100,76.44418800,10.48525100,76.44418800,658051.899,1159426.542,108.30,658051.899,1159426.542,109.7,1,658051.450,1159428.017,10.48526117,76.44418500,0.366,-0.011,0.0,0.0,0.0,0.0,0,0,RTK FLOAT
1.731,070959.00,10.48525100,76.44418800,10.48525100,76.44418800,658051.899,1159426.542,108.30,658051.899,1159426.542,109.7,1,658051.450,1159428.017,10.48526117,76.44418500,0.366,-0.011,0.0,0.0,0.0,0.0,0,0,RTK FLOAT
1.785,070959.00,10.48525100,76.44418800,10.48525100,76.44418800,658051.899,1159426.542,108.30,658051.899,1159426.542,109.7,1,658051.450,1159428.017,10.48526117,76.44418500,0.366,-0.011,0.0,0.0,0.0,0.0,0,0,RTK FLOAT
2.466,070959.60,10.48525100,76.44418800,10.48525100,76.44418800,658051.899,1159426.542,108.30,658051.899,1159426.542,106.9,1,658051.450,1159428.017,10.48526117,76.44418500,0.366,0.000,0.0,0.0,0.0,-0.3,0,0,RTK FLOAT
2.499,070959.60,10.48525100,76.44418800,10.48525100,76.44418800,658051.899,1159426.542,108.30,658051.899,1159426.542,106.9,1,658051.450,1159428.017,10.48526117,76.44418500,0.366,0.000,10.0,10.0,0.0,0.0,450,450,RTK FLOAT
2.554,070959.60,10.48525100,76.44418800,10.48525100,76.44418800,658051.899,1159426.542,108.30,658051.899,1159426.542,106.9,1,658051.450,1159428.017,10.48526117,76.44418500,0.366,0.000,10.0,10.0,0.0,0.0,900,900,RTK FLOAT
2.600,070959.60,10.48525100,76.44418800,10.48525100,76.44418800,658051.899,1159426.542,108.30,658051.899,1159426.542,106.9,1,658051.450,1159428.017,10.48526117,76.44418500,0.366,0.000,10.0,10.0,0.0,0.0,1350,1350,RTK FLOAT
2.654,070959.80,10.48525100,76.44418800,10.48525100,76.44418800,658051.882,1159426.537,108.30,658051.892,1159426.540,135.9,1,658051.450,1159428.017,10.48526117,76.44418500,0.324,-0.258,10.0,4.3,0.0,0.0,1800,1100,RTK FLOAT
2.699,070959.80,10.48525100,76.44418800,10.48525100,76.44418800,658051.882,1159426.537,108.30,658051.888,1159426.539,135.9,1,658051.450,1159428.017,10.48526117,76.44418500,0.324,-0.258,10.0,4.3,0.0,0.0,2047,1100,RTK FLOAT
2.755,070959.80,10.48525100,76.44418800,10.48525100,76.44418800,658051.882,1159426.537,108.30,658051.885,1159426.538,135.9,1,658051.450,1159428.017,10.48526117,76.44418500,0.324,-0.258,10.0,4.3,0.0,0.0,2047,1100,RTK FLOAT
2.801,071000.00,10.48525200,76.44418800,10.48525140,76.44418800,658052.042,1159426.740,108.00,658051.948,1159426.619,111.1,1,658051.450,1159428.017,10.48526117,76.44418500,0.366,-0.079,10.0,8.8,0.0,0.0,2047,1550,RTK FIXED
2.853,071000.00,10.48525200,76.44418800,10.48525164,76.44418800,658052.042,1159426.740,108.00,658051.985,1159426.667,111.1,1,658051.450,1159428.017,10.48526117,76.44418500,0.366,-0.079,10.0,8.8,0.0,0.0,2047,1798,RTK FIXED
2.899,071000.00,10.48525200,76.44418800,10.48525178,76.44418800,658052.042,1159426.740,108.00,658052.008,1159426.696,111.1,1,658051.450,1159428.017,10.48526117,76.44418500,0.366,-0.079,10.0,8.8,0.0,0.5,2047,1798,RTK FIXED
2.954,071000.20,10.48525200,76.44418800,10.48525187,76.44418800,658051.907,1159426.656,108.00,658051.967,1159426.680,111.1,1,658051.450,1159428.017,10.48526117,76.44418500,0.366,-0.036,10.0,9.4,0.0,1.4,2047,1931,RTK FIXED
3.008,071000.20,10.48525200,76.44418800,10.48525192,76.44418800,658051.907,1159426.656,108.00,658051.943,1159426.670,111.1,1,658051.450,1159428.017,10.48526117,76.44418500,0.366,-0.036,10.0,9.4,-0.5,2.4,2047,1931,RTK FIXED
3.054,071000.20,10.48525200,76.44418800,10.48525195,76.44418800,658051.907,1159426.656,108.00,658051.928,1159426.664,111.1,1,658051.450,1159428.017,10.48526117,76.44418500,0.366,-0.036,10.0,9.4,0.5,4.3,2047,1931,RTK FIXED
3.107,071000.20,10.48525200,76.44418800,10.48525197,76.44418800,658051.907,1159426.656,108.00,658051.920,1159426.661,111.1,1,658051.450,1159428.017,10.48526117,76.44418500,0.366,-0.036,10.0,9.4,-0.5,4.7,2047,1931,RTK FIXED
3.154,071000.20,10.48525200,76.44418800,10.48525198,76.44418800,658051.907,1159426.656,108.00,658051.914,1159426.659,111.1,1,658051.450,1159428.017,10.48526117,76.44418500,0.366,-0.036,10.0,9.4,0.0,4.3,2047,1931,RTK FIXED
3.208,071000.40,10.48525200,76.44418800,10.48525199,76.44418800,658051.907,1159426.656,108.00,658051.911,1159426.657,111.1,1,658051.450,1159428.017,10.48526117,76.44418500,0.366,-0.026,10.0,9.6,0.0,3.7,2047,1962,RTK FIXED
3.254,071000.40,10.48525200,76.44418800,10.48525199,76.44418800,658051.907,1159426.656,108.00,658051.909,1159426.657,111.1,1,658051.450,1159428.017,10.48526117,76.44418500,0.366,-0.026,10.0,9.6,0.5,4.4,2047,1962,RTK FIXED
3.307,071000.40,10.48525200,76.44418800,10.48525200,76.44418800,658051.907,1159426.656,108.00,658051.908,1159426.656,111.1,1,658051.450,1159428.017,10.48526117,76.44418500,0.366,-0.026,10.0,9.6,-0.5,5.2,2047,1962,RTK FIXED
3.354,071000.40,10.48525200,76.44418800,10.48525200,76.44418800,658051.907,1159426.656,108.00,658051.908,1159426.656,111.1,1,658051.450,1159428.017,10.48526117,76.44418500,0.366,-0.026,10.0,9.6,0.0,4.8,2047,1962,RTK FIXED
3.409,071000.60,10.48525200,76.44418800,10.48525200,76.44418800,658051.907,1159426.656,108.00,658051.907,1159426.656,111.1,1,658051.450,1159428.017,10.48526117,76.44418500,0.366,-0.024,10.0,9.6,0.0,6.0,2047,1968,RTK FIXED
3.462,071000.60,10.48525200,76.44418800,10.48525200,76.44418800,658051.907,1159426.656,108.00,658051.907,1159426.656,111.1,1,658051.450,1159428.017,10.48526117,76.44418500,0.366,-0.024,10.0,9.6,0.0,6.5,2047,1968,RTK FIXED
3.508,071000.60,10.48525200,76.44418800,10.48525200,76.44418800,658051.907,1159426.656,108.00,658051.907,1159426.656,111.1,1,658051.450,1159428.017,10.48526117,76.44418500,0.366,-0.024,10.0,9.6,0.5,7.1,2047,1968,RTK FIXED
3.562,071000.80,10.48525200,76.44418800,10.48525200,76.44418800,658051.907,1159426.656,108.00,658051.907,1159426.656,111.1,1,658051.450,1159428.017,10.48526117,76.44418500,0.366,-0.024,10.0,9.6,0.0,10.1,2047,1968,RTK FIXED
3.609,071000.80,10.48525200,76.44418800,10.48525200,76.44418800,658051.907,1159426.656,108.00,658051.907,1159426.656,111.1,1,658051.450,1159428.017,10.48526117,76.44418500,0.366,-0.024,10.0,9.6,0.0,9.8,2047,1968,RTK FIXED
3.662,071000.80,10.48525200,76.44418800,10.48525200,76.44418800,658051.907,1159426.656,108.00,658051.907,1159426.656,111.1,1,658051.450,1159428.017,10.48526117,76.44418500,0.366,-0.024,10.0,9.6,-0.5,12.0,2047,1968,RTK FIXED
3.708,071000.80,10.48525200,76.44418800,10.48525200,76.44418800,658051.907,1159426.656,108.00,658051.907,1159426.656,111.1,1,658051.450,1159428.017,10.48526117,76.44418500,0.366,-0.024,10.0,9.6,0.0,12.5,2047,1968,RTK FIXED
3.763,071000.80,10.48525200,76.44418800,10.48525200,76.44418800,658051.907,1159426.656,108.00,658051.907,1159426.656,111.1,1,658051.450,1159428.017,10.48526117,76.44418500,0.366,-0.024,10.0,9.6,0.0,13.8,2047,1968,RTK FIXED
3.809,071001.00,10.48525200,76.44418800,10.48525200,76.44418800,658051.907,1159426.656,108.00,658051.907,1159426.656,111.1,1,658051.450,1159428.017,10.48526117,76.44418500,0.366,-0.024,10.0,9.6,0.5,14.1,2047,1967,RTK FIXED
3.862,071001.00,10.48525200,76.44418800,10.48525200,76.44418800,658051.907,1159426.656,108.00,658051.907,1159426.656,111.1,1,658051.450,1159428.017,10.48526117,76.44418500,0.366,-0.024,10.0,9.6,0.0,14.5,2047,1967,RTK FIXED
3.909,071001.00,10.48525200,76.44418800,10.48525200,76.44418800,658051.907,1159426.656,108.00,658051.907,1159426.656,111.1,1,658051.450,1159428.017,10.48526117,76.44418500,0.366,-0.024,10.0,9.6,-0.5,13.0,2047,1967,RTK FIXED
3.963,071001.20,10.48525200,76.44418800,10.48525200,76.44418800,658051.907,1159426.656,108.00,658051.907,1159426.656,111.1,1,658051.450,1159428.017,10.48526117,76.44418500,0.366,-0.024,10.0,9.6,0.5,16.0,2047,1966,RTK FIXED
4.016,071001.20,10.48525200,76.44418800,10.48525200,76.44418800,658051.907,1159426.656,108.00,658051.907,1159426.656,111.1,1,658051.450,1159428.017,10.48526117,76.44418500,0.366,-0.024,10.0,9.6,0.0,17.0,2047,1966,RTK FIXED
4.062,071001.20,10.48525200,76.44418800,10.48525200,76.44418800,658051.907,1159426.656,108.00,658051.907,1159426.656,111.1,1,658051.450,1159428.017,10.48526117,76.44418500,0.366,-0.024,10.0,9.6,0.0,16.2,2047,1966,RTK FIXED
4.117,071001.40,10.48525200,76.44418700,10.48525200,76.44418760,658051.797,1159426.655,108.00,658051.863,1159426.655,125.3,1,658051.450,1159428.017,10.48526117,76.44418500,0.350,-0.173,10.0,7.4,-0.5,16.6,2047,1519,RTK FIXED
4.162,071001.40,10.48525200,76.44418700,10.48525200,76.44418736,658051.797,1159426.655,108.00,658051.836,1159426.655,125.3,1,658051.450,1159428.017,10.48526117,76.44418500,0.350,-0.173,10.0,7.4,0.0,16.4,2047,1519,RTK FIXED
4.217,071001.40,10.48525200,76.44418700,10.48525200,76.44418722,658051.797,1159426.655,108.00,658051.821,1159426.655,125.3,1,658051.450,1159428.017,10.48526117,76.44418500,0.350,-0.173,10.0,7.4,0.0,15.8,2047,1519,RTK FIXED
4.270,071001.40,10.48525200,76.44418700,10.48525200,76.44418713,658051.797,1159426.655,108.00,658051.811,1159426.655,125.3,1,658051.450,1159428.017,10.48526117,76.44418500,0.350,-0.173,10.0,7.4,0.5,13.0,2047,1519,RTK FIXED
4.317,071001.40,10.48525200,76.44418700,10.48525200,76.44418708,658051.797,1159426.655,108.00,658051.806,1159426.655,125.3,1,658051.450,1159428.017,10.48526117,76.44418500,0.350,-0.173,10.0,7.4,0.0,14.1,2047,1519,RTK FIXED
4.371,071001.60,10.48525200,76.44418700,10.48525200,76.44418705,658051.879,1159426.696,108.00,658051.835,1159426.672,125.3,1,658051.450,1159428.017,10.48526117,76.44418500,0.350,-0.210,10.0,6.9,0.0,14.3,2047,1421,RTK FIXED
4.416,071001.60,10.48525200,76.44418700,10.48525200,76.44418703,658051.879,1159426.696,108.00,658051.853,1159426.682,125.3,1,658051.450,1159428.017,10.48526117,76.44418500,0.350,-0.210,10.0,6.9,-0.6,13.3,2047,1421,RTK FIXED
4.470,071001.60,10.48525200,76.44418700,10.48525200,76.44418702,658051.879,1159426.696,108.00,658051.863,1159426.687,125.3,1,658051.450,1159428.017,10.48526117,76.44418500,0.350,-0.210,10.0,6.9,0.0,11.9,2047,1421,RTK FIXED
4.517,071001.60,10.48525200,76.44418700,10.48525200,76.44418701,658051.879,1159426.696,108.00,658051.870,1159426.691,125.3,1,658051.450,1159428.017,10.48526117,76.44418500,0.350,-0.210,10.0,6.9,0.5,10.9,2047,1421,RTK FIXED
4.571,071001.80,10.48525200,76.44418700,10.48525200,76.44418701,658051.879,1159426.696,108.00,658051.874,1159426.693,125.3,1,658051.450,1159428.017,10.48526117,76.44418500,0.350,-0.221,10.0,6.8,0.0,11.0,2047,1395,RTK FIXED
4.625,071001.80,10.48525200,76.44418700,10.48525200,76.44418700,658051.879,1159426.696,108.00,658051.876,1159426.694,125.3,1,658051.450,1159428.017,10.48526117,76.44418500,0.350,-0.221,10.0,6.8,-0.5,11.3,2047,1395,RTK FIXED
4.671,071001.80,10.48525200,76.44418700,10.48525200,76.44418700,658051.879,1159426.696,108.00,658051.877,1159426.695,125.3,1,658051.450,1159428.017,10.48526117,76.44418500,0.350,-0.221,10.0,6.8,0.5,9.7,2047,1395,RTK FIXED
4.725,071001.80,10.48525200,76.44418700,10.48525200,76.44418700,658051.879,1159426.696,108.00,658051.878,1159426.696,125.3,1,658051.450,1159428.017,10.48526117,76.44418500,0.350,-0.221,10.0,6.8,-0.5,10.2,2047,1395,RTK FIXED
4.771,071001.80,10.48525200,76.44418700,10.48525200,76.44418700,658051.879,1159426.696,108.00,658051.879,1159426.696,125.3,1,658051.450,1159428.017,10.48526117,76.44418500,0.350,-0.221,10.0,6.8,0.0,9.2,2047,1395,RTK FIXED
4.825,071002.00,10.48525200,76.44418600,10.48525200,76.44418660,658051.770,1159426.696,108.00,658051.835,1159426.696,125.3,1,658051.450,1159428.017,10.48526117,76.44418500,0.350,-0.231,10.0,6.7,0.5,10.6,2047,1369,RTK FIXED
4.871,071002.00,10.48525200,76.44418600,10.48525200,76.44418636,658051.770,1159426.696,108.00,658051.809,1159426.696,125.3,1,658051.450,1159428.017,10.48526117,76.44418500,0.350,-0.231,10.0,6.7,0.0,9.8,2047,1369,RTK FIXED
4.924,071002.00,10.48525200,76.44418600,10.48525200,76.44418622,658051.770,1159426.696,108.00,658051.793,1159426.696,125.3,1,658051.450,1159428.017,10.48526117,76.44418500,0.350,-0.231,10.0,6.7,-0.5,9.4,2047,1369,RTK FIXED
4.971,071002.20,10.48525200,76.44418600,10.48525200,76.44418613,658051.770,1159426.696,108.00,658051.784,1159426.696,125.3,1,658051.450,1159428.017,10.48526117,76.44418500,0.350,-0.239,10.0,6.6,0.5,9.5,2047,1350,RTK FIXED
5.025,071002.20,10.48525200,76.44418600,10.48525200,76.44418608,658051.770,1159426.696,108.00,658051.778,1159426.696,125.3,1,658051.450,1159428.017,10.48526117,76.44418500,0.350,-0.239,10.0,6.6,-0.5,9.8,2047,1350,RTK FIXED
5.071,071002.40,10.48525200,76.44418600,10.48525200,76.44418605,658051.770,1159426.696,108.00,658051.775,1159426.696,133.3,1,658051.450,1159428.017,10.48526117,76.44418500,0.331,-0.316,10.0,5.6,0.0,9.6,2047,1136,RTK FIXED
5.125,071002.40,10.48525200,76.44418600,10.48525200,76.44418603,658051.770,1159426.696,108.00,658051.773,1159426.696,133.3,1,658051.450,1159428.017,10.48526117,76.44418500,0.331,-0.316,10.0,5.6,0.5,9.8,2047,1136,RTK FIXED
5.179,071002.40,10.48525200,76.44418600,10.48525200,76.44418602,658051.770,1159426.696,108.00,658051.772,1159426.696,133.3,1,658051.450,1159428.017,10.48526117,76.44418500,0.331,-0.316,10.0,5.6,-0.5,9.3,2047,1136,RTK FIXED
5.225,071002.40,10.48525200,76.44418600,10.48525200,76.44418601,658051.770,1159426.696,108.00,658051.771,1159426.696,133.3,1,658051.450,1159428.017,10.48526117,76.44418500,0.331,-0.316,10.0,5.6,0.5,6.5,2047,1136,RTK FIXED
5.279,071002.60,10.48525200,76.44418500,10.48525200,76.44418561,658051.701,1159426.727,108.00,658051.743,1159426.708,133.3,1,658051.450,1159428.017,10.48526117,76.44418500,0.331,-0.343,10.0,5.3,-0.5,8.3,2047,1100,RTK FIXED
5.325,071002.60,10.48525200,76.44418500,10.48525200,76.44418536,658051.701,1159426.727,108.00,658051.726,1159426.716,133.3,1,658051.450,1159428.017,10.48526117,76.44418500,0.331,-0.343,10.0,5.3,0.0,8.2,2047,1100,RTK FIXED
5.379,071002.60,10.48525200,76.44418500,10.48525200,76.44418522,658051.701,1159426.727,108.00,658051.716,1159426.720,133.3,1,658051.450,1159428.017,10.48526117,76.44418500,0.331,-0.343,10.0,5.3,0.5,7.4,2047,1100,RTK FIXED
5.425,071002.60,10.48525200,76.44418500,10.48525200,76.44418513,658051.701,1159426.727,108.00,658051.710,1159426.723,133.3,1,658051.450,1159428.017,10.48526117,76.44418500,0.331,-0.343,10.0,5.3,-0.5,8.1,2047,1100,RTK FIXED
5.479,071002.60,10.48525200,76.44418500,10.48525200,76.44418508,658051.701,1159426.727,108.00,658051.706,1159426.724,133.3,1,658051.450,1159428.017,10.48526117,76.44418500,0.331,-0.343,10.0,5.3,0.5,6.9,2047,1100,RTK FIXED
5.525,071002.60,10.48525200,76.44418500,10.48525200,76.44418505,658051.701,1159426.727,108.00,658051.704,1159426.725,133.3,1,658051.450,1159428.017,10.48526117,76.44418500,0.331,-0.343,10.0,5.3,0.0,7.0,2047,1100,RTK FIXED
5.579,071002.80,10.48525200,76.44418500,10.48525200,76.44418503,658051.701,1159426.727,108.00,658051.703,1159426.726,133.3,1,658051.450,1159428.017,10.48526117,76.44418500,0.331,-0.357,10.0,5.1,-0.5,6.5,2047,1100,RTK FIXED
5.625,071002.80,10.48525200,76.44418500,10.48525200,76.44418502,658051.701,1159426.727,108.00,658051.702,1159426.726,133.3,1,658051.450,1159428.017,10.48526117,76.44418500,0.331,-0.357,10.0,5.1,0.0,5.9,2047,1100,RTK FIXED
5.678,071002.80,10.48525200,76.44418500,10.48525200,76.44418501,658051.701,1159426.727,108.00,658051.702,1159426.727,133.3,1,658051.450,1159428.017,10.48526117,76.44418500,0.331,-0.357,10.0,5.1,0.5,6.6,2047,1100,RTK FIXED
5.733,071002.80,10.48525200,76.44418500,10.48525200,76.44418501,658051.701,1159426.727,108.00,658051.701,1159426.727,133.3,1,658051.450,1159428.017,10.48526117,76.44418500,0.331,-0.357,10.0,5.1,0.0,5.5,2047,1100,RTK FIXED
5.780,071002.80,10.48525200,76.44418500,10.48525200,76.44418500,658051.701,1159426.727,108.00,658051.701,1159426.727,133.3,1,658051.450,1159428.017,10.48526117,76.44418500,0.331,-0.357,10.0,5.1,0.0,5.4,2047,1100,RTK FIXED
5.834,071003.00,10.48525200,76.44418500,10.48525200,76.44418500,658051.701,1159426.727,108.00,658051.701,1159426.727,133.3,1,658051.450,1159428.017,10.48526117,76.44418500,0.331,-0.364,10.0,5.0,-0.5,5.1,2047,1100,RTK FIXED
5.879,071003.00,10.48525200,76.44418500,10.48525200,76.44418500,658051.701,1159426.727,108.00,658051.701,1159426.727,133.3,1,658051.450,1159428.017,10.48526117,76.44418500,0.331,-0.364,10.0,5.0,0.5,4.9,2047,1100,RTK FIXED
5.933,071003.00,10.48525200,76.44418500,10.48525200,76.44418500,658051.701,1159426.727,108.00,658051.701,1159426.727,133.3,1,658051.450,1159428.017,10.48526117,76.44418500,0.331,-0.364,10.0,5.0,-0.5,4.6,2047,1100,RTK FIXED
5.979,071003.00,10.48525200,76.44418500,10.48525200,76.44418500,658051.701,1159426.727,108.00,658051.701,1159426.727,133.3,1,658051.450,1159428.017,10.48526117,76.44418500,0.331,-0.364,10.0,5.0,0.5,4.4,2047,1100,RTK FIXED
6.033,071003.00,10.48525200,76.44418500,10.48525200,76.44418500,658051.701,1159426.727,108.00,658051.701,1159426.727,133.3,1,658051.450,1159428.017,10.48526117,76.44418500,0.331,-0.364,10.0,5.0,0.0,4.1,2047,1100,RTK FIXED
6.080,071003.20,10.48525200,76.44418400,10.48525200,76.44418460,658051.592,1159426.726,108.00,658051.657,1159426.727,143.3,1,658051.450,1159428.017,10.48526117,76.44418500,0.299,-0.458,10.0,3.7,0.0,3.8,2047,1100,RTK FIXED
6.133,071003.20,10.48525200,76.44418400,10.48525200,76.44418436,658051.592,1159426.726,108.00,658051.631,1159426.727,143.3,1,658051.450,1159428.017,10.48526117,76.44418500,0.299,-0.458,10.0,3.7,0.0,4.2,2047,1100,RTK FIXED
6.180,071003.40,10.48525200,76.44418400,10.48525200,76.44418422,658051.636,1159426.773,108.00,658051.633,1159426.745,143.3,1,658051.450,1159428.017,10.48526117,76.44418500,0.299,-0.482,10.0,3.5,-0.5,3.2,2047,1100,RTK FIXED
6.234,071003.40,10.48525200,76.44418400,10.48525200,76.44418413,658051.636,1159426.773,108.00,658051.634,1159426.756,143.3,1,658051.450,1159428.017,10.48526117,76.44418500,0.299,-0.482,10.0,3.5,0.5,3.7,2047,1100,RTK FIXED
6.279,071003.40,10.48525200,76.44418400,10.48525200,76.44418408,658051.636,1159426.773,108.00,658051.635,1159426.763,143.3,1,658051.450,1159428.017,10.48526117,76.44418500,0.299,-0.482,10.0,3.5,0.0,3.3,2047,1100,RTK FIXED
6.334,071003.60,10.48525300,76.44418400,10.48525240,76.44418405,658051.635,1159426.884,108.00,658051.635,1159426.811,143.3,1,658051.450,1159428.017,10.48526117,76.44418500,0.299,-0.487,10.0,3.4,0.0,3.2,2047,1100,RTK FIXED
6.387,071003.60,10.48525300,76.44418400,10.48525264,76.44418403,658051.635,1159426.884,108.00,658051.635,1159426.840,143.3,1,658051.450,1159428.017,10.48526117,76.44418500,0.299,-0.487,10.0,3.4,-0.5,3.3,2047,1100,RTK FIXED
6.434,071003.60,10.48525300,76.44418400,10.48525278,76.44418402,658051.635,1159426.884,108.00,658051.635,1159426.858,143.3,1,658051.450,1159428.017,10.48526117,76.44418500,0.299,-0.487,10.0,3.4,0.5,2.7,2047,1100,RTK FIXED
6.488,071003.80,10.48525300,76.44418400,10.48525287,76.44418401,658051.635,1159426.884,108.00,658051.635,1159426.868,131.3,1,658051.450,1159428.017,10.48526117,76.44418500,0.336,-0.386,10.0,4.9,-0.5,3.2,2047,1100,RTK FIXED
6.534,071003.80,10.48525300,76.44418400,10.48525292,76.44418401,658051.635,1159426.884,108.00,658051.635,1159426.874,131.3,1,658051.450,1159428.017,10.48526117,76.44418500,0.336,-0.386,10.0,4.9,0.5,2.7,2047,1100,RTK FIXED
6.588,071003.80,10.48525300,76.44418400,10.48525295,76.44418400,658051.635,1159426.884,108.00,658051.635,1159426.878,131.3,1,658051.450,1159428.017,10.48526117,76.44418500,0.336,-0.386,10.0,4.9,-0.5,2.3,2047,1100,RTK FIXED
6.634,071003.80,10.48525300,76.44418400,10.48525297,76.44418400,658051.635,1159426.884,108.00,658051.635,1159426.880,131.3,1,658051.450,1159428.017,10.48526117,76.44418500,0.336,-0.386,10.0,4.9,0.5,2.7,2047,1100,RTK FIXED
6.687,071003.80,10.48525300,76.44418400,10.48525298,76.44418400,658051.635,1159426.884,108.00,658051.635,1159426.882,131.3,1,658051.450,1159428.017,10.48526117,76.44418500,0.336,-0.386,10.0,4.9,-0.5,2.8,2047,1100,RTK FIXED
6.734,071003.80,10.48525300,76.44418400,10.48525299,76.44418400,658051.635,1159426.884,108.00,658051.635,1159426.883,131.3,1,658051.450,1159428.017,10.48526117,76.44418500,0.336,-0.386,10.0,4.9,0.5,2.1,2047,1100,RTK FIXED
6.789,071004.00,10.48525300,76.44418400,10.48525299,76.44418400,658051.581,1159426.829,108.00,658051.614,1159426.861,131.3,1,658051.450,1159428.017,10.48526117,76.44418500,0.336,-0.364,10.0,5.1,0.0,2.3,2047,1100,RTK FIXED
6.834,071004.00,10.48525300,76.44418400,10.48525300,76.44418400,658051.581,1159426.829,108.00,658051.601,1159426.848,131.3,1,658051.450,1159428.017,10.48526117,76.44418500,0.336,-0.364,10.0,5.1,0.0,2.8,2047,1100,RTK FIXED
6.888,071004.20,10.48525400,76.44418300,10.48525340,76.44418360,658051.471,1159426.939,108.00,658051.549,1159426.884,138.0,1,658051.450,1159428.017,10.48526117,76.44418500,0.317,-0.423,10.0,4.3,0.0,2.3,2047,1100,RTK FIXED
6.942,071004.20,10.48525400,76.44418300,10.48525364,76.44418336,658051.471,1159426.939,108.00,658051.518,1159426.906,138.0,1,658051.450,1159428.017,10.48526117,76.44418500,0.317,-0.423,10.0,4.3,0.0,2.3,2047,1100,RTK FIXED
6.988,071004.20,10.48525400,76.44418300,10.48525378,76.44418322,658051.471,1159426.939,108.00,658051.499,1159426.919,138.0,1,658051.450,1159428.017,10.48526117,76.44418500,0.317,-0.423,10.0,4.3,0.0,2.2,2047,1100,RTK FIXED
7.042,071004.20,10.48525400,76.44418300,10.48525387,76.44418313,658051.471,1159426.939,108.00,658051.488,1159426.927,138.0,1,658051.450,1159428.017,10.48526117,76.44418500,0.317,-0.423,10.0,4.3,0.0,2.3,2047,1100,RTK FIXED
7.088,071004.20,10.48525400,76.44418300,10.48525392,76.44418308,658051.471,1159426.939,108.00,658051.481,1159426.932,138.0,1,658051.450,1159428.017,10.48526117,76.44418500,0.317,-0.423,10.0,4.3,-0.5,2.2,2047,1100,RTK FIXED
7.143,071004.20,10.48525400,76.44418300,10.48525395,76.44418305,658051.471,1159426.939,108.00,658051.477,1159426.935,138.0,1,658051.450,1159428.017,10.48526117,76.44418500,0.317,-0.423,10.0,4.3,0.5,2.3,2047,1100,RTK FIXED
7.189,071004.40,10.48525400,76.44418300,10.48525397,76.44418303,658051.503,1159426.968,108.00,658051.488,1159426.948,138.0,1,658051.450,1159428.017,10.48526117,76.44418500,0.317,-0.440,10.0,4.1,-0.5,2.2,2047,1100,RTK FIXED
7.242,071004.40,10.48525400,76.44418300,10.48525398,76.44418302,658051.503,1159426.968,108.00,658051.494,1159426.956,138.0,1,658051.450,1159428.017,10.48526117,76.44418500,0.317,-0.440,10.0,4.1,0.0,2.3,2047,1100,RTK FIXED
7.288,071004.40,10.48525400,76.44418300,10.48525399,76.44418301,658051.503,1159426.968,108.00,658051.497,1159426.961,138.0,1,658051.450,1159428.017,10.48526117,76.44418500,0.317,-0.440,10.0,4.1,0.0,2.2,2047,1100,RTK FIXED
7.342,071004.40,10.48525400,76.44418300,10.48525399,76.44418301,658051.503,1159426.968,108.00,658051.500,1159426.964,138.0,1,658051.450,1159428.017,10.48526117,76.44418500,0.317,-0.440,10.0,4.1,0.5,2.3,2047,1100,RTK FIXED
7.388,071004.40,10.48525400,76.44418300,10.48525400,76.44418300,658051.503,1159426.968,108.00,658051.501,1159426.966,138.0,1,658051.450,1159428.017,10.48526117,76.44418500,0.317,-0.440,10.0,4.1,-0.5,2.7,2047,1100,RTK FIXED
7.443,071004.60,10.48525400,76.44418300,10.48525400,76.44418300,658051.503,1159426.968,108.00,658051.502,1159426.967,138.0,1,658051.450,1159428.017,10.48526117,76.44418500,0.317,-0.445,10.0,4.1,0.0,2.3,2047,1100,RTK FIXED
7.496,071004.60,10.48525400,76.44418300,10.48525400,76.44418300,658051.503,1159426.968,108.00,658051.502,1159426.967,138.0,1,658051.450,1159428.017,10.48526117,76.44418500,0.317,-0.445,10.0,4.1,0.5,2.3,2047,1100,RTK FIXED
7.542,071004.60,10.48525400,76.44418300,10.48525400,76.44418300,658051.503,1159426.968,108.00,658051.502,1159426.968,138.0,1,658051.450,1159428.017,10.48526117,76.44418500,0.317,-0.445,10.0,4.1,-0.5,2.2,2047,1100,RTK FIXED
7.596,071004.60,10.48525400,76.44418300,10.48525400,76.44418300,658051.503,1159426.968,108.00,658051.503,1159426.968,138.0,1,658051.450,1159428.017,10.48526117,76.44418500,0.317,-0.445,10.0,4.1,0.0,2.3,2047,1100,RTK FIXED
7.643,071004.80,10.48525500,76.44418300,10.48525440,76.44418300,658051.502,1159427.079,108.00,658051.502,1159427.012,129.8,1,658051.450,1159428.017,10.48526117,76.44418500,0.340,-0.373,10.0,5.0,0.5,2.1,2047,1100,RTK FIXED
7.697,071004.80,10.48525500,76.44418300,10.48525464,76.44418300,658051.502,1159427.079,108.00,658051.502,1159427.039,129.8,1,658051.450,1159428.017,10.48526117,76.44418500,0.340,-0.373,10.0,5.0,0.0,2.3,2047,1100,RTK FIXED
7.743,071004.80,10.48525500,76.44418300,10.48525478,76.44418300,658051.502,1159427.079,108.00,658051.502,1159427.055,129.8,1,658051.450,1159428.017,10.48526117,76.44418500,0.340,-0.373,10.0,5.0,0.0,2.2,2047,1100,RTK FIXED
7.797,071004.80,10.48525500,76.44418300,10.48525487,76.44418300,658051.502,1159427.079,108.00,658051.502,1159427.064,129.8,1,658051.450,1159428.017,10.48526117,76.44418500,0.340,-0.373,10.0,5.0,0.0,2.3,2047,1100,RTK FIXED
7.843,071005.00,10.48525500,76.44418300,10.48525492,76.44418300,658051.463,1159427.043,108.00,658051.487,1159427.056,129.8,1,658051.450,1159428.017,10.48526117,76.44418500,0.340,-0.357,10.0,5.2,-0.5,1.6,2047,1100,RTK FIXED
7.897,071005.00,10.48525500,76.44418300,10.48525495,76.44418300,658051.463,1159427.043,108.00,658051.477,1159427.051,129.8,1,658051.450,1159428.017,10.48526117,76.44418500,0.340,-0.357,10.0,5.2,0.0,2.3,2047,1100,RTK FIXED
7.943,071005.00,10.48525500,76.44418300,10.48525497,76.44418300,658051.463,1159427.043,108.00,658051.472,1159427.048,129.8,1,658051.450,1159428.017,10.48526117,76.44418500,0.340,-0.357,10.0,5.2,0.5,2.2,2047,1100,RTK FIXED
7.998,071005.20,10.48525600,76.44418300,10.48525538,76.44418300,658051.463,1159427.154,108.00,658051.468,1159427.090,124.9,1,658051.450,1159428.017,10.48526117,76.44418500,0.350,-0.308,10.0,5.8,0.0,2.3,2047,1192,RTK FIXED
8.051,071005.20,10.48525600,76.44418300,10.48525563,76.44418300,658051.463,1159427.154,108.00,658051.466,1159427.116,124.9,1,658051.450,1159428.017,10.48526117,76.44418500,0.350,-0.308,10.0,5.8,0.0,2.3,2047,1192,RTK FIXED
8.097,071005.40,10.48525600,76.44418400,10.48525578,76.44418340,658051.546,1159427.136,108.00,658051.498,1159427.124,124.9,1,658051.450,1159428.017,10.48526117,76.44418500,0.350,-0.291,10.0,6.0,0.0,2.7,2047,1230,RTK FIXED
8.151,071005.40,10.48525600,76.44418400,10.48525587,76.44418364,658051.546,1159427.136,108.00,658051.517,1159427.128,124.9,1,658051.450,1159428.017,10.48526117,76.44418500,0.350,-0.291,10.0,6.0,0.0,3.7,2047,1230,RTK FIXED
8.197,071005.40,10.48525600,76.44418400,10.48525592,76.44418378,658051.546,1159427.136,108.00,658051.529,1159427.131,124.9,1,658051.450,1159428.017,10.48526117,76.44418500,0.350,-0.291,10.0,6.0,-0.5,4.3,2047,1230,RTK FIXED
8.251,071005.40,10.48525600,76.44418400,10.48525595,76.44418387,658051.546,1159427.136,108.00,658051.536,1159427.133,124.9,1,658051.450,1159428.017,10.48526117,76.44418500,0.350,-0.291,10.0,6.0,0.0,4.7,2047,1230,RTK FIXED
8.297,071005.60,10.48525600,76.44418400,10.48525597,76.44418392,658051.546,1159427.136,108.00,658051.540,1159427.134,124.9,1,658051.450,1159428.017,10.48526117,76.44418500,0.350,-0.284,10.0,6.1,0.5,4.9,2047,1247,RTK FIXED
8.351,071005.60,10.48525600,76.44418400,10.48525598,76.44418395,658051.546,1159427.136,108.00,658051.543,1159427.135,124.9,1,658051.450,1159428.017,10.48526117,76.44418500,0.350,-0.284,10.0,6.1,0.0,4.2,2047,1247,RTK FIXED
8.397,071005.60,10.48525600,76.44418400,10.48525599,76.44418397,658051.546,1159427.136,108.00,658051.544,1159427.135,124.9,1,658051.450,1159428.017,10.48526117,76.44418500,0.350,-0.284,10.0,6.1,0.0,4.9,2047,1247,RTK FIXED
8.451,071005.60,10.48525600,76.44418400,10.48525599,76.44418398,658051.546,1159427.136,108.00,658051.545,1159427.135,124.9,1,658051.450,1159428.017,10.48526117,76.44418500,0.350,-0.284,10.0,6.1,0.0,5.1,2047,1247,RTK FIXED
8.497,071005.60,10.48525600,76.44418400,10.48525600,76.44418399,658051.546,1159427.136,108.00,658051.546,1159427.135,124.9,1,658051.450,1159428.017,10.48526117,76.44418500,0.350,-0.284,10.0,6.1,0.0,5.4,2047,1247,RTK FIXED
8.551,071005.60,10.48525600,76.44418400,10.48525600,76.44418399,658051.546,1159427.136,108.00,658051.546,1159427.135,124.9,1,658051.450,1159428.017,10.48526117,76.44418500,0.350,-0.284,10.0,6.1,0.0,4.6,2047,1247,RTK FIXED
8.606,071005.80,10.48525700,76.44418400,10.48525640,76.44418400,658051.546,1159427.246,108.00,658051.546,1159427.180,106.1,1,658051.450,1159428.017,10.48526117,76.44418500,0.366,-0.104,10.0,8.4,-0.5,5.0,2047,1697,RTK FIXED
8.650,071005.80,10.48525700,76.44418400,10.48525664,76.44418400,658051.546,1159427.246,108.00,658051.546,1159427.206,106.1,1,658051.450,1159428.017,10.48526117,76.44418500,0.366,-0.104,10.0,8.4,0.0,5.0,2047,1726,RTK FIXED
8.705,071005.80,10.48525700,76.44418400,10.48525678,76.44418400,658051.546,1159427.246,108.00,658051.546,1159427.222,106.1,1,658051.450,1159428.017,10.48526117,76.44418500,0.366,-0.104,10.0,8.4,0.0,5.9,2047,1726,RTK FIXED
8.751,071006.00,10.48525700,76.44418400,10.48525687,76.44418400,658051.436,1159427.197,108.00,658051.502,1159427.212,106.1,1,658051.450,1159428.017,10.48526117,76.44418500,0.366,-0.062,10.0,9.0,0.0,7.1,2047,1848,RTK FIXED
8.805,071006.00,10.48525700,76.44418400,10.48525692,76.44418400,658051.436,1159427.197,108.00,658051.475,1159427.206,106.1,1,658051.450,1159428.017,10.48526117,76.44418500,0.366,-0.062,10.0,9.0,0.0,7.4,2047,1848,RTK FIXED
8.851,071006.00,10.48525700,76.44418400,10.48525695,76.44418400,658051.436,1159427.197,108.00,658051.459,1159427.203,106.1,1,658051.450,1159428.017,10.48526117,76.44418500,0.366,-0.062,10.0,9.0,0.5,8.7,2047,1848,RTK FIXED
8.906,071006.20,10.48525700,76.44418400,10.48525697,76.44418400,658051.436,1159427.197,108.00,658051.450,1159427.200,106.1,1,658051.450,1159428.017,10.48526117,76.44418500,0.366,-0.054,10.0,9.2,0.0,11.0,2047,1874,RTK FIXED
8.951,071006.20,10.48525700,76.44418400,10.48525698,76.44418400,658051.436,1159427.197,108.00,658051.444,1159427.199,106.1,1,658051.450,1159428.017,10.48526117,76.44418500,0.366,-0.054,10.0,9.2,-0.5,12.6,2047,1874,RTK FIXED
9.005,071006.20,10.48525700,76.44418400,10.48525699,76.44418400,658051.436,1159427.197,108.00,658051.441,1159427.198,106.1,1,658051.450,1159428.017,10.48526117,76.44418500,0.366,-0.054,10.0,9.2,0.0,13.9,2047,1874,RTK FIXED
9.051,071006.20,10.48525700,76.44418400,10.48525699,76.44418400,658051.436,1159427.197,108.00,658051.439,1159427.198,106.1,1,658051.450,1159428.017,10.48526117,76.44418500,0.366,-0.054,10.0,9.2,0.0,13.7,2047,1874,RTK FIXED
9.106,071006.40,10.48525700,76.44418400,10.48525700,76.44418400,658051.436,1159427.197,108.00,658051.437,1159427.198,106.1,1,658051.450,1159428.017,10.48526117,76.44418500,0.366,-0.053,10.0,9.2,0.5,14.6,2047,1876,RTK FIXED
9.151,071006.40,10.48525700,76.44418400,10.48525700,76.44418400,658051.436,1159427.197,108.00,658051.437,1159427.197,106.1,1,658051.450,1159428.017,10.48526117,76.44418500,0.366,-0.053,10.0,9.2,-0.5,15.4,2047,1876,RTK FIXED
9.205,071006.40,10.48525700,76.44418400,10.48525700,76.44418400,658051.436,1159427.197,108.00,658051.436,1159427.197,106.1,1,658051.450,1159428.017,10.48526117,76.44418500,0.366,-0.053,10.0,9.2,0.0,15.2,2047,1876,RTK FIXED
9.259,071006.40,10.48525700,76.44418400,10.48525700,76.44418400,658051.436,1159427.197,108.00,658051.436,1159427.197,106.1,1,658051.450,1159428.017,10.48526117,76.44418500,0.366,-0.053,10.0,9.2,0.0,15.0,2047,1876,RTK FIXED
9.305,071006.40,10.48525700,76.44418400,10.48525700,76.44418400,658051.436,1159427.197,108.00,658051.436,1159427.197,106.1,1,658051.450,1159428.017,10.48526117,76.44418500,0.366,-0.053,10.0,9.2,0.0,13.3,2047,1876,RTK FIXED
9.359,071006.40,10.48525700,76.44418400,10.48525700,76.44418400,658051.436,1159427.197,108.00,658051.436,1159427.197,106.1,1,658051.450,1159428.017,10.48526117,76.44418500,0.366,-0.053,10.0,9.2,0.5,15.3,2047,1876,RTK FIXED
9.406,071006.60,10.48525800,76.44418400,10.48525740,76.44418400,658051.435,1159427.308,108.00,658051.435,1159427.241,116.1,1,658051.450,1159428.017,10.48526117,76.44418500,0.362,-0.107,10.0,8.4,-0.5,15.6,2047,1715,RTK FIXED
9.459,071006.60,10.48525800,76.44418400,10.48525764,76.44418400,658051.435,1159427.308,108.00,658051.435,1159427.268,116.1,1,658051.450,1159428.017,10.48526117,76.44418500,0.362,-0.107,10.0,8.4,0.0,15.0,2047,1715,RTK FIXED
9.506,071006.60,10.48525800,76.44418400,10.48525778,76.44418400,658051.435,1159427.308,108.00,658051.435,1159427.284,116.1,1,658051.450,1159428.017,10.48526117,76.44418500,0.362,-0.107,10.0,8.4,0.5,15.0,2047,1715,RTK FIXED
9.559,071006.60,10.48525800,76.44418400,10.48525787,76.44418400,658051.435,1159427.308,108.00,658051.435,1159427.293,116.1,1,658051.450,1159428.017,10.48526117,76.44418500,0.362,-0.107,10.0,8.4,0.0,14.0,2047,1715,RTK FIXED
9.614,071006.80,10.48525800,76.44418400,10.48525792,76.44418400,658051.496,1159427.330,108.00,658051.460,1159427.308,116.1,1,658051.450,1159428.017,10.48526117,76.44418500,0.362,-0.117,10.0,8.2,-0.5,14.2,2047,1686,RTK FIXED
9.659,071006.80,10.48525800,76.44418400,10.48525795,76.44418400,658051.496,1159427.330,108.00,658051.474,1159427.317,116.1,1,658051.450,1159428.017,10.48526117,76.44418500,0.362,-0.117,10.0,8.2,0.0,14.4,2047,1686,RTK FIXED
9.714,071006.80,10.48525800,76.44418400,10.48525797,76.44418400,658051.496,1159427.330,108.00,658051.483,1159427.322,116.1,1,658051.450,1159428.017,10.48526117,76.44418500,0.362,-0.117,10.0,8.2,0.5,14.2,2047,1686,RTK FIXED
9.759,071006.80,10.48525800,76.44418400,10.48525798,76.44418400,658051.496,1159427.330,108.00,658051.488,1159427.325,116.1,1,658051.450,1159428.017,10.48526117,76.44418500,0.362,-0.117,10.0,8.2,-0.5,14.3,2047,1686,RTK FIXED
9.814,071007.00,10.48525900,76.44418400,10.48525839,76.44418400,658051.496,1159427.440,108.00,658051.491,1159427.371,103.3,1,658051.450,1159428.017,10.48526117,76.44418500,0.366,-0.046,10.0,9.3,0.0,14.1,2047,1899,RTK FIXED
9.859,071007.00,10.48525900,76.44418400,10.48525863,76.44418400,658051.496,1159427.440,108.00,658051.493,1159427.399,103.3,1,658051.450,1159428.017,10.48526117,76.44418500,0.366,-0.046,10.0,9.3,0.0,13.9,2047,1899,RTK FIXED
9.914,071007.00,10.48525900,76.44418400,10.48525878,76.44418400,658051.496,1159427.440,108.00,658051.494,1159427.415,103.3,1,658051.450,1159428.017,10.48526117,76.44418500,0.366,-0.046,10.0,9.3,0.0,14.2,2047,1899,RTK FIXED
9.960,071007.20,10.48525900,76.44418400,10.48525887,76.44418400,658051.417,1159427.414,108.00,658051.463,1159427.415,103.3,1,658051.450,1159428.017,10.48526117,76.44418500,0.366,-0.029,10.0,9.5,0.5,14.0,2047,1950,RTK FIXED
10.014,071007.20,10.48525900,76.44418400,10.48525892,76.44418400,658051.417,1159427.414,108.00,658051.445,1159427.415,103.3,1,658051.450,1159428.017,10.48526117,76.44418500,0.366,-0.029,10.0,9.5,-0.5,14.9,2047,1950,RTK FIXED
10.068,071007.20,10.48525900,76.44418400,10.48525895,76.44418400,658051.417,1159427.414,108.00,658051.434,1159427.415,103.3,1,658051.450,1159428.017,10.48526117,76.44418500,0.366,-0.029,10.0,9.5,0.0,16.1,2047,1950,RTK FIXED
10.114,071007.20,10.48525900,76.44418400,10.48525897,76.44418400,658051.417,1159427.414,108.00,658051.427,1159427.414,103.3,1,658051.450,1159428.017,10.48526117,76.44418500,0.366,-0.029,10.0,9.5,0.5,13.6,2047,1950,RTK FIXED
10.167,071007.20,10.48525900,76.44418400,10.48525898,76.44418400,658051.417,1159427.414,108.00,658051.423,1159427.414,103.3,1,658051.450,1159428.017,10.48526117,76.44418500,0.366,-0.029,10.0,9.5,0.0,14.6,2047,1950,RTK FIXED
10.214,071007.40,10.48525900,76.44418500,10.48525899,76.44418440,658051.527,1159427.415,108.00,658051.465,1159427.415,103.3,1,658051.450,1159428.017,10.48526117,76.44418500,0.366,-0.022,10.0,9.6,-0.5,16.4,2047,1975,RTK FIXED
10.267,071007.40,10.48525900,76.44418500,10.48525899,76.44418464,658051.527,1159427.415,108.00,658051.489,1159427.415,103.3,1,658051.450,1159428.017,10.48526117,76.44418500,0.366,-0.022,10.0,9.6,0.0,16.6,2047,1975,RTK FIXED
10.314,071007.40,10.48525900,76.44418500,10.48525900,76.44418478,658051.527,1159427.415,108.00,658051.504,1159427.415,103.3,1,658051.450,1159428.017,10.48526117,76.44418500,0.366,-0.022,10.0,9.6,0.0,17.2,2047,1975,RTK FIXED
10.367,071007.40,10.48525900,76.44418500,10.48525900,76.44418487,658051.527,1159427.415,108.00,658051.513,1159427.415,103.3,1,658051.450,1159428.017,10.48526117,76.44418500,0.366,-0.022,10.0,9.6,0.0,16.8,2047,1975,RTK FIXED
10.415,071007.40,10.48525900,76.44418500,10.48525900,76.44418492,658051.527,1159427.415,108.00,658051.519,1159427.415,103.3,1,658051.450,1159428.017,10.48526117,76.44418500,0.366,-0.022,10.0,9.6,0.5,17.9,2047,1975,RTK FIXED
10.469,071007.60,10.48526000,76.44418500,10.48525940,76.44418495,658051.526,1159427.525,108.00,658051.522,1159427.459,95.7,1,658051.450,1159428.017,10.48526117,76.44418500,0.360,0.036,9.4,10.0,-0.5,16.8,1928,2047,RTK FIXED
10.514,071007.60,10.48526000,76.44418500,10.48525964,76.44418497,658051.526,1159427.525,108.00,658051.523,1159427.486,95.7,1,658051.450,1159428.017,10.48526117,76.44418500,0.360,0.036,9.4,10.0,0.5,16.9,1928,2047,RTK FIXED
10.568,071007.60,10.48526000,76.44418500,10.48525978,76.44418498,658051.526,1159427.525,108.00,658051.524,1159427.502,95.7,1,658051.450,1159428.017,10.48526117,76.44418500,0.360,0.036,9.4,10.0,0.0,15.8,1928,2047,RTK FIXED
10.614,071007.60,10.48526000,76.44418500,10.48525987,76.44418499,658051.526,1159427.525,108.00,658051.525,1159427.511,95.7,1,658051.450,1159428.017,10.48526117,76.44418500,0.360,0.036,9.4,10.0,0.0,15.7,1928,2047,RTK FIXED
10.669,071007.80,10.48526000,76.44418500,10.48525992,76.44418499,658051.478,1159427.519,108.00,658051.506,1159427.514,95.7,1,658051.450,1159428.017,10.48526117,76.44418500,0.360,0.051,9.2,10.0,-0.5,17.5,1881,2047,RTK FIXED
10.722,071007.80,10.48526000,76.44418500,10.48525995,76.44418500,658051.478,1159427.519,108.00,658051.495,1159427.516,95.7,1,658051.450,1159428.017,10.48526117,76.44418500,0.360,0.051,9.2,10.0,0.0,17.3,1881,2047,RTK FIXED
10.768,071007.80,10.48526000,76.44418500,10.48525997,76.44418500,658051.478,1159427.519,108.00,658051.488,1159427.517,95.7,1,658051.450,1159428.017,10.48526117,76.44418500,0.360,0.051,9.2,10.0,0.5,17.8,1881,2047,RTK FIXED
10.822,071007.80,10.48526000,76.44418500,10.48525998,76.44418500,658051.478,1159427.519,108.00,658051.484,1159427.518,95.7,1,658051.450,1159428.017,10.48526117,76.44418500,0.360,0.051,9.2,10.0,-0.5,17.6,1881,2047,RTK FIXED
10.869,071008.00,10.48526000,76.44418500,10.48525999,76.44418500,658051.478,1159427.519,108.00,658051.481,1159427.518,95.7,1,658051.450,1159428.017,10.48526117,76.44418500,0.360,0.055,9.1,10.0,0.5,17.7,1867,2047,RTK FIXED
10.922,071008.00,10.48526000,76.44418500,10.48525999,76.44418500,658051.478,1159427.519,108.00,658051.480,1159427.518,95.7,1,658051.450,1159428.017,10.48526117,76.44418500,0.360,0.055,9.1,10.0,0.0,17.8,1867,2047,RTK FIXED
10.969,071008.00,10.48526000,76.44418500,10.48526000,76.44418500,658051.478,1159427.519,108.00,658051.479,1159427.518,95.7,1,658051.450,1159428.017,10.48526117,76.44418500,0.360,0.055,9.1,10.0,-0.5,15.7,1867,2047,RTK FIXED
11.023,071008.20,10.48526100,76.44418500,10.48526040,76.44418500,658051.477,1159427.629,108.00,658051.478,1159427.563,97.0,1,658051.450,1159428.017,10.48526117,76.44418500,0.362,0.049,9.2,10.0,0.0,17.5,1886,2047,RTK FIXED
11.069,071008.20,10.48526100,76.44418500,10.48526064,76.44418500,658051.477,1159427.629,108.00,658051.478,1159427.589,97.0,1,658051.450,1159428.017,10.48526117,76.44418500,0.362,0.049,9.2,10.0,0.5,15.4,1886,2047,RTK FIXED
11.122,071008.20,10.48526100,76.44418500,10.48526078,76.44418500,658051.477,1159427.629,108.00,658051.477,1159427.605,97.0,1,658051.450,1159428.017,10.48526117,76.44418500,0.362,0.049,9.2,10.0,0.0,17.6,1886,2047,RTK FIXED
11.168,071008.20,10.48526100,76.44418500,10.48526087,76.44418500,658051.477,1159427.629,108.00,658051.477,1159427.615,97.0,1,658051.450,1159428.017,10.48526117,76.44418500,0.362,0.049,9.2,10.0,-0.5,17.5,1886,2047,RTK FIXED
11.223,071008.40,10.48526100,76.44418500,10.48526092,76.44418500,658051.485,1159427.630,108.00,658051.480,1159427.621,97.0,1,658051.450,1159428.017,10.48526117,76.44418500,0.347,0.049,9.2,10.0,0.0,17.3,1880,2047,RTK FIXED
11.277,071008.40,10.48526100,76.44418500,10.48526095,76.44418500,658051.485,1159427.630,108.00,658051.482,1159427.624,97.0,1,658051.450,1159428.017,10.48526117,76.44418500,0.347,0.049,9.2,10.0,0.0,17.8,1880,2047,RTK FIXED
11.323,071008.40,10.48526100,76.44418500,10.48526097,76.44418500,658051.485,1159427.630,108.00,658051.483,1159427.627,97.0,1,658051.450,1159428.017,10.48526117,76.44418500,0.347,0.049,9.2,10.0,0.5,17.9,1880,2047,RTK FIXED
11.377,071008.40,10.48526100,76.44418500,10.48526098,76.44418500,658051.485,1159427.630,108.00,658051.484,1159427.628,97.0,1,658051.450,1159428.017,10.48526117,76.44418500,0.347,0.049,9.2,10.0,0.0,17.2,1880,2047,RTK FIXED
11.423,071008.40,10.48526100,76.44418500,10.48526099,76.44418500,658051.485,1159427.630,108.00,658051.484,1159427.629,97.0,1,658051.450,1159428.017,10.48526117,76.44418500,0.347,0.049,9.2,10.0,-0.5,17.3,1880,2047,RTK FIXED
11.477,071008.60,10.48526100,76.44418500,10.48526099,76.44418500,658051.485,1159427.630,108.00,658051.485,1159427.629,97.0,1,658051.450,1159428.017,10.48526117,76.44418500,0.331,0.050,9.1,10.0,0.0,17.9,1871,2047,RTK FIXED
11.523,071008.60,10.48526100,76.44418500,10.48526100,76.44418500,658051.485,1159427.630,108.00,658051.485,1159427.629,97.0,1,658051.450,1159428.017,10.48526117,76.44418500,0.331,0.050,9.1,10.0,0.5,17.5,1871,2047,RTK FIXED
11.577,071008.60,10.48526100,76.44418500,10.48526100,76.44418500,658051.485,1159427.630,108.00,658051.485,1159427.630,97.0,1,658051.450,1159428.017,10.48526117,76.44418500,0.331,0.050,9.1,10.0,0.0,17.5,1871,2047,RTK FIXED
11.623,071008.60,10.48526100,76.44418500,10.48526100,76.44418500,658051.485,1159427.630,108.00,658051.485,1159427.630,97.0,1,658051.450,1159428.017,10.48526117,76.44418500,0.331,0.050,9.1,10.0,-0.5,15.8,1871,2047,RTK FIXED
11.680,071008.80,10.48526200,76.44418500,10.48526140,76.44418500,658051.484,1159427.740,108.00,658051.485,1159427.674,94.6,2,658050.898,1159428.918,10.48526933,76.44418000,0.330,0.207,6.8,10.0,0.0,17.5,1421,2047,RTK FIXED
11.723,071008.80,10.48526200,76.44418500,10.48526164,76.44418500,658051.484,1159427.740,108.00,658051.485,1159427.701,94.6,2,658050.898,1159428.918,10.48526933,76.44418000,0.330,0.207,6.8,10.0,0.0,17.9,1397,2047,RTK FIXED
11.778,071008.80,10.48526200,76.44418500,10.48526178,76.44418500,658051.484,1159427.740,108.00,658051.485,1159427.717,94.6,2,658050.898,1159428.918,10.48526933,76.44418000,0.330,0.207,6.8,10.0,0.5,17.5,1397,2047,RTK FIXED
11.823,071009.00,10.48526200,76.44418500,10.48526187,76.44418500,658051.469,1159427.739,108.00,658051.478,1159427.726,94.6,2,658050.898,1159428.918,10.48526933,76.44418000,0.330,0.251,6.3,10.0,0.0,18.1,1287,2047,RTK FIXED
11.877,071009.00,10.48526200,76.44418500,10.48526192,76.44418500,658051.469,1159427.739,108.00,658051.475,1159427.731,94.6,2,658050.898,1159428.918,10.48526933,76.44418000,0.330,0.251,6.3,10.0,0.0,16.1,1287,2047,RTK FIXED
11.931,071009.00,10.48526200,76.44418500,10.48526195,76.44418500,658051.469,1159427.739,108.00,658051.472,1159427.734,94.6,2,658050.898,1159428.918,10.48526933,76.44418000,0.330,0.251,6.3,10.0,-0.5,17.7,1287,2047,RTK FIXED
11.978,071009.20,10.48526200,76.44418500,10.48526197,76.44418500,658051.469,1159427.739,108.00,658051.471,1159427.736,94.6,2,658050.898,1159428.918,10.48526933,76.44418000,0.330,0.264,6.1,10.0,0.0,17.7,1253,2047,RTK FIXED
12.030,071009.20,10.48526200,76.44418500,10.48526198,76.44418500,658051.469,1159427.739,108.00,658051.470,1159427.738,94.6,2,658050.898,1159428.918,10.48526933,76.44418000,0.330,0.264,6.1,10.0,0.5,17.5,1253,2047,RTK FIXED
12.077,071009.20,10.48526200,76.44418500,10.48526199,76.44418500,658051.469,1159427.739,108.00,658051.470,1159427.738,94.6,2,658050.898,1159428.918,10.48526933,76.44418000,0.330,0.264,6.1,10.0,-0.5,15.5,1253,2047,RTK FIXED
12.130,071009.20,10.48526200,76.44418500,10.48526199,76.44418500,658051.469,1159427.739,108.00,658051.469,1159427.739,94.6,2,658050.898,1159428.918,10.48526933,76.44418000,0.330,0.264,6.1,10.0,0.5,17.8,1253,2047,RTK FIXED
12.178,071009.40,10.48526300,76.44418400,10.48526240,76.44418460,658051.359,1159427.849,108.00,658051.425,1159427.783,101.3,2,658050.898,1159428.918,10.48526933,76.44418000,0.346,0.208,6.9,10.0,0.0,17.5,1422,2047,RTK FIXED
12.231,071009.40,10.48526300,76.44418400,10.48526264,76.44418436,658051.359,1159427.849,108.00,658051.399,1159427.810,101.3,2,658050.898,1159428.918,10.48526933,76.44418000,0.346,0.208,6.9,10.0,0.0,17.8,1422,2047,RTK FIXED
12.277,071009.40,10.48526300,76.44418400,10.48526278,76.44418422,658051.359,1159427.849,108.00,658051.383,1159427.826,101.3,2,658050.898,1159428.918,10.48526933,76.44418000,0.346,0.208,6.9,10.0,0.0,17.9,1422,2047,RTK FIXED
12.331,071009.40,10.48526300,76.44418400,10.48526287,76.44418413,658051.359,1159427.849,108.00,658051.373,1159427.835,101.3,2,658050.898,1159428.918,10.48526933,76.44418000,0.346,0.208,6.9,10.0,0.0,16.8,1422,2047,RTK FIXED
12.377,071009.40,10.48526300,76.44418400,10.48526292,76.44418408,658051.359,1159427.849,108.00,658051.368,1159427.841,101.3,2,658050.898,1159428.918,10.48526933,76.44418000,0.346,0.208,6.9,10.0,0.0,17.2,1422,2047,RTK FIXED
12.432,071009.60,10.48526300,76.44418400,10.48526295,76.44418405,658051.402,1159427.854,108.00,658051.381,1159427.846,101.3,2,658050.898,1159428.918,10.48526933,76.44418000,0.346,0.197,7.1,10.0,0.0,17.9,1449,2047,RTK FIXED
12.485,071009.60,10.48526300,76.44418400,10.48526297,76.44418403,658051.402,1159427.854,108.00,658051.390,1159427.849,101.3,2,658050.898,1159428.918,10.48526933,76.44418000,0.346,0.197,7.1,10.0,-0.5,17.2,1449,2047,RTK FIXED
12.531,071009.60,10.48526300,76.44418400,10.48526298,76.44418402,658051.402,1159427.854,108.00,658051.395,1159427.851,101.3,2,658050.898,1159428.918,10.48526933,76.44418000,0.346,0.197,7.1,10.0,0.0,18.0,1449,2047,RTK FIXED
12.585,071009.60,10.48526300,76.44418400,10.48526299,76.44418401,658051.402,1159427.854,108.00,658051.398,1159427.853,101.3,2,658050.898,1159428.918,10.48526933,76.44418000,0.346,0.197,7.1,10.0,0.0,17.6,1449,2047,RTK FIXED
12.631,071009.60,10.48526300,76.44418400,10.48526299,76.44418401,658051.402,1159427.854,108.00,658051.400,1159427.853,101.3,2,658050.898,1159428.918,10.48526933,76.44418000,0.346,0.197,7.1,10.0,0.0,18.4,1449,2047,RTK FIXED
12.686,071009.80,10.48526300,76.44418400,10.48526300,76.44418400,658051.402,1159427.854,108.00,658051.401,1159427.854,101.3,2,658050.898,1159428.918,10.48526933,76.44418000,0.346,0.198,7.1,10.0,0.0,17.5,1448,2047,RTK FIXED
12.731,071009.80,10.48526300,76.44418400,10.48526300,76.44418400,658051.402,1159427.854,108.00,658051.401,1159427.854,101.3,2,658050.898,1159428.918,10.48526933,76.44418000,0.346,0.198,7.1,10.0,0.5,18.0,1448,2047,RTK FIXED
12.786,071010.00,10.48526400,76.44418400,10.48526340,76.44418400,658051.402,1159427.965,108.00,658051.402,1159427.898,101.0,2,658050.898,1159428.918,10.48526933,76.44418000,0.345,0.206,7.0,10.0,0.0,17.9,1426,2047,RTK FIXED
12.831,071010.00,10.48526400,76.44418400,10.48526364,76.44418400,658051.402,1159427.965,108.00,658051.402,1159427.925,101.0,2,658050.898,1159428.918,10.48526933,76.44418000,0.345,0.206,7.0,10.0,0.0,17.8,1426,2047,RTK FIXED
12.885,071010.00,10.48526400,76.44418400,10.48526378,76.44418400,658051.402,1159427.965,108.00,658051.402,1159427.941,101.0,2,658050.898,1159428.918,10.48526933,76.44418000,0.345,0.206,7.0,10.0,0.0,14.3,1426,2047,RTK FIXED
12.932,071010.20,10.48526400,76.44418400,10.48526387,76.44418400,658051.400,1159427.965,108.00,658051.401,1159427.950,101.0,2,658050.898,1159428.918,10.48526933,76.44418000,0.345,0.212,6.9,10.0,0.0,18.0,1411,2047,RTK FIXED
12.986,071010.20,10.48526400,76.44418400,10.48526392,76.44418400,658051.400,1159427.965,108.00,658051.400,1159427.956,101.0,2,658050.898,1159428.918,10.48526933,76.44418000,0.345,0.212,6.9,10.0,0.0,18.3,1411,2047,RTK FIXED
13.039,071010.20,10.48526400,76.44418400,10.48526395,76.44418400,658051.400,1159427.965,108.00,658051.400,1159427.959,101.0,2,658050.898,1159428.918,10.48526933,76.44418000,0.345,0.212,6.9,10.0,-0.5,17.8,1411,2047,RTK FIXED
13.086,071010.20,10.48526400,76.44418400,10.48526397,76.44418400,658051.400,1159427.965,108.00,658051.400,1159427.961,101.0,2,658050.898,1159428.918,10.48526933,76.44418000,0.345,0.212,6.9,10.0,0.5,15.5,1411,2047,RTK FIXED
13.140,071010.20,10.48526400,76.44418400,10.48526398,76.44418400,658051.400,1159427.965,108.00,658051.400,1159427.963,101.0,2,658050.898,1159428.918,10.48526933,76.44418000,0.345,0.212,6.9,10.0,-0.5,18.1,1411,2047,RTK FIXED
13.186,071010.40,10.48526400,76.44418300,10.48526399,76.44418360,658051.290,1159427.964,108.00,658051.356,1159427.963,101.0,2,658050.898,1159428.918,10.48526933,76.44418000,0.345,0.211,6.9,10.0,0.0,17.6,1413,2047,RTK FIXED
13.239,071010.40,10.48526400,76.44418300,10.48526399,76.44418336,658051.290,1159427.964,108.00,658051.330,1159427.964,101.0,2,658050.898,1159428.918,10.48526933,76.44418000,0.345,0.211,6.9,10.0,0.5,18.1,1413,2047,RTK FIXED
13.286,071010.40,10.48526400,76.44418300,10.48526400,76.44418322,658051.290,1159427.964,108.00,658051.314,1159427.964,101.0,2,658050.898,1159428.918,10.48526933,76.44418000,0.345,0.211,6.9,10.0,-0.5,16.0,1413,2047,RTK FIXED
13.339,071010.40,10.48526400,76.44418300,10.48526400,76.44418313,658051.290,1159427.964,108.00,658051.304,1159427.964,101.0,2,658050.898,1159428.918,10.48526933,76.44418000,0.345,0.211,6.9,10.0,0.5,16.5,1413,2047,RTK FIXED
13.386,071010.40,10.48526400,76.44418300,10.48526400,76.44418308,658051.290,1159427.964,108.00,658051.299,1159427.964,101.0,2,658050.898,1159428.918,10.48526933,76.44418000,0.345,0.211,6.9,10.0,0.0,17.6,1413,2047,RTK FIXED
13.440,071010.60,10.48526400,76.44418300,10.48526400,76.44418305,658051.290,1159427.964,108.00,658051.295,1159427.964,112.4,2,658050.898,1159428.918,10.48526933,76.44418000,0.363,0.091,8.6,10.0,0.0,18.0,1760,2047,RTK FIXED
13.486,071010.60,10.48526400,76.44418300,10.48526400,76.44418303,658051.290,1159427.964,108.00,658051.293,1159427.964,112.4,2,658050.898,1159428.918,10.48526933,76.44418000,0.363,0.091,8.6,10.0,0.0,18.0,1760,2047,RTK FIXED
13.539,071010.60,10.48526400,76.44418300,10.48526400,76.44418302,658051.290,1159427.964,108.00,658051.292,1159427.964,112.4,2,658050.898,1159428.918,10.48526933,76.44418000,0.363,0.091,8.6,10.0,-0.5,16.0,1760,2047,RTK FIXED
13.594,071010.80,10.48526500,76.44418300,10.48526440,76.44418301,658051.361,1159428.094,108.00,658051.319,1159428.016,112.4,2,658050.898,1159428.918,10.48526933,76.44418000,0.363,0.066,9.0,10.0,0.0,17.7,1836,2047,RTK FIXED
13.640,071010.80,10.48526500,76.44418300,10.48526464,76.44418301,658051.361,1159428.094,108.00,658051.336,1159428.047,112.4,2,658050.898,1159428.918,10.48526933,76.44418000,0.363,0.066,9.0,10.0,0.0,18.1,1836,2047,RTK FIXED
13.694,071010.80,10.48526500,76.44418300,10.48526478,76.44418300,658051.361,1159428.094,108.00,658051.346,1159428.066,112.4,2,658050.898,1159428.918,10.48526933,76.44418000,0.363,0.066,9.0,10.0,0.0,15.7,1836,2047,RTK FIXED
13.740,071010.80,10.48526500,76.44418300,10.48526487,76.44418300,658051.361,1159428.094,108.00,658051.352,1159428.077,112.4,2,658050.898,1159428.918,10.48526933,76.44418000,0.363,0.066,9.0,10.0,0.0,17.9,1836,2047,RTK FIXED
13.794,071010.80,10.48526500,76.44418300,10.48526492,76.44418300,658051.361,1159428.094,108.00,658051.355,1159428.084,112.4,2,658050.898,1159428.918,10.48526933,76.44418000,0.363,0.066,9.0,10.0,0.0,18.0,1836,2047,RTK FIXED
13.841,071011.00,10.48526500,76.44418300,10.48526495,76.44418300,658051.361,1159428.094,108.00,658051.357,1159428.088,102.3,2,658050.898,1159428.918,10.48526933,76.44418000,0.348,0.173,7.4,10.0,0.5,14.6,1514,2047,RTK FIXED
13.894,071011.00,10.48526500,76.44418300,10.48526497,76.44418300,658051.361,1159428.094,108.00,658051.359,1159428.090,102.3,2,658050.898,1159428.918,10.48526933,76.44418000,0.348,0.173,7.4,10.0,0.0,16.3,1514,2047,RTK FIXED
13.940,071011.00,10.48526500,76.44418300,10.48526498,76.44418300,658051.361,1159428.094,108.00,658051.359,1159428.092,102.3,2,658050.898,1159428.918,10.48526933,76.44418000,0.348,0.173,7.4,10.0,-0.5,19.5,1514,2047,RTK FIXED
13.995,071011.20,10.48526500,76.44418300,10.48526499,76.44418300,658051.298,1159428.076,108.00,658051.335,1159428.085,102.3,2,658050.898,1159428.918,10.48526933,76.44418000,0.348,0.200,7.1,10.0,0.5,19.3,1445,2047,RTK FIXED
14.041,071011.20,10.48526500,76.44418300,10.48526499,76.44418300,658051.298,1159428.076,108.00,658051.320,1159428.082,102.3,2,658050.898,1159428.918,10.48526933,76.44418000,0.348,0.200,7.1,10.0,-0.5,19.1,1445,2047,RTK FIXED
14.095,071011.40,10.48526500,76.44418200,10.48526500,76.44418260,658051.189,1159428.076,108.00,658051.268,1159428.079,120.7,2,658050.898,1159428.918,10.48526933,76.44418000,0.366,0.038,9.4,10.0,0.0,16.5,1895,2047,RTK FIXED
14.141,071011.40,10.48526500,76.44418200,10.48526500,76.44418236,658051.189,1159428.076,108.00,658051.236,1159428.078,120.7,2,658050.898,1159428.918,10.48526933,76.44418000,0.366,0.038,9.4,10.0,0.5,16.4,1924,2047,RTK FIXED
14.194,071011.40,10.48526500,76.44418200,10.48526500,76.44418222,658051.189,1159428.076,108.00,658051.217,1159428.077,120.7,2,658050.898,1159428.918,10.48526933,76.44418000,0.366,0.038,9.4,10.0,-0.5,17.2,1924,2047,RTK FIXED
14.248,071011.40,10.48526500,76.44418200,10.48526500,76.44418213,658051.189,1159428.076,108.00,658051.206,1159428.076,120.7,2,658050.898,1159428.918,10.48526933,76.44418000,0.366,0.038,9.4,10.0,0.0,17.6,1924,2047,RTK FIXED
14.294,071011.40,10.48526500,76.44418200,10.48526500,76.44418208,658051.189,1159428.076,108.00,658051.199,1159428.076,120.7,2,658050.898,1159428.918,10.48526933,76.44418000,0.366,0.038,9.4,10.0,0.0,17.8,1924,2047,RTK FIXED
14.348,071011.40,10.48526500,76.44418200,10.48526500,76.44418205,658051.189,1159428.076,108.00,658051.195,1159428.076,120.7,2,658050.898,1159428.918,10.48526933,76.44418000,0.366,0.038,9.4,10.0,0.5,16.4,1924,2047,RTK FIXED
14.395,071011.60,10.48526500,76.44418200,10.48526500,76.44418203,658051.300,1159428.116,108.00,658051.237,1159428.092,120.7,2,658050.898,1159428.918,10.48526933,76.44418000,0.366,-0.001,10.0,10.0,-0.5,18.0,2047,2044,RTK FIXED
14.448,071011.60,10.48526500,76.44418200,10.48526500,76.44418202,658051.300,1159428.116,108.00,658051.262,1159428.102,120.7,2,658050.898,1159428.918,10.48526933,76.44418000,0.366,-0.001,10.0,10.0,0.0,20.4,2047,2044,RTK FIXED
14.495,071011.60,10.48526500,76.44418200,10.48526500,76.44418201,658051.300,1159428.116,108.00,658051.277,1159428.107,120.7,2,658050.898,1159428.918,10.48526933,76.44418000,0.366,-0.001,10.0,10.0,0.0,18.6,2047,2044,RTK FIXED
14.549,071011.60,10.48526500,76.44418200,10.48526500,76.44418201,658051.300,1159428.116,108.00,658051.286,1159428.111,120.7,2,658050.898,1159428.918,10.48526933,76.44418000,0.366,-0.001,10.0,10.0,0.5,18.5,2047,2044,RTK FIXED
14.603,071011.80,10.48526600,76.44418200,10.48526540,76.44418200,658051.299,1159428.227,108.00,658051.292,1159428.157,120.7,2,658050.898,1159428.918,10.48526933,76.44418000,0.366,-0.007,10.0,9.9,-0.5,19.0,2047,2024,RTK FIXED
14.649,071011.80,10.48526600,76.44418200,10.48526564,76.44418200,658051.299,1159428.227,108.00,658051.295,1159428.185,120.7,2,658050.898,1159428.918,10.48526933,76.44418000,0.366,-0.007,10.0,9.9,0.0,18.5,2047,2024,RTK FIXED
14.702,071011.80,10.48526600,76.44418200,10.48526578,76.44418200,658051.299,1159428.227,108.00,658051.297,1159428.202,120.7,2,658050.898,1159428.918,10.48526933,76.44418000,0.366,-0.007,10.0,9.9,0.0,18.2,2047,2024,RTK FIXED
14.750,071011.80,10.48526600,76.44418200,10.48526587,76.44418200,658051.299,1159428.227,108.00,658051.298,1159428.212,120.7,2,658050.898,1159428.918,10.48526933,76.44418000,0.366,-0.007,10.0,9.9,0.5,19.0,2047,2024,RTK FIXED
14.803,071012.00,10.48526600,76.44418200,10.48526592,76.44418200,658051.299,1159428.227,108.00,658051.298,1159428.218,108.4,2,658050.898,1159428.918,10.48526933,76.44418000,0.358,0.076,8.8,10.0,-0.5,16.0,1803,2047,RTK FIXED
14.849,071012.00,10.48526600,76.44418200,10.48526595,76.44418200,658051.299,1159428.227,108.00,658051.299,1159428.221,108.4,2,658050.898,1159428.918,10.48526933,76.44418000,0.358,0.076,8.8,10.0,0.0,18.7,1803,2047,RTK FIXED
14.903,071012.00,10.48526600,76.44418200,10.48526597,76.44418200,658051.299,1159428.227,108.00,658051.299,1159428.223,108.4,2,658050.898,1159428.918,10.48526933,76.44418000,0.358,0.076,8.8,10.0,0.5,17.6,1803,2047,RTK FIXED
14.949,071012.20,10.48526600,76.44418100,10.48526598,76.44418160,658051.117,1159428.195,108.00,658051.226,1159428.212,108.4,2,658050.898,1159428.918,10.48526933,76.44418000,0.358,0.091,8.6,10.0,0.0,18.7,1757,2047,RTK FIXED
15.003,071012.20,10.48526600,76.44418100,10.48526599,76.44418136,658051.117,1159428.195,108.00,658051.182,1159428.205,108.4,2,658050.898,1159428.918,10.48526933,76.44418000,0.358,0.091,8.6,10.0,0.0,18.2,1757,2047,RTK FIXED
15.049,071012.20,10.48526600,76.44418100,10.48526599,76.44418122,658051.117,1159428.195,108.00,658051.156,1159428.201,108.4,2,658050.898,1159428.918,10.48526933,76.44418000,0.358,0.091,8.6,10.0,0.0,14.8,1757,2047,RTK FIXED
15.103,071012.20,10.48526600,76.44418100,10.48526600,76.44418113,658051.117,1159428.195,108.00,658051.140,1159428.199,108.4,2,658050.898,1159428.918,10.48526933,76.44418000,0.358,0.091,8.6,10.0,0.0,16.5,1757,2047,RTK FIXED
15.156,071012.20,10.48526600,76.44418100,10.48526600,76.44418108,658051.117,1159428.195,108.00,658051.131,1159428.197,108.4,2,658050.898,1159428.918,10.48526933,76.44418000,0.358,0.091,8.6,10.0,0.0,17.4,1757,2047,RTK FIXED
15.203,071012.40,10.48526600,76.44418100,10.48526600,76.44418105,658051.117,1159428.195,108.00,658051.125,1159428.196,128.0,2,658050.898,1159428.918,10.48526933,76.44418000,0.364,-0.027,10.0,9.6,-0.5,17.6,2047,1959,RTK FIXED
15.257,071012.40,10.48526600,76.44418100,10.48526600,76.44418103,658051.117,1159428.195,108.00,658051.122,1159428.196,128.0,2,658050.898,1159428.918,10.48526933,76.44418000,0.364,-0.027,10.0,9.6,0.5,16.1,2047,1959,RTK FIXED
15.302,071012.40,10.48526600,76.44418100,10.48526600,76.44418102,658051.117,1159428.195,108.00,658051.120,1159428.196,128.0,2,658050.898,1159428.918,10.48526933,76.44418000,0.364,-0.027,10.0,9.6,0.0,16.6,2047,1959,RTK FIXED
15.357,071012.40,10.48526600,76.44418100,10.48526600,76.44418101,658051.117,1159428.195,108.00,658051.118,1159428.195,128.0,2,658050.898,1159428.918,10.48526933,76.44418000,0.364,-0.027,10.0,9.6,-0.5,17.4,2047,1959,RTK FIXED
15.403,071012.60,10.48526700,76.44418100,10.48526640,76.44418101,658051.229,1159428.362,108.00,658051.163,1159428.262,128.0,2,658050.898,1159428.918,10.48526933,76.44418000,0.364,-0.051,10.0,9.2,0.5,16.7,2047,1882,RTK FIXED
15.457,071012.60,10.48526700,76.44418100,10.48526664,76.44418100,658051.229,1159428.362,108.00,658051.189,1159428.302,128.0,2,658050.898,1159428.918,10.48526933,76.44418000,0.364,-0.051,10.0,9.2,-0.5,17.2,2047,1882,RTK FIXED
15.511,071012.60,10.48526700,76.44418100,10.48526678,76.44418100,658051.229,1159428.362,108.00,658051.205,1159428.326,128.0,2,658050.898,1159428.918,10.48526933,76.44418000,0.364,-0.051,10.0,9.2,0.5,14.4,2047,1882,RTK FIXED
15.558,071012.60,10.48526700,76.44418100,10.48526687,76.44418100,658051.229,1159428.362,108.00,658051.214,1159428.340,128.0,2,658050.898,1159428.918,10.48526933,76.44418000,0.364,-0.051,10.0,9.2,-0.5,17.2,2047,1882,RTK FIXED
15.611,071012.60,10.48526700,76.44418100,10.48526692,76.44418100,658051.229,1159428.362,108.00,658051.220,1159428.349,128.0,2,658050.898,1159428.918,10.48526933,76.44418000,0.364,-0.051,10.0,9.2,0.5,17.7,2047,1882,RTK FIXED
15.658,071012.80,10.48526700,76.44418100,10.48526695,76.44418100,658051.229,1159428.362,108.00,658051.224,1159428.354,111.9,2,658050.898,1159428.918,10.48526933,76.44418000,0.362,0.040,9.4,10.0,-0.5,17.8,1915,2047,RTK FIXED
15.712,071012.80,10.48526700,76.44418100,10.48526697,76.44418100,658051.229,1159428.362,108.00,658051.226,1159428.357,111.9,2,658050.898,1159428.918,10.48526933,76.44418000,0.362,0.040,9.4,10.0,0.0,16.6,1915,2047,RTK FIXED
15.758,071012.80,10.48526700,76.44418100,10.48526698,76.44418100,658051.229,1159428.362,108.00,658051.227,1159428.359,111.9,2,658050.898,1159428.918,10.48526933,76.44418000,0.362,0.040,9.4,10.0,0.0,16.3,1915,2047,RTK FIXED
15.811,071013.00,10.48526700,76.44418000,10.48526699,76.44418060,658051.028,1159428.312,108.00,658051.147,1159428.341,111.9,2,658050.898,1159428.918,10.48526933,76.44418000,0.362,0.057,9.1,10.0,0.0,16.7,1862,2047,RTK FIXED
15.857,071013.00,10.48526700,76.44418000,10.48526699,76.44418036,658051.028,1159428.312,108.00,658051.100,1159428.329,111.9,2,658050.898,1159428.918,10.48526933,76.44418000,0.362,0.057,9.1,10.0,0.5,14.7,1862,2047,RTK FIXED
15.911,071013.00,10.48526700,76.44418000,10.48526700,76.44418022,658051.028,1159428.312,108.00,658051.071,1159428.323,111.9,2,658050.898,1159428.918,10.48526933,76.44418000,0.362,0.057,9.1,10.0,-0.5,15.3,1862,2047,RTK FIXED
15.958,071013.20,10.48526700,76.44418000,10.48526700,76.44418013,658051.028,1159428.312,108.00,658051.054,1159428.319,131.1,2,658050.898,1159428.918,10.48526933,76.44418000,0.362,-0.058,10.0,9.1,0.5,18.1,2047,1860,RTK FIXED
16.011,071013.20,10.48526700,76.44418000,10.48526700,76.44418008,658051.028,1159428.312,108.00,658051.044,1159428.316,131.1,2,658050.898,1159428.918,10.48526933,76.44418000,0.362,-0.058,10.0,9.1,0.0,18.3,2047,1860,RTK FIXED
16.058,071013.20,10.48526700,76.44418000,10.48526700,76.44418005,658051.028,1159428.312,108.00,658051.038,1159428.315,131.1,2,658050.898,1159428.918,10.48526933,76.44418000,0.362,-0.058,10.0,9.1,-0.5,17.9,2047,1860,RTK FIXED
16.111,071013.20,10.48526700,76.44418000,10.48526700,76.44418003,658051.028,1159428.312,108.00,658051.034,1159428.314,131.1,2,658050.898,1159428.918,10.48526933,76.44418000,0.362,-0.058,10.0,9.1,0.0,16.8,2047,1860,RTK FIXED
16.165,071013.20,10.48526700,76.44418000,10.48526700,76.44418002,658051.028,1159428.312,108.00,658051.032,1159428.313,131.1,2,658050.898,1159428.918,10.48526933,76.44418000,0.362,-0.058,10.0,9.1,0.5,15.6,2047,1860,RTK FIXED
16.212,071013.40,10.48526800,76.44418000,10.48526740,76.44418001,658051.135,1159428.485,108.00,658051.073,1159428.382,131.1,2,658050.898,1159428.918,10.48526933,76.44418000,0.362,-0.082,10.0,8.7,-0.5,16.7,2047,1786,RTK FIXED
16.265,071013.40,10.48526800,76.44418000,10.48526764,76.44418001,658051.135,1159428.485,108.00,658051.098,1159428.423,131.1,2,658050.898,1159428.918,10.48526933,76.44418000,0.362,-0.082,10.0,8.7,0.0,16.8,2047,1786,RTK FIXED
16.311,071013.40,10.48526800,76.44418000,10.48526778,76.44418000,658051.135,1159428.485,108.00,658051.113,1159428.448,131.1,2,658050.898,1159428.918,10.48526933,76.44418000,0.362,-0.082,10.0,8.7,0.0,14.7,2047,1786,RTK FIXED
16.365,071013.40,10.48526800,76.44418000,10.48526787,76.44418000,658051.135,1159428.485,108.00,658051.121,1159428.462,131.1,2,658050.898,1159428.918,10.48526933,76.44418000,0.362,-0.082,10.0,8.7,0.0,16.3,2047,1786,RTK FIXED
16.412,071013.60,10.48526800,76.44418000,10.48526792,76.44418000,658051.135,1159428.485,108.00,658051.127,1159428.471,114.9,2,658050.898,1159428.918,10.48526933,76.44418000,0.364,0.010,9.8,10.0,0.5,13.9,2015,2047,RTK FIXED
16.466,071013.60,10.48526800,76.44418000,10.48526795,76.44418000,658051.135,1159428.485,108.00,658051.130,1159428.477,114.9,2,658050.898,1159428.918,10.48526933,76.44418000,0.364,0.010,9.8,10.0,0.0,14.0,2015,2047,RTK FIXED
16.511,071013.60,10.48526800,76.44418000,10.48526797,76.44418000,658051.135,1159428.485,108.00,658051.132,1159428.480,114.9,2,658050.898,1159428.918,10.48526933,76.44418000,0.364,0.010,9.8,10.0,0.0,14.8,2015,2047,RTK FIXED
16.566,071013.60,10.48526800,76.44418000,10.48526798,76.44418000,658051.135,1159428.485,108.00,658051.133,1159428.482,114.9,2,658050.898,1159428.918,10.48526933,76.44418000,0.364,0.010,9.8,10.0,-0.5,14.2,2015,2047,RTK FIXED
16.612,071013.60,10.48526800,76.44418000,10.48526799,76.44418000,658051.135,1159428.485,108.00,658051.134,1159428.483,114.9,2,658050.898,1159428.918,10.48526933,76.44418000,0.364,0.010,9.8,10.0,0.0,16.3,2015,2047,RTK FIXED
16.666,071013.80,10.48526800,76.44418000,10.48526799,76.44418000,658051.046,1159428.430,108.00,658051.099,1159428.462,114.9,2,658050.898,1159428.918,10.48526933,76.44418000,0.364,0.030,9.5,10.0,0.5,16.5,1947,2047,RTK FIXED
16.719,071013.80,10.48526800,76.44418000,10.48526800,76.44418000,658051.046,1159428.430,108.00,658051.077,1159428.449,114.9,2,658050.898,1159428.918,10.48526933,76.44418000,0.364,0.030,9.5,10.0,-0.5,17.5,1947,2047,RTK FIXED
16.766,071013.80,10.48526800,76.44418000,10.48526800,76.44418000,658051.046,1159428.430,108.00,658051.065,1159428.442,114.9,2,658050.898,1159428.918,10.48526933,76.44418000,0.364,0.030,9.5,10.0,0.0,18.6,1947,2047,RTK FIXED
16.819,071013.80,10.48526800,76.44418000,10.48526800,76.44418000,658051.046,1159428.430,108.00,658051.057,1159428.437,114.9,2,658050.898,1159428.918,10.48526933,76.44418000,0.364,0.030,9.5,10.0,0.0,17.9,1947,2047,RTK FIXED
16.869,071013.80,10.48526800,76.44418000,10.48526800,76.44418000,658051.046,1159428.430,108.00,658051.053,1159428.434,114.9,2,658050.898,1159428.918,10.48526933,76.44418000,0.364,0.030,9.5,10.0,0.5,18.2,1947,2047,RTK FIXED
16.920,071014.00,10.48526900,76.44417900,10.48526840,76.44417960,658050.936,1159428.540,108.00,658051.006,1159428.477,125.9,2,658050.898,1159428.918,10.48526933,76.44418000,0.365,-0.026,10.0,9.6,0.0,16.4,2047,1960,RTK FIXED
16.967,071014.00,10.48526900,76.44417900,10.48526864,76.44417936,658050.936,1159428.540,108.00,658050.978,1159428.502,125.9,2,658050.898,1159428.918,10.48526933,76.44418000,0.365,-0.026,10.0,9.6,0.0,18.5,2047,1960,RTK FIXED
17.019,071014.00,10.48526900,76.44417900,10.48526878,76.44417922,658050.936,1159428.540,108.00,658050.961,1159428.517,125.9,2,658050.898,1159428.918,10.48526933,76.44418000,0.365,-0.026,10.0,9.6,0.0,17.4,2047,1960,RTK FIXED
17.066,071014.00,10.48526900,76.44417900,10.48526887,76.44417913,658050.936,1159428.540,108.00,658050.951,1159428.527,125.9,2,658050.898,1159428.918,10.48526933,76.44418000,0.365,-0.026,10.0,9.6,-0.5,17.6,2047,1960,RTK FIXED
17.120,071014.00,10.48526900,76.44417900,10.48526892,76.44417908,658050.936,1159428.540,108.00,658050.945,1159428.532,125.9,2,658050.898,1159428.918,10.48526933,76.44418000,0.365,-0.026,10.0,9.6,0.5,16.7,2047,1960,RTK FIXED
17.166,071014.20,10.48526900,76.44417900,10.48526895,76.44417905,658050.998,1159428.574,108.00,658050.966,1159428.549,125.9,2,658050.898,1159428.918,10.48526933,76.44418000,0.338,-0.040,10.0,9.3,0.0,16.6,2047,1908,RTK FIXED
17.220,071014.20,10.48526900,76.44417900,10.48526897,76.44417903,658050.998,1159428.574,108.00,658050.979,1159428.559,125.9,2,658050.898,1159428.918,10.48526933,76.44418000,0.338,-0.040,10.0,9.3,-0.5,17.3,2047,1908,RTK FIXED
17.266,071014.20,10.48526900,76.44417900,10.48526898,76.44417902,658050.998,1159428.574,108.00,658050.986,1159428.565,125.9,2,658050.898,1159428.918,10.48526933,76.44418000,0.338,-0.040,10.0,9.3,0.5,14.6,2047,1908,RTK FIXED
17.320,071014.20,10.48526900,76.44417900,10.48526899,76.44417901,658050.998,1159428.574,108.00,658050.991,1159428.569,125.9,2,658050.898,1159428.918,10.48526933,76.44418000,0.338,-0.040,10.0,9.3,0.0,17.2,2047,1908,RTK FIXED
17.377,071014.40,10.48526900,76.44417900,10.48526899,76.44417901,658050.998,1159428.574,108.00,658050.994,1159428.571,125.9,3,658050.347,1159429.818,10.48527750,76.44417500,0.365,-0.043,10.0,9.3,0.0,17.6,2047,1907,RTK FIXED
17.420,071014.40,10.48526900,76.44417900,10.48526900,76.44417900,658050.998,1159428.574,108.00,658050.995,1159428.572,125.9,3,658050.347,1159429.818,10.48527750,76.44417500,0.365,-0.043,10.0,9.3,0.0,16.2,2047,1907,RTK FIXED
17.474,071014.40,10.48526900,76.44417900,10.48526900,76.44417900,658050.998,1159428.574,108.00,658050.996,1159428.573,125.9,3,658050.347,1159429.818,10.48527750,76.44417500,0.365,-0.043,10.0,9.3,0.0,16.7,2047,1907,RTK FIXED
17.521,071014.60,10.48526900,76.44417900,10.48526900,76.44417900,658050.998,1159428.574,108.00,658050.997,1159428.574,120.1,3,658050.347,1159429.818,10.48527750,76.44417500,0.366,-0.020,10.0,9.7,-0.5,16.1,2047,1979,RTK FIXED
17.575,071014.60,10.48526900,76.44417900,10.48526900,76.44417900,658050.998,1159428.574,108.00,658050.997,1159428.574,120.1,3,658050.347,1159429.818,10.48527750,76.44417500,0.366,-0.020,10.0,9.7,0.0,15.7,2047,1979,RTK FIXED
17.621,071014.60,10.48526900,76.44417900,10.48526900,76.44417900,658050.998,1159428.574,108.00,658050.997,1159428.574,120.1,3,658050.347,1159429.818,10.48527750,76.44417500,0.366,-0.020,10.0,9.7,0.5,16.1,2047,1979,RTK FIXED
17.675,071014.80,10.48527000,76.44417900,10.48526940,76.44417900,658050.965,1159428.666,108.00,658050.985,1159428.611,120.1,3,658050.347,1159429.818,10.48527750,76.44417500,0.366,-0.014,10.0,9.8,-0.5,15.9,2047,2001,RTK FIXED
17.721,071014.80,10.48527000,76.44417900,10.48526964,76.44417900,658050.965,1159428.666,108.00,658050.977,1159428.633,120.1,3,658050.347,1159429.818,10.48527750,76.44417500,0.366,-0.014,10.0,9.8,0.0,16.9,2047,2001,RTK FIXED
17.774,071014.80,10.48527000,76.44417900,10.48526978,76.44417900,658050.965,1159428.666,108.00,658050.972,1159428.646,120.1,3,658050.347,1159429.818,10.48527750,76.44417500,0.366,-0.014,10.0,9.8,0.0,17.2,2047,2001,RTK FIXED
17.821,071015.00,10.48527000,76.44417800,10.48526987,76.44417860,658050.856,1159428.665,108.00,658050.926,1159428.654,124.1,3,658050.347,1159429.818,10.48527750,76.44417500,0.366,-0.027,10.0,9.6,0.0,15.1,2047,1959,RTK FIXED
17.874,071015.00,10.48527000,76.44417800,10.48526992,76.44417836,658050.856,1159428.665,108.00,658050.898,1159428.658,124.1,3,658050.347,1159429.818,10.48527750,76.44417500,0.366,-0.027,10.0,9.6,0.0,15.3,2047,1959,RTK FIXED
17.929,071015.20,10.48527000,76.44417800,10.48526995,76.44417822,658050.878,1159428.678,108.00,658050.890,1159428.666,124.1,3,658050.347,1159429.818,10.48527750,76.44417500,0.366,-0.031,10.0,9.5,0.0,15.7,2047,1946,RTK FIXED
17.975,071015.20,10.48527000,76.44417800,10.48526997,76.44417813,658050.878,1159428.678,108.00,658050.885,1159428.671,124.1,3,658050.347,1159429.818,10.48527750,76.44417500,0.366,-0.031,10.0,9.5,0.5,16.4,2047,1946,RTK FIXED
18.028,071015.20,10.48527000,76.44417800,10.48526998,76.44417808,658050.878,1159428.678,108.00,658050.883,1159428.674,124.1,3,658050.347,1159429.818,10.48527750,76.44417500,0.366,-0.031,10.0,9.5,0.0,16.9,2047,1946,RTK FIXED
18.075,071015.20,10.48527000,76.44417800,10.48526999,76.44417805,658050.878,1159428.678,108.00,658050.881,1159428.676,124.1,3,658050.347,1159429.818,10.48527750,76.44417500,0.366,-0.031,10.0,9.5,0.0,16.5,2047,1946,RTK FIXED
18.130,071015.20,10.48527000,76.44417800,10.48526999,76.44417803,658050.878,1159428.678,108.00,658050.880,1159428.677,124.1,3,658050.347,1159429.818,10.48527750,76.44417500,0.366,-0.031,10.0,9.5,0.0,14.6,2047,1946,RTK FIXED
18.175,071015.40,10.48527100,76.44417800,10.48527040,76.44417802,658050.878,1159428.789,108.00,658050.879,1159428.722,121.4,3,658050.347,1159429.818,10.48527750,76.44417500,0.366,-0.021,10.0,9.7,-0.5,15.8,2047,1979,RTK FIXED
18.229,071015.40,10.48527100,76.44417800,10.48527064,76.44417801,658050.878,1159428.789,108.00,658050.879,1159428.748,121.4,3,658050.347,1159429.818,10.48527750,76.44417500,0.366,-0.021,10.0,9.7,0.0,16.4,2047,1979,RTK FIXED
18.275,071015.40,10.48527100,76.44417800,10.48527078,76.44417801,658050.878,1159428.789,108.00,658050.878,1159428.765,121.4,3,658050.347,1159429.818,10.48527750,76.44417500,0.366,-0.021,10.0,9.7,0.5,17.3,2047,1979,RTK FIXED
18.328,071015.40,10.48527100,76.44417800,10.48527087,76.44417800,658050.878,1159428.789,108.00,658050.878,1159428.774,121.4,3,658050.347,1159429.818,10.48527750,76.44417500,0.366,-0.021,10.0,9.7,0.0,16.5,2047,1979,RTK FIXED
18.375,071015.60,10.48527100,76.44417800,10.48527092,76.44417800,658050.863,1159428.780,108.00,658050.872,1159428.777,121.4,3,658050.347,1159429.818,10.48527750,76.44417500,0.366,-0.018,10.0,9.7,0.0,16.4,2047,1989,RTK FIXED
18.429,071015.60,10.48527100,76.44417800,10.48527095,76.44417800,658050.863,1159428.780,108.00,658050.868,1159428.778,121.4,3,658050.347,1159429.818,10.48527750,76.44417500,0.366,-0.018,10.0,9.7,0.0,17.3,2047,1989,RTK FIXED
18.483,071015.60,10.48527100,76.44417800,10.48527097,76.44417800,658050.863,1159428.780,108.00,658050.866,1159428.779,121.4,3,658050.347,1159429.818,10.48527750,76.44417500,0.366,-0.018,10.0,9.7,0.0,17.1,2047,1989,RTK FIXED
18.529,071015.60,10.48527100,76.44417800,10.48527098,76.44417800,658050.863,1159428.780,108.00,658050.865,1159428.779,121.4,3,658050.347,1159429.818,10.48527750,76.44417500,0.366,-0.018,10.0,9.7,0.0,17.3,2047,1989,RTK FIXED
18.583,071015.80,10.48527100,76.44417800,10.48527099,76.44417800,658050.863,1159428.780,108.00,658050.864,1159428.779,121.4,3,658050.347,1159429.818,10.48527750,76.44417500,0.366,-0.017,10.0,9.7,0.0,17.1,2047,1991,RTK FIXED
18.629,071015.80,10.48527100,76.44417800,10.48527099,76.44417800,658050.863,1159428.780,108.00,658050.864,1159428.780,121.4,3,658050.347,1159429.818,10.48527750,76.44417500,0.366,-0.017,10.0,9.7,-0.5,17.4,2047,1991,RTK FIXED
18.683,071016.00,10.48527200,76.44417700,10.48527140,76.44417760,658050.753,1159428.890,108.00,658050.819,1159428.824,122.4,3,658050.347,1159429.818,10.48527750,76.44417500,0.366,-0.018,10.0,9.7,0.0,17.1,2047,1987,RTK FIXED
18.729,071016.00,10.48527200,76.44417700,10.48527164,76.44417736,658050.753,1159428.890,108.00,658050.793,1159428.850,122.4,3,658050.347,1159429.818,10.48527750,76.44417500,0.366,-0.018,10.0,9.7,0.5,16.9,2047,1987,RTK FIXED
18.783,071016.00,10.48527200,76.44417700,10.48527178,76.44417722,658050.753,1159428.890,108.00,658050.777,1159428.866,122.4,3,658050.347,1159429.818,10.48527750,76.44417500,0.366,-0.018,10.0,9.7,0.0,15.4,2047,1987,RTK FIXED
18.829,071016.00,10.48527200,76.44417700,10.48527187,76.44417713,658050.753,1159428.890,108.00,658050.767,1159428.876,122.4,3,658050.347,1159429.818,10.48527750,76.44417500,0.366,-0.018,10.0,9.7,-0.5,17.2,2047,1987,RTK FIXED
18.883,071016.00,10.48527200,76.44417700,10.48527192,76.44417708,658050.753,1159428.890,108.00,658050.762,1159428.881,122.4,3,658050.347,1159429.818,10.48527750,76.44417500,0.366,-0.018,10.0,9.7,0.0,15.4,2047,1987,RTK FIXED
18.929,071016.00,10.48527200,76.44417700,10.48527195,76.44417705,658050.753,1159428.890,108.00,658050.758,1159428.885,122.4,3,658050.347,1159429.818,10.48527750,76.44417500,0.366,-0.018,10.0,9.7,0.5,15.6,2047,1987,RTK FIXED
18.983,071016.20,10.48527200,76.44417700,10.48527197,76.44417703,658050.758,1159428.893,108.00,658050.758,1159428.888,122.4,3,658050.347,1159429.818,10.48527750,76.44417500,0.366,-0.019,10.0,9.7,0.0,17.1,2047,1984,RTK FIXED
19.037,071016.20,10.48527200,76.44417700,10.48527198,76.44417702,658050.758,1159428.893,108.00,658050.758,1159428.890,122.4,3,658050.347,1159429.818,10.48527750,76.44417500,0.366,-0.019,10.0,9.7,0.0,17.7,2047,1984,RTK FIXED
19.083,071016.20,10.48527200,76.44417700,10.48527199,76.44417701,658050.758,1159428.893,108.00,658050.758,1159428.891,122.4,3,658050.347,1159429.818,10.48527750,76.44417500,0.366,-0.019,10.0,9.7,-0.5,17.4,2047,1984,RTK FIXED
19.138,071016.20,10.48527200,76.44417700,10.48527199,76.44417701,658050.758,1159428.893,108.00,658050.758,1159428.892,122.4,3,658050.347,1159429.818,10.48527750,76.44417500,0.366,-0.019,10.0,9.7,0.5,17.1,2047,1984,RTK FIXED
19.184,071016.20,10.48527200,76.44417700,10.48527200,76.44417700,658050.758,1159428.893,108.00,658050.758,1159428.893,122.4,3,658050.347,1159429.818,10.48527750,76.44417500,0.366,-0.019,10.0,9.7,-0.5,17.8,2047,1984,RTK FIXED
19.238,071016.40,10.48527300,76.44417700,10.48527240,76.44417700,658050.758,1159429.004,108.00,658050.758,1159428.937,119.8,3,658050.347,1159429.818,10.48527750,76.44417500,0.366,-0.015,10.0,9.8,0.0,15.8,2047,1999,RTK FIXED
19.283,071016.40,10.48527300,76.44417700,10.48527264,76.44417700,658050.758,1159429.004,108.00,658050.758,1159428.964,119.8,3,658050.347,1159429.818,10.48527750,76.44417500,0.366,-0.015,10.0,9.8,0.6,17.8,2047,1999,RTK FIXED
19.337,071016.40,10.48527300,76.44417700,10.48527278,76.44417700,658050.758,1159429.004,108.00,658050.758,1159428.980,119.8,3,658050.347,1159429.818,10.48527750,76.44417500,0.366,-0.015,10.0,9.8,0.0,17.8,2047,1999,RTK FIXED
19.383,071016.40,10.48527300,76.44417700,10.48527287,76.44417700,658050.758,1159429.004,108.00,658050.758,1159428.989,119.8,3,658050.347,1159429.818,10.48527750,76.44417500,0.366,-0.015,10.0,9.8,-0.5,17.3,2047,1999,RTK FIXED
19.438,071016.40,10.48527300,76.44417700,10.48527292,76.44417700,658050.758,1159429.004,108.00,658050.758,1159428.995,119.8,3,658050.347,1159429.818,10.48527750,76.44417500,0.366,-0.015,10.0,9.8,0.0,17.5,2047,1999,RTK FIXED
19.484,071016.60,10.48527300,76.44417700,10.48527295,76.44417700,658050.744,1159428.996,108.00,658050.752,1159428.995,119.8,3,658050.347,1159429.818,10.48527750,76.44417500,0.366,-0.013,10.0,9.8,0.5,15.7,2047,2004,RTK FIXED
19.538,071016.60,10.48527300,76.44417700,10.48527297,76.44417700,658050.744,1159428.996,108.00,658050.749,1159428.995,119.8,3,658050.347,1159429.818,10.48527750,76.44417500,0.366,-0.013,10.0,9.8,0.0,17.7,2047,2004,RTK FIXED
19.591,071016.60,10.48527300,76.44417700,10.48527298,76.44417700,658050.744,1159428.996,108.00,658050.747,1159428.995,119.8,3,658050.347,1159429.818,10.48527750,76.44417500,0.366,-0.013,10.0,9.8,0.0,18.1,2047,2004,RTK FIXED
19.638,071016.60,10.48527300,76.44417700,10.48527299,76.44417700,658050.744,1159428.996,108.00,658050.745,1159428.996,119.8,3,658050.347,1159429.818,10.48527750,76.44417500,0.366,-0.013,10.0,9.8,-0.5,17.9,2047,2004,RTK FIXED
19.692,071016.80,10.48527300,76.44417700,10.48527299,76.44417700,658050.744,1159428.996,108.00,658050.745,1159428.996,119.8,3,658050.347,1159429.818,10.48527750,76.44417500,0.366,-0.012,10.0,9.8,0.5,18.4,2047,2006,RTK FIXED
19.738,071016.80,10.48527300,76.44417700,10.48527300,76.44417700,658050.744,1159428.996,108.00,658050.744,1159428.996,119.8,3,658050.347,1159429.818,10.48527750,76.44417500,0.366,-0.012,10.0,9.8,0.0,17.5,2047,2006,RTK FIXED
19.792,071016.80,10.48527300,76.44417700,10.48527300,76.44417700,658050.744,1159428.996,108.00,658050.744,1159428.996,119.8,3,658050.347,1159429.818,10.48527750,76.44417500,0.366,-0.012,10.0,9.8,-0.5,18.6,2047,2006,RTK FIXED
19.838,071017.00,10.48527300,76.44417700,10.48527300,76.44417700,658050.744,1159428.996,108.00,658050.744,1159428.996,119.8,3,658050.347,1159429.818,10.48527750,76.44417500,0.366,-0.012,10.0,9.8,0.5,18.2,2047,2007,RTK FIXED
19.891,071017.00,10.48527300,76.44417700,10.48527300,76.44417700,658050.744,1159428.996,108.00,658050.744,1159428.996,119.8,3,658050.347,1159429.818,10.48527750,76.44417500,0.366,-0.012,10.0,9.8,0.0,18.0,2047,2007,RTK FIXED
19.939,071017.00,10.48527300,76.44417700,10.48527300,76.44417700,658050.744,1159428.996,108.00,658050.744,1159428.996,119.8,3,658050.347,1159429.818,10.48527750,76.44417500,0.366,-0.012,10.0,9.8,-0.5,17.7,2047,2007,RTK FIXED
19.992,071017.20,10.48527400,76.44417600,10.48527340,76.44417660,658050.634,1159429.106,108.00,658050.700,1159429.040,120.7,3,658050.347,1159429.818,10.48527750,76.44417500,0.366,-0.017,10.0,9.7,0.0,17.9,2047,1992,RTK FIXED
20.038,071017.20,10.48527400,76.44417600,10.48527364,76.44417636,658050.634,1159429.106,108.00,658050.673,1159429.066,120.7,3,658050.347,1159429.818,10.48527750,76.44417500,0.366,-0.017,10.0,9.7,0.5,18.0,2047,1992,RTK FIXED
20.092,071017.20,10.48527400,76.44417600,10.48527378,76.44417622,658050.634,1159429.106,108.00,658050.657,1159429.082,120.7,3,658050.347,1159429.818,10.48527750,76.44417500,0.366,-0.017,10.0,9.7,0.0,17.7,2047,1992,RTK FIXED
20.138,071017.20,10.48527400,76.44417600,10.48527387,76.44417613,658050.634,1159429.106,108.00,658050.648,1159429.091,120.7,3,658050.347,1159429.818,10.48527750,76.44417500,0.366,-0.017,10.0,9.7,-0.5,16.4,2047,1992,RTK FIXED
20.191,071017.20,10.48527400,76.44417600,10.48527392,76.44417608,658050.634,1159429.106,108.00,658050.642,1159429.097,120.7,3,658050.347,1159429.818,10.48527750,76.44417500,0.366,-0.017,10.0,9.7,0.0,18.2,2047,1992,RTK FIXED
20.246,071017.40,10.48527400,76.44417600,10.48527395,76.44417605,658050.638,1159429.108,108.00,658050.641,1159429.102,120.7,3,658050.347,1159429.818,10.48527750,76.44417500,0.366,-0.018,10.0,9.7,0.0,15.5,2047,1986,RTK FIXED
20.291,071017.40,10.48527400,76.44417600,10.48527397,76.44417603,658050.638,1159429.108,108.00,658050.640,1159429.104,120.7,3,658050.347,1159429.818,10.48527750,76.44417500,0.366,-0.018,10.0,9.7,0.0,18.3,2047,1986,RTK FIXED
20.346,071017.60,10.48527400,76.44417600,10.48527398,76.44417602,658050.638,1159429.108,108.00,658050.639,1159429.106,120.7,3,658050.347,1159429.818,10.48527750,76.44417500,0.366,-0.019,10.0,9.7,0.5,17.7,2047,1983,RTK FIXED
20.392,071017.60,10.48527400,76.44417600,10.48527399,76.44417601,658050.638,1159429.108,108.00,658050.639,1159429.107,120.7,3,658050.347,1159429.818,10.48527750,76.44417500,0.366,-0.019,10.0,9.7,-0.5,18.0,2047,1983,RTK FIXED
20.446,071017.60,10.48527400,76.44417600,10.48527399,76.44417601,658050.638,1159429.108,108.00,658050.639,1159429.108,120.7,3,658050.347,1159429.818,10.48527750,76.44417500,0.366,-0.019,10.0,9.7,0.0,17.6,2047,1983,RTK FIXED
20.493,071017.80,10.48527500,76.44417600,10.48527440,76.44417600,658050.638,1159429.219,108.00,658050.638,1159429.152,119.3,3,658050.347,1159429.818,10.48527750,76.44417500,0.366,-0.011,10.0,9.8,0.5,17.7,2047,2012,RTK FIXED
20.546,071017.80,10.48527500,76.44417600,10.48527464,76.44417600,658050.638,1159429.219,108.00,658050.638,1159429.179,119.3,3,658050.347,1159429.818,10.48527750,76.44417500,0.366,-0.011,10.0,9.8,0.0,17.7,2047,2012,RTK FIXED
20.600,071017.80,10.48527500,76.44417600,10.48527478,76.44417600,658050.638,1159429.219,108.00,658050.638,1159429.195,119.3,3,658050.347,1159429.818,10.48527750,76.44417500,0.366,-0.011,10.0,9.8,0.0,17.7,2047,2012,RTK FIXED
20.646,071017.80,10.48527500,76.44417600,10.48527487,76.44417600,658050.638,1159429.219,108.00,658050.638,1159429.205,119.3,3,658050.347,1159429.818,10.48527750,76.44417500,0.366,-0.011,10.0,9.8,-0.5,16.2,2047,2012,RTK FIXED
20.700,071017.80,10.48527500,76.44417600,10.48527492,76.44417600,658050.638,1159429.219,108.00,658050.638,1159429.210,119.3,3,658050.347,1159429.818,10.48527750,76.44417500,0.366,-0.011,10.0,9.8,0.0,17.7,2047,2012,RTK FIXED
20.746,071017.80,10.48527500,76.44417600,10.48527495,76.44417600,658050.638,1159429.219,108.00,658050.638,1159429.214,119.3,3,658050.347,1159429.818,10.48527750,76.44417500,0.366,-0.011,10.0,9.8,0.5,18.4,2047,2012,RTK FIXED
20.801,071018.00,10.48527500,76.44417600,10.48527497,76.44417600,658050.630,1159429.215,108.00,658050.635,1159429.214,119.3,3,658050.347,1159429.818,10.48527750,76.44417500,0.366,-0.007,10.0,9.9,-0.5,15.7,2047,2022,RTK FIXED
20.846,071018.00,10.48527500,76.44417600,10.48527498,76.44417600,658050.630,1159429.215,108.00,658050.633,1159429.214,119.3,3,658050.347,1159429.818,10.48527750,76.44417500,0.366,-0.007,10.0,9.9,0.5,18.0,2047,2022,RTK FIXED
20.900,071018.00,10.48527500,76.44417600,10.48527499,76.44417600,658050.630,1159429.215,108.00,658050.632,1159429.214,119.3,3,658050.347,1159429.818,10.48527750,76.44417500,0.366,-0.007,10.0,9.9,0.0,17.6,2047,2022,RTK FIXED
20.947,071018.00,10.48527500,76.44417600,10.48527499,76.44417600,658050.630,1159429.215,108.00,658050.631,1159429.214,119.3,3,658050.347,1159429.818,10.48527750,76.44417500,0.366,-0.007,10.0,9.9,-0.5,18.2,2047,2022,RTK FIXED
21.001,071018.00,10.48527500,76.44417600,10.48527500,76.44417600,658050.630,1159429.215,108.00,658050.630,1159429.215,119.3,3,658050.347,1159429.818,10.48527750,76.44417500,0.366,-0.007,10.0,9.9,0.0,15.8,2047,2022,RTK FIXED
21.047,071018.20,10.48527500,76.44417600,10.48527500,76.44417600,658050.630,1159429.215,108.00,658050.630,1159429.215,119.3,3,658050.347,1159429.818,10.48527750,76.44417500,0.366,-0.006,10.0,9.9,0.5,18.3,2047,2026,RTK FIXED
21.101,071018.20,10.48527500,76.44417600,10.48527500,76.44417600,658050.630,1159429.215,108.00,658050.630,1159429.215,119.3,3,658050.347,1159429.818,10.48527750,76.44417500,0.366,-0.006,10.0,9.9,0.0,17.8,2047,2026,RTK FIXED
21.146,071018.20,10.48527500,76.44417600,10.48527500,76.44417600,658050.630,1159429.215,108.00,658050.630,1159429.215,119.3,3,658050.347,1159429.818,10.48527750,76.44417500,0.366,-0.006,10.0,9.9,-0.5,15.3,2047,2026,RTK FIXED
21.201,071018.40,10.48527600,76.44417600,10.48527540,76.44417600,658050.629,1159429.325,108.00,658050.630,1159429.259,113.4,3,658050.347,1159429.818,10.48527750,76.44417500,0.363,0.038,9.4,10.0,0.0,18.3,1924,2047,RTK FIXED
21.254,071018.40,10.48527600,76.44417600,10.48527564,76.44417600,658050.629,1159429.325,108.00,658050.630,1159429.285,113.4,3,658050.347,1159429.818,10.48527750,76.44417500,0.363,0.038,9.4,10.0,0.5,17.8,1924,2047,RTK FIXED
21.301,071018.40,10.48527600,76.44417600,10.48527578,76.44417600,658050.629,1159429.325,108.00,658050.629,1159429.301,113.4,3,658050.347,1159429.818,10.48527750,76.44417500,0.363,0.038,9.4,10.0,-0.5,17.9,1924,2047,RTK FIXED
21.355,071018.60,10.48527600,76.44417500,10.48527587,76.44417560,658050.485,1159429.309,108.00,658050.572,1159429.304,113.4,3,658050.347,1159429.818,10.48527750,76.44417500,0.363,0.045,9.3,10.0,0.5,16.5,1901,2047,RTK FIXED
21.400,071018.60,10.48527600,76.44417500,10.48527592,76.44417536,658050.485,1159429.309,108.00,658050.537,1159429.306,113.4,3,658050.347,1159429.818,10.48527750,76.44417500,0.363,0.045,9.3,10.0,0.0,17.3,1901,2047,RTK FIXED
21.455,071018.60,10.48527600,76.44417500,10.48527595,76.44417522,658050.485,1159429.309,108.00,658050.516,1159429.307,113.4,3,658050.347,1159429.818,10.48527750,76.44417500,0.363,0.045,9.3,10.0,0.0,17.4,1901,2047,RTK FIXED
21.500,071018.60,10.48527600,76.44417500,10.48527597,76.44417513,658050.485,1159429.309,108.00,658050.504,1159429.308,113.4,3,658050.347,1159429.818,10.48527750,76.44417500,0.363,0.045,9.3,10.0,-0.5,18.1,1901,2047,RTK FIXED
21.554,071018.60,10.48527600,76.44417500,10.48527598,76.44417508,658050.485,1159429.309,108.00,658050.496,1159429.308,113.4,3,658050.347,1159429.818,10.48527750,76.44417500,0.363,0.045,9.3,10.0,0.5,15.8,1901,2047,RTK FIXED
21.601,071018.80,10.48527600,76.44417500,10.48527599,76.44417505,658050.485,1159429.309,108.00,658050.492,1159429.308,126.1,3,658050.347,1159429.818,10.48527750,76.44417500,0.365,-0.027,10.0,9.6,0.0,15.3,2047,1959,RTK FIXED
21.655,071018.80,10.48527600,76.44417500,10.48527599,76.44417503,658050.485,1159429.309,108.00,658050.489,1159429.309,126.1,3,658050.347,1159429.818,10.48527750,76.44417500,0.365,-0.027,10.0,9.6,0.0,18.1,2047,1959,RTK FIXED
21.701,071018.80,10.48527600,76.44417500,10.48527600,76.44417502,658050.485,1159429.309,108.00,658050.488,1159429.309,126.1,3,658050.347,1159429.818,10.48527750,76.44417500,0.365,-0.027,10.0,9.6,0.0,16.6,2047,1959,RTK FIXED
21.755,071018.80,10.48527600,76.44417500,10.48527600,76.44417501,658050.485,1159429.309,108.00,658050.487,1159429.309,126.1,3,658050.347,1159429.818,10.48527750,76.44417500,0.365,-0.027,10.0,9.6,0.0,16.6,2047,1959,RTK FIXED
21.809,071019.00,10.48527700,76.44417500,10.48527640,76.44417501,658050.557,1159429.458,108.00,658050.515,1159429.368,126.1,3,658050.347,1159429.818,10.48527750,76.44417500,0.365,-0.041,10.0,9.4,0.0,17.0,2047,1914,RTK FIXED
21.855,071019.00,10.48527700,76.44417500,10.48527664,76.44417500,658050.557,1159429.458,108.00,658050.532,1159429.404,126.1,3,658050.347,1159429.818,10.48527750,76.44417500,0.365,-0.041,10.0,9.4,0.0,16.4,2047,1914,RTK FIXED
21.909,071019.20,10.48527700,76.44417500,10.48527678,76.44417500,658050.557,1159429.458,108.00,658050.542,1159429.426,113.5,3,658050.347,1159429.818,10.48527750,76.44417500,0.363,0.029,9.5,10.0,0.0,16.5,1952,2047,RTK FIXED
21.955,071019.20,10.48527700,76.44417500,10.48527687,76.44417500,658050.557,1159429.458,108.00,658050.548,1159429.439,113.5,3,658050.347,1159429.818,10.48527750,76.44417500,0.363,0.029,9.5,10.0,-0.5,17.0,1952,2047,RTK FIXED
22.009,071019.20,10.48527700,76.44417500,10.48527692,76.44417500,658050.557,1159429.458,108.00,658050.552,1159429.446,113.5,3,658050.347,1159429.818,10.48527750,76.44417500,0.363,0.029,9.5,10.0,0.5,17.1,1952,2047,RTK FIXED
22.056,071019.40,10.48527700,76.44417500,10.48527695,76.44417500,658050.485,1159429.420,108.00,658050.525,1159429.436,113.5,3,658050.347,1159429.818,10.48527750,76.44417500,0.357,0.044,9.3,10.0,-0.5,16.6,1900,2047,RTK FIXED
22.109,071019.40,10.48527700,76.44417500,10.48527697,76.44417500,658050.485,1159429.420,108.00,658050.509,1159429.429,113.5,3,658050.347,1159429.818,10.48527750,76.44417500,0.357,0.044,9.3,10.0,0.0,17.3,1900,2047,RTK FIXED
22.162,071019.40,10.48527700,76.44417500,10.48527698,76.44417500,658050.485,1159429.420,108.00,658050.500,1159429.425,113.5,3,658050.347,1159429.818,10.48527750,76.44417500,0.357,0.044,9.3,10.0,0.0,18.4,1900,2047,RTK FIXED
22.209,071019.40,10.48527700,76.44417500,10.48527699,76.44417500,658050.485,1159429.420,108.00,658050.494,1159429.423,113.5,3,658050.347,1159429.818,10.48527750,76.44417500,0.357,0.044,9.3,10.0,0.0,18.0,1900,2047,RTK FIXED
22.263,071019.40,10.48527700,76.44417500,10.48527699,76.44417500,658050.485,1159429.420,108.00,658050.491,1159429.422,113.5,3,658050.347,1159429.818,10.48527750,76.44417500,0.357,0.044,9.3,10.0,0.5,18.2,1900,2047,RTK FIXED
22.309,071019.40,10.48527700,76.44417500,10.48527700,76.44417500,658050.485,1159429.420,108.00,658050.489,1159429.421,113.5,3,658050.347,1159429.818,10.48527750,76.44417500,0.357,0.044,9.3,10.0,0.0,17.8,1900,2047,RTK FIXED
22.364,071019.40,10.48527700,76.44417500,10.48527700,76.44417500,658050.485,1159429.420,108.00,658050.487,1159429.420,113.5,3,658050.347,1159429.818,10.48527750,76.44417500,0.357,0.044,9.3,10.0,-0.5,16.1,1900,2047,RTK FIXED
22.412,071019.60,10.48527800,76.44417500,10.48527740,76.44417500,658050.485,1159429.530,108.00,658050.486,1159429.464,113.5,4,658049.795,1159430.719,10.48528567,76.44417000,0.363,0.051,9.2,10.0,0.0,18.2,1883,2047,RTK FIXED
22.463,071019.60,10.48527800,76.44417500,10.48527764,76.44417500,658050.485,1159429.530,108.00,658050.486,1159429.491,113.5,4,658049.795,1159430.719,10.48528567,76.44417000,0.363,0.051,9.2,10.0,0.0,18.0,1883,2047,RTK FIXED
22.510,071019.60,10.48527800,76.44417500,10.48527778,76.44417500,658050.485,1159429.530,108.00,658050.485,1159429.506,113.5,4,658049.795,1159430.719,10.48528567,76.44417000,0.363,0.051,9.2,10.0,0.5,18.3,1883,2047,RTK FIXED
22.563,071019.60,10.48527800,76.44417500,10.48527787,76.44417500,658050.485,1159429.530,108.00,658050.485,1159429.516,113.5,4,658049.795,1159430.719,10.48528567,76.44417000,0.363,0.051,9.2,10.0,0.0,17.7,1883,2047,RTK FIXED
22.610,071019.80,10.48527800,76.44417400,10.48527792,76.44417460,658050.375,1159429.530,108.00,658050.441,1159429.521,120.5,4,658049.795,1159430.719,10.48528567,76.44417000,0.366,0.002,10.0,10.0,-0.5,18.2,2040,2047,RTK FIXED
22.663,071019.80,10.48527800,76.44417400,10.48527795,76.44417436,658050.375,1159429.530,108.00,658050.415,1159429.525,120.5,4,658049.795,1159430.719,10.48528567,76.44417000,0.366,0.002,10.0,10.0,0.0,16.1,2040,2047,RTK FIXED
22.709,071019.80,10.48527800,76.44417400,10.48527797,76.44417422,658050.375,1159429.530,108.00,658050.399,1159429.527,120.5,4,658049.795,1159430.719,10.48528567,76.44417000,0.366,0.002,10.0,10.0,0.0,18.3,2040,2047,RTK FIXED
22.763,071019.80,10.48527800,76.44417400,10.48527798,76.44417413,658050.375,1159429.530,108.00,658050.390,1159429.528,120.5,4,658049.795,1159430.719,10.48528567,76.44417000,0.366,0.002,10.0,10.0,0.0,18.0,2040,2047,RTK FIXED
22.818,071019.80,10.48527800,76.44417400,10.48527799,76.44417408,658050.375,1159429.530,108.00,658050.384,1159429.529,120.5,4,658049.795,1159430.719,10.48528567,76.44417000,0.366,0.002,10.0,10.0,0.5,18.4,2040,2047,RTK FIXED
22.864,071020.00,10.48527800,76.44417400,10.48527799,76.44417405,658050.416,1159429.549,108.00,658050.397,1159429.537,120.5,4,658049.795,1159430.719,10.48528567,76.44417000,0.366,-0.010,10.0,9.8,-0.5,18.9,2047,2014,RTK FIXED
22.918,071020.00,10.48527800,76.44417400,10.48527800,76.44417403,658050.416,1159429.549,108.00,658050.405,1159429.542,120.5,4,658049.795,1159430.719,10.48528567,76.44417000,0.366,-0.010,10.0,9.8,0.0,19.1,2047,2014,RTK FIXED
22.965,071020.20,10.48527900,76.44417400,10.48527840,76.44417402,658050.416,1159429.660,108.00,658050.409,1159429.589,116.3,4,658049.795,1159430.719,10.48528567,76.44417000,0.365,0.017,9.7,10.0,0.5,18.1,1991,2047,RTK FIXED
23.018,071020.20,10.48527900,76.44417400,10.48527864,76.44417401,658050.416,1159429.660,108.00,658050.412,1159429.617,116.3,4,658049.795,1159430.719,10.48528567,76.44417000,0.365,0.017,9.7,10.0,0.0,18.8,1991,2047,RTK FIXED
23.064,071020.20,10.48527900,76.44417400,10.48527878,76.44417401,658050.416,1159429.660,108.00,658050.413,1159429.634,116.3,4,658049.795,1159430.719,10.48528567,76.44417000,0.365,0.017,9.7,10.0,-0.5,16.2,1991,2047,RTK FIXED
23.118,071020.20,10.48527900,76.44417400,10.48527887,76.44417400,658050.416,1159429.660,108.00,658050.414,1159429.644,116.3,4,658049.795,1159430.719,10.48528567,76.44417000,0.365,0.017,9.7,10.0,0.5,19.1,1991,2047,RTK FIXED
23.163,071020.20,10.48527900,76.44417400,10.48527892,76.44417400,658050.416,1159429.660,108.00,658050.415,1159429.651,116.3,4,658049.795,1159430.719,10.48528567,76.44417000,0.365,0.017,9.7,10.0,-0.6,18.7,1991,2047,RTK FIXED
23.218,071020.40,10.48527900,76.44417400,10.48527895,76.44417400,658050.392,1159429.647,108.00,658050.406,1159429.649,116.3,4,658049.795,1159430.719,10.48528567,76.44417000,0.365,0.024,9.6,10.0,0.5,19.1,1967,2047,RTK FIXED
23.263,071020.40,10.48527900,76.44417400,10.48527897,76.44417400,658050.392,1159429.647,108.00,658050.400,1159429.649,116.3,4,658049.795,1159430.719,10.48528567,76.44417000,0.365,0.024,9.6,10.0,0.0,18.9,1967,2047,RTK FIXED
23.318,071020.40,10.48527900,76.44417400,10.48527898,76.44417400,658050.392,1159429.647,108.00,658050.397,1159429.648,116.3,4,658049.795,1159430.719,10.48528567,76.44417000,0.365,0.024,9.6,10.0,-0.5,18.3,1967,2047,RTK FIXED
23.371,071020.40,10.48527900,76.44417400,10.48527899,76.44417400,658050.392,1159429.647,108.00,658050.395,1159429.648,116.3,4,658049.795,1159430.719,10.48528567,76.44417000,0.365,0.024,9.6,10.0,0.5,16.5,1967,2047,RTK FIXED
23.418,071020.40,10.48527900,76.44417400,10.48527899,76.44417400,658050.392,1159429.647,108.00,658050.393,1159429.648,116.3,4,658049.795,1159430.719,10.48528567,76.44417000,0.365,0.024,9.6,10.0,0.0,18.1,1967,2047,RTK FIXED
23.472,071020.60,10.48527900,76.44417400,10.48527900,76.44417400,658050.392,1159429.647,108.00,658050.393,1159429.648,116.3,4,658049.795,1159430.719,10.48528567,76.44417000,0.365,0.026,9.6,10.0,-0.5,18.9,1960,2047,RTK FIXED
23.518,071020.60,10.48527900,76.44417400,10.48527900,76.44417400,658050.392,1159429.647,108.00,658050.392,1159429.648,116.3,4,658049.795,1159430.719,10.48528567,76.44417000,0.365,0.026,9.6,10.0,0.0,16.3,1960,2047,RTK FIXED
23.571,071020.60,10.48527900,76.44417400,10.48527900,76.44417400,658050.392,1159429.647,108.00,658050.392,1159429.648,116.3,4,658049.795,1159430.719,10.48528567,76.44417000,0.365,0.026,9.6,10.0,0.5,18.4,1960,2047,RTK FIXED
23.618,071020.60,10.48527900,76.44417400,10.48527900,76.44417400,658050.392,1159429.647,108.00,658050.392,1159429.647,116.3,4,658049.795,1159430.719,10.48528567,76.44417000,0.365,0.026,9.6,10.0,-0.5,18.6,1960,2047,RTK FIXED
23.673,071020.80,10.48528000,76.44417300,10.48527940,76.44417360,658050.282,1159429.758,108.00,658050.348,1159429.692,119.0,4,658049.795,1159430.719,10.48528567,76.44417000,0.366,0.007,9.9,10.0,0.5,18.4,2024,2047,RTK FIXED
23.718,071020.80,10.48528000,76.44417300,10.48527964,76.44417336,658050.282,1159429.758,108.00,658050.321,1159429.718,119.0,4,658049.795,1159430.719,10.48528567,76.44417000,0.366,0.007,9.9,10.0,-0.5,16.4,2024,2047,RTK FIXED
23.771,071020.80,10.48528000,76.44417300,10.48527978,76.44417322,658050.282,1159429.758,108.00,658050.305,1159429.734,119.0,4,658049.795,1159430.719,10.48528567,76.44417000,0.366,0.007,9.9,10.0,0.5,17.9,2024,2047,RTK FIXED
23.818,071020.80,10.48528000,76.44417300,10.48527987,76.44417313,658050.282,1159429.758,108.00,658050.296,1159429.743,119.0,4,658049.795,1159430.719,10.48528567,76.44417000,0.366,0.007,9.9,10.0,0.0,18.1,2024,2047,RTK FIXED
23.873,071021.00,10.48528000,76.44417300,10.48527992,76.44417308,658050.297,1159429.765,108.00,658050.297,1159429.752,119.0,4,658049.795,1159430.719,10.48528567,76.44417000,0.366,0.002,10.0,10.0,0.0,18.5,2041,2047,RTK FIXED
23.918,071021.00,10.48528000,76.44417300,10.48527995,76.44417305,658050.297,1159429.765,108.00,658050.297,1159429.757,119.0,4,658049.795,1159430.719,10.48528567,76.44417000,0.366,0.002,10.0,10.0,-0.6,18.2,2041,2047,RTK FIXED
23.972,071021.00,10.48528000,76.44417300,10.48527997,76.44417303,658050.297,1159429.765,108.00,658050.297,1159429.761,119.0,4,658049.795,1159430.719,10.48528567,76.44417000,0.366,0.002,10.0,10.0,0.0,18.4,2041,2047,RTK FIXED
24.026,071021.00,10.48528000,76.44417300,10.48527998,76.44417302,658050.297,1159429.765,108.00,658050.297,1159429.762,119.0,4,658049.795,1159430.719,10.48528567,76.44417000,0.366,0.002,10.0,10.0,0.0,18.3,2041,2047,RTK FIXED
24.072,071021.00,10.48528000,76.44417300,10.48527999,76.44417301,658050.297,1159429.765,108.00,658050.297,1159429.764,119.0,4,658049.795,1159430.719,10.48528567,76.44417000,0.366,0.002,10.0,10.0,0.5,18.7,2041,2047,RTK FIXED
24.127,071021.20,10.48528000,76.44417300,10.48527999,76.44417301,658050.297,1159429.765,108.00,658050.297,1159429.764,119.0,4,658049.795,1159430.719,10.48528567,76.44417000,0.366,0.001,10.0,10.0,0.0,16.1,2045,2047,RTK FIXED
24.173,071021.20,10.48528000,76.44417300,10.48528000,76.44417300,658050.297,1159429.765,108.00,658050.297,1159429.765,119.0,4,658049.795,1159430.719,10.48528567,76.44417000,0.366,0.001,10.0,10.0,0.0,18.6,2045,2047,RTK FIXED
24.226,071021.20,10.48528000,76.44417300,10.48528000,76.44417300,658050.297,1159429.765,108.00,658050.297,1159429.765,119.0,4,658049.795,1159430.719,10.48528567,76.44417000,0.366,0.001,10.0,10.0,0.0,18.5,2045,2047,RTK FIXED
24.273,071021.40,10.48528100,76.44417300,10.48528040,76.44417300,658050.297,1159429.876,108.00,658050.297,1159429.809,116.8,4,658049.795,1159430.719,10.48528567,76.44417000,0.365,0.018,9.7,10.0,-0.5,18.1,1989,2047,RTK FIXED
24.326,071021.40,10.48528100,76.44417300,10.48528064,76.44417300,658050.297,1159429.876,108.00,658050.297,1159429.836,116.8,4,658049.795,1159430.719,10.48528567,76.44417000,0.365,0.018,9.7,10.0,0.0,18.4,1989,2047,RTK FIXED
24.372,071021.40,10.48528100,76.44417300,10.48528078,76.44417300,658050.297,1159429.876,108.00,658050.297,1159429.852,116.8,4,658049.795,1159430.719,10.48528567,76.44417000,0.365,0.018,9.7,10.0,0.0,18.1,1989,2047,RTK FIXED
24.426,071021.60,10.48528100,76.44417300,10.48528087,76.44417300,658050.284,1159429.870,108.00,658050.292,1159429.859,116.8,4,658049.795,1159430.719,10.48528567,76.44417000,0.365,0.023,9.6,10.0,0.0,18.0,1972,2047,RTK FIXED
24.480,071021.60,10.48528100,76.44417300,10.48528092,76.44417300,658050.284,1159429.870,108.00,658050.289,1159429.863,116.8,4,658049.795,1159430.719,10.48528567,76.44417000,0.365,0.023,9.6,10.0,0.5,18.5,1972,2047,RTK FIXED
24.526,071021.60,10.48528100,76.44417300,10.48528095,76.44417300,658050.284,1159429.870,108.00,658050.287,1159429.866,116.8,4,658049.795,1159430.719,10.48528567,76.44417000,0.365,0.023,9.6,10.0,0.0,18.1,1972,2047,RTK FIXED
24.581,071021.60,10.48528100,76.44417300,10.48528097,76.44417300,658050.284,1159429.870,108.00,658050.286,1159429.867,116.8,4,658049.795,1159430.719,10.48528567,76.44417000,0.365,0.023,9.6,10.0,-0.5,17.8,1972,2047,RTK FIXED
24.627,071021.80,10.48528100,76.44417200,10.48528098,76.44417260,658050.175,1159429.869,108.00,658050.242,1159429.868,116.8,4,658049.795,1159430.719,10.48528567,76.44417000,0.365,0.021,9.7,10.0,0.0,18.3,1978,2047,RTK FIXED
24.681,071021.80,10.48528100,76.44417200,10.48528099,76.44417236,658050.175,1159429.869,108.00,658050.215,1159429.869,116.8,4,658049.795,1159430.719,10.48528567,76.44417000,0.365,0.021,9.7,10.0,0.5,15.9,1978,2047,RTK FIXED
24.727,071021.80,10.48528100,76.44417200,10.48528099,76.44417222,658050.175,1159429.869,108.00,658050.199,1159429.869,116.8,4,658049.795,1159430.719,10.48528567,76.44417000,0.365,0.021,9.7,10.0,-0.5,17.3,1978,2047,RTK FIXED
24.781,071021.80,10.48528100,76.44417200,10.48528100,76.44417213,658050.175,1159429.869,108.00,658050.189,1159429.869,116.8,4,658049.795,1159430.719,10.48528567,76.44417000,0.365,0.021,9.7,10.0,0.5,18.0,1978,2047,RTK FIXED
24.828,071021.80,10.48528100,76.44417200,10.48528100,76.44417208,658050.175,1159429.869,108.00,658050.184,1159429.869,116.8,4,658049.795,1159430.719,10.48528567,76.44417000,0.365,0.021,9.7,10.0,-0.5,18.0,1978,2047,RTK FIXED
24.881,071022.00,10.48528200,76.44417200,10.48528140,76.44417205,658050.174,1159429.980,108.10,658050.180,1159429.913,120.9,4,658049.795,1159430.719,10.48528567,76.44417000,0.366,-0.003,10.0,9.9,0.5,17.9,2047,2037,RTK FIXED
24.927,071022.00,10.48528200,76.44417200,10.48528164,76.44417203,658050.174,1159429.980,108.10,658050.178,1159429.940,120.9,4,658049.795,1159430.719,10.48528567,76.44417000,0.366,-0.003,10.0,9.9,0.0,15.3,2047,2037,RTK FIXED
24.980,071022.00,10.48528200,76.44417200,10.48528178,76.44417202,658050.174,1159429.980,108.10,658050.176,1159429.956,120.9,4,658049.795,1159430.719,10.48528567,76.44417000,0.366,-0.003,10.0,9.9,-0.5,15.0,2047,2037,RTK FIXED
25.035,071022.00,10.48528200,76.44417200,10.48528187,76.44417201,658050.174,1159429.980,108.10,658050.176,1159429.965,120.9,4,658049.795,1159430.719,10.48528567,76.44417000,0.366,-0.003,10.0,9.9,0.5,18.2,2047,2037,RTK FIXED
25.081,071022.20,10.48528200,76.44417200,10.48528192,76.44417201,658050.198,1159429.992,108.00,658050.184,1159429.976,120.9,4,658049.795,1159430.719,10.48528567,76.44417000,0.366,-0.008,10.0,9.9,-0.5,17.7,2047,2021,RTK FIXED
25.134,071022.20,10.48528200,76.44417200,10.48528195,76.44417200,658050.198,1159429.992,108.00,658050.190,1159429.982,120.9,4,658049.795,1159430.719,10.48528567,76.44417000,0.366,-0.008,10.0,9.9,0.0,18.0,2047,2021,RTK FIXED
25.181,071022.20,10.48528200,76.44417200,10.48528197,76.44417200,658050.198,1159429.992,108.00,658050.193,1159429.986,120.9,4,658049.795,1159430.719,10.48528567,76.44417000,0.366,-0.008,10.0,9.9,0.5,18.1,2047,2021,RTK FIXED
25.235,071022.20,10.48528200,76.44417200,10.48528198,76.44417200,658050.198,1159429.992,108.00,658050.195,1159429.988,120.9,4,658049.795,1159430.719,10.48528567,76.44417000,0.366,-0.008,10.0,9.9,0.0,18.2,2047,2021,RTK FIXED
25.282,071022.40,10.48528200,76.44417200,10.48528199,76.44417200,658050.198,1159429.992,108.10,658050.196,1159429.990,120.9,4,658049.795,1159430.719,10.48528567,76.44417000,0.366,-0.008,10.0,9.9,-0.5,17.1,2047,2019,RTK FIXED
25.335,071022.40,10.48528200,76.44417200,10.48528199,76.44417200,658050.198,1159429.992,108.10,658050.197,1159429.991,120.9,4,658049.795,1159430.719,10.48528567,76.44417000,0.366,-0.008,10.0,9.9,0.0,18.7,2047,2019,RTK FIXED
25.382,071022.40,10.48528200,76.44417200,10.48528200,76.44417200,658050.198,1159429.992,108.10,658050.197,1159429.991,120.9,4,658049.795,1159430.719,10.48528567,76.44417000,0.366,-0.008,10.0,9.9,0.0,15.0,2047,2019,RTK FIXED
25.435,071022.60,10.48528300,76.44417200,10.48528240,76.44417200,658050.197,1159430.102,108.10,658050.197,1159430.036,114.1,4,658049.795,1159430.719,10.48528567,76.44417000,0.364,0.037,9.4,10.0,0.5,17.9,1926,2047,RTK FIXED
25.482,071022.60,10.48528300,76.44417200,10.48528264,76.44417200,658050.197,1159430.102,108.10,658050.197,1159430.062,114.1,4,658049.795,1159430.719,10.48528567,76.44417000,0.364,0.037,9.4,10.0,0.0,18.3,1926,2047,RTK FIXED
25.535,071022.60,10.48528300,76.44417200,10.48528278,76.44417200,658050.197,1159430.102,108.10,658050.197,1159430.078,114.1,4,658049.795,1159430.719,10.48528567,76.44417000,0.364,0.037,9.4,10.0,-0.5,16.3,1926,2047,RTK FIXED
25.589,071022.60,10.48528300,76.44417200,10.48528287,76.44417200,658050.197,1159430.102,108.10,658050.197,1159430.088,114.1,4,658049.795,1159430.719,10.48528567,76.44417000,0.364,0.037,9.4,10.0,0.0,18.1,1926,2047,RTK FIXED
25.635,071022.60,10.48528300,76.44417200,10.48528292,76.44417200,658050.197,1159430.102,108.10,658050.197,1159430.094,114.1,4,658049.795,1159430.719,10.48528567,76.44417000,0.364,0.037,9.4,10.0,0.5,18.7,1926,2047,RTK FIXED
25.690,071022.80,10.48528300,76.44417100,10.48528295,76.44417160,658050.048,1159430.083,108.10,658050.138,1159430.089,114.1,4,658049.795,1159430.719,10.48528567,76.44417000,0.364,0.045,9.3,10.0,-0.5,17.7,1901,2047,RTK FIXED
25.735,071022.80,10.48528300,76.44417100,10.48528297,76.44417136,658050.048,1159430.083,108.10,658050.102,1159430.087,114.1,4,658049.795,1159430.719,10.48528567,76.44417000,0.364,0.045,9.3,10.0,0.6,18.3,1901,2047,RTK FIXED
25.790,071022.80,10.48528300,76.44417100,10.48528298,76.44417122,658050.048,1159430.083,108.10,658050.080,1159430.085,114.1,4,658049.795,1159430.719,10.48528567,76.44417000,0.364,0.045,9.3,10.0,-0.5,18.1,1901,2047,RTK FIXED
25.836,071023.00,10.48528300,76.44417100,10.48528299,76.44417113,658050.048,1159430.083,108.10,658050.068,1159430.084,126.8,4,658049.795,1159430.719,10.48528567,76.44417000,0.365,-0.026,10.0,9.6,0.0,18.0,2047,1960,RTK FIXED
25.889,071023.00,10.48528300,76.44417100,10.48528299,76.44417108,658050.048,1159430.083,108.10,658050.060,1159430.084,126.8,4,658049.795,1159430.719,10.48528567,76.44417000,0.365,-0.026,10.0,9.6,0.0,18.2,2047,1960,RTK FIXED
25.936,071023.20,10.48528400,76.44417100,10.48528340,76.44417105,658050.119,1159430.233,108.00,658050.084,1159430.143,126.8,4,658049.795,1159430.719,10.48528567,76.44417000,0.365,-0.040,10.0,9.4,0.5,15.0,2047,1917,RTK FIXED
25.989,071023.20,10.48528400,76.44417100,10.48528364,76.44417103,658050.119,1159430.233,108.00,658050.098,1159430.179,126.8,4,658049.795,1159430.719,10.48528567,76.44417000,0.365,-0.040,10.0,9.4,-0.5,17.3,2047,1917,RTK FIXED
26.035,071023.20,10.48528400,76.44417100,10.48528378,76.44417102,658050.119,1159430.233,108.00,658050.107,1159430.201,126.8,4,658049.795,1159430.719,10.48528567,76.44417000,0.365,-0.040,10.0,9.4,0.0,17.4,2047,1917,RTK FIXED
26.090,071023.40,10.48528400,76.44417100,10.48528387,76.44417101,658050.119,1159430.233,108.00,658050.112,1159430.213,114.2,4,658049.795,1159430.719,10.48528567,76.44417000,0.364,0.029,9.5,10.0,0.0,17.9,1950,2047,RTK FIXED
26.136,071023.40,10.48528400,76.44417100,10.48528392,76.44417101,658050.119,1159430.233,108.00,658050.115,1159430.221,114.2,4,658049.795,1159430.719,10.48528567,76.44417000,0.364,0.029,9.5,10.0,0.5,17.6,1950,2047,RTK FIXED
26.190,071023.40,10.48528400,76.44417100,10.48528395,76.44417100,658050.119,1159430.233,108.00,658050.117,1159430.226,114.2,4,658049.795,1159430.719,10.48528567,76.44417000,0.364,0.029,9.5,10.0,-0.5,17.6,1950,2047,RTK FIXED
26.243,071023.40,10.48528400,76.44417100,10.48528397,76.44417100,658050.119,1159430.233,108.00,658050.118,1159430.229,114.2,4,658049.795,1159430.719,10.48528567,76.44417000,0.364,0.029,9.5,10.0,0.0,17.4,1950,2047,RTK FIXED
26.290,071023.60,10.48528400,76.44417100,10.48528398,76.44417100,658050.048,1159430.194,108.00,658050.090,1159430.215,114.2,4,658049.795,1159430.719,10.48528567,76.44417000,0.364,0.045,9.3,10.0,0.0,17.4,1900,2047,RTK FIXED
26.343,071023.60,10.48528400,76.44417100,10.48528399,76.44417100,658050.048,1159430.194,108.00,658050.073,1159430.206,114.2,4,658049.795,1159430.719,10.48528567,76.44417000,0.364,0.045,9.3,10.0,0.0,18.5,1900,2047,RTK FIXED
26.390,071023.60,10.48528400,76.44417100,10.48528399,76.44417100,658050.048,1159430.194,108.00,658050.063,1159430.201,114.2,4,658049.795,1159430.719,10.48528567,76.44417000,0.364,0.045,9.3,10.0,0.0,18.1,1900,2047,RTK FIXED
26.443,071023.60,10.48528400,76.44417100,10.48528400,76.44417100,658050.048,1159430.194,108.00,658050.057,1159430.198,114.2,4,658049.795,1159430.719,10.48528567,76.44417000,0.364,0.045,9.3,10.0,0.0,16.4,1900,2047,RTK FIXED
26.490,071023.60,10.48528400,76.44417100,10.48528400,76.44417100,658050.048,1159430.194,108.00,658050.054,1159430.196,114.2,4,658049.795,1159430.719,10.48528567,76.44417000,0.364,0.045,9.3,10.0,0.0,18.7,1900,2047,RTK FIXED
26.545,071023.60,10.48528400,76.44417100,10.48528400,76.44417100,658050.048,1159430.194,108.00,658050.052,1159430.195,114.2,4,658049.795,1159430.719,10.48528567,76.44417000,0.364,0.045,9.3,10.0,0.5,18.6,1900,2047,RTK FIXED
26.598,071023.80,10.48528400,76.44417100,10.48528400,76.44417100,658050.048,1159430.194,108.00,658050.050,1159430.195,114.2,4,658049.795,1159430.719,10.48528567,76.44417000,0.364,0.049,9.2,10.0,0.0,16.5,1889,2047,RTK FIXED
26.644,071023.80,10.48528400,76.44417100,10.48528400,76.44417100,658050.048,1159430.194,108.00,658050.050,1159430.194,114.2,4,658049.795,1159430.719,10.48528567,76.44417000,0.364,0.049,9.2,10.0,-0.5,18.1,1889,2047,RTK FIXED
26.698,071023.80,10.48528400,76.44417100,10.48528400,76.44417100,658050.048,1159430.194,108.00,658050.049,1159430.194,114.2,4,658049.795,1159430.719,10.48528567,76.44417000,0.364,0.049,9.2,10.0,0.0,18.5,1889,2047,RTK FIXED
26.743,071023.80,10.48528400,76.44417100,10.48528400,76.44417100,658050.048,1159430.194,108.00,658050.049,1159430.194,114.2,4,658049.795,1159430.719,10.48528567,76.44417000,0.364,0.049,9.2,10.0,0.6,18.2,1889,2047,RTK FIXED
26.798,071023.80,10.48528400,76.44417100,10.48528400,76.44417100,658050.048,1159430.194,108.00,658050.049,1159430.194,114.2,4,658049.795,1159430.719,10.48528567,76.44417000,0.364,0.049,9.2,10.0,0.0,18.3,1889,2047,RTK FIXED
26.845,071024.00,10.48528500,76.44417000,10.48528440,76.44417060,658049.938,1159430.304,108.00,658050.005,1159430.238,124.0,4,658049.795,1159430.719,10.48528567,76.44417000,0.366,-0.003,10.0,9.9,0.0,18.8,2047,2036,RTK FIXED
26.898,071024.00,10.48528500,76.44417000,10.48528464,76.44417036,658049.938,1159430.304,108.00,658049.978,1159430.264,124.0,4,658049.795,1159430.719,10.48528567,76.44417000,0.366,-0.003,10.0,9.9,-0.5,18.6,2047,2036,RTK FIXED
26.944,071024.00,10.48528500,76.44417000,10.48528478,76.44417022,658049.938,1159430.304,108.00,658049.962,1159430.280,124.0,4,658049.795,1159430.719,10.48528567,76.44417000,0.366,-0.003,10.0,9.9,0.0,18.0,2047,2036,RTK FIXED
26.998,071024.00,10.48528500,76.44417000,10.48528487,76.44417013,658049.938,1159430.304,108.00,658049.953,1159430.289,124.0,4,658049.795,1159430.719,10.48528567,76.44417000,0.366,-0.003,10.0,9.9,0.0,18.5,2047,2036,RTK FIXED
27.045,071024.20,10.48528500,76.44417000,10.48528492,76.44417008,658049.994,1159430.333,108.00,658049.969,1159430.307,124.0,4,658049.795,1159430.719,10.48528567,76.44417000,0.366,-0.015,10.0,9.8,0.0,16.2,2047,1997,RTK FIXED
27.099,071024.20,10.48528500,76.44417000,10.48528495,76.44417005,658049.994,1159430.333,108.00,658049.979,1159430.317,124.0,4,658049.795,1159430.719,10.48528567,76.44417000,0.366,-0.015,10.0,9.8,0.0,18.5,2047,1997,RTK FIXED
27.144,071024.20,10.48528500,76.44417000,10.48528497,76.44417003,658049.994,1159430.333,108.00,658049.985,1159430.323,124.0,4,658049.795,1159430.719,10.48528567,76.44417000,0.366,-0.015,10.0,9.8,0.0,18.2,2047,1997,RTK FIXED
27.199,071024.40,10.48528500,76.44417000,10.48528498,76.44417002,658049.994,1159430.333,108.00,658049.989,1159430.327,124.0,4,658049.795,1159430.719,10.48528567,76.44417000,0.366,-0.017,10.0,9.7,0.0,19.2,2047,1989,RTK FIXED
27.252,071024.40,10.48528500,76.44417000,10.48528499,76.44417001,658049.994,1159430.333,108.00,658049.991,1159430.329,124.0,4,658049.795,1159430.719,10.48528567,76.44417000,0.366,-0.017,10.0,9.7,0.0,18.7,2047,1989,RTK FIXED
27.298,071024.40,10.48528500,76.44417000,10.48528499,76.44417001,658049.994,1159430.333,108.00,658049.992,1159430.331,124.0,4,658049.795,1159430.719,10.48528567,76.44417000,0.366,-0.017,10.0,9.7,0.5,16.2,2047,1989,RTK FIXED
27.356,071024.60,10.48528600,76.44417000,10.48528540,76.44417000,658049.994,1159430.443,108.00,658049.993,1159430.376,116.5,4,658049.795,1159430.719,10.48528567,76.44417000,0.333,0.020,9.7,10.0,0.0,18.7,1976,2047,RTK FIXED
27.398,071024.60,10.48528600,76.44417000,10.48528564,76.44417000,658049.994,1159430.443,108.00,658049.993,1159430.403,116.5,4,658049.795,1159430.719,10.48528567,76.44417000,0.333,0.020,9.7,10.0,0.0,17.2,1976,2047,RTK FIXED
27.452,071024.60,10.48528600,76.44417000,10.48528578,76.44417000,658049.994,1159430.443,108.00,658049.993,1159430.419,116.5,4,658049.795,1159430.719,10.48528567,76.44417000,0.333,0.020,9.7,10.0,0.0,18.1,1976,2047,RTK FIXED
27.498,071024.60,10.48528600,76.44417000,10.48528587,76.44417000,658049.994,1159430.443,108.00,658049.994,1159430.429,116.5,4,658049.795,1159430.719,10.48528567,76.44417000,0.333,0.020,9.7,10.0,0.0,18.0,1976,2047,RTK FIXED
27.552,071024.60,10.48528600,76.44417000,10.48528592,76.44417000,658049.994,1159430.443,108.00,658049.994,1159430.435,116.5,4,658049.795,1159430.719,10.48528567,76.44417000,0.333,0.020,9.7,10.0,-0.5,17.1,1976,2047,RTK FIXED
27.601,071024.80,10.48528600,76.44417000,10.48528595,76.44417000,658049.951,1159430.420,108.00,658049.977,1159430.429,116.5,5,658049.244,1159431.620,10.48529383,76.44416500,0.365,0.029,9.5,10.0,0.5,17.8,1951,2047,RTK FIXED
27.653,071024.80,10.48528600,76.44417000,10.48528597,76.44417000,658049.951,1159430.420,108.00,658049.966,1159430.425,116.5,5,658049.244,1159431.620,10.48529383,76.44416500,0.365,0.029,9.5,10.0,0.0,16.5,1951,2047,RTK FIXED
27.698,071024.80,10.48528600,76.44417000,10.48528598,76.44417000,658049.951,1159430.420,108.00,658049.960,1159430.423,116.5,5,658049.244,1159431.620,10.48529383,76.44416500,0.365,0.029,9.5,10.0,-0.6,18.2,1951,2047,RTK FIXED
27.753,071024.80,10.48528600,76.44417000,10.48528599,76.44417000,658049.951,1159430.420,108.00,658049.957,1159430.422,116.5,5,658049.244,1159431.620,10.48529383,76.44416500,0.365,0.029,9.5,10.0,0.5,16.2,1951,2047,RTK FIXED
27.807,071025.00,10.48528600,76.44416900,10.48528599,76.44416960,658049.842,1159430.420,108.10,658049.911,1159430.421,126.8,5,658049.244,1159431.620,10.48529383,76.44416500,0.365,-0.028,10.0,9.6,-0.5,18.4,2047,1956,RTK FIXED
27.852,071025.00,10.48528600,76.44416900,10.48528600,76.44416936,658049.842,1159430.420,108.10,658049.883,1159430.420,126.8,5,658049.244,1159431.620,10.48529383,76.44416500,0.365,-0.028,10.0,9.6,0.0,15.6,2047,1956,RTK FIXED
27.907,071025.00,10.48528600,76.44416900,10.48528600,76.44416922,658049.842,1159430.420,108.10,658049.867,1159430.420,126.8,5,658049.244,1159431.620,10.48529383,76.44416500,0.365,-0.028,10.0,9.6,0.5,17.4,2047,1956,RTK FIXED
27.953,071025.00,10.48528600,76.44416900,10.48528600,76.44416913,658049.842,1159430.420,108.10,658049.857,1159430.420,126.8,5,658049.244,1159431.620,10.48529383,76.44416500,0.365,-0.028,10.0,9.6,0.0,17.5,2047,1956,RTK FIXED
28.006,071025.00,10.48528600,76.44416900,10.48528600,76.44416908,658049.842,1159430.420,108.10,658049.851,1159430.420,126.8,5,658049.244,1159431.620,10.48529383,76.44416500,0.365,-0.028,10.0,9.6,0.0,17.5,2047,1956,RTK FIXED
28.053,071025.20,10.48528600,76.44416900,10.48528600,76.44416905,658049.900,1159430.453,108.10,658049.870,1159430.433,126.8,5,658049.244,1159431.620,10.48529383,76.44416500,0.365,-0.042,10.0,9.3,-0.5,17.1,2047,1910,RTK FIXED
28.107,071025.20,10.48528600,76.44416900,10.48528600,76.44416903,658049.900,1159430.453,108.10,658049.882,1159430.441,126.8,5,658049.244,1159431.620,10.48529383,76.44416500,0.365,-0.042,10.0,9.3,0.0,17.8,2047,1910,RTK FIXED
28.153,071025.20,10.48528600,76.44416900,10.48528600,76.44416902,658049.900,1159430.453,108.10,658049.889,1159430.446,126.8,5,658049.244,1159431.620,10.48529383,76.44416500,0.365,-0.042,10.0,9.3,0.5,16.8,2047,1910,RTK FIXED
28.207,071025.40,10.48528700,76.44416900,10.48528640,76.44416901,658049.899,1159430.564,108.00,658049.893,1159430.493,119.2,5,658049.244,1159431.620,10.48529383,76.44416500,0.366,-0.007,10.0,9.9,0.0,14.7,2047,2023,RTK FIXED
28.253,071025.40,10.48528700,76.44416900,10.48528664,76.44416901,658049.899,1159430.564,108.00,658049.896,1159430.521,119.2,5,658049.244,1159431.620,10.48529383,76.44416500,0.366,-0.007,10.0,9.9,-0.5,16.9,2047,2023,RTK FIXED
28.306,071025.40,10.48528700,76.44416900,10.48528678,76.44416900,658049.899,1159430.564,108.00,658049.897,1159430.538,119.2,5,658049.244,1159431.620,10.48529383,76.44416500,0.366,-0.007,10.0,9.9,0.0,16.5,2047,2023,RTK FIXED
28.362,071025.60,10.48528700,76.44416900,10.48528687,76.44416900,658049.857,1159430.538,108.00,658049.881,1159430.538,119.2,5,658049.244,1159431.620,10.48529383,76.44416500,0.366,0.001,10.0,10.0,0.0,17.7,2043,2047,RTK FIXED
28.407,071025.60,10.48528700,76.44416900,10.48528692,76.44416900,658049.857,1159430.538,108.00,658049.871,1159430.538,119.2,5,658049.244,1159431.620,10.48529383,76.44416500,0.366,0.001,10.0,10.0,0.5,16.4,2043,2047,RTK FIXED
28.461,071025.60,10.48528700,76.44416900,10.48528695,76.44416900,658049.857,1159430.538,108.00,658049.866,1159430.538,119.2,5,658049.244,1159431.620,10.48529383,76.44416500,0.366,0.001,10.0,10.0,0.0,16.8,2043,2047,RTK FIXED
28.507,071025.60,10.48528700,76.44416900,10.48528697,76.44416900,658049.857,1159430.538,108.00,658049.862,1159430.538,119.2,5,658049.244,1159431.620,10.48529383,76.44416500,0.366,0.001,10.0,10.0,-0.5,17.7,2043,2047,RTK FIXED
28.562,071025.60,10.48528700,76.44416900,10.48528698,76.44416900,658049.857,1159430.538,108.00,658049.860,1159430.538,119.2,5,658049.244,1159431.620,10.48529383,76.44416500,0.366,0.001,10.0,10.0,0.5,17.9,2043,2047,RTK FIXED
28.608,071025.80,10.48528800,76.44416800,10.48528739,76.44416860,658049.747,1159430.648,108.00,658049.815,1159430.582,123.3,5,658049.244,1159431.620,10.48529383,76.44416500,0.366,-0.010,10.0,9.8,-0.5,18.4,2047,2013,RTK FIXED
28.662,071025.80,10.48528800,76.44416800,10.48528763,76.44416836,658049.747,1159430.648,108.00,658049.788,1159430.609,123.3,5,658049.244,1159431.620,10.48529383,76.44416500,0.366,-0.010,10.0,9.8,0.0,18.0,2047,2013,RTK FIXED
28.708,071026.00,10.48528800,76.44416800,10.48528778,76.44416822,658049.770,1159430.661,108.10,658049.781,1159430.630,123.3,5,658049.244,1159431.620,10.48529383,76.44416500,0.366,-0.013,10.0,9.8,0.5,18.0,2047,2003,RTK FIXED
28.761,071026.00,10.48528800,76.44416800,10.48528787,76.44416813,658049.770,1159430.661,108.10,658049.776,1159430.642,123.3,5,658049.244,1159431.620,10.48529383,76.44416500,0.366,-0.013,10.0,9.8,0.0,18.1,2047,2003,RTK FIXED
28.815,071026.00,10.48528800,76.44416800,10.48528792,76.44416808,658049.770,1159430.661,108.10,658049.774,1159430.650,123.3,5,658049.244,1159431.620,10.48529383,76.44416500,0.366,-0.013,10.0,9.8,-0.5,17.2,2047,2003,RTK FIXED
28.861,071026.00,10.48528800,76.44416800,10.48528795,76.44416805,658049.770,1159430.661,108.10,658049.772,1159430.654,123.3,5,658049.244,1159431.620,10.48529383,76.44416500,0.366,-0.013,10.0,9.8,0.5,18.3,2047,2003,RTK FIXED
28.915,071026.00,10.48528800,76.44416800,10.48528797,76.44416803,658049.770,1159430.661,108.10,658049.771,1159430.657,123.3,5,658049.244,1159431.620,10.48529383,76.44416500,0.366,-0.013,10.0,9.8,0.0,15.8,2047,2003,RTK FIXED
28.962,071026.20,10.48528800,76.44416800,10.48528798,76.44416802,658049.770,1159430.661,108.00,658049.771,1159430.659,123.3,5,658049.244,1159431.620,10.48529383,76.44416500,0.366,-0.014,10.0,9.8,-0.5,17.6,2047,2001,RTK FIXED
29.015,071026.20,10.48528800,76.44416800,10.48528799,76.44416801,658049.770,1159430.661,108.00,658049.770,1159430.660,123.3,5,658049.244,1159431.620,10.48529383,76.44416500,0.366,-0.014,10.0,9.8,0.0,18.3,2047,2001,RTK FIXED
29.062,071026.20,10.48528800,76.44416800,10.48528799,76.44416801,658049.770,1159430.661,108.00,658049.770,1159430.660,123.3,5,658049.244,1159431.620,10.48529383,76.44416500,0.366,-0.014,10.0,9.8,0.0,17.1,2047,2001,RTK FIXED
29.116,071026.40,10.48528800,76.44416800,10.48528800,76.44416800,658049.770,1159430.661,108.00,658049.770,1159430.661,122.7,5,658049.244,1159431.620,10.48529383,76.44416500,0.366,-0.010,10.0,9.8,0.0,17.7,2047,2012,RTK FIXED
29.162,071026.40,10.48528800,76.44416800,10.48528800,76.44416800,658049.770,1159430.661,108.00,658049.770,1159430.661,122.7,5,658049.244,1159431.620,10.48529383,76.44416500,0.366,-0.010,10.0,9.8,0.5,18.0,2047,2012,RTK FIXED
29.215,071026.40,10.48528800,76.44416800,10.48528800,76.44416800,658049.770,1159430.661,108.00,658049.770,1159430.661,122.7,5,658049.244,1159431.620,10.48529383,76.44416500,0.366,-0.010,10.0,9.8,0.0,17.4,2047,2012,RTK FIXED
29.262,071026.40,10.48528800,76.44416800,10.48528800,76.44416800,658049.770,1159430.661,108.00,658049.770,1159430.661,122.7,5,658049.244,1159431.620,10.48529383,76.44416500,0.366,-0.010,10.0,9.8,-0.5,17.6,2047,2012,RTK FIXED
29.315,071026.40,10.48528800,76.44416800,10.48528800,76.44416800,658049.770,1159430.661,108.00,658049.770,1159430.661,122.7,5,658049.244,1159431.620,10.48529383,76.44416500,0.366,-0.010,10.0,9.8,0.0,14.1,2047,2012,RTK FIXED
29.370,071026.60,10.48528900,76.44416800,10.48528840,76.44416800,658049.766,1159430.770,108.10,658049.769,1159430.705,122.7,5,658049.244,1159431.620,10.48529383,76.44416500,0.366,-0.007,10.0,9.9,0.5,18.1,2047,2023,RTK FIXED
29.415,071026.60,10.48528900,76.44416800,10.48528864,76.44416800,658049.766,1159430.770,108.10,658049.768,1159430.731,122.7,5,658049.244,1159431.620,10.48529383,76.44416500,0.366,-0.007,10.0,9.9,0.0,19.0,2047,2023,RTK FIXED
29.470,071026.60,10.48528900,76.44416800,10.48528878,76.44416800,658049.766,1159430.770,108.10,658049.767,1159430.746,122.7,5,658049.244,1159431.620,10.48529383,76.44416500,0.366,-0.007,10.0,9.9,-0.5,18.3,2047,2023,RTK FIXED
29.515,071026.60,10.48528900,76.44416800,10.48528887,76.44416800,658049.766,1159430.770,108.10,658049.767,1159430.756,122.7,5,658049.244,1159431.620,10.48529383,76.44416500,0.366,-0.007,10.0,9.9,0.5,18.1,2047,2023,RTK FIXED
29.570,071026.60,10.48528900,76.44416800,10.48528892,76.44416800,658049.766,1159430.770,108.10,658049.767,1159430.761,122.7,5,658049.244,1159431.620,10.48529383,76.44416500,0.366,-0.007,10.0,9.9,0.0,18.3,2047,2023,RTK FIXED
29.616,071026.80,10.48528900,76.44416800,10.48528895,76.44416800,658049.766,1159430.770,108.10,658049.767,1159430.765,115.1,5,658049.244,1159431.620,10.48529383,76.44416500,0.365,0.031,9.5,10.0,0.0,18.3,1945,2047,RTK FIXED
29.670,071026.80,10.48528900,76.44416800,10.48528897,76.44416800,658049.766,1159430.770,108.10,658049.766,1159430.767,115.1,5,658049.244,1159431.620,10.48529383,76.44416500,0.365,0.031,9.5,10.0,0.0,18.2,1945,2047,RTK FIXED
29.715,071026.80,10.48528900,76.44416800,10.48528898,76.44416800,658049.766,1159430.770,108.10,658049.766,1159430.768,115.1,5,658049.244,1159431.620,10.48529383,76.44416500,0.365,0.031,9.5,10.0,-0.6,18.7,1945,2047,RTK FIXED
29.770,071026.80,10.48528900,76.44416800,10.48528899,76.44416800,658049.766,1159430.770,108.10,658049.766,1159430.769,115.1,5,658049.244,1159431.620,10.48529383,76.44416500,0.365,0.031,9.5,10.0,0.5,18.3,1945,2047,RTK FIXED
29.815,071026.80,10.48528900,76.44416800,10.48528899,76.44416800,658049.766,1159430.770,108.10,658049.766,1159430.769,115.1,5,658049.244,1159431.620,10.48529383,76.44416500,0.365,0.031,9.5,10.0,-0.6,18.7,1945,2047,RTK FIXED
29.870,071027.00,10.48528900,76.44416700,10.48528900,76.44416760,658049.613,1159430.747,108.10,658049.705,1159430.760,115.1,5,658049.244,1159431.620,10.48529383,76.44416500,0.365,0.036,9.4,10.0,0.0,18.6,1930,2047,RTK FIXED
29.923,071027.00,10.48528900,76.44416700,10.48528900,76.44416736,658049.613,1159430.747,108.10,658049.668,1159430.755,115.1,5,658049.244,1159431.620,10.48529383,76.44416500,0.365,0.036,9.4,10.0,0.5,18.0,1930,2047,RTK FIXED
29.970,071027.20,10.48529000,76.44416700,10.48528940,76.44416722,658049.613,1159430.857,108.00,658049.646,1159430.796,125.5,5,658049.244,1159431.620,10.48529383,76.44416500,0.366,-0.019,10.0,9.7,0.0,18.1,2047,1985,RTK FIXED
30.023,071027.20,10.48529000,76.44416700,10.48528964,76.44416713,658049.613,1159430.857,108.00,658049.633,1159430.821,125.5,5,658049.244,1159431.620,10.48529383,76.44416500,0.366,-0.019,10.0,9.7,0.0,17.0,2047,1985,RTK FIXED
30.070,071027.20,10.48529000,76.44416700,10.48528978,76.44416708,658049.613,1159430.857,108.00,658049.625,1159430.835,125.5,5,658049.244,1159431.620,10.48529383,76.44416500,0.366,-0.019,10.0,9.7,0.0,17.5,2047,1985,RTK FIXED
30.124,071027.40,10.48529000,76.44416700,10.48528987,76.44416705,658049.672,1159430.890,108.00,658049.644,1159430.857,125.5,5,658049.244,1159431.620,10.48529383,76.44416500,0.366,-0.030,10.0,9.5,-0.5,18.0,2047,1948,RTK FIXED
30.171,071027.40,10.48529000,76.44416700,10.48528992,76.44416703,658049.672,1159430.890,108.00,658049.655,1159430.870,125.5,5,658049.244,1159431.620,10.48529383,76.44416500,0.366,-0.030,10.0,9.5,0.0,17.8,2047,1948,RTK FIXED
30.224,071027.40,10.48529000,76.44416700,10.48528995,76.44416702,658049.672,1159430.890,108.00,658049.661,1159430.878,125.5,5,658049.244,1159431.620,10.48529383,76.44416500,0.366,-0.030,10.0,9.5,0.5,16.0,2047,1948,RTK FIXED
30.271,071027.40,10.48529000,76.44416700,10.48528997,76.44416701,658049.672,1159430.890,108.00,658049.666,1159430.883,125.5,5,658049.244,1159431.620,10.48529383,76.44416500,0.366,-0.030,10.0,9.5,-0.5,17.6,2047,1948,RTK FIXED
30.324,071027.40,10.48529000,76.44416700,10.48528998,76.44416701,658049.672,1159430.890,108.00,658049.668,1159430.885,125.5,5,658049.244,1159431.620,10.48529383,76.44416500,0.366,-0.030,10.0,9.5,0.0,15.5,2047,1948,RTK FIXED
30.371,071027.60,10.48529000,76.44416700,10.48528999,76.44416700,658049.672,1159430.890,108.10,658049.669,1159430.887,125.5,5,658049.244,1159431.620,10.48529383,76.44416500,0.366,-0.032,10.0,9.5,0.5,18.2,2047,1942,RTK FIXED
30.424,071027.60,10.48529000,76.44416700,10.48528999,76.44416700,658049.672,1159430.890,108.10,658049.670,1159430.888,125.5,5,658049.244,1159431.620,10.48529383,76.44416500,0.366,-0.032,10.0,9.5,-0.5,17.3,2047,1942,RTK FIXED
30.478,071027.60,10.48529000,76.44416700,10.48529000,76.44416700,658049.672,1159430.890,108.10,658049.671,1159430.889,125.5,5,658049.244,1159431.620,10.48529383,76.44416500,0.366,-0.032,10.0,9.5,0.0,17.8,2047,1942,RTK FIXED
30.525,071027.60,10.48529000,76.44416700,10.48529000,76.44416700,658049.672,1159430.890,108.10,658049.671,1159430.889,125.5,5,658049.244,1159431.620,10.48529383,76.44416500,0.366,-0.032,10.0,9.5,0.5,17.6,2047,1942,RTK FIXED
30.579,071027.60,10.48529000,76.44416700,10.48529000,76.44416700,658049.672,1159430.890,108.10,658049.671,1159430.889,125.5,5,658049.244,1159431.620,10.48529383,76.44416500,0.366,-0.032,10.0,9.5,0.0,17.3,2047,1942,RTK FIXED
30.625,071027.80,10.48529100,76.44416700,10.48529040,76.44416700,658049.671,1159431.000,108.00,658049.671,1159430.934,114.8,5,658049.244,1159431.620,10.48529383,76.44416500,0.364,0.029,9.5,10.0,0.0,18.2,1953,2047,RTK FIXED
30.678,071027.80,10.48529100,76.44416700,10.48529064,76.44416700,658049.671,1159431.000,108.00,658049.671,1159430.960,114.8,5,658049.244,1159431.620,10.48529383,76.44416500,0.364,0.029,9.5,10.0,0.0,17.3,1953,2047,RTK FIXED
30.725,071027.80,10.48529100,76.44416700,10.48529078,76.44416700,658049.671,1159431.000,108.00,658049.671,1159430.976,114.8,5,658049.244,1159431.620,10.48529383,76.44416500,0.364,0.029,9.5,10.0,-0.5,17.2,1953,2047,RTK FIXED
30.778,071027.80,10.48529100,76.44416700,10.48529087,76.44416700,658049.671,1159431.000,108.00,658049.671,1159430.986,114.8,5,658049.244,1159431.620,10.48529383,76.44416500,0.364,0.029,9.5,10.0,0.0,16.3,1953,2047,RTK FIXED
30.824,071027.80,10.48529100,76.44416700,10.48529092,76.44416700,658049.671,1159431.000,108.00,658049.671,1159430.992,114.8,5,658049.244,1159431.620,10.48529383,76.44416500,0.364,0.029,9.5,10.0,0.0,17.0,1953,2047,RTK FIXED
30.879,071028.00,10.48529100,76.44416600,10.48529095,76.44416660,658049.501,1159430.967,108.10,658049.603,1159430.982,114.8,5,658049.244,1159431.620,10.48529383,76.44416500,0.364,0.039,9.4,10.0,0.5,18.2,1919,2047,RTK FIXED
30.924,071028.00,10.48529100,76.44416600,10.48529097,76.44416636,658049.501,1159430.967,108.10,658049.562,1159430.976,114.8,5,658049.244,1159431.620,10.48529383,76.44416500,0.364,0.039,9.4,10.0,0.0,18.3,1919,2047,RTK FIXED
30.978,071028.00,10.48529100,76.44416600,10.48529098,76.44416622,658049.501,1159430.967,108.10,658049.538,1159430.972,114.8,5,658049.244,1159431.620,10.48529383,76.44416500,0.364,0.039,9.4,10.0,0.0,16.0,1919,2047,RTK FIXED
31.033,071028.20,10.48529100,76.44416600,10.48529099,76.44416613,658049.501,1159430.967,108.10,658049.523,1159430.970,128.9,5,658049.244,1159431.620,10.48529383,76.44416500,0.364,-0.042,10.0,9.3,-0.5,18.0,2047,1911,RTK FIXED
31.078,071028.20,10.48529100,76.44416600,10.48529099,76.44416608,658049.501,1159430.967,108.10,658049.514,1159430.969,128.9,5,658049.244,1159431.620,10.48529383,76.44416500,0.364,-0.042,10.0,9.3,0.5,15.8,2047,1911,RTK FIXED
31.133,071028.20,10.48529100,76.44416600,10.48529100,76.44416605,658049.501,1159430.967,108.10,658049.509,1159430.968,128.9,5,658049.244,1159431.620,10.48529383,76.44416500,0.364,-0.042,10.0,9.3,-0.5,16.0,2047,1911,RTK FIXED
31.179,071028.40,10.48529200,76.44416600,10.48529140,76.44416603,658049.579,1159431.123,108.00,658049.537,1159431.030,128.9,5,658049.244,1159431.620,10.48529383,76.44416500,0.364,-0.058,10.0,9.1,0.0,14.2,2047,1860,RTK FIXED
31.233,071028.40,10.48529200,76.44416600,10.48529164,76.44416602,658049.579,1159431.123,108.00,658049.554,1159431.067,128.9,5,658049.244,1159431.620,10.48529383,76.44416500,0.364,-0.058,10.0,9.1,0.0,16.4,2047,1860,RTK FIXED
31.278,071028.40,10.48529200,76.44416600,10.48529178,76.44416601,658049.579,1159431.123,108.00,658049.564,1159431.090,128.9,5,658049.244,1159431.620,10.48529383,76.44416500,0.364,-0.058,10.0,9.1,0.0,17.0,2047,1860,RTK FIXED
31.333,071028.40,10.48529200,76.44416600,10.48529187,76.44416601,658049.579,1159431.123,108.00,658049.570,1159431.103,128.9,5,658049.244,1159431.620,10.48529383,76.44416500,0.364,-0.058,10.0,9.1,0.5,16.5,2047,1860,RTK FIXED
31.379,071028.60,10.48529200,76.44416600,10.48529192,76.44416600,658049.579,1159431.123,108.10,658049.573,1159431.111,115.6,5,658049.244,1159431.620,10.48529383,76.44416500,0.365,0.016,9.7,10.0,-0.5,15.0,1995,2047,RTK FIXED
31.433,071028.60,10.48529200,76.44416600,10.48529195,76.44416600,658049.579,1159431.123,108.10,658049.576,1159431.116,115.6,5,658049.244,1159431.620,10.48529383,76.44416500,0.365,0.016,9.7,10.0,0.5,15.9,1995,2047,RTK FIXED
31.479,071028.60,10.48529200,76.44416600,10.48529197,76.44416600,658049.579,1159431.123,108.10,658049.577,1159431.119,115.6,5,658049.244,1159431.620,10.48529383,76.44416500,0.365,0.016,9.7,10.0,-0.5,16.2,1995,2047,RTK FIXED
31.533,071028.60,10.48529200,76.44416600,10.48529198,76.44416600,658049.579,1159431.123,108.10,658049.578,1159431.120,115.6,5,658049.244,1159431.620,10.48529383,76.44416500,0.365,0.016,9.7,10.0,0.5,13.9,1995,2047,RTK FIXED
31.579,071028.60,10.48529200,76.44416600,10.48529199,76.44416600,658049.579,1159431.123,108.10,658049.578,1159431.122,115.6,5,658049.244,1159431.620,10.48529383,76.44416500,0.365,0.016,9.7,10.0,0.0,16.3,1995,2047,RTK FIXED
31.633,071028.80,10.48529200,76.44416600,10.48529199,76.44416600,658049.505,1159431.079,108.10,658049.549,1159431.105,115.6,5,658049.244,1159431.620,10.48529383,76.44416500,0.365,0.032,9.5,10.0,-0.5,14.7,1941,2047,RTK FIXED
31.687,071028.80,10.48529200,76.44416600,10.48529200,76.44416600,658049.505,1159431.079,108.10,658049.531,1159431.095,115.6,5,658049.244,1159431.620,10.48529383,76.44416500,0.365,0.032,9.5,10.0,0.5,16.8,1941,2047,RTK FIXED
31.733,071028.80,10.48529200,76.44416600,10.48529200,76.44416600,658049.505,1159431.079,108.10,658049.521,1159431.088,115.6,5,658049.244,1159431.620,10.48529383,76.44416500,0.365,0.032,9.5,10.0,0.0,16.2,1941,2047,RTK FIXED
31.787,071028.80,10.48529200,76.44416600,10.48529200,76.44416600,658049.505,1159431.079,108.10,658049.515,1159431.085,115.6,5,658049.244,1159431.620,10.48529383,76.44416500,0.365,0.032,9.5,10.0,0.0,15.8,1941,2047,RTK FIXED
31.834,071028.80,10.48529200,76.44416600,10.48529200,76.44416600,658049.505,1159431.079,108.10,658049.511,1159431.083,115.6,5,658049.244,1159431.620,10.48529383,76.44416500,0.365,0.032,9.5,10.0,0.0,17.1,1941,2047,RTK FIXED
31.887,071029.00,10.48529300,76.44416600,10.48529240,76.44416600,658049.505,1159431.190,108.10,658049.508,1159431.126,115.6,5,658049.244,1159431.620,10.48529383,76.44416500,0.365,0.038,9.4,10.0,-0.5,16.3,1923,2047,RTK FIXED
31.933,071029.00,10.48529300,76.44416600,10.48529264,76.44416600,658049.505,1159431.190,108.10,658049.507,1159431.151,115.6,5,658049.244,1159431.620,10.48529383,76.44416500,0.365,0.038,9.4,10.0,0.0,17.9,1923,2047,RTK FIXED
31.987,071029.20,10.48529300,76.44416500,10.48529278,76.44416560,658049.395,1159431.189,108.00,658049.462,1159431.167,122.4,5,658049.244,1159431.620,10.48529383,76.44416500,0.366,0.004,9.9,10.0,0.5,17.6,2033,2047,RTK FIXED
32.034,071029.20,10.48529300,76.44416500,10.48529287,76.44416536,658049.395,1159431.189,108.00,658049.435,1159431.176,122.4,5,658049.244,1159431.620,10.48529383,76.44416500,0.366,0.004,9.9,10.0,0.0,15.6,2033,2047,RTK FIXED
32.088,071029.20,10.48529300,76.44416500,10.48529292,76.44416522,658049.395,1159431.189,108.00,658049.419,1159431.181,122.4,5,658049.244,1159431.620,10.48529383,76.44416500,0.366,0.004,9.9,10.0,-0.5,17.4,2033,2047,RTK FIXED
32.134,071029.40,10.48529300,76.44416500,10.48529295,76.44416513,658049.434,1159431.210,108.00,658049.425,1159431.193,122.4,5,658049.244,1159431.620,10.48529383,76.44416500,0.366,-0.004,10.0,9.9,0.0,18.1,2047,2033,RTK FIXED
32.187,071029.40,10.48529300,76.44416500,10.48529297,76.44416508,658049.434,1159431.210,108.00,658049.429,1159431.200,122.4,5,658049.244,1159431.620,10.48529383,76.44416500,0.366,-0.004,10.0,9.9,0.0,17.5,2047,2033,RTK FIXED
32.241,071029.40,10.48529300,76.44416500,10.48529298,76.44416505,658049.434,1159431.210,108.00,658049.431,1159431.204,122.4,5,658049.244,1159431.620,10.48529383,76.44416500,0.366,-0.004,10.0,9.9,0.0,18.3,2047,2033,RTK FIXED
32.287,071029.40,10.48529300,76.44416500,10.48529299,76.44416503,658049.434,1159431.210,108.00,658049.433,1159431.206,122.4,5,658049.244,1159431.620,10.48529383,76.44416500,0.366,-0.004,10.0,9.9,0.6,15.4,2047,2033,RTK FIXED
32.342,071029.40,10.48529300,76.44416500,10.48529299,76.44416502,658049.434,1159431.210,108.00,658049.433,1159431.208,122.4,5,658049.244,1159431.620,10.48529383,76.44416500,0.366,-0.004,10.0,9.9,0.0,18.1,2047,2033,RTK FIXED
32.388,071029.60,10.48529400,76.44416500,10.48529340,76.44416501,658049.434,1159431.320,108.00,658049.434,1159431.253,117.9,5,658049.244,1159431.620,10.48529383,76.44416500,0.352,0.012,9.8,10.0,0.0,18.0,2005,2047,RTK FIXED
32.442,071029.60,10.48529400,76.44416500,10.48529364,76.44416501,658049.434,1159431.320,108.00,658049.434,1159431.280,117.9,5,658049.244,1159431.620,10.48529383,76.44416500,0.352,0.012,9.8,10.0,0.0,18.6,2005,2047,RTK FIXED
32.495,071029.60,10.48529400,76.44416500,10.48529378,76.44416500,658049.434,1159431.320,108.00,658049.434,1159431.296,117.9,5,658049.244,1159431.620,10.48529383,76.44416500,0.352,0.012,9.8,10.0,-0.5,16.5,2005,2047,RTK FIXED
32.542,071029.60,10.48529400,76.44416500,10.48529387,76.44416500,658049.434,1159431.320,108.00,658049.434,1159431.306,117.9,5,658049.244,1159431.620,10.48529383,76.44416500,0.352,0.012,9.8,10.0,0.5,18.2,2005,2047,RTK FIXED
32.595,071029.60,10.48529400,76.44416500,10.48529392,76.44416500,658049.434,1159431.320,108.00,658049.434,1159431.312,117.9,5,658049.244,1159431.620,10.48529383,76.44416500,0.352,0.012,9.8,10.0,0.0,18.1,2005,2047,RTK FIXED
32.642,071029.80,10.48529400,76.44416500,10.48529395,76.44416500,658049.408,1159431.306,108.00,658049.424,1159431.310,117.9,5,658049.244,1159431.620,10.48529383,76.44416500,0.324,0.016,9.7,10.0,-0.5,18.7,1986,2047,RTK FIXED
32.695,071029.80,10.48529400,76.44416500,10.48529397,76.44416500,658049.408,1159431.306,108.00,658049.417,1159431.308,117.9,5,658049.244,1159431.620,10.48529383,76.44416500,0.324,0.016,9.7,10.0,0.5,18.3,1986,2047,RTK FIXED
32.746,071030.00,10.48529400,76.44416500,10.48529398,76.44416500,658049.408,1159431.306,108.00,658049.414,1159431.308,117.9,6,658048.693,1159432.520,10.48530200,76.44416000,0.366,0.018,9.7,10.0,-0.5,18.4,1987,2047,RTK FIXED
32.795,071030.00,10.48529400,76.44416500,10.48529399,76.44416500,658049.408,1159431.306,108.00,658049.412,1159431.307,117.9,6,658048.693,1159432.520,10.48530200,76.44416000,0.366,0.018,9.7,10.0,0.5,16.3,1987,2047,RTK FIXED
32.842,071030.00,10.48529400,76.44416500,10.48529399,76.44416500,658049.408,1159431.306,108.00,658049.410,1159431.307,117.9,6,658048.693,1159432.520,10.48530200,76.44416000,0.366,0.018,9.7,10.0,-0.5,18.7,1987,2047,RTK FIXED
32.896,071030.20,10.48529500,76.44416400,10.48529440,76.44416460,658049.298,1159431.417,108.00,658049.365,1159431.351,120.4,6,658048.693,1159432.520,10.48530200,76.44416000,0.366,0.001,10.0,10.0,0.5,18.4,2045,2047,RTK FIXED
32.942,071030.20,10.48529500,76.44416400,10.48529464,76.44416436,658049.298,1159431.417,108.00,658049.339,1159431.377,120.4,6,658048.693,1159432.520,10.48530200,76.44416000,0.366,0.001,10.0,10.0,-0.5,16.3,2045,2047,RTK FIXED
32.995,071030.20,10.48529500,76.44416400,10.48529478,76.44416422,658049.298,1159431.417,108.00,658049.322,1159431.393,120.4,6,658048.693,1159432.520,10.48530200,76.44416000,0.366,0.001,10.0,10.0,0.5,18.4,2045,2047,RTK FIXED
33.042,071030.20,10.48529500,76.44416400,10.48529487,76.44416413,658049.298,1159431.417,108.00,658049.313,1159431.402,120.4,6,658048.693,1159432.520,10.48530200,76.44416000,0.366,0.001,10.0,10.0,-0.5,18.8,2045,2047,RTK FIXED
33.097,071030.20,10.48529500,76.44416400,10.48529492,76.44416408,658049.298,1159431.417,108.00,658049.307,1159431.408,120.4,6,658048.693,1159432.520,10.48530200,76.44416000,0.366,0.001,10.0,10.0,0.5,18.7,2045,2047,RTK FIXED
33.150,071030.20,10.48529500,76.44416400,10.48529495,76.44416405,658049.298,1159431.417,108.00,658049.303,1159431.411,120.4,6,658048.693,1159432.520,10.48530200,76.44416000,0.366,0.001,10.0,10.0,0.0,18.8,2045,2047,RTK FIXED
33.196,071030.40,10.48529500,76.44416400,10.48529497,76.44416403,658049.313,1159431.424,108.00,658049.307,1159431.417,120.4,6,658048.693,1159432.520,10.48530200,76.44416000,0.366,-0.004,10.0,9.9,-0.5,16.1,2047,2034,RTK FIXED
33.250,071030.40,10.48529500,76.44416400,10.48529498,76.44416402,658049.313,1159431.424,108.00,658049.309,1159431.420,120.4,6,658048.693,1159432.520,10.48530200,76.44416000,0.366,-0.004,10.0,9.9,0.0,18.6,2047,2034,RTK FIXED
33.295,071030.40,10.48529500,76.44416400,10.48529499,76.44416401,658049.313,1159431.424,108.00,658049.311,1159431.421,120.4,6,658048.693,1159432.520,10.48530200,76.44416000,0.366,-0.004,10.0,9.9,0.6,18.8,2047,2034,RTK FIXED
33.350,071030.40,10.48529500,76.44416400,10.48529499,76.44416401,658049.313,1159431.424,108.00,658049.312,1159431.423,120.4,6,658048.693,1159432.520,10.48530200,76.44416000,0.366,-0.004,10.0,9.9,0.0,18.8,2047,2034,RTK FIXED
33.396,071030.40,10.48529500,76.44416400,10.48529500,76.44416400,658049.313,1159431.424,108.00,658049.312,1159431.423,120.4,6,658048.693,1159432.520,10.48530200,76.44416000,0.366,-0.004,10.0,9.9,-0.5,18.5,2047,2034,RTK FIXED
33.450,071030.60,10.48529500,76.44416400,10.48529500,76.44416400,658049.313,1159431.424,108.00,658049.312,1159431.424,120.4,6,658048.693,1159432.520,10.48530200,76.44416000,0.366,-0.005,10.0,9.9,0.0,17.0,2047,2030,RTK FIXED
33.496,071030.60,10.48529500,76.44416400,10.48529500,76.44416400,658049.313,1159431.424,108.00,658049.313,1159431.424,120.4,6,658048.693,1159432.520,10.48530200,76.44416000,0.366,-0.005,10.0,9.9,0.5,18.6,2047,2030,RTK FIXED
33.550,071030.60,10.48529500,76.44416400,10.48529500,76.44416400,658049.313,1159431.424,108.00,658049.313,1159431.424,120.4,6,658048.693,1159432.520,10.48530200,76.44416000,0.366,-0.005,10.0,9.9,0.0,17.1,2047,2030,RTK FIXED
33.597,071030.80,10.48529500,76.44416400,10.48529500,76.44416400,658049.313,1159431.424,108.00,658049.313,1159431.424,121.5,6,658048.693,1159432.520,10.48530200,76.44416000,0.366,-0.006,10.0,9.9,-0.5,18.3,2047,2028,RTK FIXED
33.650,071030.80,10.48529500,76.44416400,10.48529500,76.44416400,658049.313,1159431.424,108.00,658049.313,1159431.424,121.5,6,658048.693,1159432.520,10.48530200,76.44416000,0.366,-0.006,10.0,9.9,0.5,18.7,2047,2028,RTK FIXED
33.704,071030.80,10.48529500,76.44416400,10.48529500,76.44416400,658049.313,1159431.424,108.00,658049.313,1159431.424,121.5,6,658048.693,1159432.520,10.48530200,76.44416000,0.366,-0.006,10.0,9.9,0.0,16.3,2047,2028,RTK FIXED
33.750,071030.80,10.48529500,76.44416400,10.48529500,76.44416400,658049.313,1159431.424,108.00,658049.313,1159431.424,121.5,6,658048.693,1159432.520,10.48530200,76.44416000,0.366,-0.006,10.0,9.9,-0.5,18.5,2047,2028,RTK FIXED
33.805,071031.00,10.48529600,76.44416400,10.48529540,76.44416400,658049.318,1159431.538,108.00,658049.315,1159431.470,121.5,6,658048.693,1159432.520,10.48530200,76.44416000,0.366,-0.003,10.0,9.9,0.0,18.3,2047,2036,RTK FIXED
33.850,071031.00,10.48529600,76.44416400,10.48529564,76.44416400,658049.318,1159431.538,108.00,658049.316,1159431.497,121.5,6,658048.693,1159432.520,10.48530200,76.44416000,0.366,-0.003,10.0,9.9,0.5,19.1,2047,2036,RTK FIXED
33.904,071031.00,10.48529600,76.44416400,10.48529578,76.44416400,658049.318,1159431.538,108.00,658049.317,1159431.513,121.5,6,658048.693,1159432.520,10.48530200,76.44416000,0.366,-0.003,10.0,9.9,0.0,16.4,2047,2036,RTK FIXED
33.950,071031.00,10.48529600,76.44416400,10.48529587,76.44416400,658049.318,1159431.538,108.00,658049.317,1159431.523,121.5,6,658048.693,1159432.520,10.48530200,76.44416000,0.366,-0.003,10.0,9.9,-0.5,17.7,2047,2036,RTK FIXED
34.004,071031.00,10.48529600,76.44416400,10.48529592,76.44416400,658049.318,1159431.538,108.00,658049.318,1159431.529,121.5,6,658048.693,1159432.520,10.48530200,76.44416000,0.366,-0.003,10.0,9.9,0.0,18.6,2047,2036,RTK FIXED
34.050,071031.20,10.48529600,76.44416400,10.48529595,76.44416400,658049.318,1159431.538,108.10,658049.318,1159431.533,113.0,6,658048.693,1159432.520,10.48530200,76.44416000,0.363,0.049,9.2,10.0,0.0,17.3,1887,2047,RTK FIXED
34.105,071031.20,10.48529600,76.44416400,10.48529597,76.44416400,658049.318,1159431.538,108.10,658049.318,1159431.535,113.0,6,658048.693,1159432.520,10.48530200,76.44416000,0.363,0.049,9.2,10.0,0.0,18.1,1887,2047,RTK FIXED
34.150,071031.20,10.48529600,76.44416400,10.48529598,76.44416400,658049.318,1159431.538,108.10,658049.318,1159431.536,113.0,6,658048.693,1159432.520,10.48530200,76.44416000,0.363,0.049,9.2,10.0,0.5,17.9,1887,2047,RTK FIXED
34.205,071031.40,10.48529600,76.44416300,10.48529599,76.44416360,658049.160,1159431.514,108.10,658049.255,1159431.527,113.0,6,658048.693,1159432.520,10.48530200,76.44416000,0.363,0.057,9.1,10.0,-0.5,16.9,1861,2047,RTK FIXED
34.258,071031.40,10.48529600,76.44416300,10.48529599,76.44416336,658049.160,1159431.514,108.10,658049.217,1159431.522,113.0,6,658048.693,1159432.520,10.48530200,76.44416000,0.363,0.057,9.1,10.0,0.0,18.3,1861,2047,RTK FIXED
34.306,071031.60,10.48529700,76.44416300,10.48529640,76.44416322,658049.159,1159431.624,108.10,658049.194,1159431.563,124.1,6,658048.693,1159432.520,10.48530200,76.44416000,0.366,-0.001,10.0,10.0,0.0,18.4,2047,2043,RTK FIXED
34.358,071031.60,10.48529700,76.44416300,10.48529664,76.44416313,658049.159,1159431.624,108.10,658049.180,1159431.588,124.1,6,658048.693,1159432.520,10.48530200,76.44416000,0.366,-0.001,10.0,10.0,0.0,17.7,2047,2043,RTK FIXED
34.405,071031.60,10.48529700,76.44416300,10.48529678,76.44416308,658049.159,1159431.624,108.10,658049.171,1159431.602,124.1,6,658048.693,1159432.520,10.48530200,76.44416000,0.366,-0.001,10.0,10.0,0.5,18.4,2047,2043,RTK FIXED
34.458,071031.60,10.48529700,76.44416300,10.48529687,76.44416305,658049.159,1159431.624,108.10,658049.166,1159431.611,124.1,6,658048.693,1159432.520,10.48530200,76.44416000,0.366,-0.001,10.0,10.0,0.0,17.6,2047,2043,RTK FIXED
34.505,071031.60,10.48529700,76.44416300,10.48529692,76.44416303,658049.159,1159431.624,108.10,658049.163,1159431.616,124.1,6,658048.693,1159432.520,10.48530200,76.44416000,0.366,-0.001,10.0,10.0,0.0,17.5,2047,2043,RTK FIXED
34.558,071031.60,10.48529700,76.44416300,10.48529695,76.44416302,658049.159,1159431.624,108.10,658049.162,1159431.620,124.1,6,658048.693,1159432.520,10.48530200,76.44416000,0.366,-0.001,10.0,10.0,0.0,16.3,2047,2043,RTK FIXED
34.605,071031.80,10.48529700,76.44416300,10.48529697,76.44416301,658049.223,1159431.657,108.10,658049.186,1159431.635,124.1,6,658048.693,1159432.520,10.48530200,76.44416000,0.366,-0.013,10.0,9.8,0.0,17.4,2047,2003,RTK FIXED
34.659,071031.80,10.48529700,76.44416300,10.48529698,76.44416301,658049.223,1159431.657,108.10,658049.201,1159431.644,124.1,6,658048.693,1159432.520,10.48530200,76.44416000,0.366,-0.013,10.0,9.8,-0.5,18.3,2047,2003,RTK FIXED
34.705,071031.80,10.48529700,76.44416300,10.48529699,76.44416300,658049.223,1159431.657,108.10,658049.210,1159431.649,124.1,6,658048.693,1159432.520,10.48530200,76.44416000,0.366,-0.013,10.0,9.8,0.0,15.6,2047,2003,RTK FIXED
34.759,071031.80,10.48529700,76.44416300,10.48529699,76.44416300,658049.223,1159431.657,108.10,658049.215,1159431.652,124.1,6,658048.693,1159432.520,10.48530200,76.44416000,0.366,-0.013,10.0,9.8,0.0,17.2,2047,2003,RTK FIXED
34.813,071032.00,10.48529700,76.44416300,10.48529700,76.44416300,658049.223,1159431.657,108.10,658049.218,1159431.654,124.1,6,658048.693,1159432.520,10.48530200,76.44416000,0.366,-0.015,10.0,9.8,0.0,17.9,2047,1997,RTK FIXED
34.858,071032.00,10.48529700,76.44416300,10.48529700,76.44416300,658049.223,1159431.657,108.10,658049.220,1159431.655,124.1,6,658048.693,1159432.520,10.48530200,76.44416000,0.366,-0.015,10.0,9.8,0.6,17.8,2047,1997,RTK FIXED
34.913,071032.00,10.48529700,76.44416300,10.48529700,76.44416300,658049.223,1159431.657,108.10,658049.221,1159431.656,124.1,6,658048.693,1159432.520,10.48530200,76.44416000,0.366,-0.015,10.0,9.8,0.0,17.9,2047,1997,RTK FIXED
34.960,071032.20,10.48529800,76.44416300,10.48529740,76.44416300,658049.222,1159431.768,108.10,658049.222,1159431.701,113.4,6,658048.693,1159432.520,10.48530200,76.44416000,0.363,0.046,9.3,10.0,0.0,16.9,1898,2047,RTK FIXED
35.013,071032.20,10.48529800,76.44416300,10.48529764,76.44416300,658049.222,1159431.768,108.10,658049.222,1159431.727,113.4,6,658048.693,1159432.520,10.48530200,76.44416000,0.363,0.046,9.3,10.0,0.0,16.9,1898,2047,RTK FIXED
35.059,071032.20,10.48529800,76.44416300,10.48529778,76.44416300,658049.222,1159431.768,108.10,658049.222,1159431.744,113.4,6,658048.693,1159432.520,10.48530200,76.44416000,0.363,0.046,9.3,10.0,-0.5,17.8,1898,2047,RTK FIXED
35.113,071032.40,10.48529800,76.44416200,10.48529787,76.44416260,658049.051,1159431.735,108.10,658049.154,1159431.740,113.4,6,658048.693,1159432.520,10.48530200,76.44416000,0.363,0.056,9.1,10.0,0.5,17.6,1865,2047,RTK FIXED
35.159,071032.40,10.48529800,76.44416200,10.48529792,76.44416236,658049.051,1159431.735,108.10,658049.113,1159431.738,113.4,6,658048.693,1159432.520,10.48530200,76.44416000,0.363,0.056,9.1,10.0,0.0,17.5,1865,2047,RTK FIXED
35.214,071032.40,10.48529800,76.44416200,10.48529795,76.44416222,658049.051,1159431.735,108.10,658049.088,1159431.737,113.4,6,658048.693,1159432.520,10.48530200,76.44416000,0.363,0.056,9.1,10.0,-0.5,16.5,1865,2047,RTK FIXED
35.260,071032.60,10.48529800,76.44416200,10.48529797,76.44416213,658049.051,1159431.735,108.10,658049.073,1159431.736,127.8,6,658048.693,1159432.520,10.48530200,76.44416000,0.365,-0.027,10.0,9.6,0.5,18.0,2047,1960,RTK FIXED
35.313,071032.60,10.48529800,76.44416200,10.48529798,76.44416208,658049.051,1159431.735,108.10,658049.064,1159431.736,127.8,6,658048.693,1159432.520,10.48530200,76.44416000,0.365,-0.027,10.0,9.6,0.0,15.9,2047,1960,RTK FIXED
35.366,071032.60,10.48529800,76.44416200,10.48529799,76.44416205,658049.051,1159431.735,108.10,658049.059,1159431.736,127.8,6,658048.693,1159432.520,10.48530200,76.44416000,0.365,-0.027,10.0,9.6,0.0,17.9,2047,1960,RTK FIXED
35.413,071032.60,10.48529800,76.44416200,10.48529799,76.44416203,658049.051,1159431.735,108.10,658049.056,1159431.736,127.8,6,658048.693,1159432.520,10.48530200,76.44416000,0.365,-0.027,10.0,9.6,0.0,14.4,2047,1960,RTK FIXED
35.467,071032.60,10.48529800,76.44416200,10.48529800,76.44416202,658049.051,1159431.735,108.10,658049.054,1159431.735,127.8,6,658048.693,1159432.520,10.48530200,76.44416000,0.365,-0.027,10.0,9.6,-0.5,16.2,2047,1960,RTK FIXED
35.514,071032.60,10.48529800,76.44416200,10.48529800,76.44416201,658049.051,1159431.735,108.10,658049.053,1159431.735,127.8,6,658048.693,1159432.520,10.48530200,76.44416000,0.365,-0.027,10.0,9.6,0.5,16.7,2047,1960,RTK FIXED
35.567,071032.60,10.48529800,76.44416200,10.48529800,76.44416201,658049.051,1159431.735,108.10,658049.052,1159431.735,127.8,6,658048.693,1159432.520,10.48530200,76.44416000,0.365,-0.027,10.0,9.6,-0.5,17.2,2047,1960,RTK FIXED
35.614,071032.80,10.48529900,76.44416200,10.48529840,76.44416200,658049.132,1159431.891,108.10,658049.084,1159431.798,127.8,6,658048.693,1159432.520,10.48530200,76.44416000,0.365,-0.043,10.0,9.3,0.5,14.5,2047,1906,RTK FIXED
35.667,071032.80,10.48529900,76.44416200,10.48529864,76.44416200,658049.132,1159431.891,108.10,658049.103,1159431.835,127.8,6,658048.693,1159432.520,10.48530200,76.44416000,0.365,-0.043,10.0,9.3,0.0,15.5,2047,1906,RTK FIXED
35.714,071032.80,10.48529900,76.44416200,10.48529878,76.44416200,658049.132,1159431.891,108.10,658049.115,1159431.857,127.8,6,658048.693,1159432.520,10.48530200,76.44416000,0.365,-0.043,10.0,9.3,-0.5,16.7,2047,1906,RTK FIXED
35.767,071032.80,10.48529900,76.44416200,10.48529887,76.44416200,658049.132,1159431.891,108.10,658049.121,1159431.871,127.8,6,658048.693,1159432.520,10.48530200,76.44416000,0.365,-0.043,10.0,9.3,0.0,16.7,2047,1906,RTK FIXED
35.814,071033.00,10.48529900,76.44416200,10.48529892,76.44416200,658049.132,1159431.891,108.10,658049.126,1159431.879,114.6,6,658048.693,1159432.520,10.48530200,76.44416000,0.364,0.030,9.5,10.0,0.5,17.1,1949,2047,RTK FIXED
35.867,071033.00,10.48529900,76.44416200,10.48529895,76.44416200,658049.132,1159431.891,108.10,658049.128,1159431.884,114.6,6,658048.693,1159432.520,10.48530200,76.44416000,0.364,0.030,9.5,10.0,0.0,17.4,1949,2047,RTK FIXED
35.923,071033.00,10.48529900,76.44416200,10.48529897,76.44416200,658049.132,1159431.891,108.10,658049.130,1159431.887,114.6,6,658048.693,1159432.520,10.48530200,76.44416000,0.364,0.030,9.5,10.0,0.0,16.8,1949,2047,RTK FIXED
35.968,071033.20,10.48529900,76.44416200,10.48529898,76.44416200,658049.058,1159431.849,108.10,658049.101,1159431.872,114.6,6,658048.693,1159432.520,10.48530200,76.44416000,0.364,0.046,9.3,10.0,0.0,16.0,1897,2047,RTK FIXED
36.021,071033.20,10.48529900,76.44416200,10.48529899,76.44416200,658049.058,1159431.849,108.10,658049.084,1159431.862,114.6,6,658048.693,1159432.520,10.48530200,76.44416000,0.364,0.046,9.3,10.0,0.0,17.4,1897,2047,RTK FIXED
36.067,071033.20,10.48529900,76.44416200,10.48529899,76.44416200,658049.058,1159431.849,108.10,658049.073,1159431.857,114.6,6,658048.693,1159432.520,10.48530200,76.44416000,0.364,0.046,9.3,10.0,0.0,15.9,1897,2047,RTK FIXED
36.122,071033.40,10.48530000,76.44416200,10.48529940,76.44416200,658049.057,1159431.960,108.10,658049.067,1159431.898,114.6,6,658048.693,1159432.520,10.48530200,76.44416000,0.364,0.052,9.2,10.0,-0.5,18.1,1879,2047,RTK FIXED
36.167,071033.40,10.48530000,76.44416200,10.48529964,76.44416200,658049.057,1159431.960,108.10,658049.063,1159431.923,114.6,6,658048.693,1159432.520,10.48530200,76.44416000,0.364,0.052,9.2,10.0,0.0,18.4,1879,2047,RTK FIXED
36.222,071033.40,10.48530000,76.44416200,10.48529978,76.44416200,658049.057,1159431.960,108.10,658049.061,1159431.937,114.6,6,658048.693,1159432.520,10.48530200,76.44416000,0.364,0.052,9.2,10.0,0.0,18.3,1879,2047,RTK FIXED
36.267,071033.40,10.48530000,76.44416200,10.48529987,76.44416200,658049.057,1159431.960,108.10,658049.059,1159431.946,114.6,6,658048.693,1159432.520,10.48530200,76.44416000,0.364,0.052,9.2,10.0,0.6,18.2,1879,2047,RTK FIXED
36.322,071033.40,10.48530000,76.44416200,10.48529992,76.44416200,658049.057,1159431.960,108.10,658049.058,1159431.952,114.6,6,658048.693,1159432.520,10.48530200,76.44416000,0.364,0.052,9.2,10.0,0.0,18.2,1879,2047,RTK FIXED
36.368,071033.60,10.48530000,76.44416100,10.48529995,76.44416160,658048.948,1159431.959,108.10,658049.014,1159431.955,121.6,6,658048.693,1159432.520,10.48530200,76.44416000,0.366,0.011,9.8,10.0,-0.5,18.9,2010,2047,RTK FIXED
36.422,071033.60,10.48530000,76.44416100,10.48529997,76.44416136,658048.948,1159431.959,108.10,658048.988,1159431.956,121.6,6,658048.693,1159432.520,10.48530200,76.44416000,0.366,0.011,9.8,10.0,0.0,18.2,2010,2047,RTK FIXED
36.475,071033.60,10.48530000,76.44416100,10.48529998,76.44416122,658048.948,1159431.959,108.10,658048.972,1159431.957,121.6,6,658048.693,1159432.520,10.48530200,76.44416000,0.366,0.011,9.8,10.0,0.0,17.9,2010,2047,RTK FIXED
36.522,071033.60,10.48530000,76.44416100,10.48529999,76.44416113,658048.948,1159431.959,108.10,658048.962,1159431.958,121.6,6,658048.693,1159432.520,10.48530200,76.44416000,0.366,0.011,9.8,10.0,0.0,18.3,2010,2047,RTK FIXED
36.577,071033.60,10.48530000,76.44416100,10.48529999,76.44416108,658048.948,1159431.959,108.10,658048.956,1159431.958,121.6,6,658048.693,1159432.520,10.48530200,76.44416000,0.366,0.011,9.8,10.0,0.0,17.3,2010,2047,RTK FIXED
36.622,071033.80,10.48530000,76.44416100,10.48530000,76.44416105,658048.988,1159431.979,108.10,658048.969,1159431.967,121.6,6,658048.693,1159432.520,10.48530200,76.44416000,0.366,0.001,10.0,10.0,0.5,17.4,2045,2047,RTK FIXED
36.675,071033.80,10.48530000,76.44416100,10.48530000,76.44416103,658048.988,1159431.979,108.10,658048.977,1159431.972,121.6,6,658048.693,1159432.520,10.48530200,76.44416000,0.366,0.001,10.0,10.0,-0.5,18.5,2045,2047,RTK FIXED
36.722,071033.80,10.48530000,76.44416100,10.48530000,76.44416102,658048.988,1159431.979,108.10,658048.981,1159431.975,121.6,6,658048.693,1159432.520,10.48530200,76.44416000,0.366,0.001,10.0,10.0,0.5,18.1,2045,2047,RTK FIXED
36.775,071033.80,10.48530000,76.44416100,10.48530000,76.44416101,658048.988,1159431.979,108.10,658048.984,1159431.977,121.6,6,658048.693,1159432.520,10.48530200,76.44416000,0.366,0.001,10.0,10.0,0.0,18.8,2045,2047,RTK FIXED
36.822,071033.80,10.48530000,76.44416100,10.48530000,76.44416101,658048.988,1159431.979,108.10,658048.986,1159431.978,121.6,6,658048.693,1159432.520,10.48530200,76.44416000,0.366,0.001,10.0,10.0,-0.5,18.6,2045,2047,RTK FIXED
36.877,071034.00,10.48530100,76.44416100,10.48530040,76.44416100,658048.988,1159432.090,108.10,658048.987,1159432.022,117.1,6,658048.693,1159432.520,10.48530200,76.44416000,0.365,0.022,9.6,10.0,0.0,18.8,1973,2047,RTK FIXED
36.922,071034.00,10.48530100,76.44416100,10.48530064,76.44416100,658048.988,1159432.090,108.10,658048.987,1159432.049,117.1,6,658048.693,1159432.520,10.48530200,76.44416000,0.365,0.022,9.6,10.0,0.5,18.6,1973,2047,RTK FIXED
36.976,071034.00,10.48530100,76.44416100,10.48530078,76.44416100,658048.988,1159432.090,108.10,658048.987,1159432.066,117.1,6,658048.693,1159432.520,10.48530200,76.44416000,0.365,0.022,9.6,10.0,0.0,17.2,1973,2047,RTK FIXED
37.023,071034.20,10.48530100,76.44416100,10.48530087,76.44416100,658048.962,1159432.076,108.10,658048.977,1159432.070,117.1,6,658048.693,1159432.520,10.48530200,76.44416000,0.365,0.028,9.5,10.0,0.0,16.1,1954,2047,RTK FIXED
37.076,071034.20,10.48530100,76.44416100,10.48530092,76.44416100,658048.962,1159432.076,108.10,658048.971,1159432.073,117.1,6,658048.693,1159432.520,10.48530200,76.44416000,0.365,0.028,9.5,10.0,-0.5,18.8,1954,2047,RTK FIXED
37.131,071034.40,10.48530100,76.44416100,10.48530095,76.44416100,658048.962,1159432.076,108.10,658048.968,1159432.074,117.1,6,658048.693,1159432.520,10.48530200,76.44416000,0.365,0.030,9.5,10.0,0.5,18.9,1949,2047,RTK FIXED
37.177,071034.40,10.48530100,76.44416100,10.48530097,76.44416100,658048.962,1159432.076,108.10,658048.966,1159432.075,117.1,6,658048.693,1159432.520,10.48530200,76.44416000,0.365,0.030,9.5,10.0,0.0,18.6,1949,2047,RTK FIXED
37.230,071034.40,10.48530100,76.44416100,10.48530098,76.44416100,658048.962,1159432.076,108.10,658048.964,1159432.076,117.1,6,658048.693,1159432.520,10.48530200,76.44416000,0.365,0.030,9.5,10.0,-0.5,16.2,1949,2047,RTK FIXED
37.277,071034.40,10.48530100,76.44416100,10.48530099,76.44416100,658048.962,1159432.076,108.10,658048.963,1159432.076,117.1,6,658048.693,1159432.520,10.48530200,76.44416000,0.365,0.030,9.5,10.0,0.0,18.3,1949,2047,RTK FIXED
37.330,071034.40,10.48530100,76.44416100,10.48530099,76.44416100,658048.962,1159432.076,108.10,658048.963,1159432.076,117.1,6,658048.693,1159432.520,10.48530200,76.44416000,0.365,0.030,9.5,10.0,0.5,18.1,1949,2047,RTK FIXED
37.377,071034.60,10.48530200,76.44416000,10.48530140,76.44416060,658048.852,1159432.187,108.10,658048.919,1159432.120,119.8,6,658048.693,1159432.520,10.48530200,76.44416000,0.366,0.011,9.8,10.0,0.0,18.8,2012,2047,RTK FIXED
37.430,071034.60,10.48530200,76.44416000,10.48530164,76.44416036,658048.852,1159432.187,108.10,658048.892,1159432.147,119.8,6,658048.693,1159432.520,10.48530200,76.44416000,0.366,0.011,9.8,10.0,0.0,17.8,2012,2047,RTK FIXED
37.477,071034.60,10.48530200,76.44416000,10.48530178,76.44416022,658048.852,1159432.187,108.10,658048.876,1159432.163,119.8,6,658048.693,1159432.520,10.48530200,76.44416000,0.366,0.011,9.8,10.0,0.0,18.4,2012,2047,RTK FIXED
37.530,071034.60,10.48530200,76.44416000,10.48530187,76.44416013,658048.852,1159432.187,108.10,658048.867,1159432.172,119.8,6,658048.693,1159432.520,10.48530200,76.44416000,0.366,0.011,9.8,10.0,0.0,17.6,2012,2047,RTK FIXED
37.577,071034.60,10.48530200,76.44416000,10.48530192,76.44416008,658048.852,1159432.187,108.10,658048.861,1159432.178,119.8,6,658048.693,1159432.520,10.48530200,76.44416000,0.366,0.011,9.8,10.0,-0.5,19.0,2012,2047,RTK FIXED
37.631,071034.80,10.48530200,76.44416000,10.48530195,76.44416005,658048.868,1159432.194,108.10,658048.864,1159432.184,119.8,6,658048.693,1159432.520,10.48530200,76.44416000,0.347,0.006,9.9,10.0,0.5,17.9,2027,2047,RTK FIXED
37.685,071034.80,10.48530200,76.44416000,10.48530197,76.44416003,658048.868,1159432.194,108.10,658048.865,1159432.188,119.8,6,658048.693,1159432.520,10.48530200,76.44416000,0.347,0.006,9.9,10.0,0.0,17.8,2027,2047,RTK FIXED
37.730,071034.80,10.48530200,76.44416000,10.48530198,76.44416002,658048.868,1159432.194,108.10,658048.866,1159432.191,119.8,6,658048.693,1159432.520,10.48530200,76.44416000,0.347,0.006,9.9,10.0,-0.5,18.5,2027,2047,RTK FIXED
37.785,071035.00,10.48530200,76.44416000,10.48530199,76.44416001,658048.868,1159432.194,108.10,658048.867,1159432.192,119.8,6,658048.693,1159432.520,10.48530200,76.44416000,0.327,0.004,9.9,10.0,0.0,17.8,2031,2047,RTK FIXED
37.831,071035.00,10.48530200,76.44416000,10.48530199,76.44416001,658048.868,1159432.194,108.10,658048.867,1159432.193,119.8,6,658048.693,1159432.520,10.48530200,76.44416000,0.327,0.004,9.9,10.0,0.0,18.1,2031,2047,RTK FIXED
37.885,071035.00,10.48530200,76.44416000,10.48530200,76.44416000,658048.868,1159432.194,108.10,658048.867,1159432.194,119.8,6,658048.693,1159432.520,10.48530200,76.44416000,0.327,0.004,9.9,10.0,0.0,18.6,2031,2047,RTK FIXED
37.934,071035.20,10.48530200,76.44416000,10.48530200,76.44416000,658048.868,1159432.194,108.10,658048.867,1159432.194,120.8,7,658049.893,1159433.411,10.48531000,76.44417100,0.073,-0.633,8.0,1.6,0.0,18.3,1635,1597,RTK FIXED
37.985,071035.20,10.48530200,76.44416000,10.48530200,76.44416000,658048.868,1159432.194,108.10,658048.868,1159432.194,120.8,7,658049.893,1159433.411,10.48531000,76.44417100,0.073,-0.633,8.0,1.6,0.5,18.2,1635,1147,RTK FIXED
38.031,071035.20,10.48530200,76.44416000,10.48530200,76.44416000,658048.868,1159432.194,108.10,658048.868,1159432.194,120.8,7,658049.893,1159433.411,10.48531000,76.44417100,0.073,-0.633,8.0,1.6,-0.5,15.2,1635,1100,RTK FIXED
38.085,071035.20,10.48530200,76.44416000,10.48530200,76.44416000,658048.868,1159432.194,108.10,658048.868,1159432.194,120.8,7,658049.893,1159433.411,10.48531000,76.44417100,0.073,-0.633,8.0,1.6,0.0,16.6,1635,1100,RTK FIXED
38.131,071035.20,10.48530200,76.44416000,10.48530200,76.44416000,658048.868,1159432.194,108.10,658048.868,1159432.194,120.8,7,658049.893,1159433.411,10.48531000,76.44417100,0.073,-0.633,8.0,1.6,0.0,14.1,1635,1100,RTK FIXED
38.185,071035.40,10.48530300,76.44416000,10.48530240,76.44416000,658048.873,1159432.308,108.10,658048.870,1159432.240,120.8,7,658049.893,1159433.411,10.48531000,76.44417100,0.073,-0.809,8.0,1.6,0.5,15.7,1635,1100,RTK FIXED
38.239,071035.40,10.48530300,76.44416000,10.48530264,76.44416000,658048.873,1159432.308,108.10,658048.871,1159432.267,120.8,7,658049.893,1159433.411,10.48531000,76.44417100,0.073,-0.809,8.0,1.6,-0.5,14.5,1635,1100,RTK FIXED
38.285,071035.40,10.48530300,76.44416000,10.48530278,76.44416000,658048.873,1159432.308,108.10,658048.872,1159432.284,120.8,7,658049.893,1159433.411,10.48531000,76.44417100,0.073,-0.809,8.0,1.6,0.5,12.4,1635,1100,RTK FIXED
38.339,071035.40,10.48530300,76.44416000,10.48530287,76.44416000,658048.873,1159432.308,108.10,658048.872,1159432.293,120.8,7,658049.893,1159433.411,10.48531000,76.44417100,0.073,-0.809,8.0,1.6,-0.5,11.6,1635,1100,RTK FIXED
38.385,071035.40,10.48530300,76.44416000,10.48530292,76.44416000,658048.873,1159432.308,108.10,658048.873,1159432.299,120.8,7,658049.893,1159433.411,10.48531000,76.44417100,0.073,-0.809,8.0,1.6,0.0,10.8,1635,1100,RTK FIXED
38.439,071035.60,10.48530300,76.44415900,10.48530295,76.44415960,658048.764,1159432.308,108.10,658048.829,1159432.303,120.5,7,658049.893,1159433.411,10.48531000,76.44417100,0.073,-0.868,8.0,1.6,0.5,7.8,1635,1100,RTK FIXED
38.485,071035.60,10.48530300,76.44415900,10.48530297,76.44415936,658048.764,1159432.308,108.10,658048.803,1159432.305,120.5,7,658049.893,1159433.411,10.48531000,76.44417100,0.073,-0.868,8.0,1.6,-0.5,9.2,1635,1100,RTK FIXED
38.539,071035.60,10.48530300,76.44415900,10.48530298,76.44415922,658048.764,1159432.308,108.10,658048.787,1159432.306,120.5,7,658049.893,1159433.411,10.48531000,76.44417100,0.073,-0.868,8.0,1.6,0.0,8.5,1635,1100,RTK FIXED
38.594,071035.80,10.48530300,76.44415900,10.48530299,76.44415913,658048.762,1159432.307,108.10,658048.777,1159432.306,120.5,7,658049.893,1159433.411,10.48531000,76.44417100,0.073,-0.889,8.0,1.6,0.0,6.8,1635,1100,RTK FIXED
38.641,071035.80,10.48530300,76.44415900,10.48530299,76.44415908,658048.762,1159432.307,108.10,658048.771,1159432.306,120.5,7,658049.893,1159433.411,10.48531000,76.44417100,0.073,-0.889,8.0,1.6,0.0,7.1,1635,1100,RTK FIXED
38.694,071036.00,10.48530400,76.44415900,10.48530340,76.44415905,658048.761,1159432.417,108.10,658048.767,1159432.351,120.8,7,658049.893,1159433.411,10.48531000,76.44417100,0.073,-0.904,8.0,1.6,0.0,6.4,1635,1100,RTK FIXED
38.739,071036.00,10.48530400,76.44415900,10.48530364,76.44415903,658048.761,1159432.417,108.10,658048.765,1159432.377,120.8,7,658049.893,1159433.411,10.48531000,76.44417100,0.073,-0.904,8.0,1.6,0.5,7.1,1635,1100,RTK FIXED
38.794,071036.00,10.48530400,76.44415900,10.48530378,76.44415902,658048.761,1159432.417,108.10,658048.763,1159432.393,120.8,7,658049.893,1159433.411,10.48531000,76.44417100,0.073,-0.904,8.0,1.6,0.0,6.0,1635,1100,RTK FIXED
38.840,071036.00,10.48530400,76.44415900,10.48530387,76.44415901,658048.761,1159432.417,108.10,658048.762,1159432.403,120.8,7,658049.893,1159433.411,10.48531000,76.44417100,0.073,-0.904,8.0,1.6,0.0,4.9,1635,1100,RTK FIXED
38.894,071036.20,10.48530400,76.44415900,10.48530392,76.44415901,658048.763,1159432.418,108.10,658048.763,1159432.409,120.8,7,658049.893,1159433.411,10.48531000,76.44417100,0.073,-0.913,8.0,1.6,0.0,5.5,1635,1100,RTK FIXED
38.939,071036.20,10.48530400,76.44415900,10.48530395,76.44415900,658048.763,1159432.418,108.10,658048.763,1159432.413,120.8,7,658049.893,1159433.411,10.48531000,76.44417100,0.073,-0.913,8.0,1.6,0.0,5.0,1635,1100,RTK FIXED
38.994,071036.20,10.48530400,76.44415900,10.48530397,76.44415900,658048.763,1159432.418,108.10,658048.763,1159432.415,120.8,7,658049.893,1159433.411,10.48531000,76.44417100,0.073,-0.913,8.0,1.6,-0.5,4.1,1635,1100,RTK FIXED
39.040,071036.20,10.48530400,76.44415900,10.48530398,76.44415900,658048.763,1159432.418,108.10,658048.763,1159432.416,120.8,7,658049.893,1159433.411,10.48531000,76.44417100,0.073,-0.913,8.0,1.6,0.0,4.9,1635,1100,RTK FIXED
39.094,071036.40,10.48530400,76.44415900,10.48530399,76.44415900,658048.763,1159432.418,108.10,658048.763,1159432.417,120.8,7,658049.893,1159433.411,10.48531000,76.44417100,0.073,-0.918,8.0,1.6,0.0,4.6,1635,1100,RTK FIXED
39.147,071036.40,10.48530400,76.44415900,10.48530399,76.44415900,658048.763,1159432.418,108.10,658048.763,1159432.417,120.8,7,658049.893,1159433.411,10.48531000,76.44417100,0.073,-0.918,8.0,1.6,0.5,4.3,1635,1100,RTK FIXED
39.194,071036.40,10.48530400,76.44415900,10.48530400,76.44415900,658048.763,1159432.418,108.10,658048.763,1159432.418,120.8,7,658049.893,1159433.411,10.48531000,76.44417100,0.073,-0.918,8.0,1.6,0.0,4.3,1635,1100,RTK FIXED
39.247,071036.40,10.48530400,76.44415900,10.48530400,76.44415900,658048.763,1159432.418,108.10,658048.763,1159432.418,120.8,7,658049.893,1159433.411,10.48531000,76.44417100,0.073,-0.918,8.0,1.6,-0.5,4.2,1635,1100,RTK FIXED
39.294,071036.40,10.48530400,76.44415900,10.48530400,76.44415900,658048.763,1159432.418,108.10,658048.763,1159432.418,120.8,7,658049.893,1159433.411,10.48531000,76.44417100,0.073,-0.918,8.0,1.6,0.0,3.7,1635,1100,RTK FIXED
39.347,071036.40,10.48530400,76.44415900,10.48530400,76.44415900,658048.763,1159432.418,108.10,658048.763,1159432.418,120.8,7,658049.893,1159433.411,10.48531000,76.44417100,0.073,-0.918,8.0,1.6,0.5,3.8,1635,1100,RTK FIXED
39.394,071036.60,10.48530400,76.44415900,10.48530400,76.44415900,658048.763,1159432.418,108.10,658048.763,1159432.418,120.8,7,658049.893,1159433.411,10.48531000,76.44417100,0.073,-0.921,8.0,1.6,-0.5,3.7,1635,1100,RTK FIXED
39.447,071036.60,10.48530400,76.44415900,10.48530400,76.44415900,658048.763,1159432.418,108.10,658048.763,1159432.418,120.8,7,658049.893,1159433.411,10.48531000,76.44417100,0.073,-0.921,8.0,1.6,0.5,3.8,1635,1100,RTK FIXED
39.494,071036.60,10.48530400,76.44415900,10.48530400,76.44415900,658048.763,1159432.418,108.10,658048.763,1159432.418,120.8,7,658049.893,1159433.411,10.48531000,76.44417100,0.073,-0.921,8.0,1.6,0.0,3.7,1635,1100,RTK FIXED
39.548,071036.60,10.48530400,76.44415900,10.48530400,76.44415900,658048.763,1159432.418,108.10,658048.763,1159432.418,120.8,7,658049.893,1159433.411,10.48531000,76.44417100,0.073,-0.921,8.0,1.6,-0.5,3.7,1635,1100,RTK FIXED
39.594,071036.60,10.48530400,76.44415900,10.48530400,76.44415900,658048.763,1159432.418,108.10,658048.763,1159432.418,120.8,7,658049.893,1159433.411,10.48531000,76.44417100,0.073,-0.921,8.0,1.6,0.0,3.8,1635,1100,RTK FIXED
39.650,071036.80,10.48530400,76.44415900,10.48530400,76.44415900,658048.763,1159432.418,108.10,658048.763,1159432.418,120.8,7,658049.893,1159433.411,10.48531000,76.44417100,0.073,-0.923,8.0,1.6,0.0,3.5,1635,1100,RTK FIXED
39.702,071036.80,10.48530400,76.44415900,10.48530400,76.44415900,658048.763,1159432.418,108.10,658048.763,1159432.418,120.8,7,658049.893,1159433.411,10.48531000,76.44417100,0.073,-0.923,8.0,1.6,0.0,3.4,1635,1100,RTK FIXED
39.747,071036.80,10.48530400,76.44415900,10.48530400,76.44415900,658048.763,1159432.418,108.10,658048.763,1159432.418,120.8,7,658049.893,1159433.411,10.48531000,76.44417100,0.073,-0.923,8.0,1.6,0.6,3.9,1635,1100,RTK FIXED
39.802,071036.80,10.48530400,76.44415900,10.48530400,76.44415900,658048.763,1159432.418,108.10,658048.763,1159432.418,120.8,7,658049.893,1159433.411,10.48531000,76.44417100,0.073,-0.923,8.0,1.6,-0.5,3.2,1635,1100,RTK FIXED
39.849,071037.00,10.48530400,76.44415900,10.48530400,76.44415900,658048.763,1159432.418,108.10,658048.763,1159432.418,116.3,7,658049.893,1159433.411,10.48531000,76.44417100,0.073,-0.890,8.0,1.6,0.0,3.3,1635,1100,RTK FIXED
39.902,071037.00,10.48530400,76.44415900,10.48530400,76.44415900,658048.763,1159432.418,108.10,658048.763,1159432.418,116.3,7,658049.893,1159433.411,10.48531000,76.44417100,0.073,-0.890,8.0,1.6,0.5,3.3,1635,1100,RTK FIXED
39.947,071037.00,10.48530400,76.44415900,10.48530400,76.44415900,658048.763,1159432.418,108.10,658048.763,1159432.418,116.3,7,658049.893,1159433.411,10.48531000,76.44417100,0.073,-0.890,8.0,1.6,0.0,2.8,1635,1100,RTK FIXED
40.002,071037.00,10.48530400,76.44415900,10.48530400,76.44415900,658048.763,1159432.418,108.10,658048.763,1159432.418,116.3,7,658049.893,1159433.411,10.48531000,76.44417100,0.073,-0.890,8.0,1.6,-0.5,3.2,1635,1100,RTK FIXED
40.049,071037.20,10.48530500,76.44415900,10.48530440,76.44415900,658048.737,1159432.516,108.10,658048.752,1159432.457,116.3,7,658049.893,1159433.411,10.48531000,76.44417100,0.073,-0.888,8.0,1.6,0.0,2.7,1635,1100,RTK FIXED
40.102,071037.20,10.48530500,76.44415900,10.48530464,76.44415900,658048.737,1159432.516,108.10,658048.746,1159432.480,116.3,7,658049.893,1159433.411,10.48531000,76.44417100,0.073,-0.888,8.0,1.6,0.5,2.8,1635,1100,RTK FIXED
40.148,071037.40,10.48530500,76.44415900,10.48530478,76.44415900,658048.737,1159432.516,108.10,658048.742,1159432.495,116.3,7,658049.893,1159433.411,10.48531000,76.44417100,0.073,-0.891,8.0,1.6,-0.5,3.3,1635,1100,RTK FIXED
40.202,071037.40,10.48530500,76.44415900,10.48530487,76.44415900,658048.737,1159432.516,108.10,658048.740,1159432.503,116.3,7,658049.893,1159433.411,10.48531000,76.44417100,0.073,-0.891,8.0,1.6,0.0,2.8,1635,1100,RTK FIXED
40.256,071037.40,10.48530500,76.44415900,10.48530492,76.44415900,658048.737,1159432.516,108.10,658048.739,1159432.508,116.3,7,658049.893,1159433.411,10.48531000,76.44417100,0.073,-0.891,8.0,1.6,0.5,2.8,1635,1100,RTK FIXED
40.303,071037.40,10.48530500,76.44415900,10.48530495,76.44415900,658048.737,1159432.516,108.10,658048.738,1159432.511,116.3,7,658049.893,1159433.411,10.48531000,76.44417100,0.073,-0.891,8.0,1.6,-0.5,2.7,1635,1100,RTK FIXED
40.356,071037.40,10.48530500,76.44415900,10.48530497,76.44415900,658048.737,1159432.516,108.10,658048.737,1159432.513,116.3,7,658049.893,1159433.411,10.48531000,76.44417100,0.073,-0.891,8.0,1.6,0.5,2.4,1635,1100,RTK FIXED
40.403,071037.60,10.48530500,76.44415900,10.48530498,76.44415900,658048.737,1159432.516,108.10,658048.737,1159432.514,112.9,7,658049.893,1159433.411,10.48531000,76.44417100,0.094,-0.867,10.0,2.0,-0.5,2.7,2047,1100,RTK FIXED
40.456,071037.60,10.48530500,76.44415900,10.48530499,76.44415900,658048.737,1159432.516,108.10,658048.737,1159432.515,112.9,7,658049.893,1159433.411,10.48531000,76.44417100,0.094,-0.867,10.0,2.0,0.0,2.3,2047,1100,RTK FIXED
40.502,071037.60,10.48530500,76.44415900,10.48530499,76.44415900,658048.737,1159432.516,108.10,658048.737,1159432.515,112.9,7,658049.893,1159433.411,10.48531000,76.44417100,0.094,-0.867,10.0,2.0,0.5,2.7,2047,1100,RTK FIXED
40.556,071037.60,10.48530500,76.44415900,10.48530500,76.44415900,658048.737,1159432.516,108.10,658048.737,1159432.515,112.9,7,658049.893,1159433.411,10.48531000,76.44417100,0.094,-0.867,10.0,2.0,-0.5,1.9,2047,1100,RTK FIXED
40.603,071037.60,10.48530500,76.44415900,10.48530500,76.44415900,658048.737,1159432.516,108.10,658048.737,1159432.515,112.9,7,658049.893,1159433.411,10.48531000,76.44417100,0.094,-0.867,10.0,2.0,0.5,2.7,2047,1100,RTK FIXED
40.657,071037.80,10.48530500,76.44415900,10.48530500,76.44415900,658048.716,1159432.507,108.00,658048.729,1159432.512,112.9,7,658049.893,1159433.411,10.48531000,76.44417100,0.094,-0.863,10.0,2.0,0.0,2.3,2047,1100,RTK FIXED
40.702,071037.80,10.48530500,76.44415900,10.48530500,76.44415900,658048.716,1159432.507,108.00,658048.724,1159432.510,112.9,7,658049.893,1159433.411,10.48531000,76.44417100,0.094,-0.863,10.0,2.0,0.0,2.8,2047,1100,RTK FIXED
40.757,071037.80,10.48530500,76.44415900,10.48530500,76.44415900,658048.716,1159432.507,108.00,658048.721,1159432.509,112.9,7,658049.893,1159433.411,10.48531000,76.44417100,0.094,-0.863,10.0,2.0,0.0,1.8,2047,1100,RTK FIXED
40.810,071037.80,10.48530500,76.44415900,10.48530500,76.44415900,658048.716,1159432.507,108.00,658048.719,1159432.508,112.9,7,658049.893,1159433.411,10.48531000,76.44417100,0.094,-0.863,10.0,2.0,0.0,1.9,2047,1100,RTK FIXED
40.857,071038.00,10.48530500,76.44416000,10.48530500,76.44415940,658048.826,1159432.508,108.00,658048.762,1159432.508,112.9,7,658049.893,1159433.411,10.48531000,76.44417100,0.094,-0.859,10.0,2.0,-0.5,2.6,2047,1100,RTK FIXED
40.910,071038.00,10.48530500,76.44416000,10.48530500,76.44415964,658048.826,1159432.508,108.00,658048.787,1159432.508,112.9,7,658049.893,1159433.411,10.48531000,76.44417100,0.094,-0.859,10.0,2.0,0.0,1.9,2047,1100,RTK FIXED
40.957,071038.00,10.48530500,76.44416000,10.48530500,76.44415978,658048.826,1159432.508,108.00,658048.803,1159432.508,112.9,7,658049.893,1159433.411,10.48531000,76.44417100,0.094,-0.859,10.0,2.0,0.5,2.2,2047,1100,RTK FIXED
41.011,071038.20,10.48530600,76.44416000,10.48530540,76.44415987,658048.825,1159432.618,108.00,658048.812,1159432.552,112.9,7,658049.893,1159433.411,10.48531000,76.44417100,0.094,-0.861,10.0,2.0,0.0,1.8,2047,1100,RTK FIXED
41.057,071038.20,10.48530600,76.44416000,10.48530564,76.44415992,658048.825,1159432.618,108.00,658048.817,1159432.578,112.9,7,658049.893,1159433.411,10.48531000,76.44417100,0.094,-0.861,10.0,2.0,0.0,2.2,2047,1100,RTK FIXED
41.111,071038.20,10.48530600,76.44416000,10.48530578,76.44415995,658048.825,1159432.618,108.00,658048.821,1159432.594,112.9,7,658049.893,1159433.411,10.48531000,76.44417100,0.094,-0.861,10.0,2.0,0.0,1.9,2047,1100,RTK FIXED
41.157,071038.20,10.48530600,76.44416000,10.48530587,76.44415997,658048.825,1159432.618,108.00,658048.823,1159432.604,112.9,7,658049.893,1159433.411,10.48531000,76.44417100,0.094,-0.861,10.0,2.0,-0.5,1.6,2047,1100,RTK FIXED
41.212,071038.40,10.48530600,76.44416000,10.48530592,76.44415998,658048.825,1159432.618,108.00,658048.824,1159432.610,95.0,7,658049.893,1159433.411,10.48531000,76.44417100,0.198,-0.721,10.0,2.0,0.0,2.3,2047,1100,RTK FIXED
41.264,071038.40,10.48530600,76.44416000,10.48530595,76.44415999,658048.825,1159432.618,108.00,658048.824,1159432.613,95.0,7,658049.893,1159433.411,10.48531000,76.44417100,0.198,-0.721,10.0,2.0,0.0,2.4,2047,1100,RTK FIXED
41.311,071038.40,10.48530600,76.44416000,10.48530597,76.44415999,658048.825,1159432.618,108.00,658048.825,1159432.615,95.0,7,658049.893,1159433.411,10.48531000,76.44417100,0.198,-0.721,10.0,2.0,0.5,1.6,2047,1100,RTK FIXED
41.365,071038.40,10.48530600,76.44416000,10.48530598,76.44416000,658048.825,1159432.618,108.00,658048.825,1159432.616,95.0,7,658049.893,1159433.411,10.48531000,76.44417100,0.198,-0.721,10.0,2.0,0.0,2.4,2047,1100,RTK FIXED
41.411,071038.40,10.48530600,76.44416000,10.48530599,76.44416000,658048.825,1159432.618,108.00,658048.825,1159432.617,95.0,7,658049.893,1159433.411,10.48531000,76.44417100,0.198,-0.721,10.0,2.0,-0.5,2.1,2047,1100,RTK FIXED
41.465,071038.60,10.48530600,76.44416000,10.48530599,76.44416000,658048.713,1159432.593,108.10,658048.780,1159432.608,95.0,7,658049.893,1159433.411,10.48531000,76.44417100,0.198,-0.690,10.0,2.0,0.0,1.8,2047,1100,RTK FIXED
41.511,071038.60,10.48530600,76.44416000,10.48530600,76.44416000,658048.713,1159432.593,108.10,658048.753,1159432.602,95.0,7,658049.893,1159433.411,10.48531000,76.44417100,0.198,-0.690,10.0,2.0,0.5,2.2,2047,1100,RTK FIXED
41.565,071038.60,10.48530600,76.44416000,10.48530600,76.44416000,658048.713,1159432.593,108.10,658048.737,1159432.598,95.0,7,658049.893,1159433.411,10.48531000,76.44417100,0.198,-0.690,10.0,2.0,0.0,2.3,2047,1100,RTK FIXED
41.611,071038.60,10.48530600,76.44416000,10.48530600,76.44416000,658048.713,1159432.593,108.10,658048.727,1159432.596,95.0,7,658049.893,1159433.411,10.48531000,76.44417100,0.198,-0.690,10.0,2.0,-0.5,2.2,2047,1100,RTK FIXED
41.665,071038.60,10.48530600,76.44416000,10.48530600,76.44416000,658048.713,1159432.593,108.10,658048.721,1159432.595,95.0,7,658049.893,1159433.411,10.48531000,76.44417100,0.198,-0.690,10.0,2.0,0.5,2.3,2047,1100,RTK FIXED
41.712,071038.80,10.48530600,76.44416100,10.48530600,76.44416040,658048.822,1159432.594,108.00,658048.762,1159432.595,95.0,7,658049.893,1159433.411,10.48531000,76.44417100,0.198,-0.680,10.0,2.0,-0.5,2.2,2047,1100,RTK FIXED
41.765,071038.80,10.48530600,76.44416100,10.48530600,76.44416064,658048.822,1159432.594,108.00,658048.786,1159432.594,95.0,7,658049.893,1159433.411,10.48531000,76.44417100,0.198,-0.680,10.0,2.0,0.0,2.3,2047,1100,RTK FIXED
41.811,071038.80,10.48530600,76.44416100,10.48530600,76.44416078,658048.822,1159432.594,108.00,658048.800,1159432.594,95.0,7,658049.893,1159433.411,10.48531000,76.44417100,0.198,-0.680,10.0,2.0,0.5,1.6,2047,1100,RTK FIXED
41.866,071039.00,10.48530600,76.44416100,10.48530600,76.44416087,658048.822,1159432.594,108.00,658048.809,1159432.594,95.0,7,658049.893,1159433.411,10.48531000,76.44417100,0.198,-0.677,10.0,2.0,0.0,2.3,2047,1100,RTK FIXED
41.919,071039.00,10.48530600,76.44416100,10.48530600,76.44416092,658048.822,1159432.594,108.00,658048.814,1159432.594,95.0,7,658049.893,1159433.411,10.48531000,76.44417100,0.198,-0.677,10.0,2.0,0.0,2.3,2047,1100,RTK FIXED
41.967,071039.00,10.48530600,76.44416100,10.48530600,76.44416095,658048.822,1159432.594,108.00,658048.817,1159432.594,95.0,7,658049.893,1159433.411,10.48531000,76.44417100,0.198,-0.677,10.0,2.0,0.0,2.1,2047,1100,RTK FIXED
42.019,071039.20,10.48530600,76.44416200,10.48530600,76.44416137,658048.931,1159432.594,108.00,658048.863,1159432.594,95.0,7,658049.893,1159433.411,10.48531000,76.44417100,0.198,-0.672,10.0,2.0,-0.5,2.4,2047,1100,RTK FIXED
42.066,071039.20,10.48530600,76.44416200,10.48530600,76.44416162,658048.931,1159432.594,108.00,658048.890,1159432.594,95.0,7,658049.893,1159433.411,10.48531000,76.44417100,0.198,-0.672,10.0,2.0,0.5,2.2,2047,1100,RTK FIXED
42.119,071039.20,10.48530600,76.44416200,10.48530600,76.44416177,658048.931,1159432.594,108.00,658048.907,1159432.594,95.0,7,658049.893,1159433.411,10.48531000,76.44417100,0.198,-0.672,10.0,2.0,-0.5,2.3,2047,1100,RTK FIXED
42.166,071039.40,10.48530700,76.44416200,10.48530640,76.44416186,658048.931,1159432.705,108.00,658048.916,1159432.638,77.7,7,658049.893,1159433.411,10.48531000,76.44417100,0.281,-0.544,10.0,2.6,0.5,2.1,2047,1100,RTK FIXED
42.219,071039.40,10.48530700,76.44416200,10.48530664,76.44416192,658048.931,1159432.705,108.00,658048.922,1159432.665,77.7,7,658049.893,1159433.411,10.48531000,76.44417100,0.281,-0.544,10.0,2.6,0.0,2.4,2047,1100,RTK FIXED
42.274,071039.40,10.48530700,76.44416200,10.48530678,76.44416195,658048.931,1159432.705,108.00,658048.926,1159432.681,77.7,7,658049.893,1159433.411,10.48531000,76.44417100,0.281,-0.544,10.0,2.6,0.0,2.3,2047,1100,RTK FIXED
42.319,071039.40,10.48530700,76.44416200,10.48530687,76.44416197,658048.931,1159432.705,108.00,658048.928,1159432.691,77.7,7,658049.893,1159433.411,10.48531000,76.44417100,0.281,-0.544,10.0,2.6,-0.5,2.7,2047,1100,RTK FIXED
42.375,071039.40,10.48530700,76.44416200,10.48530692,76.44416198,658048.931,1159432.705,108.00,658048.929,1159432.696,77.7,7,658049.893,1159433.411,10.48531000,76.44417100,0.281,-0.544,10.0,2.6,0.0,2.3,2047,1100,RTK FIXED
42.420,071039.60,10.48530700,76.44416200,10.48530695,76.44416199,658048.820,1159432.715,108.00,658048.885,1159432.704,77.7,7,658049.893,1159433.411,10.48531000,76.44417100,0.281,-0.519,10.0,2.9,0.5,2.1,2047,1100,RTK FIXED
42.474,071039.60,10.48530700,76.44416200,10.48530697,76.44416199,658048.820,1159432.715,108.00,658048.859,1159432.708,77.7,7,658049.893,1159433.411,10.48531000,76.44417100,0.281,-0.519,10.0,2.9,0.0,2.3,2047,1100,RTK FIXED
42.519,071039.60,10.48530700,76.44416200,10.48530698,76.44416200,658048.820,1159432.715,108.00,658048.844,1159432.711,77.7,7,658049.893,1159433.411,10.48531000,76.44417100,0.281,-0.519,10.0,2.9,-0.6,2.2,2047,1100,RTK FIXED
42.573,071039.60,10.48530700,76.44416200,10.48530699,76.44416200,658048.820,1159432.715,108.00,658048.834,1159432.713,77.7,7,658049.893,1159433.411,10.48531000,76.44417100,0.281,-0.519,10.0,2.9,0.0,2.3,2047,1100,RTK FIXED
42.619,071039.60,10.48530700,76.44416200,10.48530699,76.44416200,658048.820,1159432.715,108.00,658048.829,1159432.714,77.7,7,658049.893,1159433.411,10.48531000,76.44417100,0.281,-0.519,10.0,2.9,0.5,2.7,2047,1100,RTK FIXED
42.674,071039.80,10.48530700,76.44416300,10.48530700,76.44416240,658048.930,1159432.716,108.00,658048.869,1159432.714,77.7,7,658049.893,1159433.411,10.48531000,76.44417100,0.281,-0.512,10.0,2.9,0.0,2.3,2047,1100,RTK FIXED
42.719,071039.80,10.48530700,76.44416300,10.48530700,76.44416264,658048.930,1159432.716,108.00,658048.893,1159432.715,77.7,7,658049.893,1159433.411,10.48531000,76.44417100,0.281,-0.512,10.0,2.9,-0.6,2.8,2047,1100,RTK FIXED
42.774,071039.80,10.48530700,76.44416300,10.48530700,76.44416278,658048.930,1159432.716,108.00,658048.908,1159432.715,77.7,7,658049.893,1159433.411,10.48531000,76.44417100,0.281,-0.512,10.0,2.9,0.0,2.3,2047,1100,RTK FIXED
42.828,071039.80,10.48530700,76.44416300,10.48530700,76.44416287,658048.930,1159432.716,108.00,658048.916,1159432.715,77.7,7,658049.893,1159433.411,10.48531000,76.44417100,0.281,-0.512,10.0,2.9,0.0,2.3,2047,1100,RTK FIXED
42.874,071040.00,10.48530700,76.44416300,10.48530700,76.44416292,658048.930,1159432.716,108.00,658048.922,1159432.715,77.7,7,658049.893,1159433.411,10.48531000,76.44417100,0.281,-0.510,10.0,2.9,0.5,2.7,2047,1100,RTK FIXED
42.927,071040.00,10.48530700,76.44416300,10.48530700,76.44416295,658048.930,1159432.716,108.00,658048.925,1159432.715,77.7,7,658049.893,1159433.411,10.48531000,76.44417100,0.281,-0.510,10.0,2.9,0.0,2.4,2047,1100,RTK FIXED
42.974,071040.00,10.48530700,76.44416300,10.48530700,76.44416297,658048.930,1159432.716,108.00,658048.927,1159432.716,77.7,7,658049.893,1159433.411,10.48531000,76.44417100,0.281,-0.510,10.0,2.9,0.0,2.7,2047,1100,RTK FIXED
43.028,071040.00,10.48530700,76.44416300,10.48530700,76.44416298,658048.930,1159432.716,108.00,658048.928,1159432.716,77.7,7,658049.893,1159433.411,10.48531000,76.44417100,0.281,-0.510,10.0,2.9,0.0,2.8,2047,1100,RTK FIXED
43.074,071040.00,10.48530700,76.44416300,10.48530700,76.44416299,658048.930,1159432.716,108.00,658048.929,1159432.716,77.7,7,658049.893,1159433.411,10.48531000,76.44417100,0.281,-0.510,10.0,2.9,-0.5,2.7,2047,1100,RTK FIXED
43.128,071040.20,10.48530600,76.44416300,10.48530660,76.44416299,658048.930,1159432.605,108.00,658048.929,1159432.671,77.7,7,658049.893,1159433.411,10.48531000,76.44417100,0.281,-0.504,10.0,3.0,0.0,2.3,2047,1100,RTK FIXED
43.174,071040.20,10.48530600,76.44416300,10.48530636,76.44416300,658048.930,1159432.605,108.00,658048.930,1159432.645,77.7,7,658049.893,1159433.411,10.48531000,76.44417100,0.281,-0.504,10.0,3.0,0.5,2.2,2047,1100,RTK FIXED
43.228,071040.20,10.48530600,76.44416300,10.48530622,76.44416300,658048.930,1159432.605,108.00,658048.930,1159432.629,77.7,7,658049.893,1159433.411,10.48531000,76.44417100,0.281,-0.504,10.0,3.0,0.0,2.3,2047,1100,RTK FIXED
43.275,071040.40,10.48530600,76.44416400,10.48530613,76.44416340,658049.040,1159432.605,108.00,658048.974,1159432.619,77.7,7,658049.893,1159433.411,10.48531000,76.44417100,0.281,-0.495,10.0,3.1,-0.5,2.7,2047,1100,RTK FIXED
43.328,071040.40,10.48530600,76.44416400,10.48530608,76.44416364,658049.040,1159432.605,108.00,658049.000,1159432.614,77.7,7,658049.893,1159433.411,10.48531000,76.44417100,0.281,-0.495,10.0,3.1,0.0,1.9,2047,1100,RTK FIXED
43.382,071040.40,10.48530600,76.44416400,10.48530605,76.44416378,658049.040,1159432.605,108.00,658049.016,1159432.611,77.7,7,658049.893,1159433.411,10.48531000,76.44417100,0.281,-0.495,10.0,3.1,0.0,2.3,2047,1100,RTK FIXED
43.428,071040.40,10.48530600,76.44416400,10.48530603,76.44416387,658049.040,1159432.605,108.00,658049.025,1159432.609,77.7,7,658049.893,1159433.411,10.48531000,76.44417100,0.281,-0.495,10.0,3.1,0.5,2.2,2047,1100,RTK FIXED
43.483,071040.60,10.48530600,76.44416400,10.48530602,76.44416392,658049.040,1159432.605,108.00,658049.031,1159432.607,52.6,7,658049.893,1159433.411,10.48531000,76.44417100,0.354,-0.272,10.0,6.3,0.0,2.3,2047,1279,RTK FIXED
43.528,071040.60,10.48530600,76.44416400,10.48530601,76.44416395,658049.040,1159432.605,108.00,658049.034,1159432.607,52.6,7,658049.893,1159433.411,10.48531000,76.44417100,0.354,-0.272,10.0,6.3,-0.5,2.2,2047,1279,RTK FIXED
43.582,071040.60,10.48530600,76.44416400,10.48530601,76.44416397,658049.040,1159432.605,108.00,658049.036,1159432.606,52.6,7,658049.893,1159433.411,10.48531000,76.44417100,0.354,-0.272,10.0,6.3,0.0,3.2,2047,1279,RTK FIXED
43.629,071040.80,10.48530600,76.44416400,10.48530600,76.44416398,658048.896,1159432.677,108.00,658048.980,1159432.634,52.6,7,658049.893,1159433.411,10.48531000,76.44417100,0.354,-0.223,10.0,6.8,0.5,4.3,2047,1397,RTK FIXED
43.683,071040.80,10.48530600,76.44416400,10.48530600,76.44416399,658048.896,1159432.677,108.00,658048.946,1159432.652,52.6,7,658049.893,1159433.411,10.48531000,76.44417100,0.354,-0.223,10.0,6.8,0.0,5.5,2047,1397,RTK FIXED
43.729,071040.80,10.48530600,76.44416400,10.48530600,76.44416399,658048.896,1159432.677,108.00,658048.926,1159432.662,52.6,7,658049.893,1159433.411,10.48531000,76.44417100,0.354,-0.223,10.0,6.8,-0.5,6.5,2047,1397,RTK FIXED
43.782,071040.80,10.48530600,76.44416400,10.48530600,76.44416400,658048.896,1159432.677,108.00,658048.914,1159432.668,52.6,7,658049.893,1159433.411,10.48531000,76.44417100,0.354,-0.223,10.0,6.8,0.0,6.5,2047,1397,RTK FIXED
43.830,071040.80,10.48530600,76.44416400,10.48530600,76.44416400,658048.896,1159432.677,108.00,658048.907,1159432.672,52.6,7,658049.893,1159433.411,10.48531000,76.44417100,0.354,-0.223,10.0,6.8,0.5,7.4,2047,1397,RTK FIXED
43.883,071041.00,10.48530600,76.44416500,10.48530600,76.44416440,658049.005,1159432.678,108.00,658048.946,1159432.674,52.6,7,658049.893,1159433.411,10.48531000,76.44417100,0.354,-0.210,10.0,7.0,0.0,7.5,2047,1428,RTK FIXED
43.929,071041.00,10.48530600,76.44416500,10.48530600,76.44416464,658049.005,1159432.678,108.00,658048.970,1159432.675,52.6,7,658049.893,1159433.411,10.48531000,76.44417100,0.354,-0.210,10.0,7.0,0.0,8.7,2047,1428,RTK FIXED
43.983,071041.00,10.48530600,76.44416500,10.48530600,76.44416478,658049.005,1159432.678,108.00,658048.984,1159432.676,52.6,7,658049.893,1159433.411,10.48531000,76.44417100,0.354,-0.210,10.0,7.0,0.0,7.9,2047,1428,RTK FIXED
44.037,071041.00,10.48530600,76.44416500,10.48530600,76.44416487,658049.005,1159432.678,108.00,658048.992,1159432.677,52.6,7,658049.893,1159433.411,10.48531000,76.44417100,0.354,-0.210,10.0,7.0,0.0,8.4,2047,1428,RTK FIXED
44.083,071041.00,10.48530600,76.44416500,10.48530600,76.44416492,658049.005,1159432.678,108.00,658048.997,1159432.677,52.6,7,658049.893,1159433.411,10.48531000,76.44417100,0.354,-0.210,10.0,7.0,-0.5,8.1,2047,1428,RTK FIXED
44.137,071041.20,10.48530600,76.44416500,10.48530600,76.44416495,658049.005,1159432.678,108.00,658049.000,1159432.677,52.6,7,658049.893,1159433.411,10.48531000,76.44417100,0.354,-0.207,10.0,7.0,0.0,8.3,2047,1437,RTK FIXED
44.183,071041.20,10.48530600,76.44416500,10.48530600,76.44416497,658049.005,1159432.678,108.00,658049.002,1159432.677,52.6,7,658049.893,1159433.411,10.48531000,76.44417100,0.354,-0.207,10.0,7.0,0.5,8.8,2047,1437,RTK FIXED
44.237,071041.40,10.48530600,76.44416500,10.48530600,76.44416498,658049.005,1159432.678,108.00,658049.003,1159432.677,52.6,7,658049.893,1159433.411,10.48531000,76.44417100,0.354,-0.206,10.0,7.0,0.0,9.2,2047,1439,RTK FIXED
44.283,071041.40,10.48530600,76.44416500,10.48530600,76.44416499,658049.005,1159432.678,108.00,658049.004,1159432.677,52.6,7,658049.893,1159433.411,10.48531000,76.44417100,0.354,-0.206,10.0,7.0,-0.5,8.8,2047,1439,RTK FIXED
44.337,071041.40,10.48530600,76.44416500,10.48530600,76.44416499,658049.005,1159432.678,108.00,658049.004,1159432.678,52.6,7,658049.893,1159433.411,10.48531000,76.44417100,0.354,-0.206,10.0,7.0,0.0,8.4,2047,1439,RTK FIXED
44.383,071041.60,10.48530500,76.44416600,10.48530560,76.44416540,658049.115,1159432.567,108.00,658049.049,1159432.633,52.6,7,658049.893,1159433.411,10.48531000,76.44417100,0.354,-0.196,10.0,7.2,0.5,9.1,2047,1464,RTK FIXED
44.436,071041.60,10.48530500,76.44416600,10.48530536,76.44416564,658049.115,1159432.567,108.00,658049.075,1159432.607,52.6,7,658049.893,1159433.411,10.48531000,76.44417100,0.354,-0.196,10.0,7.2,-0.5,9.0,2047,1464,RTK FIXED
44.483,071041.60,10.48530500,76.44416600,10.48530522,76.44416578,658049.115,1159432.567,108.00,658049.091,1159432.591,52.6,7,658049.893,1159433.411,10.48531000,76.44417100,0.354,-0.196,10.0,7.2,0.5,9.1,2047,1464,RTK FIXED
44.537,071041.60,10.48530500,76.44416600,10.48530513,76.44416587,658049.115,1159432.567,108.00,658049.101,1159432.582,52.6,7,658049.893,1159433.411,10.48531000,76.44417100,0.354,-0.196,10.0,7.2,0.0,8.4,2047,1464,RTK FIXED
44.590,071041.60,10.48530500,76.44416600,10.48530508,76.44416592,658049.115,1159432.567,108.00,658049.106,1159432.576,52.6,7,658049.893,1159433.411,10.48531000,76.44417100,0.354,-0.196,10.0,7.2,-0.5,9.4,2047,1464,RTK FIXED
44.637,071041.80,10.48530500,76.44416600,10.48530505,76.44416595,658049.115,1159432.567,108.00,658049.110,1159432.573,52.6,7,658049.893,1159433.411,10.48531000,76.44417100,0.354,-0.188,10.0,7.3,0.5,9.0,2047,1485,RTK FIXED
44.691,071041.80,10.48530500,76.44416600,10.48530503,76.44416597,658049.115,1159432.567,108.00,658049.112,1159432.571,52.6,7,658049.893,1159433.411,10.48531000,76.44417100,0.354,-0.188,10.0,7.3,0.0,9.3,2047,1485,RTK FIXED
44.737,071041.80,10.48530500,76.44416600,10.48530502,76.44416598,658049.115,1159432.567,108.00,658049.113,1159432.569,52.6,7,658049.893,1159433.411,10.48531000,76.44417100,0.354,-0.188,10.0,7.3,-0.5,9.2,2047,1485,RTK FIXED
44.791,071041.80,10.48530500,76.44416600,10.48530501,76.44416599,658049.115,1159432.567,108.00,658049.114,1159432.569,52.6,7,658049.893,1159433.411,10.48531000,76.44417100,0.354,-0.188,10.0,7.3,0.0,9.3,2047,1485,RTK FIXED
44.838,071042.00,10.48530500,76.44416600,10.48530501,76.44416599,658049.115,1159432.567,108.00,658049.114,1159432.568,30.6,7,658049.893,1159433.411,10.48531000,76.44417100,0.365,-0.010,10.0,9.8,0.5,9.7,2047,1935,RTK FIXED
44.891,071042.00,10.48530500,76.44416600,10.48530500,76.44416600,658049.115,1159432.567,108.00,658049.115,1159432.568,30.6,7,658049.893,1159433.411,10.48531000,76.44417100,0.365,-0.010,10.0,9.8,-0.5,9.8,2047,2014,RTK FIXED
44.938,071042.00,10.48530500,76.44416600,10.48530500,76.44416600,658049.115,1159432.567,108.00,658049.115,1159432.568,30.6,7,658049.893,1159433.411,10.48531000,76.44417100,0.365,-0.010,10.0,9.8,0.5,9.7,2047,2014,RTK FIXED
44.991,071042.20,10.48530500,76.44416600,10.48530500,76.44416600,658049.024,1159432.676,108.00,658049.079,1159432.611,30.6,7,658049.893,1159433.411,10.48531000,76.44417100,0.365,0.031,9.5,10.0,0.0,10.3,1946,2047,RTK FIXED
45.038,071042.20,10.48530500,76.44416600,10.48530500,76.44416600,658049.024,1159432.676,108.00,658049.057,1159432.637,30.6,7,658049.893,1159433.411,10.48531000,76.44417100,0.365,0.031,9.5,10.0,-0.5,10.2,1946,2047,RTK FIXED
45.090,071042.20,10.48530500,76.44416600,10.48530500,76.44416600,658049.024,1159432.676,108.00,658049.044,1159432.652,30.6,7,658049.893,1159433.411,10.48531000,76.44417100,0.365,0.031,9.5,10.0,0.5,12.8,1946,2047,RTK FIXED
45.138,071042.20,10.48530500,76.44416600,10.48530500,76.44416600,658049.024,1159432.676,108.00,658049.036,1159432.662,30.6,7,658049.893,1159433.411,10.48531000,76.44417100,0.365,0.031,9.5,10.0,0.0,13.9,1946,2047,RTK FIXED
45.192,071042.40,10.48530500,76.44416700,10.48530500,76.44416640,658049.134,1159432.676,108.00,658049.075,1159432.667,30.6,7,658049.893,1159433.411,10.48531000,76.44417100,0.365,0.041,9.3,10.0,-0.5,13.3,1913,2047,RTK FIXED
45.245,071042.40,10.48530500,76.44416700,10.48530500,76.44416664,658049.134,1159432.676,108.00,658049.098,1159432.671,30.6,7,658049.893,1159433.411,10.48531000,76.44417100,0.365,0.041,9.3,10.0,0.5,15.8,1913,2047,RTK FIXED
45.291,071042.40,10.48530500,76.44416700,10.48530500,76.44416678,658049.134,1159432.676,108.00,658049.113,1159432.673,30.6,7,658049.893,1159433.411,10.48531000,76.44417100,0.365,0.041,9.3,10.0,0.0,16.5,1913,2047,RTK FIXED
45.345,071042.40,10.48530500,76.44416700,10.48530500,76.44416687,658049.134,1159432.676,108.00,658049.121,1159432.674,30.6,7,658049.893,1159433.411,10.48531000,76.44417100,0.365,0.041,9.3,10.0,0.0,17.4,1913,2047,RTK FIXED
45.392,071042.60,10.48530500,76.44416700,10.48530500,76.44416692,658049.134,1159432.676,108.00,658049.126,1159432.675,30.6,7,658049.893,1159433.411,10.48531000,76.44417100,0.365,0.044,9.3,10.0,-0.5,15.6,1903,2047,RTK FIXED
45.446,071042.60,10.48530500,76.44416700,10.48530500,76.44416695,658049.134,1159432.676,108.00,658049.129,1159432.675,30.6,7,658049.893,1159433.411,10.48531000,76.44417100,0.365,0.044,9.3,10.0,0.0,18.1,1903,2047,RTK FIXED
45.491,071042.60,10.48530500,76.44416700,10.48530500,76.44416697,658049.134,1159432.676,108.00,658049.131,1159432.676,30.6,7,658049.893,1159433.411,10.48531000,76.44417100,0.365,0.044,9.3,10.0,0.0,17.7,1903,2047,RTK FIXED
45.546,071042.60,10.48530500,76.44416700,10.48530500,76.44416698,658049.134,1159432.676,108.00,658049.132,1159432.676,30.6,7,658049.893,1159433.411,10.48531000,76.44417100,0.365,0.044,9.3,10.0,0.0,18.3,1903,2047,RTK FIXED
45.591,071042.60,10.48530500,76.44416700,10.48530500,76.44416699,658049.134,1159432.676,108.00,658049.133,1159432.676,30.6,7,658049.893,1159433.411,10.48531000,76.44417100,0.365,0.044,9.3,10.0,0.0,17.6,1903,2047,RTK FIXED
45.646,071042.80,10.48530400,76.44416700,10.48530460,76.44416699,658049.134,1159432.565,108.00,658049.133,1159432.632,30.6,7,658049.893,1159433.411,10.48531000,76.44417100,0.365,0.050,9.2,10.0,0.5,15.9,1886,2047,RTK FIXED
45.692,071042.80,10.48530400,76.44416700,10.48530436,76.44416700,658049.134,1159432.565,108.00,658049.134,1159432.605,30.6,7,658049.893,1159433.411,10.48531000,76.44417100,0.365,0.050,9.2,10.0,0.0,18.1,1886,2047,RTK FIXED
45.746,071042.80,10.48530400,76.44416700,10.48530422,76.44416700,658049.134,1159432.565,108.00,658049.134,1159432.589,30.6,7,658049.893,1159433.411,10.48531000,76.44417100,0.365,0.050,9.2,10.0,0.0,17.6,1886,2047,RTK FIXED
45.791,071042.80,10.48530400,76.44416700,10.48530413,76.44416700,658049.134,1159432.565,108.00,658049.134,1159432.580,30.6,7,658049.893,1159433.411,10.48531000,76.44417100,0.365,0.050,9.2,10.0,0.0,18.0,1886,2047,RTK FIXED
45.846,071043.00,10.48530400,76.44416800,10.48530408,76.44416740,658049.244,1159432.566,108.00,658049.178,1159432.574,23.3,7,658049.893,1159433.411,10.48531000,76.44417100,0.358,0.106,8.4,10.0,0.0,17.8,1714,2047,RTK FIXED
45.899,071043.00,10.48530400,76.44416800,10.48530405,76.44416764,658049.244,1159432.566,108.00,658049.204,1159432.571,23.3,7,658049.893,1159433.411,10.48531000,76.44417100,0.358,0.106,8.4,10.0,-0.5,18.0,1714,2047,RTK FIXED
45.947,071043.00,10.48530400,76.44416800,10.48530403,76.44416778,658049.244,1159432.566,108.00,658049.220,1159432.569,23.3,7,658049.893,1159433.411,10.48531000,76.44417100,0.358,0.106,8.4,10.0,0.5,15.7,1714,2047,RTK FIXED
46.000,071043.20,10.48530400,76.44416800,10.48530402,76.44416787,658049.224,1159432.608,108.00,658049.221,1159432.585,23.3,7,658049.893,1159433.411,10.48531000,76.44417100,0.358,0.122,8.2,10.0,-0.5,17.9,1668,2047,RTK FIXED
46.046,071043.20,10.48530400,76.44416800,10.48530401,76.44416792,658049.224,1159432.608,108.00,658049.222,1159432.594,23.3,7,658049.893,1159433.411,10.48531000,76.44417100,0.358,0.122,8.2,10.0,0.0,17.4,1668,2047,RTK FIXED
46.100,071043.20,10.48530400,76.44416800,10.48530401,76.44416795,658049.224,1159432.608,108.00,658049.223,1159432.600,23.3,7,658049.893,1159433.411,10.48531000,76.44417100,0.358,0.122,8.2,10.0,0.5,16.3,1668,2047,RTK FIXED
46.146,071043.40,10.48530400,76.44416800,10.48530400,76.44416797,658049.224,1159432.608,108.00,658049.223,1159432.603,23.3,7,658049.893,1159433.411,10.48531000,76.44417100,0.358,0.127,8.1,10.0,-0.5,17.6,1653,2047,RTK FIXED
46.199,071043.40,10.48530400,76.44416800,10.48530400,76.44416798,658049.224,1159432.608,108.00,658049.223,1159432.605,23.3,7,658049.893,1159433.411,10.48531000,76.44417100,0.358,0.127,8.1,10.0,0.5,15.7,1653,2047,RTK FIXED
46.246,071043.40,10.48530400,76.44416800,10.48530400,76.44416799,658049.224,1159432.608,108.00,658049.223,1159432.606,23.3,7,658049.893,1159433.411,10.48531000,76.44417100,0.358,0.127,8.1,10.0,-0.5,17.6,1653,2047,RTK FIXED
46.300,071043.40,10.48530400,76.44416800,10.48530400,76.44416799,658049.224,1159432.608,108.00,658049.223,1159432.607,23.3,7,658049.893,1159433.411,10.48531000,76.44417100,0.358,0.127,8.1,10.0,0.5,17.6,1653,2047,RTK FIXED
46.346,071043.40,10.48530400,76.44416800,10.48530400,76.44416800,658049.224,1159432.608,108.00,658049.223,1159432.608,23.3,7,658049.893,1159433.411,10.48531000,76.44417100,0.358,0.127,8.1,10.0,0.0,17.4,1653,2047,RTK FIXED
46.401,071043.60,10.48530400,76.44416900,10.48530400,76.44416840,658049.333,1159432.609,108.00,658049.267,1159432.608,17.8,7,658049.893,1159433.411,10.48531000,76.44417100,0.349,0.224,6.8,10.0,0.0,17.4,1385,2047,RTK FIXED
46.454,071043.60,10.48530400,76.44416900,10.48530400,76.44416864,658049.333,1159432.609,108.00,658049.294,1159432.608,17.8,7,658049.893,1159433.411,10.48531000,76.44417100,0.349,0.224,6.8,10.0,0.0,17.7,1385,2047,RTK FIXED
46.500,071043.60,10.48530400,76.44416900,10.48530400,76.44416878,658049.333,1159432.609,108.00,658049.309,1159432.608,17.8,7,658049.893,1159433.411,10.48531000,76.44417100,0.349,0.224,6.8,10.0,0.0,17.3,1385,2047,RTK FIXED
46.554,071043.60,10.48530400,76.44416900,10.48530400,76.44416887,658049.333,1159432.609,108.00,658049.319,1159432.609,17.8,7,658049.893,1159433.411,10.48531000,76.44417100,0.349,0.224,6.8,10.0,0.0,17.6,1385,2047,RTK FIXED
46.600,071043.60,10.48530400,76.44416900,10.48530400,76.44416892,658049.333,1159432.609,108.00,658049.324,1159432.609,17.8,7,658049.893,1159433.411,10.48531000,76.44417100,0.349,0.224,6.8,10.0,0.0,17.5,1385,2047,RTK FIXED
46.655,071043.80,10.48530400,76.44416900,10.48530400,76.44416895,658049.321,1159432.642,108.00,658049.323,1159432.622,17.8,7,658049.893,1159433.411,10.48531000,76.44417100,0.349,0.252,6.4,10.0,-0.5,17.3,1317,2047,RTK FIXED
46.700,071043.80,10.48530400,76.44416900,10.48530400,76.44416897,658049.321,1159432.642,108.00,658049.323,1159432.630,17.8,7,658049.893,1159433.411,10.48531000,76.44417100,0.349,0.252,6.4,10.0,0.6,17.3,1317,2047,RTK FIXED
46.754,071043.80,10.48530400,76.44416900,10.48530400,76.44416898,658049.321,1159432.642,108.00,658049.322,1159432.635,17.8,7,658049.893,1159433.411,10.48531000,76.44417100,0.349,0.252,6.4,10.0,0.0,16.9,1317,2047,RTK FIXED
46.801,071044.00,10.48530400,76.44417000,10.48530400,76.44416939,658049.431,1159432.643,108.00,658049.366,1159432.638,17.0,7,658049.893,1159433.411,10.48531000,76.44417100,0.347,0.273,6.2,10.0,-0.5,17.3,1265,2047,RTK FIXED
46.855,071044.00,10.48530400,76.44417000,10.48530400,76.44416963,658049.431,1159432.643,108.00,658049.392,1159432.640,17.0,7,658049.893,1159433.411,10.48531000,76.44417100,0.347,0.273,6.2,10.0,0.0,17.0,1265,2047,RTK FIXED
46.908,071044.00,10.48530400,76.44417000,10.48530400,76.44416978,658049.431,1159432.643,108.00,658049.407,1159432.641,17.0,7,658049.893,1159433.411,10.48531000,76.44417100,0.347,0.273,6.2,10.0,0.0,15.4,1265,2047,RTK FIXED
46.955,071044.20,10.48530400,76.44417000,10.48530400,76.44416987,658049.429,1159432.648,108.00,658049.416,1159432.644,17.0,7,658049.893,1159433.411,10.48531000,76.44417100,0.347,0.283,6.1,10.0,0.0,16.6,1243,2047,RTK FIXED
47.009,071044.20,10.48530400,76.44417000,10.48530400,76.44416992,658049.429,1159432.648,108.00,658049.421,1159432.645,17.0,7,658049.893,1159433.411,10.48531000,76.44417100,0.347,0.283,6.1,10.0,0.5,17.4,1243,2047,RTK FIXED
47.055,071044.20,10.48530400,76.44417000,10.48530400,76.44416995,658049.429,1159432.648,108.00,658049.425,1159432.646,17.0,7,658049.893,1159433.411,10.48531000,76.44417100,0.347,0.283,6.1,10.0,-0.5,17.2,1243,2047,RTK FIXED
47.109,071044.20,10.48530400,76.44417000,10.48530400,76.44416997,658049.429,1159432.648,108.00,658049.427,1159432.647,17.0,7,658049.893,1159433.411,10.48531000,76.44417100,0.347,0.283,6.1,10.0,0.0,17.2,1243,2047,RTK FIXED
47.154,071044.20,10.48530400,76.44417000,10.48530400,76.44416998,658049.429,1159432.648,108.00,658049.428,1159432.647,17.0,7,658049.893,1159433.411,10.48531000,76.44417100,0.347,0.283,6.1,10.0,0.5,17.5,1243,2047,RTK FIXED
47.209,071044.40,10.48530400,76.44417000,10.48530400,76.44416999,658049.429,1159432.648,108.00,658049.428,1159432.648,17.0,7,658049.893,1159433.411,10.48531000,76.44417100,0.347,0.290,6.0,10.0,0.0,14.9,1227,2047,RTK FIXED
47.255,071044.40,10.48530400,76.44417000,10.48530400,76.44416999,658049.429,1159432.648,108.00,658049.429,1159432.648,17.0,7,658049.893,1159433.411,10.48531000,76.44417100,0.347,0.290,6.0,10.0,-0.6,11.6,1227,2047,RTK FIXED
47.309,071044.40,10.48530400,76.44417000,10.48530400,76.44417000,658049.429,1159432.648,108.00,658049.429,1159432.648,17.0,7,658049.893,1159433.411,10.48531000,76.44417100,0.347,0.290,6.0,10.0,0.5,15.8,1227,2047,RTK FIXED
47.355,071044.40,10.48530400,76.44417000,10.48530400,76.44417000,658049.429,1159432.648,108.00,658049.429,1159432.648,17.0,7,658049.893,1159433.411,10.48531000,76.44417100,0.347,0.290,6.0,10.0,0.0,14.6,1227,2047,RTK FIXED
47.409,071044.60,10.48530500,76.44417000,10.48530440,76.44417000,658049.429,1159432.759,108.00,658049.429,1159432.692,24.0,7,658049.893,1159433.411,10.48531000,76.44417100,0.359,0.179,7.4,10.0,-0.5,17.5,1513,2047,RTK FIXED
47.462,071044.60,10.48530500,76.44417000,10.48530464,76.44417000,658049.429,1159432.759,108.00,658049.429,1159432.719,24.0,7,658049.893,1159433.411,10.48531000,76.44417100,0.359,0.179,7.4,10.0,0.0,17.4,1513,2047,RTK FIXED
47.508,071044.60,10.48530500,76.44417000,10.48530478,76.44417000,658049.429,1159432.759,108.00,658049.429,1159432.735,24.0,7,658049.893,1159433.411,10.48531000,76.44417100,0.359,0.179,7.4,10.0,0.0,17.6,1513,2047,RTK FIXED
47.562,071044.60,10.48530500,76.44417000,10.48530487,76.44417000,658049.429,1159432.759,108.00,658049.429,1159432.744,24.0,7,658049.893,1159433.411,10.48531000,76.44417100,0.359,0.179,7.4,10.0,0.0,17.6,1513,2047,RTK FIXED
47.609,071044.60,10.48530500,76.44417000,10.48530492,76.44417000,658049.429,1159432.759,108.00,658049.429,1159432.750,24.0,7,658049.893,1159433.411,10.48531000,76.44417100,0.359,0.179,7.4,10.0,0.5,17.6,1513,2047,RTK FIXED
47.664,071044.80,10.48530500,76.44417100,10.48530495,76.44417040,658049.553,1159432.716,108.00,658049.479,1159432.736,24.0,7,658049.893,1159433.411,10.48531000,76.44417100,0.359,0.156,7.7,10.0,0.0,16.0,1575,2047,RTK FIXED
47.709,071044.80,10.48530500,76.44417100,10.48530497,76.44417064,658049.553,1159432.716,108.00,658049.508,1159432.728,24.0,7,658049.893,1159433.411,10.48531000,76.44417100,0.359,0.156,7.7,10.0,0.0,17.5,1575,2047,RTK FIXED
47.763,071044.80,10.48530500,76.44417100,10.48530498,76.44417078,658049.553,1159432.716,108.00,658049.526,1159432.723,24.0,7,658049.893,1159433.411,10.48531000,76.44417100,0.359,0.156,7.7,10.0,0.0,15.4,1575,2047,RTK FIXED
47.809,071044.80,10.48530500,76.44417100,10.48530499,76.44417087,658049.553,1159432.716,108.00,658049.537,1159432.720,24.0,7,658049.893,1159433.411,10.48531000,76.44417100,0.359,0.156,7.7,10.0,-0.5,18.3,1575,2047,RTK FIXED
47.863,071044.80,10.48530500,76.44417100,10.48530499,76.44417092,658049.553,1159432.716,108.00,658049.543,1159432.719,24.0,7,658049.893,1159433.411,10.48531000,76.44417100,0.359,0.156,7.7,10.0,0.0,17.7,1575,2047,RTK FIXED
47.918,071045.00,10.48530500,76.44417100,10.48530500,76.44417095,658049.553,1159432.716,108.00,658049.547,1159432.718,20.1,7,658049.893,1159433.411,10.48531000,76.44417100,0.353,0.238,6.6,10.0,0.5,16.5,1357,2047,RTK FIXED
47.963,071045.00,10.48530500,76.44417100,10.48530500,76.44417097,658049.553,1159432.716,108.00,658049.550,1159432.717,20.1,7,658049.893,1159433.411,10.48531000,76.44417100,0.353,0.238,6.6,10.0,-0.5,18.1,1357,2047,RTK FIXED
48.017,071045.00,10.48530500,76.44417100,10.48530500,76.44417098,658049.553,1159432.716,108.00,658049.551,1159432.717,20.1,7,658049.893,1159433.411,10.48531000,76.44417100,0.353,0.238,6.6,10.0,0.0,18.5,1357,2047,RTK FIXED
48.063,071045.00,10.48530500,76.44417100,10.48530500,76.44417099,658049.553,1159432.716,108.00,658049.552,1159432.716,20.1,7,658049.893,1159433.411,10.48531000,76.44417100,0.353,0.238,6.6,10.0,0.5,18.5,1357,2047,RTK FIXED
48.118,071045.20,10.48530500,76.44417100,10.48530500,76.44417099,658049.544,1159432.740,108.00,658049.549,1159432.726,20.1,7,658049.893,1159433.411,10.48531000,76.44417100,0.353,0.261,6.4,10.0,-0.5,18.4,1303,2047,RTK FIXED
48.163,071045.20,10.48530500,76.44417100,10.48530500,76.44417100,658049.544,1159432.740,108.00,658049.547,1159432.731,20.1,7,658049.893,1159433.411,10.48531000,76.44417100,0.353,0.261,6.4,10.0,0.0,18.1,1303,2047,RTK FIXED
48.217,071045.20,10.48530500,76.44417100,10.48530500,76.44417100,658049.544,1159432.740,108.00,658049.546,1159432.735,20.1,7,658049.893,1159433.411,10.48531000,76.44417100,0.353,0.261,6.4,10.0,0.5,18.8,1303,2047,RTK FIXED
48.263,071045.20,10.48530500,76.44417100,10.48530500,76.44417100,658049.544,1159432.740,108.00,658049.545,1159432.737,20.1,7,658049.893,1159433.411,10.48531000,76.44417100,0.353,0.261,6.4,10.0,0.0,17.9,1303,2047,RTK FIXED
48.319,071045.20,10.48530500,76.44417100,10.48530500,76.44417100,658049.544,1159432.740,108.00,658049.545,1159432.738,20.1,7,658049.893,1159433.411,10.48531000,76.44417100,0.353,0.261,6.4,10.0,-0.5,18.8,1303,2047,RTK FIXED
48.364,071045.40,10.48530500,76.44417100,10.48530500,76.44417100,658049.544,1159432.740,108.00,658049.545,1159432.739,20.1,7,658049.893,1159433.411,10.48531000,76.44417100,0.353,0.270,6.3,10.0,0.0,17.5,1283,2047,RTK FIXED
48.417,071045.40,10.48530500,76.44417100,10.48530500,76.44417100,658049.544,1159432.740,108.00,658049.545,1159432.739,20.1,7,658049.893,1159433.411,10.48531000,76.44417100,0.353,0.270,6.3,10.0,0.5,18.2,1283,2047,RTK FIXED
48.463,071045.40,10.48530500,76.44417100,10.48530500,76.44417100,658049.544,1159432.740,108.00,658049.544,1159432.739,20.1,7,658049.893,1159433.411,10.48531000,76.44417100,0.353,0.270,6.3,10.0,-0.5,18.0,1283,2047,RTK FIXED
48.518,071045.60,10.48530600,76.44417100,10.48530540,76.44417100,658049.544,1159432.850,108.00,658049.544,1159432.784,20.1,7,658049.893,1159433.411,10.48531000,76.44417100,0.353,0.268,6.3,10.0,0.5,17.7,1287,2047,RTK FIXED
48.572,071045.80,10.48530600,76.44417200,10.48530564,76.44417140,658049.653,1159432.851,108.00,658049.588,1159432.811,29.5,7,658049.893,1159433.411,10.48531000,76.44417100,0.364,0.146,7.9,10.0,0.0,17.7,1607,2047,RTK FIXED
48.618,071045.80,10.48530600,76.44417200,10.48530578,76.44417164,658049.653,1159432.851,108.00,658049.614,1159432.827,29.5,7,658049.893,1159433.411,10.48531000,76.44417100,0.364,0.146,7.9,10.0,0.0,18.7,1607,2047,RTK FIXED
48.671,071045.80,10.48530600,76.44417200,10.48530587,76.44417178,658049.653,1159432.851,108.00,658049.630,1159432.836,29.5,7,658049.893,1159433.411,10.48531000,76.44417100,0.364,0.146,7.9,10.0,-0.5,17.6,1607,2047,RTK FIXED
48.718,071046.00,10.48530600,76.44417200,10.48530592,76.44417187,658049.677,1159432.796,108.00,658049.649,1159432.820,29.5,7,658049.893,1159433.411,10.48531000,76.44417100,0.364,0.119,8.2,10.0,0.0,18.0,1681,2047,RTK FIXED
48.771,071046.00,10.48530600,76.44417200,10.48530595,76.44417192,658049.677,1159432.796,108.00,658049.660,1159432.810,29.5,7,658049.893,1159433.411,10.48531000,76.44417100,0.364,0.119,8.2,10.0,0.5,18.2,1681,2047,RTK FIXED
48.818,071046.00,10.48530600,76.44417200,10.48530597,76.44417195,658049.677,1159432.796,108.00,658049.667,1159432.804,29.5,7,658049.893,1159433.411,10.48531000,76.44417100,0.364,0.119,8.2,10.0,-0.5,16.0,1681,2047,RTK FIXED
48.871,071046.00,10.48530600,76.44417200,10.48530598,76.44417197,658049.677,1159432.796,108.00,658049.671,1159432.801,29.5,7,658049.893,1159433.411,10.48531000,76.44417100,0.364,0.119,8.2,10.0,0.0,17.8,1681,2047,RTK FIXED
48.918,071046.00,10.48530600,76.44417200,10.48530599,76.44417198,658049.677,1159432.796,108.00,658049.673,1159432.799,29.5,7,658049.893,1159433.411,10.48531000,76.44417100,0.364,0.119,8.2,10.0,0.0,16.5,1681,2047,RTK FIXED
48.972,071046.20,10.48530700,76.44417200,10.48530639,76.44417199,658049.676,1159432.906,108.00,658049.675,1159432.842,29.5,7,658049.893,1159433.411,10.48531000,76.44417100,0.364,0.111,8.3,10.0,0.5,18.0,1704,2047,RTK FIXED
49.018,071046.20,10.48530700,76.44417200,10.48530664,76.44417199,658049.676,1159432.906,108.00,658049.675,1159432.867,29.5,7,658049.893,1159433.411,10.48531000,76.44417100,0.364,0.111,8.3,10.0,0.0,16.3,1704,2047,RTK FIXED
49.071,071046.20,10.48530700,76.44417200,10.48530678,76.44417200,658049.676,1159432.906,108.00,658049.676,1159432.883,29.5,7,658049.893,1159433.411,10.48531000,76.44417100,0.364,0.111,8.3,10.0,0.0,17.9,1704,2047,RTK FIXED
49.126,071046.20,10.48530700,76.44417200,10.48530687,76.44417200,658049.676,1159432.906,108.00,658049.676,1159432.892,29.5,7,658049.893,1159433.411,10.48531000,76.44417100,0.364,0.111,8.3,10.0,0.0,18.8,1704,2047,RTK FIXED
49.172,071046.20,10.48530700,76.44417200,10.48530692,76.44417200,658049.676,1159432.906,108.00,658049.676,1159432.898,29.5,7,658049.893,1159433.411,10.48531000,76.44417100,0.364,0.111,8.3,10.0,-0.5,18.2,1704,2047,RTK FIXED
49.226,071046.40,10.48530700,76.44417200,10.48530695,76.44417200,658049.676,1159432.906,108.00,658049.676,1159432.901,32.7,7,658049.893,1159433.411,10.48531000,76.44417100,0.366,0.087,8.7,10.0,0.0,18.6,1774,2047,RTK FIXED
49.272,071046.40,10.48530700,76.44417200,10.48530697,76.44417200,658049.676,1159432.906,108.00,658049.676,1159432.903,32.7,7,658049.893,1159433.411,10.48531000,76.44417100,0.366,0.087,8.7,10.0,0.5,19.6,1774,2047,RTK FIXED
49.326,071046.40,10.48530700,76.44417200,10.48530698,76.44417200,658049.676,1159432.906,108.00,658049.676,1159432.904,32.7,7,658049.893,1159433.411,10.48531000,76.44417100,0.366,0.087,8.7,10.0,0.0,17.6,1774,2047,RTK FIXED
49.373,071046.60,10.48530700,76.44417200,10.48530699,76.44417200,658049.687,1159432.888,108.00,658049.681,1159432.898,32.7,7,658049.893,1159433.411,10.48531000,76.44417100,0.366,0.081,8.7,10.0,0.0,19.9,1791,2047,RTK FIXED
49.426,071046.60,10.48530700,76.44417200,10.48530699,76.44417200,658049.687,1159432.888,108.00,658049.683,1159432.894,32.7,7,658049.893,1159433.411,10.48531000,76.44417100,0.366,0.081,8.7,10.0,-0.5,19.1,1791,2047,RTK FIXED
49.473,071046.80,10.48530700,76.44417200,10.48530700,76.44417200,658049.687,1159432.888,108.00,658049.684,1159432.892,32.7,7,658049.893,1159433.411,10.48531000,76.44417100,0.366,0.080,8.8,10.0,0.0,18.8,1794,2047,RTK FIXED
49.526,071046.80,10.48530700,76.44417200,10.48530700,76.44417200,658049.687,1159432.888,108.00,658049.685,1159432.890,32.7,7,658049.893,1159433.411,10.48531000,76.44417100,0.366,0.080,8.8,10.0,0.5,18.7,1794,2047,RTK FIXED
49.572,071046.80,10.48530700,76.44417200,10.48530700,76.44417200,658049.687,1159432.888,108.00,658049.686,1159432.889,32.7,7,658049.893,1159433.411,10.48531000,76.44417100,0.366,0.080,8.8,10.0,-0.5,19.0,1794,2047,RTK FIXED
49.626,071046.80,10.48530700,76.44417200,10.48530700,76.44417200,658049.687,1159432.888,108.00,658049.686,1159432.889,32.7,7,658049.893,1159433.411,10.48531000,76.44417100,0.366,0.080,8.8,10.0,0.5,17.6,1794,2047,RTK FIXED
49.676,071046.80,10.48530700,76.44417200,10.48530700,76.44417200,658049.687,1159432.888,108.00,658049.686,1159432.889,32.7,7,658049.893,1159433.411,10.48531000,76.44417100,0.366,0.080,8.8,10.0,0.0,19.0,1794,2047,RTK FIXED
49.726,071046.80,10.48530700,76.44417200,10.48530700,76.44417200,658049.687,1159432.888,108.00,658049.686,1159432.888,32.7,7,658049.893,1159433.411,10.48531000,76.44417100,0.366,0.080,8.8,10.0,0.0,15.6,1794,2047,RTK FIXED
49.781,071047.00,10.48530800,76.44417300,10.48530740,76.44417240,658049.796,1159432.999,108.00,658049.730,1159432.933,35.3,7,658049.893,1159433.411,10.48531000,76.44417100,0.366,0.062,9.0,10.0,-0.5,17.4,1850,2047,RTK FIXED
49.826,071047.00,10.48530800,76.44417300,10.48530764,76.44417264,658049.796,1159432.999,108.00,658049.756,1159432.959,35.3,7,658049.893,1159433.411,10.48531000,76.44417100,0.366,0.062,9.0,10.0,0.5,14.7,1850,2047,RTK FIXED
49.881,071047.20,10.48530800,76.44417300,10.48530778,76.44417278,658049.805,1159432.985,108.00,658049.776,1159432.970,35.3,7,658049.893,1159433.411,10.48531000,76.44417100,0.366,0.057,9.1,10.0,0.0,18.4,1864,2047,RTK FIXED
49.926,071047.20,10.48530800,76.44417300,10.48530787,76.44417287,658049.805,1159432.985,108.00,658049.787,1159432.976,35.3,7,658049.893,1159433.411,10.48531000,76.44417100,0.366,0.057,9.1,10.0,-0.5,18.0,1864,2047,RTK FIXED
49.980,071047.20,10.48530800,76.44417300,10.48530792,76.44417292,658049.805,1159432.985,108.00,658049.794,1159432.979,35.3,7,658049.893,1159433.411,10.48531000,76.44417100,0.366,0.057,9.1,10.0,0.5,18.1,1864,2047,RTK FIXED
50.027,071047.20,10.48530800,76.44417300,10.48530795,76.44417295,658049.805,1159432.985,108.00,658049.799,1159432.981,35.3,7,658049.893,1159433.411,10.48531000,76.44417100,0.366,0.057,9.1,10.0,0.0,17.8,1864,2047,RTK FIXED
50.081,071047.20,10.48530800,76.44417300,10.48530797,76.44417297,658049.805,1159432.985,108.00,658049.801,1159432.983,35.3,7,658049.893,1159433.411,10.48531000,76.44417100,0.366,0.057,9.1,10.0,-0.5,18.1,1864,2047,RTK FIXED
50.126,071047.20,10.48530800,76.44417300,10.48530798,76.44417298,658049.805,1159432.985,108.00,658049.803,1159432.984,35.3,7,658049.893,1159433.411,10.48531000,76.44417100,0.366,0.057,9.1,10.0,0.0,18.1,1864,2047,RTK FIXED
50.181,071047.40,10.48530800,76.44417300,10.48530799,76.44417299,658049.805,1159432.985,108.00,658049.803,1159432.984,35.3,7,658049.893,1159433.411,10.48531000,76.44417100,0.366,0.057,9.1,10.0,0.5,18.1,1865,2047,RTK FIXED
50.227,071047.40,10.48530800,76.44417300,10.48530799,76.44417299,658049.805,1159432.985,108.00,658049.804,1159432.984,35.3,7,658049.893,1159433.411,10.48531000,76.44417100,0.366,0.057,9.1,10.0,-0.6,17.6,1865,2047,RTK FIXED
50.281,071047.40,10.48530800,76.44417300,10.48530800,76.44417300,658049.805,1159432.985,108.00,658049.804,1159432.984,35.3,7,658049.893,1159433.411,10.48531000,76.44417100,0.366,0.057,9.1,10.0,0.5,18.4,1865,2047,RTK FIXED
50.326,071047.40,10.48530800,76.44417300,10.48530800,76.44417300,658049.805,1159432.985,108.00,658049.805,1159432.985,35.3,7,658049.893,1159433.411,10.48531000,76.44417100,0.366,0.057,9.1,10.0,0.0,17.6,1865,2047,RTK FIXED
50.380,071047.40,10.48530800,76.44417300,10.48530800,76.44417300,658049.805,1159432.985,108.00,658049.805,1159432.985,35.3,7,658049.893,1159433.411,10.48531000,76.44417100,0.366,0.057,9.1,10.0,-0.5,17.8,1865,2047,RTK FIXED
50.435,071047.60,10.48530900,76.44417300,10.48530840,76.44417300,658049.804,1159433.095,108.00,658049.805,1159433.029,41.0,7,658049.893,1159433.411,10.48531000,76.44417100,0.326,0.031,9.4,10.0,0.0,16.3,1933,2047,RTK FIXED
50.480,071047.60,10.48530900,76.44417300,10.48530864,76.44417300,658049.804,1159433.095,108.00,658049.804,1159433.055,41.0,7,658049.893,1159433.411,10.48531000,76.44417100,0.326,0.031,9.4,10.0,0.0,18.3,1933,2047,RTK FIXED
50.535,071047.60,10.48530900,76.44417300,10.48530878,76.44417300,658049.804,1159433.095,108.00,658049.804,1159433.071,41.0,7,658049.893,1159433.411,10.48531000,76.44417100,0.326,0.031,9.4,10.0,0.5,16.1,1933,2047,RTK FIXED
50.581,071047.60,10.48530900,76.44417300,10.48530887,76.44417300,658049.804,1159433.095,108.00,658049.804,1159433.081,41.0,7,658049.893,1159433.411,10.48531000,76.44417100,0.326,0.031,9.4,10.0,0.0,18.3,1933,2047,RTK FIXED
50.638,071047.80,10.48530900,76.44417300,10.48530892,76.44417300,658049.826,1159433.066,108.00,658049.813,1159433.075,41.0,8,658051.093,1159434.301,10.48531800,76.44418200,0.365,0.023,9.6,10.0,0.0,18.1,1970,2047,RTK FIXED
50.689,071047.80,10.48530900,76.44417300,10.48530895,76.44417300,658049.826,1159433.066,108.00,658049.818,1159433.071,41.0,8,658051.093,1159434.301,10.48531800,76.44418200,0.365,0.023,9.6,10.0,-0.5,18.1,1970,2047,RTK FIXED
50.735,071047.80,10.48530900,76.44417300,10.48530897,76.44417300,658049.826,1159433.066,108.00,658049.822,1159433.069,41.0,8,658051.093,1159434.301,10.48531800,76.44418200,0.365,0.023,9.6,10.0,0.0,17.9,1970,2047,RTK FIXED
50.788,071047.80,10.48530900,76.44417300,10.48530898,76.44417300,658049.826,1159433.066,108.00,658049.823,1159433.068,41.0,8,658051.093,1159434.301,10.48531800,76.44418200,0.365,0.023,9.6,10.0,0.5,18.8,1970,2047,RTK FIXED
50.835,071047.80,10.48530900,76.44417300,10.48530899,76.44417300,658049.826,1159433.066,108.00,658049.825,1159433.067,41.0,8,658051.093,1159434.301,10.48531800,76.44418200,0.365,0.023,9.6,10.0,0.0,18.1,1970,2047,RTK FIXED
50.891,071048.00,10.48530900,76.44417400,10.48530899,76.44417340,658049.936,1159433.066,108.00,658049.869,1159433.067,41.0,8,658051.093,1159434.301,10.48531800,76.44418200,0.365,0.024,9.6,10.0,-0.5,17.5,1968,2047,RTK FIXED
50.935,071048.00,10.48530900,76.44417400,10.48530900,76.44417364,658049.936,1159433.066,108.00,658049.896,1159433.067,41.0,8,658051.093,1159434.301,10.48531800,76.44418200,0.365,0.024,9.6,10.0,0.0,18.1,1968,2047,RTK FIXED
50.989,071048.00,10.48530900,76.44417400,10.48530900,76.44417378,658049.936,1159433.066,108.00,658049.912,1159433.066,41.0,8,658051.093,1159434.301,10.48531800,76.44418200,0.365,0.024,9.6,10.0,0.5,18.5,1968,2047,RTK FIXED
51.036,071048.20,10.48530900,76.44417400,10.48530900,76.44417387,658049.936,1159433.066,108.00,658049.921,1159433.066,35.0,8,658051.093,1159434.301,10.48531800,76.44418200,0.366,0.050,9.2,10.0,0.0,18.2,1884,2047,RTK FIXED
51.089,071048.20,10.48530900,76.44417400,10.48530900,76.44417392,658049.936,1159433.066,108.00,658049.927,1159433.066,35.0,8,658051.093,1159434.301,10.48531800,76.44418200,0.366,0.050,9.2,10.0,-0.5,18.7,1884,2047,RTK FIXED
51.143,071048.40,10.48531000,76.44417400,10.48530940,76.44417395,658049.912,1159433.208,108.00,658049.921,1159433.123,35.0,8,658051.093,1159434.301,10.48531800,76.44418200,0.366,0.053,9.2,10.0,0.5,16.6,1877,2047,RTK FIXED
51.189,071048.40,10.48531000,76.44417400,10.48530964,76.44417397,658049.912,1159433.208,108.00,658049.918,1159433.157,35.0,8,658051.093,1159434.301,10.48531800,76.44418200,0.366,0.053,9.2,10.0,0.0,18.5,1877,2047,RTK FIXED
51.243,071048.40,10.48531000,76.44417400,10.48530978,76.44417398,658049.912,1159433.208,108.00,658049.915,1159433.177,35.0,8,658051.093,1159434.301,10.48531800,76.44418200,0.366,0.053,9.2,10.0,0.0,18.7,1877,2047,RTK FIXED
51.290,071048.40,10.48531000,76.44417400,10.48530987,76.44417399,658049.912,1159433.208,108.00,658049.914,1159433.190,35.0,8,658051.093,1159434.301,10.48531800,76.44418200,0.366,0.053,9.2,10.0,-0.5,18.8,1877,2047,RTK FIXED
51.342,071048.40,10.48531000,76.44417400,10.48530992,76.44417399,658049.912,1159433.208,108.00,658049.913,1159433.197,35.0,8,658051.093,1159434.301,10.48531800,76.44418200,0.366,0.053,9.2,10.0,0.5,17.9,1877,2047,RTK FIXED
51.390,071048.60,10.48531000,76.44417400,10.48530995,76.44417400,658049.912,1159433.208,108.00,658049.913,1159433.201,48.8,8,658051.093,1159434.301,10.48531800,76.44418200,0.359,-0.028,10.0,9.6,0.0,18.5,2047,1955,RTK FIXED
51.443,071048.60,10.48531000,76.44417400,10.48530997,76.44417400,658049.912,1159433.208,108.00,658049.913,1159433.204,48.8,8,658051.093,1159434.301,10.48531800,76.44418200,0.359,-0.028,10.0,9.6,0.0,16.8,2047,1955,RTK FIXED
51.489,071048.60,10.48531000,76.44417400,10.48530998,76.44417400,658049.912,1159433.208,108.00,658049.912,1159433.206,48.8,8,658051.093,1159434.301,10.48531800,76.44418200,0.359,-0.028,10.0,9.6,0.0,17.9,2047,1955,RTK FIXED
51.543,071048.60,10.48531000,76.44417400,10.48530999,76.44417400,658049.912,1159433.208,108.00,658049.912,1159433.207,48.8,8,658051.093,1159434.301,10.48531800,76.44418200,0.359,-0.028,10.0,9.6,0.0,18.1,2047,1955,RTK FIXED
51.590,071048.60,10.48531000,76.44417400,10.48530999,76.44417400,658049.912,1159433.208,108.00,658049.912,1159433.207,48.8,8,658051.093,1159434.301,10.48531800,76.44418200,0.359,-0.028,10.0,9.6,0.0,17.9,2047,1955,RTK FIXED
51.644,071048.80,10.48531000,76.44417500,10.48531000,76.44417440,658050.079,1159433.141,108.00,658049.979,1159433.181,48.8,8,658051.093,1159434.301,10.48531800,76.44418200,0.359,-0.043,10.0,9.3,-0.5,16.1,2047,1904,RTK FIXED
51.690,071048.80,10.48531000,76.44417500,10.48531000,76.44417464,658050.079,1159433.141,108.00,658050.019,1159433.165,48.8,8,658051.093,1159434.301,10.48531800,76.44418200,0.359,-0.043,10.0,9.3,0.5,17.4,2047,1904,RTK FIXED
51.743,071048.80,10.48531000,76.44417500,10.48531000,76.44417478,658050.079,1159433.141,108.00,658050.043,1159433.155,48.8,8,658051.093,1159434.301,10.48531800,76.44418200,0.359,-0.043,10.0,9.3,-0.5,17.9,2047,1904,RTK FIXED
51.798,071049.00,10.48531000,76.44417500,10.48531000,76.44417487,658050.079,1159433.141,108.00,658050.058,1159433.150,33.0,8,658051.093,1159434.301,10.48531800,76.44418200,0.366,0.048,9.2,10.0,0.0,15.9,1893,2047,RTK FIXED
51.844,071049.00,10.48531000,76.44417500,10.48531000,76.44417492,658050.079,1159433.141,108.00,658050.066,1159433.146,33.0,8,658051.093,1159434.301,10.48531800,76.44418200,0.366,0.048,9.2,10.0,0.5,17.3,1893,2047,RTK FIXED
51.898,071049.20,10.48531100,76.44417500,10.48531040,76.44417495,658050.014,1159433.330,108.00,658050.045,1159433.220,33.0,8,658051.093,1159434.301,10.48531800,76.44418200,0.366,0.064,9.0,10.0,0.0,15.7,1842,2047,RTK FIXED
51.943,071049.20,10.48531100,76.44417500,10.48531064,76.44417497,658050.014,1159433.330,108.00,658050.033,1159433.264,33.0,8,658051.093,1159434.301,10.48531800,76.44418200,0.366,0.064,9.0,10.0,-0.6,15.1,1842,2047,RTK FIXED
51.998,071049.20,10.48531100,76.44417500,10.48531078,76.44417498,658050.014,1159433.330,108.00,658050.025,1159433.291,33.0,8,658051.093,1159434.301,10.48531800,76.44418200,0.366,0.064,9.0,10.0,0.5,17.8,1842,2047,RTK FIXED
52.043,071049.20,10.48531100,76.44417500,10.48531087,76.44417499,658050.014,1159433.330,108.00,658050.021,1159433.306,33.0,8,658051.093,1159434.301,10.48531800,76.44418200,0.366,0.064,9.0,10.0,0.0,17.1,1842,2047,RTK FIXED
52.097,071049.20,10.48531100,76.44417500,10.48531092,76.44417499,658050.014,1159433.330,108.00,658050.018,1159433.316,33.0,8,658051.093,1159434.301,10.48531800,76.44418200,0.366,0.064,9.0,10.0,-0.5,18.4,1842,2047,RTK FIXED
52.143,071049.20,10.48531100,76.44417500,10.48531095,76.44417500,658050.014,1159433.330,108.00,658050.016,1159433.322,33.0,8,658051.093,1159434.301,10.48531800,76.44418200,0.366,0.064,9.0,10.0,0.5,18.5,1842,2047,RTK FIXED
52.198,071049.40,10.48531100,76.44417500,10.48531097,76.44417500,658050.014,1159433.330,108.00,658050.015,1159433.325,50.3,8,658051.093,1159434.301,10.48531800,76.44418200,0.357,-0.037,10.0,9.4,0.0,18.2,2047,1922,RTK FIXED
52.251,071049.40,10.48531100,76.44417500,10.48531098,76.44417500,658050.014,1159433.330,108.00,658050.015,1159433.327,50.3,8,658051.093,1159434.301,10.48531800,76.44418200,0.357,-0.037,10.0,9.4,-0.5,18.0,2047,1922,RTK FIXED
52.298,071049.40,10.48531100,76.44417500,10.48531099,76.44417500,658050.014,1159433.330,108.00,658050.015,1159433.329,50.3,8,658051.093,1159434.301,10.48531800,76.44418200,0.357,-0.037,10.0,9.4,0.5,18.1,2047,1922,RTK FIXED
52.351,071049.40,10.48531100,76.44417500,10.48531099,76.44417500,658050.014,1159433.330,108.00,658050.014,1159433.329,50.3,8,658051.093,1159434.301,10.48531800,76.44418200,0.357,-0.037,10.0,9.4,0.0,17.0,2047,1922,RTK FIXED
52.398,071049.60,10.48531100,76.44417600,10.48531100,76.44417540,658050.195,1159433.246,108.00,658050.087,1159433.296,50.3,8,658051.093,1159434.301,10.48531800,76.44418200,0.357,-0.058,10.0,9.1,0.0,17.0,2047,1856,RTK FIXED
52.451,071049.60,10.48531100,76.44417600,10.48531100,76.44417564,658050.195,1159433.246,108.00,658050.130,1159433.276,50.3,8,658051.093,1159434.301,10.48531800,76.44418200,0.357,-0.058,10.0,9.1,-0.5,17.0,2047,1856,RTK FIXED
52.498,071049.60,10.48531100,76.44417600,10.48531100,76.44417578,658050.195,1159433.246,108.00,658050.156,1159433.264,50.3,8,658051.093,1159434.301,10.48531800,76.44418200,0.357,-0.058,10.0,9.1,0.5,16.5,2047,1856,RTK FIXED
52.552,071049.60,10.48531100,76.44417600,10.48531100,76.44417587,658050.195,1159433.246,108.00,658050.172,1159433.257,50.3,8,658051.093,1159434.301,10.48531800,76.44418200,0.357,-0.058,10.0,9.1,0.0,16.7,2047,1856,RTK FIXED
52.598,071049.60,10.48531100,76.44417600,10.48531100,76.44417592,658050.195,1159433.246,108.00,658050.181,1159433.252,50.3,8,658051.093,1159434.301,10.48531800,76.44418200,0.357,-0.058,10.0,9.1,-0.5,17.3,2047,1856,RTK FIXED
52.652,071049.80,10.48531100,76.44417600,10.48531100,76.44417595,658050.195,1159433.246,108.00,658050.187,1159433.250,33.5,8,658051.093,1159434.301,10.48531800,76.44418200,0.366,0.038,9.4,10.0,0.0,16.7,1923,2047,RTK FIXED
52.698,071049.80,10.48531100,76.44417600,10.48531100,76.44417597,658050.195,1159433.246,108.00,658050.190,1159433.248,33.5,8,658051.093,1159434.301,10.48531800,76.44418200,0.366,0.038,9.4,10.0,0.5,14.1,1923,2047,RTK FIXED
52.752,071049.80,10.48531100,76.44417600,10.48531100,76.44417598,658050.195,1159433.246,108.00,658050.192,1159433.247,33.5,8,658051.093,1159434.301,10.48531800,76.44418200,0.366,0.038,9.4,10.0,-0.5,15.8,1923,2047,RTK FIXED
52.806,071050.00,10.48531200,76.44417600,10.48531140,76.44417599,658050.125,1159433.439,108.00,658050.165,1159433.324,33.5,8,658051.093,1159434.301,10.48531800,76.44418200,0.366,0.056,9.1,10.0,0.5,16.5,1867,2047,RTK FIXED
52.852,071050.00,10.48531200,76.44417600,10.48531164,76.44417599,658050.125,1159433.439,108.00,658050.149,1159433.370,33.5,8,658051.093,1159434.301,10.48531800,76.44418200,0.366,0.056,9.1,10.0,-0.5,17.0,1867,2047,RTK FIXED
52.907,071050.20,10.48531200,76.44417600,10.48531178,76.44417600,658050.125,1159433.439,108.00,658050.139,1159433.397,50.9,8,658051.093,1159434.301,10.48531800,76.44418200,0.356,-0.046,10.0,9.3,0.0,16.1,2047,1894,RTK FIXED
52.952,071050.20,10.48531200,76.44417600,10.48531187,76.44417600,658050.125,1159433.439,108.00,658050.133,1159433.414,50.9,8,658051.093,1159434.301,10.48531800,76.44418200,0.356,-0.046,10.0,9.3,0.5,17.5,2047,1894,RTK FIXED
53.006,071050.20,10.48531200,76.44417600,10.48531192,76.44417600,658050.125,1159433.439,108.00,658050.130,1159433.424,50.9,8,658051.093,1159434.301,10.48531800,76.44418200,0.356,-0.046,10.0,9.3,-0.5,15.3,2047,1894,RTK FIXED
53.052,071050.20,10.48531200,76.44417600,10.48531195,76.44417600,658050.125,1159433.439,108.00,658050.128,1159433.430,50.9,8,658051.093,1159434.301,10.48531800,76.44418200,0.356,-0.046,10.0,9.3,0.0,17.0,2047,1894,RTK FIXED
53.106,071050.20,10.48531200,76.44417600,10.48531197,76.44417600,658050.125,1159433.439,108.00,658050.127,1159433.433,50.9,8,658051.093,1159434.301,10.48531800,76.44418200,0.356,-0.046,10.0,9.3,0.5,16.5,2047,1894,RTK FIXED
53.153,071050.20,10.48531200,76.44417600,10.48531198,76.44417600,658050.125,1159433.439,108.00,658050.126,1159433.436,50.9,8,658051.093,1159434.301,10.48531800,76.44418200,0.356,-0.046,10.0,9.3,0.0,16.3,2047,1894,RTK FIXED
53.207,071050.40,10.48531200,76.44417700,10.48531199,76.44417640,658050.307,1159433.354,108.00,658050.198,1159433.403,50.9,8,658051.093,1159434.301,10.48531800,76.44418200,0.356,-0.067,10.0,8.9,0.0,16.5,2047,1827,RTK FIXED
53.252,071050.40,10.48531200,76.44417700,10.48531199,76.44417664,658050.307,1159433.354,108.00,658050.242,1159433.383,50.9,8,658051.093,1159434.301,10.48531800,76.44418200,0.356,-0.067,10.0,8.9,0.0,16.7,2047,1827,RTK FIXED
53.306,071050.40,10.48531200,76.44417700,10.48531200,76.44417678,658050.307,1159433.354,108.00,658050.268,1159433.372,50.9,8,658051.093,1159434.301,10.48531800,76.44418200,0.356,-0.067,10.0,8.9,0.0,16.5,2047,1827,RTK FIXED
53.360,071050.40,10.48531200,76.44417700,10.48531200,76.44417687,658050.307,1159433.354,108.00,658050.284,1159433.365,50.9,8,658051.093,1159434.301,10.48531800,76.44418200,0.356,-0.067,10.0,8.9,0.0,16.4,2047,1827,RTK FIXED
53.407,071050.60,10.48531200,76.44417700,10.48531200,76.44417692,658050.307,1159433.354,108.00,658050.293,1159433.360,34.0,8,658051.093,1159434.301,10.48531800,76.44418200,0.366,0.030,9.5,10.0,-0.5,16.4,1949,2047,RTK FIXED
53.461,071050.60,10.48531200,76.44417700,10.48531200,76.44417695,658050.307,1159433.354,108.00,658050.299,1159433.358,34.0,8,658051.093,1159434.301,10.48531800,76.44418200,0.366,0.030,9.5,10.0,0.0,15.5,1949,2047,RTK FIXED
53.507,071050.60,10.48531200,76.44417700,10.48531200,76.44417697,658050.307,1159433.354,108.00,658050.302,1159433.356,34.0,8,658051.093,1159434.301,10.48531800,76.44418200,0.366,0.030,9.5,10.0,0.5,15.7,1949,2047,RTK FIXED
53.561,071050.60,10.48531200,76.44417700,10.48531200,76.44417698,658050.307,1159433.354,108.00,658050.304,1159433.355,34.0,8,658051.093,1159434.301,10.48531800,76.44418200,0.366,0.030,9.5,10.0,0.0,15.3,1949,2047,RTK FIXED
53.606,071050.60,10.48531200,76.44417700,10.48531200,76.44417699,658050.307,1159433.354,108.00,658050.306,1159433.355,34.0,8,658051.093,1159434.301,10.48531800,76.44418200,0.366,0.030,9.5,10.0,0.0,15.2,1949,2047,RTK FIXED
53.661,071050.80,10.48531300,76.44417700,10.48531240,76.44417699,658050.235,1159433.547,108.00,658050.277,1159433.432,34.0,8,658051.093,1159434.301,10.48531800,76.44418200,0.366,0.048,9.2,10.0,-0.5,16.5,1891,2047,RTK FIXED
53.707,071050.80,10.48531300,76.44417700,10.48531264,76.44417700,658050.235,1159433.547,108.00,658050.261,1159433.478,34.0,8,658051.093,1159434.301,10.48531800,76.44418200,0.366,0.048,9.2,10.0,0.0,17.5,1891,2047,RTK FIXED
53.761,071050.80,10.48531300,76.44417700,10.48531278,76.44417700,658050.235,1159433.547,108.00,658050.251,1159433.506,34.0,8,658051.093,1159434.301,10.48531800,76.44418200,0.366,0.048,9.2,10.0,0.0,16.8,1891,2047,RTK FIXED
53.807,071050.80,10.48531300,76.44417700,10.48531287,76.44417700,658050.235,1159433.547,108.00,658050.244,1159433.522,34.0,8,658051.093,1159434.301,10.48531800,76.44418200,0.366,0.048,9.2,10.0,0.0,17.8,1891,2047,RTK FIXED
53.862,071050.80,10.48531300,76.44417700,10.48531292,76.44417700,658050.235,1159433.547,108.00,658050.241,1159433.532,34.0,8,658051.093,1159434.301,10.48531800,76.44418200,0.366,0.048,9.2,10.0,0.5,17.9,1891,2047,RTK FIXED
53.915,071051.00,10.48531300,76.44417700,10.48531295,76.44417700,658050.235,1159433.547,108.00,658050.239,1159433.538,51.4,8,658051.093,1159434.301,10.48531800,76.44418200,0.356,-0.054,10.0,9.1,-0.5,17.7,2047,1868,RTK FIXED
53.961,071051.00,10.48531300,76.44417700,10.48531297,76.44417700,658050.235,1159433.547,108.00,658050.237,1159433.542,51.4,8,658051.093,1159434.301,10.48531800,76.44418200,0.356,-0.054,10.0,9.1,0.5,15.8,2047,1868,RTK FIXED
54.015,071051.20,10.48531300,76.44417800,10.48531298,76.44417740,658050.419,1159433.463,108.00,658050.310,1159433.510,51.4,8,658051.093,1159434.301,10.48531800,76.44418200,0.356,-0.075,10.0,8.8,-0.5,17.1,2047,1803,RTK FIXED
54.061,071051.20,10.48531300,76.44417800,10.48531299,76.44417764,658050.419,1159433.463,108.00,658050.353,1159433.491,51.4,8,658051.093,1159434.301,10.48531800,76.44418200,0.356,-0.075,10.0,8.8,0.5,15.8,2047,1803,RTK FIXED
54.114,071051.20,10.48531300,76.44417800,10.48531299,76.44417778,658050.419,1159433.463,108.00,658050.380,1159433.480,51.4,8,658051.093,1159434.301,10.48531800,76.44418200,0.356,-0.075,10.0,8.8,0.0,15.5,2047,1803,RTK FIXED
54.162,071051.40,10.48531300,76.44417800,10.48531300,76.44417787,658050.419,1159433.463,108.00,658050.395,1159433.473,34.4,8,658051.093,1159434.301,10.48531800,76.44418200,0.366,0.022,9.6,10.0,0.0,15.3,1974,2047,RTK FIXED
54.214,071051.40,10.48531300,76.44417800,10.48531300,76.44417792,658050.419,1159433.463,108.00,658050.405,1159433.469,34.4,8,658051.093,1159434.301,10.48531800,76.44418200,0.366,0.022,9.6,10.0,-0.5,15.7,1974,2047,RTK FIXED
54.261,071051.40,10.48531300,76.44417800,10.48531300,76.44417795,658050.419,1159433.463,108.00,658050.410,1159433.467,34.4,8,658051.093,1159434.301,10.48531800,76.44418200,0.366,0.022,9.6,10.0,0.5,15.8,1974,2047,RTK FIXED
54.314,071051.40,10.48531300,76.44417800,10.48531300,76.44417797,658050.419,1159433.463,108.00,658050.414,1159433.465,34.4,8,658051.093,1159434.301,10.48531800,76.44418200,0.366,0.022,9.6,10.0,-0.5,16.0,1974,2047,RTK FIXED
54.361,071051.40,10.48531300,76.44417800,10.48531300,76.44417798,658050.419,1159433.463,108.00,658050.416,1159433.464,34.4,8,658051.093,1159434.301,10.48531800,76.44418200,0.366,0.022,9.6,10.0,0.0,13.8,1974,2047,RTK FIXED
54.415,071051.60,10.48531400,76.44417800,10.48531340,76.44417799,658050.346,1159433.656,108.00,658050.388,1159433.541,34.4,8,658051.093,1159434.301,10.48531800,76.44418200,0.366,0.041,9.4,10.0,0.5,15.9,1915,2047,RTK FIXED
54.461,071051.60,10.48531400,76.44417800,10.48531364,76.44417799,658050.346,1159433.656,108.00,658050.371,1159433.587,34.4,8,658051.093,1159434.301,10.48531800,76.44418200,0.366,0.041,9.4,10.0,0.0,17.3,1915,2047,RTK FIXED
54.515,071051.60,10.48531400,76.44417800,10.48531378,76.44417800,658050.346,1159433.656,108.00,658050.361,1159433.614,34.4,8,658051.093,1159434.301,10.48531800,76.44418200,0.366,0.041,9.4,10.0,-0.5,18.5,1915,2047,RTK FIXED
54.569,071051.60,10.48531400,76.44417800,10.48531387,76.44417800,658050.346,1159433.656,108.00,658050.355,1159433.631,34.4,8,658051.093,1159434.301,10.48531800,76.44418200,0.366,0.041,9.4,10.0,0.5,18.0,1915,2047,RTK FIXED
54.616,071051.80,10.48531400,76.44417800,10.48531392,76.44417800,658050.346,1159433.656,108.00,658050.351,1159433.641,51.8,8,658051.093,1159434.301,10.48531800,76.44418200,0.355,-0.085,10.0,8.7,-0.5,18.3,2047,1773,RTK FIXED
54.669,071051.80,10.48531400,76.44417800,10.48531395,76.44417800,658050.346,1159433.656,108.00,658050.349,1159433.647,51.8,8,658051.093,1159434.301,10.48531800,76.44418200,0.355,-0.085,10.0,8.7,0.0,18.3,2047,1773,RTK FIXED
54.715,071051.80,10.48531400,76.44417800,10.48531397,76.44417800,658050.346,1159433.656,108.00,658050.348,1159433.650,51.8,8,658051.093,1159434.301,10.48531800,76.44418200,0.355,-0.085,10.0,8.7,0.0,17.4,2047,1773,RTK FIXED
54.770,071051.80,10.48531400,76.44417800,10.48531398,76.44417800,658050.346,1159433.656,108.00,658050.347,1159433.653,51.8,8,658051.093,1159434.301,10.48531800,76.44418200,0.355,-0.085,10.0,8.7,0.0,16.4,2047,1773,RTK FIXED
54.815,071051.80,10.48531400,76.44417800,10.48531399,76.44417800,658050.346,1159433.656,108.00,658050.347,1159433.654,51.8,8,658051.093,1159434.301,10.48531800,76.44418200,0.355,-0.085,10.0,8.7,0.5,16.4,2047,1773,RTK FIXED
54.870,071052.00,10.48531400,76.44417900,10.48531399,76.44417840,658050.530,1159433.573,108.00,658050.420,1159433.621,51.8,8,658051.093,1159434.301,10.48531800,76.44418200,0.355,-0.110,10.0,8.3,0.0,16.1,2047,1699,RTK FIXED
54.915,071052.00,10.48531400,76.44417900,10.48531400,76.44417864,658050.530,1159433.573,108.00,658050.464,1159433.602,51.8,8,658051.093,1159434.301,10.48531800,76.44418200,0.355,-0.110,10.0,8.3,0.0,16.4,2047,1699,RTK FIXED
54.970,071052.20,10.48531400,76.44417900,10.48531400,76.44417878,658050.530,1159433.573,108.00,658050.490,1159433.590,34.7,8,658051.093,1159434.301,10.48531800,76.44418200,0.366,0.008,9.9,10.0,0.0,13.8,2021,2047,RTK FIXED
55.015,071052.20,10.48531400,76.44417900,10.48531400,76.44417887,658050.530,1159433.573,108.00,658050.506,1159433.583,34.7,8,658051.093,1159434.301,10.48531800,76.44418200,0.366,0.008,9.9,10.0,-0.5,14.8,2021,2047,RTK FIXED
55.070,071052.20,10.48531400,76.44417900,10.48531400,76.44417892,658050.530,1159433.573,108.00,658050.515,1159433.579,34.7,8,658051.093,1159434.301,10.48531800,76.44418200,0.366,0.008,9.9,10.0,0.5,15.2,2021,2047,RTK FIXED
55.124,071052.40,10.48531500,76.44417900,10.48531440,76.44417895,658050.456,1159433.765,108.00,658050.492,1159433.653,34.7,8,658051.093,1159434.301,10.48531800,76.44418200,0.366,0.031,9.5,10.0,-0.5,14.8,1945,2047,RTK FIXED
55.170,071052.40,10.48531500,76.44417900,10.48531464,76.44417897,658050.456,1159433.765,108.00,658050.477,1159433.698,34.7,8,658051.093,1159434.301,10.48531800,76.44418200,0.366,0.031,9.5,10.0,0.0,15.8,1945,2047,RTK FIXED
55.223,071052.40,10.48531500,76.44417900,10.48531478,76.44417898,658050.456,1159433.765,108.00,658050.469,1159433.725,34.7,8,658051.093,1159434.301,10.48531800,76.44418200,0.366,0.031,9.5,10.0,0.5,16.0,1945,2047,RTK FIXED
55.270,071052.40,10.48531500,76.44417900,10.48531487,76.44417899,658050.456,1159433.765,108.00,658050.464,1159433.741,34.7,8,658051.093,1159434.301,10.48531800,76.44418200,0.366,0.031,9.5,10.0,0.0,16.6,1945,2047,RTK FIXED
55.324,071052.40,10.48531500,76.44417900,10.48531492,76.44417899,658050.456,1159433.765,108.00,658050.461,1159433.751,34.7,8,658051.093,1159434.301,10.48531800,76.44418200,0.366,0.031,9.5,10.0,0.0,17.6,1945,2047,RTK FIXED
55.370,071052.60,10.48531500,76.44418000,10.48531495,76.44417940,658050.565,1159433.766,108.00,658050.503,1159433.757,46.0,8,658051.093,1159434.301,10.48531800,76.44418200,0.362,-0.025,10.0,9.6,0.0,18.3,2047,1963,RTK FIXED
55.423,071052.60,10.48531500,76.44418000,10.48531497,76.44417964,658050.565,1159433.766,108.00,658050.528,1159433.760,46.0,8,658051.093,1159434.301,10.48531800,76.44418200,0.362,-0.025,10.0,9.6,0.0,18.4,2047,1963,RTK FIXED
55.470,071052.60,10.48531500,76.44418000,10.48531498,76.44417978,658050.565,1159433.766,108.00,658050.543,1159433.762,46.0,8,658051.093,1159434.301,10.48531800,76.44418200,0.362,-0.025,10.0,9.6,-0.5,15.4,2047,1963,RTK FIXED
55.524,071052.60,10.48531500,76.44418000,10.48531499,76.44417987,658050.565,1159433.766,108.00,658050.552,1159433.764,46.0,8,658051.093,1159434.301,10.48531800,76.44418200,0.362,-0.025,10.0,9.6,0.5,17.2,2047,1963,RTK FIXED
55.570,071052.60,10.48531500,76.44418000,10.48531499,76.44417992,658050.565,1159433.766,108.00,658050.557,1159433.764,46.0,8,658051.093,1159434.301,10.48531800,76.44418200,0.362,-0.025,10.0,9.6,-0.5,17.4,2047,1963,RTK FIXED
55.624,071052.80,10.48531500,76.44418000,10.48531500,76.44417995,658050.611,1159433.709,108.00,658050.579,1159433.742,46.0,8,658051.093,1159434.301,10.48531800,76.44418200,0.362,-0.038,10.0,9.4,0.5,17.8,2047,1924,RTK FIXED
55.678,071052.80,10.48531500,76.44418000,10.48531500,76.44417997,658050.611,1159433.709,108.00,658050.592,1159433.729,46.0,8,658051.093,1159434.301,10.48531800,76.44418200,0.362,-0.038,10.0,9.4,0.0,17.3,2047,1924,RTK FIXED
55.724,071052.80,10.48531500,76.44418000,10.48531500,76.44417998,658050.611,1159433.709,108.00,658050.599,1159433.721,46.0,8,658051.093,1159434.301,10.48531800,76.44418200,0.362,-0.038,10.0,9.4,0.0,17.4,2047,1924,RTK FIXED
55.778,071052.80,10.48531500,76.44418000,10.48531500,76.44417999,658050.611,1159433.709,108.00,658050.604,1159433.716,46.0,8,658051.093,1159434.301,10.48531800,76.44418200,0.362,-0.038,10.0,9.4,0.0,17.0,2047,1924,RTK FIXED
55.824,071052.80,10.48531500,76.44418000,10.48531500,76.44417999,658050.611,1159433.709,108.00,658050.607,1159433.713,46.0,8,658051.093,1159434.301,10.48531800,76.44418200,0.362,-0.038,10.0,9.4,-0.5,16.9,2047,1924,RTK FIXED
55.878,071053.00,10.48531500,76.44418000,10.48531500,76.44418000,658050.611,1159433.709,108.00,658050.608,1159433.712,46.0,8,658051.093,1159434.301,10.48531800,76.44418200,0.362,-0.040,10.0,9.4,0.0,16.6,2047,1917,RTK FIXED
55.924,071053.00,10.48531500,76.44418000,10.48531500,76.44418000,658050.611,1159433.709,108.00,658050.609,1159433.711,46.0,8,658051.093,1159434.301,10.48531800,76.44418200,0.362,-0.040,10.0,9.4,0.5,14.8,2047,1917,RTK FIXED
55.978,071053.00,10.48531500,76.44418000,10.48531500,76.44418000,658050.611,1159433.709,108.00,658050.610,1159433.710,46.0,8,658051.093,1159434.301,10.48531800,76.44418200,0.362,-0.040,10.0,9.4,0.0,16.6,2047,1917,RTK FIXED
56.025,071053.20,10.48531500,76.44418000,10.48531500,76.44418000,658050.611,1159433.709,108.00,658050.610,1159433.710,33.9,8,658051.093,1159434.301,10.48531800,76.44418200,0.366,0.027,9.6,10.0,-0.5,16.8,1958,2047,RTK FIXED
56.079,071053.20,10.48531500,76.44418000,10.48531500,76.44418000,658050.611,1159433.709,108.00,658050.611,1159433.709,33.9,8,658051.093,1159434.301,10.48531800,76.44418200,0.366,0.027,9.6,10.0,0.0,15.2,1958,2047,RTK FIXED
56.124,071053.20,10.48531500,76.44418000,10.48531500,76.44418000,658050.611,1159433.709,108.00,658050.611,1159433.709,33.9,8,658051.093,1159434.301,10.48531800,76.44418200,0.366,0.027,9.6,10.0,0.0,16.6,1958,2047,RTK FIXED
56.179,071053.40,10.48531600,76.44418100,10.48531540,76.44418040,658050.672,1159433.881,108.00,658050.635,1159433.778,33.9,8,658051.093,1159434.301,10.48531800,76.44418200,0.366,0.040,9.4,10.0,0.5,17.3,1916,2047,RTK FIXED
56.232,071053.40,10.48531600,76.44418100,10.48531564,76.44418064,658050.672,1159433.881,108.00,658050.650,1159433.819,33.9,8,658051.093,1159434.301,10.48531800,76.44418200,0.366,0.040,9.4,10.0,-0.5,17.8,1916,2047,RTK FIXED
56.278,071053.40,10.48531600,76.44418100,10.48531578,76.44418078,658050.672,1159433.881,108.00,658050.658,1159433.844,33.9,8,658051.093,1159434.301,10.48531800,76.44418200,0.366,0.040,9.4,10.0,0.0,18.4,1916,2047,RTK FIXED
56.332,071053.40,10.48531600,76.44418100,10.48531587,76.44418087,658050.672,1159433.881,108.00,658050.664,1159433.859,33.9,8,658051.093,1159434.301,10.48531800,76.44418200,0.366,0.040,9.4,10.0,0.0,15.8,1916,2047,RTK FIXED
56.379,071053.60,10.48531600,76.44418100,10.48531592,76.44418092,658050.672,1159433.881,108.10,658050.667,1159433.868,43.0,8,658051.093,1159434.301,10.48531800,76.44418200,0.364,-0.005,10.0,9.9,0.5,18.1,2047,2031,RTK FIXED
56.433,071053.60,10.48531600,76.44418100,10.48531595,76.44418095,658050.672,1159433.881,108.10,658050.669,1159433.873,43.0,8,658051.093,1159434.301,10.48531800,76.44418200,0.364,-0.005,10.0,9.9,0.0,17.4,2047,2031,RTK FIXED
56.479,071053.60,10.48531600,76.44418100,10.48531597,76.44418097,658050.672,1159433.881,108.10,658050.670,1159433.876,43.0,8,658051.093,1159434.301,10.48531800,76.44418200,0.364,-0.005,10.0,9.9,0.0,18.4,2047,2031,RTK FIXED
56.533,071053.60,10.48531600,76.44418100,10.48531598,76.44418098,658050.672,1159433.881,108.10,658050.671,1159433.878,43.0,8,658051.093,1159434.301,10.48531800,76.44418200,0.364,-0.005,10.0,9.9,0.0,15.8,2047,2031,RTK FIXED
56.580,071053.60,10.48531600,76.44418100,10.48531599,76.44418099,658050.672,1159433.881,108.10,658050.671,1159433.879,43.0,8,658051.093,1159434.301,10.48531800,76.44418200,0.364,-0.005,10.0,9.9,0.0,15.1,2047,2031,RTK FIXED
56.633,071053.80,10.48531600,76.44418100,10.48531599,76.44418099,658050.707,1159433.834,108.10,658050.685,1159433.861,43.0,8,658051.093,1159434.301,10.48531800,76.44418200,0.364,-0.015,10.0,9.8,0.0,15.6,2047,1996,RTK FIXED
56.679,071053.80,10.48531600,76.44418100,10.48531600,76.44418100,658050.707,1159433.834,108.10,658050.694,1159433.850,43.0,8,658051.093,1159434.301,10.48531800,76.44418200,0.364,-0.015,10.0,9.8,-0.5,17.5,2047,1996,RTK FIXED
56.733,071053.80,10.48531600,76.44418100,10.48531600,76.44418100,658050.707,1159433.834,108.10,658050.699,1159433.844,43.0,8,658051.093,1159434.301,10.48531800,76.44418200,0.364,-0.015,10.0,9.8,0.0,17.6,2047,1996,RTK FIXED
56.787,071053.80,10.48531600,76.44418100,10.48531600,76.44418100,658050.707,1159433.834,108.10,658050.702,1159433.840,43.0,8,658051.093,1159434.301,10.48531800,76.44418200,0.364,-0.015,10.0,9.8,0.0,17.1,2047,1996,RTK FIXED
56.833,071053.80,10.48531600,76.44418100,10.48531600,76.44418100,658050.707,1159433.834,108.10,658050.704,1159433.838,43.0,8,658051.093,1159434.301,10.48531800,76.44418200,0.364,-0.015,10.0,9.8,0.0,17.2,2047,1996,RTK FIXED
56.887,071054.00,10.48531600,76.44418100,10.48531600,76.44418100,658050.707,1159433.834,108.00,658050.705,1159433.836,43.0,8,658051.093,1159434.301,10.48531800,76.44418200,0.364,-0.017,10.0,9.7,0.0,17.6,2047,1989,RTK FIXED
56.933,071054.00,10.48531600,76.44418100,10.48531600,76.44418100,658050.707,1159433.834,108.00,658050.706,1159433.835,43.0,8,658051.093,1159434.301,10.48531800,76.44418200,0.364,-0.017,10.0,9.7,0.5,17.5,2047,1989,RTK FIXED
56.987,071054.20,10.48531700,76.44418200,10.48531640,76.44418140,658050.816,1159433.945,108.00,658050.750,1159433.879,39.4,8,658051.093,1159434.301,10.48531800,76.44418200,0.366,0.006,9.9,10.0,0.0,17.0,2026,2047,RTK FIXED
57.033,071054.20,10.48531700,76.44418200,10.48531664,76.44418164,658050.816,1159433.945,108.00,658050.776,1159433.906,39.4,8,658051.093,1159434.301,10.48531800,76.44418200,0.366,0.006,9.9,10.0,-0.5,17.5,2026,2047,RTK FIXED
57.087,071054.20,10.48531700,76.44418200,10.48531678,76.44418178,658050.816,1159433.945,108.00,658050.792,1159433.922,39.4,8,658051.093,1159434.301,10.48531800,76.44418200,0.366,0.006,9.9,10.0,0.0,17.2,2026,2047,RTK FIXED
57.133,071054.40,10.48531700,76.44418200,10.48531687,76.44418187,658050.801,1159433.963,108.00,658050.796,1159433.938,39.4,8,658051.093,1159434.301,10.48531800,76.44418200,0.366,0.011,9.8,10.0,0.5,17.2,2010,2047,RTK FIXED
57.187,071054.40,10.48531700,76.44418200,10.48531692,76.44418192,658050.801,1159433.963,108.00,658050.798,1159433.948,39.4,8,658051.093,1159434.301,10.48531800,76.44418200,0.366,0.011,9.8,10.0,-0.5,18.2,2010,2047,RTK FIXED
57.233,071054.40,10.48531700,76.44418200,10.48531695,76.44418195,658050.801,1159433.963,108.00,658050.799,1159433.954,39.4,8,658051.093,1159434.301,10.48531800,76.44418200,0.366,0.011,9.8,10.0,0.0,15.1,2010,2047,RTK FIXED
57.287,071054.40,10.48531700,76.44418200,10.48531697,76.44418197,658050.801,1159433.963,108.00,658050.800,1159433.958,39.4,8,658051.093,1159434.301,10.48531800,76.44418200,0.366,0.011,9.8,10.0,0.5,17.7,2010,2047,RTK FIXED
57.341,071054.40,10.48531700,76.44418200,10.48531698,76.44418198,658050.801,1159433.963,108.00,658050.800,1159433.960,39.4,8,658051.093,1159434.301,10.48531800,76.44418200,0.366,0.011,9.8,10.0,0.0,18.0,2010,2047,RTK FIXED
57.387,071054.60,10.48531700,76.44418200,10.48531699,76.44418199,658050.801,1159433.963,108.00,658050.800,1159433.961,39.4,8,658051.093,1159434.301,10.48531800,76.44418200,0.366,0.011,9.8,10.0,-0.5,18.3,2009,2047,RTK FIXED
57.441,071054.60,10.48531700,76.44418200,10.48531699,76.44418199,658050.801,1159433.963,108.00,658050.801,1159433.962,39.4,8,658051.093,1159434.301,10.48531800,76.44418200,0.366,0.011,9.8,10.0,0.0,18.1,2009,2047,RTK FIXED
57.487,071054.60,10.48531700,76.44418200,10.48531700,76.44418200,658050.801,1159433.963,108.00,658050.801,1159433.963,39.4,8,658051.093,1159434.301,10.48531800,76.44418200,0.366,0.011,9.8,10.0,0.0,17.9,2009,2047,RTK FIXED
57.541,071054.60,10.48531700,76.44418200,10.48531700,76.44418200,658050.801,1159433.963,108.00,658050.801,1159433.963,39.4,8,658051.093,1159434.301,10.48531800,76.44418200,0.366,0.011,9.8,10.0,0.0,16.2,2009,2047,RTK FIXED
57.587,071054.60,10.48531700,76.44418200,10.48531700,76.44418200,658050.801,1159433.963,108.00,658050.801,1159433.963,39.4,8,658051.093,1159434.301,10.48531800,76.44418200,0.366,0.011,9.8,10.0,0.5,17.9,2009,2047,RTK FIXED
57.642,071054.80,10.48531700,76.44418300,10.48531700,76.44418240,658050.910,1159433.964,108.10,658050.845,1159433.963,38.5,8,658051.093,1159434.301,10.48531800,76.44418200,0.354,0.020,9.7,10.0,0.0,17.5,1978,2047,RTK FIXED
57.687,071054.80,10.48531700,76.44418300,10.48531700,76.44418264,658050.910,1159433.964,108.10,658050.871,1159433.964,38.5,8,658051.093,1159434.301,10.48531800,76.44418200,0.354,0.020,9.7,10.0,-0.5,15.9,1978,2047,RTK FIXED
57.741,071054.80,10.48531700,76.44418300,10.48531700,76.44418278,658050.910,1159433.964,108.10,658050.887,1159433.964,38.5,8,658051.093,1159434.301,10.48531800,76.44418200,0.354,0.020,9.7,10.0,0.5,18.1,1978,2047,RTK FIXED
57.787,071054.80,10.48531700,76.44418300,10.48531700,76.44418287,658050.910,1159433.964,108.10,658050.896,1159433.964,38.5,8,658051.093,1159434.301,10.48531800,76.44418200,0.354,0.020,9.7,10.0,-0.5,18.4,1978,2047,RTK FIXED
57.844,071055.00,10.48531800,76.44418300,10.48531740,76.44418292,658050.906,1159434.079,108.00,658050.900,1159434.010,38.5,9,658051.662,1159433.364,10.48530950,76.44418717,0.073,-0.725,8.0,1.6,0.0,18.1,1635,1597,RTK FIXED
57.887,071055.00,10.48531800,76.44418300,10.48531764,76.44418295,658050.906,1159434.079,108.00,658050.903,1159434.038,38.5,9,658051.662,1159433.364,10.48530950,76.44418717,0.073,-0.725,8.0,1.6,0.6,18.1,1635,1147,RTK FIXED
57.942,071055.00,10.48531800,76.44418300,10.48531778,76.44418297,658050.906,1159434.079,108.00,658050.904,1159434.054,38.5,9,658051.662,1159433.364,10.48530950,76.44418717,0.073,-0.725,8.0,1.6,-0.5,17.1,1635,1100,RTK FIXED
57.996,071055.20,10.48531800,76.44418300,10.48531787,76.44418298,658050.906,1159434.079,108.00,658050.905,1159434.064,45.2,9,658051.662,1159433.364,10.48530950,76.44418717,0.073,-0.974,8.0,1.6,0.0,17.9,1635,1100,RTK FIXED
58.041,071055.20,10.48531800,76.44418300,10.48531792,76.44418299,658050.906,1159434.079,108.00,658050.905,1159434.070,45.2,9,658051.662,1159433.364,10.48530950,76.44418717,0.073,-0.974,8.0,1.6,0.6,16.0,1635,1100,RTK FIXED
58.095,071055.20,10.48531800,76.44418300,10.48531795,76.44418299,658050.906,1159434.079,108.00,658050.906,1159434.074,45.2,9,658051.662,1159433.364,10.48530950,76.44418717,0.073,-0.974,8.0,1.6,-0.5,15.2,1635,1100,RTK FIXED
58.142,071055.20,10.48531800,76.44418300,10.48531797,76.44418300,658050.906,1159434.079,108.00,658050.906,1159434.076,45.2,9,658051.662,1159433.364,10.48530950,76.44418717,0.073,-0.974,8.0,1.6,0.5,14.0,1635,1100,RTK FIXED
58.195,071055.20,10.48531800,76.44418300,10.48531798,76.44418300,658050.906,1159434.079,108.00,658050.906,1159434.077,45.2,9,658051.662,1159433.364,10.48530950,76.44418717,0.073,-0.974,8.0,1.6,0.0,13.1,1635,1100,RTK FIXED
58.243,071055.40,10.48531800,76.44418300,10.48531799,76.44418300,658050.934,1159434.046,108.00,658050.917,1159434.065,45.2,9,658051.662,1159433.364,10.48530950,76.44418717,0.073,-1.052,8.0,1.6,0.0,11.2,1635,1100,RTK FIXED
58.295,071055.40,10.48531800,76.44418300,10.48531799,76.44418300,658050.934,1159434.046,108.00,658050.924,1159434.057,45.2,9,658051.662,1159433.364,10.48530950,76.44418717,0.073,-1.052,8.0,1.6,0.0,10.9,1635,1100,RTK FIXED
58.342,071055.40,10.48531800,76.44418300,10.48531800,76.44418300,658050.934,1159434.046,108.00,658050.928,1159434.053,45.2,9,658051.662,1159433.364,10.48530950,76.44418717,0.073,-1.052,8.0,1.6,-0.5,9.7,1635,1100,RTK FIXED
58.396,071055.60,10.48531800,76.44418400,10.48531800,76.44418340,658051.043,1159434.047,108.10,658050.974,1159434.050,45.2,9,658051.662,1159433.364,10.48530950,76.44418717,0.073,-1.087,8.0,1.6,0.5,9.6,1635,1100,RTK FIXED
58.442,071055.60,10.48531800,76.44418400,10.48531800,76.44418364,658051.043,1159434.047,108.10,658051.002,1159434.049,45.2,9,658051.662,1159433.364,10.48530950,76.44418717,0.073,-1.087,8.0,1.6,0.0,8.3,1635,1100,RTK FIXED
58.496,071055.60,10.48531800,76.44418400,10.48531800,76.44418378,658051.043,1159434.047,108.10,658051.019,1159434.048,45.2,9,658051.662,1159433.364,10.48530950,76.44418717,0.073,-1.087,8.0,1.6,0.0,8.2,1635,1100,RTK FIXED
58.550,071055.60,10.48531800,76.44418400,10.48531800,76.44418387,658051.043,1159434.047,108.10,658051.029,1159434.048,45.2,9,658051.662,1159433.364,10.48530950,76.44418717,0.073,-1.087,8.0,1.6,-0.5,7.5,1635,1100,RTK FIXED
58.596,071055.80,10.48531800,76.44418400,10.48531800,76.44418392,658051.043,1159434.047,108.00,658051.034,1159434.047,33.5,9,658051.662,1159433.364,10.48530950,76.44418717,0.073,-1.013,8.0,1.6,0.0,7.0,1635,1100,RTK FIXED
58.650,071055.80,10.48531800,76.44418400,10.48531800,76.44418395,658051.043,1159434.047,108.00,658051.038,1159434.047,33.5,9,658051.662,1159433.364,10.48530950,76.44418717,0.073,-1.013,8.0,1.6,0.0,6.5,1635,1100,RTK FIXED
58.696,071056.00,10.48531900,76.44418400,10.48531840,76.44418397,658050.997,1159434.217,108.00,658051.022,1159434.115,33.5,9,658051.662,1159433.364,10.48530950,76.44418717,0.073,-1.001,8.0,1.6,0.0,4.3,1635,1100,RTK FIXED
58.749,071056.00,10.48531900,76.44418400,10.48531864,76.44418398,658050.997,1159434.217,108.00,658051.012,1159434.156,33.5,9,658051.662,1159433.364,10.48530950,76.44418717,0.073,-1.001,8.0,1.6,0.5,5.7,1635,1100,RTK FIXED
58.797,071056.00,10.48531900,76.44418400,10.48531878,76.44418399,658050.997,1159434.217,108.00,658051.006,1159434.180,33.5,9,658051.662,1159433.364,10.48530950,76.44418717,0.073,-1.001,8.0,1.6,0.0,5.8,1635,1100,RTK FIXED
58.850,071056.00,10.48531900,76.44418400,10.48531887,76.44418399,658050.997,1159434.217,108.00,658051.002,1159434.195,33.5,9,658051.662,1159433.364,10.48530950,76.44418717,0.073,-1.001,8.0,1.6,0.0,5.1,1635,1100,RTK FIXED
58.904,071056.00,10.48531900,76.44418400,10.48531892,76.44418400,658050.997,1159434.217,108.00,658051.000,1159434.204,33.5,9,658051.662,1159433.364,10.48530950,76.44418717,0.073,-1.001,8.0,1.6,-0.5,5.1,1635,1100,RTK FIXED
58.950,071056.00,10.48531900,76.44418400,10.48531895,76.44418400,658050.997,1159434.217,108.00,658050.999,1159434.209,33.5,9,658051.662,1159433.364,10.48530950,76.44418717,0.073,-1.001,8.0,1.6,0.0,4.9,1635,1100,RTK FIXED
59.005,071056.20,10.48531900,76.44418400,10.48531897,76.44418400,658050.997,1159434.217,108.00,658050.998,1159434.212,50.0,9,658051.662,1159433.364,10.48530950,76.44418717,0.073,-1.124,8.0,1.6,0.0,5.1,1635,1100,RTK FIXED
59.050,071056.20,10.48531900,76.44418400,10.48531898,76.44418400,658050.997,1159434.217,108.00,658050.998,1159434.214,50.0,9,658051.662,1159433.364,10.48530950,76.44418717,0.073,-1.124,8.0,1.6,0.5,4.9,1635,1100,RTK FIXED
59.105,071056.40,10.48531900,76.44418500,10.48531899,76.44418440,658051.175,1159434.136,108.00,658051.069,1159434.183,50.0,9,658051.662,1159433.364,10.48530950,76.44418717,0.073,-1.164,8.0,1.6,0.0,5.1,1635,1100,RTK FIXED
59.150,071056.40,10.48531900,76.44418500,10.48531899,76.44418464,658051.175,1159434.136,108.00,658051.111,1159434.164,50.0,9,658051.662,1159433.364,10.48530950,76.44418717,0.073,-1.164,8.0,1.6,0.0,4.4,1635,1100,RTK FIXED
59.204,071056.40,10.48531900,76.44418500,10.48531900,76.44418478,658051.175,1159434.136,108.00,658051.137,1159434.153,50.0,9,658051.662,1159433.364,10.48530950,76.44418717,0.073,-1.164,8.0,1.6,0.0,5.1,1635,1100,RTK FIXED
59.250,071056.40,10.48531900,76.44418500,10.48531900,76.44418487,658051.175,1159434.136,108.00,658051.152,1159434.146,50.0,9,658051.662,1159433.364,10.48530950,76.44418717,0.073,-1.164,8.0,1.6,-0.5,4.4,1635,1100,RTK FIXED
59.305,071056.60,10.48531900,76.44418500,10.48531900,76.44418492,658051.175,1159434.136,108.00,658051.161,1159434.142,33.3,9,658051.662,1159433.364,10.48530950,76.44418717,0.073,-1.054,8.0,1.6,0.0,4.6,1635,1100,RTK FIXED
59.350,071056.60,10.48531900,76.44418500,10.48531900,76.44418495,658051.175,1159434.136,108.00,658051.167,1159434.140,33.3,9,658051.662,1159433.364,10.48530950,76.44418717,0.073,-1.054,8.0,1.6,0.5,4.9,1635,1100,RTK FIXED
59.404,071056.60,10.48531900,76.44418500,10.48531900,76.44418497,658051.175,1159434.136,108.00,658051.170,1159434.138,33.3,9,658051.662,1159433.364,10.48530950,76.44418717,0.073,-1.054,8.0,1.6,0.0,4.6,1635,1100,RTK FIXED
59.458,071056.60,10.48531900,76.44418500,10.48531900,76.44418498,658051.175,1159434.136,108.00,658051.172,1159434.138,33.3,9,658051.662,1159433.364,10.48530950,76.44418717,0.073,-1.054,8.0,1.6,0.0,4.2,1635,1100,RTK FIXED
59.505,071056.60,10.48531900,76.44418500,10.48531900,76.44418499,658051.175,1159434.136,108.00,658051.173,1159434.137,33.3,9,658051.662,1159433.364,10.48530950,76.44418717,0.073,-1.054,8.0,1.6,-0.5,4.9,1635,1100,RTK FIXED
59.558,071056.60,10.48531900,76.44418500,10.48531900,76.44418499,658051.175,1159434.136,108.00,658051.174,1159434.137,33.3,9,658051.662,1159433.364,10.48530950,76.44418717,0.073,-1.054,8.0,1.6,0.0,4.7,1635,1100,RTK FIXED
59.605,071056.80,10.48531900,76.44418500,10.48531900,76.44418500,658051.106,1159434.219,108.00,658051.147,1159434.169,33.3,9,658051.662,1159433.364,10.48530950,76.44418717,0.073,-1.029,8.0,1.6,0.0,4.3,1635,1100,RTK FIXED
59.658,071056.80,10.48531900,76.44418500,10.48531900,76.44418500,658051.106,1159434.219,108.00,658051.130,1159434.189,33.3,9,658051.662,1159433.364,10.48530950,76.44418717,0.073,-1.029,8.0,1.6,0.5,5.1,1635,1100,RTK FIXED
59.705,071056.80,10.48531900,76.44418500,10.48531900,76.44418500,658051.106,1159434.219,108.00,658051.120,1159434.201,33.3,9,658051.662,1159433.364,10.48530950,76.44418717,0.073,-1.029,8.0,1.6,0.0,4.3,1635,1100,RTK FIXED
59.759,071056.80,10.48531900,76.44418500,10.48531900,76.44418500,658051.106,1159434.219,108.00,658051.114,1159434.208,33.3,9,658051.662,1159433.364,10.48530950,76.44418717,0.073,-1.029,8.0,1.6,0.0,4.6,1635,1100,RTK FIXED
59.805,071057.00,10.48531900,76.44418500,10.48531900,76.44418500,658051.106,1159434.219,108.00,658051.111,1159434.212,33.3,9,658051.662,1159433.364,10.48530950,76.44418717,0.073,-1.024,8.0,1.6,0.0,4.3,1635,1100,RTK FIXED
59.858,071057.00,10.48531900,76.44418500,10.48531900,76.44418500,658051.106,1159434.219,108.00,658051.109,1159434.215,33.3,9,658051.662,1159433.364,10.48530950,76.44418717,0.073,-1.024,8.0,1.6,0.0,4.7,1635,1100,RTK FIXED
59.905,071057.00,10.48531900,76.44418500,10.48531900,76.44418500,658051.106,1159434.219,108.00,658051.108,1159434.216,33.3,9,658051.662,1159433.364,10.48530950,76.44418717,0.073,-1.024,8.0,1.6,-0.5,4.3,1635,1100,RTK FIXED
59.959,071057.00,10.48531900,76.44418500,10.48531900,76.44418500,658051.106,1159434.219,108.00,658051.107,1159434.217,33.3,9,658051.662,1159433.364,10.48530950,76.44418717,0.073,-1.024,8.0,1.6,0.0,4.2,1635,1100,RTK FIXED
60.013,071057.00,10.48531900,76.44418500,10.48531900,76.44418500,658051.106,1159434.219,108.00,658051.106,1159434.218,33.3,9,658051.662,1159433.364,10.48530950,76.44418717,0.073,-1.024,8.0,1.6,0.0,4.2,1635,1100,RTK FIXED
60.059,071057.20,10.48531900,76.44418500,10.48531900,76.44418500,658051.106,1159434.219,108.00,658051.106,1159434.218,33.3,9,658051.662,1159433.364,10.48530950,76.44418717,0.073,-1.023,8.0,1.6,0.0,4.3,1635,1100,RTK FIXED
60.112,071057.20,10.48531900,76.44418500,10.48531900,76.44418500,658051.106,1159434.219,108.00,658051.106,1159434.218,33.3,9,658051.662,1159433.364,10.48530950,76.44418717,0.073,-1.023,8.0,1.6,0.0,4.2,1635,1100,RTK FIXED
60.158,071057.20,10.48531900,76.44418500,10.48531900,76.44418500,658051.106,1159434.219,108.00,658051.106,1159434.218,33.3,9,658051.662,1159433.364,10.48530950,76.44418717,0.073,-1.023,8.0,1.6,0.0,3.8,1635,1100,RTK FIXED
60.214,071057.40,10.48531900,76.44418600,10.48531900,76.44418540,658051.215,1159434.219,108.00,658051.149,1159434.219,33.3,9,658051.662,1159433.364,10.48530950,76.44418717,0.073,-1.029,8.0,1.6,0.0,4.0,1635,1100,RTK FIXED
60.259,071057.40,10.48531900,76.44418600,10.48531900,76.44418564,658051.215,1159434.219,108.00,658051.176,1159434.219,33.3,9,658051.662,1159433.364,10.48530950,76.44418717,0.073,-1.029,8.0,1.6,0.0,3.8,1635,1100,RTK FIXED
60.313,071057.60,10.48531900,76.44418600,10.48531900,76.44418578,658051.215,1159434.219,108.10,658051.191,1159434.219,37.3,9,658051.662,1159433.364,10.48530950,76.44418717,0.073,-1.066,8.0,1.6,0.0,3.7,1635,1100,RTK FIXED
60.358,071057.60,10.48531900,76.44418600,10.48531900,76.44418587,658051.215,1159434.219,108.10,658051.201,1159434.219,37.3,9,658051.662,1159433.364,10.48530950,76.44418717,0.073,-1.066,8.0,1.6,0.0,3.8,1635,1100,RTK FIXED
60.413,071057.60,10.48531900,76.44418600,10.48531900,76.44418592,658051.215,1159434.219,108.10,658051.207,1159434.219,37.3,9,658051.662,1159433.364,10.48530950,76.44418717,0.073,-1.066,8.0,1.6,0.0,4.1,1635,1100,RTK FIXED
60.459,071057.60,10.48531900,76.44418600,10.48531900,76.44418595,658051.215,1159434.219,108.10,658051.210,1159434.219,37.3,9,658051.662,1159433.364,10.48530950,76.44418717,0.073,-1.066,8.0,1.6,0.0,3.8,1635,1100,RTK FIXED
60.514,071057.60,10.48531900,76.44418600,10.48531900,76.44418597,658051.215,1159434.219,108.10,658051.212,1159434.219,37.3,9,658051.662,1159433.364,10.48530950,76.44418717,0.073,-1.066,8.0,1.6,0.0,3.7,1635,1100,RTK FIXED
60.567,071057.80,10.48531900,76.44418600,10.48531900,76.44418598,658051.230,1159434.197,108.10,658051.219,1159434.210,37.3,9,658051.662,1159433.364,10.48530950,76.44418717,0.073,-1.077,8.0,1.6,0.0,3.7,1635,1100,RTK FIXED
60.613,071057.80,10.48531900,76.44418600,10.48531900,76.44418599,658051.230,1159434.197,108.10,658051.223,1159434.205,37.3,9,658051.662,1159433.364,10.48530950,76.44418717,0.073,-1.077,8.0,1.6,0.0,3.8,1635,1100,RTK FIXED
60.667,071057.80,10.48531900,76.44418600,10.48531900,76.44418599,658051.230,1159434.197,108.10,658051.226,1159434.202,37.3,9,658051.662,1159433.364,10.48530950,76.44418717,0.073,-1.077,8.0,1.6,0.0,3.3,1635,1100,RTK FIXED
60.713,071057.80,10.48531900,76.44418600,10.48531900,76.44418600,658051.230,1159434.197,108.10,658051.227,1159434.200,37.3,9,658051.662,1159433.364,10.48530950,76.44418717,0.073,-1.077,8.0,1.6,0.0,3.3,1635,1100,RTK FIXED
60.768,071057.80,10.48531900,76.44418600,10.48531900,76.44418600,658051.230,1159434.197,108.10,658051.228,1159434.199,37.3,9,658051.662,1159433.364,10.48530950,76.44418717,0.073,-1.077,8.0,1.6,0.0,3.6,1635,1100,RTK FIXED
60.814,071058.00,10.48531900,76.44418600,10.48531900,76.44418600,658051.230,1159434.197,108.10,658051.229,1159434.198,37.3,9,658051.662,1159433.364,10.48530950,76.44418717,0.073,-1.081,8.0,1.6,0.0,3.3,1635,1100,RTK FIXED
60.868,071058.00,10.48531900,76.44418600,10.48531900,76.44418600,658051.230,1159434.197,108.10,658051.229,1159434.198,37.3,9,658051.662,1159433.364,10.48530950,76.44418717,0.073,-1.081,8.0,1.6,0.0,3.2,1635,1100,RTK FIXED
60.913,071058.00,10.48531900,76.44418600,10.48531900,76.44418600,658051.230,1159434.197,108.10,658051.229,1159434.198,37.3,9,658051.662,1159433.364,10.48530950,76.44418717,0.073,-1.081,8.0,1.6,0.0,3.3,1635,1100,RTK FIXED
60.968,071058.20,10.48531800,76.44418600,10.48531860,76.44418600,658051.230,1159434.087,108.00,658051.230,1159434.153,37.3,9,658051.662,1159433.364,10.48530950,76.44418717,0.073,-1.079,8.0,1.6,0.0,3.2,1635,1100,RTK FIXED
61.013,071058.20,10.48531800,76.44418600,10.48531836,76.44418600,658051.230,1159434.087,108.00,658051.230,1159434.126,37.3,9,658051.662,1159433.364,10.48530950,76.44418717,0.073,-1.079,8.0,1.6,0.0,3.3,1635,1100,RTK FIXED
61.068,071058.40,10.48531800,76.44418600,10.48531822,76.44418600,658051.230,1159434.087,108.00,658051.230,1159434.111,7.9,9,658051.662,1159433.364,10.48530950,76.44418717,0.152,-0.848,10.0,2.0,0.0,3.7,2047,1100,RTK FIXED
61.122,071058.40,10.48531800,76.44418600,10.48531813,76.44418600,658051.230,1159434.087,108.00,658051.230,1159434.101,7.9,9,658051.662,1159433.364,10.48530950,76.44418717,0.152,-0.848,10.0,2.0,0.0,3.3,2047,1100,RTK FIXED
61.167,071058.40,10.48531800,76.44418600,10.48531808,76.44418600,658051.230,1159434.087,108.00,658051.230,1159434.095,7.9,9,658051.662,1159433.364,10.48530950,76.44418717,0.152,-0.848,10.0,2.0,0.6,3.3,2047,1100,RTK FIXED
61.221,071058.40,10.48531800,76.44418600,10.48531805,76.44418600,658051.230,1159434.087,108.00,658051.230,1159434.092,7.9,9,658051.662,1159433.364,10.48530950,76.44418717,0.152,-0.848,10.0,2.0,-0.5,3.2,2047,1100,RTK FIXED
61.267,071058.40,10.48531800,76.44418600,10.48531803,76.44418600,658051.230,1159434.087,108.00,658051.230,1159434.090,7.9,9,658051.662,1159433.364,10.48530950,76.44418717,0.152,-0.848,10.0,2.0,0.5,3.8,2047,1100,RTK FIXED
61.322,071058.40,10.48531800,76.44418600,10.48531802,76.44418600,658051.230,1159434.087,108.00,658051.230,1159434.088,7.9,9,658051.662,1159433.364,10.48530950,76.44418717,0.152,-0.848,10.0,2.0,0.0,3.2,2047,1100,RTK FIXED
61.369,071058.60,10.48531800,76.44418700,10.48531801,76.44418640,658051.272,1159434.263,108.00,658051.247,1159434.158,7.9,9,658051.662,1159433.364,10.48530950,76.44418717,0.152,-0.797,10.0,2.0,0.0,3.7,2047,1100,RTK FIXED
61.422,071058.60,10.48531800,76.44418700,10.48531801,76.44418664,658051.272,1159434.263,108.00,658051.257,1159434.200,7.9,9,658051.662,1159433.364,10.48530950,76.44418717,0.152,-0.797,10.0,2.0,-0.5,3.3,2047,1100,RTK FIXED
61.467,071058.60,10.48531800,76.44418700,10.48531800,76.44418678,658051.272,1159434.263,108.00,658051.263,1159434.225,7.9,9,658051.662,1159433.364,10.48530950,76.44418717,0.152,-0.797,10.0,2.0,0.6,3.9,2047,1100,RTK FIXED
61.522,071058.60,10.48531800,76.44418700,10.48531800,76.44418687,658051.272,1159434.263,108.00,658051.267,1159434.240,7.9,9,658051.662,1159433.364,10.48530950,76.44418717,0.152,-0.797,10.0,2.0,0.0,3.7,2047,1100,RTK FIXED
61.567,071058.60,10.48531800,76.44418700,10.48531800,76.44418692,658051.272,1159434.263,108.00,658051.269,1159434.249,7.9,9,658051.662,1159433.364,10.48530950,76.44418717,0.152,-0.797,10.0,2.0,0.0,3.3,2047,1100,RTK FIXED
61.622,071058.80,10.48531800,76.44418700,10.48531800,76.44418695,658051.272,1159434.263,108.00,658051.270,1159434.255,26.5,9,658051.662,1159433.364,10.48530950,76.44418717,0.073,-0.935,8.0,1.6,0.0,3.6,1635,1100,RTK FIXED
61.667,071058.80,10.48531800,76.44418700,10.48531800,76.44418697,658051.272,1159434.263,108.00,658051.271,1159434.258,26.5,9,658051.662,1159433.364,10.48530950,76.44418717,0.073,-0.935,8.0,1.6,0.0,3.3,1635,1100,RTK FIXED
61.722,071058.80,10.48531800,76.44418700,10.48531800,76.44418698,658051.272,1159434.263,108.00,658051.271,1159434.260,26.5,9,658051.662,1159433.364,10.48530950,76.44418717,0.073,-0.935,8.0,1.6,-0.5,3.7,1635,1100,RTK FIXED
61.775,071058.80,10.48531800,76.44418700,10.48531800,76.44418699,658051.272,1159434.263,108.00,658051.272,1159434.261,26.5,9,658051.662,1159433.364,10.48530950,76.44418717,0.073,-0.935,8.0,1.6,0.0,3.3,1635,1100,RTK FIXED
61.822,071059.00,10.48531800,76.44418700,10.48531800,76.44418699,658051.304,1159434.147,108.10,658051.285,1159434.216,26.5,9,658051.662,1159433.364,10.48530950,76.44418717,0.073,-0.970,8.0,1.6,0.5,3.2,1635,1100,RTK FIXED
61.876,071059.20,10.48531800,76.44418700,10.48531800,76.44418700,658051.304,1159434.147,108.00,658051.293,1159434.188,26.5,9,658051.662,1159433.364,10.48530950,76.44418717,0.073,-0.979,8.0,1.6,-0.5,3.7,1635,1100,RTK FIXED
61.922,071059.20,10.48531800,76.44418700,10.48531800,76.44418700,658051.304,1159434.147,108.00,658051.297,1159434.172,26.5,9,658051.662,1159433.364,10.48530950,76.44418717,0.073,-0.979,8.0,1.6,0.5,3.3,1635,1100,RTK FIXED
61.975,071059.20,10.48531800,76.44418700,10.48531800,76.44418700,658051.304,1159434.147,108.00,658051.300,1159434.162,26.5,9,658051.662,1159433.364,10.48530950,76.44418717,0.073,-0.979,8.0,1.6,0.0,2.8,1635,1100,RTK FIXED
62.022,071059.20,10.48531800,76.44418700,10.48531800,76.44418700,658051.304,1159434.147,108.00,658051.302,1159434.156,26.5,9,658051.662,1159433.364,10.48530950,76.44418717,0.073,-0.979,8.0,1.6,0.0,3.2,1635,1100,RTK FIXED
62.077,071059.40,10.48531800,76.44418800,10.48531800,76.44418740,658051.414,1159434.148,108.00,658051.347,1159434.153,8.9,9,658051.662,1159433.364,10.48530950,76.44418717,0.146,-0.849,10.0,2.0,-0.5,2.8,2047,1100,RTK FIXED
62.122,071059.40,10.48531800,76.44418800,10.48531800,76.44418764,658051.414,1159434.148,108.00,658051.373,1159434.151,8.9,9,658051.662,1159433.364,10.48530950,76.44418717,0.146,-0.849,10.0,2.0,0.0,2.7,2047,1100,RTK FIXED
62.176,071059.40,10.48531800,76.44418800,10.48531800,76.44418778,658051.414,1159434.148,108.00,658051.390,1159434.150,8.9,9,658051.662,1159433.364,10.48530950,76.44418717,0.146,-0.849,10.0,2.0,0.5,2.8,2047,1100,RTK FIXED
62.222,071059.40,10.48531800,76.44418800,10.48531800,76.44418787,658051.414,1159434.148,108.00,658051.399,1159434.149,8.9,9,658051.662,1159433.364,10.48530950,76.44418717,0.146,-0.849,10.0,2.0,-0.5,2.7,2047,1100,RTK FIXED
62.276,071059.40,10.48531800,76.44418800,10.48531800,76.44418792,658051.414,1159434.148,108.00,658051.405,1159434.149,8.9,9,658051.662,1159433.364,10.48530950,76.44418717,0.146,-0.849,10.0,2.0,0.5,2.8,2047,1100,RTK FIXED
62.330,071059.40,10.48531800,76.44418800,10.48531800,76.44418795,658051.414,1159434.148,108.00,658051.409,1159434.148,8.9,9,658051.662,1159433.364,10.48530950,76.44418717,0.146,-0.849,10.0,2.0,-0.5,2.3,2047,1100,RTK FIXED
62.377,071059.60,10.48531700,76.44418800,10.48531760,76.44418797,658051.383,1159434.146,108.00,658051.398,1159434.147,8.9,9,658051.662,1159433.364,10.48530950,76.44418717,0.146,-0.818,10.0,2.0,0.0,2.7,2047,1100,RTK FIXED
62.430,071059.60,10.48531700,76.44418800,10.48531736,76.44418798,658051.383,1159434.146,108.00,658051.392,1159434.147,8.9,9,658051.662,1159433.364,10.48530950,76.44418717,0.146,-0.818,10.0,2.0,0.0,3.3,2047,1100,RTK FIXED
62.477,071059.60,10.48531700,76.44418800,10.48531722,76.44418799,658051.383,1159434.146,108.00,658051.388,1159434.147,8.9,9,658051.662,1159433.364,10.48530950,76.44418717,0.146,-0.818,10.0,2.0,0.0,2.7,2047,1100,RTK FIXED
62.530,071059.60,10.48531700,76.44418800,10.48531713,76.44418799,658051.383,1159434.146,108.00,658051.386,1159434.147,8.9,9,658051.662,1159433.364,10.48530950,76.44418717,0.146,-0.818,10.0,2.0,0.0,2.8,2047,1100,RTK FIXED
62.577,071059.60,10.48531700,76.44418800,10.48531708,76.44418800,658051.383,1159434.146,108.00,658051.385,1159434.146,8.9,9,658051.662,1159433.364,10.48530950,76.44418717,0.146,-0.818,10.0,2.0,0.5,2.7,2047,1100,RTK FIXED
62.631,071059.80,10.48531700,76.44418800,10.48531705,76.44418800,658051.383,1159434.146,108.00,658051.384,1159434.146,8.9,9,658051.662,1159433.364,10.48530950,76.44418717,0.146,-0.812,10.0,2.0,0.0,2.8,2047,1100,RTK FIXED
62.677,071059.80,10.48531700,76.44418800,10.48531703,76.44418800,658051.383,1159434.146,108.00,658051.383,1159434.146,8.9,9,658051.662,1159433.364,10.48530950,76.44418717,0.146,-0.812,10.0,2.0,-0.5,2.7,2047,1100,RTK FIXED
62.730,071059.80,10.48531700,76.44418800,10.48531702,76.44418800,658051.383,1159434.146,108.00,658051.383,1159434.146,8.9,9,658051.662,1159433.364,10.48530950,76.44418717,0.146,-0.812,10.0,2.0,0.5,2.8,2047,1100,RTK FIXED
62.784,071059.80,10.48531700,76.44418800,10.48531701,76.44418800,658051.383,1159434.146,108.00,658051.383,1159434.146,8.9,9,658051.662,1159433.364,10.48530950,76.44418717,0.146,-0.812,10.0,2.0,0.0,2.8,2047,1100,RTK FIXED
62.831,071100.00,10.48531700,76.44418800,10.48531701,76.44418800,658051.383,1159434.146,108.00,658051.383,1159434.146,8.9,9,658051.662,1159433.364,10.48530950,76.44418717,0.146,-0.811,10.0,2.0,-0.5,2.7,2047,1100,RTK FIXED
62.885,071100.00,10.48531700,76.44418800,10.48531700,76.44418800,658051.383,1159434.146,108.00,658051.383,1159434.146,8.9,9,658051.662,1159433.364,10.48530950,76.44418717,0.146,-0.811,10.0,2.0,0.5,2.4,2047,1100,RTK FIXED
62.931,071100.00,10.48531700,76.44418800,10.48531700,76.44418800,658051.383,1159434.146,108.00,658051.383,1159434.146,8.9,9,658051.662,1159433.364,10.48530950,76.44418717,0.146,-0.811,10.0,2.0,-0.5,2.7,2047,1100,RTK FIXED
62.985,071100.20,10.48531600,76.44418800,10.48531660,76.44418800,658051.383,1159434.036,108.00,658051.383,1159434.102,8.9,9,658051.662,1159433.364,10.48530950,76.44418717,0.146,-0.807,10.0,2.0,0.0,2.8,2047,1100,RTK FIXED
63.030,071100.20,10.48531600,76.44418800,10.48531636,76.44418800,658051.383,1159434.036,108.00,658051.383,1159434.075,8.9,9,658051.662,1159433.364,10.48530950,76.44418717,0.146,-0.807,10.0,2.0,0.6,2.2,2047,1100,RTK FIXED
63.084,071100.20,10.48531600,76.44418800,10.48531622,76.44418800,658051.383,1159434.036,108.00,658051.383,1159434.060,8.9,9,658051.662,1159433.364,10.48530950,76.44418717,0.146,-0.807,10.0,2.0,-0.5,2.3,2047,1100,RTK FIXED
63.131,071100.40,10.48531600,76.44418800,10.48531613,76.44418800,658051.383,1159434.036,108.00,658051.383,1159434.050,-12.9,9,658051.662,1159433.364,10.48530950,76.44418717,0.260,-0.638,10.0,2.0,0.0,2.1,2047,1100,RTK FIXED
63.184,071100.40,10.48531600,76.44418800,10.48531608,76.44418800,658051.383,1159434.036,108.00,658051.383,1159434.044,-12.9,9,658051.662,1159433.364,10.48530950,76.44418717,0.260,-0.638,10.0,2.0,0.5,2.8,2047,1100,RTK FIXED
63.231,071100.40,10.48531600,76.44418800,10.48531605,76.44418800,658051.383,1159434.036,108.00,658051.383,1159434.041,-12.9,9,658051.662,1159433.364,10.48530950,76.44418717,0.260,-0.638,10.0,2.0,-0.5,2.1,2047,1100,RTK FIXED
63.285,071100.40,10.48531600,76.44418800,10.48531603,76.44418800,658051.383,1159434.036,108.00,658051.383,1159434.039,-12.9,9,658051.662,1159433.364,10.48530950,76.44418717,0.260,-0.638,10.0,2.0,0.0,2.3,2047,1100,RTK FIXED
63.340,071100.40,10.48531600,76.44418800,10.48531602,76.44418800,658051.383,1159434.036,108.00,658051.383,1159434.038,-12.9,9,658051.662,1159433.364,10.48530950,76.44418717,0.260,-0.638,10.0,2.0,0.0,2.3,2047,1100,RTK FIXED
63.385,071100.60,10.48531600,76.44418800,10.48531601,76.44418800,658051.392,1159434.175,108.10,658051.387,1159434.093,-12.9,9,658051.662,1159433.364,10.48530950,76.44418717,0.260,-0.600,10.0,2.0,0.5,2.7,2047,1100,RTK FIXED
63.439,071100.60,10.48531600,76.44418800,10.48531601,76.44418800,658051.392,1159434.175,108.10,658051.389,1159434.126,-12.9,9,658051.662,1159433.364,10.48530950,76.44418717,0.260,-0.600,10.0,2.0,-0.5,2.3,2047,1100,RTK FIXED
63.485,071100.60,10.48531600,76.44418800,10.48531600,76.44418800,658051.392,1159434.175,108.10,658051.390,1159434.145,-12.9,9,658051.662,1159433.364,10.48530950,76.44418717,0.260,-0.600,10.0,2.0,0.5,2.2,2047,1100,RTK FIXED
63.539,071100.60,10.48531600,76.44418800,10.48531600,76.44418800,658051.392,1159434.175,108.10,658051.391,1159434.157,-12.9,9,658051.662,1159433.364,10.48530950,76.44418717,0.260,-0.600,10.0,2.0,0.0,2.3,2047,1100,RTK FIXED
63.585,071100.60,10.48531600,76.44418800,10.48531600,76.44418800,658051.392,1159434.175,108.10,658051.391,1159434.164,-12.9,9,658051.662,1159433.364,10.48530950,76.44418717,0.260,-0.600,10.0,2.0,-0.5,2.2,2047,1100,RTK FIXED
63.640,071100.80,10.48531500,76.44418800,10.48531560,76.44418800,658051.392,1159434.065,108.00,658051.392,1159434.124,-12.9,9,658051.662,1159433.364,10.48530950,76.44418717,0.260,-0.589,10.0,2.0,0.0,2.3,2047,1100,RTK FIXED
63.685,071100.80,10.48531500,76.44418800,10.48531536,76.44418800,658051.392,1159434.065,108.00,658051.392,1159434.101,-12.9,9,658051.662,1159433.364,10.48530950,76.44418717,0.260,-0.589,10.0,2.0,0.5,2.2,2047,1100,RTK FIXED
63.739,071100.80,10.48531500,76.44418800,10.48531522,76.44418800,658051.392,1159434.065,108.00,658051.392,1159434.086,-12.9,9,658051.662,1159433.364,10.48530950,76.44418717,0.260,-0.589,10.0,2.0,-0.5,2.3,2047,1100,RTK FIXED
63.785,071100.80,10.48531500,76.44418800,10.48531513,76.44418800,658051.392,1159434.065,108.00,658051.392,1159434.077,-12.9,9,658051.662,1159433.364,10.48530950,76.44418717,0.260,-0.589,10.0,2.0,0.5,2.2,2047,1100,RTK FIXED
63.840,071101.00,10.48531500,76.44418800,10.48531508,76.44418800,658051.392,1159434.065,108.00,658051.392,1159434.072,-12.9,9,658051.662,1159433.364,10.48530950,76.44418717,0.260,-0.585,10.0,2.0,0.0,2.3,2047,1100,RTK FIXED
63.893,071101.00,10.48531500,76.44418800,10.48531505,76.44418800,658051.392,1159434.065,108.00,658051.392,1159434.069,-12.9,9,658051.662,1159433.364,10.48530950,76.44418717,0.260,-0.585,10.0,2.0,0.0,2.3,2047,1100,RTK FIXED
63.939,071101.00,10.48531500,76.44418800,10.48531503,76.44418800,658051.392,1159434.065,108.00,658051.392,1159434.067,-12.9,9,658051.662,1159433.364,10.48530950,76.44418717,0.260,-0.585,10.0,2.0,0.0,2.2,2047,1100,RTK FIXED
63.994,071101.20,10.48531500,76.44418800,10.48531502,76.44418800,658051.392,1159434.065,108.00,658051.392,1159434.066,-12.9,9,658051.662,1159433.364,10.48530950,76.44418717,0.260,-0.584,10.0,2.0,-0.5,1.8,2047,1100,RTK FIXED
64.039,071101.20,10.48531500,76.44418800,10.48531501,76.44418800,658051.392,1159434.065,108.00,658051.392,1159434.066,-12.9,9,658051.662,1159433.364,10.48530950,76.44418717,0.260,-0.584,10.0,2.0,0.6,2.8,2047,1100,RTK FIXED
64.094,071101.20,10.48531500,76.44418800,10.48531501,76.44418800,658051.392,1159434.065,108.00,658051.392,1159434.065,-12.9,9,658051.662,1159433.364,10.48530950,76.44418717,0.260,-0.584,10.0,2.0,0.0,1.8,2047,1100,RTK FIXED
64.140,071101.40,10.48531400,76.44418800,10.48531460,76.44418800,658051.393,1159433.954,108.00,658051.393,1159434.021,-12.9,9,658051.662,1159433.364,10.48530950,76.44418717,0.260,-0.580,10.0,2.0,-0.5,2.2,2047,1100,RTK FIXED
64.193,071101.40,10.48531400,76.44418800,10.48531436,76.44418800,658051.393,1159433.954,108.00,658051.393,1159433.994,-12.9,9,658051.662,1159433.364,10.48530950,76.44418717,0.260,-0.580,10.0,2.0,0.5,2.3,2047,1100,RTK FIXED
64.239,071101.40,10.48531400,76.44418800,10.48531422,76.44418800,658051.393,1159433.954,108.00,658051.393,1159433.978,-12.9,9,658051.662,1159433.364,10.48530950,76.44418717,0.260,-0.580,10.0,2.0,-0.5,2.2,2047,1100,RTK FIXED
64.294,071101.40,10.48531400,76.44418800,10.48531413,76.44418800,658051.393,1159433.954,108.00,658051.393,1159433.968,-12.9,9,658051.662,1159433.364,10.48530950,76.44418717,0.260,-0.580,10.0,2.0,0.5,2.3,2047,1100,RTK FIXED
64.339,071101.40,10.48531400,76.44418800,10.48531408,76.44418800,658051.393,1159433.954,108.00,658051.393,1159433.963,-12.9,9,658051.662,1159433.364,10.48530950,76.44418717,0.260,-0.580,10.0,2.0,-0.5,2.2,2047,1100,RTK FIXED
64.394,071101.60,10.48531400,76.44418800,10.48531405,76.44418800,658051.393,1159433.954,108.00,658051.393,1159433.959,-12.9,9,658051.662,1159433.364,10.48530950,76.44418717,0.260,-0.577,10.0,2.0,0.0,2.3,2047,1100,RTK FIXED
64.439,071101.60,10.48531400,76.44418800,10.48531403,76.44418800,658051.393,1159433.954,108.00,658051.393,1159433.957,-12.9,9,658051.662,1159433.364,10.48530950,76.44418717,0.260,-0.577,10.0,2.0,0.6,2.2,2047,1100,RTK FIXED
64.494,071101.60,10.48531400,76.44418800,10.48531402,76.44418800,658051.393,1159433.954,108.00,658051.393,1159433.956,-12.9,9,658051.662,1159433.364,10.48530950,76.44418717,0.260,-0.577,10.0,2.0,0.0,2.3,2047,1100,RTK FIXED
64.547,071101.60,10.48531400,76.44418800,10.48531401,76.44418800,658051.393,1159433.954,108.00,658051.393,1159433.955,-12.9,9,658051.662,1159433.364,10.48530950,76.44418717,0.260,-0.577,10.0,2.0,-0.5,2.4,2047,1100,RTK FIXED
64.594,071101.60,10.48531400,76.44418800,10.48531401,76.44418800,658051.393,1159433.954,108.00,658051.393,1159433.955,-12.9,9,658051.662,1159433.364,10.48530950,76.44418717,0.260,-0.577,10.0,2.0,0.5,2.1,2047,1100,RTK FIXED
64.648,071101.80,10.48531400,76.44418800,10.48531400,76.44418800,658051.393,1159433.954,108.00,658051.393,1159433.954,-33.7,9,658051.662,1159433.364,10.48530950,76.44418717,0.335,-0.402,10.0,4.7,0.0,2.8,2047,1100,RTK FIXED
64.694,071101.80,10.48531400,76.44418800,10.48531400,76.44418800,658051.393,1159433.954,108.00,658051.393,1159433.954,-33.7,9,658051.662,1159433.364,10.48530950,76.44418717,0.335,-0.402,10.0,4.7,-0.5,2.2,2047,1100,RTK FIXED
64.746,071101.80,10.48531400,76.44418800,10.48531400,76.44418800,658051.393,1159433.954,108.00,658051.393,1159433.954,-33.7,9,658051.662,1159433.364,10.48530950,76.44418717,0.335,-0.402,10.0,4.7,0.5,2.4,2047,1100,RTK FIXED
64.795,071101.80,10.48531400,76.44418800,10.48531400,76.44418800,658051.393,1159433.954,108.00,658051.393,1159433.954,-33.7,9,658051.662,1159433.364,10.48530950,76.44418717,0.335,-0.402,10.0,4.7,-0.5,2.1,2047,1100,RTK FIXED
64.849,071102.00,10.48531300,76.44418800,10.48531360,76.44418800,658051.450,1159433.965,108.00,658051.416,1159433.958,-33.7,9,658051.662,1159433.364,10.48530950,76.44418717,0.335,-0.361,10.0,5.1,0.0,1.9,2047,1100,RTK FIXED
64.902,071102.20,10.48531300,76.44418700,10.48531336,76.44418760,658051.340,1159433.964,108.00,658051.386,1159433.961,-33.7,9,658051.662,1159433.364,10.48530950,76.44418717,0.335,-0.347,10.0,5.3,0.0,2.3,2047,1100,RTK FIXED
64.947,071102.20,10.48531300,76.44418700,10.48531322,76.44418736,658051.340,1159433.964,108.00,658051.367,1159433.962,-33.7,9,658051.662,1159433.364,10.48530950,76.44418717,0.335,-0.347,10.0,5.3,0.0,2.2,2047,1100,RTK FIXED
65.002,071102.20,10.48531300,76.44418700,10.48531313,76.44418722,658051.340,1159433.964,108.00,658051.357,1159433.963,-33.7,9,658051.662,1159433.364,10.48530950,76.44418717,0.335,-0.347,10.0,5.3,0.0,1.8,2047,1100,RTK FIXED
65.048,071102.20,10.48531300,76.44418700,10.48531308,76.44418713,658051.340,1159433.964,108.00,658051.350,1159433.964,-33.7,9,658051.662,1159433.364,10.48530950,76.44418717,0.335,-0.347,10.0,5.3,0.5,2.7,2047,1100,RTK FIXED
65.103,071102.40,10.48531300,76.44418700,10.48531305,76.44418708,658051.340,1159433.964,108.00,658051.346,1159433.964,-33.7,9,658051.662,1159433.364,10.48530950,76.44418717,0.335,-0.341,10.0,5.3,0.0,2.3,2047,1100,RTK FIXED
65.148,071102.40,10.48531300,76.44418700,10.48531303,76.44418705,658051.340,1159433.964,108.00,658051.344,1159433.964,-33.7,9,658051.662,1159433.364,10.48530950,76.44418717,0.335,-0.341,10.0,5.3,0.0,2.2,2047,1100,RTK FIXED
65.202,071102.40,10.48531300,76.44418700,10.48531302,76.44418703,658051.340,1159433.964,108.00,658051.342,1159433.964,-33.7,9,658051.662,1159433.364,10.48530950,76.44418717,0.335,-0.341,10.0,5.3,0.0,1.9,2047,1100,RTK FIXED
65.247,071102.40,10.48531300,76.44418700,10.48531301,76.44418702,658051.340,1159433.964,108.00,658051.342,1159433.964,-33.7,9,658051.662,1159433.364,10.48530950,76.44418717,0.335,-0.341,10.0,5.3,-0.6,2.2,2047,1100,RTK FIXED
65.302,071102.40,10.48531300,76.44418700,10.48531301,76.44418701,658051.340,1159433.964,108.00,658051.341,1159433.964,-33.7,9,658051.662,1159433.364,10.48530950,76.44418717,0.335,-0.341,10.0,5.3,0.0,2.3,2047,1100,RTK FIXED
65.348,071102.40,10.48531300,76.44418700,10.48531300,76.44418701,658051.340,1159433.964,108.00,658051.341,1159433.964,-33.7,9,658051.662,1159433.364,10.48530950,76.44418717,0.335,-0.341,10.0,5.3,0.0,2.2,2047,1100,RTK FIXED
65.403,071102.60,10.48531200,76.44418700,10.48531260,76.44418700,658051.341,1159433.854,108.00,658051.341,1159433.920,-33.7,9,658051.662,1159433.364,10.48530950,76.44418717,0.335,-0.334,10.0,5.4,0.0,2.3,2047,1104,RTK FIXED
65.448,071102.60,10.48531200,76.44418700,10.48531236,76.44418700,658051.341,1159433.854,108.00,658051.341,1159433.894,-33.7,9,658051.662,1159433.364,10.48530950,76.44418717,0.335,-0.334,10.0,5.4,0.6,2.2,2047,1104,RTK FIXED
65.502,071102.60,10.48531200,76.44418700,10.48531222,76.44418700,658051.341,1159433.854,108.00,658051.341,1159433.878,-33.7,9,658051.662,1159433.364,10.48530950,76.44418717,0.335,-0.334,10.0,5.4,0.0,2.3,2047,1104,RTK FIXED
65.557,071102.80,10.48531200,76.44418700,10.48531213,76.44418700,658051.341,1159433.854,108.00,658051.341,1159433.868,-58.5,9,658051.662,1159433.364,10.48530950,76.44418717,0.366,-0.100,10.0,8.5,0.0,2.3,2047,1554,RTK FIXED
65.602,071102.80,10.48531200,76.44418700,10.48531208,76.44418700,658051.341,1159433.854,108.00,658051.341,1159433.862,-58.5,9,658051.662,1159433.364,10.48530950,76.44418717,0.366,-0.100,10.0,8.5,0.0,2.2,2047,1738,RTK FIXED
65.656,071102.80,10.48531200,76.44418700,10.48531205,76.44418700,658051.341,1159433.854,108.00,658051.341,1159433.859,-58.5,9,658051.662,1159433.364,10.48530950,76.44418717,0.366,-0.100,10.0,8.5,0.0,3.3,2047,1738,RTK FIXED
65.702,071102.80,10.48531200,76.44418700,10.48531203,76.44418700,658051.341,1159433.854,108.00,658051.341,1159433.857,-58.5,9,658051.662,1159433.364,10.48530950,76.44418717,0.366,-0.100,10.0,8.5,-0.5,4.9,2047,1738,RTK FIXED
65.756,071102.80,10.48531200,76.44418700,10.48531202,76.44418700,658051.341,1159433.854,108.00,658051.341,1159433.856,-58.5,9,658051.662,1159433.364,10.48530950,76.44418717,0.366,-0.100,10.0,8.5,0.0,4.6,2047,1738,RTK FIXED
65.803,071103.00,10.48531200,76.44418700,10.48531201,76.44418700,658051.458,1159433.961,108.00,658051.388,1159433.898,-58.5,9,658051.662,1159433.364,10.48530950,76.44418717,0.366,-0.046,10.0,9.3,0.5,7.0,2047,1897,RTK FIXED
65.857,071103.00,10.48531200,76.44418700,10.48531201,76.44418700,658051.458,1159433.961,108.00,658051.416,1159433.923,-58.5,9,658051.662,1159433.364,10.48530950,76.44418717,0.366,-0.046,10.0,9.3,0.0,8.0,2047,1897,RTK FIXED
65.902,071103.00,10.48531200,76.44418700,10.48531200,76.44418700,658051.458,1159433.961,108.00,658051.433,1159433.938,-58.5,9,658051.662,1159433.364,10.48530950,76.44418717,0.366,-0.046,10.0,9.3,0.0,11.0,2047,1897,RTK FIXED
65.957,071103.00,10.48531200,76.44418700,10.48531200,76.44418700,658051.458,1159433.961,108.00,658051.443,1159433.947,-58.5,9,658051.662,1159433.364,10.48530950,76.44418717,0.366,-0.046,10.0,9.3,-0.5,9.6,2047,1897,RTK FIXED
66.003,071103.20,10.48531200,76.44418600,10.48531200,76.44418660,658051.349,1159433.960,108.00,658051.405,1159433.952,-58.5,9,658051.662,1159433.364,10.48530950,76.44418717,0.366,-0.032,10.0,9.5,0.0,13.0,2047,1942,RTK FIXED
66.057,071103.20,10.48531200,76.44418600,10.48531200,76.44418636,658051.349,1159433.960,108.00,658051.383,1159433.955,-58.5,9,658051.662,1159433.364,10.48530950,76.44418717,0.366,-0.032,10.0,9.5,0.5,13.0,2047,1942,RTK FIXED
66.112,071103.40,10.48531200,76.44418600,10.48531200,76.44418622,658051.349,1159433.960,108.00,658051.369,1159433.957,-58.5,9,658051.662,1159433.364,10.48530950,76.44418717,0.366,-0.028,10.0,9.5,0.0,14.1,2047,1954,RTK FIXED
66.156,071103.40,10.48531200,76.44418600,10.48531200,76.44418613,658051.349,1159433.960,108.00,658051.361,1159433.958,-58.5,9,658051.662,1159433.364,10.48530950,76.44418717,0.366,-0.028,10.0,9.5,0.0,15.2,2047,1954,RTK FIXED
66.211,071103.40,10.48531200,76.44418600,10.48531200,76.44418608,658051.349,1159433.960,108.00,658051.356,1159433.959,-58.5,9,658051.662,1159433.364,10.48530950,76.44418717,0.366,-0.028,10.0,9.5,-0.5,15.6,2047,1954,RTK FIXED
66.257,071103.40,10.48531200,76.44418600,10.48531200,76.44418605,658051.349,1159433.960,108.00,658051.353,1159433.959,-58.5,9,658051.662,1159433.364,10.48530950,76.44418717,0.366,-0.028,10.0,9.5,0.5,15.8,2047,1954,RTK FIXED
66.311,071103.60,10.48531100,76.44418600,10.48531160,76.44418603,658051.349,1159433.850,108.00,658051.351,1159433.915,-58.5,9,658051.662,1159433.364,10.48530950,76.44418717,0.366,-0.025,10.0,9.6,0.0,14.2,2047,1966,RTK FIXED
66.357,071103.60,10.48531100,76.44418600,10.48531136,76.44418602,658051.349,1159433.850,108.00,658051.351,1159433.889,-58.5,9,658051.662,1159433.364,10.48530950,76.44418717,0.366,-0.025,10.0,9.6,-0.5,15.7,2047,1966,RTK FIXED
66.411,071103.60,10.48531100,76.44418600,10.48531122,76.44418601,658051.349,1159433.850,108.00,658051.350,1159433.873,-58.5,9,658051.662,1159433.364,10.48530950,76.44418717,0.366,-0.025,10.0,9.6,0.5,16.3,2047,1966,RTK FIXED
66.457,071103.60,10.48531100,76.44418600,10.48531113,76.44418601,658051.349,1159433.850,108.00,658051.350,1159433.864,-58.5,9,658051.662,1159433.364,10.48530950,76.44418717,0.366,-0.025,10.0,9.6,0.0,14.5,2047,1966,RTK FIXED
66.511,071103.60,10.48531100,76.44418600,10.48531108,76.44418600,658051.349,1159433.850,108.00,658051.349,1159433.858,-58.5,9,658051.662,1159433.364,10.48530950,76.44418717,0.366,-0.025,10.0,9.6,0.0,16.4,2047,1966,RTK FIXED
66.557,071103.60,10.48531100,76.44418600,10.48531105,76.44418600,658051.349,1159433.850,108.00,658051.349,1159433.855,-58.5,9,658051.662,1159433.364,10.48530950,76.44418717,0.366,-0.025,10.0,9.6,0.0,14.2,2047,1966,RTK FIXED
66.611,071103.80,10.48531100,76.44418600,10.48531103,76.44418600,658051.349,1159433.850,108.00,658051.349,1159433.853,-58.5,9,658051.662,1159433.364,10.48530950,76.44418717,0.366,-0.022,10.0,9.6,-0.5,16.4,2047,1974,RTK FIXED
66.665,071103.80,10.48531100,76.44418600,10.48531102,76.44418600,658051.349,1159433.850,108.00,658051.349,1159433.851,-58.5,9,658051.662,1159433.364,10.48530950,76.44418717,0.366,-0.022,10.0,9.6,0.0,16.7,2047,1974,RTK FIXED
66.711,071103.80,10.48531100,76.44418600,10.48531101,76.44418600,658051.349,1159433.850,108.00,658051.349,1159433.851,-58.5,9,658051.662,1159433.364,10.48530950,76.44418717,0.366,-0.022,10.0,9.6,0.5,16.3,2047,1974,RTK FIXED
66.765,071103.80,10.48531100,76.44418600,10.48531101,76.44418600,658051.349,1159433.850,108.00,658051.349,1159433.850,-58.5,9,658051.662,1159433.364,10.48530950,76.44418717,0.366,-0.022,10.0,9.6,-0.5,16.8,2047,1974,RTK FIXED
66.811,071104.00,10.48531100,76.44418500,10.48531100,76.44418560,658051.240,1159433.849,108.00,658051.305,1159433.850,-58.5,9,658051.662,1159433.364,10.48530950,76.44418717,0.366,-0.017,10.0,9.7,0.0,16.5,2047,1992,RTK FIXED
66.865,071104.00,10.48531100,76.44418500,10.48531100,76.44418536,658051.240,1159433.849,108.00,658051.279,1159433.849,-58.5,9,658051.662,1159433.364,10.48530950,76.44418717,0.366,-0.017,10.0,9.7,0.0,15.0,2047,1992,RTK FIXED
66.911,071104.00,10.48531100,76.44418500,10.48531100,76.44418522,658051.240,1159433.849,108.00,658051.263,1159433.849,-58.5,9,658051.662,1159433.364,10.48530950,76.44418717,0.366,-0.017,10.0,9.7,0.0,16.8,2047,1992,RTK FIXED
66.966,071104.20,10.48531000,76.44418500,10.48531060,76.44418513,658051.240,1159433.738,108.00,658051.254,1159433.805,-80.5,9,658051.662,1159433.364,10.48530950,76.44418717,0.343,0.178,7.3,10.0,0.0,17.0,1597,2047,RTK FIXED
67.012,071104.20,10.48531000,76.44418500,10.48531036,76.44418508,658051.240,1159433.738,108.00,658051.248,1159433.778,-80.5,9,658051.662,1159433.364,10.48530950,76.44418717,0.343,0.178,7.3,10.0,0.5,16.8,1494,2047,RTK FIXED
67.066,071104.20,10.48531000,76.44418500,10.48531022,76.44418505,658051.240,1159433.738,108.00,658051.245,1159433.762,-80.5,9,658051.662,1159433.364,10.48530950,76.44418717,0.343,0.178,7.3,10.0,0.0,17.0,1494,2047,RTK FIXED
67.112,071104.40,10.48531000,76.44418500,10.48531013,76.44418503,658051.374,1159433.784,108.00,658051.297,1159433.771,-80.5,9,658051.662,1159433.364,10.48530950,76.44418717,0.343,0.225,6.7,10.0,0.0,18.0,1374,2047,RTK FIXED
67.165,071104.40,10.48531000,76.44418500,10.48531008,76.44418502,658051.374,1159433.784,108.00,658051.327,1159433.776,-80.5,9,658051.662,1159433.364,10.48530950,76.44418717,0.343,0.225,6.7,10.0,0.0,18.3,1374,2047,RTK FIXED
67.219,071104.40,10.48531000,76.44418500,10.48531005,76.44418501,658051.374,1159433.784,108.00,658051.346,1159433.780,-80.5,9,658051.662,1159433.364,10.48530950,76.44418717,0.343,0.225,6.7,10.0,-0.5,17.6,1374,2047,RTK FIXED
67.265,071104.40,10.48531000,76.44418500,10.48531003,76.44418501,658051.374,1159433.784,108.00,658051.357,1159433.781,-80.5,9,658051.662,1159433.364,10.48530950,76.44418717,0.343,0.225,6.7,10.0,0.5,17.9,1374,2047,RTK FIXED
67.319,071104.40,10.48531000,76.44418500,10.48531002,76.44418500,658051.374,1159433.784,108.00,658051.364,1159433.783,-80.5,9,658051.662,1159433.364,10.48530950,76.44418717,0.343,0.225,6.7,10.0,-0.5,17.4,1374,2047,RTK FIXED
67.366,071104.60,10.48531000,76.44418500,10.48531001,76.44418500,658051.374,1159433.784,108.00,658051.368,1159433.783,-80.5,9,658051.662,1159433.364,10.48530950,76.44418717,0.343,0.237,6.6,10.0,0.0,18.0,1343,2047,RTK FIXED
67.419,071104.60,10.48531000,76.44418500,10.48531001,76.44418500,658051.374,1159433.784,108.00,658051.370,1159433.784,-80.5,9,658051.662,1159433.364,10.48530950,76.44418717,0.343,0.237,6.6,10.0,0.5,18.0,1343,2047,RTK FIXED
67.466,071104.60,10.48531000,76.44418500,10.48531000,76.44418500,658051.374,1159433.784,108.00,658051.371,1159433.784,-80.5,9,658051.662,1159433.364,10.48530950,76.44418717,0.343,0.237,6.6,10.0,0.0,17.6,1343,2047,RTK FIXED
67.519,071104.60,10.48531000,76.44418500,10.48531000,76.44418500,658051.374,1159433.784,108.00,658051.372,1159433.784,-80.5,9,658051.662,1159433.364,10.48530950,76.44418717,0.343,0.237,6.6,10.0,-0.5,16.0,1343,2047,RTK FIXED
67.565,071104.60,10.48531000,76.44418500,10.48531000,76.44418500,658051.374,1159433.784,108.00,658051.373,1159433.784,-80.5,9,658051.662,1159433.364,10.48530950,76.44418717,0.343,0.237,6.6,10.0,0.0,17.4,1343,2047,RTK FIXED
67.620,071104.80,10.48530900,76.44418500,10.48530960,76.44418500,658051.374,1159433.674,108.00,658051.373,1159433.740,-69.5,9,658051.662,1159433.364,10.48530950,76.44418717,0.361,0.121,8.2,10.0,0.0,17.3,1672,2047,RTK FIXED
67.665,071104.80,10.48530900,76.44418500,10.48530936,76.44418500,658051.374,1159433.674,108.00,658051.374,1159433.713,-69.5,9,658051.662,1159433.364,10.48530950,76.44418717,0.361,0.121,8.2,10.0,0.6,17.2,1672,2047,RTK FIXED
67.719,071104.80,10.48530900,76.44418500,10.48530922,76.44418500,658051.374,1159433.674,108.00,658051.374,1159433.698,-69.5,9,658051.662,1159433.364,10.48530950,76.44418717,0.361,0.121,8.2,10.0,-0.5,18.1,1672,2047,RTK FIXED
67.774,071105.00,10.48530900,76.44418500,10.48530913,76.44418500,658051.306,1159433.657,108.00,658051.347,1159433.681,-69.5,9,658051.662,1159433.364,10.48530950,76.44418717,0.361,0.097,8.5,10.0,0.0,17.3,1742,2047,RTK FIXED
67.819,071105.00,10.48530900,76.44418500,10.48530908,76.44418500,658051.306,1159433.657,108.00,658051.330,1159433.672,-69.5,9,658051.662,1159433.364,10.48530950,76.44418717,0.361,0.097,8.5,10.0,0.0,17.8,1742,2047,RTK FIXED
67.875,071105.00,10.48530900,76.44418500,10.48530905,76.44418500,658051.306,1159433.657,108.00,658051.320,1159433.666,-69.5,9,658051.662,1159433.364,10.48530950,76.44418717,0.361,0.097,8.5,10.0,0.0,16.1,1742,2047,RTK FIXED
67.920,071105.20,10.48530900,76.44418500,10.48530903,76.44418500,658051.306,1159433.657,108.00,658051.314,1159433.663,-69.5,9,658051.662,1159433.364,10.48530950,76.44418717,0.361,0.093,8.6,10.0,0.6,17.7,1752,2047,RTK FIXED
67.974,071105.20,10.48530900,76.44418500,10.48530902,76.44418500,658051.306,1159433.657,108.00,658051.311,1159433.660,-69.5,9,658051.662,1159433.364,10.48530950,76.44418717,0.361,0.093,8.6,10.0,0.0,18.2,1752,2047,RTK FIXED
68.019,071105.20,10.48530900,76.44418500,10.48530901,76.44418500,658051.306,1159433.657,108.00,658051.309,1159433.659,-69.5,9,658051.662,1159433.364,10.48530950,76.44418717,0.361,0.093,8.6,10.0,-0.6,17.6,1752,2047,RTK FIXED
68.074,071105.20,10.48530900,76.44418500,10.48530901,76.44418500,658051.306,1159433.657,108.00,658051.308,1159433.658,-69.5,9,658051.662,1159433.364,10.48530950,76.44418717,0.361,0.093,8.6,10.0,0.5,18.3,1752,2047,RTK FIXED
68.119,071105.20,10.48530900,76.44418500,10.48530900,76.44418500,658051.306,1159433.657,108.00,658051.307,1159433.658,-69.5,9,658051.662,1159433.364,10.48530950,76.44418717,0.361,0.093,8.6,10.0,-0.6,16.5,1752,2047,RTK FIXED
68.175,071105.40,10.48530800,76.44418500,10.48530860,76.44418500,658051.306,1159433.547,108.00,658051.306,1159433.613,-81.1,9,658051.662,1159433.364,10.48530950,76.44418717,0.327,0.232,6.5,10.0,0.0,18.2,1328,2047,RTK FIXED
68.220,071105.40,10.48530800,76.44418500,10.48530836,76.44418500,658051.306,1159433.547,108.00,658051.306,1159433.587,-81.1,9,658051.662,1159433.364,10.48530950,76.44418717,0.327,0.232,6.5,10.0,0.6,18.8,1328,2047,RTK FIXED
68.274,071105.40,10.48530800,76.44418500,10.48530822,76.44418500,658051.306,1159433.547,108.00,658051.306,1159433.571,-81.1,9,658051.662,1159433.364,10.48530950,76.44418717,0.327,0.232,6.5,10.0,0.0,18.4,1328,2047,RTK FIXED
68.328,071105.40,10.48530800,76.44418500,10.48530813,76.44418500,658051.306,1159433.547,108.00,658051.306,1159433.561,-81.1,9,658051.662,1159433.364,10.48530950,76.44418717,0.327,0.232,6.5,10.0,-0.5,16.7,1328,2047,RTK FIXED
68.375,071105.40,10.48530800,76.44418500,10.48530808,76.44418500,658051.306,1159433.547,108.00,658051.306,1159433.555,-81.1,9,658051.662,1159433.364,10.48530950,76.44418717,0.327,0.232,6.5,10.0,0.0,18.4,1328,2047,RTK FIXED
68.429,071105.60,10.48530800,76.44418500,10.48530805,76.44418500,658051.379,1159433.564,108.00,658051.335,1159433.559,-81.1,9,658051.662,1159433.364,10.48530950,76.44418717,0.299,0.266,5.8,10.0,0.5,17.9,1185,2047,RTK FIXED
68.474,071105.60,10.48530800,76.44418500,10.48530803,76.44418500,658051.379,1159433.564,108.00,658051.353,1159433.561,-81.1,9,658051.662,1159433.364,10.48530950,76.44418717,0.299,0.266,5.8,10.0,-0.5,18.6,1185,2047,RTK FIXED
68.528,071105.60,10.48530800,76.44418500,10.48530802,76.44418500,658051.379,1159433.564,108.00,658051.363,1159433.562,-81.1,9,658051.662,1159433.364,10.48530950,76.44418717,0.299,0.266,5.8,10.0,0.5,18.1,1185,2047,RTK FIXED
68.577,071105.80,10.48530800,76.44418500,10.48530801,76.44418500,658051.379,1159433.564,108.00,658051.369,1159433.563,-81.1,10,658052.232,1159432.426,10.48530100,76.44419233,0.341,0.280,6.1,10.0,0.0,17.8,1238,2047,RTK FIXED
68.628,071105.80,10.48530800,76.44418500,10.48530801,76.44418500,658051.379,1159433.564,108.00,658051.373,1159433.563,-81.1,10,658052.232,1159432.426,10.48530100,76.44419233,0.341,0.280,6.1,10.0,0.0,17.7,1238,2047,RTK FIXED
68.674,071105.80,10.48530800,76.44418500,10.48530800,76.44418500,658051.379,1159433.564,108.00,658051.375,1159433.563,-81.1,10,658052.232,1159432.426,10.48530100,76.44419233,0.341,0.280,6.1,10.0,0.0,18.4,1238,2047,RTK FIXED
68.730,071106.00,10.48530700,76.44418500,10.48530760,76.44418500,658051.379,1159433.453,108.00,658051.377,1159433.519,-75.8,10,658052.232,1159432.426,10.48530100,76.44419233,0.352,0.240,6.6,10.0,-0.4,18.0,1352,2047,RTK FIXED
68.782,071106.00,10.48530700,76.44418500,10.48530736,76.44418500,658051.379,1159433.453,108.00,658051.378,1159433.493,-75.8,10,658052.232,1159432.426,10.48530100,76.44419233,0.352,0.240,6.6,10.0,0.5,17.4,1352,2047,RTK FIXED
68.829,071106.00,10.48530700,76.44418500,10.48530722,76.44418500,658051.379,1159433.453,108.00,658051.379,1159433.477,-75.8,10,658052.232,1159432.426,10.48530100,76.44419233,0.352,0.240,6.6,10.0,-0.5,17.7,1352,2047,RTK FIXED
68.882,071106.20,10.48530700,76.44418500,10.48530713,76.44418500,658051.345,1159433.447,108.00,658051.365,1159433.465,-75.8,10,658052.232,1159432.426,10.48530100,76.44419233,0.352,0.235,6.7,10.0,0.0,16.2,1363,2047,RTK FIXED
68.929,071106.20,10.48530700,76.44418500,10.48530708,76.44418500,658051.345,1159433.447,108.00,658051.357,1159433.458,-75.8,10,658052.232,1159432.426,10.48530100,76.44419233,0.352,0.235,6.7,10.0,0.5,17.9,1363,2047,RTK FIXED
68.982,071106.20,10.48530700,76.44418500,10.48530705,76.44418500,658051.345,1159433.447,108.00,658051.353,1159433.454,-75.8,10,658052.232,1159432.426,10.48530100,76.44419233,0.352,0.235,6.7,10.0,0.0,17.6,1363,2047,RTK FIXED
69.028,071106.20,10.48530700,76.44418500,10.48530703,76.44418500,658051.345,1159433.447,108.00,658051.350,1159433.451,-75.8,10,658052.232,1159432.426,10.48530100,76.44419233,0.352,0.235,6.7,10.0,-0.5,18.1,1363,2047,RTK FIXED
69.083,071106.20,10.48530700,76.44418500,10.48530702,76.44418500,658051.345,1159433.447,108.00,658051.348,1159433.449,-75.8,10,658052.232,1159432.426,10.48530100,76.44419233,0.352,0.235,6.7,10.0,0.0,17.3,1363,2047,RTK FIXED
69.129,071106.20,10.48530700,76.44418500,10.48530701,76.44418500,658051.345,1159433.447,108.00,658051.347,1159433.448,-75.8,10,658052.232,1159432.426,10.48530100,76.44419233,0.352,0.235,6.7,10.0,0.5,18.4,1363,2047,RTK FIXED
69.183,071106.40,10.48530700,76.44418500,10.48530701,76.44418500,658051.345,1159433.447,108.00,658051.346,1159433.448,-75.8,10,658052.232,1159432.426,10.48530100,76.44419233,0.352,0.240,6.6,10.0,-0.5,17.6,1353,2047,RTK FIXED
69.228,071106.40,10.48530700,76.44418500,10.48530700,76.44418500,658051.345,1159433.447,108.00,658051.346,1159433.448,-75.8,10,658052.232,1159432.426,10.48530100,76.44419233,0.352,0.240,6.6,10.0,0.6,17.7,1353,2047,RTK FIXED
69.283,071106.40,10.48530700,76.44418500,10.48530700,76.44418500,658051.345,1159433.447,108.00,658051.346,1159433.447,-75.8,10,658052.232,1159432.426,10.48530100,76.44419233,0.352,0.240,6.6,10.0,0.0,16.0,1353,2047,RTK FIXED
69.337,071106.40,10.48530700,76.44418500,10.48530700,76.44418500,658051.345,1159433.447,108.00,658051.346,1159433.447,-75.8,10,658052.232,1159432.426,10.48530100,76.44419233,0.352,0.240,6.6,10.0,-0.5,17.7,1353,2047,RTK FIXED
69.383,071106.60,10.48530600,76.44418500,10.48530660,76.44418500,658051.346,1159433.336,108.00,658051.346,1159433.403,-82.4,10,658052.232,1159432.426,10.48530100,76.44419233,0.338,0.308,5.7,10.0,0.5,17.7,1168,2047,RTK FIXED
69.437,071106.60,10.48530600,76.44418500,10.48530636,76.44418500,658051.346,1159433.336,108.00,658051.346,1159433.376,-82.4,10,658052.232,1159432.426,10.48530100,76.44419233,0.338,0.308,5.7,10.0,0.0,18.2,1168,2047,RTK FIXED
69.483,071106.60,10.48530600,76.44418500,10.48530622,76.44418500,658051.346,1159433.336,108.00,658051.346,1159433.360,-82.4,10,658052.232,1159432.426,10.48530100,76.44419233,0.338,0.308,5.7,10.0,-0.5,17.3,1168,2047,RTK FIXED
69.537,071106.60,10.48530600,76.44418500,10.48530613,76.44418500,658051.346,1159433.336,108.00,658051.346,1159433.351,-82.4,10,658052.232,1159432.426,10.48530100,76.44419233,0.338,0.308,5.7,10.0,0.5,15.8,1168,2047,RTK FIXED
69.583,071106.80,10.48530600,76.44418500,10.48530608,76.44418500,658051.388,1159433.343,108.00,658051.363,1159433.348,-82.4,10,658052.232,1159432.426,10.48530100,76.44419233,0.338,0.329,5.5,10.0,0.0,17.2,1122,2047,RTK FIXED
69.637,071106.80,10.48530600,76.44418500,10.48530605,76.44418500,658051.388,1159433.343,108.00,658051.373,1159433.346,-82.4,10,658052.232,1159432.426,10.48530100,76.44419233,0.338,0.329,5.5,10.0,-0.5,17.8,1122,2047,RTK FIXED
69.683,071106.80,10.48530600,76.44418500,10.48530603,76.44418500,658051.388,1159433.343,108.00,658051.379,1159433.345,-82.4,10,658052.232,1159432.426,10.48530100,76.44419233,0.338,0.329,5.5,10.0,0.5,17.3,1122,2047,RTK FIXED
69.738,071107.00,10.48530600,76.44418500,10.48530602,76.44418500,658051.388,1159433.343,108.00,658051.383,1159433.344,-82.4,10,658052.232,1159432.426,10.48530100,76.44419233,0.338,0.336,5.4,10.0,0.0,17.9,1106,2047,RTK FIXED
69.783,071107.00,10.48530600,76.44418500,10.48530601,76.44418500,658051.388,1159433.343,108.00,658051.385,1159433.344,-82.4,10,658052.232,1159432.426,10.48530100,76.44419233,0.338,0.336,5.4,10.0,0.0,17.0,1106,2047,RTK FIXED
69.838,071107.00,10.48530600,76.44418500,10.48530601,76.44418500,658051.388,1159433.343,108.00,658051.386,1159433.344,-82.4,10,658052.232,1159432.426,10.48530100,76.44419233,0.338,0.336,5.4,10.0,-0.5,18.0,1106,2047,RTK FIXED
69.891,071107.20,10.48530600,76.44418600,10.48530600,76.44418540,658051.498,1159433.344,108.00,658051.431,1159433.344,-69.6,10,658052.232,1159432.426,10.48530100,76.44419233,0.361,0.177,7.4,10.0,0.0,17.1,1521,2047,RTK FIXED
69.937,071107.20,10.48530600,76.44418600,10.48530600,76.44418564,658051.498,1159433.344,108.00,658051.457,1159433.344,-69.6,10,658052.232,1159432.426,10.48530100,76.44419233,0.361,0.177,7.4,10.0,0.0,17.4,1521,2047,RTK FIXED
69.991,071107.20,10.48530600,76.44418600,10.48530600,76.44418578,658051.498,1159433.344,108.00,658051.474,1159433.344,-69.6,10,658052.232,1159432.426,10.48530100,76.44419233,0.361,0.177,7.4,10.0,0.5,17.7,1521,2047,RTK FIXED
70.037,071107.20,10.48530600,76.44418600,10.48530600,76.44418587,658051.498,1159433.344,108.00,658051.483,1159433.344,-69.6,10,658052.232,1159432.426,10.48530100,76.44419233,0.361,0.177,7.4,10.0,-0.5,15.1,1521,2047,RTK FIXED
70.090,071107.20,10.48530600,76.44418600,10.48530600,76.44418592,658051.498,1159433.344,108.00,658051.489,1159433.344,-69.6,10,658052.232,1159432.426,10.48530100,76.44419233,0.361,0.177,7.4,10.0,0.5,17.9,1521,2047,RTK FIXED
70.138,071107.20,10.48530600,76.44418600,10.48530600,76.44418595,658051.498,1159433.344,108.00,658051.492,1159433.344,-69.6,10,658052.232,1159432.426,10.48530100,76.44419233,0.361,0.177,7.4,10.0,-0.5,17.2,1521,2047,RTK FIXED
70.191,071107.40,10.48530500,76.44418600,10.48530560,76.44418597,658051.417,1159433.216,108.00,658051.462,1159433.293,-69.6,10,658052.232,1159432.426,10.48530100,76.44419233,0.361,0.142,7.9,10.0,0.5,17.4,1615,2047,RTK FIXED
70.237,071107.40,10.48530500,76.44418600,10.48530536,76.44418598,658051.417,1159433.216,108.00,658051.444,1159433.262,-69.6,10,658052.232,1159432.426,10.48530100,76.44419233,0.361,0.142,7.9,10.0,-0.5,18.0,1615,2047,RTK FIXED
70.291,071107.40,10.48530500,76.44418600,10.48530522,76.44418599,658051.417,1159433.216,108.00,658051.434,1159433.243,-69.6,10,658052.232,1159432.426,10.48530100,76.44419233,0.361,0.142,7.9,10.0,0.5,17.6,1615,2047,RTK FIXED
70.338,071107.40,10.48530500,76.44418600,10.48530513,76.44418599,658051.417,1159433.216,108.00,658051.427,1159433.232,-69.6,10,658052.232,1159432.426,10.48530100,76.44419233,0.361,0.142,7.9,10.0,0.0,17.3,1615,2047,RTK FIXED
70.391,071107.40,10.48530500,76.44418600,10.48530508,76.44418600,658051.417,1159433.216,108.00,658051.423,1159433.225,-69.6,10,658052.232,1159432.426,10.48530100,76.44419233,0.361,0.142,7.9,10.0,-0.5,16.2,1615,2047,RTK FIXED
70.438,071107.60,10.48530500,76.44418600,10.48530505,76.44418600,658051.417,1159433.216,108.00,658051.421,1159433.222,-76.5,10,658052.232,1159432.426,10.48530100,76.44419233,0.351,0.245,6.5,10.0,0.0,18.7,1338,2047,RTK FIXED
70.491,071107.60,10.48530500,76.44418600,10.48530503,76.44418600,658051.417,1159433.216,108.00,658051.420,1159433.219,-76.5,10,658052.232,1159432.426,10.48530100,76.44419233,0.351,0.245,6.5,10.0,0.5,15.6,1338,2047,RTK FIXED
70.545,071107.60,10.48530500,76.44418600,10.48530502,76.44418600,658051.417,1159433.216,108.00,658051.419,1159433.218,-76.5,10,658052.232,1159432.426,10.48530100,76.44419233,0.351,0.245,6.5,10.0,-0.5,18.4,1338,2047,RTK FIXED
70.592,071107.60,10.48530500,76.44418600,10.48530501,76.44418600,658051.417,1159433.216,108.00,658051.418,1159433.217,-76.5,10,658052.232,1159432.426,10.48530100,76.44419233,0.351,0.245,6.5,10.0,0.5,18.4,1338,2047,RTK FIXED
70.646,071107.80,10.48530500,76.44418600,10.48530501,76.44418600,658051.460,1159433.227,108.00,658051.435,1159433.221,-76.5,10,658052.232,1159432.426,10.48530100,76.44419233,0.351,0.272,6.2,10.0,-0.5,16.1,1274,2047,RTK FIXED
70.691,071107.80,10.48530500,76.44418600,10.48530500,76.44418600,658051.460,1159433.227,108.00,658051.445,1159433.224,-76.5,10,658052.232,1159432.426,10.48530100,76.44419233,0.351,0.272,6.2,10.0,0.0,18.3,1274,2047,RTK FIXED
70.746,071107.80,10.48530500,76.44418600,10.48530500,76.44418600,658051.460,1159433.227,108.00,658051.451,1159433.225,-76.5,10,658052.232,1159432.426,10.48530100,76.44419233,0.351,0.272,6.2,10.0,0.5,17.9,1274,2047,RTK FIXED
70.800,071108.00,10.48530500,76.44418700,10.48530500,76.44418640,658051.570,1159433.228,108.00,658051.498,1159433.226,-76.5,10,658052.232,1159432.426,10.48530100,76.44419233,0.351,0.274,6.2,10.0,-0.5,18.0,1269,2047,RTK FIXED
70.846,071108.00,10.48530500,76.44418700,10.48530500,76.44418664,658051.570,1159433.228,108.00,658051.527,1159433.227,-76.5,10,658052.232,1159432.426,10.48530100,76.44419233,0.351,0.274,6.2,10.0,0.5,18.6,1269,2047,RTK FIXED
70.900,071108.00,10.48530500,76.44418700,10.48530500,76.44418678,658051.570,1159433.228,108.00,658051.544,1159433.227,-76.5,10,658052.232,1159432.426,10.48530100,76.44419233,0.351,0.274,6.2,10.0,-0.5,16.0,1269,2047,RTK FIXED
70.946,071108.20,10.48530500,76.44418700,10.48530500,76.44418687,658051.570,1159433.228,108.00,658051.554,1159433.227,-58.7,10,658052.232,1159432.426,10.48530100,76.44419233,0.366,0.100,8.5,10.0,0.0,17.4,1719,2047,RTK FIXED
70.999,071108.20,10.48530500,76.44418700,10.48530500,76.44418692,658051.570,1159433.228,108.00,658051.560,1159433.228,-58.7,10,658052.232,1159432.426,10.48530100,76.44419233,0.366,0.100,8.5,10.0,0.5,17.5,1737,2047,RTK FIXED
71.046,071108.20,10.48530500,76.44418700,10.48530500,76.44418695,658051.570,1159433.228,108.00,658051.564,1159433.228,-58.7,10,658052.232,1159432.426,10.48530100,76.44419233,0.366,0.100,8.5,10.0,-0.5,18.2,1737,2047,RTK FIXED
71.099,071108.20,10.48530500,76.44418700,10.48530500,76.44418697,658051.570,1159433.228,108.00,658051.566,1159433.228,-58.7,10,658052.232,1159432.426,10.48530100,76.44419233,0.366,0.100,8.5,10.0,0.5,17.4,1737,2047,RTK FIXED
71.147,071108.20,10.48530500,76.44418700,10.48530500,76.44418698,658051.570,1159433.228,108.00,658051.568,1159433.228,-58.7,10,658052.232,1159432.426,10.48530100,76.44419233,0.366,0.100,8.5,10.0,0.0,15.5,1737,2047,RTK FIXED
71.200,071108.40,10.48530500,76.44418700,10.48530500,76.44418699,658051.463,1159433.187,108.00,658051.526,1159433.211,-58.7,10,658052.232,1159432.426,10.48530100,76.44419233,0.366,0.060,9.1,10.0,0.0,18.0,1856,2047,RTK FIXED
71.246,071108.40,10.48530500,76.44418700,10.48530500,76.44418699,658051.463,1159433.187,108.00,658051.500,1159433.202,-58.7,10,658052.232,1159432.426,10.48530100,76.44419233,0.366,0.060,9.1,10.0,0.0,18.0,1856,2047,RTK FIXED
71.299,071108.40,10.48530500,76.44418700,10.48530500,76.44418700,658051.463,1159433.187,108.00,658051.485,1159433.196,-58.7,10,658052.232,1159432.426,10.48530100,76.44419233,0.366,0.060,9.1,10.0,-0.5,16.0,1856,2047,RTK FIXED
71.346,071108.40,10.48530500,76.44418700,10.48530500,76.44418700,658051.463,1159433.187,108.00,658051.476,1159433.192,-58.7,10,658052.232,1159432.426,10.48530100,76.44419233,0.366,0.060,9.1,10.0,0.0,18.8,1856,2047,RTK FIXED
71.400,071108.40,10.48530500,76.44418700,10.48530500,76.44418700,658051.463,1159433.187,108.00,658051.471,1159433.190,-58.7,10,658052.232,1159432.426,10.48530100,76.44419233,0.366,0.060,9.1,10.0,0.0,18.0,1856,2047,RTK FIXED
71.455,071108.60,10.48530500,76.44418800,10.48530500,76.44418740,658051.572,1159433.187,108.00,658051.511,1159433.189,-58.7,10,658052.232,1159432.426,10.48530100,76.44419233,0.366,0.048,9.2,10.0,0.0,16.5,1892,2047,RTK FIXED
71.500,071108.60,10.48530500,76.44418800,10.48530500,76.44418764,658051.572,1159433.187,108.00,658051.536,1159433.188,-58.7,10,658052.232,1159432.426,10.48530100,76.44419233,0.366,0.048,9.2,10.0,0.5,18.7,1892,2047,RTK FIXED
71.554,071108.60,10.48530500,76.44418800,10.48530500,76.44418778,658051.572,1159433.187,108.00,658051.550,1159433.188,-58.7,10,658052.232,1159432.426,10.48530100,76.44419233,0.366,0.048,9.2,10.0,0.0,18.5,1892,2047,RTK FIXED
71.600,071108.60,10.48530500,76.44418800,10.48530500,76.44418787,658051.572,1159433.187,108.00,658051.559,1159433.188,-58.7,10,658052.232,1159432.426,10.48530100,76.44419233,0.366,0.048,9.2,10.0,0.0,19.0,1892,2047,RTK FIXED
71.654,071108.80,10.48530400,76.44418800,10.48530460,76.44418792,658051.573,1159433.077,108.00,658051.564,1159433.143,-63.2,10,658052.232,1159432.426,10.48530100,76.44419233,0.365,0.069,8.9,10.0,0.0,18.9,1827,2047,RTK FIXED
71.700,071108.80,10.48530400,76.44418800,10.48530436,76.44418795,658051.573,1159433.077,108.00,658051.568,1159433.117,-63.2,10,658052.232,1159432.426,10.48530100,76.44419233,0.365,0.069,8.9,10.0,0.0,19.7,1827,2047,RTK FIXED
71.754,071108.80,10.48530400,76.44418800,10.48530422,76.44418797,658051.573,1159433.077,108.00,658051.570,1159433.101,-63.2,10,658052.232,1159432.426,10.48530100,76.44419233,0.365,0.069,8.9,10.0,0.0,20.4,1827,2047,RTK FIXED
71.801,071108.80,10.48530400,76.44418800,10.48530413,76.44418798,658051.573,1159433.077,108.00,658051.571,1159433.091,-63.2,10,658052.232,1159432.426,10.48530100,76.44419233,0.365,0.069,8.9,10.0,0.0,17.9,1827,2047,RTK FIXED
71.855,071108.80,10.48530400,76.44418800,10.48530408,76.44418799,658051.573,1159433.077,108.00,658051.572,1159433.085,-63.2,10,658052.232,1159432.426,10.48530100,76.44419233,0.365,0.069,8.9,10.0,0.0,19.6,1827,2047,RTK FIXED
71.901,071109.00,10.48530400,76.44418800,10.48530405,76.44418799,658051.598,1159433.090,108.00,658051.582,1159433.087,-63.2,10,658052.232,1159432.426,10.48530100,76.44419233,0.365,0.074,8.8,10.0,-0.5,19.1,1811,2047,RTK FIXED
71.954,071109.00,10.48530400,76.44418800,10.48530403,76.44418800,658051.598,1159433.090,108.00,658051.589,1159433.089,-63.2,10,658052.232,1159432.426,10.48530100,76.44419233,0.365,0.074,8.8,10.0,0.0,18.8,1811,2047,RTK FIXED
72.008,071109.00,10.48530400,76.44418800,10.48530402,76.44418800,658051.598,1159433.090,108.00,658051.593,1159433.089,-63.2,10,658052.232,1159432.426,10.48530100,76.44419233,0.365,0.074,8.8,10.0,0.5,19.0,1811,2047,RTK FIXED
72.055,071109.20,10.48530400,76.44418800,10.48530401,76.44418800,658051.598,1159433.090,108.00,658051.595,1159433.090,-63.2,10,658052.232,1159432.426,10.48530100,76.44419233,0.365,0.076,8.8,10.0,0.0,17.7,1807,2047,RTK FIXED
72.109,071109.20,10.48530400,76.44418800,10.48530401,76.44418800,658051.598,1159433.090,108.00,658051.596,1159433.090,-63.2,10,658052.232,1159432.426,10.48530100,76.44419233,0.365,0.076,8.8,10.0,0.0,18.3,1807,2047,RTK FIXED
72.155,071109.40,10.48530400,76.44418900,10.48530400,76.44418840,658051.708,1159433.091,108.00,658051.641,1159433.090,-53.3,10,658052.232,1159432.426,10.48530100,76.44419233,0.365,0.021,9.7,10.0,-0.5,18.7,1979,2047,RTK FIXED
72.209,071109.40,10.48530400,76.44418900,10.48530400,76.44418864,658051.708,1159433.091,108.00,658051.668,1159433.091,-53.3,10,658052.232,1159432.426,10.48530100,76.44419233,0.365,0.021,9.7,10.0,0.0,17.8,1979,2047,RTK FIXED
72.254,071109.40,10.48530400,76.44418900,10.48530400,76.44418878,658051.708,1159433.091,108.00,658051.684,1159433.091,-53.3,10,658052.232,1159432.426,10.48530100,76.44419233,0.365,0.021,9.7,10.0,0.0,19.0,1979,2047,RTK FIXED
72.309,071109.40,10.48530400,76.44418900,10.48530400,76.44418887,658051.708,1159433.091,108.00,658051.693,1159433.091,-53.3,10,658052.232,1159432.426,10.48530100,76.44419233,0.365,0.021,9.7,10.0,0.5,18.6,1979,2047,RTK FIXED
72.355,071109.40,10.48530400,76.44418900,10.48530400,76.44418892,658051.708,1159433.091,108.00,658051.699,1159433.091,-53.3,10,658052.232,1159432.426,10.48530100,76.44419233,0.365,0.021,9.7,10.0,0.0,18.4,1979,2047,RTK FIXED
72.409,071109.60,10.48530400,76.44418900,10.48530400,76.44418895,658051.653,1159433.059,108.00,658051.681,1159433.078,-53.3,10,658052.232,1159432.426,10.48530100,76.44419233,0.365,0.007,9.9,10.0,0.0,19.3,2024,2047,RTK FIXED
72.454,071109.60,10.48530400,76.44418900,10.48530400,76.44418897,658051.653,1159433.059,108.00,658051.669,1159433.070,-53.3,10,658052.232,1159432.426,10.48530100,76.44419233,0.365,0.007,9.9,10.0,-0.6,18.4,2024,2047,RTK FIXED
72.509,071109.60,10.48530400,76.44418900,10.48530400,76.44418898,658051.653,1159433.059,108.00,658051.663,1159433.066,-53.3,10,658052.232,1159432.426,10.48530100,76.44419233,0.365,0.007,9.9,10.0,0.5,19.7,2024,2047,RTK FIXED
72.563,071109.60,10.48530400,76.44418900,10.48530400,76.44418899,658051.653,1159433.059,108.00,658051.659,1159433.063,-53.3,10,658052.232,1159432.426,10.48530100,76.44419233,0.365,0.007,9.9,10.0,0.0,18.5,2024,2047,RTK FIXED
72.609,071109.60,10.48530400,76.44418900,10.48530400,76.44418899,658051.653,1159433.059,108.00,658051.656,1159433.061,-53.3,10,658052.232,1159432.426,10.48530100,76.44419233,0.365,0.007,9.9,10.0,0.0,19.5,2024,2047,RTK FIXED
72.663,071109.80,10.48530400,76.44418900,10.48530400,76.44418900,658051.653,1159433.059,108.00,658051.655,1159433.060,-53.3,10,658052.232,1159432.426,10.48530100,76.44419233,0.365,0.004,9.9,10.0,-0.5,19.3,2035,2047,RTK FIXED
72.709,071109.80,10.48530400,76.44418900,10.48530400,76.44418900,658051.653,1159433.059,108.00,658051.654,1159433.060,-53.3,10,658052.232,1159432.426,10.48530100,76.44419233,0.365,0.004,9.9,10.0,0.5,19.0,2035,2047,RTK FIXED
72.763,071109.80,10.48530400,76.44418900,10.48530400,76.44418900,658051.653,1159433.059,108.00,658051.653,1159433.059,-53.3,10,658052.232,1159432.426,10.48530100,76.44419233,0.365,0.004,9.9,10.0,-0.5,18.6,2035,2047,RTK FIXED
72.809,071110.00,10.48530300,76.44419000,10.48530360,76.44418940,658051.763,1159432.949,108.00,658051.697,1159433.015,-53.1,10,658052.232,1159432.426,10.48530100,76.44419233,0.365,-0.000,10.0,10.0,0.5,16.7,2047,2046,RTK FIXED
72.864,071110.20,10.48530300,76.44419000,10.48530336,76.44418964,658051.761,1159432.948,108.00,658051.723,1159432.988,-53.1,10,658052.232,1159432.426,10.48530100,76.44419233,0.365,-0.002,10.0,10.0,0.0,18.4,2047,2040,RTK FIXED
72.911,071110.20,10.48530300,76.44419000,10.48530322,76.44418978,658051.761,1159432.948,108.00,658051.738,1159432.972,-53.1,10,658052.232,1159432.426,10.48530100,76.44419233,0.365,-0.002,10.0,10.0,0.0,18.6,2047,2040,RTK FIXED
72.962,071110.20,10.48530300,76.44419000,10.48530313,76.44418987,658051.761,1159432.948,108.00,658051.748,1159432.962,-53.1,10,658052.232,1159432.426,10.48530100,76.44419233,0.365,-0.002,10.0,10.0,-0.5,17.9,2047,2040,RTK FIXED
73.009,071110.20,10.48530300,76.44419000,10.48530308,76.44418992,658051.761,1159432.948,108.00,658051.753,1159432.956,-53.1,10,658052.232,1159432.426,10.48530100,76.44419233,0.365,-0.002,10.0,10.0,0.0,16.2,2047,2040,RTK FIXED
73.063,071110.20,10.48530300,76.44419000,10.48530305,76.44418995,658051.761,1159432.948,108.00,658051.756,1159432.953,-53.1,10,658052.232,1159432.426,10.48530100,76.44419233,0.365,-0.002,10.0,10.0,0.0,17.9,2047,2040,RTK FIXED
73.117,071110.20,10.48530300,76.44419000,10.48530303,76.44418997,658051.761,1159432.948,108.00,658051.758,1159432.951,-53.1,10,658052.232,1159432.426,10.48530100,76.44419233,0.365,-0.002,10.0,10.0,0.0,16.2,2047,2040,RTK FIXED
73.163,071110.40,10.48530300,76.44419000,10.48530302,76.44418998,658051.761,1159432.948,108.00,658051.760,1159432.950,-53.1,10,658052.232,1159432.426,10.48530100,76.44419233,0.365,-0.003,10.0,9.9,0.5,15.0,2047,2037,RTK FIXED
73.217,071110.40,10.48530300,76.44419000,10.48530301,76.44418999,658051.761,1159432.948,108.00,658051.760,1159432.949,-53.1,10,658052.232,1159432.426,10.48530100,76.44419233,0.365,-0.003,10.0,9.9,0.0,18.6,2047,2037,RTK FIXED
73.263,071110.40,10.48530300,76.44419000,10.48530301,76.44418999,658051.761,1159432.948,108.00,658051.761,1159432.948,-53.1,10,658052.232,1159432.426,10.48530100,76.44419233,0.365,-0.003,10.0,9.9,-0.5,17.4,2047,2037,RTK FIXED
73.317,071110.40,10.48530300,76.44419000,10.48530300,76.44419000,658051.761,1159432.948,108.00,658051.761,1159432.948,-53.1,10,658052.232,1159432.426,10.48530100,76.44419233,0.365,-0.003,10.0,9.9,0.0,18.5,2047,2037,RTK FIXED
73.364,071110.60,10.48530300,76.44419100,10.48530300,76.44419040,658051.871,1159432.948,108.00,658051.805,1159432.948,-46.5,10,658052.232,1159432.426,10.48530100,76.44419233,0.359,-0.053,10.0,9.2,0.5,18.3,2047,1875,RTK FIXED
73.417,071110.60,10.48530300,76.44419100,10.48530300,76.44419064,658051.871,1159432.948,108.00,658051.831,1159432.948,-46.5,10,658052.232,1159432.426,10.48530100,76.44419233,0.359,-0.053,10.0,9.2,0.0,15.9,2047,1875,RTK FIXED
73.463,071110.60,10.48530300,76.44419100,10.48530300,76.44419078,658051.871,1159432.948,108.00,658051.847,1159432.948,-46.5,10,658052.232,1159432.426,10.48530100,76.44419233,0.359,-0.053,10.0,9.2,-0.5,17.9,2047,1875,RTK FIXED
73.517,071110.60,10.48530300,76.44419100,10.48530300,76.44419087,658051.871,1159432.948,108.00,658051.857,1159432.948,-46.5,10,658052.232,1159432.426,10.48530100,76.44419233,0.359,-0.053,10.0,9.2,0.0,17.6,2047,1875,RTK FIXED
73.564,071110.80,10.48530200,76.44419100,10.48530260,76.44419092,658051.839,1159432.811,108.00,658051.849,1159432.894,-46.5,10,658052.232,1159432.426,10.48530100,76.44419233,0.359,-0.064,10.0,9.0,0.5,17.1,2047,1840,RTK FIXED
73.617,071110.80,10.48530200,76.44419100,10.48530236,76.44419095,658051.839,1159432.811,108.00,658051.845,1159432.861,-46.5,10,658052.232,1159432.426,10.48530100,76.44419233,0.359,-0.064,10.0,9.0,0.0,17.3,2047,1840,RTK FIXED
73.672,071111.00,10.48530200,76.44419100,10.48530222,76.44419097,658051.839,1159432.811,108.00,658051.843,1159432.841,-54.3,10,658052.232,1159432.426,10.48530100,76.44419233,0.365,-0.013,10.0,9.8,0.0,15.7,2047,2005,RTK FIXED
73.718,071111.00,10.48530200,76.44419100,10.48530213,76.44419098,658051.839,1159432.811,108.00,658051.841,1159432.829,-54.3,10,658052.232,1159432.426,10.48530100,76.44419233,0.365,-0.013,10.0,9.8,-0.5,16.3,2047,2005,RTK FIXED
73.771,071111.00,10.48530200,76.44419100,10.48530208,76.44419099,658051.839,1159432.811,108.00,658051.840,1159432.822,-54.3,10,658052.232,1159432.426,10.48530100,76.44419233,0.365,-0.013,10.0,9.8,0.0,16.0,2047,2005,RTK FIXED
73.818,071111.00,10.48530200,76.44419100,10.48530205,76.44419099,658051.839,1159432.811,108.00,658051.839,1159432.818,-54.3,10,658052.232,1159432.426,10.48530100,76.44419233,0.365,-0.013,10.0,9.8,0.5,16.6,2047,2005,RTK FIXED
73.872,071111.20,10.48530200,76.44419100,10.48530203,76.44419100,658051.878,1159432.842,108.00,658051.855,1159432.828,-54.3,10,658052.232,1159432.426,10.48530100,76.44419233,0.365,-0.002,10.0,10.0,0.0,14.7,2047,2042,RTK FIXED
73.918,071111.20,10.48530200,76.44419100,10.48530202,76.44419100,658051.878,1159432.842,108.00,658051.864,1159432.833,-54.3,10,658052.232,1159432.426,10.48530100,76.44419233,0.365,-0.002,10.0,10.0,-0.5,16.4,2047,2042,RTK FIXED
73.971,071111.20,10.48530200,76.44419100,10.48530201,76.44419100,658051.878,1159432.842,108.00,658051.870,1159432.837,-54.3,10,658052.232,1159432.426,10.48530100,76.44419233,0.365,-0.002,10.0,10.0,0.0,15.0,2047,2042,RTK FIXED
74.018,071111.20,10.48530200,76.44419100,10.48530201,76.44419100,658051.878,1159432.842,108.00,658051.873,1159432.839,-54.3,10,658052.232,1159432.426,10.48530100,76.44419233,0.365,-0.002,10.0,10.0,0.5,17.6,2047,2042,RTK FIXED
74.072,071111.40,10.48530200,76.44419200,10.48530200,76.44419140,658051.988,1159432.843,108.00,658051.919,1159432.841,-41.3,10,658052.232,1159432.426,10.48530100,76.44419233,0.351,-0.125,10.0,8.1,0.0,18.4,2047,1653,RTK FIXED
74.118,071111.40,10.48530200,76.44419200,10.48530200,76.44419164,658051.988,1159432.843,108.00,658051.946,1159432.842,-41.3,10,658052.232,1159432.426,10.48530100,76.44419233,0.351,-0.125,10.0,8.1,-0.5,18.5,2047,1653,RTK FIXED
74.171,071111.40,10.48530200,76.44419200,10.48530200,76.44419178,658051.988,1159432.843,108.00,658051.963,1159432.842,-41.3,10,658052.232,1159432.426,10.48530100,76.44419233,0.351,-0.125,10.0,8.1,0.0,18.4,2047,1653,RTK FIXED
74.226,071111.40,10.48530200,76.44419200,10.48530200,76.44419187,658051.988,1159432.843,108.00,658051.973,1159432.842,-41.3,10,658052.232,1159432.426,10.48530100,76.44419233,0.351,-0.125,10.0,8.1,0.5,17.8,2047,1653,RTK FIXED
74.271,071111.40,10.48530200,76.44419200,10.48530200,76.44419192,658051.988,1159432.843,108.00,658051.979,1159432.843,-41.3,10,658052.232,1159432.426,10.48530100,76.44419233,0.351,-0.125,10.0,8.1,0.0,17.0,2047,1653,RTK FIXED
74.326,071111.40,10.48530200,76.44419200,10.48530200,76.44419195,658051.988,1159432.843,108.00,658051.982,1159432.843,-41.3,10,658052.232,1159432.426,10.48530100,76.44419233,0.351,-0.125,10.0,8.1,-0.5,15.5,2047,1653,RTK FIXED
74.373,071111.60,10.48530100,76.44419200,10.48530160,76.44419197,658051.924,1159432.677,108.00,658051.959,1159432.777,-41.3,10,658052.232,1159432.426,10.48530100,76.44419233,0.351,-0.153,10.0,7.7,0.5,15.1,2047,1573,RTK FIXED
74.426,071111.60,10.48530100,76.44419200,10.48530136,76.44419198,658051.924,1159432.677,108.00,658051.945,1159432.737,-41.3,10,658052.232,1159432.426,10.48530100,76.44419233,0.351,-0.153,10.0,7.7,0.0,12.6,2047,1573,RTK FIXED
74.472,071111.60,10.48530100,76.44419200,10.48530122,76.44419199,658051.924,1159432.677,108.00,658051.937,1159432.713,-41.3,10,658052.232,1159432.426,10.48530100,76.44419233,0.351,-0.153,10.0,7.7,-0.5,14.6,2047,1573,RTK FIXED
74.526,071111.60,10.48530100,76.44419200,10.48530113,76.44419199,658051.924,1159432.677,108.00,658051.932,1159432.699,-41.3,10,658052.232,1159432.426,10.48530100,76.44419233,0.351,-0.153,10.0,7.7,0.5,14.3,2047,1573,RTK FIXED
74.574,071111.60,10.48530100,76.44419200,10.48530108,76.44419200,658051.924,1159432.677,108.00,658051.929,1159432.690,-41.3,10,658052.232,1159432.426,10.48530100,76.44419233,0.351,-0.153,10.0,7.7,-0.5,13.6,2047,1573,RTK FIXED
74.627,071111.80,10.48530100,76.44419200,10.48530105,76.44419200,658051.924,1159432.677,108.00,658051.927,1159432.685,-53.6,10,658052.232,1159432.426,10.48530100,76.44419233,0.356,-0.044,10.0,9.3,0.0,12.9,2047,1901,RTK FIXED
74.672,071111.80,10.48530100,76.44419200,10.48530103,76.44419200,658051.924,1159432.677,108.00,658051.926,1159432.682,-53.6,10,658052.232,1159432.426,10.48530100,76.44419233,0.356,-0.044,10.0,9.3,0.0,13.1,2047,1901,RTK FIXED
74.726,071111.80,10.48530100,76.44419200,10.48530102,76.44419200,658051.924,1159432.677,108.00,658051.925,1159432.680,-53.6,10,658052.232,1159432.426,10.48530100,76.44419233,0.356,-0.044,10.0,9.3,0.0,12.9,2047,1901,RTK FIXED
74.772,071111.80,10.48530100,76.44419200,10.48530101,76.44419200,658051.924,1159432.677,108.00,658051.925,1159432.679,-53.6,10,658052.232,1159432.426,10.48530100,76.44419233,0.356,-0.044,10.0,9.3,0.0,13.2,2047,1901,RTK FIXED
74.826,071111.80,10.48530100,76.44419200,10.48530101,76.44419200,658051.924,1159432.677,108.00,658051.925,1159432.678,-53.6,10,658052.232,1159432.426,10.48530100,76.44419233,0.356,-0.044,10.0,9.3,0.5,12.5,2047,1901,RTK FIXED
74.881,071112.00,10.48530100,76.44419200,10.48530100,76.44419200,658051.985,1159432.730,108.00,658051.949,1159432.699,-53.6,10,658052.232,1159432.426,10.48530100,76.44419233,0.338,-0.019,10.0,9.7,0.0,15.6,2047,1980,RTK FIXED
74.926,071112.00,10.48530100,76.44419200,10.48530100,76.44419200,658051.985,1159432.730,108.00,658051.963,1159432.711,-53.6,10,658052.232,1159432.426,10.48530100,76.44419233,0.338,-0.019,10.0,9.7,-0.5,15.8,2047,1980,RTK FIXED
74.983,071112.20,10.48530000,76.44419200,10.48530060,76.44419200,658051.985,1159432.619,108.00,658051.972,1159432.674,-53.6,11,658052.802,1159431.489,10.48529250,76.44419750,0.365,-0.012,10.0,9.8,0.4,14.1,2047,2008,RTK FIXED
75.026,071112.20,10.48530000,76.44419200,10.48530036,76.44419200,658051.985,1159432.619,108.00,658051.977,1159432.652,-53.6,11,658052.802,1159431.489,10.48529250,76.44419750,0.365,-0.012,10.0,9.8,0.0,16.1,2047,2008,RTK FIXED
75.082,071112.20,10.48530000,76.44419200,10.48530022,76.44419200,658051.985,1159432.619,108.00,658051.980,1159432.639,-53.6,11,658052.802,1159431.489,10.48529250,76.44419750,0.365,-0.012,10.0,9.8,-0.4,16.6,2047,2008,RTK FIXED
75.127,071112.40,10.48530000,76.44419300,10.48530013,76.44419240,658052.094,1159432.620,108.00,658052.026,1159432.631,-49.2,11,658052.802,1159431.489,10.48529250,76.44419750,0.362,-0.044,10.0,9.3,0.0,17.3,2047,1903,RTK FIXED
75.181,071112.40,10.48530000,76.44419300,10.48530008,76.44419264,658052.094,1159432.620,108.00,658052.053,1159432.627,-49.2,11,658052.802,1159431.489,10.48529250,76.44419750,0.362,-0.044,10.0,9.3,0.5,17.8,2047,1903,RTK FIXED
75.227,071112.40,10.48530000,76.44419300,10.48530005,76.44419278,658052.094,1159432.620,108.00,658052.070,1159432.624,-49.2,11,658052.802,1159431.489,10.48529250,76.44419750,0.362,-0.044,10.0,9.3,0.0,17.3,2047,1903,RTK FIXED
75.280,071112.40,10.48530000,76.44419300,10.48530003,76.44419287,658052.094,1159432.620,108.00,658052.080,1159432.622,-49.2,11,658052.802,1159431.489,10.48529250,76.44419750,0.362,-0.044,10.0,9.3,0.0,16.9,2047,1903,RTK FIXED
75.327,071112.40,10.48530000,76.44419300,10.48530002,76.44419292,658052.094,1159432.620,108.00,658052.086,1159432.621,-49.2,11,658052.802,1159431.489,10.48529250,76.44419750,0.362,-0.044,10.0,9.3,0.0,16.5,2047,1903,RTK FIXED
75.381,071112.60,10.48530000,76.44419300,10.48530001,76.44419295,658052.072,1159432.602,108.00,658052.080,1159432.614,-49.2,11,658052.802,1159431.489,10.48529250,76.44419750,0.362,-0.053,10.0,9.2,-0.5,16.1,2047,1874,RTK FIXED
75.426,071112.60,10.48530000,76.44419300,10.48530001,76.44419297,658052.072,1159432.602,108.00,658052.077,1159432.609,-49.2,11,658052.802,1159431.489,10.48529250,76.44419750,0.362,-0.053,10.0,9.2,0.6,16.5,2047,1874,RTK FIXED
75.481,071112.60,10.48530000,76.44419300,10.48530000,76.44419298,658052.072,1159432.602,108.00,658052.075,1159432.606,-49.2,11,658052.802,1159431.489,10.48529250,76.44419750,0.362,-0.053,10.0,9.2,0.0,16.2,2047,1874,RTK FIXED
75.535,071112.60,10.48530000,76.44419300,10.48530000,76.44419299,658052.072,1159432.602,108.00,658052.073,1159432.605,-49.2,11,658052.802,1159431.489,10.48529250,76.44419750,0.362,-0.053,10.0,9.2,0.0,14.4,2047,1874,RTK FIXED
75.581,071112.60,10.48530000,76.44419300,10.48530000,76.44419299,658052.072,1159432.602,108.00,658052.073,1159432.604,-49.2,11,658052.802,1159431.489,10.48529250,76.44419750,0.362,-0.053,10.0,9.2,-0.5,16.2,2047,1874,RTK FIXED
75.635,071112.80,10.48530000,76.44419300,10.48530000,76.44419300,658052.072,1159432.602,108.00,658052.072,1159432.603,-49.2,11,658052.802,1159431.489,10.48529250,76.44419750,0.362,-0.057,10.0,9.1,0.5,15.6,2047,1863,RTK FIXED
75.681,071112.80,10.48530000,76.44419300,10.48530000,76.44419300,658052.072,1159432.602,108.00,658052.072,1159432.603,-49.2,11,658052.802,1159431.489,10.48529250,76.44419750,0.362,-0.057,10.0,9.1,-0.5,16.3,2047,1863,RTK FIXED
75.735,071112.80,10.48530000,76.44419300,10.48530000,76.44419300,658052.072,1159432.602,108.00,658052.072,1159432.603,-49.2,11,658052.802,1159431.489,10.48529250,76.44419750,0.362,-0.057,10.0,9.1,0.0,15.3,2047,1863,RTK FIXED
75.781,071112.80,10.48530000,76.44419300,10.48530000,76.44419300,658052.072,1159432.602,108.00,658052.072,1159432.603,-49.2,11,658052.802,1159431.489,10.48529250,76.44419750,0.362,-0.057,10.0,9.1,0.5,16.7,2047,1863,RTK FIXED
75.835,071113.00,10.48529900,76.44419300,10.48529960,76.44419300,658052.072,1159432.492,108.00,658052.072,1159432.558,-53.4,11,658052.802,1159431.489,10.48529250,76.44419750,0.365,-0.027,10.0,9.6,0.0,16.6,2047,1959,RTK FIXED
75.881,071113.00,10.48529900,76.44419300,10.48529936,76.44419300,658052.072,1159432.492,108.00,658052.072,1159432.532,-53.4,11,658052.802,1159431.489,10.48529250,76.44419750,0.365,-0.027,10.0,9.6,-0.5,14.7,2047,1959,RTK FIXED
75.935,071113.00,10.48529900,76.44419300,10.48529922,76.44419300,658052.072,1159432.492,108.00,658052.072,1159432.516,-53.4,11,658052.802,1159431.489,10.48529250,76.44419750,0.365,-0.027,10.0,9.6,0.0,16.3,2047,1959,RTK FIXED
75.981,071113.00,10.48529900,76.44419300,10.48529913,76.44419300,658052.072,1159432.492,108.00,658052.072,1159432.506,-53.4,11,658052.802,1159431.489,10.48529250,76.44419750,0.365,-0.027,10.0,9.6,0.5,16.2,2047,1959,RTK FIXED
76.035,071113.00,10.48529900,76.44419300,10.48529908,76.44419300,658052.072,1159432.492,108.00,658052.072,1159432.500,-53.4,11,658052.802,1159431.489,10.48529250,76.44419750,0.365,-0.027,10.0,9.6,0.0,13.5,2047,1959,RTK FIXED
76.089,071113.20,10.48529900,76.44419300,10.48529905,76.44419300,658052.094,1159432.508,108.00,658052.081,1159432.504,-53.4,11,658052.802,1159431.489,10.48529250,76.44419750,0.365,-0.019,10.0,9.7,0.0,17.0,2047,1983,RTK FIXED
76.135,071113.20,10.48529900,76.44419300,10.48529903,76.44419300,658052.094,1159432.508,108.00,658052.086,1159432.505,-53.4,11,658052.802,1159431.489,10.48529250,76.44419750,0.365,-0.019,10.0,9.7,-0.5,16.9,2047,1983,RTK FIXED
76.189,071113.20,10.48529900,76.44419300,10.48529902,76.44419300,658052.094,1159432.508,108.00,658052.089,1159432.507,-53.4,11,658052.802,1159431.489,10.48529250,76.44419750,0.365,-0.019,10.0,9.7,0.0,17.1,2047,1983,RTK FIXED
76.236,071113.40,10.48529900,76.44419400,10.48529901,76.44419340,658052.203,1159432.509,108.00,658052.135,1159432.507,-53.4,11,658052.802,1159431.489,10.48529250,76.44419750,0.365,-0.021,10.0,9.7,0.5,17.2,2047,1976,RTK FIXED
76.289,071113.40,10.48529900,76.44419400,10.48529901,76.44419364,658052.203,1159432.509,108.00,658052.162,1159432.508,-53.4,11,658052.802,1159431.489,10.48529250,76.44419750,0.365,-0.021,10.0,9.7,0.0,17.3,2047,1976,RTK FIXED
76.335,071113.40,10.48529900,76.44419400,10.48529900,76.44419378,658052.203,1159432.509,108.00,658052.179,1159432.508,-53.4,11,658052.802,1159431.489,10.48529250,76.44419750,0.365,-0.021,10.0,9.7,0.0,16.8,2047,1976,RTK FIXED
76.390,071113.60,10.48529800,76.44419400,10.48529860,76.44419387,658052.204,1159432.398,108.00,658052.189,1159432.464,-50.5,11,658052.802,1159431.489,10.48529250,76.44419750,0.363,-0.042,10.0,9.3,0.0,15.2,2047,1909,RTK FIXED
76.435,071113.60,10.48529800,76.44419400,10.48529836,76.44419392,658052.204,1159432.398,108.00,658052.195,1159432.438,-50.5,11,658052.802,1159431.489,10.48529250,76.44419750,0.363,-0.042,10.0,9.3,-0.6,17.2,2047,1909,RTK FIXED
76.490,071113.60,10.48529800,76.44419400,10.48529822,76.44419395,658052.204,1159432.398,108.00,658052.198,1159432.422,-50.5,11,658052.802,1159431.489,10.48529250,76.44419750,0.363,-0.042,10.0,9.3,0.0,16.5,2047,1909,RTK FIXED
76.535,071113.60,10.48529800,76.44419400,10.48529813,76.44419397,658052.204,1159432.398,108.00,658052.201,1159432.412,-50.5,11,658052.802,1159431.489,10.48529250,76.44419750,0.363,-0.042,10.0,9.3,0.5,15.8,2047,1909,RTK FIXED
76.590,071113.80,10.48529800,76.44419400,10.48529808,76.44419398,658052.189,1159432.387,108.00,658052.196,1159432.402,-50.5,11,658052.802,1159431.489,10.48529250,76.44419750,0.363,-0.047,10.0,9.3,0.0,16.0,2047,1894,RTK FIXED
76.643,071113.80,10.48529800,76.44419400,10.48529805,76.44419399,658052.189,1159432.387,108.00,658052.193,1159432.396,-50.5,11,658052.802,1159431.489,10.48529250,76.44419750,0.363,-0.047,10.0,9.3,0.0,16.1,2047,1894,RTK FIXED
76.690,071113.80,10.48529800,76.44419400,10.48529803,76.44419399,658052.189,1159432.387,108.00,658052.191,1159432.392,-50.5,11,658052.802,1159431.489,10.48529250,76.44419750,0.363,-0.047,10.0,9.3,-0.5,13.9,2047,1894,RTK FIXED
76.743,071113.80,10.48529800,76.44419400,10.48529802,76.44419400,658052.189,1159432.387,108.00,658052.190,1159432.390,-50.5,11,658052.802,1159431.489,10.48529250,76.44419750,0.363,-0.047,10.0,9.3,0.0,16.0,2047,1894,RTK FIXED
76.790,071114.00,10.48529800,76.44419400,10.48529801,76.44419400,658052.189,1159432.387,108.00,658052.190,1159432.389,-50.5,11,658052.802,1159431.489,10.48529250,76.44419750,0.363,-0.048,10.0,9.2,0.5,15.9,2047,1890,RTK FIXED
76.843,071114.00,10.48529800,76.44419400,10.48529801,76.44419400,658052.189,1159432.387,108.00,658052.189,1159432.388,-50.5,11,658052.802,1159431.489,10.48529250,76.44419750,0.363,-0.048,10.0,9.2,0.0,16.0,2047,1890,RTK FIXED
76.890,071114.00,10.48529800,76.44419400,10.48529800,76.44419400,658052.189,1159432.387,108.00,658052.189,1159432.388,-50.5,11,658052.802,1159431.489,10.48529250,76.44419750,0.363,-0.048,10.0,9.2,0.0,15.5,2047,1890,RTK FIXED
76.944,071114.20,10.48529700,76.44419400,10.48529760,76.44419400,658052.189,1159432.276,108.00,658052.189,1159432.343,-58.7,11,658052.802,1159431.489,10.48529250,76.44419750,0.366,0.002,10.0,10.0,0.0,15.7,2040,2047,RTK FIXED
76.998,071114.20,10.48529700,76.44419400,10.48529736,76.44419400,658052.189,1159432.276,108.00,658052.189,1159432.316,-58.7,11,658052.802,1159431.489,10.48529250,76.44419750,0.366,0.002,10.0,10.0,0.0,14.0,2040,2047,RTK FIXED
77.043,071114.20,10.48529700,76.44419400,10.48529722,76.44419400,658052.189,1159432.276,108.00,658052.189,1159432.300,-58.7,11,658052.802,1159431.489,10.48529250,76.44419750,0.366,0.002,10.0,10.0,-0.6,16.0,2040,2047,RTK FIXED
77.098,071114.40,10.48529700,76.44419500,10.48529713,76.44419440,658052.342,1159432.306,108.00,658052.250,1159432.303,-58.7,11,658052.802,1159431.489,10.48529250,76.44419750,0.366,0.010,9.8,10.0,0.0,16.3,2012,2047,RTK FIXED
77.144,071114.40,10.48529700,76.44419500,10.48529708,76.44419464,658052.342,1159432.306,108.00,658052.287,1159432.304,-58.7,11,658052.802,1159431.489,10.48529250,76.44419750,0.366,0.010,9.8,10.0,0.5,17.0,2012,2047,RTK FIXED
77.198,071114.40,10.48529700,76.44419500,10.48529705,76.44419478,658052.342,1159432.306,108.00,658052.309,1159432.305,-58.7,11,658052.802,1159431.489,10.48529250,76.44419750,0.366,0.010,9.8,10.0,0.0,17.6,2012,2047,RTK FIXED
77.243,071114.40,10.48529700,76.44419500,10.48529703,76.44419487,658052.342,1159432.306,108.00,658052.322,1159432.305,-58.7,11,658052.802,1159431.489,10.48529250,76.44419750,0.366,0.010,9.8,10.0,-0.6,17.6,2012,2047,RTK FIXED
77.298,071114.40,10.48529700,76.44419500,10.48529702,76.44419492,658052.342,1159432.306,108.00,658052.330,1159432.306,-58.7,11,658052.802,1159431.489,10.48529250,76.44419750,0.366,0.010,9.8,10.0,0.5,15.6,2012,2047,RTK FIXED
77.343,071114.40,10.48529700,76.44419500,10.48529701,76.44419495,658052.342,1159432.306,108.00,658052.335,1159432.306,-58.7,11,658052.802,1159431.489,10.48529250,76.44419750,0.366,0.010,9.8,10.0,-0.5,15.4,2012,2047,RTK FIXED
77.398,071114.60,10.48529700,76.44419500,10.48529701,76.44419497,658052.342,1159432.306,108.00,658052.338,1159432.306,-46.8,11,658052.802,1159431.489,10.48529250,76.44419750,0.360,-0.064,10.0,9.0,0.0,18.1,2047,1840,RTK FIXED
77.444,071114.60,10.48529700,76.44419500,10.48529700,76.44419498,658052.342,1159432.306,108.00,658052.340,1159432.306,-46.8,11,658052.802,1159431.489,10.48529250,76.44419750,0.360,-0.064,10.0,9.0,0.5,17.5,2047,1840,RTK FIXED
77.498,071114.60,10.48529700,76.44419500,10.48529700,76.44419499,658052.342,1159432.306,108.00,658052.341,1159432.306,-46.8,11,658052.802,1159431.489,10.48529250,76.44419750,0.360,-0.064,10.0,9.0,0.0,17.0,2047,1840,RTK FIXED
77.544,071114.60,10.48529700,76.44419500,10.48529700,76.44419499,658052.342,1159432.306,108.00,658052.341,1159432.306,-46.8,11,658052.802,1159431.489,10.48529250,76.44419750,0.360,-0.064,10.0,9.0,-0.6,14.9,2047,1840,RTK FIXED
77.599,071114.80,10.48529600,76.44419500,10.48529660,76.44419500,658052.281,1159432.151,108.00,658052.317,1159432.244,-46.8,11,658052.802,1159431.489,10.48529250,76.44419750,0.360,-0.079,10.0,8.8,0.0,16.3,2047,1793,RTK FIXED
77.652,071114.80,10.48529600,76.44419500,10.48529636,76.44419500,658052.281,1159432.151,108.00,658052.303,1159432.207,-46.8,11,658052.802,1159431.489,10.48529250,76.44419750,0.360,-0.079,10.0,8.8,0.0,13.6,2047,1793,RTK FIXED
77.699,071114.80,10.48529600,76.44419500,10.48529622,76.44419500,658052.281,1159432.151,108.00,658052.294,1159432.185,-46.8,11,658052.802,1159431.489,10.48529250,76.44419750,0.360,-0.079,10.0,8.8,0.5,13.4,2047,1793,RTK FIXED
77.752,071114.80,10.48529600,76.44419500,10.48529613,76.44419500,658052.281,1159432.151,108.00,658052.289,1159432.171,-46.8,11,658052.802,1159431.489,10.48529250,76.44419750,0.360,-0.079,10.0,8.8,0.0,14.0,2047,1793,RTK FIXED
77.799,071115.00,10.48529600,76.44419500,10.48529608,76.44419500,658052.281,1159432.151,108.00,658052.286,1159432.163,-60.1,11,658052.802,1159431.489,10.48529250,76.44419750,0.366,-0.006,10.0,9.9,0.0,16.0,2047,2026,RTK FIXED
77.852,071115.00,10.48529600,76.44419500,10.48529605,76.44419500,658052.281,1159432.151,108.00,658052.284,1159432.158,-60.1,11,658052.802,1159431.489,10.48529250,76.44419750,0.366,-0.006,10.0,9.9,-0.5,15.5,2047,2026,RTK FIXED
77.898,071115.00,10.48529600,76.44419500,10.48529603,76.44419500,658052.281,1159432.151,108.00,658052.283,1159432.155,-60.1,11,658052.802,1159431.489,10.48529250,76.44419750,0.366,-0.006,10.0,9.9,0.5,15.8,2047,2026,RTK FIXED
77.953,071115.20,10.48529600,76.44419500,10.48529602,76.44419500,658052.351,1159432.200,108.00,658052.310,1159432.173,-60.1,11,658052.802,1159431.489,10.48529250,76.44419750,0.366,0.010,9.8,10.0,0.0,16.0,2014,2047,RTK FIXED
77.998,071115.20,10.48529600,76.44419500,10.48529601,76.44419500,658052.351,1159432.200,108.00,658052.327,1159432.184,-60.1,11,658052.802,1159431.489,10.48529250,76.44419750,0.366,0.010,9.8,10.0,-0.5,15.8,2014,2047,RTK FIXED
78.052,071115.20,10.48529600,76.44419500,10.48529601,76.44419500,658052.351,1159432.200,108.00,658052.336,1159432.191,-60.1,11,658052.802,1159431.489,10.48529250,76.44419750,0.366,0.010,9.8,10.0,0.5,14.4,2014,2047,RTK FIXED
78.098,071115.20,10.48529600,76.44419500,10.48529600,76.44419500,658052.351,1159432.200,108.00,658052.342,1159432.194,-60.1,11,658052.802,1159431.489,10.48529250,76.44419750,0.366,0.010,9.8,10.0,-0.5,17.0,2014,2047,RTK FIXED
78.153,071115.20,10.48529600,76.44419500,10.48529600,76.44419500,658052.351,1159432.200,108.00,658052.346,1159432.197,-60.1,11,658052.802,1159431.489,10.48529250,76.44419750,0.366,0.010,9.8,10.0,0.0,17.4,2014,2047,RTK FIXED
78.207,071115.40,10.48529500,76.44419500,10.48529560,76.44419500,658052.352,1159432.090,108.00,658052.348,1159432.154,-60.1,11,658052.802,1159431.489,10.48529250,76.44419750,0.366,0.015,9.8,10.0,0.0,16.5,1997,2047,RTK FIXED
78.253,071115.40,10.48529500,76.44419500,10.48529536,76.44419500,658052.352,1159432.090,108.00,658052.350,1159432.128,-60.1,11,658052.802,1159431.489,10.48529250,76.44419750,0.366,0.015,9.8,10.0,0.5,18.1,1997,2047,RTK FIXED
78.307,071115.40,10.48529500,76.44419500,10.48529522,76.44419500,658052.352,1159432.090,108.00,658052.350,1159432.113,-60.1,11,658052.802,1159431.489,10.48529250,76.44419750,0.366,0.015,9.8,10.0,-0.5,18.5,1997,2047,RTK FIXED
78.353,071115.40,10.48529500,76.44419500,10.48529513,76.44419500,658052.352,1159432.090,108.00,658052.351,1159432.104,-60.1,11,658052.802,1159431.489,10.48529250,76.44419750,0.366,0.015,9.8,10.0,0.5,14.1,1997,2047,RTK FIXED
78.407,071115.60,10.48529500,76.44419600,10.48529508,76.44419540,658052.461,1159432.090,108.00,658052.395,1159432.098,-54.0,11,658052.802,1159431.489,10.48529250,76.44419750,0.365,-0.013,10.0,9.8,0.0,17.9,2047,2005,RTK FIXED
78.452,071115.60,10.48529500,76.44419600,10.48529505,76.44419564,658052.461,1159432.090,108.00,658052.422,1159432.095,-54.0,11,658052.802,1159431.489,10.48529250,76.44419750,0.365,-0.013,10.0,9.8,0.0,18.3,2047,2005,RTK FIXED
78.507,071115.60,10.48529500,76.44419600,10.48529503,76.44419578,658052.461,1159432.090,108.00,658052.437,1159432.093,-54.0,11,658052.802,1159431.489,10.48529250,76.44419750,0.365,-0.013,10.0,9.8,0.0,18.3,2047,2005,RTK FIXED
78.553,071115.60,10.48529500,76.44419600,10.48529502,76.44419587,658052.461,1159432.090,108.00,658052.447,1159432.092,-54.0,11,658052.802,1159431.489,10.48529250,76.44419750,0.365,-0.013,10.0,9.8,-0.5,17.9,2047,2005,RTK FIXED
78.608,071115.60,10.48529500,76.44419600,10.48529501,76.44419592,658052.461,1159432.090,108.00,658052.453,1159432.091,-54.0,11,658052.802,1159431.489,10.48529250,76.44419750,0.365,-0.013,10.0,9.8,0.0,18.1,2047,2005,RTK FIXED
78.653,071115.80,10.48529500,76.44419600,10.48529501,76.44419595,658052.427,1159432.070,108.00,658052.443,1159432.083,-54.0,11,658052.802,1159431.489,10.48529250,76.44419750,0.365,-0.020,10.0,9.7,0.5,17.7,2047,1980,RTK FIXED
78.707,071115.80,10.48529500,76.44419600,10.48529500,76.44419597,658052.427,1159432.070,108.00,658052.436,1159432.077,-54.0,11,658052.802,1159431.489,10.48529250,76.44419750,0.365,-0.020,10.0,9.7,0.0,18.2,2047,1980,RTK FIXED
78.761,071115.80,10.48529500,76.44419600,10.48529500,76.44419598,658052.427,1159432.070,108.00,658052.433,1159432.074,-54.0,11,658052.802,1159431.489,10.48529250,76.44419750,0.365,-0.020,10.0,9.7,-0.5,18.6,2047,1980,RTK FIXED
78.807,071115.80,10.48529500,76.44419600,10.48529500,76.44419599,658052.427,1159432.070,108.00,658052.431,1159432.072,-54.0,11,658052.802,1159431.489,10.48529250,76.44419750,0.365,-0.020,10.0,9.7,0.5,17.8,2047,1980,RTK FIXED
78.860,071115.80,10.48529500,76.44419600,10.48529500,76.44419599,658052.427,1159432.070,108.00,658052.429,1159432.071,-54.0,11,658052.802,1159431.489,10.48529250,76.44419750,0.365,-0.020,10.0,9.7,0.0,17.8,2047,1980,RTK FIXED
78.907,071116.00,10.48529400,76.44419600,10.48529460,76.44419600,658052.428,1159431.959,108.00,658052.429,1159432.026,-58.9,11,658052.802,1159431.489,10.48529250,76.44419750,0.366,0.004,9.9,10.0,-0.5,17.0,2033,2047,RTK FIXED
78.961,071116.00,10.48529400,76.44419600,10.48529436,76.44419600,658052.428,1159431.959,108.00,658052.428,1159431.999,-58.9,11,658052.802,1159431.489,10.48529250,76.44419750,0.366,0.004,9.9,10.0,0.0,17.7,2033,2047,RTK FIXED
79.007,071116.00,10.48529400,76.44419600,10.48529422,76.44419600,658052.428,1159431.959,108.00,658052.428,1159431.983,-58.9,11,658052.802,1159431.489,10.48529250,76.44419750,0.366,0.004,9.9,10.0,0.5,17.9,2033,2047,RTK FIXED
79.061,071116.00,10.48529400,76.44419600,10.48529413,76.44419600,658052.428,1159431.959,108.00,658052.428,1159431.973,-58.9,11,658052.802,1159431.489,10.48529250,76.44419750,0.366,0.004,9.9,10.0,0.0,16.7,2033,2047,RTK FIXED
79.106,071116.20,10.48529400,76.44419600,10.48529408,76.44419600,658052.455,1159431.976,108.00,658052.439,1159431.974,-58.9,11,658052.802,1159431.489,10.48529250,76.44419750,0.366,0.010,9.8,10.0,-0.5,18.7,2013,2047,RTK FIXED
79.161,071116.20,10.48529400,76.44419600,10.48529405,76.44419600,658052.455,1159431.976,108.00,658052.445,1159431.975,-58.9,11,658052.802,1159431.489,10.48529250,76.44419750,0.366,0.010,9.8,10.0,0.0,18.2,2013,2047,RTK FIXED
79.216,071116.20,10.48529400,76.44419600,10.48529403,76.44419600,658052.455,1159431.976,108.00,658052.449,1159431.975,-58.9,11,658052.802,1159431.489,10.48529250,76.44419750,0.366,0.010,9.8,10.0,0.0,18.7,2013,2047,RTK FIXED
79.262,071116.40,10.48529400,76.44419600,10.48529402,76.44419600,658052.455,1159431.976,108.00,658052.451,1159431.975,-58.9,11,658052.802,1159431.489,10.48529250,76.44419750,0.366,0.012,9.8,10.0,0.6,18.8,2008,2047,RTK FIXED
79.315,071116.40,10.48529400,76.44419600,10.48529401,76.44419600,658052.455,1159431.976,108.00,658052.453,1159431.976,-58.9,11,658052.802,1159431.489,10.48529250,76.44419750,0.366,0.012,9.8,10.0,0.0,18.6,2008,2047,RTK FIXED
79.362,071116.40,10.48529400,76.44419600,10.48529401,76.44419600,658052.455,1159431.976,108.00,658052.453,1159431.976,-58.9,11,658052.802,1159431.489,10.48529250,76.44419750,0.366,0.012,9.8,10.0,-0.5,16.1,2008,2047,RTK FIXED
79.416,071116.60,10.48529300,76.44419700,10.48529360,76.44419640,658052.565,1159431.866,108.00,658052.498,1159431.932,-56.9,11,658052.802,1159431.489,10.48529250,76.44419750,0.366,0.006,9.9,10.0,0.0,18.5,2026,2047,RTK FIXED
79.461,071116.60,10.48529300,76.44419700,10.48529336,76.44419664,658052.565,1159431.866,108.00,658052.525,1159431.905,-56.9,11,658052.802,1159431.489,10.48529250,76.44419750,0.366,0.006,9.9,10.0,0.0,18.1,2026,2047,RTK FIXED
79.515,071116.60,10.48529300,76.44419700,10.48529322,76.44419678,658052.565,1159431.866,108.00,658052.541,1159431.889,-56.9,11,658052.802,1159431.489,10.48529250,76.44419750,0.366,0.006,9.9,10.0,0.0,18.1,2026,2047,RTK FIXED
79.561,071116.60,10.48529300,76.44419700,10.48529313,76.44419687,658052.565,1159431.866,108.00,658052.550,1159431.880,-56.9,11,658052.802,1159431.489,10.48529250,76.44419750,0.366,0.006,9.9,10.0,0.5,19.0,2026,2047,RTK FIXED
79.616,071116.80,10.48529300,76.44419700,10.48529308,76.44419692,658052.553,1159431.859,108.00,658052.551,1159431.871,-56.9,11,658052.802,1159431.489,10.48529250,76.44419750,0.366,0.005,9.9,10.0,0.0,18.4,2031,2047,RTK FIXED
79.662,071116.80,10.48529300,76.44419700,10.48529305,76.44419695,658052.553,1159431.859,108.00,658052.552,1159431.866,-56.9,11,658052.802,1159431.489,10.48529250,76.44419750,0.366,0.005,9.9,10.0,0.0,15.8,2031,2047,RTK FIXED
79.715,071116.80,10.48529300,76.44419700,10.48529303,76.44419697,658052.553,1159431.859,108.00,658052.553,1159431.863,-56.9,11,658052.802,1159431.489,10.48529250,76.44419750,0.366,0.005,9.9,10.0,0.0,18.3,2031,2047,RTK FIXED
79.770,071116.80,10.48529300,76.44419700,10.48529302,76.44419698,658052.553,1159431.859,108.00,658052.553,1159431.862,-56.9,11,658052.802,1159431.489,10.48529250,76.44419750,0.366,0.005,9.9,10.0,0.0,18.7,2031,2047,RTK FIXED
79.815,071116.80,10.48529300,76.44419700,10.48529301,76.44419699,658052.553,1159431.859,108.00,658052.553,1159431.860,-56.9,11,658052.802,1159431.489,10.48529250,76.44419750,0.366,0.005,9.9,10.0,-0.6,17.7,2031,2047,RTK FIXED
79.870,071117.00,10.48529300,76.44419700,10.48529301,76.44419699,658052.553,1159431.859,108.00,658052.553,1159431.860,-56.9,11,658052.802,1159431.489,10.48529250,76.44419750,0.366,0.004,9.9,10.0,0.0,18.2,2034,2047,RTK FIXED
79.915,071117.00,10.48529300,76.44419700,10.48529300,76.44419700,658052.553,1159431.859,108.00,658052.553,1159431.859,-56.9,11,658052.802,1159431.489,10.48529250,76.44419750,0.366,0.004,9.9,10.0,0.0,18.3,2034,2047,RTK FIXED
79.970,071117.20,10.48529200,76.44419700,10.48529260,76.44419700,658052.554,1159431.748,108.00,658052.553,1159431.815,-59.6,11,658052.802,1159431.489,10.48529250,76.44419750,0.347,0.010,9.8,10.0,0.5,18.6,2010,2047,RTK FIXED
80.015,071117.20,10.48529200,76.44419700,10.48529236,76.44419700,658052.554,1159431.748,108.00,658052.554,1159431.788,-59.6,11,658052.802,1159431.489,10.48529250,76.44419750,0.347,0.010,9.8,10.0,0.0,17.8,2010,2047,RTK FIXED
80.070,071117.40,10.48529200,76.44419700,10.48529222,76.44419700,658052.569,1159431.757,108.00,658052.560,1159431.776,-59.6,11,658052.802,1159431.489,10.48529250,76.44419750,0.321,0.013,9.8,10.0,0.0,18.2,1999,2047,RTK FIXED
80.115,071117.40,10.48529200,76.44419700,10.48529213,76.44419700,658052.569,1159431.757,108.00,658052.564,1159431.768,-59.6,11,658052.802,1159431.489,10.48529250,76.44419750,0.321,0.013,9.8,10.0,-0.6,18.3,1999,2047,RTK FIXED
80.170,071117.40,10.48529200,76.44419700,10.48529208,76.44419700,658052.569,1159431.757,108.00,658052.566,1159431.764,-59.6,11,658052.802,1159431.489,10.48529250,76.44419750,0.321,0.013,9.8,10.0,0.0,18.3,1999,2047,RTK FIXED
80.215,071117.40,10.48529200,76.44419700,10.48529205,76.44419700,658052.569,1159431.757,108.00,658052.567,1159431.761,-59.6,11,658052.802,1159431.489,10.48529250,76.44419750,0.321,0.013,9.8,10.0,0.0,18.2,1999,2047,RTK FIXED
80.270,071117.40,10.48529200,76.44419700,10.48529203,76.44419700,658052.569,1159431.757,108.00,658052.568,1159431.760,-59.6,11,658052.802,1159431.489,10.48529250,76.44419750,0.321,0.013,9.8,10.0,0.0,18.3,1999,2047,RTK FIXED
80.323,071117.40,10.48529200,76.44419700,10.48529202,76.44419700,658052.569,1159431.757,108.00,658052.568,1159431.759,-59.6,11,658052.802,1159431.489,10.48529250,76.44419750,0.321,0.013,9.8,10.0,0.5,17.4,1999,2047,RTK FIXED
80.373,071117.60,10.48529200,76.44419700,10.48529201,76.44419700,658052.569,1159431.757,108.00,658052.569,1159431.758,-59.6,12,658053.372,1159430.551,10.48528400,76.44420267,0.366,0.014,9.8,10.0,0.0,16.0,2001,2047,RTK FIXED
80.424,071117.60,10.48529200,76.44419700,10.48529201,76.44419700,658052.569,1159431.757,108.00,658052.569,1159431.758,-59.6,12,658053.372,1159430.551,10.48528400,76.44420267,0.366,0.014,9.8,10.0,0.0,17.7,2001,2047,RTK FIXED
80.470,071117.60,10.48529200,76.44419700,10.48529200,76.44419700,658052.569,1159431.757,108.00,658052.569,1159431.758,-59.6,12,658053.372,1159430.551,10.48528400,76.44420267,0.366,0.014,9.8,10.0,0.0,17.8,2001,2047,RTK FIXED
80.523,071117.60,10.48529200,76.44419700,10.48529200,76.44419700,658052.569,1159431.757,108.00,658052.569,1159431.757,-59.6,12,658053.372,1159430.551,10.48528400,76.44420267,0.366,0.014,9.8,10.0,-0.5,16.0,2001,2047,RTK FIXED
80.569,071117.60,10.48529200,76.44419700,10.48529200,76.44419700,658052.569,1159431.757,108.00,658052.569,1159431.757,-59.6,12,658053.372,1159430.551,10.48528400,76.44420267,0.366,0.014,9.8,10.0,0.5,17.9,2001,2047,RTK FIXED
80.625,071117.80,10.48529200,76.44419800,10.48529200,76.44419740,658052.679,1159431.758,108.00,658052.613,1159431.757,-54.3,12,658053.372,1159430.551,10.48528400,76.44420267,0.365,-0.012,10.0,9.8,-0.5,17.7,2047,2006,RTK FIXED
80.670,071117.80,10.48529200,76.44419800,10.48529200,76.44419764,658052.679,1159431.758,108.00,658052.639,1159431.758,-54.3,12,658053.372,1159430.551,10.48528400,76.44420267,0.365,-0.012,10.0,9.8,0.5,17.9,2047,2006,RTK FIXED
80.724,071117.80,10.48529200,76.44419800,10.48529200,76.44419778,658052.679,1159431.758,108.00,658052.655,1159431.758,-54.3,12,658053.372,1159430.551,10.48528400,76.44420267,0.365,-0.012,10.0,9.8,-0.5,17.7,2047,2006,RTK FIXED
80.771,071117.80,10.48529200,76.44419800,10.48529200,76.44419787,658052.679,1159431.758,108.00,658052.664,1159431.758,-54.3,12,658053.372,1159430.551,10.48528400,76.44420267,0.365,-0.012,10.0,9.8,0.5,15.6,2047,2006,RTK FIXED
80.825,071117.80,10.48529200,76.44419800,10.48529200,76.44419792,658052.679,1159431.758,108.00,658052.670,1159431.758,-54.3,12,658053.372,1159430.551,10.48528400,76.44420267,0.365,-0.012,10.0,9.8,-0.5,15.7,2047,2006,RTK FIXED
80.878,071118.00,10.48529100,76.44419800,10.48529160,76.44419795,658052.650,1159431.629,108.00,658052.662,1159431.706,-54.3,12,658053.372,1159430.551,10.48528400,76.44420267,0.365,-0.017,10.0,9.7,0.0,17.8,2047,1989,RTK FIXED
80.925,071118.00,10.48529100,76.44419800,10.48529136,76.44419797,658052.650,1159431.629,108.00,658052.657,1159431.675,-54.3,12,658053.372,1159430.551,10.48528400,76.44420267,0.365,-0.017,10.0,9.7,0.5,18.3,2047,1989,RTK FIXED
80.978,071118.00,10.48529100,76.44419800,10.48529122,76.44419798,658052.650,1159431.629,108.00,658052.654,1159431.657,-54.3,12,658053.372,1159430.551,10.48528400,76.44420267,0.365,-0.017,10.0,9.7,0.0,15.9,2047,1989,RTK FIXED
81.024,071118.00,10.48529100,76.44419800,10.48529113,76.44419799,658052.650,1159431.629,108.00,658052.652,1159431.646,-54.3,12,658053.372,1159430.551,10.48528400,76.44420267,0.365,-0.017,10.0,9.7,0.0,17.9,2047,1989,RTK FIXED
81.079,071118.20,10.48529100,76.44419800,10.48529108,76.44419799,658052.650,1159431.629,108.00,658052.651,1159431.639,-60.0,12,658053.372,1159430.551,10.48528400,76.44420267,0.366,0.005,9.9,10.0,0.0,17.8,2029,2047,RTK FIXED
81.125,071118.20,10.48529100,76.44419800,10.48529105,76.44419800,658052.650,1159431.629,108.00,658052.651,1159431.635,-60.0,12,658053.372,1159430.551,10.48528400,76.44420267,0.366,0.005,9.9,10.0,-0.6,17.6,2029,2047,RTK FIXED
81.179,071118.20,10.48529100,76.44419800,10.48529103,76.44419800,658052.650,1159431.629,108.00,658052.650,1159431.633,-60.0,12,658053.372,1159430.551,10.48528400,76.44420267,0.366,0.005,9.9,10.0,0.5,17.5,2029,2047,RTK FIXED
81.225,071118.40,10.48529100,76.44419800,10.48529102,76.44419800,658052.681,1159431.648,108.00,658052.663,1159431.639,-60.0,12,658053.372,1159430.551,10.48528400,76.44420267,0.366,0.010,9.8,10.0,-0.5,16.1,2013,2047,RTK FIXED
81.278,071118.40,10.48529100,76.44419800,10.48529101,76.44419800,658052.681,1159431.648,108.00,658052.670,1159431.643,-60.0,12,658053.372,1159430.551,10.48528400,76.44420267,0.366,0.010,9.8,10.0,0.5,18.3,2013,2047,RTK FIXED
81.324,071118.40,10.48529100,76.44419800,10.48529101,76.44419800,658052.681,1159431.648,108.00,658052.675,1159431.645,-60.0,12,658053.372,1159430.551,10.48528400,76.44420267,0.366,0.010,9.8,10.0,-0.6,18.2,2013,2047,RTK FIXED
81.379,071118.60,10.48529000,76.44419800,10.48529060,76.44419800,658052.682,1159431.538,108.00,658052.678,1159431.602,-60.0,12,658053.372,1159430.551,10.48528400,76.44420267,0.366,0.013,9.8,10.0,0.5,18.1,2003,2047,RTK FIXED
81.432,071118.60,10.48529000,76.44419800,10.48529036,76.44419800,658052.682,1159431.538,108.00,658052.679,1159431.576,-60.0,12,658053.372,1159430.551,10.48528400,76.44420267,0.366,0.013,9.8,10.0,-0.5,18.8,2003,2047,RTK FIXED
81.479,071118.60,10.48529000,76.44419800,10.48529022,76.44419800,658052.682,1159431.538,108.00,658052.680,1159431.561,-60.0,12,658053.372,1159430.551,10.48528400,76.44420267,0.366,0.013,9.8,10.0,0.5,18.4,2003,2047,RTK FIXED
81.533,071118.60,10.48529000,76.44419800,10.48529013,76.44419800,658052.682,1159431.538,108.00,658052.681,1159431.552,-60.0,12,658053.372,1159430.551,10.48528400,76.44420267,0.366,0.013,9.8,10.0,0.0,18.6,2003,2047,RTK FIXED
81.579,071118.80,10.48529000,76.44419800,10.48529008,76.44419800,658052.682,1159431.538,108.00,658052.681,1159431.546,-62.7,12,658053.372,1159430.551,10.48528400,76.44420267,0.366,0.033,9.5,10.0,-0.5,18.2,1938,2047,RTK FIXED
81.632,071118.80,10.48529000,76.44419800,10.48529005,76.44419800,658052.682,1159431.538,108.00,658052.682,1159431.543,-62.7,12,658053.372,1159430.551,10.48528400,76.44420267,0.366,0.033,9.5,10.0,0.5,18.5,1938,2047,RTK FIXED
81.679,071118.80,10.48529000,76.44419800,10.48529003,76.44419800,658052.682,1159431.538,108.00,658052.682,1159431.541,-62.7,12,658053.372,1159430.551,10.48528400,76.44420267,0.366,0.033,9.5,10.0,-0.5,18.6,1938,2047,RTK FIXED
81.732,071118.80,10.48529000,76.44419800,10.48529002,76.44419800,658052.682,1159431.538,108.00,658052.682,1159431.540,-62.7,12,658053.372,1159430.551,10.48528400,76.44420267,0.366,0.033,9.5,10.0,0.5,18.4,1938,2047,RTK FIXED
81.780,071118.80,10.48529000,76.44419800,10.48529001,76.44419800,658052.682,1159431.538,108.00,658052.682,1159431.539,-62.7,12,658053.372,1159430.551,10.48528400,76.44420267,0.366,0.033,9.5,10.0,-0.5,18.6,1938,2047,RTK FIXED
81.833,071119.00,10.48528900,76.44419900,10.48528961,76.44419840,658052.807,1159431.435,108.00,658052.732,1159431.497,-58.2,12,658053.372,1159430.551,10.48528400,76.44420267,0.366,0.018,9.7,10.0,0.0,18.4,1987,2047,RTK FIXED
81.879,071119.00,10.48528900,76.44419900,10.48528936,76.44419864,658052.807,1159431.435,108.00,658052.762,1159431.473,-58.2,12,658053.372,1159430.551,10.48528400,76.44420267,0.366,0.018,9.7,10.0,0.5,18.6,1987,2047,RTK FIXED
81.933,071119.00,10.48528900,76.44419900,10.48528922,76.44419878,658052.807,1159431.435,108.00,658052.780,1159431.458,-58.2,12,658053.372,1159430.551,10.48528400,76.44420267,0.366,0.018,9.7,10.0,-0.5,18.5,1987,2047,RTK FIXED
81.979,071119.20,10.48528900,76.44419900,10.48528913,76.44419887,658052.782,1159431.422,108.00,658052.781,1159431.443,-58.2,12,658053.372,1159430.551,10.48528400,76.44420267,0.366,0.015,9.8,10.0,0.0,17.9,1999,2047,RTK FIXED
82.033,071119.20,10.48528900,76.44419900,10.48528908,76.44419892,658052.782,1159431.422,108.00,658052.781,1159431.435,-58.2,12,658053.372,1159430.551,10.48528400,76.44420267,0.366,0.015,9.8,10.0,0.0,19.0,1999,2047,RTK FIXED
82.087,071119.40,10.48528900,76.44419900,10.48528905,76.44419895,658052.782,1159431.422,108.00,658052.781,1159431.430,-58.2,12,658053.372,1159430.551,10.48528400,76.44420267,0.366,0.014,9.8,10.0,0.5,18.4,2001,2047,RTK FIXED
82.133,071119.40,10.48528900,76.44419900,10.48528903,76.44419897,658052.782,1159431.422,108.00,658052.781,1159431.427,-58.2,12,658053.372,1159430.551,10.48528400,76.44420267,0.366,0.014,9.8,10.0,-0.5,18.6,2001,2047,RTK FIXED
82.187,071119.40,10.48528900,76.44419900,10.48528902,76.44419898,658052.782,1159431.422,108.00,658052.781,1159431.425,-58.2,12,658053.372,1159430.551,10.48528400,76.44420267,0.366,0.014,9.8,10.0,0.5,18.5,2001,2047,RTK FIXED
82.233,071119.40,10.48528900,76.44419900,10.48528901,76.44419899,658052.782,1159431.422,108.00,658052.782,1159431.424,-58.2,12,658053.372,1159430.551,10.48528400,76.44420267,0.366,0.014,9.8,10.0,-0.5,18.4,2001,2047,RTK FIXED
82.287,071119.40,10.48528900,76.44419900,10.48528901,76.44419899,658052.782,1159431.422,108.00,658052.782,1159431.423,-58.2,12,658053.372,1159430.551,10.48528400,76.44420267,0.366,0.014,9.8,10.0,0.0,18.2,2001,2047,RTK FIXED
82.333,071119.40,10.48528900,76.44419900,10.48528900,76.44419900,658052.782,1159431.422,108.00,658052.782,1159431.422,-58.2,12,658053.372,1159430.551,10.48528400,76.44420267,0.366,0.014,9.8,10.0,0.0,18.8,2001,2047,RTK FIXED
82.388,071119.60,10.48528800,76.44419900,10.48528860,76.44419900,658052.782,1159431.311,108.00,658052.782,1159431.378,-61.9,12,658053.372,1159430.551,10.48528400,76.44420267,0.366,0.030,9.5,10.0,0.0,18.9,1948,2047,RTK FIXED
82.434,071119.60,10.48528800,76.44419900,10.48528836,76.44419900,658052.782,1159431.311,108.00,658052.782,1159431.351,-61.9,12,658053.372,1159430.551,10.48528400,76.44420267,0.366,0.030,9.5,10.0,0.5,18.5,1948,2047,RTK FIXED
82.487,071119.60,10.48528800,76.44419900,10.48528822,76.44419900,658052.782,1159431.311,108.00,658052.782,1159431.335,-61.9,12,658053.372,1159430.551,10.48528400,76.44420267,0.366,0.030,9.5,10.0,-0.5,16.8,1948,2047,RTK FIXED
82.533,071119.60,10.48528800,76.44419900,10.48528813,76.44419900,658052.782,1159431.311,108.00,658052.782,1159431.326,-61.9,12,658053.372,1159430.551,10.48528400,76.44420267,0.366,0.030,9.5,10.0,0.0,19.0,1948,2047,RTK FIXED
82.587,071119.60,10.48528800,76.44419900,10.48528808,76.44419900,658052.782,1159431.311,108.00,658052.782,1159431.320,-61.9,12,658053.372,1159430.551,10.48528400,76.44420267,0.366,0.030,9.5,10.0,0.5,18.5,1948,2047,RTK FIXED
82.642,071119.80,10.48528800,76.44420000,10.48528805,76.44419940,658052.913,1159431.323,108.00,658052.834,1159431.321,-61.9,12,658053.372,1159430.551,10.48528400,76.44420267,0.366,0.031,9.5,10.0,-0.5,16.1,1945,2047,RTK FIXED
82.687,071119.80,10.48528800,76.44420000,10.48528803,76.44419964,658052.913,1159431.323,108.00,658052.866,1159431.322,-61.9,12,658053.372,1159430.551,10.48528400,76.44420267,0.366,0.031,9.5,10.0,0.0,18.3,1945,2047,RTK FIXED
82.741,071119.80,10.48528800,76.44420000,10.48528802,76.44419978,658052.913,1159431.323,108.00,658052.885,1159431.323,-61.9,12,658053.372,1159430.551,10.48528400,76.44420267,0.366,0.031,9.5,10.0,0.5,18.8,1945,2047,RTK FIXED
82.787,071119.80,10.48528800,76.44420000,10.48528801,76.44419987,658052.913,1159431.323,108.00,658052.896,1159431.323,-61.9,12,658053.372,1159430.551,10.48528400,76.44420267,0.366,0.031,9.5,10.0,0.0,18.4,1945,2047,RTK FIXED
82.842,071120.00,10.48528800,76.44420000,10.48528801,76.44419992,658052.913,1159431.323,108.00,658052.903,1159431.323,-51.8,12,658053.372,1159430.551,10.48528400,76.44420267,0.364,-0.024,10.0,9.6,0.0,16.5,2047,1968,RTK FIXED
82.887,071120.00,10.48528800,76.44420000,10.48528800,76.44419995,658052.913,1159431.323,108.00,658052.907,1159431.323,-51.8,12,658053.372,1159430.551,10.48528400,76.44420267,0.364,-0.024,10.0,9.6,-0.6,18.3,2047,1968,RTK FIXED
82.943,071120.00,10.48528800,76.44420000,10.48528800,76.44419997,658052.913,1159431.323,108.00,658052.909,1159431.323,-51.8,12,658053.372,1159430.551,10.48528400,76.44420267,0.364,-0.024,10.0,9.6,0.4,17.9,2047,1968,RTK FIXED
82.987,071120.20,10.48528800,76.44420000,10.48528800,76.44419998,658052.857,1159431.289,108.00,658052.888,1159431.309,-51.8,12,658053.372,1159430.551,10.48528400,76.44420267,0.364,-0.037,10.0,9.4,-0.6,17.8,2047,1927,RTK FIXED
83.042,071120.20,10.48528800,76.44420000,10.48528800,76.44419999,658052.857,1159431.289,108.00,658052.876,1159431.301,-51.8,12,658053.372,1159430.551,10.48528400,76.44420267,0.364,-0.037,10.0,9.4,0.0,17.6,2047,1927,RTK FIXED
83.095,071120.20,10.48528800,76.44420000,10.48528800,76.44419999,658052.857,1159431.289,108.00,658052.868,1159431.296,-51.8,12,658053.372,1159430.551,10.48528400,76.44420267,0.364,-0.037,10.0,9.4,0.5,15.8,2047,1927,RTK FIXED
83.142,071120.40,10.48528700,76.44420000,10.48528760,76.44420000,658052.858,1159431.178,108.00,658052.864,1159431.249,-63.8,12,658053.372,1159430.551,10.48528400,76.44420267,0.365,0.029,9.5,10.0,-0.5,15.5,1950,2047,RTK FIXED
83.195,071120.40,10.48528700,76.44420000,10.48528736,76.44420000,658052.858,1159431.178,108.00,658052.862,1159431.221,-63.8,12,658053.372,1159430.551,10.48528400,76.44420267,0.365,0.029,9.5,10.0,0.0,18.2,1950,2047,RTK FIXED
83.242,071120.40,10.48528700,76.44420000,10.48528722,76.44420000,658052.858,1159431.178,108.00,658052.860,1159431.204,-63.8,12,658053.372,1159430.551,10.48528400,76.44420267,0.365,0.029,9.5,10.0,0.5,17.3,1950,2047,RTK FIXED
83.295,071120.40,10.48528700,76.44420000,10.48528713,76.44420000,658052.858,1159431.178,108.00,658052.859,1159431.194,-63.8,12,658053.372,1159430.551,10.48528400,76.44420267,0.365,0.029,9.5,10.0,0.0,16.0,1950,2047,RTK FIXED
83.342,071120.40,10.48528700,76.44420000,10.48528708,76.44420000,658052.858,1159431.178,108.00,658052.859,1159431.188,-63.8,12,658053.372,1159430.551,10.48528400,76.44420267,0.365,0.029,9.5,10.0,-0.5,17.5,1950,2047,RTK FIXED
83.396,071120.60,10.48528700,76.44420000,10.48528705,76.44420000,658052.924,1159431.218,108.00,658052.885,1159431.200,-63.8,12,658053.372,1159430.551,10.48528400,76.44420267,0.365,0.045,9.3,10.0,0.5,14.8,1901,2047,RTK FIXED
83.442,071120.60,10.48528700,76.44420000,10.48528703,76.44420000,658052.924,1159431.218,108.00,658052.900,1159431.207,-63.8,12,658053.372,1159430.551,10.48528400,76.44420267,0.365,0.045,9.3,10.0,-0.5,17.4,1901,2047,RTK FIXED
83.495,071120.60,10.48528700,76.44420000,10.48528702,76.44420000,658052.924,1159431.218,108.00,658052.910,1159431.211,-63.8,12,658053.372,1159430.551,10.48528400,76.44420267,0.365,0.045,9.3,10.0,0.0,18.4,1901,2047,RTK FIXED
83.542,071120.60,10.48528700,76.44420000,10.48528701,76.44420000,658052.924,1159431.218,108.00,658052.916,1159431.214,-63.8,12,658053.372,1159430.551,10.48528400,76.44420267,0.365,0.045,9.3,10.0,0.0,18.0,1901,2047,RTK FIXED
83.597,071120.80,10.48528700,76.44420000,10.48528701,76.44420000,658052.924,1159431.218,108.00,658052.919,1159431.215,-63.8,12,658053.372,1159430.551,10.48528400,76.44420267,0.365,0.049,9.2,10.0,0.0,18.5,1890,2047,RTK FIXED
83.650,071120.80,10.48528700,76.44420000,10.48528700,76.44420000,658052.924,1159431.218,108.00,658052.921,1159431.216,-63.8,12,658053.372,1159430.551,10.48528400,76.44420267,0.365,0.049,9.2,10.0,0.0,17.7,1890,2047,RTK FIXED
83.697,071121.00,10.48528600,76.44420100,10.48528660,76.44420040,658053.034,1159431.108,108.00,658052.966,1159431.173,-56.9,12,658053.372,1159430.551,10.48528400,76.44420267,0.366,0.017,9.7,10.0,0.0,17.7,1990,2047,RTK FIXED
83.750,071121.00,10.48528600,76.44420100,10.48528636,76.44420064,658053.034,1159431.108,108.00,658052.993,1159431.147,-56.9,12,658053.372,1159430.551,10.48528400,76.44420267,0.366,0.017,9.7,10.0,0.0,17.7,1990,2047,RTK FIXED
83.796,071121.00,10.48528600,76.44420100,10.48528622,76.44420078,658053.034,1159431.108,108.00,658053.010,1159431.131,-56.9,12,658053.372,1159430.551,10.48528400,76.44420267,0.366,0.017,9.7,10.0,0.5,15.2,1990,2047,RTK FIXED
83.850,071121.20,10.48528600,76.44420100,10.48528613,76.44420087,658052.995,1159431.087,108.00,658053.004,1159431.113,-56.9,12,658053.372,1159430.551,10.48528400,76.44420267,0.366,0.010,9.8,10.0,0.0,16.1,2014,2047,RTK FIXED
83.896,071121.20,10.48528600,76.44420100,10.48528608,76.44420092,658052.995,1159431.087,108.00,658053.000,1159431.103,-56.9,12,658053.372,1159430.551,10.48528400,76.44420267,0.366,0.010,9.8,10.0,-0.5,17.5,2014,2047,RTK FIXED
83.950,071121.20,10.48528600,76.44420100,10.48528605,76.44420095,658052.995,1159431.087,108.00,658052.998,1159431.096,-56.9,12,658053.372,1159430.551,10.48528400,76.44420267,0.366,0.010,9.8,10.0,0.5,18.1,2014,2047,RTK FIXED
83.996,071121.20,10.48528600,76.44420100,10.48528603,76.44420097,658052.995,1159431.087,108.00,658052.997,1159431.093,-56.9,12,658053.372,1159430.551,10.48528400,76.44420267,0.366,0.010,9.8,10.0,0.0,17.4,2014,2047,RTK FIXED
84.050,071121.20,10.48528600,76.44420100,10.48528602,76.44420098,658052.995,1159431.087,108.00,658052.996,1159431.090,-56.9,12,658053.372,1159430.551,10.48528400,76.44420267,0.366,0.010,9.8,10.0,0.0,18.1,2014,2047,RTK FIXED
84.097,071121.40,10.48528600,76.44420100,10.48528601,76.44420099,658052.995,1159431.087,108.00,658052.996,1159431.089,-56.9,12,658053.372,1159430.551,10.48528400,76.44420267,0.366,0.008,9.9,10.0,-0.5,18.3,2019,2047,RTK FIXED
84.151,071121.40,10.48528600,76.44420100,10.48528601,76.44420099,658052.995,1159431.087,108.00,658052.996,1159431.088,-56.9,12,658053.372,1159430.551,10.48528400,76.44420267,0.366,0.008,9.9,10.0,0.5,18.1,2019,2047,RTK FIXED
84.204,071121.40,10.48528600,76.44420100,10.48528600,76.44420100,658052.995,1159431.087,108.00,658052.995,1159431.088,-56.9,12,658053.372,1159430.551,10.48528400,76.44420267,0.366,0.008,9.9,10.0,0.0,18.2,2019,2047,RTK FIXED
84.251,071121.40,10.48528600,76.44420100,10.48528600,76.44420100,658052.995,1159431.087,108.00,658052.995,1159431.087,-56.9,12,658053.372,1159430.551,10.48528400,76.44420267,0.366,0.008,9.9,10.0,-0.5,18.4,2019,2047,RTK FIXED
84.304,071121.40,10.48528600,76.44420100,10.48528600,76.44420100,658052.995,1159431.087,108.00,658052.995,1159431.087,-56.9,12,658053.372,1159430.551,10.48528400,76.44420267,0.366,0.008,9.9,10.0,0.5,18.1,2019,2047,RTK FIXED
84.350,071121.40,10.48528600,76.44420100,10.48528600,76.44420100,658052.995,1159431.087,108.00,658052.995,1159431.087,-56.9,12,658053.372,1159430.551,10.48528400,76.44420267,0.366,0.008,9.9,10.0,-0.5,17.8,2019,2047,RTK FIXED
84.405,071121.60,10.48528500,76.44420100,10.48528560,76.44420100,658052.996,1159430.976,108.00,658052.995,1159431.043,-62.3,12,658053.372,1159430.551,10.48528400,76.44420267,0.366,0.032,9.5,10.0,0.0,18.4,1943,2047,RTK FIXED
84.451,071121.60,10.48528500,76.44420100,10.48528536,76.44420100,658052.996,1159430.976,108.00,658052.995,1159431.016,-62.3,12,658053.372,1159430.551,10.48528400,76.44420267,0.366,0.032,9.5,10.0,0.0,18.5,1943,2047,RTK FIXED
84.505,071121.60,10.48528500,76.44420100,10.48528522,76.44420100,658052.996,1159430.976,108.00,658052.996,1159431.000,-62.3,12,658053.372,1159430.551,10.48528400,76.44420267,0.366,0.032,9.5,10.0,0.0,16.7,1943,2047,RTK FIXED
84.551,071121.60,10.48528500,76.44420100,10.48528513,76.44420100,658052.996,1159430.976,108.00,658052.996,1159430.991,-62.3,12,658053.372,1159430.551,10.48528400,76.44420267,0.366,0.032,9.5,10.0,0.0,18.4,1943,2047,RTK FIXED
84.606,071121.80,10.48528500,76.44420100,10.48528508,76.44420100,658053.026,1159430.993,108.00,658053.008,1159430.992,-62.3,12,658053.372,1159430.551,10.48528400,76.44420267,0.366,0.038,9.4,10.0,0.0,18.3,1924,2047,RTK FIXED
84.650,071121.80,10.48528500,76.44420100,10.48528505,76.44420100,658053.026,1159430.993,108.00,658053.015,1159430.992,-62.3,12,658053.372,1159430.551,10.48528400,76.44420267,0.366,0.038,9.4,10.0,0.6,16.2,1924,2047,RTK FIXED
84.705,071121.80,10.48528500,76.44420100,10.48528503,76.44420100,658053.026,1159430.993,108.00,658053.020,1159430.993,-62.3,12,658053.372,1159430.551,10.48528400,76.44420267,0.366,0.038,9.4,10.0,-0.5,18.8,1924,2047,RTK FIXED
84.751,071122.00,10.48528500,76.44420200,10.48528502,76.44420140,658053.136,1159430.994,108.00,658053.066,1159430.993,-53.5,12,658053.372,1159430.551,10.48528400,76.44420267,0.365,-0.009,10.0,9.9,0.0,18.7,2047,2018,RTK FIXED
84.805,071122.00,10.48528500,76.44420200,10.48528501,76.44420164,658053.136,1159430.994,108.00,658053.094,1159430.993,-53.5,12,658053.372,1159430.551,10.48528400,76.44420267,0.365,-0.009,10.0,9.9,0.5,15.9,2047,2018,RTK FIXED
84.858,071122.00,10.48528500,76.44420200,10.48528501,76.44420178,658053.136,1159430.994,108.00,658053.111,1159430.993,-53.5,12,658053.372,1159430.551,10.48528400,76.44420267,0.365,-0.009,10.0,9.9,-0.5,18.3,2047,2018,RTK FIXED
84.905,071122.20,10.48528400,76.44420200,10.48528460,76.44420187,658053.087,1159430.854,108.00,658053.101,1159430.938,-53.5,12,658053.372,1159430.551,10.48528400,76.44420267,0.365,-0.018,10.0,9.7,0.5,18.2,2047,1988,RTK FIXED
84.959,071122.20,10.48528400,76.44420200,10.48528436,76.44420192,658053.087,1159430.854,108.00,658053.096,1159430.904,-53.5,12,658053.372,1159430.551,10.48528400,76.44420267,0.365,-0.018,10.0,9.7,0.0,18.1,2047,1988,RTK FIXED
85.005,071122.20,10.48528400,76.44420200,10.48528422,76.44420195,658053.087,1159430.854,108.00,658053.092,1159430.884,-53.5,12,658053.372,1159430.551,10.48528400,76.44420267,0.365,-0.018,10.0,9.7,-0.5,18.3,2047,1988,RTK FIXED
85.059,071122.20,10.48528400,76.44420200,10.48528413,76.44420197,658053.087,1159430.854,108.00,658053.090,1159430.872,-53.5,12,658053.372,1159430.551,10.48528400,76.44420267,0.365,-0.018,10.0,9.7,0.0,19.5,2047,1988,RTK FIXED
85.105,071122.20,10.48528400,76.44420200,10.48528408,76.44420198,658053.087,1159430.854,108.00,658053.089,1159430.865,-53.5,12,658053.372,1159430.551,10.48528400,76.44420267,0.365,-0.018,10.0,9.7,0.5,18.9,2047,1988,RTK FIXED
85.160,071122.40,10.48528400,76.44420200,10.48528405,76.44420199,658053.087,1159430.854,108.00,658053.088,1159430.861,-61.2,12,658053.372,1159430.551,10.48528400,76.44420267,0.366,0.018,9.7,10.0,-0.5,18.7,1988,2047,RTK FIXED
85.213,071122.40,10.48528400,76.44420200,10.48528403,76.44420199,658053.087,1159430.854,108.00,658053.088,1159430.858,-61.2,12,658053.372,1159430.551,10.48528400,76.44420267,0.366,0.018,9.7,10.0,0.5,18.9,1988,2047,RTK FIXED
85.258,071122.40,10.48528400,76.44420200,10.48528402,76.44420200,658053.087,1159430.854,108.00,658053.088,1159430.857,-61.2,12,658053.372,1159430.551,10.48528400,76.44420267,0.366,0.018,9.7,10.0,-0.6,17.7,1988,2047,RTK FIXED
85.313,071122.40,10.48528400,76.44420200,10.48528401,76.44420200,658053.087,1159430.854,108.00,658053.087,1159430.856,-61.2,12,658053.372,1159430.551,10.48528400,76.44420267,0.366,0.018,9.7,10.0,0.0,18.2,1988,2047,RTK FIXED
85.359,071122.40,10.48528400,76.44420200,10.48528401,76.44420200,658053.087,1159430.854,108.00,658053.087,1159430.855,-61.2,12,658053.372,1159430.551,10.48528400,76.44420267,0.366,0.018,9.7,10.0,0.0,15.9,1988,2047,RTK FIXED
85.414,071122.60,10.48528400,76.44420200,10.48528400,76.44420200,658053.130,1159430.880,108.00,658053.104,1159430.865,-61.2,12,658053.372,1159430.551,10.48528400,76.44420267,0.355,0.026,9.6,10.0,0.0,17.9,1960,2047,RTK FIXED
85.459,071122.60,10.48528400,76.44420200,10.48528400,76.44420200,658053.130,1159430.880,108.00,658053.114,1159430.871,-61.2,12,658053.372,1159430.551,10.48528400,76.44420267,0.355,0.026,9.6,10.0,0.0,18.0,1960,2047,RTK FIXED
85.513,071122.60,10.48528400,76.44420200,10.48528400,76.44420200,658053.130,1159430.880,108.00,658053.121,1159430.874,-61.2,12,658053.372,1159430.551,10.48528400,76.44420267,0.355,0.026,9.6,10.0,0.5,18.5,1960,2047,RTK FIXED
85.559,071122.60,10.48528400,76.44420200,10.48528400,76.44420200,658053.130,1159430.880,108.00,658053.124,1159430.877,-61.2,12,658053.372,1159430.551,10.48528400,76.44420267,0.355,0.026,9.6,10.0,0.0,16.0,1960,2047,RTK FIXED
85.614,071122.60,10.48528400,76.44420200,10.48528400,76.44420200,658053.130,1159430.880,108.00,658053.126,1159430.878,-61.2,12,658053.372,1159430.551,10.48528400,76.44420267,0.355,0.026,9.6,10.0,0.0,19.0,1960,2047,RTK FIXED
85.660,071122.80,10.48528400,76.44420200,10.48528400,76.44420200,658053.130,1159430.880,108.00,658053.128,1159430.879,-61.2,12,658053.372,1159430.551,10.48528400,76.44420267,0.344,0.027,9.5,10.0,0.0,18.1,1953,2047,RTK FIXED
85.713,071122.80,10.48528400,76.44420200,10.48528400,76.44420200,658053.130,1159430.880,108.00,658053.128,1159430.879,-61.2,12,658053.372,1159430.551,10.48528400,76.44420267,0.344,0.027,9.5,10.0,0.0,18.7,1953,2047,RTK FIXED
85.759,071122.80,10.48528400,76.44420200,10.48528400,76.44420200,658053.130,1159430.880,108.00,658053.129,1159430.879,-61.2,12,658053.372,1159430.551,10.48528400,76.44420267,0.344,0.027,9.5,10.0,-0.5,16.8,1953,2047,RTK FIXED
85.817,071123.00,10.48528300,76.44420300,10.48528360,76.44420240,658053.240,1159430.770,108.00,658053.173,1159430.835,-54.6,13,658053.942,1159429.614,10.48527550,76.44420783,0.366,-0.003,10.0,9.9,0.0,18.0,2047,2036,RTK FIXED
85.867,071123.00,10.48528300,76.44420300,10.48528336,76.44420264,658053.240,1159430.770,108.00,658053.200,1159430.809,-54.6,13,658053.942,1159429.614,10.48527550,76.44420783,0.366,-0.003,10.0,9.9,0.0,18.9,2047,2036,RTK FIXED
85.914,071123.00,10.48528300,76.44420300,10.48528322,76.44420278,658053.240,1159430.770,108.00,658053.216,1159430.793,-54.6,13,658053.942,1159429.614,10.48527550,76.44420783,0.366,-0.003,10.0,9.9,0.5,16.0,2047,2036,RTK FIXED
85.968,071123.20,10.48528300,76.44420300,10.48528313,76.44420287,658053.203,1159430.748,108.00,658053.211,1159430.775,-54.6,13,658053.942,1159429.614,10.48527550,76.44420783,0.366,-0.010,10.0,9.8,-0.5,18.4,2047,2013,RTK FIXED
86.014,071123.20,10.48528300,76.44420300,10.48528308,76.44420292,658053.203,1159430.748,108.00,658053.208,1159430.764,-54.6,13,658053.942,1159429.614,10.48527550,76.44420783,0.366,-0.010,10.0,9.8,0.5,18.9,2047,2013,RTK FIXED
86.067,071123.20,10.48528300,76.44420300,10.48528305,76.44420295,658053.203,1159430.748,108.00,658053.206,1159430.758,-54.6,13,658053.942,1159429.614,10.48527550,76.44420783,0.366,-0.010,10.0,9.8,0.0,18.2,2047,2013,RTK FIXED
86.114,071123.20,10.48528300,76.44420300,10.48528303,76.44420297,658053.203,1159430.748,108.00,658053.205,1159430.754,-54.6,13,658053.942,1159429.614,10.48527550,76.44420783,0.366,-0.010,10.0,9.8,-0.5,18.4,2047,2013,RTK FIXED
86.168,071123.20,10.48528300,76.44420300,10.48528302,76.44420298,658053.203,1159430.748,108.00,658053.204,1159430.752,-54.6,13,658053.942,1159429.614,10.48527550,76.44420783,0.366,-0.010,10.0,9.8,0.0,18.4,2047,2013,RTK FIXED
86.214,071123.40,10.48528300,76.44420300,10.48528301,76.44420299,658053.203,1159430.748,108.00,658053.204,1159430.750,-54.6,13,658053.942,1159429.614,10.48527550,76.44420783,0.366,-0.012,10.0,9.8,0.5,19.6,2047,2007,RTK FIXED
86.267,071123.40,10.48528300,76.44420300,10.48528301,76.44420299,658053.203,1159430.748,108.00,658053.203,1159430.749,-54.6,13,658053.942,1159429.614,10.48527550,76.44420783,0.366,-0.012,10.0,9.8,0.0,18.5,2047,2007,RTK FIXED
86.314,071123.40,10.48528300,76.44420300,10.48528300,76.44420300,658053.203,1159430.748,108.00,658053.203,1159430.749,-54.6,13,658053.942,1159429.614,10.48527550,76.44420783,0.366,-0.012,10.0,9.8,-0.5,18.8,2047,2007,RTK FIXED
86.367,071123.40,10.48528300,76.44420300,10.48528300,76.44420300,658053.203,1159430.748,108.00,658053.203,1159430.749,-54.6,13,658053.942,1159429.614,10.48527550,76.44420783,0.366,-0.012,10.0,9.8,0.5,17.8,2047,2007,RTK FIXED
86.422,071123.60,10.48528200,76.44420300,10.48528260,76.44420300,658053.204,1159430.637,108.00,658053.203,1159430.704,-60.7,13,658053.942,1159429.614,10.48527550,76.44420783,0.366,0.015,9.7,10.0,-0.5,18.1,1996,2047,RTK FIXED
86.467,071123.60,10.48528200,76.44420300,10.48528236,76.44420300,658053.204,1159430.637,108.00,658053.203,1159430.677,-60.7,13,658053.942,1159429.614,10.48527550,76.44420783,0.366,0.015,9.7,10.0,0.0,17.8,1996,2047,RTK FIXED
86.522,071123.60,10.48528200,76.44420300,10.48528222,76.44420300,658053.204,1159430.637,108.00,658053.203,1159430.661,-60.7,13,658053.942,1159429.614,10.48527550,76.44420783,0.366,0.015,9.7,10.0,0.0,16.4,1996,2047,RTK FIXED
86.568,071123.60,10.48528200,76.44420300,10.48528213,76.44420300,658053.204,1159430.637,108.00,658053.203,1159430.652,-60.7,13,658053.942,1159429.614,10.48527550,76.44420783,0.366,0.015,9.7,10.0,0.5,17.4,1996,2047,RTK FIXED
86.623,071123.60,10.48528200,76.44420300,10.48528208,76.44420300,658053.204,1159430.637,108.00,658053.203,1159430.646,-60.7,13,658053.942,1159429.614,10.48527550,76.44420783,0.366,0.015,9.7,10.0,0.0,18.1,1996,2047,RTK FIXED
86.669,071123.80,10.48528200,76.44420400,10.48528205,76.44420340,658053.346,1159430.658,108.00,658053.261,1159430.651,-60.7,13,658053.942,1159429.614,10.48527550,76.44420783,0.366,0.018,9.7,10.0,0.0,17.1,1986,2047,RTK FIXED
86.722,071123.80,10.48528200,76.44420400,10.48528203,76.44420364,658053.346,1159430.658,108.00,658053.295,1159430.654,-60.7,13,658053.942,1159429.614,10.48527550,76.44420783,0.366,0.018,9.7,10.0,-0.5,18.6,1986,2047,RTK FIXED
86.768,071123.80,10.48528200,76.44420400,10.48528202,76.44420378,658053.346,1159430.658,108.00,658053.316,1159430.655,-60.7,13,658053.942,1159429.614,10.48527550,76.44420783,0.366,0.018,9.7,10.0,0.5,17.9,1986,2047,RTK FIXED
86.822,071124.00,10.48528200,76.44420400,10.48528201,76.44420387,658053.346,1159430.658,108.00,658053.328,1159430.656,-49.5,13,658053.942,1159429.614,10.48527550,76.44420783,0.362,-0.043,10.0,9.3,-0.5,17.9,2047,1905,RTK FIXED
86.869,071124.20,10.48528100,76.44420400,10.48528161,76.44420392,658053.287,1159430.508,108.00,658053.312,1159430.597,-49.5,13,658053.942,1159429.614,10.48527550,76.44420783,0.362,-0.055,10.0,9.1,0.5,17.9,2047,1869,RTK FIXED
86.922,071124.20,10.48528100,76.44420400,10.48528136,76.44420395,658053.287,1159430.508,108.00,658053.302,1159430.561,-49.5,13,658053.942,1159429.614,10.48527550,76.44420783,0.362,-0.055,10.0,9.1,-0.5,17.9,2047,1869,RTK FIXED
86.976,071124.20,10.48528100,76.44420400,10.48528122,76.44420397,658053.287,1159430.508,108.00,658053.296,1159430.540,-49.5,13,658053.942,1159429.614,10.48527550,76.44420783,0.362,-0.055,10.0,9.1,0.0,17.5,2047,1869,RTK FIXED
87.022,071124.20,10.48528100,76.44420400,10.48528113,76.44420398,658053.287,1159430.508,108.00,658053.292,1159430.527,-49.5,13,658053.942,1159429.614,10.48527550,76.44420783,0.362,-0.055,10.0,9.1,0.5,16.7,2047,1869,RTK FIXED
87.076,071124.20,10.48528100,76.44420400,10.48528108,76.44420399,658053.287,1159430.508,108.00,658053.290,1159430.519,-49.5,13,658053.942,1159429.614,10.48527550,76.44420783,0.362,-0.055,10.0,9.1,-0.5,16.7,2047,1869,RTK FIXED
87.122,071124.20,10.48528100,76.44420400,10.48528105,76.44420399,658053.287,1159430.508,108.00,658053.289,1159430.515,-49.5,13,658053.942,1159429.614,10.48527550,76.44420783,0.362,-0.055,10.0,9.1,0.0,15.8,2047,1869,RTK FIXED
87.177,071124.40,10.48528100,76.44420400,10.48528103,76.44420400,658053.287,1159430.508,108.00,658053.288,1159430.512,-62.1,13,658053.942,1159429.614,10.48527550,76.44420783,0.366,0.015,9.8,10.0,0.0,14.6,1998,2047,RTK FIXED
87.223,071124.40,10.48528100,76.44420400,10.48528102,76.44420400,658053.287,1159430.508,108.00,658053.288,1159430.510,-62.1,13,658053.942,1159429.614,10.48527550,76.44420783,0.366,0.015,9.8,10.0,0.5,16.8,1998,2047,RTK FIXED
87.277,071124.40,10.48528100,76.44420400,10.48528101,76.44420400,658053.287,1159430.508,108.00,658053.287,1159430.509,-62.1,13,658053.942,1159429.614,10.48527550,76.44420783,0.366,0.015,9.8,10.0,0.0,15.4,1998,2047,RTK FIXED
87.323,071124.40,10.48528100,76.44420400,10.48528101,76.44420400,658053.287,1159430.508,108.00,658053.287,1159430.509,-62.1,13,658053.942,1159429.614,10.48527550,76.44420783,0.366,0.015,9.8,10.0,0.0,16.8,1998,2047,RTK FIXED
87.376,071124.40,10.48528100,76.44420400,10.48528100,76.44420400,658053.287,1159430.508,108.00,658053.287,1159430.508,-62.1,13,658053.942,1159429.614,10.48527550,76.44420783,0.366,0.015,9.8,10.0,-0.5,12.2,1998,2047,RTK FIXED
87.423,071124.60,10.48528100,76.44420400,10.48528100,76.44420400,658053.355,1159430.552,108.00,658053.314,1159430.526,-62.1,13,658053.942,1159429.614,10.48527550,76.44420783,0.366,0.030,9.5,10.0,0.5,17.6,1947,2047,RTK FIXED
87.477,071124.60,10.48528100,76.44420400,10.48528100,76.44420400,658053.355,1159430.552,108.00,658053.331,1159430.536,-62.1,13,658053.942,1159429.614,10.48527550,76.44420783,0.366,0.030,9.5,10.0,-0.5,15.8,1947,2047,RTK FIXED
87.531,071124.60,10.48528100,76.44420400,10.48528100,76.44420400,658053.355,1159430.552,108.00,658053.341,1159430.542,-62.1,13,658053.942,1159429.614,10.48527550,76.44420783,0.366,0.030,9.5,10.0,0.5,17.9,1947,2047,RTK FIXED
87.576,071124.60,10.48528100,76.44420400,10.48528100,76.44420400,658053.355,1159430.552,108.00,658053.347,1159430.546,-62.1,13,658053.942,1159429.614,10.48527550,76.44420783,0.366,0.030,9.5,10.0,-0.6,18.3,1947,2047,RTK FIXED
87.631,071124.60,10.48528100,76.44420400,10.48528100,76.44420400,658053.355,1159430.552,108.00,658053.350,1159430.548,-62.1,13,658053.942,1159429.614,10.48527550,76.44420783,0.366,0.030,9.5,10.0,0.0,16.0,1947,2047,RTK FIXED
87.677,071124.80,10.48528000,76.44420400,10.48528060,76.44420400,658053.356,1159430.441,108.00,658053.352,1159430.505,-62.1,13,658053.942,1159429.614,10.48527550,76.44420783,0.366,0.036,9.4,10.0,0.0,17.7,1930,2047,RTK FIXED
87.731,071124.80,10.48528000,76.44420400,10.48528036,76.44420400,658053.356,1159430.441,108.00,658053.354,1159430.480,-62.1,13,658053.942,1159429.614,10.48527550,76.44420783,0.366,0.036,9.4,10.0,0.5,18.3,1930,2047,RTK FIXED
87.777,071124.80,10.48528000,76.44420400,10.48528022,76.44420400,658053.356,1159430.441,108.00,658053.355,1159430.464,-62.1,13,658053.942,1159429.614,10.48527550,76.44420783,0.366,0.036,9.4,10.0,0.0,17.9,1930,2047,RTK FIXED
87.831,071124.80,10.48528000,76.44420400,10.48528013,76.44420400,658053.356,1159430.441,108.00,658053.355,1159430.455,-62.1,13,658053.942,1159429.614,10.48527550,76.44420783,0.366,0.036,9.4,10.0,-0.5,18.5,1930,2047,RTK FIXED
87.877,071125.00,10.48528000,76.44420500,10.48528008,76.44420440,658053.465,1159430.442,108.00,658053.399,1159430.450,-56.0,13,658053.942,1159429.614,10.48527550,76.44420783,0.366,0.008,9.9,10.0,0.0,18.2,2021,2047,RTK FIXED
87.931,071125.00,10.48528000,76.44420500,10.48528005,76.44420464,658053.465,1159430.442,108.00,658053.426,1159430.446,-56.0,13,658053.942,1159429.614,10.48527550,76.44420783,0.366,0.008,9.9,10.0,0.5,17.8,2021,2047,RTK FIXED
87.977,071125.20,10.48528000,76.44420500,10.48528003,76.44420478,658053.431,1159430.422,108.00,658053.428,1159430.437,-56.0,13,658053.942,1159429.614,10.48527550,76.44420783,0.366,0.001,10.0,10.0,0.0,18.3,2045,2047,RTK FIXED
88.030,071125.20,10.48528000,76.44420500,10.48528002,76.44420487,658053.431,1159430.422,108.00,658053.429,1159430.431,-56.0,13,658053.942,1159429.614,10.48527550,76.44420783,0.366,0.001,10.0,10.0,-0.5,18.4,2045,2047,RTK FIXED
88.084,071125.20,10.48528000,76.44420500,10.48528001,76.44420492,658053.431,1159430.422,108.00,658053.430,1159430.427,-56.0,13,658053.942,1159429.614,10.48527550,76.44420783,0.366,0.001,10.0,10.0,0.5,16.7,2045,2047,RTK FIXED
88.131,071125.20,10.48528000,76.44420500,10.48528001,76.44420495,658053.431,1159430.422,108.00,658053.430,1159430.425,-56.0,13,658053.942,1159429.614,10.48527550,76.44420783,0.366,0.001,10.0,10.0,-0.5,18.6,2045,2047,RTK FIXED
88.185,071125.20,10.48528000,76.44420500,10.48528000,76.44420497,658053.431,1159430.422,108.00,658053.430,1159430.424,-56.0,13,658053.942,1159429.614,10.48527550,76.44420783,0.366,0.001,10.0,10.0,0.0,19.0,2045,2047,RTK FIXED
88.231,071125.40,10.48527900,76.44420500,10.48527960,76.44420498,658053.431,1159430.311,108.00,658053.431,1159430.379,-60.4,13,658053.942,1159429.614,10.48527550,76.44420783,0.366,0.015,9.7,10.0,0.5,18.5,1996,2047,RTK FIXED
88.285,071125.40,10.48527900,76.44420500,10.48527936,76.44420499,658053.431,1159430.311,108.00,658053.431,1159430.352,-60.4,13,658053.942,1159429.614,10.48527550,76.44420783,0.366,0.015,9.7,10.0,0.0,17.1,1996,2047,RTK FIXED
88.331,071125.40,10.48527900,76.44420500,10.48527922,76.44420499,658053.431,1159430.311,108.00,658053.431,1159430.336,-60.4,13,658053.942,1159429.614,10.48527550,76.44420783,0.366,0.015,9.7,10.0,-0.5,18.5,1996,2047,RTK FIXED
88.385,071125.40,10.48527900,76.44420500,10.48527913,76.44420500,658053.431,1159430.311,108.00,658053.431,1159430.326,-60.4,13,658053.942,1159429.614,10.48527550,76.44420783,0.366,0.015,9.7,10.0,0.0,19.3,1996,2047,RTK FIXED
88.431,071125.40,10.48527900,76.44420500,10.48527908,76.44420500,658053.431,1159430.311,108.00,658053.431,1159430.320,-60.4,13,658053.942,1159429.614,10.48527550,76.44420783,0.366,0.015,9.7,10.0,0.5,19.1,1996,2047,RTK FIXED
88.486,071125.60,10.48527900,76.44420500,10.48527905,76.44420500,658053.456,1159430.326,108.00,658053.441,1159430.322,-60.4,13,658053.942,1159429.614,10.48527550,76.44420783,0.366,0.019,9.7,10.0,-0.5,16.6,1983,2047,RTK FIXED
88.531,071125.60,10.48527900,76.44420500,10.48527903,76.44420500,658053.456,1159430.326,108.00,658053.447,1159430.324,-60.4,13,658053.942,1159429.614,10.48527550,76.44420783,0.366,0.019,9.7,10.0,0.0,18.7,1983,2047,RTK FIXED
88.585,071125.60,10.48527900,76.44420500,10.48527902,76.44420500,658053.456,1159430.326,108.00,658053.451,1159430.325,-60.4,13,658053.942,1159429.614,10.48527550,76.44420783,0.366,0.019,9.7,10.0,0.5,18.8,1983,2047,RTK FIXED
88.639,071125.60,10.48527900,76.44420500,10.48527901,76.44420500,658053.456,1159430.326,108.00,658053.453,1159430.325,-60.4,13,658053.942,1159429.614,10.48527550,76.44420783,0.366,0.019,9.7,10.0,-0.5,18.1,1983,2047,RTK FIXED
88.686,071125.80,10.48527900,76.44420500,10.48527901,76.44420500,658053.456,1159430.326,108.00,658053.454,1159430.326,-60.4,13,658053.942,1159429.614,10.48527550,76.44420783,0.366,0.021,9.7,10.0,0.5,16.6,1979,2047,RTK FIXED
88.739,071125.80,10.48527900,76.44420500,10.48527900,76.44420500,658053.456,1159430.326,108.00,658053.455,1159430.326,-60.4,13,658053.942,1159429.614,10.48527550,76.44420783,0.366,0.021,9.7,10.0,0.0,18.7,1979,2047,RTK FIXED
88.785,071125.80,10.48527900,76.44420500,10.48527900,76.44420500,658053.456,1159430.326,108.00,658053.455,1159430.326,-60.4,13,658053.942,1159429.614,10.48527550,76.44420783,0.366,0.021,9.7,10.0,-0.5,18.5,1979,2047,RTK FIXED
88.840,071126.00,10.48527800,76.44420600,10.48527860,76.44420540,658053.566,1159430.216,108.00,658053.500,1159430.282,-58.3,13,658053.942,1159429.614,10.48527550,76.44420783,0.366,0.016,9.7,10.0,0.5,18.2,1995,2047,RTK FIXED
88.885,071126.00,10.48527800,76.44420600,10.48527836,76.44420564,658053.566,1159430.216,108.00,658053.526,1159430.255,-58.3,13,658053.942,1159429.614,10.48527550,76.44420783,0.366,0.016,9.7,10.0,0.0,16.6,1995,2047,RTK FIXED
88.939,071126.00,10.48527800,76.44420600,10.48527822,76.44420578,658053.566,1159430.216,108.00,658053.542,1159430.240,-58.3,13,658053.942,1159429.614,10.48527550,76.44420783,0.366,0.016,9.7,10.0,-0.5,18.2,1995,2047,RTK FIXED
88.986,071126.20,10.48527800,76.44420600,10.48527813,76.44420587,658053.554,1159430.209,108.00,658053.547,1159430.227,-58.3,13,658053.942,1159429.614,10.48527550,76.44420783,0.366,0.014,9.8,10.0,0.5,18.7,2000,2047,RTK FIXED
89.039,071126.20,10.48527800,76.44420600,10.48527808,76.44420592,658053.554,1159430.209,108.00,658053.550,1159430.220,-58.3,13,658053.942,1159429.614,10.48527550,76.44420783,0.366,0.014,9.8,10.0,-0.5,18.3,2000,2047,RTK FIXED
89.093,071126.20,10.48527800,76.44420600,10.48527805,76.44420595,658053.554,1159430.209,108.00,658053.551,1159430.216,-58.3,13,658053.942,1159429.614,10.48527550,76.44420783,0.366,0.014,9.8,10.0,0.0,19.0,2000,2047,RTK FIXED
89.140,071126.20,10.48527800,76.44420600,10.48527803,76.44420597,658053.554,1159430.209,108.00,658053.552,1159430.213,-58.3,13,658053.942,1159429.614,10.48527550,76.44420783,0.366,0.014,9.8,10.0,0.0,18.4,2000,2047,RTK FIXED
89.194,071126.40,10.48527800,76.44420600,10.48527802,76.44420598,658053.554,1159430.209,108.00,658053.553,1159430.211,-58.3,13,658053.942,1159429.614,10.48527550,76.44420783,0.366,0.014,9.8,10.0,0.0,18.8,2002,2047,RTK FIXED
89.239,071126.40,10.48527800,76.44420600,10.48527801,76.44420599,658053.554,1159430.209,108.00,658053.553,1159430.210,-58.3,13,658053.942,1159429.614,10.48527550,76.44420783,0.366,0.014,9.8,10.0,0.0,18.4,2002,2047,RTK FIXED
89.294,071126.40,10.48527800,76.44420600,10.48527801,76.44420599,658053.554,1159430.209,108.00,658053.554,1159430.210,-58.3,13,658053.942,1159429.614,10.48527550,76.44420783,0.366,0.014,9.8,10.0,0.0,16.8,2002,2047,RTK FIXED
89.340,071126.40,10.48527800,76.44420600,10.48527800,76.44420600,658053.554,1159430.209,108.00,658053.554,1159430.210,-58.3,13,658053.942,1159429.614,10.48527550,76.44420783,0.366,0.014,9.8,10.0,0.0,18.6,2002,2047,RTK FIXED
89.395,071126.40,10.48527800,76.44420600,10.48527800,76.44420600,658053.554,1159430.209,108.00,658053.554,1159430.209,-58.3,13,658053.942,1159429.614,10.48527550,76.44420783,0.366,0.014,9.8,10.0,0.5,19.4,2002,2047,RTK FIXED
89.440,071126.60,10.48527800,76.44420600,10.48527800,76.44420600,658053.554,1159430.209,108.00,658053.554,1159430.209,-57.2,13,658053.942,1159429.614,10.48527550,76.44420783,0.366,0.012,9.8,10.0,0.0,17.7,2008,2047,RTK FIXED
89.494,071126.60,10.48527800,76.44420600,10.48527800,76.44420600,658053.554,1159430.209,108.00,658053.554,1159430.209,-57.2,13,658053.942,1159429.614,10.48527550,76.44420783,0.366,0.012,9.8,10.0,-0.5,16.8,2008,2047,RTK FIXED
89.539,071126.60,10.48527800,76.44420600,10.48527800,76.44420600,658053.554,1159430.209,108.00,658053.554,1159430.209,-57.2,13,658053.942,1159429.614,10.48527550,76.44420783,0.366,0.012,9.8,10.0,0.6,18.7,2008,2047,RTK FIXED
89.594,071126.60,10.48527800,76.44420600,10.48527800,76.44420600,658053.554,1159430.209,108.00,658053.554,1159430.209,-57.2,13,658053.942,1159429.614,10.48527550,76.44420783,0.366,0.012,9.8,10.0,0.0,18.7,2008,2047,RTK FIXED
89.647,071126.60,10.48527800,76.44420600,10.48527800,76.44420600,658053.554,1159430.209,108.00,658053.554,1159430.209,-57.2,13,658053.942,1159429.614,10.48527550,76.44420783,0.366,0.012,9.8,10.0,-0.5,18.4,2008,2047,RTK FIXED
89.694,071126.80,10.48527700,76.44420600,10.48527760,76.44420600,658053.549,1159430.095,108.00,658053.552,1159430.163,-57.2,13,658053.942,1159429.614,10.48527550,76.44420783,0.366,0.014,9.8,10.0,0.5,18.5,2001,2047,RTK FIXED
89.747,071126.80,10.48527700,76.44420600,10.48527736,76.44420600,658053.549,1159430.095,108.00,658053.551,1159430.136,-57.2,13,658053.942,1159429.614,10.48527550,76.44420783,0.366,0.014,9.8,10.0,-0.5,18.5,2001,2047,RTK FIXED
89.794,071126.80,10.48527700,76.44420600,10.48527722,76.44420600,658053.549,1159430.095,108.00,658053.550,1159430.120,-57.2,13,658053.942,1159429.614,10.48527550,76.44420783,0.366,0.014,9.8,10.0,0.5,18.1,2001,2047,RTK FIXED
89.848,071126.80,10.48527700,76.44420600,10.48527713,76.44420600,658053.549,1159430.095,108.00,658053.549,1159430.110,-57.2,13,658053.942,1159429.614,10.48527550,76.44420783,0.366,0.014,9.8,10.0,-0.5,16.7,2001,2047,RTK FIXED
89.894,071127.00,10.48527700,76.44420700,10.48527708,76.44420640,658053.658,1159430.096,108.00,658053.593,1159430.104,-58.1,13,658053.942,1159429.614,10.48527550,76.44420783,0.366,0.014,9.8,10.0,0.5,18.2,2001,2047,RTK FIXED
89.948,071127.00,10.48527700,76.44420700,10.48527705,76.44420664,658053.658,1159430.096,108.00,658053.619,1159430.101,-58.1,13,658053.942,1159429.614,10.48527550,76.44420783,0.366,0.014,9.8,10.0,-0.5,18.3,2001,2047,RTK FIXED
89.995,071127.00,10.48527700,76.44420700,10.48527703,76.44420678,658053.658,1159430.096,108.00,658053.635,1159430.099,-58.1,13,658053.942,1159429.614,10.48527550,76.44420783,0.366,0.014,9.8,10.0,0.5,18.1,2001,2047,RTK FIXED
90.049,071127.20,10.48527700,76.44420700,10.48527702,76.44420687,658053.663,1159430.098,108.00,658053.646,1159430.098,-58.1,13,658053.942,1159429.614,10.48527550,76.44420783,0.366,0.012,9.8,10.0,-0.5,18.2,2007,2047,RTK FIXED
90.094,071127.20,10.48527700,76.44420700,10.48527701,76.44420692,658053.663,1159430.098,108.00,658053.653,1159430.098,-58.1,13,658053.942,1159429.614,10.48527550,76.44420783,0.366,0.012,9.8,10.0,0.5,18.5,2007,2047,RTK FIXED
90.148,071127.20,10.48527700,76.44420700,10.48527701,76.44420695,658053.663,1159430.098,108.00,658053.657,1159430.098,-58.1,13,658053.942,1159429.614,10.48527550,76.44420783,0.366,0.012,9.8,10.0,-0.5,18.1,2007,2047,RTK FIXED
90.202,071127.20,10.48527700,76.44420700,10.48527700,76.44420697,658053.663,1159430.098,108.00,658053.659,1159430.098,-58.1,13,658053.942,1159429.614,10.48527550,76.44420783,0.366,0.012,9.8,10.0,0.0,18.1,2007,2047,RTK FIXED
90.249,071127.40,10.48527600,76.44420700,10.48527660,76.44420698,658053.663,1159429.988,108.00,658053.661,1159430.054,-57.8,13,658053.942,1159429.614,10.48527550,76.44420783,0.366,0.013,9.8,10.0,0.5,18.6,2003,2047,RTK FIXED
90.302,071127.40,10.48527600,76.44420700,10.48527636,76.44420699,658053.663,1159429.988,108.00,658053.662,1159430.028,-57.8,13,658053.942,1159429.614,10.48527550,76.44420783,0.366,0.013,9.8,10.0,-0.5,18.0,2003,2047,RTK FIXED
90.348,071127.40,10.48527600,76.44420700,10.48527622,76.44420699,658053.663,1159429.988,108.00,658053.662,1159430.012,-57.8,13,658053.942,1159429.614,10.48527550,76.44420783,0.366,0.013,9.8,10.0,0.5,18.3,2003,2047,RTK FIXED
90.402,071127.40,10.48527600,76.44420700,10.48527613,76.44420700,658053.663,1159429.988,108.00,658053.663,1159430.002,-57.8,13,658053.942,1159429.614,10.48527550,76.44420783,0.366,0.013,9.8,10.0,0.0,18.0,2003,2047,RTK FIXED
90.449,071127.60,10.48527600,76.44420700,10.48527608,76.44420700,658053.662,1159429.987,108.00,658053.662,1159429.996,-57.8,13,658053.942,1159429.614,10.48527550,76.44420783,0.366,0.014,9.8,10.0,-0.5,17.6,1999,2047,RTK FIXED
90.502,071127.60,10.48527600,76.44420700,10.48527605,76.44420700,658053.662,1159429.987,108.00,658053.662,1159429.992,-57.8,13,658053.942,1159429.614,10.48527550,76.44420783,0.366,0.014,9.8,10.0,0.5,17.9,1999,2047,RTK FIXED
90.548,071127.60,10.48527600,76.44420700,10.48527603,76.44420700,658053.662,1159429.987,108.00,658053.662,1159429.990,-57.8,13,658053.942,1159429.614,10.48527550,76.44420783,0.366,0.014,9.8,10.0,-0.5,15.9,1999,2047,RTK FIXED
90.603,071127.60,10.48527600,76.44420700,10.48527602,76.44420700,658053.662,1159429.987,108.00,658053.662,1159429.989,-57.8,13,658053.942,1159429.614,10.48527550,76.44420783,0.366,0.014,9.8,10.0,0.5,17.8,1999,2047,RTK FIXED
90.650,071127.80,10.48527600,76.44420800,10.48527601,76.44420740,658053.771,1159429.987,108.00,658053.706,1159429.988,-52.9,13,658053.942,1159429.614,10.48527550,76.44420783,0.365,-0.020,10.0,9.7,0.0,18.2,2047,1980,RTK FIXED
90.703,071127.80,10.48527600,76.44420800,10.48527601,76.44420764,658053.771,1159429.987,108.00,658053.732,1159429.988,-52.9,13,658053.942,1159429.614,10.48527550,76.44420783,0.365,-0.020,10.0,9.7,-0.5,15.9,2047,1980,RTK FIXED
90.749,071127.80,10.48527600,76.44420800,10.48527600,76.44420778,658053.771,1159429.987,108.00,658053.748,1159429.988,-52.9,13,658053.942,1159429.614,10.48527550,76.44420783,0.365,-0.020,10.0,9.7,0.5,17.6,2047,1980,RTK FIXED
90.803,071127.80,10.48527600,76.44420800,10.48527600,76.44420787,658053.771,1159429.987,108.00,658053.757,1159429.987,-52.9,13,658053.942,1159429.614,10.48527550,76.44420783,0.365,-0.020,10.0,9.7,0.0,18.0,2047,1980,RTK FIXED
90.857,071128.00,10.48527500,76.44420800,10.48527560,76.44420792,658053.745,1159429.860,108.00,658053.752,1159429.936,-52.9,13,658053.942,1159429.614,10.48527550,76.44420783,0.326,-0.027,10.0,9.5,0.0,17.4,2047,1948,RTK FIXED
90.903,071128.00,10.48527500,76.44420800,10.48527536,76.44420795,658053.745,1159429.860,108.00,658053.750,1159429.906,-52.9,13,658053.942,1159429.614,10.48527550,76.44420783,0.326,-0.027,10.0,9.5,-0.5,17.5,2047,1948,RTK FIXED
90.959,071128.20,10.48527500,76.44420800,10.48527522,76.44420797,658053.745,1159429.860,108.00,658053.748,1159429.887,-58.9,14,658054.512,1159428.676,10.48526700,76.44421300,0.366,0.003,9.9,10.0,0.0,16.8,2037,2047,RTK FIXED
91.003,071128.20,10.48527500,76.44420800,10.48527513,76.44420798,658053.745,1159429.860,108.00,658053.747,1159429.876,-58.9,14,658054.512,1159428.676,10.48526700,76.44421300,0.366,0.003,9.9,10.0,0.6,17.2,2037,2047,RTK FIXED
91.057,071128.20,10.48527500,76.44420800,10.48527508,76.44420799,658053.745,1159429.860,108.00,658053.746,1159429.870,-58.9,14,658054.512,1159428.676,10.48526700,76.44421300,0.366,0.003,9.9,10.0,0.0,17.6,2037,2047,RTK FIXED
91.102,071128.20,10.48527500,76.44420800,10.48527505,76.44420799,658053.745,1159429.860,108.00,658053.746,1159429.866,-58.9,14,658054.512,1159428.676,10.48526700,76.44421300,0.366,0.003,9.9,10.0,-0.5,17.5,2037,2047,RTK FIXED
91.157,071128.20,10.48527500,76.44420800,10.48527503,76.44420800,658053.745,1159429.860,108.00,658053.746,1159429.863,-58.9,14,658054.512,1159428.676,10.48526700,76.44421300,0.366,0.003,9.9,10.0,0.0,16.5,2037,2047,RTK FIXED
91.211,071128.40,10.48527500,76.44420800,10.48527502,76.44420800,658053.778,1159429.880,108.00,658053.759,1159429.870,-58.9,14,658054.512,1159428.676,10.48526700,76.44421300,0.366,0.010,9.8,10.0,0.5,18.0,2015,2047,RTK FIXED
91.257,071128.40,10.48527500,76.44420800,10.48527501,76.44420800,658053.778,1159429.880,108.00,658053.766,1159429.874,-58.9,14,658054.512,1159428.676,10.48526700,76.44421300,0.366,0.010,9.8,10.0,-0.5,17.9,2015,2047,RTK FIXED
91.310,071128.40,10.48527500,76.44420800,10.48527501,76.44420800,658053.778,1159429.880,108.00,658053.771,1159429.877,-58.9,14,658054.512,1159428.676,10.48526700,76.44421300,0.366,0.010,9.8,10.0,0.0,17.0,2015,2047,RTK FIXED
91.358,071128.40,10.48527500,76.44420800,10.48527500,76.44420800,658053.778,1159429.880,108.00,658053.774,1159429.878,-58.9,14,658054.512,1159428.676,10.48526700,76.44421300,0.366,0.010,9.8,10.0,0.5,18.5,2015,2047,RTK FIXED
91.410,071128.40,10.48527500,76.44420800,10.48527500,76.44420800,658053.778,1159429.880,108.00,658053.775,1159429.879,-58.9,14,658054.512,1159428.676,10.48526700,76.44421300,0.366,0.010,9.8,10.0,0.0,17.6,2015,2047,RTK FIXED
91.458,071128.60,10.48527400,76.44420800,10.48527460,76.44420800,658053.778,1159429.770,108.00,658053.776,1159429.835,-58.9,14,658054.512,1159428.676,10.48526700,76.44421300,0.366,0.013,9.8,10.0,0.0,18.5,2004,2047,RTK FIXED
91.511,071128.60,10.48527400,76.44420800,10.48527436,76.44420800,658053.778,1159429.770,108.00,658053.777,1159429.809,-58.9,14,658054.512,1159428.676,10.48526700,76.44421300,0.366,0.013,9.8,10.0,-0.5,18.3,2004,2047,RTK FIXED
91.558,071128.60,10.48527400,76.44420800,10.48527422,76.44420800,658053.778,1159429.770,108.00,658053.778,1159429.793,-58.9,14,658054.512,1159428.676,10.48526700,76.44421300,0.366,0.013,9.8,10.0,0.5,18.3,2004,2047,RTK FIXED
91.611,071128.60,10.48527400,76.44420800,10.48527413,76.44420800,658053.778,1159429.770,108.00,658053.778,1159429.784,-58.9,14,658054.512,1159428.676,10.48526700,76.44421300,0.366,0.013,9.8,10.0,0.0,18.1,2004,2047,RTK FIXED
91.657,071128.60,10.48527400,76.44420800,10.48527408,76.44420800,658053.778,1159429.770,108.00,658053.778,1159429.778,-58.9,14,658054.512,1159428.676,10.48526700,76.44421300,0.366,0.013,9.8,10.0,-0.5,19.0,2004,2047,RTK FIXED
91.712,071128.80,10.48527400,76.44420900,10.48527405,76.44420840,658053.888,1159429.770,108.00,658053.822,1159429.775,-56.2,14,658054.512,1159428.676,10.48526700,76.44421300,0.366,0.002,10.0,10.0,0.0,18.9,2041,2047,RTK FIXED
91.765,071128.80,10.48527400,76.44420900,10.48527403,76.44420864,658053.888,1159429.770,108.00,658053.848,1159429.773,-56.2,14,658054.512,1159428.676,10.48526700,76.44421300,0.366,0.002,10.0,10.0,0.0,18.6,2041,2047,RTK FIXED
91.812,071129.00,10.48527400,76.44420900,10.48527402,76.44420878,658053.873,1159429.761,108.00,658053.858,1159429.768,-56.2,14,658054.512,1159428.676,10.48526700,76.44421300,0.366,-0.002,10.0,10.0,0.5,18.9,2047,2040,RTK FIXED
91.865,071129.00,10.48527400,76.44420900,10.48527401,76.44420887,658053.873,1159429.761,108.00,658053.864,1159429.765,-56.2,14,658054.512,1159428.676,10.48526700,76.44421300,0.366,-0.002,10.0,10.0,-0.5,19.1,2047,2040,RTK FIXED
91.911,071129.00,10.48527400,76.44420900,10.48527401,76.44420892,658053.873,1159429.761,108.00,658053.867,1159429.764,-56.2,14,658054.512,1159428.676,10.48526700,76.44421300,0.366,-0.002,10.0,10.0,0.5,18.5,2047,2040,RTK FIXED
91.966,071129.20,10.48527300,76.44420900,10.48527360,76.44420895,658053.873,1159429.651,108.00,658053.870,1159429.718,-58.4,14,658054.512,1159428.676,10.48526700,76.44421300,0.366,0.008,9.9,10.0,0.0,18.9,2020,2047,RTK FIXED
92.011,071129.20,10.48527300,76.44420900,10.48527336,76.44420897,658053.873,1159429.651,108.00,658053.871,1159429.691,-58.4,14,658054.512,1159428.676,10.48526700,76.44421300,0.366,0.008,9.9,10.0,0.0,18.8,2020,2047,RTK FIXED
92.065,071129.20,10.48527300,76.44420900,10.48527322,76.44420898,658053.873,1159429.651,108.00,658053.872,1159429.675,-58.4,14,658054.512,1159428.676,10.48526700,76.44421300,0.366,0.008,9.9,10.0,-0.5,18.8,2020,2047,RTK FIXED
92.111,071129.20,10.48527300,76.44420900,10.48527313,76.44420899,658053.873,1159429.651,108.00,658053.872,1159429.665,-58.4,14,658054.512,1159428.676,10.48526700,76.44421300,0.366,0.008,9.9,10.0,0.5,16.5,2020,2047,RTK FIXED
92.165,071129.20,10.48527300,76.44420900,10.48527308,76.44420899,658053.873,1159429.651,108.00,658053.873,1159429.659,-58.4,14,658054.512,1159428.676,10.48526700,76.44421300,0.366,0.008,9.9,10.0,0.0,18.8,2020,2047,RTK FIXED
92.212,071129.40,10.48527300,76.44420900,10.48527305,76.44420900,658053.886,1159429.658,108.00,658053.878,1159429.659,-58.4,14,658054.512,1159428.676,10.48526700,76.44421300,0.366,0.011,9.8,10.0,0.0,16.6,2010,2047,RTK FIXED
92.266,071129.40,10.48527300,76.44420900,10.48527303,76.44420900,658053.886,1159429.658,108.00,658053.881,1159429.659,-58.4,14,658054.512,1159428.676,10.48526700,76.44421300,0.366,0.011,9.8,10.0,-0.5,18.5,2010,2047,RTK FIXED
92.311,071129.40,10.48527300,76.44420900,10.48527302,76.44420900,658053.886,1159429.658,108.00,658053.883,1159429.658,-58.4,14,658054.512,1159428.676,10.48526700,76.44421300,0.366,0.011,9.8,10.0,0.6,18.3,2010,2047,RTK FIXED
92.366,071129.40,10.48527300,76.44420900,10.48527301,76.44420900,658053.886,1159429.658,108.00,658053.884,1159429.658,-58.4,14,658054.512,1159428.676,10.48526700,76.44421300,0.366,0.011,9.8,10.0,0.0,18.7,2010,2047,RTK FIXED
92.421,071129.40,10.48527300,76.44420900,10.48527301,76.44420900,658053.886,1159429.658,108.00,658053.885,1159429.658,-58.4,14,658054.512,1159428.676,10.48526700,76.44421300,0.366,0.011,9.8,10.0,0.0,18.8,2010,2047,RTK FIXED
92.467,071129.60,10.48527300,76.44420900,10.48527300,76.44420900,658053.886,1159429.658,108.00,658053.885,1159429.658,-58.4,14,658054.512,1159428.676,10.48526700,76.44421300,0.366,0.012,9.8,10.0,-0.5,18.4,2007,2047,RTK FIXED
92.520,071129.60,10.48527300,76.44420900,10.48527300,76.44420900,658053.886,1159429.658,108.00,658053.885,1159429.658,-58.4,14,658054.512,1159428.676,10.48526700,76.44421300,0.366,0.012,9.8,10.0,0.0,18.9,2007,2047,RTK FIXED
92.566,071129.60,10.48527300,76.44420900,10.48527300,76.44420900,658053.886,1159429.658,108.00,658053.885,1159429.658,-58.4,14,658054.512,1159428.676,10.48526700,76.44421300,0.366,0.012,9.8,10.0,0.5,18.3,2007,2047,RTK FIXED
92.619,071129.60,10.48527300,76.44420900,10.48527300,76.44420900,658053.886,1159429.658,108.00,658053.886,1159429.658,-58.4,14,658054.512,1159428.676,10.48526700,76.44421300,0.366,0.012,9.8,10.0,-0.5,17.0,2007,2047,RTK FIXED
92.666,071129.80,10.48527300,76.44420900,10.48527300,76.44420900,658053.886,1159429.658,108.00,658053.886,1159429.658,-58.4,14,658054.512,1159428.676,10.48526700,76.44421300,0.366,0.013,9.8,10.0,0.0,16.5,2005,2047,RTK FIXED
92.719,071129.80,10.48527300,76.44420900,10.48527300,76.44420900,658053.886,1159429.658,108.00,658053.886,1159429.658,-58.4,14,658054.512,1159428.676,10.48526700,76.44421300,0.366,0.013,9.8,10.0,0.5,18.4,2005,2047,RTK FIXED
92.765,071129.80,10.48527300,76.44420900,10.48527300,76.44420900,658053.886,1159429.658,108.00,658053.886,1159429.658,-58.4,14,658054.512,1159428.676,10.48526700,76.44421300,0.366,0.013,9.8,10.0,0.0,18.4,2005,2047,RTK FIXED
92.820,071129.80,10.48527300,76.44420900,10.48527300,76.44420900,658053.886,1159429.658,108.00,658053.886,1159429.658,-58.4,14,658054.512,1159428.676,10.48526700,76.44421300,0.366,0.013,9.8,10.0,0.0,18.3,2005,2047,RTK FIXED
92.866,071129.80,10.48527300,76.44420900,10.48527300,76.44420900,658053.886,1159429.658,108.00,658053.886,1159429.658,-58.4,14,658054.512,1159428.676,10.48526700,76.44421300,0.366,0.013,9.8,10.0,-0.5,18.4,2005,2047,RTK FIXED
92.921,071130.00,10.48527200,76.44421000,10.48527260,76.44420940,658053.996,1159429.548,108.00,658053.930,1159429.614,-57.9,14,658054.512,1159428.676,10.48526700,76.44421300,0.366,0.011,9.8,10.0,0.0,16.6,2010,2047,RTK FIXED
92.974,071130.00,10.48527200,76.44421000,10.48527236,76.44420964,658053.996,1159429.548,108.00,658053.956,1159429.588,-57.9,14,658054.512,1159428.676,10.48526700,76.44421300,0.366,0.011,9.8,10.0,0.5,18.4,2010,2047,RTK FIXED
93.020,071130.00,10.48527200,76.44421000,10.48527222,76.44420978,658053.996,1159429.548,108.00,658053.972,1159429.572,-57.9,14,658054.512,1159428.676,10.48526700,76.44421300,0.366,0.011,9.8,10.0,-0.5,18.2,2010,2047,RTK FIXED
93.074,071130.00,10.48527200,76.44421000,10.48527213,76.44420987,658053.996,1159429.548,108.00,658053.981,1159429.562,-57.9,14,658054.512,1159428.676,10.48526700,76.44421300,0.366,0.011,9.8,10.0,0.0,18.0,2010,2047,RTK FIXED
93.122,071130.00,10.48527200,76.44421000,10.48527208,76.44420992,658053.996,1159429.548,108.00,658053.987,1159429.557,-57.9,14,658054.512,1159428.676,10.48526700,76.44421300,0.366,0.011,9.8,10.0,0.0,19.5,2010,2047,RTK FIXED
93.174,071130.20,10.48527200,76.44421000,10.48527205,76.44420995,658053.993,1159429.546,108.00,658053.989,1159429.552,-57.9,14,658054.512,1159428.676,10.48526700,76.44421300,0.366,0.010,9.8,10.0,0.0,17.5,2013,2047,RTK FIXED
93.220,071130.20,10.48527200,76.44421000,10.48527203,76.44420997,658053.993,1159429.546,108.00,658053.991,1159429.550,-57.9,14,658054.512,1159428.676,10.48526700,76.44421300,0.366,0.010,9.8,10.0,0.0,18.0,2013,2047,RTK FIXED
93.274,071130.20,10.48527200,76.44421000,10.48527202,76.44420998,658053.993,1159429.546,108.00,658053.991,1159429.548,-57.9,14,658054.512,1159428.676,10.48526700,76.44421300,0.366,0.010,9.8,10.0,0.5,18.1,2013,2047,RTK FIXED
93.321,071130.20,10.48527200,76.44421000,10.48527201,76.44420999,658053.993,1159429.546,108.00,658053.992,1159429.548,-57.9,14,658054.512,1159428.676,10.48526700,76.44421300,0.366,0.010,9.8,10.0,-0.5,18.4,2013,2047,RTK FIXED
93.374,071130.20,10.48527200,76.44421000,10.48527201,76.44420999,658053.993,1159429.546,108.00,658053.992,1159429.547,-57.9,14,658054.512,1159428.676,10.48526700,76.44421300,0.366,0.010,9.8,10.0,0.5,17.8,2013,2047,RTK FIXED
93.421,071130.40,10.48527100,76.44421000,10.48527160,76.44421000,658053.993,1159429.436,108.00,658053.993,1159429.502,-60.1,14,658054.512,1159428.676,10.48526700,76.44421300,0.366,0.013,9.8,10.0,-0.5,17.4,2003,2047,RTK FIXED
93.474,071130.40,10.48527100,76.44421000,10.48527136,76.44421000,658053.993,1159429.436,108.00,658053.993,1159429.476,-60.1,14,658054.512,1159428.676,10.48526700,76.44421300,0.366,0.013,9.8,10.0,0.5,16.4,2003,2047,RTK FIXED
93.529,071130.60,10.48527100,76.44421000,10.48527122,76.44421000,658054.006,1159429.443,108.00,658053.998,1159429.462,-60.1,14,658054.512,1159428.676,10.48526700,76.44421300,0.366,0.015,9.8,10.0,0.0,17.9,1999,2047,RTK FIXED
93.574,071130.60,10.48527100,76.44421000,10.48527113,76.44421000,658054.006,1159429.443,108.00,658054.001,1159429.455,-60.1,14,658054.512,1159428.676,10.48526700,76.44421300,0.366,0.015,9.8,10.0,0.0,17.6,1999,2047,RTK FIXED
93.629,071130.80,10.48527100,76.44421100,10.48527108,76.44421040,658054.115,1159429.443,108.00,658054.047,1159429.450,-53.9,14,658054.512,1159428.676,10.48526700,76.44421300,0.365,-0.015,10.0,9.8,0.0,16.6,2047,1998,RTK FIXED
93.675,071130.80,10.48527100,76.44421100,10.48527105,76.44421064,658054.115,1159429.443,108.00,658054.074,1159429.447,-53.9,14,658054.512,1159428.676,10.48526700,76.44421300,0.365,-0.015,10.0,9.8,0.0,17.4,2047,1998,RTK FIXED
93.729,071131.00,10.48527100,76.44421100,10.48527103,76.44421078,658054.081,1159429.422,108.00,658054.077,1159429.437,-53.9,14,658054.512,1159428.676,10.48526700,76.44421300,0.365,-0.023,10.0,9.6,0.0,17.5,2047,1972,RTK FIXED
93.775,071131.00,10.48527100,76.44421100,10.48527102,76.44421087,658054.081,1159429.422,108.00,658054.079,1159429.431,-53.9,14,658054.512,1159428.676,10.48526700,76.44421300,0.365,-0.023,10.0,9.6,-0.5,17.5,2047,1972,RTK FIXED
93.829,071131.00,10.48527100,76.44421100,10.48527101,76.44421092,658054.081,1159429.422,108.00,658054.080,1159429.428,-53.9,14,658054.512,1159428.676,10.48526700,76.44421300,0.365,-0.023,10.0,9.6,0.0,17.3,2047,1972,RTK FIXED
93.875,071131.00,10.48527100,76.44421100,10.48527101,76.44421095,658054.081,1159429.422,108.00,658054.080,1159429.426,-53.9,14,658054.512,1159428.676,10.48526700,76.44421300,0.365,-0.023,10.0,9.6,0.5,17.6,2047,1972,RTK FIXED
93.929,071131.20,10.48527000,76.44421100,10.48527060,76.44421097,658054.082,1159429.312,108.00,658054.081,1159429.380,-58.6,14,658054.512,1159428.676,10.48526700,76.44421300,0.366,0.002,10.0,10.0,0.0,17.6,2040,2047,RTK FIXED
93.974,071131.20,10.48527000,76.44421100,10.48527036,76.44421098,658054.082,1159429.312,108.00,658054.081,1159429.353,-58.6,14,658054.512,1159428.676,10.48526700,76.44421300,0.366,0.002,10.0,10.0,0.0,16.6,2040,2047,RTK FIXED
94.028,071131.20,10.48527000,76.44421100,10.48527022,76.44421099,658054.082,1159429.312,108.00,658054.081,1159429.336,-58.6,14,658054.512,1159428.676,10.48526700,76.44421300,0.366,0.002,10.0,10.0,0.0,17.7,2040,2047,RTK FIXED
94.083,071131.40,10.48527000,76.44421100,10.48527013,76.44421099,658054.107,1159429.328,108.00,658054.092,1159429.333,-58.6,14,658054.512,1159428.676,10.48526700,76.44421300,0.366,0.008,9.9,10.0,-0.5,16.3,2019,2047,RTK FIXED
94.129,071131.40,10.48527000,76.44421100,10.48527008,76.44421100,658054.107,1159429.328,108.00,658054.098,1159429.331,-58.6,14,658054.512,1159428.676,10.48526700,76.44421300,0.366,0.008,9.9,10.0,0.5,18.1,2019,2047,RTK FIXED
94.183,071131.40,10.48527000,76.44421100,10.48527005,76.44421100,658054.107,1159429.328,108.00,658054.101,1159429.330,-58.6,14,658054.512,1159428.676,10.48526700,76.44421300,0.366,0.008,9.9,10.0,0.0,16.8,2019,2047,RTK FIXED
94.229,071131.40,10.48527000,76.44421100,10.48527003,76.44421100,658054.107,1159429.328,108.00,658054.104,1159429.329,-58.6,14,658054.512,1159428.676,10.48526700,76.44421300,0.366,0.008,9.9,10.0,-0.5,18.3,2019,2047,RTK FIXED
94.283,071131.40,10.48527000,76.44421100,10.48527002,76.44421100,658054.107,1159429.328,108.00,658054.105,1159429.328,-58.6,14,658054.512,1159428.676,10.48526700,76.44421300,0.366,0.008,9.9,10.0,0.5,18.2,2019,2047,RTK FIXED
94.329,071131.40,10.48527000,76.44421100,10.48527001,76.44421100,658054.107,1159429.328,108.00,658054.106,1159429.328,-58.6,14,658054.512,1159428.676,10.48526700,76.44421300,0.366,0.008,9.9,10.0,-0.5,18.9,2019,2047,RTK FIXED
94.384,071131.60,10.48527000,76.44421100,10.48527001,76.44421100,658054.107,1159429.328,108.00,658054.106,1159429.328,-58.6,14,658054.512,1159428.676,10.48526700,76.44421300,0.366,0.010,9.8,10.0,0.0,16.6,2014,2047,RTK FIXED
94.429,071131.60,10.48527000,76.44421100,10.48527000,76.44421100,658054.107,1159429.328,108.00,658054.107,1159429.328,-58.6,14,658054.512,1159428.676,10.48526700,76.44421300,0.366,0.010,9.8,10.0,0.5,17.9,2014,2047,RTK FIXED
94.482,071131.60,10.48527000,76.44421100,10.48527000,76.44421100,658054.107,1159429.328,108.00,658054.107,1159429.328,-58.6,14,658054.512,1159428.676,10.48526700,76.44421300,0.366,0.010,9.8,10.0,0.0,18.4,2014,2047,RTK FIXED
94.529,071131.60,10.48527000,76.44421100,10.48527000,76.44421100,658054.107,1159429.328,108.00,658054.107,1159429.328,-58.6,14,658054.512,1159428.676,10.48526700,76.44421300,0.366,0.010,9.8,10.0,-0.5,16.5,2014,2047,RTK FIXED
94.583,071131.60,10.48527000,76.44421100,10.48527000,76.44421100,658054.107,1159429.328,108.00,658054.107,1159429.328,-58.6,14,658054.512,1159428.676,10.48526700,76.44421300,0.366,0.010,9.8,10.0,0.5,18.7,2014,2047,RTK FIXED
94.638,071131.80,10.48526900,76.44421200,10.48526960,76.44421140,658054.217,1159429.218,108.00,658054.151,1159429.284,-56.6,14,658054.512,1159428.676,10.48526700,76.44421300,0.366,0.002,10.0,10.0,0.0,18.8,2039,2047,RTK FIXED
94.683,071131.80,10.48526900,76.44421200,10.48526936,76.44421164,658054.217,1159429.218,108.00,658054.177,1159429.257,-56.6,14,658054.512,1159428.676,10.48526700,76.44421300,0.366,0.002,10.0,10.0,-0.5,18.6,2039,2047,RTK FIXED
94.737,071131.80,10.48526900,76.44421200,10.48526922,76.44421178,658054.217,1159429.218,108.00,658054.193,1159429.241,-56.6,14,658054.512,1159428.676,10.48526700,76.44421300,0.366,0.002,10.0,10.0,0.5,16.7,2039,2047,RTK FIXED
94.784,071132.00,10.48526900,76.44421200,10.48526913,76.44421187,658054.206,1159429.211,108.00,658054.198,1159429.229,-56.6,14,658054.512,1159428.676,10.48526700,76.44421300,0.366,-0.000,10.0,10.0,0.0,18.8,2047,2047,RTK FIXED
94.837,071132.00,10.48526900,76.44421200,10.48526908,76.44421192,658054.206,1159429.211,108.00,658054.201,1159429.222,-56.6,14,658054.512,1159428.676,10.48526700,76.44421300,0.366,-0.000,10.0,10.0,0.0,18.6,2047,2047,RTK FIXED
94.884,071132.20,10.48526900,76.44421200,10.48526905,76.44421195,658054.206,1159429.211,108.00,658054.203,1159429.218,-56.6,14,658054.512,1159428.676,10.48526700,76.44421300,0.366,-0.001,10.0,10.0,-0.5,18.3,2047,2044,RTK FIXED
94.937,071132.20,10.48526900,76.44421200,10.48526903,76.44421197,658054.206,1159429.211,108.00,658054.204,1159429.215,-56.6,14,658054.512,1159428.676,10.48526700,76.44421300,0.366,-0.001,10.0,10.0,0.0,19.2,2047,2044,RTK FIXED
94.983,071132.20,10.48526900,76.44421200,10.48526902,76.44421198,658054.206,1159429.211,108.00,658054.205,1159429.213,-56.6,14,658054.512,1159428.676,10.48526700,76.44421300,0.366,-0.001,10.0,10.0,0.5,19.1,2047,2044,RTK FIXED
95.038,071132.20,10.48526900,76.44421200,10.48526901,76.44421199,658054.206,1159429.211,108.00,658054.205,1159429.212,-56.6,14,658054.512,1159428.676,10.48526700,76.44421300,0.366,-0.001,10.0,10.0,0.0,18.9,2047,2044,RTK FIXED
95.091,071132.20,10.48526900,76.44421200,10.48526901,76.44421199,658054.206,1159429.211,108.00,658054.206,1159429.212,-56.6,14,658054.512,1159428.676,10.48526700,76.44421300,0.366,-0.001,10.0,10.0,-0.5,18.8,2047,2044,RTK FIXED
95.138,071132.20,10.48526900,76.44421200,10.48526900,76.44421200,658054.206,1159429.211,108.00,658054.206,1159429.212,-56.6,14,658054.512,1159428.676,10.48526700,76.44421300,0.366,-0.001,10.0,10.0,0.0,16.8,2047,2044,RTK FIXED
95.192,071132.40,10.48526900,76.44421200,10.48526900,76.44421200,658054.206,1159429.211,108.00,658054.206,1159429.211,-55.8,14,658054.512,1159428.676,10.48526700,76.44421300,0.366,-0.007,10.0,9.9,0.0,18.2,2047,2023,RTK FIXED
95.238,071132.40,10.48526900,76.44421200,10.48526900,76.44421200,658054.206,1159429.211,108.00,658054.206,1159429.211,-55.8,14,658054.512,1159428.676,10.48526700,76.44421300,0.366,-0.007,10.0,9.9,0.5,19.1,2047,2023,RTK FIXED
95.291,071132.40,10.48526900,76.44421200,10.48526900,76.44421200,658054.206,1159429.211,108.00,658054.206,1159429.211,-55.8,14,658054.512,1159428.676,10.48526700,76.44421300,0.366,-0.007,10.0,9.9,0.0,18.3,2047,2023,RTK FIXED
95.338,071132.40,10.48526900,76.44421200,10.48526900,76.44421200,658054.206,1159429.211,108.00,658054.206,1159429.211,-55.8,14,658054.512,1159428.676,10.48526700,76.44421300,0.366,-0.007,10.0,9.9,0.0,18.7,2047,2023,RTK FIXED
95.392,071132.40,10.48526900,76.44421200,10.48526900,76.44421200,658054.206,1159429.211,108.00,658054.206,1159429.211,-55.8,14,658054.512,1159428.676,10.48526700,76.44421300,0.366,-0.007,10.0,9.9,-0.5,18.5,2047,2023,RTK FIXED
95.438,071132.60,10.48526800,76.44421300,10.48526860,76.44421240,658054.311,1159429.098,108.00,658054.248,1159429.166,-55.8,14,658054.512,1159428.676,10.48526700,76.44421300,0.366,-0.010,10.0,9.8,0.0,18.3,2047,2013,RTK FIXED
95.491,071132.60,10.48526800,76.44421300,10.48526836,76.44421264,658054.311,1159429.098,108.00,658054.273,1159429.139,-55.8,14,658054.512,1159428.676,10.48526700,76.44421300,0.366,-0.010,10.0,9.8,0.5,17.9,2047,2013,RTK FIXED
95.538,071132.60,10.48526800,76.44421300,10.48526822,76.44421278,658054.311,1159429.098,108.00,658054.289,1159429.123,-55.8,14,658054.512,1159428.676,10.48526700,76.44421300,0.366,-0.010,10.0,9.8,0.0,18.6,2047,2013,RTK FIXED
95.591,071132.60,10.48526800,76.44421300,10.48526813,76.44421287,658054.311,1159429.098,108.00,658054.298,1159429.113,-55.8,14,658054.512,1159428.676,10.48526700,76.44421300,0.366,-0.010,10.0,9.8,-0.5,18.4,2047,2013,RTK FIXED
95.647,071132.80,10.48526800,76.44421300,10.48526808,76.44421292,658054.311,1159429.098,108.00,658054.303,1159429.107,-53.4,14,658054.512,1159428.676,10.48526700,76.44421300,0.365,-0.029,10.0,9.5,0.4,18.4,2047,1953,RTK FIXED
95.691,071132.80,10.48526800,76.44421300,10.48526805,76.44421295,658054.311,1159429.098,108.00,658054.306,1159429.103,-53.4,14,658054.512,1159428.676,10.48526700,76.44421300,0.365,-0.029,10.0,9.5,0.0,17.9,2047,1953,RTK FIXED
95.746,071132.80,10.48526800,76.44421300,10.48526803,76.44421297,658054.311,1159429.098,108.00,658054.308,1159429.101,-53.4,14,658054.512,1159428.676,10.48526700,76.44421300,0.365,-0.029,10.0,9.5,0.0,17.8,2047,1953,RTK FIXED
95.792,071132.80,10.48526800,76.44421300,10.48526802,76.44421298,658054.311,1159429.098,108.00,658054.310,1159429.100,-53.4,14,658054.512,1159428.676,10.48526700,76.44421300,0.365,-0.029,10.0,9.5,-0.5,17.8,2047,1953,RTK FIXED
95.846,071133.00,10.48526700,76.44421300,10.48526761,76.44421299,658054.299,1159428.979,108.00,658054.305,1159429.052,-53.4,14,658054.512,1159428.676,10.48526700,76.44421300,0.365,-0.031,10.0,9.5,0.0,17.5,2047,1946,RTK FIXED
95.892,071133.00,10.48526700,76.44421300,10.48526737,76.44421299,658054.299,1159428.979,108.00,658054.303,1159429.023,-53.4,14,658054.512,1159428.676,10.48526700,76.44421300,0.365,-0.031,10.0,9.5,0.0,17.0,2047,1946,RTK FIXED
95.946,071133.00,10.48526700,76.44421300,10.48526722,76.44421300,658054.299,1159428.979,108.00,658054.301,1159429.005,-53.4,14,658054.512,1159428.676,10.48526700,76.44421300,0.365,-0.031,10.0,9.5,0.5,18.4,2047,1946,RTK FIXED
95.993,071133.20,10.48526700,76.44421300,10.48526713,76.44421300,658054.299,1159428.979,108.00,658054.301,1159428.995,-61.2,14,658054.512,1159428.676,10.48526700,76.44421300,0.341,0.007,9.9,10.0,0.0,17.9,2020,2047,RTK FIXED
96.046,071133.20,10.48526700,76.44421300,10.48526708,76.44421300,658054.299,1159428.979,108.00,658054.300,1159428.988,-61.2,14,658054.512,1159428.676,10.48526700,76.44421300,0.341,0.007,9.9,10.0,0.0,17.7,2020,2047,RTK FIXED
96.092,071133.20,10.48526700,76.44421300,10.48526705,76.44421300,658054.299,1159428.979,108.00,658054.300,1159428.985,-61.2,14,658054.512,1159428.676,10.48526700,76.44421300,0.341,0.007,9.9,10.0,0.0,17.4,2020,2047,RTK FIXED
96.146,071133.20,10.48526700,76.44421300,10.48526703,76.44421300,658054.299,1159428.979,108.00,658054.299,1159428.982,-61.2,14,658054.512,1159428.676,10.48526700,76.44421300,0.341,0.007,9.9,10.0,0.0,17.2,2020,2047,RTK FIXED
96.193,071133.40,10.48526700,76.44421300,10.48526702,76.44421300,658054.343,1159429.005,108.00,658054.317,1159428.992,-61.2,14,658054.512,1159428.676,10.48526700,76.44421300,0.323,0.016,9.7,10.0,0.0,15.4,1988,2047,RTK FIXED
96.246,071133.40,10.48526700,76.44421300,10.48526701,76.44421300,658054.343,1159429.005,108.00,658054.327,1159428.997,-61.2,14,658054.512,1159428.676,10.48526700,76.44421300,0.323,0.016,9.7,10.0,-0.5,16.1,1988,2047,RTK FIXED
96.300,071133.40,10.48526700,76.44421300,10.48526701,76.44421300,658054.343,1159429.005,108.00,658054.333,1159429.000,-61.2,14,658054.512,1159428.676,10.48526700,76.44421300,0.323,0.016,9.7,10.0,0.0,17.9,1988,2047,RTK FIXED
96.347,071133.40,10.48526700,76.44421300,10.48526700,76.44421300,658054.343,1159429.005,108.00,658054.337,1159429.002,-61.2,14,658054.512,1159428.676,10.48526700,76.44421300,0.323,0.016,9.7,10.0,0.5,16.0,1988,2047,RTK FIXED
96.401,071133.40,10.48526700,76.44421300,10.48526700,76.44421300,658054.343,1159429.005,108.00,658054.339,1159429.003,-61.2,14,658054.512,1159428.676,10.48526700,76.44421300,0.323,0.016,9.7,10.0,-0.5,18.4,1988,2047,RTK FIXED
96.450,071133.60,10.48526700,76.44421300,10.48526700,76.44421300,658054.343,1159429.005,108.00,658054.341,1159429.004,-61.2,15,658053.257,1159427.896,10.48526000,76.44420150,0.073,-0.648,8.0,1.6,0.0,16.6,1635,1597,RTK FIXED
96.501,071133.60,10.48526700,76.44421300,10.48526700,76.44421300,658054.343,1159429.005,108.00,658054.341,1159429.005,-61.2,15,658053.257,1159427.896,10.48526000,76.44420150,0.073,-0.648,8.0,1.6,0.0,17.6,1635,1147,RTK FIXED
96.547,071133.60,10.48526700,76.44421300,10.48526700,76.44421300,658054.343,1159429.005,108.00,658054.342,1159429.005,-61.2,15,658053.257,1159427.896,10.48526000,76.44420150,0.073,-0.648,8.0,1.6,0.0,17.3,1635,1100,RTK FIXED
96.601,071133.60,10.48526700,76.44421300,10.48526700,76.44421300,658054.343,1159429.005,108.00,658054.342,1159429.005,-61.2,15,658053.257,1159427.896,10.48526000,76.44420150,0.073,-0.648,8.0,1.6,0.5,17.2,1635,1100,RTK FIXED
96.647,071133.80,10.48526600,76.44421400,10.48526660,76.44421340,658054.453,1159428.895,108.00,658054.386,1159428.961,-54.6,15,658053.257,1159427.896,10.48526000,76.44420150,0.073,-0.884,8.0,1.6,0.0,16.1,1635,1100,RTK FIXED
96.701,071133.80,10.48526600,76.44421400,10.48526636,76.44421364,658054.453,1159428.895,108.00,658054.413,1159428.935,-54.6,15,658053.257,1159427.896,10.48526000,76.44420150,0.073,-0.884,8.0,1.6,-0.5,16.4,1635,1100,RTK FIXED
96.747,071134.00,10.48526600,76.44421400,10.48526622,76.44421378,658054.416,1159428.873,108.00,658054.414,1159428.910,-54.6,15,658053.257,1159427.896,10.48526000,76.44420150,0.073,-0.954,8.0,1.6,0.0,13.4,1635,1100,RTK FIXED
96.801,071134.00,10.48526600,76.44421400,10.48526613,76.44421387,658054.416,1159428.873,108.00,658054.415,1159428.895,-54.6,15,658053.257,1159427.896,10.48526000,76.44420150,0.073,-0.954,8.0,1.6,0.0,13.0,1635,1100,RTK FIXED
96.855,071134.00,10.48526600,76.44421400,10.48526608,76.44421392,658054.416,1159428.873,108.00,658054.415,1159428.887,-54.6,15,658053.257,1159427.896,10.48526000,76.44420150,0.073,-0.954,8.0,1.6,0.5,11.6,1635,1100,RTK FIXED
96.902,071134.20,10.48526600,76.44421400,10.48526605,76.44421395,658054.416,1159428.873,108.00,658054.415,1159428.881,-54.6,15,658053.257,1159427.896,10.48526000,76.44420150,0.073,-0.982,8.0,1.6,0.0,11.3,1635,1100,RTK FIXED
96.955,071134.20,10.48526600,76.44421400,10.48526603,76.44421397,658054.416,1159428.873,108.00,658054.415,1159428.878,-54.6,15,658053.257,1159427.896,10.48526000,76.44420150,0.073,-0.982,8.0,1.6,-0.5,9.4,1635,1100,RTK FIXED
97.001,071134.20,10.48526600,76.44421400,10.48526602,76.44421398,658054.416,1159428.873,108.00,658054.416,1159428.876,-54.6,15,658053.257,1159427.896,10.48526000,76.44420150,0.073,-0.982,8.0,1.6,0.5,9.8,1635,1100,RTK FIXED
97.055,071134.20,10.48526600,76.44421400,10.48526601,76.44421399,658054.416,1159428.873,108.00,658054.416,1159428.875,-54.6,15,658053.257,1159427.896,10.48526000,76.44420150,0.073,-0.982,8.0,1.6,0.0,8.4,1635,1100,RTK FIXED
97.101,071134.20,10.48526600,76.44421400,10.48526601,76.44421399,658054.416,1159428.873,108.00,658054.416,1159428.874,-54.6,15,658053.257,1159427.896,10.48526000,76.44420150,0.073,-0.982,8.0,1.6,0.0,8.0,1635,1100,RTK FIXED
97.155,071134.20,10.48526600,76.44421400,10.48526600,76.44421400,658054.416,1159428.873,108.00,658054.416,1159428.874,-54.6,15,658053.257,1159427.896,10.48526000,76.44420150,0.073,-0.982,8.0,1.6,-0.5,7.4,1635,1100,RTK FIXED
97.202,071134.40,10.48526500,76.44421400,10.48526560,76.44421400,658054.416,1159428.763,108.00,658054.416,1159428.829,-60.7,15,658053.257,1159427.896,10.48526000,76.44420150,0.073,-0.953,8.0,1.6,0.5,6.5,1635,1100,RTK FIXED
97.256,071134.40,10.48526500,76.44421400,10.48526536,76.44421400,658054.416,1159428.763,108.00,658054.416,1159428.803,-60.7,15,658053.257,1159427.896,10.48526000,76.44420150,0.073,-0.953,8.0,1.6,0.0,7.0,1635,1100,RTK FIXED
97.301,071134.40,10.48526500,76.44421400,10.48526522,76.44421400,658054.416,1159428.763,108.00,658054.416,1159428.787,-60.7,15,658053.257,1159427.896,10.48526000,76.44420150,0.073,-0.953,8.0,1.6,0.0,6.0,1635,1100,RTK FIXED
97.355,071134.40,10.48526500,76.44421400,10.48526513,76.44421400,658054.416,1159428.763,108.00,658054.416,1159428.777,-60.7,15,658053.257,1159427.896,10.48526000,76.44420150,0.073,-0.953,8.0,1.6,0.0,6.1,1635,1100,RTK FIXED
97.410,071134.60,10.48526500,76.44421400,10.48526508,76.44421400,658054.450,1159428.783,108.00,658054.430,1159428.779,-60.7,15,658053.257,1159427.896,10.48526000,76.44420150,0.073,-0.951,8.0,1.6,0.0,6.4,1635,1100,RTK FIXED
97.455,071134.60,10.48526500,76.44421400,10.48526505,76.44421400,658054.450,1159428.783,108.00,658054.438,1159428.781,-60.7,15,658053.257,1159427.896,10.48526000,76.44420150,0.073,-0.951,8.0,1.6,0.0,5.5,1635,1100,RTK FIXED
97.509,071134.60,10.48526500,76.44421400,10.48526503,76.44421400,658054.450,1159428.783,108.00,658054.442,1159428.782,-60.7,15,658053.257,1159427.896,10.48526000,76.44420150,0.073,-0.951,8.0,1.6,-0.5,4.6,1635,1100,RTK FIXED
97.556,071134.60,10.48526500,76.44421400,10.48526502,76.44421400,658054.450,1159428.783,108.00,658054.445,1159428.782,-60.7,15,658053.257,1159427.896,10.48526000,76.44420150,0.073,-0.951,8.0,1.6,0.0,5.4,1635,1100,RTK FIXED
97.610,071134.60,10.48526500,76.44421400,10.48526501,76.44421400,658054.450,1159428.783,108.00,658054.447,1159428.782,-60.7,15,658053.257,1159427.896,10.48526000,76.44420150,0.073,-0.951,8.0,1.6,0.0,5.0,1635,1100,RTK FIXED
97.656,071134.80,10.48526500,76.44421400,10.48526501,76.44421400,658054.450,1159428.783,108.00,658054.448,1159428.783,-60.7,15,658053.257,1159427.896,10.48526000,76.44420150,0.073,-0.953,8.0,1.6,0.0,4.9,1635,1100,RTK FIXED
97.710,071134.80,10.48526500,76.44421400,10.48526500,76.44421400,658054.450,1159428.783,108.00,658054.449,1159428.783,-60.7,15,658053.257,1159427.896,10.48526000,76.44420150,0.073,-0.953,8.0,1.6,0.5,5.1,1635,1100,RTK FIXED
97.755,071134.80,10.48526500,76.44421400,10.48526500,76.44421400,658054.450,1159428.783,108.00,658054.449,1159428.783,-60.7,15,658053.257,1159427.896,10.48526000,76.44420150,0.073,-0.953,8.0,1.6,0.0,4.4,1635,1100,RTK FIXED
97.810,071134.80,10.48526500,76.44421400,10.48526500,76.44421400,658054.450,1159428.783,108.00,658054.449,1159428.783,-60.7,15,658053.257,1159427.896,10.48526000,76.44420150,0.073,-0.953,8.0,1.6,0.0,4.6,1635,1100,RTK FIXED
97.855,071134.80,10.48526500,76.44421400,10.48526500,76.44421400,658054.450,1159428.783,108.00,658054.450,1159428.783,-60.7,15,658053.257,1159427.896,10.48526000,76.44420150,0.073,-0.953,8.0,1.6,-0.6,5.0,1635,1100,RTK FIXED
97.910,071135.00,10.48526500,76.44421400,10.48526500,76.44421400,658054.450,1159428.783,108.00,658054.450,1159428.783,-60.7,15,658053.257,1159427.896,10.48526000,76.44420150,0.073,-0.956,8.0,1.6,0.0,3.6,1635,1100,RTK FIXED
97.963,071135.00,10.48526500,76.44421400,10.48526500,76.44421400,658054.450,1159428.783,108.00,658054.450,1159428.783,-60.7,15,658053.257,1159427.896,10.48526000,76.44420150,0.073,-0.956,8.0,1.6,0.0,4.7,1635,1100,RTK FIXED
98.010,071135.20,10.48526500,76.44421400,10.48526500,76.44421400,658054.450,1159428.783,108.00,658054.450,1159428.783,-60.7,15,658053.257,1159427.896,10.48526000,76.44420150,0.073,-0.957,8.0,1.6,0.0,4.3,1635,1100,RTK FIXED
98.063,071135.20,10.48526500,76.44421400,10.48526500,76.44421400,658054.450,1159428.783,108.00,658054.450,1159428.783,-60.7,15,658053.257,1159427.896,10.48526000,76.44420150,0.073,-0.957,8.0,1.6,0.5,4.2,1635,1100,RTK FIXED
98.110,071135.20,10.48526500,76.44421400,10.48526500,76.44421400,658054.450,1159428.783,108.00,658054.450,1159428.783,-60.7,15,658053.257,1159427.896,10.48526000,76.44420150,0.073,-0.957,8.0,1.6,0.0,4.8,1635,1100,RTK FIXED
98.165,071135.40,10.48526400,76.44421400,10.48526460,76.44421400,658054.450,1159428.672,108.00,658054.450,1159428.739,-63.3,15,658053.257,1159427.896,10.48526000,76.44420150,0.073,-0.944,8.0,1.6,0.0,4.1,1635,1100,RTK FIXED
98.210,071135.40,10.48526400,76.44421400,10.48526436,76.44421400,658054.450,1159428.672,108.00,658054.450,1159428.712,-63.3,15,658053.257,1159427.896,10.48526000,76.44420150,0.073,-0.944,8.0,1.6,0.0,4.4,1635,1100,RTK FIXED
98.264,071135.40,10.48526400,76.44421400,10.48526422,76.44421400,658054.450,1159428.672,108.00,658054.450,1159428.696,-63.3,15,658053.257,1159427.896,10.48526000,76.44420150,0.073,-0.944,8.0,1.6,0.0,4.2,1635,1100,RTK FIXED
98.310,071135.40,10.48526400,76.44421400,10.48526413,76.44421400,658054.450,1159428.672,108.00,658054.450,1159428.687,-63.3,15,658053.257,1159427.896,10.48526000,76.44420150,0.073,-0.944,8.0,1.6,0.0,3.8,1635,1100,RTK FIXED
98.364,071135.40,10.48526400,76.44421400,10.48526408,76.44421400,658054.450,1159428.672,108.00,658054.450,1159428.681,-63.3,15,658053.257,1159427.896,10.48526000,76.44420150,0.073,-0.944,8.0,1.6,0.0,4.2,1635,1100,RTK FIXED
98.419,071135.60,10.48526400,76.44421400,10.48526405,76.44421400,658054.466,1159428.680,108.00,658054.456,1159428.680,-63.3,15,658053.257,1159427.896,10.48526000,76.44420150,0.073,-0.944,8.0,1.6,0.0,4.1,1635,1100,RTK FIXED
98.464,071135.60,10.48526400,76.44421400,10.48526403,76.44421400,658054.466,1159428.680,108.00,658054.460,1159428.680,-63.3,15,658053.257,1159427.896,10.48526000,76.44420150,0.073,-0.944,8.0,1.6,0.0,4.4,1635,1100,RTK FIXED
98.518,071135.60,10.48526400,76.44421400,10.48526402,76.44421400,658054.466,1159428.680,108.00,658054.462,1159428.680,-63.3,15,658053.257,1159427.896,10.48526000,76.44420150,0.073,-0.944,8.0,1.6,-0.5,3.7,1635,1100,RTK FIXED
98.565,071135.60,10.48526400,76.44421400,10.48526401,76.44421400,658054.466,1159428.680,108.00,658054.464,1159428.680,-63.3,15,658053.257,1159427.896,10.48526000,76.44420150,0.073,-0.944,8.0,1.6,0.0,4.3,1635,1100,RTK FIXED
98.619,071135.80,10.48526400,76.44421400,10.48526401,76.44421400,658054.466,1159428.680,108.00,658054.464,1159428.680,-63.3,15,658053.257,1159427.896,10.48526000,76.44420150,0.073,-0.947,8.0,1.6,0.0,3.7,1635,1100,RTK FIXED
98.665,071135.80,10.48526400,76.44421400,10.48526400,76.44421400,658054.466,1159428.680,108.00,658054.465,1159428.680,-63.3,15,658053.257,1159427.896,10.48526000,76.44420150,0.073,-0.947,8.0,1.6,0.0,3.8,1635,1100,RTK FIXED
98.718,071135.80,10.48526400,76.44421400,10.48526400,76.44421400,658054.466,1159428.680,108.00,658054.465,1159428.680,-63.3,15,658053.257,1159427.896,10.48526000,76.44420150,0.073,-0.947,8.0,1.6,0.0,3.7,1635,1100,RTK FIXED
98.765,071135.80,10.48526400,76.44421400,10.48526400,76.44421400,658054.466,1159428.680,108.00,658054.465,1159428.680,-63.3,15,658053.257,1159427.896,10.48526000,76.44420150,0.073,-0.947,8.0,1.6,0.0,4.3,1635,1100,RTK FIXED
98.819,071136.00,10.48526400,76.44421400,10.48526400,76.44421400,658054.466,1159428.680,108.00,658054.465,1159428.680,-63.3,15,658053.257,1159427.896,10.48526000,76.44420150,0.073,-0.949,8.0,1.6,0.0,3.7,1635,1100,RTK FIXED
98.865,071136.00,10.48526400,76.44421400,10.48526400,76.44421400,658054.466,1159428.680,108.00,658054.465,1159428.680,-63.3,15,658053.257,1159427.896,10.48526000,76.44420150,0.073,-0.949,8.0,1.6,0.0,3.8,1635,1100,RTK FIXED
98.919,071136.00,10.48526400,76.44421400,10.48526400,76.44421400,658054.466,1159428.680,108.00,658054.465,1159428.680,-63.3,15,658053.257,1159427.896,10.48526000,76.44420150,0.073,-0.949,8.0,1.6,0.0,3.2,1635,1100,RTK FIXED
98.973,071136.20,10.48526400,76.44421400,10.48526400,76.44421400,658054.466,1159428.680,108.00,658054.466,1159428.680,-63.3,15,658053.257,1159427.896,10.48526000,76.44420150,0.073,-0.950,8.0,1.6,0.0,3.7,1635,1100,RTK FIXED
99.018,071136.20,10.48526400,76.44421400,10.48526400,76.44421400,658054.466,1159428.680,108.00,658054.466,1159428.680,-63.3,15,658053.257,1159427.896,10.48526000,76.44420150,0.073,-0.950,8.0,1.6,0.6,3.3,1635,1100,RTK FIXED
99.073,071136.20,10.48526400,76.44421400,10.48526400,76.44421400,658054.466,1159428.680,108.00,658054.466,1159428.680,-63.3,15,658053.257,1159427.896,10.48526000,76.44420150,0.073,-0.950,8.0,1.6,0.0,3.2,1635,1100,RTK FIXED
99.119,071136.40,10.48526300,76.44421400,10.48526360,76.44421400,658054.466,1159428.569,108.00,658054.466,1159428.636,-68.4,15,658053.257,1159427.896,10.48526000,76.44420150,0.073,-0.917,8.0,1.6,-0.5,3.2,1635,1100,RTK FIXED
99.173,071136.40,10.48526300,76.44421400,10.48526336,76.44421400,658054.466,1159428.569,108.00,658054.466,1159428.609,-68.4,15,658053.257,1159427.896,10.48526000,76.44420150,0.073,-0.917,8.0,1.6,0.5,3.3,1635,1100,RTK FIXED
99.219,071136.40,10.48526300,76.44421400,10.48526322,76.44421400,658054.466,1159428.569,108.00,658054.466,1159428.593,-68.4,15,658053.257,1159427.896,10.48526000,76.44420150,0.073,-0.917,8.0,1.6,-0.5,2.7,1635,1100,RTK FIXED
99.274,071136.40,10.48526300,76.44421400,10.48526313,76.44421400,658054.466,1159428.569,108.00,658054.466,1159428.584,-68.4,15,658053.257,1159427.896,10.48526000,76.44420150,0.073,-0.917,8.0,1.6,0.0,2.8,1635,1100,RTK FIXED
99.320,071136.60,10.48526300,76.44421400,10.48526308,76.44421400,658054.496,1159428.582,108.00,658054.478,1159428.583,-68.4,15,658053.257,1159427.896,10.48526000,76.44420150,0.073,-0.913,8.0,1.6,0.0,2.7,1635,1100,RTK FIXED
99.373,071136.60,10.48526300,76.44421400,10.48526305,76.44421400,658054.496,1159428.582,108.00,658054.485,1159428.582,-68.4,15,658053.257,1159427.896,10.48526000,76.44420150,0.073,-0.913,8.0,1.6,0.0,2.8,1635,1100,RTK FIXED
99.419,071136.60,10.48526300,76.44421400,10.48526303,76.44421400,658054.496,1159428.582,108.00,658054.490,1159428.582,-68.4,15,658053.257,1159427.896,10.48526000,76.44420150,0.073,-0.913,8.0,1.6,0.5,2.7,1635,1100,RTK FIXED
99.473,071136.60,10.48526300,76.44421400,10.48526302,76.44421400,658054.496,1159428.582,108.00,658054.492,1159428.582,-68.4,15,658053.257,1159427.896,10.48526000,76.44420150,0.073,-0.913,8.0,1.6,0.0,2.8,1635,1100,RTK FIXED
99.519,071136.60,10.48526300,76.44421400,10.48526301,76.44421400,658054.496,1159428.582,108.00,658054.494,1159428.582,-68.4,15,658053.257,1159427.896,10.48526000,76.44420150,0.073,-0.913,8.0,1.6,0.0,2.8,1635,1100,RTK FIXED
99.574,071136.80,10.48526300,76.44421400,10.48526301,76.44421400,658054.496,1159428.582,108.00,658054.495,1159428.582,-68.4,15,658053.257,1159427.896,10.48526000,76.44420150,0.073,-0.914,8.0,1.6,0.0,2.7,1635,1100,RTK FIXED
99.628,071136.80,10.48526300,76.44421400,10.48526300,76.44421400,658054.496,1159428.582,108.00,658054.496,1159428.582,-68.4,15,658053.257,1159427.896,10.48526000,76.44420150,0.073,-0.914,8.0,1.6,-0.5,2.3,1635,1100,RTK FIXED
99.674,071136.80,10.48526300,76.44421400,10.48526300,76.44421400,658054.496,1159428.582,108.00,658054.496,1159428.582,-68.4,15,658053.257,1159427.896,10.48526000,76.44420150,0.073,-0.914,8.0,1.6,0.0,2.7,1635,1100,RTK FIXED
99.727,071136.80,10.48526300,76.44421400,10.48526300,76.44421400,658054.496,1159428.582,108.00,658054.496,1159428.582,-68.4,15,658053.257,1159427.896,10.48526000,76.44420150,0.073,-0.914,8.0,1.6,0.0,2.4,1635,1100,RTK FIXED
99.775,071136.80,10.48526300,76.44421400,10.48526300,76.44421400,658054.496,1159428.582,108.00,658054.496,1159428.582,-68.4,15,658053.257,1159427.896,10.48526000,76.44420150,0.073,-0.914,8.0,1.6,0.5,2.6,1635,1100,RTK FIXED
99.828,071137.00,10.48526300,76.44421400,10.48526300,76.44421400,658054.496,1159428.582,108.00,658054.496,1159428.582,-68.4,15,658053.257,1159427.896,10.48526000,76.44420150,0.073,-0.916,8.0,1.6,0.0,2.4,1635,1100,RTK FIXED
99.874,071137.00,10.48526300,76.44421400,10.48526300,76.44421400,658054.496,1159428.582,108.00,658054.496,1159428.582,-68.4,15,658053.257,1159427.896,10.48526000,76.44420150,0.073,-0.916,8.0,1.6,-0.5,2.7,1635,1100,RTK FIXED
99.927,071137.00,10.48526300,76.44421400,10.48526300,76.44421400,658054.496,1159428.582,108.00,658054.496,1159428.582,-68.4,15,658053.257,1159427.896,10.48526000,76.44420150,0.073,-0.916,8.0,1.6,0.0,2.3,1635,1100,RTK FIXED
99.974,071137.20,10.48526300,76.44421400,10.48526300,76.44421400,658054.496,1159428.582,108.00,658054.496,1159428.582,-68.4,15,658053.257,1159427.896,10.48526000,76.44420150,0.073,-0.918,8.0,1.6,0.5,2.6,1635,1100,RTK FIXED
100.027,071137.20,10.48526300,76.44421400,10.48526300,76.44421400,658054.496,1159428.582,108.00,658054.496,1159428.582,-68.4,15,658053.257,1159427.896,10.48526000,76.44420150,0.073,-0.918,8.0,1.6,0.0,2.3,1635,1100,RTK FIXED
100.074,071137.40,10.48526300,76.44421300,10.48526300,76.44421360,658054.387,1159428.581,108.00,658054.453,1159428.582,-68.4,15,658053.257,1159427.896,10.48526000,76.44420150,0.073,-0.915,8.0,1.6,-0.5,2.1,1635,1100,RTK FIXED
100.127,071137.40,10.48526300,76.44421300,10.48526300,76.44421336,658054.387,1159428.581,108.00,658054.426,1159428.582,-68.4,15,658053.257,1159427.896,10.48526000,76.44420150,0.073,-0.915,8.0,1.6,0.5,2.4,1635,1100,RTK FIXED
100.174,071137.40,10.48526300,76.44421300,10.48526300,76.44421322,658054.387,1159428.581,108.00,658054.411,1159428.581,-68.4,15,658053.257,1159427.896,10.48526000,76.44420150,0.073,-0.915,8.0,1.6,-0.5,2.7,1635,1100,RTK FIXED
100.227,071137.40,10.48526300,76.44421300,10.48526300,76.44421313,658054.387,1159428.581,108.00,658054.401,1159428.581,-68.4,15,658053.257,1159427.896,10.48526000,76.44420150,0.073,-0.915,8.0,1.6,0.0,2.3,1635,1100,RTK FIXED
100.282,071137.40,10.48526300,76.44421300,10.48526300,76.44421308,658054.387,1159428.581,108.00,658054.395,1159428.581,-68.4,15,658053.257,1159427.896,10.48526000,76.44420150,0.073,-0.915,8.0,1.6,0.0,2.3,1635,1100,RTK FIXED
100.328,071137.40,10.48526300,76.44421300,10.48526300,76.44421305,658054.387,1159428.581,108.00,658054.392,1159428.581,-68.4,15,658053.257,1159427.896,10.48526000,76.44420150,0.073,-0.915,8.0,1.6,0.5,2.2,1635,1100,RTK FIXED
100.382,071137.60,10.48526200,76.44421300,10.48526260,76.44421303,658054.387,1159428.471,108.00,658054.390,1159428.537,-81.3,15,658053.257,1159427.896,10.48526000,76.44420150,0.151,-0.816,10.0,2.0,0.0,2.8,2047,1100,RTK FIXED
100.428,071137.60,10.48526200,76.44421300,10.48526236,76.44421302,658054.387,1159428.471,108.00,658054.389,1159428.511,-81.3,15,658053.257,1159427.896,10.48526000,76.44420150,0.151,-0.816,10.0,2.0,0.0,2.2,2047,1100,RTK FIXED
100.482,071137.60,10.48526200,76.44421300,10.48526222,76.44421301,658054.387,1159428.471,108.00,658054.388,1159428.495,-81.3,15,658053.257,1159427.896,10.48526000,76.44420150,0.151,-0.816,10.0,2.0,-0.5,2.3,2047,1100,RTK FIXED
100.528,071137.60,10.48526200,76.44421300,10.48526213,76.44421301,658054.387,1159428.471,108.00,658054.388,1159428.485,-81.3,15,658053.257,1159427.896,10.48526000,76.44420150,0.151,-0.816,10.0,2.0,0.5,2.2,2047,1100,RTK FIXED
100.582,071137.60,10.48526200,76.44421300,10.48526208,76.44421300,658054.387,1159428.471,108.00,658054.388,1159428.479,-81.3,15,658053.257,1159427.896,10.48526000,76.44420150,0.151,-0.816,10.0,2.0,-0.5,2.3,2047,1100,RTK FIXED
100.629,071137.80,10.48526200,76.44421300,10.48526205,76.44421300,658054.468,1159428.490,108.00,658054.420,1159428.484,-81.3,15,658053.257,1159427.896,10.48526000,76.44420150,0.151,-0.796,10.0,2.0,0.0,2.7,2047,1100,RTK FIXED
100.682,071137.80,10.48526200,76.44421300,10.48526203,76.44421300,658054.468,1159428.490,108.00,658054.439,1159428.486,-81.3,15,658053.257,1159427.896,10.48526000,76.44420150,0.151,-0.796,10.0,2.0,0.5,2.3,2047,1100,RTK FIXED
100.729,071137.80,10.48526200,76.44421300,10.48526202,76.44421300,658054.468,1159428.490,108.00,658054.451,1159428.488,-81.3,15,658053.257,1159427.896,10.48526000,76.44420150,0.151,-0.796,10.0,2.0,0.0,2.7,2047,1100,RTK FIXED
100.783,071138.00,10.48526200,76.44421300,10.48526201,76.44421300,658054.468,1159428.490,108.00,658054.458,1159428.489,-81.3,15,658053.257,1159427.896,10.48526000,76.44420150,0.151,-0.793,10.0,2.0,0.0,2.3,2047,1100,RTK FIXED
100.836,071138.00,10.48526200,76.44421300,10.48526201,76.44421300,658054.468,1159428.490,108.00,658054.462,1159428.489,-81.3,15,658053.257,1159427.896,10.48526000,76.44420150,0.151,-0.793,10.0,2.0,-0.5,2.8,2047,1100,RTK FIXED
100.883,071138.00,10.48526200,76.44421300,10.48526200,76.44421300,658054.468,1159428.490,108.00,658054.464,1159428.490,-81.3,15,658053.257,1159427.896,10.48526000,76.44420150,0.151,-0.793,10.0,2.0,0.5,2.1,2047,1100,RTK FIXED
100.937,071138.20,10.48526200,76.44421300,10.48526200,76.44421300,658054.468,1159428.490,108.00,658054.466,1159428.490,-81.3,15,658053.257,1159427.896,10.48526000,76.44420150,0.151,-0.794,10.0,2.0,-0.5,2.3,2047,1100,RTK FIXED
100.983,071138.20,10.48526200,76.44421300,10.48526200,76.44421300,658054.468,1159428.490,108.00,658054.467,1159428.490,-81.3,15,658053.257,1159427.896,10.48526000,76.44420150,0.151,-0.794,10.0,2.0,0.5,2.7,2047,1100,RTK FIXED
101.036,071138.20,10.48526200,76.44421300,10.48526200,76.44421300,658054.468,1159428.490,108.00,658054.467,1159428.490,-81.3,15,658053.257,1159427.896,10.48526000,76.44420150,0.151,-0.794,10.0,2.0,-0.5,2.8,2047,1100,RTK FIXED
101.082,071138.20,10.48526200,76.44421300,10.48526200,76.44421300,658054.468,1159428.490,108.00,658054.468,1159428.490,-81.3,15,658053.257,1159427.896,10.48526000,76.44420150,0.151,-0.794,10.0,2.0,0.5,2.2,2047,1100,RTK FIXED
101.136,071138.20,10.48526200,76.44421300,10.48526200,76.44421300,658054.468,1159428.490,108.00,658054.468,1159428.490,-81.3,15,658053.257,1159427.896,10.48526000,76.44420150,0.151,-0.794,10.0,2.0,0.0,2.3,2047,1100,RTK FIXED
101.183,071138.40,10.48526200,76.44421200,10.48526200,76.44421260,658054.359,1159428.490,108.00,658054.424,1159428.490,-81.3,15,658053.257,1159427.896,10.48526000,76.44420150,0.151,-0.791,10.0,2.0,-0.5,2.1,2047,1100,RTK FIXED
101.237,071138.40,10.48526200,76.44421200,10.48526200,76.44421236,658054.359,1159428.490,108.00,658054.398,1159428.490,-81.3,15,658053.257,1159427.896,10.48526000,76.44420150,0.151,-0.791,10.0,2.0,0.5,2.3,2047,1100,RTK FIXED
101.283,071138.40,10.48526200,76.44421200,10.48526200,76.44421222,658054.359,1159428.490,108.00,658054.382,1159428.490,-81.3,15,658053.257,1159427.896,10.48526000,76.44420150,0.151,-0.791,10.0,2.0,-0.5,2.7,2047,1100,RTK FIXED
101.337,071138.40,10.48526200,76.44421200,10.48526200,76.44421213,658054.359,1159428.490,108.00,658054.373,1159428.490,-81.3,15,658053.257,1159427.896,10.48526000,76.44420150,0.151,-0.791,10.0,2.0,0.0,2.3,2047,1100,RTK FIXED
101.390,071138.40,10.48526200,76.44421200,10.48526200,76.44421208,658054.359,1159428.490,108.00,658054.367,1159428.490,-81.3,15,658053.257,1159427.896,10.48526000,76.44420150,0.151,-0.791,10.0,2.0,0.5,2.4,2047,1100,RTK FIXED
101.437,071138.60,10.48526200,76.44421200,10.48526200,76.44421205,658054.359,1159428.490,108.00,658054.364,1159428.490,-81.3,15,658053.257,1159427.896,10.48526000,76.44420150,0.151,-0.789,10.0,2.0,-0.5,2.1,2047,1100,RTK FIXED
101.491,071138.60,10.48526200,76.44421200,10.48526200,76.44421203,658054.359,1159428.490,108.00,658054.362,1159428.490,-81.3,15,658053.257,1159427.896,10.48526000,76.44420150,0.151,-0.789,10.0,2.0,0.0,2.3,2047,1100,RTK FIXED
101.537,071138.60,10.48526200,76.44421200,10.48526200,76.44421202,658054.359,1159428.490,108.00,658054.360,1159428.490,-81.3,15,658053.257,1159427.896,10.48526000,76.44420150,0.151,-0.789,10.0,2.0,0.5,2.2,2047,1100,RTK FIXED
101.591,071138.60,10.48526200,76.44421200,10.48526200,76.44421201,658054.359,1159428.490,108.00,658054.360,1159428.490,-81.3,15,658053.257,1159427.896,10.48526000,76.44420150,0.151,-0.789,10.0,2.0,0.0,2.3,2047,1100,RTK FIXED
101.638,071138.80,10.48526200,76.44421200,10.48526200,76.44421201,658054.359,1159428.490,108.00,658054.359,1159428.490,-81.3,15,658053.257,1159427.896,10.48526000,76.44420150,0.151,-0.788,10.0,2.0,-0.5,2.6,2047,1100,RTK FIXED
101.691,071138.80,10.48526200,76.44421200,10.48526200,76.44421200,658054.359,1159428.490,108.00,658054.359,1159428.490,-81.3,15,658053.257,1159427.896,10.48526000,76.44420150,0.151,-0.788,10.0,2.0,0.5,1.9,2047,1100,RTK FIXED
101.738,071138.80,10.48526200,76.44421200,10.48526200,76.44421200,658054.359,1159428.490,108.00,658054.359,1159428.490,-81.3,15,658053.257,1159427.896,10.48526000,76.44420150,0.151,-0.788,10.0,2.0,0.0,2.7,2047,1100,RTK FIXED
101.790,071138.80,10.48526200,76.44421200,10.48526200,76.44421200,658054.359,1159428.490,108.00,658054.359,1159428.490,-81.3,15,658053.257,1159427.896,10.48526000,76.44420150,0.151,-0.788,10.0,2.0,-0.5,2.3,2047,1100,RTK FIXED
101.837,071138.80,10.48526200,76.44421200,10.48526200,76.44421200,658054.359,1159428.490,108.00,658054.359,1159428.490,-81.3,15,658053.257,1159427.896,10.48526000,76.44420150,0.151,-0.788,10.0,2.0,0.5,2.1,2047,1100,RTK FIXED
101.892,071139.00,10.48526200,76.44421100,10.48526200,76.44421160,658054.249,1159428.489,108.00,658054.315,1159428.490,-102.9,15,658053.257,1159427.896,10.48526000,76.44420150,0.263,-0.618,10.0,2.0,0.0,2.7,2047,1100,RTK FIXED
101.946,071139.00,10.48526200,76.44421100,10.48526200,76.44421136,658054.249,1159428.489,108.00,658054.289,1159428.489,-102.9,15,658053.257,1159427.896,10.48526000,76.44420150,0.263,-0.618,10.0,2.0,0.0,2.8,2047,1100,RTK FIXED
101.992,071139.00,10.48526200,76.44421100,10.48526200,76.44421122,658054.249,1159428.489,108.00,658054.273,1159428.489,-102.9,15,658053.257,1159427.896,10.48526000,76.44420150,0.263,-0.618,10.0,2.0,-0.5,2.7,2047,1100,RTK FIXED
102.046,071139.20,10.48526200,76.44421100,10.48526200,76.44421113,658054.388,1159428.480,108.00,658054.319,1159428.486,-102.9,15,658053.257,1159427.896,10.48526000,76.44420150,0.263,-0.579,10.0,2.0,0.0,2.3,2047,1100,RTK FIXED
102.091,071139.20,10.48526200,76.44421100,10.48526200,76.44421108,658054.388,1159428.480,108.00,658054.346,1159428.484,-102.9,15,658053.257,1159427.896,10.48526000,76.44420150,0.263,-0.579,10.0,2.0,0.0,2.8,2047,1100,RTK FIXED
102.146,071139.20,10.48526200,76.44421100,10.48526200,76.44421105,658054.388,1159428.480,108.00,658054.363,1159428.482,-102.9,15,658053.257,1159427.896,10.48526000,76.44420150,0.263,-0.579,10.0,2.0,0.0,2.7,2047,1100,RTK FIXED
102.192,071139.40,10.48526200,76.44421100,10.48526200,76.44421103,658054.388,1159428.480,108.00,658054.373,1159428.482,-102.9,15,658053.257,1159427.896,10.48526000,76.44420150,0.263,-0.570,10.0,2.1,0.5,2.7,2047,1100,RTK FIXED
102.246,071139.40,10.48526200,76.44421100,10.48526200,76.44421102,658054.388,1159428.480,108.00,658054.379,1159428.481,-102.9,15,658053.257,1159427.896,10.48526000,76.44420150,0.263,-0.570,10.0,2.1,-0.5,2.3,2047,1100,RTK FIXED
102.291,071139.40,10.48526200,76.44421100,10.48526200,76.44421101,658054.388,1159428.480,108.00,658054.382,1159428.481,-102.9,15,658053.257,1159427.896,10.48526000,76.44420150,0.263,-0.570,10.0,2.1,0.5,2.7,2047,1100,RTK FIXED
102.346,071139.40,10.48526200,76.44421100,10.48526200,76.44421101,658054.388,1159428.480,108.00,658054.384,1159428.481,-102.9,15,658053.257,1159427.896,10.48526000,76.44420150,0.263,-0.570,10.0,2.1,0.0,2.7,2047,1100,RTK FIXED
102.393,071139.60,10.48526200,76.44421000,10.48526200,76.44421060,658054.278,1159428.480,108.00,658054.342,1159428.480,-102.9,15,658053.257,1159427.896,10.48526000,76.44420150,0.263,-0.565,10.0,2.2,-0.5,2.1,2047,1100,RTK FIXED
102.446,071139.60,10.48526200,76.44421000,10.48526200,76.44421036,658054.278,1159428.480,108.00,658054.316,1159428.480,-102.9,15,658053.257,1159427.896,10.48526000,76.44420150,0.263,-0.565,10.0,2.2,0.0,2.8,2047,1100,RTK FIXED
102.499,071139.60,10.48526200,76.44421000,10.48526200,76.44421022,658054.278,1159428.480,108.00,658054.301,1159428.480,-102.9,15,658053.257,1159427.896,10.48526000,76.44420150,0.263,-0.565,10.0,2.2,0.5,2.4,2047,1100,RTK FIXED
102.546,071139.60,10.48526200,76.44421000,10.48526200,76.44421013,658054.278,1159428.480,108.00,658054.292,1159428.480,-102.9,15,658053.257,1159427.896,10.48526000,76.44420150,0.263,-0.565,10.0,2.2,0.0,2.7,2047,1100,RTK FIXED
102.600,071139.60,10.48526200,76.44421000,10.48526200,76.44421008,658054.278,1159428.480,108.00,658054.286,1159428.480,-102.9,15,658053.257,1159427.896,10.48526000,76.44420150,0.263,-0.565,10.0,2.2,0.0,2.3,2047,1100,RTK FIXED
102.647,071139.80,10.48526200,76.44421000,10.48526200,76.44421005,658054.278,1159428.480,108.00,658054.283,1159428.480,-102.9,15,658053.257,1159427.896,10.48526000,76.44420150,0.263,-0.563,10.0,2.2,-0.5,2.1,2047,1100,RTK FIXED
102.699,071139.80,10.48526200,76.44421000,10.48526200,76.44421003,658054.278,1159428.480,108.00,658054.281,1159428.480,-102.9,15,658053.257,1159427.896,10.48526000,76.44420150,0.263,-0.563,10.0,2.2,0.5,2.4,2047,1100,RTK FIXED
102.746,071139.80,10.48526200,76.44421000,10.48526200,76.44421002,658054.278,1159428.480,108.00,658054.280,1159428.480,-102.9,15,658053.257,1159427.896,10.48526000,76.44420150,0.263,-0.563,10.0,2.2,0.0,2.7,2047,1100,RTK FIXED
102.800,071139.80,10.48526200,76.44421000,10.48526200,76.44421001,658054.278,1159428.480,108.00,658054.279,1159428.480,-102.9,15,658053.257,1159427.896,10.48526000,76.44420150,0.263,-0.563,10.0,2.2,-0.5,2.3,2047,1100,RTK FIXED
102.846,071139.80,10.48526200,76.44421000,10.48526200,76.44421001,658054.278,1159428.480,108.00,658054.279,1159428.480,-102.9,15,658053.257,1159427.896,10.48526000,76.44420150,0.263,-0.563,10.0,2.2,0.5,2.7,2047,1100,RTK FIXED
102.901,071140.00,10.48526200,76.44420900,10.48526200,76.44420960,658054.169,1159428.479,108.00,658054.235,1159428.480,-102.9,15,658053.257,1159427.896,10.48526000,76.44420150,0.263,-0.557,10.0,2.2,0.0,2.3,2047,1100,RTK FIXED
102.946,071140.00,10.48526200,76.44420900,10.48526200,76.44420936,658054.169,1159428.479,108.00,658054.208,1159428.480,-102.9,15,658053.257,1159427.896,10.48526000,76.44420150,0.263,-0.557,10.0,2.2,-0.5,2.7,2047,1100,RTK FIXED
103.001,071140.20,10.48526200,76.44420900,10.48526200,76.44420922,658054.169,1159428.479,108.00,658054.192,1159428.480,-124.3,15,658053.257,1159427.896,10.48526000,76.44420150,0.338,-0.375,10.0,5.0,0.0,2.3,2047,1100,RTK FIXED
103.054,071140.20,10.48526200,76.44420900,10.48526200,76.44420913,658054.169,1159428.479,108.00,658054.183,1159428.480,-124.3,15,658053.257,1159427.896,10.48526000,76.44420150,0.338,-0.375,10.0,5.0,0.5,2.3,2047,1100,RTK FIXED
103.101,071140.20,10.48526200,76.44420900,10.48526200,76.44420908,658054.169,1159428.479,108.00,658054.177,1159428.480,-124.3,15,658053.257,1159427.896,10.48526000,76.44420150,0.338,-0.375,10.0,5.0,-0.5,3.2,2047,1100,RTK FIXED
103.155,071140.40,10.48526200,76.44420900,10.48526200,76.44420905,658054.293,1159428.421,108.00,658054.224,1159428.456,-124.3,15,658053.257,1159427.896,10.48526000,76.44420150,0.338,-0.335,10.0,5.4,0.5,2.3,2047,1108,RTK FIXED
103.201,071140.40,10.48526200,76.44420900,10.48526200,76.44420903,658054.293,1159428.421,108.00,658054.251,1159428.442,-124.3,15,658053.257,1159427.896,10.48526000,76.44420150,0.338,-0.335,10.0,5.4,-0.5,2.7,2047,1108,RTK FIXED
103.254,071140.40,10.48526200,76.44420900,10.48526200,76.44420902,658054.293,1159428.421,108.00,658054.268,1159428.434,-124.3,15,658053.257,1159427.896,10.48526000,76.44420150,0.338,-0.335,10.0,5.4,0.5,2.3,2047,1108,RTK FIXED
103.300,071140.40,10.48526200,76.44420900,10.48526200,76.44420901,658054.293,1159428.421,108.00,658054.278,1159428.429,-124.3,15,658053.257,1159427.896,10.48526000,76.44420150,0.338,-0.335,10.0,5.4,-0.5,2.7,2047,1108,RTK FIXED
103.354,071140.40,10.48526200,76.44420900,10.48526200,76.44420901,658054.293,1159428.421,108.00,658054.284,1159428.426,-124.3,15,658053.257,1159427.896,10.48526000,76.44420150,0.338,-0.335,10.0,5.4,0.5,2.3,2047,1108,RTK FIXED
103.401,071140.60,10.48526200,76.44420900,10.48526200,76.44420900,658054.293,1159428.421,108.00,658054.288,1159428.424,-124.3,15,658053.257,1159427.896,10.48526000,76.44420150,0.338,-0.329,10.0,5.5,-0.5,2.7,2047,1122,RTK FIXED
103.455,071140.60,10.48526200,76.44420900,10.48526200,76.44420900,658054.293,1159428.421,108.00,658054.290,1159428.423,-124.3,15,658053.257,1159427.896,10.48526000,76.44420150,0.338,-0.329,10.0,5.5,0.0,2.3,2047,1122,RTK FIXED
103.501,071140.60,10.48526200,76.44420900,10.48526200,76.44420900,658054.293,1159428.421,108.00,658054.291,1159428.422,-124.3,15,658053.257,1159427.896,10.48526000,76.44420150,0.338,-0.329,10.0,5.5,0.0,2.7,2047,1122,RTK FIXED
103.555,071140.60,10.48526200,76.44420900,10.48526200,76.44420900,658054.293,1159428.421,108.00,658054.292,1159428.422,-124.3,15,658053.257,1159427.896,10.48526000,76.44420150,0.338,-0.329,10.0,5.5,0.0,2.8,2047,1122,RTK FIXED
103.601,071140.80,10.48526300,76.44420800,10.48526240,76.44420860,658054.183,1159428.531,108.00,658054.249,1159428.465,-124.3,15,658053.257,1159427.896,10.48526000,76.44420150,0.338,-0.319,10.0,5.6,0.5,2.7,2047,1142,RTK FIXED
103.655,071141.00,10.48526300,76.44420800,10.48526264,76.44420836,658054.183,1159428.531,108.00,658054.222,1159428.492,-124.3,15,658053.257,1159427.896,10.48526000,76.44420150,0.338,-0.313,10.0,5.7,-0.5,2.8,2047,1157,RTK FIXED
103.709,071141.00,10.48526300,76.44420800,10.48526278,76.44420822,658054.183,1159428.531,108.00,658054.207,1159428.507,-124.3,15,658053.257,1159427.896,10.48526000,76.44420150,0.338,-0.313,10.0,5.7,0.0,2.8,2047,1157,RTK FIXED
103.754,071141.00,10.48526300,76.44420800,10.48526287,76.44420813,658054.183,1159428.531,108.00,658054.197,1159428.517,-124.3,15,658053.257,1159427.896,10.48526000,76.44420150,0.338,-0.313,10.0,5.7,0.0,3.3,2047,1157,RTK FIXED
103.810,071141.00,10.48526300,76.44420800,10.48526292,76.44420808,658054.183,1159428.531,108.00,658054.192,1159428.523,-124.3,15,658053.257,1159427.896,10.48526000,76.44420150,0.338,-0.313,10.0,5.7,0.0,3.2,2047,1157,RTK FIXED
103.855,071141.00,10.48526300,76.44420800,10.48526295,76.44420805,658054.183,1159428.531,108.00,658054.188,1159428.526,-124.3,15,658053.257,1159427.896,10.48526000,76.44420150,0.338,-0.313,10.0,5.7,0.5,3.3,2047,1157,RTK FIXED
103.910,071141.20,10.48526300,76.44420800,10.48526297,76.44420803,658054.183,1159428.531,108.00,658054.186,1159428.528,-124.3,15,658053.257,1159427.896,10.48526000,76.44420150,0.338,-0.308,10.0,5.7,0.0,3.7,2047,1166,RTK FIXED
103.955,071141.20,10.48526300,76.44420800,10.48526298,76.44420802,658054.183,1159428.531,108.00,658054.185,1159428.529,-124.3,15,658053.257,1159427.896,10.48526000,76.44420150,0.338,-0.308,10.0,5.7,0.0,3.3,2047,1166,RTK FIXED
104.009,071141.20,10.48526300,76.44420800,10.48526299,76.44420801,658054.183,1159428.531,108.00,658054.184,1159428.530,-124.3,15,658053.257,1159427.896,10.48526000,76.44420150,0.338,-0.308,10.0,5.7,0.0,3.7,2047,1166,RTK FIXED
104.055,071141.20,10.48526300,76.44420800,10.48526299,76.44420801,658054.183,1159428.531,108.00,658054.184,1159428.530,-124.3,15,658053.257,1159427.896,10.48526000,76.44420150,0.338,-0.308,10.0,5.7,-0.6,3.3,2047,1166,RTK FIXED
104.110,071141.40,10.48526400,76.44420800,10.48526340,76.44420800,658054.183,1159428.642,108.00,658054.183,1159428.575,-162.9,15,658053.257,1159427.896,10.48526000,76.44420150,0.356,0.008,9.9,10.0,0.5,4.1,2018,1616,RTK FIXED
104.155,071141.40,10.48526400,76.44420800,10.48526364,76.44420800,658054.183,1159428.642,108.00,658054.183,1159428.602,-162.9,15,658053.257,1159427.896,10.48526000,76.44420150,0.356,0.008,9.9,10.0,0.0,3.9,2018,2047,RTK FIXED
104.209,071141.40,10.48526400,76.44420800,10.48526378,76.44420800,658054.183,1159428.642,108.00,658054.183,1159428.618,-162.9,15,658053.257,1159427.896,10.48526000,76.44420150,0.356,0.008,9.9,10.0,0.0,4.1,2018,2047,RTK FIXED
104.255,071141.40,10.48526400,76.44420800,10.48526387,76.44420800,658054.183,1159428.642,108.00,658054.183,1159428.627,-162.9,15,658053.257,1159427.896,10.48526000,76.44420150,0.356,0.008,9.9,10.0,0.0,6.0,2018,2047,RTK FIXED
104.310,071141.40,10.48526400,76.44420800,10.48526392,76.44420800,658054.183,1159428.642,108.00,658054.183,1159428.633,-162.9,15,658053.257,1159427.896,10.48526000,76.44420150,0.356,0.008,9.9,10.0,-0.5,6.5,2018,2047,RTK FIXED
104.364,071141.60,10.48526400,76.44420700,10.48526395,76.44420760,658054.213,1159428.440,108.00,658054.195,1159428.556,-162.9,15,658053.257,1159427.896,10.48526000,76.44420150,0.356,0.084,8.7,10.0,0.0,7.8,1776,2047,RTK FIXED
104.410,071141.60,10.48526400,76.44420700,10.48526397,76.44420736,658054.213,1159428.440,108.00,658054.202,1159428.510,-162.9,15,658053.257,1159427.896,10.48526000,76.44420150,0.356,0.084,8.7,10.0,0.0,10.9,1776,2047,RTK FIXED
104.463,071141.60,10.48526400,76.44420700,10.48526398,76.44420722,658054.213,1159428.440,108.00,658054.207,1159428.482,-162.9,15,658053.257,1159427.896,10.48526000,76.44420150,0.356,0.084,8.7,10.0,0.5,11.7,1776,2047,RTK FIXED
104.510,071141.60,10.48526400,76.44420700,10.48526399,76.44420713,658054.213,1159428.440,108.00,658054.209,1159428.465,-162.9,15,658053.257,1159427.896,10.48526000,76.44420150,0.356,0.084,8.7,10.0,-0.5,12.8,1776,2047,RTK FIXED
104.564,071141.80,10.48526400,76.44420700,10.48526399,76.44420708,658054.213,1159428.440,108.00,658054.211,1159428.455,-162.9,15,658053.257,1159427.896,10.48526000,76.44420150,0.356,0.101,8.4,10.0,0.0,13.4,1726,2047,RTK FIXED
104.610,071141.80,10.48526400,76.44420700,10.48526400,76.44420705,658054.213,1159428.440,108.00,658054.212,1159428.449,-162.9,15,658053.257,1159427.896,10.48526000,76.44420150,0.356,0.101,8.4,10.0,0.5,14.7,1726,2047,RTK FIXED
104.664,071141.80,10.48526400,76.44420700,10.48526400,76.44420703,658054.213,1159428.440,108.00,658054.212,1159428.446,-162.9,15,658053.257,1159427.896,10.48526000,76.44420150,0.356,0.101,8.4,10.0,0.0,14.9,1726,2047,RTK FIXED
104.710,071141.80,10.48526400,76.44420700,10.48526400,76.44420702,658054.213,1159428.440,108.00,658054.213,1159428.444,-162.9,15,658053.257,1159427.896,10.48526000,76.44420150,0.356,0.101,8.4,10.0,-0.5,15.6,1726,2047,RTK FIXED
104.763,071141.80,10.48526400,76.44420700,10.48526400,76.44420701,658054.213,1159428.440,108.00,658054.213,1159428.442,-162.9,15,658053.257,1159427.896,10.48526000,76.44420150,0.356,0.101,8.4,10.0,0.0,16.5,1726,2047,RTK FIXED
104.810,071142.00,10.48526400,76.44420700,10.48526400,76.44420701,658054.213,1159428.440,108.00,658054.213,1159428.442,-138.4,15,658053.257,1159427.896,10.48526000,76.44420150,0.362,-0.048,10.0,9.2,0.0,17.0,2047,1891,RTK FIXED
104.863,071142.00,10.48526400,76.44420700,10.48526400,76.44420700,658054.213,1159428.440,108.00,658054.213,1159428.441,-138.4,15,658053.257,1159427.896,10.48526000,76.44420150,0.362,-0.048,10.0,9.2,0.5,17.4,2047,1891,RTK FIXED
104.918,071142.00,10.48526400,76.44420700,10.48526400,76.44420700,658054.213,1159428.440,108.00,658054.213,1159428.441,-138.4,15,658053.257,1159427.896,10.48526000,76.44420150,0.362,-0.048,10.0,9.2,-0.5,16.5,2047,1891,RTK FIXED
104.965,071142.20,10.48526500,76.44420700,10.48526440,76.44420700,658054.139,1159428.690,108.00,658054.184,1159428.540,-172.7,15,658053.257,1159427.896,10.48526000,76.44420150,0.336,0.197,7.0,10.0,0.0,15.5,1597,2047,RTK FIXED
105.018,071142.20,10.48526500,76.44420700,10.48526464,76.44420700,658054.139,1159428.690,108.00,658054.166,1159428.600,-172.7,15,658053.257,1159427.896,10.48526000,76.44420150,0.336,0.197,7.0,10.0,0.5,15.4,1436,2047,RTK FIXED
105.064,071142.20,10.48526500,76.44420700,10.48526478,76.44420700,658054.139,1159428.690,108.00,658054.155,1159428.636,-172.7,15,658053.257,1159427.896,10.48526000,76.44420150,0.336,0.197,7.0,10.0,-0.5,13.6,1436,2047,RTK FIXED
105.119,071142.40,10.48526500,76.44420600,10.48526487,76.44420660,658054.115,1159428.489,108.00,658054.139,1159428.577,-172.7,15,658053.257,1159427.896,10.48526000,76.44420150,0.336,0.258,6.3,10.0,0.0,16.5,1280,2047,RTK FIXED
105.164,071142.40,10.48526500,76.44420600,10.48526492,76.44420636,658054.115,1159428.489,108.00,658054.129,1159428.542,-172.7,15,658053.257,1159427.896,10.48526000,76.44420150,0.336,0.258,6.3,10.0,0.0,17.7,1280,2047,RTK FIXED
105.218,071142.40,10.48526500,76.44420600,10.48526495,76.44420622,658054.115,1159428.489,108.00,658054.124,1159428.521,-172.7,15,658053.257,1159427.896,10.48526000,76.44420150,0.336,0.258,6.3,10.0,0.0,18.0,1280,2047,RTK FIXED
105.264,071142.40,10.48526500,76.44420600,10.48526497,76.44420613,658054.115,1159428.489,108.00,658054.120,1159428.508,-172.7,15,658053.257,1159427.896,10.48526000,76.44420150,0.336,0.258,6.3,10.0,0.0,18.4,1280,2047,RTK FIXED
105.318,071142.40,10.48526500,76.44420600,10.48526498,76.44420608,658054.115,1159428.489,108.00,658054.118,1159428.500,-172.7,15,658053.257,1159427.896,10.48526000,76.44420150,0.336,0.258,6.3,10.0,0.5,17.9,1280,2047,RTK FIXED
105.373,071142.60,10.48526500,76.44420600,10.48526499,76.44420605,658054.115,1159428.489,108.00,658054.117,1159428.496,-172.7,15,658053.257,1159427.896,10.48526000,76.44420150,0.336,0.276,6.0,10.0,-0.5,17.6,1237,2047,RTK FIXED
105.418,071142.60,10.48526500,76.44420600,10.48526499,76.44420603,658054.115,1159428.489,108.00,658054.116,1159428.493,-172.7,15,658053.257,1159427.896,10.48526000,76.44420150,0.336,0.276,6.0,10.0,0.5,18.1,1237,2047,RTK FIXED
105.473,071142.60,10.48526500,76.44420600,10.48526500,76.44420602,658054.115,1159428.489,108.00,658054.115,1159428.491,-172.7,15,658053.257,1159427.896,10.48526000,76.44420150,0.336,0.276,6.0,10.0,0.0,15.7,1237,2047,RTK FIXED
105.518,071142.60,10.48526500,76.44420600,10.48526500,76.44420601,658054.115,1159428.489,108.00,658054.115,1159428.490,-172.7,15,658053.257,1159427.896,10.48526000,76.44420150,0.336,0.276,6.0,10.0,0.0,17.3,1237,2047,RTK FIXED
105.573,071142.60,10.48526500,76.44420600,10.48526500,76.44420601,658054.115,1159428.489,108.00,658054.115,1159428.490,-172.7,15,658053.257,1159427.896,10.48526000,76.44420150,0.336,0.276,6.0,10.0,-0.5,18.1,1237,2047,RTK FIXED
105.619,071142.80,10.48526500,76.44420600,10.48526500,76.44420600,658054.115,1159428.489,108.00,658054.115,1159428.489,-172.7,15,658053.257,1159427.896,10.48526000,76.44420150,0.336,0.283,6.0,10.0,0.5,17.7,1220,2047,RTK FIXED
105.672,071142.80,10.48526500,76.44420600,10.48526500,76.44420600,658054.115,1159428.489,108.00,658054.115,1159428.489,-172.7,15,658053.257,1159427.896,10.48526000,76.44420150,0.336,0.283,6.0,10.0,0.0,15.2,1220,2047,RTK FIXED
105.719,071142.80,10.48526500,76.44420600,10.48526500,76.44420600,658054.115,1159428.489,108.00,658054.115,1159428.489,-172.7,15,658053.257,1159427.896,10.48526000,76.44420150,0.336,0.283,6.0,10.0,-0.5,15.5,1220,2047,RTK FIXED
105.772,071142.80,10.48526500,76.44420600,10.48526500,76.44420600,658054.115,1159428.489,108.00,658054.115,1159428.489,-172.7,15,658053.257,1159427.896,10.48526000,76.44420150,0.336,0.283,6.0,10.0,0.5,17.4,1220,2047,RTK FIXED
105.819,071142.80,10.48526500,76.44420600,10.48526500,76.44420600,658054.115,1159428.489,108.00,658054.115,1159428.489,-172.7,15,658053.257,1159427.896,10.48526000,76.44420150,0.336,0.283,6.0,10.0,-0.5,17.6,1220,2047,RTK FIXED
105.873,071143.00,10.48526500,76.44420500,10.48526500,76.44420560,658054.005,1159428.488,108.00,658054.071,1159428.488,-165.8,15,658053.257,1159427.896,10.48526000,76.44420150,0.351,0.229,6.7,10.0,0.5,17.5,1376,2047,RTK FIXED
105.927,071143.00,10.48526500,76.44420500,10.48526500,76.44420536,658054.005,1159428.488,108.00,658054.045,1159428.488,-165.8,15,658053.257,1159427.896,10.48526000,76.44420150,0.351,0.229,6.7,10.0,0.0,17.8,1376,2047,RTK FIXED
105.973,071143.00,10.48526500,76.44420500,10.48526500,76.44420522,658054.005,1159428.488,108.00,658054.029,1159428.488,-165.8,15,658053.257,1159427.896,10.48526000,76.44420150,0.351,0.229,6.7,10.0,-0.5,17.4,1376,2047,RTK FIXED
106.027,071143.20,10.48526500,76.44420500,10.48526500,76.44420513,658053.998,1159428.532,108.00,658054.017,1159428.506,-165.8,15,658053.257,1159427.896,10.48526000,76.44420150,0.351,0.222,6.8,10.0,0.5,17.0,1395,2047,RTK FIXED
106.073,071143.20,10.48526500,76.44420500,10.48526500,76.44420508,658053.998,1159428.532,108.00,658054.009,1159428.516,-165.8,15,658053.257,1159427.896,10.48526000,76.44420150,0.351,0.222,6.8,10.0,-0.5,17.9,1395,2047,RTK FIXED
106.127,071143.40,10.48526500,76.44420500,10.48526500,76.44420505,658053.998,1159428.532,108.00,658054.005,1159428.522,-165.8,15,658053.257,1159427.896,10.48526000,76.44420150,0.351,0.223,6.8,10.0,0.0,17.1,1390,2047,RTK FIXED
106.173,071143.40,10.48526500,76.44420500,10.48526500,76.44420503,658053.998,1159428.532,108.00,658054.002,1159428.526,-165.8,15,658053.257,1159427.896,10.48526000,76.44420150,0.351,0.223,6.8,10.0,0.0,17.9,1390,2047,RTK FIXED
106.226,071143.40,10.48526500,76.44420500,10.48526500,76.44420502,658053.998,1159428.532,108.00,658054.001,1159428.528,-165.8,15,658053.257,1159427.896,10.48526000,76.44420150,0.351,0.223,6.8,10.0,0.0,16.9,1390,2047,RTK FIXED
106.273,071143.40,10.48526500,76.44420500,10.48526500,76.44420501,658053.998,1159428.532,108.00,658054.000,1159428.530,-165.8,15,658053.257,1159427.896,10.48526000,76.44420150,0.351,0.223,6.8,10.0,0.5,17.1,1390,2047,RTK FIXED
106.327,071143.40,10.48526500,76.44420500,10.48526500,76.44420501,658053.998,1159428.532,108.00,658053.999,1159428.531,-165.8,15,658053.257,1159427.896,10.48526000,76.44420150,0.351,0.223,6.8,10.0,-0.5,17.6,1390,2047,RTK FIXED
106.374,071143.60,10.48526500,76.44420400,10.48526500,76.44420460,658053.889,1159428.531,108.00,658053.955,1159428.531,-174.3,15,658053.257,1159427.896,10.48526000,76.44420150,0.332,0.309,5.6,10.0,0.5,17.6,1154,2047,RTK FIXED
106.427,071143.60,10.48526500,76.44420400,10.48526500,76.44420436,658053.889,1159428.531,108.00,658053.929,1159428.531,-174.3,15,658053.257,1159427.896,10.48526000,76.44420150,0.332,0.309,5.6,10.0,-0.5,17.6,1154,2047,RTK FIXED
106.474,071143.60,10.48526500,76.44420400,10.48526500,76.44420422,658053.889,1159428.531,108.00,658053.913,1159428.531,-174.3,15,658053.257,1159427.896,10.48526000,76.44420150,0.332,0.309,5.6,10.0,0.5,14.8,1154,2047,RTK FIXED
106.527,071143.60,10.48526500,76.44420400,10.48526500,76.44420413,658053.889,1159428.531,108.00,658053.903,1159428.531,-174.3,15,658053.257,1159427.896,10.48526000,76.44420150,0.332,0.309,5.6,10.0,0.0,15.2,1154,2047,RTK FIXED
106.581,071143.60,10.48526500,76.44420400,10.48526500,76.44420408,658053.889,1159428.531,108.00,658053.897,1159428.531,-174.3,15,658053.257,1159427.896,10.48526000,76.44420150,0.332,0.309,5.6,10.0,0.0,16.5,1154,2047,RTK FIXED
106.628,071143.80,10.48526400,76.44420400,10.48526460,76.44420405,658053.897,1159428.367,108.00,658053.897,1159428.465,-174.3,15,658053.257,1159427.896,10.48526000,76.44420150,0.332,0.328,5.4,10.0,0.0,14.5,1111,2047,RTK FIXED
106.682,071143.80,10.48526400,76.44420400,10.48526436,76.44420403,658053.897,1159428.367,108.00,658053.897,1159428.426,-174.3,15,658053.257,1159427.896,10.48526000,76.44420150,0.332,0.328,5.4,10.0,-0.5,17.2,1111,2047,RTK FIXED
106.727,071143.80,10.48526400,76.44420400,10.48526422,76.44420402,658053.897,1159428.367,108.00,658053.897,1159428.402,-174.3,15,658053.257,1159427.896,10.48526000,76.44420150,0.332,0.328,5.4,10.0,0.6,17.6,1111,2047,RTK FIXED
106.782,071144.00,10.48526400,76.44420400,10.48526413,76.44420401,658053.897,1159428.367,108.00,658053.897,1159428.388,-156.6,15,658053.257,1159427.896,10.48526000,76.44420150,0.363,0.144,7.9,10.0,0.0,15.4,1561,2047,RTK FIXED
106.827,071144.00,10.48526400,76.44420400,10.48526408,76.44420401,658053.897,1159428.367,108.00,658053.897,1159428.379,-156.6,15,658053.257,1159427.896,10.48526000,76.44420150,0.363,0.144,7.9,10.0,0.0,17.3,1613,2047,RTK FIXED
106.883,071144.20,10.48526400,76.44420400,10.48526405,76.44420400,658053.872,1159428.477,108.00,658053.887,1159428.419,-156.6,15,658053.257,1159427.896,10.48526000,76.44420150,0.363,0.101,8.5,10.0,0.0,17.6,1732,2047,RTK FIXED
106.928,071144.20,10.48526400,76.44420400,10.48526403,76.44420400,658053.872,1159428.477,108.00,658053.881,1159428.442,-156.6,15,658053.257,1159427.896,10.48526000,76.44420150,0.363,0.101,8.5,10.0,0.0,17.6,1732,2047,RTK FIXED
106.982,071144.20,10.48526400,76.44420400,10.48526402,76.44420400,658053.872,1159428.477,108.00,658053.877,1159428.456,-156.6,15,658053.257,1159427.896,10.48526000,76.44420150,0.363,0.101,8.5,10.0,-0.5,17.6,1732,2047,RTK FIXED
107.027,071144.20,10.48526400,76.44420400,10.48526401,76.44420400,658053.872,1159428.477,108.00,658053.875,1159428.465,-156.6,15,658053.257,1159427.896,10.48526000,76.44420150,0.363,0.101,8.5,10.0,0.6,17.7,1732,2047,RTK FIXED
107.082,071144.40,10.48526400,76.44420400,10.48526401,76.44420400,658053.872,1159428.477,108.00,658053.874,1159428.470,-156.6,15,658053.257,1159427.896,10.48526000,76.44420150,0.363,0.093,8.6,10.0,-0.5,18.0,1756,2047,RTK FIXED
107.135,071144.40,10.48526400,76.44420400,10.48526400,76.44420400,658053.872,1159428.477,108.00,658053.873,1159428.473,-156.6,15,658053.257,1159427.896,10.48526000,76.44420150,0.363,0.093,8.6,10.0,0.0,17.7,1756,2047,RTK FIXED
107.182,071144.40,10.48526400,76.44420400,10.48526400,76.44420400,658053.872,1159428.477,108.00,658053.872,1159428.475,-156.6,15,658053.257,1159427.896,10.48526000,76.44420150,0.363,0.093,8.6,10.0,0.0,16.0,1756,2047,RTK FIXED
107.235,071144.40,10.48526400,76.44420400,10.48526400,76.44420400,658053.872,1159428.477,108.00,658053.872,1159428.476,-156.6,15,658053.257,1159427.896,10.48526000,76.44420150,0.363,0.093,8.6,10.0,0.5,18.4,1756,2047,RTK FIXED
107.282,071144.40,10.48526400,76.44420400,10.48526400,76.44420400,658053.872,1159428.477,108.00,658053.872,1159428.476,-156.6,15,658053.257,1159427.896,10.48526000,76.44420150,0.363,0.093,8.6,10.0,0.0,18.1,1756,2047,RTK FIXED
107.337,071144.40,10.48526400,76.44420400,10.48526400,76.44420400,658053.872,1159428.477,108.00,658053.872,1159428.477,-156.6,15,658053.257,1159427.896,10.48526000,76.44420150,0.363,0.093,8.6,10.0,0.0,18.2,1756,2047,RTK FIXED
107.383,071144.60,10.48526400,76.44420300,10.48526400,76.44420360,658053.762,1159428.477,108.00,658053.828,1159428.477,-171.6,15,658053.257,1159427.896,10.48526000,76.44420150,0.339,0.265,6.2,10.0,0.0,16.0,1306,2047,RTK FIXED
107.436,071144.60,10.48526400,76.44420300,10.48526400,76.44420336,658053.762,1159428.477,108.00,658053.802,1159428.477,-171.6,15,658053.257,1159427.896,10.48526000,76.44420150,0.339,0.265,6.2,10.0,-0.5,18.6,1269,2047,RTK FIXED
107.482,071144.60,10.48526400,76.44420300,10.48526400,76.44420322,658053.762,1159428.477,108.00,658053.786,1159428.477,-171.6,15,658053.257,1159427.896,10.48526000,76.44420150,0.339,0.265,6.2,10.0,0.5,19.5,1269,2047,RTK FIXED
107.536,071144.60,10.48526400,76.44420300,10.48526400,76.44420313,658053.762,1159428.477,108.00,658053.776,1159428.477,-171.6,15,658053.257,1159427.896,10.48526000,76.44420150,0.339,0.265,6.2,10.0,-0.5,20.4,1269,2047,RTK FIXED
107.582,071144.60,10.48526400,76.44420300,10.48526400,76.44420308,658053.762,1159428.477,108.00,658053.771,1159428.477,-171.6,15,658053.257,1159427.896,10.48526000,76.44420150,0.339,0.265,6.2,10.0,0.5,19.5,1269,2047,RTK FIXED
107.637,071144.80,10.48526300,76.44420300,10.48526360,76.44420305,658053.787,1159428.273,108.00,658053.777,1159428.395,-171.6,15,658053.257,1159427.896,10.48526000,76.44420150,0.339,0.303,5.8,10.0,-0.5,19.4,1180,2047,RTK FIXED
107.690,071144.80,10.48526300,76.44420300,10.48526336,76.44420303,658053.787,1159428.273,108.00,658053.781,1159428.346,-171.6,15,658053.257,1159427.896,10.48526000,76.44420150,0.339,0.303,5.8,10.0,0.0,16.3,1180,2047,RTK FIXED
107.737,071144.80,10.48526300,76.44420300,10.48526322,76.44420302,658053.787,1159428.273,108.00,658053.783,1159428.317,-171.6,15,658053.257,1159427.896,10.48526000,76.44420150,0.339,0.303,5.8,10.0,0.0,18.4,1180,2047,RTK FIXED
107.790,071144.80,10.48526300,76.44420300,10.48526313,76.44420301,658053.787,1159428.273,108.00,658053.785,1159428.299,-171.6,15,658053.257,1159427.896,10.48526000,76.44420150,0.339,0.303,5.8,10.0,0.5,17.6,1180,2047,RTK FIXED
107.837,071145.00,10.48526300,76.44420300,10.48526308,76.44420301,658053.787,1159428.273,108.00,658053.785,1159428.289,-151.7,15,658053.257,1159427.896,10.48526000,76.44420150,0.366,0.109,8.4,10.0,0.0,18.3,1630,2047,RTK FIXED
107.890,071145.00,10.48526300,76.44420300,10.48526305,76.44420300,658053.787,1159428.273,108.00,658053.786,1159428.283,-151.7,15,658053.257,1159427.896,10.48526000,76.44420150,0.366,0.109,8.4,10.0,0.0,17.8,1711,2047,RTK FIXED
107.936,071145.00,10.48526300,76.44420300,10.48526303,76.44420300,658053.787,1159428.273,108.00,658053.786,1159428.279,-151.7,15,658053.257,1159427.896,10.48526000,76.44420150,0.366,0.109,8.4,10.0,-0.5,18.7,1711,2047,RTK FIXED
107.991,071145.20,10.48526300,76.44420300,10.48526302,76.44420300,658053.750,1159428.395,108.00,658053.772,1159428.325,-151.7,15,658053.257,1159427.896,10.48526000,76.44420150,0.366,0.064,9.0,10.0,0.5,17.7,1843,2047,RTK FIXED
108.036,071145.20,10.48526300,76.44420300,10.48526301,76.44420300,658053.750,1159428.395,108.00,658053.763,1159428.353,-151.7,15,658053.257,1159427.896,10.48526000,76.44420150,0.366,0.064,9.0,10.0,-0.6,17.8,1843,2047,RTK FIXED
108.091,071145.20,10.48526300,76.44420300,10.48526301,76.44420300,658053.750,1159428.395,108.00,658053.758,1159428.370,-151.7,15,658053.257,1159427.896,10.48526000,76.44420150,0.366,0.064,9.0,10.0,0.0,17.8,1843,2047,RTK FIXED
108.138,071145.40,10.48526200,76.44420200,10.48526260,76.44420260,658053.641,1159428.284,108.00,658053.711,1159428.336,-157.9,15,658053.257,1159427.896,10.48526000,76.44420150,0.362,0.096,8.5,10.0,0.0,18.1,1746,2047,RTK FIXED
108.191,071145.40,10.48526200,76.44420200,10.48526236,76.44420236,658053.641,1159428.284,108.00,658053.683,1159428.315,-157.9,15,658053.257,1159427.896,10.48526000,76.44420150,0.362,0.096,8.5,10.0,0.5,17.9,1746,2047,RTK FIXED
108.237,071145.40,10.48526200,76.44420200,10.48526222,76.44420222,658053.641,1159428.284,108.00,658053.666,1159428.303,-157.9,15,658053.257,1159427.896,10.48526000,76.44420150,0.362,0.096,8.5,10.0,0.0,18.3,1746,2047,RTK FIXED
108.290,071145.40,10.48526200,76.44420200,10.48526213,76.44420213,658053.641,1159428.284,108.00,658053.656,1159428.295,-157.9,15,658053.257,1159427.896,10.48526000,76.44420150,0.362,0.096,8.5,10.0,0.0,16.5,1746,2047,RTK FIXED
108.345,071145.40,10.48526200,76.44420200,10.48526208,76.44420208,658053.641,1159428.284,108.00,658053.650,1159428.291,-157.9,15,658053.257,1159427.896,10.48526000,76.44420150,0.362,0.096,8.5,10.0,-0.5,16.0,1746,2047,RTK FIXED
108.391,071145.60,10.48526200,76.44420200,10.48526205,76.44420205,658053.657,1159428.247,108.00,658053.653,1159428.273,-157.9,15,658053.257,1159427.896,10.48526000,76.44420150,0.362,0.103,8.4,10.0,0.0,18.0,1725,2047,RTK FIXED
108.445,071145.60,10.48526200,76.44420200,10.48526203,76.44420203,658053.657,1159428.247,108.00,658053.654,1159428.263,-157.9,15,658053.257,1159427.896,10.48526000,76.44420150,0.362,0.103,8.4,10.0,0.0,18.4,1725,2047,RTK FIXED
108.491,071145.60,10.48526200,76.44420200,10.48526202,76.44420202,658053.657,1159428.247,108.00,658053.655,1159428.257,-157.9,15,658053.257,1159427.896,10.48526000,76.44420150,0.362,0.103,8.4,10.0,0.5,18.5,1725,2047,RTK FIXED
108.546,071145.60,10.48526200,76.44420200,10.48526201,76.44420201,658053.657,1159428.247,108.00,658053.656,1159428.253,-157.9,15,658053.257,1159427.896,10.48526000,76.44420150,0.362,0.103,8.4,10.0,0.0,18.4,1725,2047,RTK FIXED
108.591,071145.60,10.48526200,76.44420200,10.48526201,76.44420201,658053.657,1159428.247,108.00,658053.656,1159428.251,-157.9,15,658053.257,1159427.896,10.48526000,76.44420150,0.362,0.103,8.4,10.0,0.0,16.4,1725,2047,RTK FIXED
108.646,071145.80,10.48526200,76.44420200,10.48526200,76.44420200,658053.657,1159428.247,108.00,658053.657,1159428.249,-157.9,15,658053.257,1159427.896,10.48526000,76.44420150,0.362,0.105,8.4,10.0,0.0,18.9,1720,2047,RTK FIXED
108.691,071145.80,10.48526200,76.44420200,10.48526200,76.44420200,658053.657,1159428.247,108.00,658053.657,1159428.249,-157.9,15,658053.257,1159427.896,10.48526000,76.44420150,0.362,0.105,8.4,10.0,0.0,19.4,1720,2047,RTK FIXED
108.745,071145.80,10.48526200,76.44420200,10.48526200,76.44420200,658053.657,1159428.247,108.00,658053.657,1159428.248,-157.9,15,658053.257,1159427.896,10.48526000,76.44420150,0.362,0.105,8.4,10.0,0.0,18.3,1720,2047,RTK FIXED
108.791,071145.80,10.48526200,76.44420200,10.48526200,76.44420200,658053.657,1159428.247,108.00,658053.657,1159428.248,-157.9,15,658053.257,1159427.896,10.48526000,76.44420150,0.362,0.105,8.4,10.0,0.0,17.3,1720,2047,RTK FIXED
108.846,071146.00,10.48526200,76.44420200,10.48526200,76.44420200,658053.657,1159428.247,108.00,658053.657,1159428.248,-149.4,15,658053.257,1159427.896,10.48526000,76.44420150,0.366,0.047,9.3,10.0,0.0,20.2,1896,2047,RTK FIXED
108.891,071146.00,10.48526200,76.44420200,10.48526200,76.44420200,658053.657,1159428.247,108.00,658053.657,1159428.248,-149.4,15,658053.257,1159427.896,10.48526000,76.44420150,0.366,0.047,9.3,10.0,0.0,18.8,1896,2047,RTK FIXED
108.946,071146.00,10.48526200,76.44420200,10.48526200,76.44420200,658053.657,1159428.247,108.00,658053.657,1159428.247,-149.4,15,658053.257,1159427.896,10.48526000,76.44420150,0.366,0.047,9.3,10.0,0.0,19.3,1896,2047,RTK FIXED
109.000,071146.20,10.48526100,76.44420200,10.48526160,76.44420200,658053.634,1159428.187,108.00,658053.648,1159428.223,-149.4,15,658053.257,1159427.896,10.48526000,76.44420150,0.366,0.030,9.5,10.0,0.0,18.4,1948,2047,RTK FIXED
109.046,071146.20,10.48526100,76.44420200,10.48526136,76.44420200,658053.634,1159428.187,108.00,658053.642,1159428.209,-149.4,15,658053.257,1159427.896,10.48526000,76.44420150,0.366,0.030,9.5,10.0,0.0,19.0,1948,2047,RTK FIXED
109.101,071146.20,10.48526100,76.44420200,10.48526122,76.44420200,658053.634,1159428.187,108.00,658053.639,1159428.200,-149.4,15,658053.257,1159427.896,10.48526000,76.44420150,0.366,0.030,9.5,10.0,-0.5,19.5,1948,2047,RTK FIXED
109.146,071146.40,10.48526100,76.44420200,10.48526113,76.44420200,658053.634,1159428.187,108.00,658053.637,1159428.195,-149.4,15,658053.257,1159427.896,10.48526000,76.44420150,0.366,0.025,9.6,10.0,0.5,18.9,1964,2047,RTK FIXED
109.199,071146.40,10.48526100,76.44420200,10.48526108,76.44420200,658053.634,1159428.187,108.00,658053.636,1159428.192,-149.4,15,658053.257,1159427.896,10.48526000,76.44420150,0.366,0.025,9.6,10.0,-0.5,18.8,1964,2047,RTK FIXED
109.254,071146.40,10.48526100,76.44420200,10.48526105,76.44420200,658053.634,1159428.187,108.00,658053.635,1159428.190,-149.4,15,658053.257,1159427.896,10.48526000,76.44420150,0.366,0.025,9.6,10.0,0.0,18.8,1964,2047,RTK FIXED
109.299,071146.40,10.48526100,76.44420200,10.48526103,76.44420200,658053.634,1159428.187,108.00,658053.635,1159428.189,-149.4,15,658053.257,1159427.896,10.48526000,76.44420150,0.366,0.025,9.6,10.0,0.6,19.3,1964,2047,RTK FIXED
109.354,071146.40,10.48526100,76.44420200,10.48526102,76.44420200,658053.634,1159428.187,108.00,658053.635,1159428.188,-149.4,15,658053.257,1159427.896,10.48526000,76.44420150,0.366,0.025,9.6,10.0,-0.5,18.3,1964,2047,RTK FIXED
109.401,071146.60,10.48526100,76.44420100,10.48526101,76.44420160,658053.525,1159428.186,108.00,658053.591,1159428.187,-146.5,15,658053.257,1159427.896,10.48526000,76.44420150,0.366,0.022,9.6,10.0,0.5,19.3,1973,2047,RTK FIXED
109.454,071146.60,10.48526100,76.44420100,10.48526101,76.44420136,658053.525,1159428.186,108.00,658053.564,1159428.187,-146.5,15,658053.257,1159427.896,10.48526000,76.44420150,0.366,0.022,9.6,10.0,0.0,16.3,1973,2047,RTK FIXED
109.500,071146.60,10.48526100,76.44420100,10.48526100,76.44420122,658053.525,1159428.186,108.00,658053.548,1159428.187,-146.5,15,658053.257,1159427.896,10.48526000,76.44420150,0.366,0.022,9.6,10.0,0.0,18.4,1973,2047,RTK FIXED
109.554,071146.60,10.48526100,76.44420100,10.48526100,76.44420113,658053.525,1159428.186,108.00,658053.539,1159428.187,-146.5,15,658053.257,1159427.896,10.48526000,76.44420150,0.366,0.022,9.6,10.0,0.0,18.5,1973,2047,RTK FIXED
109.600,071146.60,10.48526100,76.44420100,10.48526100,76.44420108,658053.525,1159428.186,108.00,658053.533,1159428.186,-146.5,15,658053.257,1159427.896,10.48526000,76.44420150,0.366,0.022,9.6,10.0,0.0,17.9,1973,2047,RTK FIXED
109.655,071146.80,10.48526000,76.44420100,10.48526060,76.44420105,658053.516,1159428.092,108.00,658053.526,1159428.149,-146.5,15,658053.257,1159427.896,10.48526000,76.44420150,0.324,0.020,9.6,10.0,-0.5,18.8,1973,2047,RTK FIXED
109.700,071146.80,10.48526000,76.44420100,10.48526036,76.44420103,658053.516,1159428.092,108.00,658053.522,1159428.126,-146.5,15,658053.257,1159427.896,10.48526000,76.44420150,0.324,0.020,9.6,10.0,0.0,18.2,1973,2047,RTK FIXED
109.754,071146.80,10.48526000,76.44420100,10.48526022,76.44420102,658053.516,1159428.092,108.00,658053.520,1159428.112,-146.5,15,658053.257,1159427.896,10.48526000,76.44420150,0.324,0.020,9.6,10.0,0.5,17.8,1973,2047,RTK FIXED
109.809,071146.80,10.48526000,76.44420100,10.48526013,76.44420101,658053.516,1159428.092,108.00,658053.518,1159428.104,-146.5,15,658053.257,1159427.896,10.48526000,76.44420150,0.324,0.020,9.6,10.0,0.0,18.0,1973,2047,RTK FIXED
109.857,071147.00,10.48526000,76.44420100,10.48526008,76.44420101,658053.516,1159428.092,108.00,658053.517,1159428.099,-140.5,16,658052.001,1159427.116,10.48525300,76.44419000,0.364,-0.024,10.0,9.6,-0.5,18.0,2047,1967,RTK FIXED
109.908,071147.00,10.48526000,76.44420100,10.48526005,76.44420100,658053.516,1159428.092,108.00,658053.517,1159428.096,-140.5,16,658052.001,1159427.116,10.48525300,76.44419000,0.364,-0.024,10.0,9.6,0.0,17.7,2047,1967,RTK FIXED
109.955,071147.20,10.48526000,76.44420000,10.48526003,76.44420060,658053.384,1159428.123,108.00,658053.464,1159428.107,-140.5,16,658052.001,1159427.116,10.48525300,76.44419000,0.364,-0.032,10.0,9.5,0.5,18.6,2047,1942,RTK FIXED
110.008,071147.20,10.48526000,76.44420000,10.48526002,76.44420036,658053.384,1159428.123,108.00,658053.432,1159428.113,-140.5,16,658052.001,1159427.116,10.48525300,76.44419000,0.364,-0.032,10.0,9.5,-0.5,17.4,2047,1942,RTK FIXED
110.055,071147.20,10.48526000,76.44420000,10.48526001,76.44420022,658053.384,1159428.123,108.00,658053.413,1159428.117,-140.5,16,658052.001,1159427.116,10.48525300,76.44419000,0.364,-0.032,10.0,9.5,0.5,17.2,2047,1942,RTK FIXED
110.109,071147.20,10.48526000,76.44420000,10.48526001,76.44420013,658053.384,1159428.123,108.00,658053.401,1159428.120,-140.5,16,658052.001,1159427.116,10.48525300,76.44419000,0.364,-0.032,10.0,9.5,0.0,17.2,2047,1942,RTK FIXED
110.155,071147.20,10.48526000,76.44420000,10.48526000,76.44420008,658053.384,1159428.123,108.00,658053.394,1159428.121,-140.5,16,658052.001,1159427.116,10.48525300,76.44419000,0.364,-0.032,10.0,9.5,-0.5,17.9,2047,1942,RTK FIXED
110.209,071147.40,10.48526000,76.44420000,10.48526000,76.44420005,658053.384,1159428.123,108.00,658053.390,1159428.122,-151.4,16,658052.001,1159427.116,10.48525300,76.44419000,0.366,0.027,9.6,10.0,0.0,15.6,1959,2047,RTK FIXED
110.254,071147.40,10.48526000,76.44420000,10.48526000,76.44420003,658053.384,1159428.123,108.00,658053.388,1159428.122,-151.4,16,658052.001,1159427.116,10.48525300,76.44419000,0.366,0.027,9.6,10.0,0.6,17.3,1959,2047,RTK FIXED
110.309,071147.40,10.48526000,76.44420000,10.48526000,76.44420002,658053.384,1159428.123,108.00,658053.386,1159428.123,-151.4,16,658052.001,1159427.116,10.48525300,76.44419000,0.366,0.027,9.6,10.0,0.0,16.9,1959,2047,RTK FIXED
110.363,071147.60,10.48525900,76.44420000,10.48525960,76.44420001,658053.422,1159427.953,108.00,658053.401,1159428.055,-151.4,16,658052.001,1159427.116,10.48525300,76.44419000,0.366,0.036,9.4,10.0,-0.5,17.5,1930,2047,RTK FIXED
110.408,071147.60,10.48525900,76.44420000,10.48525936,76.44420001,658053.422,1159427.953,108.00,658053.409,1159428.014,-151.4,16,658052.001,1159427.116,10.48525300,76.44419000,0.366,0.036,9.4,10.0,0.0,16.6,1930,2047,RTK FIXED
110.463,071147.60,10.48525900,76.44420000,10.48525922,76.44420000,658053.422,1159427.953,108.00,658053.415,1159427.990,-151.4,16,658052.001,1159427.116,10.48525300,76.44419000,0.366,0.036,9.4,10.0,0.0,17.4,1930,2047,RTK FIXED
110.509,071147.60,10.48525900,76.44420000,10.48525913,76.44420000,658053.422,1159427.953,108.00,658053.418,1159427.975,-151.4,16,658052.001,1159427.116,10.48525300,76.44419000,0.366,0.036,9.4,10.0,0.0,17.8,1930,2047,RTK FIXED
110.563,071147.80,10.48525900,76.44420000,10.48525908,76.44420000,658053.422,1159427.953,108.00,658053.420,1159427.966,-134.9,16,658052.001,1159427.116,10.48525300,76.44419000,0.358,-0.062,10.0,9.0,0.5,16.5,2047,1845,RTK FIXED
110.609,071147.80,10.48525900,76.44420000,10.48525905,76.44420000,658053.422,1159427.953,108.00,658053.421,1159427.961,-134.9,16,658052.001,1159427.116,10.48525300,76.44419000,0.358,-0.062,10.0,9.0,-0.5,17.5,2047,1845,RTK FIXED
110.662,071147.80,10.48525900,76.44420000,10.48525903,76.44420000,658053.422,1159427.953,108.00,658053.421,1159427.958,-134.9,16,658052.001,1159427.116,10.48525300,76.44419000,0.358,-0.062,10.0,9.0,0.0,17.9,2047,1845,RTK FIXED
110.710,071147.80,10.48525900,76.44420000,10.48525902,76.44420000,658053.422,1159427.953,108.00,658053.422,1159427.956,-134.9,16,658052.001,1159427.116,10.48525300,76.44419000,0.358,-0.062,10.0,9.0,0.5,18.1,2047,1845,RTK FIXED
110.763,071148.00,10.48525900,76.44420000,10.48525901,76.44420000,658053.361,1159428.040,108.00,658053.398,1159427.989,-134.9,16,658052.001,1159427.116,10.48525300,76.44419000,0.358,-0.085,10.0,8.7,0.0,16.2,2047,1775,RTK FIXED
110.809,071148.00,10.48525900,76.44420000,10.48525901,76.44420000,658053.361,1159428.040,108.00,658053.383,1159428.009,-134.9,16,658052.001,1159427.116,10.48525300,76.44419000,0.358,-0.085,10.0,8.7,0.0,17.5,2047,1775,RTK FIXED
110.863,071148.20,10.48525900,76.44419900,10.48525900,76.44419960,658053.252,1159428.039,108.00,658053.331,1159428.021,-151.4,16,658052.001,1159427.116,10.48525300,76.44419000,0.366,0.010,9.8,10.0,-0.5,16.5,2015,2047,RTK FIXED
110.917,071148.20,10.48525900,76.44419900,10.48525900,76.44419936,658053.252,1159428.039,108.00,658053.299,1159428.028,-151.4,16,658052.001,1159427.116,10.48525300,76.44419000,0.366,0.010,9.8,10.0,0.5,16.3,2015,2047,RTK FIXED
110.963,071148.20,10.48525900,76.44419900,10.48525900,76.44419922,658053.252,1159428.039,108.00,658053.280,1159428.033,-151.4,16,658052.001,1159427.116,10.48525300,76.44419000,0.366,0.010,9.8,10.0,-0.5,15.7,2015,2047,RTK FIXED
111.017,071148.20,10.48525900,76.44419900,10.48525900,76.44419913,658053.252,1159428.039,108.00,658053.269,1159428.035,-151.4,16,658052.001,1159427.116,10.48525300,76.44419000,0.366,0.010,9.8,10.0,0.5,15.7,2015,2047,RTK FIXED
111.063,071148.20,10.48525900,76.44419900,10.48525900,76.44419908,658053.252,1159428.039,108.00,658053.262,1159428.037,-151.4,16,658052.001,1159427.116,10.48525300,76.44419000,0.366,0.010,9.8,10.0,0.0,16.3,2015,2047,RTK FIXED
111.117,071148.20,10.48525900,76.44419900,10.48525900,76.44419905,658053.252,1159428.039,108.00,658053.258,1159428.038,-151.4,16,658052.001,1159427.116,10.48525300,76.44419000,0.366,0.010,9.8,10.0,0.0,17.7,2015,2047,RTK FIXED
111.163,071148.20,10.48525900,76.44419900,10.48525900,76.44419903,658053.252,1159428.039,108.00,658053.255,1159428.038,-151.4,16,658052.001,1159427.116,10.48525300,76.44419000,0.366,0.010,9.8,10.0,0.0,17.7,2015,2047,RTK FIXED
111.218,071148.40,10.48525800,76.44419900,10.48525860,76.44419902,658053.314,1159427.842,108.00,658053.279,1159427.960,-151.4,16,658052.001,1159427.116,10.48525300,76.44419000,0.366,0.027,9.6,10.0,0.0,18.4,1957,2047,RTK FIXED
111.263,071148.40,10.48525800,76.44419900,10.48525836,76.44419901,658053.314,1159427.842,108.00,658053.293,1159427.913,-151.4,16,658052.001,1159427.116,10.48525300,76.44419000,0.366,0.027,9.6,10.0,0.0,18.3,1957,2047,RTK FIXED
111.318,071148.40,10.48525800,76.44419900,10.48525822,76.44419901,658053.314,1159427.842,108.00,658053.301,1159427.884,-151.4,16,658052.001,1159427.116,10.48525300,76.44419000,0.366,0.027,9.6,10.0,0.0,17.8,1957,2047,RTK FIXED
111.363,071148.40,10.48525800,76.44419900,10.48525813,76.44419900,658053.314,1159427.842,108.00,658053.306,1159427.867,-151.4,16,658052.001,1159427.116,10.48525300,76.44419000,0.366,0.027,9.6,10.0,-0.5,18.6,1957,2047,RTK FIXED
111.418,071148.60,10.48525800,76.44419900,10.48525808,76.44419900,658053.314,1159427.842,108.00,658053.309,1159427.857,-135.6,16,658052.001,1159427.116,10.48525300,76.44419000,0.359,-0.064,10.0,9.0,0.0,18.2,2047,1838,RTK FIXED
111.471,071148.60,10.48525800,76.44419900,10.48525805,76.44419900,658053.314,1159427.842,108.00,658053.311,1159427.851,-135.6,16,658052.001,1159427.116,10.48525300,76.44419000,0.359,-0.064,10.0,9.0,0.5,19.0,2047,1838,RTK FIXED
111.518,071148.60,10.48525800,76.44419900,10.48525803,76.44419900,658053.314,1159427.842,108.00,658053.312,1159427.847,-135.6,16,658052.001,1159427.116,10.48525300,76.44419000,0.359,-0.064,10.0,9.0,0.0,17.5,2047,1838,RTK FIXED
111.571,071148.60,10.48525800,76.44419900,10.48525802,76.44419900,658053.314,1159427.842,108.00,658053.313,1159427.845,-135.6,16,658052.001,1159427.116,10.48525300,76.44419000,0.359,-0.064,10.0,9.0,0.0,17.5,2047,1838,RTK FIXED
111.618,071148.60,10.48525800,76.44419900,10.48525801,76.44419900,658053.314,1159427.842,108.00,658053.313,1159427.844,-135.6,16,658052.001,1159427.116,10.48525300,76.44419000,0.359,-0.064,10.0,9.0,0.0,17.0,2047,1838,RTK FIXED
111.672,071148.80,10.48525800,76.44419800,10.48525801,76.44419860,658053.146,1159427.925,108.00,658053.246,1159427.876,-135.6,16,658052.001,1159427.116,10.48525300,76.44419000,0.359,-0.084,10.0,8.7,0.0,15.2,2047,1779,RTK FIXED
111.718,071148.80,10.48525800,76.44419800,10.48525800,76.44419836,658053.146,1159427.925,108.00,658053.206,1159427.896,-135.6,16,658052.001,1159427.116,10.48525300,76.44419000,0.359,-0.084,10.0,8.7,-0.5,16.3,2047,1779,RTK FIXED
111.771,071148.80,10.48525800,76.44419800,10.48525800,76.44419822,658053.146,1159427.925,108.00,658053.182,1159427.907,-135.6,16,658052.001,1159427.116,10.48525300,76.44419000,0.359,-0.084,10.0,8.7,0.5,14.6,2047,1779,RTK FIXED
111.818,071149.00,10.48525800,76.44419800,10.48525800,76.44419813,658053.146,1159427.925,108.00,658053.167,1159427.914,-150.4,16,658052.001,1159427.116,10.48525300,76.44419000,0.366,-0.001,10.0,10.0,-0.5,16.9,2047,2042,RTK FIXED
111.871,071149.00,10.48525800,76.44419800,10.48525800,76.44419808,658053.146,1159427.925,108.00,658053.159,1159427.919,-150.4,16,658052.001,1159427.116,10.48525300,76.44419000,0.366,-0.001,10.0,10.0,0.0,14.7,2047,2042,RTK FIXED
111.918,071149.00,10.48525800,76.44419800,10.48525800,76.44419805,658053.146,1159427.925,108.00,658053.153,1159427.921,-150.4,16,658052.001,1159427.116,10.48525300,76.44419000,0.366,-0.001,10.0,10.0,0.5,16.0,2047,2042,RTK FIXED
111.973,071149.20,10.48525700,76.44419800,10.48525760,76.44419803,658053.201,1159427.737,108.00,658053.173,1159427.847,-150.4,16,658052.001,1159427.116,10.48525300,76.44419000,0.366,0.013,9.8,10.0,0.0,15.7,2004,2047,RTK FIXED
112.025,071149.20,10.48525700,76.44419800,10.48525736,76.44419802,658053.201,1159427.737,108.00,658053.184,1159427.803,-150.4,16,658052.001,1159427.116,10.48525300,76.44419000,0.366,0.013,9.8,10.0,-0.5,17.0,2004,2047,RTK FIXED
112.072,071149.20,10.48525700,76.44419800,10.48525722,76.44419801,658053.201,1159427.737,108.00,658053.191,1159427.777,-150.4,16,658052.001,1159427.116,10.48525300,76.44419000,0.366,0.013,9.8,10.0,0.5,16.6,2004,2047,RTK FIXED
112.126,071149.20,10.48525700,76.44419800,10.48525713,76.44419801,658053.201,1159427.737,108.00,658053.195,1159427.761,-150.4,16,658052.001,1159427.116,10.48525300,76.44419000,0.366,0.013,9.8,10.0,-0.5,17.1,2004,2047,RTK FIXED
112.173,071149.40,10.48525700,76.44419800,10.48525708,76.44419800,658053.201,1159427.737,108.00,658053.198,1159427.751,-133.0,16,658052.001,1159427.116,10.48525300,76.44419000,0.355,-0.124,10.0,8.1,0.5,17.8,2047,1658,RTK FIXED
112.226,071149.40,10.48525700,76.44419800,10.48525705,76.44419800,658053.201,1159427.737,108.00,658053.199,1159427.745,-133.0,16,658052.001,1159427.116,10.48525300,76.44419000,0.355,-0.124,10.0,8.1,-0.5,18.7,2047,1658,RTK FIXED
112.273,071149.40,10.48525700,76.44419800,10.48525703,76.44419800,658053.201,1159427.737,108.00,658053.200,1159427.742,-133.0,16,658052.001,1159427.116,10.48525300,76.44419000,0.355,-0.124,10.0,8.1,0.5,17.9,2047,1658,RTK FIXED
112.326,071149.40,10.48525700,76.44419800,10.48525702,76.44419800,658053.201,1159427.737,108.00,658053.201,1159427.740,-133.0,16,658052.001,1159427.116,10.48525300,76.44419000,0.355,-0.124,10.0,8.1,0.0,16.2,2047,1658,RTK FIXED
112.373,071149.40,10.48525700,76.44419800,10.48525701,76.44419800,658053.201,1159427.737,108.00,658053.201,1159427.739,-133.0,16,658052.001,1159427.116,10.48525300,76.44419000,0.355,-0.124,10.0,8.1,-0.5,17.9,2047,1658,RTK FIXED
112.427,071149.60,10.48525700,76.44419700,10.48525701,76.44419760,658053.025,1159427.826,108.00,658053.131,1159427.773,-133.0,16,658052.001,1159427.116,10.48525300,76.44419000,0.355,-0.153,10.0,7.7,0.5,16.5,2047,1577,RTK FIXED
112.472,071149.60,10.48525700,76.44419700,10.48525700,76.44419736,658053.025,1159427.826,108.00,658053.088,1159427.794,-133.0,16,658052.001,1159427.116,10.48525300,76.44419000,0.355,-0.153,10.0,7.7,0.0,15.0,2047,1577,RTK FIXED
112.527,071149.60,10.48525700,76.44419700,10.48525700,76.44419722,658053.025,1159427.826,108.00,658053.063,1159427.807,-133.0,16,658052.001,1159427.116,10.48525300,76.44419000,0.355,-0.153,10.0,7.7,0.0,14.6,2047,1577,RTK FIXED
112.573,071149.60,10.48525700,76.44419700,10.48525700,76.44419713,658053.025,1159427.826,108.00,658053.048,1159427.814,-133.0,16,658052.001,1159427.116,10.48525300,76.44419000,0.355,-0.153,10.0,7.7,-0.5,14.7,2047,1577,RTK FIXED
112.627,071149.60,10.48525700,76.44419700,10.48525700,76.44419708,658053.025,1159427.826,108.00,658053.039,1159427.819,-133.0,16,658052.001,1159427.116,10.48525300,76.44419000,0.355,-0.153,10.0,7.7,0.0,13.4,2047,1577,RTK FIXED
112.681,071149.80,10.48525700,76.44419700,10.48525700,76.44419705,658053.025,1159427.826,108.00,658053.033,1159427.822,-149.3,16,658052.001,1159427.116,10.48525300,76.44419000,0.366,-0.030,10.0,9.5,0.0,13.3,2047,1948,RTK FIXED
112.727,071149.80,10.48525700,76.44419700,10.48525700,76.44419703,658053.025,1159427.826,108.00,658053.030,1159427.823,-149.3,16,658052.001,1159427.116,10.48525300,76.44419000,0.366,-0.030,10.0,9.5,0.0,13.2,2047,1948,RTK FIXED
112.781,071149.80,10.48525700,76.44419700,10.48525700,76.44419702,658053.025,1159427.826,108.00,658053.028,1159427.824,-149.3,16,658052.001,1159427.116,10.48525300,76.44419000,0.366,-0.030,10.0,9.5,0.5,13.9,2047,1948,RTK FIXED
112.827,071149.80,10.48525700,76.44419700,10.48525700,76.44419701,658053.025,1159427.826,108.00,658053.027,1159427.825,-149.3,16,658052.001,1159427.116,10.48525300,76.44419000,0.366,-0.030,10.0,9.5,-0.5,9.2,2047,1948,RTK FIXED
112.882,071149.80,10.48525700,76.44419700,10.48525700,76.44419701,658053.025,1159427.826,108.00,658053.026,1159427.825,-149.3,16,658052.001,1159427.116,10.48525300,76.44419000,0.366,-0.030,10.0,9.5,0.5,14.1,2047,1948,RTK FIXED
112.927,071150.00,10.48525700,76.44419700,10.48525700,76.44419700,658053.089,1159427.742,108.00,658053.051,1159427.792,-149.3,16,658052.001,1159427.116,10.48525300,76.44419000,0.366,-0.002,10.0,10.0,0.0,14.7,2047,2040,RTK FIXED
112.981,071150.00,10.48525700,76.44419700,10.48525700,76.44419700,658053.089,1159427.742,108.00,658053.066,1159427.772,-149.3,16,658052.001,1159427.116,10.48525300,76.44419000,0.366,-0.002,10.0,10.0,0.0,15.4,2047,2040,RTK FIXED
113.028,071150.20,10.48525700,76.44419600,10.48525700,76.44419660,658052.979,1159427.742,108.00,658053.031,1159427.760,-149.3,16,658052.001,1159427.116,10.48525300,76.44419000,0.366,0.006,9.9,10.0,0.0,15.0,2028,2047,RTK FIXED
113.081,071150.20,10.48525700,76.44419600,10.48525700,76.44419636,658052.979,1159427.742,108.00,658053.011,1159427.753,-149.3,16,658052.001,1159427.116,10.48525300,76.44419000,0.366,0.006,9.9,10.0,0.0,16.3,2028,2047,RTK FIXED
113.127,071150.20,10.48525700,76.44419600,10.48525700,76.44419622,658052.979,1159427.742,108.00,658052.998,1159427.748,-149.3,16,658052.001,1159427.116,10.48525300,76.44419000,0.366,0.006,9.9,10.0,-0.5,17.9,2028,2047,RTK FIXED
113.182,071150.40,10.48525600,76.44419600,10.48525660,76.44419613,658052.980,1159427.631,108.00,658052.991,1159427.701,-141.8,16,658052.001,1159427.116,10.48525300,76.44419000,0.365,-0.031,10.0,9.5,0.0,16.1,2047,1944,RTK FIXED
113.234,071150.40,10.48525600,76.44419600,10.48525636,76.44419608,658052.980,1159427.631,108.00,658052.986,1159427.673,-141.8,16,658052.001,1159427.116,10.48525300,76.44419000,0.365,-0.031,10.0,9.5,0.5,17.5,2047,1944,RTK FIXED
113.281,071150.40,10.48525600,76.44419600,10.48525622,76.44419605,658052.980,1159427.631,108.00,658052.984,1159427.656,-141.8,16,658052.001,1159427.116,10.48525300,76.44419000,0.365,-0.031,10.0,9.5,-0.5,17.6,2047,1944,RTK FIXED
113.335,071150.40,10.48525600,76.44419600,10.48525613,76.44419603,658052.980,1159427.631,108.00,658052.982,1159427.646,-141.8,16,658052.001,1159427.116,10.48525300,76.44419000,0.365,-0.031,10.0,9.5,0.5,16.7,2047,1944,RTK FIXED
113.381,071150.40,10.48525600,76.44419600,10.48525608,76.44419602,658052.980,1159427.631,108.00,658052.981,1159427.640,-141.8,16,658052.001,1159427.116,10.48525300,76.44419000,0.365,-0.031,10.0,9.5,-0.5,16.9,2047,1944,RTK FIXED
113.436,071150.60,10.48525600,76.44419600,10.48525605,76.44419601,658052.954,1159427.672,108.00,658052.970,1159427.653,-141.8,16,658052.001,1159427.116,10.48525300,76.44419000,0.365,-0.041,10.0,9.3,0.0,16.5,2047,1913,RTK FIXED
113.482,071150.60,10.48525600,76.44419600,10.48525603,76.44419601,658052.954,1159427.672,108.00,658052.963,1159427.660,-141.8,16,658052.001,1159427.116,10.48525300,76.44419000,0.365,-0.041,10.0,9.3,0.0,16.2,2047,1913,RTK FIXED
113.535,071150.60,10.48525600,76.44419600,10.48525602,76.44419600,658052.954,1159427.672,108.00,658052.960,1159427.665,-141.8,16,658052.001,1159427.116,10.48525300,76.44419000,0.365,-0.041,10.0,9.3,0.0,16.1,2047,1913,RTK FIXED
113.582,071150.60,10.48525600,76.44419600,10.48525601,76.44419600,658052.954,1159427.672,108.00,658052.957,1159427.668,-141.8,16,658052.001,1159427.116,10.48525300,76.44419000,0.365,-0.041,10.0,9.3,0.5,16.5,2047,1913,RTK FIXED
113.636,071150.80,10.48525600,76.44419500,10.48525601,76.44419560,658052.844,1159427.671,108.00,658052.912,1159427.669,-148.0,16,658052.001,1159427.116,10.48525300,76.44419000,0.366,-0.006,10.0,9.9,0.0,16.1,2047,2027,RTK FIXED
113.682,071150.80,10.48525600,76.44419500,10.48525600,76.44419536,658052.844,1159427.671,108.00,658052.885,1159427.670,-148.0,16,658052.001,1159427.116,10.48525300,76.44419000,0.366,-0.006,10.0,9.9,0.0,16.4,2047,2027,RTK FIXED
113.735,071150.80,10.48525600,76.44419500,10.48525600,76.44419522,658052.844,1159427.671,108.00,658052.868,1159427.670,-148.0,16,658052.001,1159427.116,10.48525300,76.44419000,0.366,-0.006,10.0,9.9,0.0,16.4,2047,2027,RTK FIXED
113.790,071151.00,10.48525600,76.44419500,10.48525600,76.44419513,658052.866,1159427.638,108.00,658052.868,1159427.657,-148.0,16,658052.001,1159427.116,10.48525300,76.44419000,0.366,0.003,10.0,10.0,0.0,17.2,2038,2047,RTK FIXED
113.835,071151.00,10.48525600,76.44419500,10.48525600,76.44419508,658052.866,1159427.638,108.00,658052.867,1159427.650,-148.0,16,658052.001,1159427.116,10.48525300,76.44419000,0.366,0.003,10.0,10.0,-0.6,17.8,2038,2047,RTK FIXED
113.890,071151.00,10.48525600,76.44419500,10.48525600,76.44419505,658052.866,1159427.638,108.00,658052.867,1159427.645,-148.0,16,658052.001,1159427.116,10.48525300,76.44419000,0.366,0.003,10.0,10.0,0.0,17.8,2038,2047,RTK FIXED
113.936,071151.20,10.48525600,76.44419500,10.48525600,76.44419503,658052.866,1159427.638,108.00,658052.866,1159427.642,-148.0,16,658052.001,1159427.116,10.48525300,76.44419000,0.366,0.005,9.9,10.0,0.0,18.3,2031,2047,RTK FIXED
113.990,071151.20,10.48525600,76.44419500,10.48525600,76.44419502,658052.866,1159427.638,108.00,658052.866,1159427.640,-148.0,16,658052.001,1159427.116,10.48525300,76.44419000,0.366,0.005,9.9,10.0,0.0,16.3,2031,2047,RTK FIXED
114.037,071151.20,10.48525600,76.44419500,10.48525600,76.44419501,658052.866,1159427.638,108.00,658052.866,1159427.639,-148.0,16,658052.001,1159427.116,10.48525300,76.44419000,0.366,0.005,9.9,10.0,0.5,17.8,2031,2047,RTK FIXED
114.090,071151.20,10.48525600,76.44419500,10.48525600,76.44419501,658052.866,1159427.638,108.00,658052.866,1159427.639,-148.0,16,658052.001,1159427.116,10.48525300,76.44419000,0.366,0.005,9.9,10.0,0.0,18.2,2031,2047,RTK FIXED
114.136,071151.20,10.48525600,76.44419500,10.48525600,76.44419500,658052.866,1159427.638,108.00,658052.866,1159427.638,-148.0,16,658052.001,1159427.116,10.48525300,76.44419000,0.366,0.005,9.9,10.0,0.0,18.4,2031,2047,RTK FIXED
114.190,071151.40,10.48525500,76.44419400,10.48525560,76.44419460,658052.757,1159427.527,108.00,658052.823,1159427.594,-145.4,16,658052.001,1159427.116,10.48525300,76.44419000,0.366,-0.007,10.0,9.9,0.0,17.9,2047,2022,RTK FIXED
114.235,071151.40,10.48525500,76.44419400,10.48525536,76.44419436,658052.757,1159427.527,108.00,658052.796,1159427.567,-145.4,16,658052.001,1159427.116,10.48525300,76.44419000,0.366,-0.007,10.0,9.9,-0.6,16.6,2047,2022,RTK FIXED
114.290,071151.60,10.48525500,76.44419400,10.48525522,76.44419422,658052.748,1159427.541,108.00,658052.777,1159427.557,-145.4,16,658052.001,1159427.116,10.48525300,76.44419000,0.366,-0.011,10.0,9.8,0.0,18.6,2047,2011,RTK FIXED
114.336,071151.60,10.48525500,76.44419400,10.48525513,76.44419413,658052.748,1159427.541,108.00,658052.766,1159427.550,-145.4,16,658052.001,1159427.116,10.48525300,76.44419000,0.366,-0.011,10.0,9.8,0.6,18.2,2047,2011,RTK FIXED
114.390,071151.60,10.48525500,76.44419400,10.48525508,76.44419408,658052.748,1159427.541,108.00,658052.759,1159427.547,-145.4,16,658052.001,1159427.116,10.48525300,76.44419000,0.366,-0.011,10.0,9.8,-0.5,17.0,2047,2011,RTK FIXED
114.444,071151.60,10.48525500,76.44419400,10.48525505,76.44419405,658052.748,1159427.541,108.00,658052.755,1159427.544,-145.4,16,658052.001,1159427.116,10.48525300,76.44419000,0.366,-0.011,10.0,9.8,0.0,18.1,2047,2011,RTK FIXED
114.490,071151.60,10.48525500,76.44419400,10.48525503,76.44419403,658052.748,1159427.541,108.00,658052.752,1159427.543,-145.4,16,658052.001,1159427.116,10.48525300,76.44419000,0.366,-0.011,10.0,9.8,0.0,18.4,2047,2011,RTK FIXED
114.544,071151.60,10.48525500,76.44419400,10.48525502,76.44419402,658052.748,1159427.541,108.00,658052.751,1159427.542,-145.4,16,658052.001,1159427.116,10.48525300,76.44419000,0.366,-0.011,10.0,9.8,0.0,18.6,2047,2011,RTK FIXED
114.591,071151.80,10.48525500,76.44419400,10.48525501,76.44419401,658052.748,1159427.541,108.00,658052.750,1159427.542,-145.4,16,658052.001,1159427.116,10.48525300,76.44419000,0.366,-0.012,10.0,9.8,0.5,18.2,2047,2007,RTK FIXED
114.644,071151.80,10.48525500,76.44419400,10.48525501,76.44419401,658052.748,1159427.541,108.00,658052.749,1159427.542,-145.4,16,658052.001,1159427.116,10.48525300,76.44419000,0.366,-0.012,10.0,9.8,0.0,19.4,2047,2007,RTK FIXED
114.691,071151.80,10.48525500,76.44419400,10.48525500,76.44419400,658052.748,1159427.541,108.00,658052.749,1159427.541,-145.4,16,658052.001,1159427.116,10.48525300,76.44419000,0.366,-0.012,10.0,9.8,0.0,19.1,2047,2007,RTK FIXED
114.745,071152.00,10.48525500,76.44419300,10.48525500,76.44419360,658052.639,1159427.541,108.00,658052.705,1159427.541,-148.7,16,658052.001,1159427.116,10.48525300,76.44419000,0.366,0.001,10.0,10.0,0.0,19.0,2045,2047,RTK FIXED
114.791,071152.00,10.48525500,76.44419300,10.48525500,76.44419336,658052.639,1159427.541,108.00,658052.678,1159427.541,-148.7,16,658052.001,1159427.116,10.48525300,76.44419000,0.366,0.001,10.0,10.0,0.0,18.0,2045,2047,RTK FIXED
114.846,071152.00,10.48525500,76.44419300,10.48525500,76.44419322,658052.639,1159427.541,108.00,658052.663,1159427.541,-148.7,16,658052.001,1159427.116,10.48525300,76.44419000,0.366,0.001,10.0,10.0,-0.5,18.6,2045,2047,RTK FIXED
114.891,071152.20,10.48525500,76.44419300,10.48525500,76.44419313,658052.650,1159427.522,108.00,658052.658,1159427.533,-148.7,16,658052.001,1159427.116,10.48525300,76.44419000,0.366,0.004,9.9,10.0,0.0,16.0,2032,2047,RTK FIXED
114.945,071152.20,10.48525500,76.44419300,10.48525500,76.44419308,658052.650,1159427.522,108.00,658052.655,1159427.529,-148.7,16,658052.001,1159427.116,10.48525300,76.44419000,0.366,0.004,9.9,10.0,0.5,18.6,2032,2047,RTK FIXED
114.999,071152.20,10.48525500,76.44419300,10.48525500,76.44419305,658052.650,1159427.522,108.00,658052.653,1159427.526,-148.7,16,658052.001,1159427.116,10.48525300,76.44419000,0.366,0.004,9.9,10.0,0.0,19.3,2032,2047,RTK FIXED
115.044,071152.20,10.48525500,76.44419300,10.48525500,76.44419303,658052.650,1159427.522,108.00,658052.652,1159427.525,-148.7,16,658052.001,1159427.116,10.48525300,76.44419000,0.366,0.004,9.9,10.0,0.0,19.4,2032,2047,RTK FIXED
115.098,071152.20,10.48525500,76.44419300,10.48525500,76.44419302,658052.650,1159427.522,108.00,658052.651,1159427.524,-148.7,16,658052.001,1159427.116,10.48525300,76.44419000,0.366,0.004,9.9,10.0,0.0,18.5,2032,2047,RTK FIXED
115.145,071152.20,10.48525500,76.44419300,10.48525500,76.44419301,658052.650,1159427.522,108.00,658052.651,1159427.523,-148.7,16,658052.001,1159427.116,10.48525300,76.44419000,0.366,0.004,9.9,10.0,-0.5,18.8,2032,2047,RTK FIXED
115.199,071152.40,10.48525400,76.44419300,10.48525460,76.44419301,658052.650,1159427.412,108.00,658052.651,1159427.479,-141.9,16,658052.001,1159427.116,10.48525300,76.44419000,0.365,-0.034,10.0,9.5,0.0,17.8,2047,1936,RTK FIXED
115.245,071152.40,10.48525400,76.44419300,10.48525436,76.44419300,658052.650,1159427.412,108.00,658052.651,1159427.452,-141.9,16,658052.001,1159427.116,10.48525300,76.44419000,0.365,-0.034,10.0,9.5,0.5,18.5,2047,1936,RTK FIXED
115.299,071152.40,10.48525400,76.44419300,10.48525422,76.44419300,658052.650,1159427.412,108.00,658052.651,1159427.436,-141.9,16,658052.001,1159427.116,10.48525300,76.44419000,0.365,-0.034,10.0,9.5,0.0,18.6,2047,1936,RTK FIXED
115.345,071152.40,10.48525400,76.44419300,10.48525413,76.44419300,658052.650,1159427.412,108.00,658052.650,1159427.426,-141.9,16,658052.001,1159427.116,10.48525300,76.44419000,0.365,-0.034,10.0,9.5,-0.5,18.9,2047,1936,RTK FIXED
115.399,071152.40,10.48525400,76.44419300,10.48525408,76.44419300,658052.650,1159427.412,108.00,658052.650,1159427.421,-141.9,16,658052.001,1159427.116,10.48525300,76.44419000,0.365,-0.034,10.0,9.5,0.0,19.6,2047,1936,RTK FIXED
115.445,071152.60,10.48525400,76.44419200,10.48525405,76.44419260,658052.517,1159427.448,108.00,658052.597,1159427.432,-141.9,16,658052.001,1159427.116,10.48525300,76.44419000,0.365,-0.042,10.0,9.3,0.5,18.4,2047,1911,RTK FIXED
115.499,071152.60,10.48525400,76.44419200,10.48525403,76.44419236,658052.517,1159427.448,108.00,658052.565,1159427.438,-141.9,16,658052.001,1159427.116,10.48525300,76.44419000,0.365,-0.042,10.0,9.3,-0.5,18.0,2047,1911,RTK FIXED
115.553,071152.60,10.48525400,76.44419200,10.48525402,76.44419222,658052.517,1159427.448,108.00,658052.546,1159427.442,-141.9,16,658052.001,1159427.116,10.48525300,76.44419000,0.365,-0.042,10.0,9.3,0.5,15.3,2047,1911,RTK FIXED
115.599,071152.60,10.48525400,76.44419200,10.48525401,76.44419213,658052.517,1159427.448,108.00,658052.534,1159427.445,-141.9,16,658052.001,1159427.116,10.48525300,76.44419000,0.365,-0.042,10.0,9.3,-0.5,17.4,2047,1911,RTK FIXED
115.654,071152.80,10.48525400,76.44419200,10.48525401,76.44419208,658052.517,1159427.448,108.00,658052.527,1159427.446,-148.9,16,658052.001,1159427.116,10.48525300,76.44419000,0.366,-0.008,10.0,9.9,0.0,17.0,2047,2021,RTK FIXED
115.699,071152.80,10.48525400,76.44419200,10.48525400,76.44419205,658052.517,1159427.448,108.00,658052.523,1159427.447,-148.9,16,658052.001,1159427.116,10.48525300,76.44419000,0.366,-0.008,10.0,9.9,0.0,17.5,2047,2021,RTK FIXED
115.753,071152.80,10.48525400,76.44419200,10.48525400,76.44419203,658052.517,1159427.448,108.00,658052.521,1159427.447,-148.9,16,658052.001,1159427.116,10.48525300,76.44419000,0.366,-0.008,10.0,9.9,0.0,17.2,2047,2021,RTK FIXED
115.800,071153.00,10.48525400,76.44419200,10.48525400,76.44419202,658052.542,1159427.410,108.00,658052.529,1159427.432,-148.9,16,658052.001,1159427.116,10.48525300,76.44419000,0.366,-0.000,10.0,10.0,0.5,17.7,2047,2046,RTK FIXED
115.853,071153.00,10.48525400,76.44419200,10.48525400,76.44419201,658052.542,1159427.410,108.00,658052.534,1159427.423,-148.9,16,658052.001,1159427.116,10.48525300,76.44419000,0.366,-0.000,10.0,10.0,0.0,18.2,2047,2046,RTK FIXED
115.899,071153.00,10.48525400,76.44419200,10.48525400,76.44419201,658052.542,1159427.410,108.00,658052.537,1159427.418,-148.9,16,658052.001,1159427.116,10.48525300,76.44419000,0.366,-0.000,10.0,10.0,-0.5,18.0,2047,2046,RTK FIXED
115.954,071153.20,10.48525300,76.44419200,10.48525360,76.44419200,658052.542,1159427.299,108.00,658052.539,1159427.371,-135.7,16,658052.001,1159427.116,10.48525300,76.44419000,0.359,-0.080,10.0,8.7,0.5,18.7,2047,1789,RTK FIXED
115.999,071153.20,10.48525300,76.44419200,10.48525336,76.44419200,658052.542,1159427.299,108.00,658052.540,1159427.342,-135.7,16,658052.001,1159427.116,10.48525300,76.44419000,0.359,-0.080,10.0,8.7,0.0,18.5,2047,1789,RTK FIXED
116.054,071153.20,10.48525300,76.44419200,10.48525322,76.44419200,658052.542,1159427.299,108.00,658052.541,1159427.325,-135.7,16,658052.001,1159427.116,10.48525300,76.44419000,0.359,-0.080,10.0,8.7,-0.5,18.7,2047,1789,RTK FIXED
116.107,071153.20,10.48525300,76.44419200,10.48525313,76.44419200,658052.542,1159427.299,108.00,658052.542,1159427.315,-135.7,16,658052.001,1159427.116,10.48525300,76.44419000,0.359,-0.080,10.0,8.7,0.0,17.6,2047,1789,RTK FIXED
116.153,071153.20,10.48525300,76.44419200,10.48525308,76.44419200,658052.542,1159427.299,108.00,658052.542,1159427.309,-135.7,16,658052.001,1159427.116,10.48525300,76.44419000,0.359,-0.080,10.0,8.7,0.5,17.0,2047,1789,RTK FIXED
116.208,071153.40,10.48525300,76.44419100,10.48525305,76.44419160,658052.383,1159427.368,108.00,658052.478,1159427.332,-135.7,16,658052.001,1159427.116,10.48525300,76.44419000,0.359,-0.098,10.0,8.5,0.0,16.4,2047,1736,RTK FIXED
116.254,071153.40,10.48525300,76.44419100,10.48525303,76.44419136,658052.383,1159427.368,108.00,658052.440,1159427.346,-135.7,16,658052.001,1159427.116,10.48525300,76.44419000,0.359,-0.098,10.0,8.5,-0.5,15.8,2047,1736,RTK FIXED
116.308,071153.40,10.48525300,76.44419100,10.48525302,76.44419122,658052.383,1159427.368,108.00,658052.417,1159427.355,-135.7,16,658052.001,1159427.116,10.48525300,76.44419000,0.359,-0.098,10.0,8.5,0.0,15.7,2047,1736,RTK FIXED
116.354,071153.40,10.48525300,76.44419100,10.48525301,76.44419113,658052.383,1159427.368,108.00,658052.403,1159427.360,-135.7,16,658052.001,1159427.116,10.48525300,76.44419000,0.359,-0.098,10.0,8.5,0.0,15.2,2047,1736,RTK FIXED
116.409,071153.60,10.48525300,76.44419100,10.48525301,76.44419108,658052.383,1159427.368,108.00,658052.395,1159427.363,-147.3,16,658052.001,1159427.116,10.48525300,76.44419000,0.366,-0.024,10.0,9.6,0.0,14.7,2047,1967,RTK FIXED
116.454,071153.60,10.48525300,76.44419100,10.48525300,76.44419105,658052.383,1159427.368,108.00,658052.390,1159427.365,-147.3,16,658052.001,1159427.116,10.48525300,76.44419000,0.366,-0.024,10.0,9.6,0.5,14.8,2047,1967,RTK FIXED
116.508,071153.60,10.48525300,76.44419100,10.48525300,76.44419103,658052.383,1159427.368,108.00,658052.387,1159427.366,-147.3,16,658052.001,1159427.116,10.48525300,76.44419000,0.366,-0.024,10.0,9.6,-0.5,14.9,2047,1967,RTK FIXED
116.554,071153.60,10.48525300,76.44419100,10.48525300,76.44419102,658052.383,1159427.368,108.00,658052.385,1159427.367,-147.3,16,658052.001,1159427.116,10.48525300,76.44419000,0.366,-0.024,10.0,9.6,0.5,15.8,2047,1967,RTK FIXED
116.608,071153.60,10.48525300,76.44419100,10.48525300,76.44419101,658052.383,1159427.368,108.00,658052.384,1159427.367,-147.3,16,658052.001,1159427.116,10.48525300,76.44419000,0.366,-0.024,10.0,9.6,-0.5,15.7,2047,1967,RTK FIXED
116.654,071153.80,10.48525300,76.44419100,10.48525300,76.44419101,658052.427,1159427.308,108.00,658052.401,1159427.344,-147.3,16,658052.001,1159427.116,10.48525300,76.44419000,0.366,-0.008,10.0,9.9,0.5,16.9,2047,2021,RTK FIXED
116.708,071153.80,10.48525300,76.44419100,10.48525300,76.44419100,658052.427,1159427.308,108.00,658052.412,1159427.329,-147.3,16,658052.001,1159427.116,10.48525300,76.44419000,0.366,-0.008,10.0,9.9,0.0,16.1,2047,2021,RTK FIXED
116.762,071153.80,10.48525300,76.44419100,10.48525300,76.44419100,658052.427,1159427.308,108.00,658052.418,1159427.321,-147.3,16,658052.001,1159427.116,10.48525300,76.44419000,0.366,-0.008,10.0,9.9,0.0,16.2,2047,2021,RTK FIXED
116.808,071153.80,10.48525300,76.44419100,10.48525300,76.44419100,658052.427,1159427.308,108.00,658052.422,1159427.316,-147.3,16,658052.001,1159427.116,10.48525300,76.44419000,0.366,-0.008,10.0,9.9,-0.5,16.5,2047,2021,RTK FIXED
116.862,071154.00,10.48525300,76.44419000,10.48525300,76.44419060,658052.318,1159427.308,108.00,658052.380,1159427.313,-147.3,16,658052.001,1159427.116,10.48525300,76.44419000,0.356,-0.002,10.0,10.0,0.5,15.5,2047,2039,RTK FIXED
116.909,071154.00,10.48525300,76.44419000,10.48525300,76.44419036,658052.318,1159427.308,108.00,658052.355,1159427.311,-147.3,16,658052.001,1159427.116,10.48525300,76.44419000,0.356,-0.002,10.0,10.0,-0.5,18.0,2047,2039,RTK FIXED
116.963,071154.20,10.48525300,76.44419000,10.48525300,76.44419022,658052.318,1159427.308,108.00,658052.340,1159427.309,-147.5,16,658052.001,1159427.116,10.48525300,76.44419000,0.332,-0.000,10.0,10.0,0.0,16.1,2047,2046,RTK FIXED
117.008,071154.20,10.48525300,76.44419000,10.48525300,76.44419013,658052.318,1159427.308,108.00,658052.331,1159427.309,-147.5,16,658052.001,1159427.116,10.48525300,76.44419000,0.332,-0.000,10.0,10.0,0.6,17.8,2047,2046,RTK FIXED
117.062,071154.20,10.48525300,76.44419000,10.48525300,76.44419008,658052.318,1159427.308,108.00,658052.326,1159427.308,-147.5,16,658052.001,1159427.116,10.48525300,76.44419000,0.332,-0.000,10.0,10.0,0.0,17.4,2047,2046,RTK FIXED
117.109,071154.20,10.48525300,76.44419000,10.48525300,76.44419005,658052.318,1159427.308,108.00,658052.323,1159427.308,-147.5,16,658052.001,1159427.116,10.48525300,76.44419000,0.332,-0.000,10.0,10.0,0.0,16.3,2047,2046,RTK FIXED
117.162,071154.20,10.48525300,76.44419000,10.48525300,76.44419003,658052.318,1159427.308,108.00,658052.321,1159427.308,-147.5,16,658052.001,1159427.116,10.48525300,76.44419000,0.332,-0.000,10.0,10.0,0.0,18.2,2047,2046,RTK FIXED
117.202,071154.40,10.48525200,76.44419000,10.48525260,76.44419002,658052.319,1159427.196,108.00,658052.320,1159427.263,-147.5,17,0.000,0.000,0.00000000,0.00000000,0.332,-0.000,0.0,0.0,-0.6,18.5,0,0,RTK FIXED
117.245,071154.40,10.48525200,76.44419000,10.48525236,76.44419001,658052.319,1159427.196,108.00,658052.320,1159427.236,-147.5,17,0.000,0.000,0.00000000,0.00000000,0.332,-0.000,0.0,0.0,0.0,15.6,0,0,RTK FIXED
117.299,071154.40,10.48525200,76.44419000,10.48525222,76.44419001,658052.319,1159427.196,108.00,658052.320,1159427.220,-147.5,17,0.000,0.000,0.00000000,0.00000000,0.332,-0.000,0.0,0.0,0.0,17.6,0,0,RTK FIXED
117.345,071154.60,10.48525200,76.44418900,10.48525213,76.44418960,658052.210,1159427.195,108.00,658052.276,1159427.210,-142.6,17,0.000,0.000,0.00000000,0.00000000,0.332,-0.000,0.0,0.0,0.0,16.7,0,0,RTK FIXED
117.399,071154.60,10.48525200,76.44418900,10.48525208,76.44418936,658052.210,1159427.195,108.00,658052.249,1159427.204,-142.6,17,0.000,0.000,0.00000000,0.00000000,0.332,-0.000,0.0,0.0,0.0,16.3,0,0,RTK FIXED
117.445,071154.60,10.48525200,76.44418900,10.48525205,76.44418922,658052.210,1159427.195,108.00,658052.233,1159427.201,-142.6,17,0.000,0.000,0.00000000,0.00000000,0.332,-0.000,0.0,0.0,0.5,15.7,0,0,RTK FIXED
117.499,071154.60,10.48525200,76.44418900,10.48525203,76.44418913,658052.210,1159427.195,108.00,658052.224,1159427.198,-142.6,17,0.000,0.000,0.00000000,0.00000000,0.332,-0.000,0.0,0.0,0.0,13.9,0,0,RTK FIXED
117.546,071154.80,10.48525200,76.44418900,10.48525202,76.44418908,658052.192,1159427.222,108.00,658052.211,1159427.208,-142.6,17,0.000,0.000,0.00000000,0.00000000,0.332,-0.000,0.0,0.0,0.0,13.8,0,0,RTK FIXED
117.599,071154.80,10.48525200,76.44418900,10.48525201,76.44418905,658052.192,1159427.222,108.00,658052.204,1159427.213,-142.6,17,0.000,0.000,0.00000000,0.00000000,0.332,-0.000,0.0,0.0,0.0,12.7,0,0,RTK FIXED
117.646,071154.80,10.48525200,76.44418900,10.48525201,76.44418903,658052.192,1159427.222,108.00,658052.199,1159427.217,-142.6,17,0.000,0.000,0.00000000,0.00000000,0.332,-0.000,0.0,0.0,0.0,11.3,0,0,RTK FIXED
117.699,071154.80,10.48525200,76.44418900,10.48525200,76.44418902,658052.192,1159427.222,108.00,658052.196,1159427.219,-142.6,17,0.000,0.000,0.00000000,0.00000000,0.332,-0.000,0.0,0.0,-0.5,7.9,0,0,RTK FIXED
117.753,071155.00,10.48525200,76.44418900,10.48525200,76.44418901,658052.192,1159427.222,108.00,658052.195,1159427.220,-142.6,17,0.000,0.000,0.00000000,0.00000000,0.332,-0.000,0.0,0.0,0.0,8.8,0,0,RTK FIXED
117.799,071155.00,10.48525200,76.44418900,10.48525200,76.44418901,658052.192,1159427.222,108.00,658052.194,1159427.221,-142.6,17,0.000,0.000,0.00000000,0.00000000,0.332,-0.000,0.0,0.0,0.5,7.6,0,0,RTK FIXED
117.854,071155.20,10.48525200,76.44418800,10.48525200,76.44418860,658052.083,1159427.221,108.00,658052.149,1159427.221,-151.6,17,0.000,0.000,0.00000000,0.00000000,0.332,-0.000,0.0,0.0,0.0,6.9,0,0,RTK FIXED
117.900,071155.20,10.48525200,76.44418800,10.48525200,76.44418836,658052.083,1159427.221,108.00,658052.123,1159427.221,-151.6,17,0.000,0.000,0.00000000,0.00000000,0.332,-0.000,0.0,0.0,0.0,6.5,0,0,RTK FIXED
117.953,071155.20,10.48525200,76.44418800,10.48525200,76.44418822,658052.083,1159427.221,108.00,658052.107,1159427.221,-151.6,17,0.000,0.000,0.00000000,0.00000000,0.332,-0.000,0.0,0.0,-0.5,6.1,0,0,RTK FIXED
118.000,071155.20,10.48525200,76.44418800,10.48525200,76.44418813,658052.083,1159427.221,108.00,658052.097,1159427.221,-151.6,17,0.000,0.000,0.00000000,0.00000000,0.332,-0.000,0.0,0.0,0.0,4.8,0,0,RTK FIXED
118.054,071155.40,10.48525200,76.44418800,10.48525200,76.44418808,658052.113,1159427.171,108.00,658052.104,1159427.201,-151.6,17,0.000,0.000,0.00000000,0.00000000,0.332,-0.000,0.0,0.0,0.5,4.2,0,0,RTK FIXED
118.100,071155.40,10.48525200,76.44418800,10.48525200,76.44418805,658052.113,1159427.171,108.00,658052.107,1159427.189,-151.6,17,0.000,0.000,0.00000000,0.00000000,0.332,-0.000,0.0,0.0,-0.5,3.2,0,0,RTK FIXED
118.154,071155.40,10.48525200,76.44418800,10.48525200,76.44418803,658052.113,1159427.171,108.00,658052.110,1159427.182,-151.6,17,0.000,0.000,0.00000000,0.00000000,0.332,-0.000,0.0,0.0,0.5,3.2,0,0,RTK FIXED
118.200,071155.40,10.48525200,76.44418800,10.48525200,76.44418802,658052.113,1159427.171,108.00,658052.111,1159427.178,-151.6,17,0.000,0.000,0.00000000,0.00000000,0.332,-0.000,0.0,0.0,0.0,2.2,0,0,RTK FIXED
118.254,071155.40,10.48525200,76.44418800,10.48525200,76.44418801,658052.113,1159427.171,108.00,658052.112,1159427.175,-151.6,17,0.000,0.000,0.00000000,0.00000000,0.332,-0.000,0.0,0.0,0.0,1.9,0,0,RTK FIXED
118.300,071155.40,10.48525200,76.44418800,10.48525200,76.44418801,658052.113,1159427.171,108.00,658052.112,1159427.174,-151.6,17,0.000,0.000,0.00000000,0.00000000,0.332,-0.000,0.0,0.0,-0.5,1.1,0,0,RTK FIXED
118.354,071155.60,10.48525200,76.44418800,10.48525200,76.44418800,658052.113,1159427.171,108.00,658052.113,1159427.173,-151.6,17,0.000,0.000,0.00000000,0.00000000,0.332,-0.000,0.0,0.0,0.5,0.9,0,0,RTK FIXED
118.408,071155.60,10.48525200,76.44418800,10.48525200,76.44418800,658052.113,1159427.171,108.00,658052.113,1159427.172,-151.6,17,0.000,0.000,0.00000000,0.00000000,0.332,-0.000,0.0,0.0,0.0,0.5,0,0,RTK FIXED
118.454,071155.60,10.48525200,76.44418800,10.48525200,76.44418800,658052.113,1159427.171,108.00,658052.113,1159427.172,-151.6,17,0.000,0.000,0.00000000,0.00000000,0.332,-0.000,0.0,0.0,0.0,-0.5,0,0,RTK FIXED
118.508,071155.60,10.48525200,76.44418800,10.48525200,76.44418800,658052.113,1159427.171,108.00,658052.113,1159427.172,-151.6,17,0.000,0.000,0.00000000,0.00000000,0.332,-0.000,0.0,0.0,0.0,0.0,0,0,RTK FIXED
118.554,071155.60,10.48525200,76.44418800,10.48525200,76.44418800,658052.113,1159427.171,108.00,658052.113,1159427.172,-151.6,17,0.000,0.000,0.00000000,0.00000000,0.332,-0.000,0.0,0.0,0.0,0.0,0,0,RTK FIXED
118.608,071155.80,10.48525200,76.44418800,10.48525200,76.44418800,658052.113,1159427.171,108.00,658052.113,1159427.171,-151.6,17,0.000,0.000,0.00000000,0.00000000,0.332,-0.000,0.0,0.0,0.0,0.0,0,0,RTK FIXED
118.654,071155.80,10.48525200,76.44418800,10.48525200,76.44418800,658052.113,1159427.171,108.00,658052.113,1159427.171,-151.6,17,0.000,0.000,0.00000000,0.00000000,0.332,-0.000,0.0,0.0,0.0,0.0,0,0,RTK FIXED
118.708,071155.80,10.48525200,76.44418800,10.48525200,76.44418800,658052.113,1159427.171,108.00,658052.113,1159427.171,-151.6,17,0.000,0.000,0.00000000,0.00000000,0.332,-0.000,0.0,0.0,0.0,0.0,0,0,RTK FIXED
118.755,071156.00,10.48525200,76.44418800,10.48525200,76.44418800,658052.113,1159427.171,108.00,658052.113,1159427.171,-151.6,17,0.000,0.000,0.00000000,0.00000000,0.332,-0.000,0.0,0.0,0.0,0.0,0,0,RTK FIXED
118.808,071156.00,10.48525200,76.44418800,10.48525200,76.44418800,658052.113,1159427.171,108.00,658052.113,1159427.171,-151.6,17,0.000,0.000,0.00000000,0.00000000,0.332,-0.000,0.0,0.0,0.0,0.0,0,0,RTK FIXED
118.855,071156.20,10.48525200,76.44418800,10.48525200,76.44418800,658052.113,1159427.171,108.00,658052.113,1159427.171,-151.6,17,0.000,0.000,0.00000000,0.00000000,0.332,-0.000,0.0,0.0,0.0,0.0,0,0,RTK FIXED
118.909,071156.20,10.48525200,76.44418800,10.48525200,76.44418800,658052.113,1159427.171,108.00,658052.113,1159427.171,-151.6,17,0.000,0.000,0.00000000,0.00000000,0.332,-0.000,0.0,0.0,0.0,0.0,0,0,RTK FIXED
118.954,071156.20,10.48525200,76.44418800,10.48525200,76.44418800,658052.113,1159427.171,108.00,658052.113,1159427.171,-151.6,17,0.000,0.000,0.00000000,0.00000000,0.332,-0.000,0.0,0.0,0.0,0.0,0,0,RTK FIXED
119.009,071156.20,10.48525200,76.44418800,10.48525200,76.44418800,658052.113,1159427.171,108.00,658052.113,1159427.171,-151.6,17,0.000,0.000,0.00000000,0.00000000,0.332,-0.000,0.0,0.0,0.0,0.0,0,0,RTK FIXED
119.063,071156.40,10.48525200,76.44418800,10.48525200,76.44418800,658052.113,1159427.171,108.00,658052.113,1159427.171,-151.6,17,0.000,0.000,0.00000000,0.00000000,0.332,-0.000,0.0,0.0,0.0,0.0,0,0,RTK FIXED
119.109,071156.40,10.48525200,76.44418800,10.48525200,76.44418800,658052.113,1159427.171,108.00,658052.113,1159427.171,-151.6,17,0.000,0.000,0.00000000,0.00000000,0.332,-0.000,0.0,0.0,0.0,0.0,0,0,RTK FIXED
119.162,071156.40,10.48525200,76.44418800,10.48525200,76.44418800,658052.113,1159427.171,108.00,658052.113,1159427.171,-151.6,17,0.000,0.000,0.00000000,0.00000000,0.332,-0.000,0.0,0.0,0.0,0.0,0,0,RTK FIXED
119.209,071156.40,10.48525200,76.44418800,10.48525200,76.44418800,658052.113,1159427.171,108.00,658052.113,1159427.171,-151.6,17,0.000,0.000,0.00000000,0.00000000,0.332,-0.000,0.0,0.0,0.0,0.0,0,0,RTK FIXED
119.262,071156.40,10.48525200,76.44418800,10.48525200,76.44418800,658052.113,1159427.171,108.00,658052.113,1159427.171,-151.6,17,0.000,0.000,0.00000000,0.00000000,0.332,-0.000,0.0,0.0,0.0,0.0,0,0,RTK FIXED
119.317,071156.40,10.48525200,76.44418800,10.48525200,76.44418800,658052.113,1159427.171,108.00,658052.113,1159427.171,-151.6,17,0.000,0.000,0.00000000,0.00000000,0.332,-0.000,0.0,0.0,0.0,0.0,0,0,RTK FIXED
119.363,071156.60,10.48525200,76.44418800,10.48525200,76.44418800,658052.113,1159427.171,108.00,658052.113,1159427.171,-151.6,17,0.000,0.000,0.00000000,0.00000000,0.332,-0.000,0.0,0.0,0.0,0.0,0,0,RTK FIXED
119.417,071156.60,10.48525200,76.44418800,10.48525200,76.44418800,658052.113,1159427.171,108.00,658052.113,1159427.171,-151.6,17,0.000,0.000,0.00000000,0.00000000,0.332,-0.000,0.0,0.0,0.0,0.0,0,0,RTK FIXED
119.463,071156.60,10.48525200,76.44418800,10.48525200,76.44418800,658052.113,1159427.171,108.00,658052.113,1159427.171,-151.6,17,0.000,0.000,0.00000000,0.00000000,0.332,-0.000,0.0,0.0,0.0,0.0,0,0,RTK FIXED
119.517,071156.60,10.48525200,76.44418800,10.48525200,76.44418800,658052.113,1159427.171,108.00,658052.113,1159427.171,-151.6,17,0.000,0.000,0.00000000,0.00000000,0.332,-0.000,0.0,0.0,0.0,0.0,0,0,RTK FIXED
119.563,071156.60,10.48525200,76.44418800,10.48525200,76.44418800,658052.113,1159427.171,108.00,658052.113,1159427.171,-151.6,17,0.000,0.000,0.00000000,0.00000000,0.332,-0.000,0.0,0.0,0.0,0.0,0,0,RTK FIXED
119.617,071156.80,10.48525200,76.44418800,10.48525200,76.44418800,658052.113,1159427.171,108.00,658052.113,1159427.171,-151.6,17,0.000,0.000,0.00000000,0.00000000,0.332,-0.000,0.0,0.0,0.0,0.0,0,0,RTK FIXED
119.667,071156.80,10.48525200,76.44418800,10.48525200,76.44418800,658052.113,1159427.171,108.00,658052.113,1159427.171,-151.6,17,0.000,0.000,0.00000000,0.00000000,0.332,-0.000,0.0,0.0,0.0,0.0,0,0,RTK FIXED
119.714,071156.80,10.48525200,76.44418800,10.48525200,76.44418800,658052.113,1159427.171,108.00,658052.113,1159427.171,-151.6,17,0.000,0.000,0.00000000,0.00000000,0.332,-0.000,0.0,0.0,0.0,0.0,0,0,RTK FIXED
119.760,071156.80,10.48525200,76.44418800,10.48525200,76.44418800,658052.113,1159427.171,108.00,658052.113,1159427.171,-151.6,17,0.000,0.000,0.00000000,0.00000000,0.332,-0.000,0.0,0.0,0.0,0.0,0,0,RTK FIXED
119.814,071157.00,10.48525200,76.44418800,10.48525200,76.44418800,658052.113,1159427.171,108.00,658052.113,1159427.171,-151.6,17,0.000,0.000,0.00000000,0.00000000,0.332,-0.000,0.0,0.0,0.0,0.0,0,0,RTK FIXED
119.868,071157.00,10.48525200,76.44418800,10.48525200,76.44418800,658052.113,1159427.171,108.00,658052.113,1159427.171,-151.6,17,0.000,0.000,0.00000000,0.00000000,0.332,-0.000,0.0,0.0,0.0,0.0,0,0,RTK FIXED
119.914,071157.00,10.48525200,76.44418800,10.48525200,76.44418800,658052.113,1159427.171,108.00,658052.113,1159427.171,-151.6,17,0.000,0.000,0.00000000,0.00000000,0.332,-0.000,0.0,0.0,0.0,0.0,0,0,RTK FIXED
119.968,071157.20,10.48525200,76.44418800,10.48525200,76.44418800,658052.113,1159427.171,108.00,658052.113,1159427.171,-151.6,17,0.000,0.000,0.00000000,0.00000000,0.332,-0.000,0.0,0.0,0.0,0.0,0,0,RTK FIXED
120.014,071157.20,10.48525200,76.44418800,10.48525200,76.44418800,658052.113,1159427.171,108.00,658052.113,1159427.171,-151.6,17,0.000,0.000,0.00000000,0.00000000,0.332,-0.000,0.0,0.0,0.0,0.0,0,0,RTK FIXED
120.068,071157.20,10.48525200,76.44418800,10.48525200,76.44418800,658052.113,1159427.171,108.00,658052.113,1159427.171,-151.6,17,0.000,0.000,0.00000000,0.00000000,0.332,-0.000,0.0,0.0,0.0,0.0,0,0,RTK FIXED
120.114,071157.20,10.48525200,76.44418800,10.48525200,76.44418800,658052.113,1159427.171,108.00,658052.113,1159427.171,-151.6,17,0.000,0.000,0.00000000,0.00000000,0.332,-0.000,0.0,0.0,0.0,0.0,0,0,RTK FIXED
120.168,071157.20,10.48525200,76.44418800,10.48525200,76.44418800,658052.113,1159427.171,108.00,658052.113,1159427.171,-151.6,17,0.000,0.000,0.00000000,0.00000000,0.332,-0.000,0.0,0.0,0.0,0.0,0,0,RTK FIXED
120.215,071157.40,10.48525200,76.44418800,10.48525200,76.44418800,658052.113,1159427.171,108.00,658052.113,1159427.171,-151.6,17,0.000,0.000,0.00000000,0.00000000,0.332,-0.000,0.0,0.0,0.0,0.0,0,0,RTK FIXED
120.268,071157.40,10.48525200,76.44418800,10.48525200,76.44418800,658052.113,1159427.171,108.00,658052.113,1159427.171,-151.6,17,0.000,0.000,0.00000000,0.00000000,0.332,-0.000,0.0,0.0,0.0,0.0,0,0,RTK FIXED
120.314,071157.40,10.48525200,76.44418800,10.48525200,76.44418800,658052.113,1159427.171,108.00,658052.113,1159427.171,-151.6,17,0.000,0.000,0.00000000,0.00000000,0.332,-0.000,0.0,0.0,0.0,0.0,0,0,RTK FIXED
120.367,071157.40,10.48525200,76.44418800,10.48525200,76.44418800,658052.113,1159427.171,108.00,658052.113,1159427.171,-151.6,17,0.000,0.000,0.00000000,0.00000000,0.332,-0.000,0.0,0.0,0.0,0.0,0,0,RTK FIXED
