Time_Sec,UTC,Latitude,Longitude,Smoothed_Latitude,Smoothed_Longitude,UTM_X,UTM_Y,UTM_Z,Smoothed_UTM_X,Smoothed_UTM_Y,Yaw_Deg,Target_WP_Index,Target_WP_X,Target_WP_Y,Target_Latitude,Target_Longitude,Command_V,Command_W,Left_RPM,Right_RPM,Actual_Left_RPM,Actual_Right_RPM,Left_DAC,Right_DAC,RTK_Fix_Status
0.649,082026.40,10.48525200,76.44418700,10.48525200,76.44418700,658051.850,1159426.679,108.10,658051.850,1159426.679,109.9,1,658051.359,1159428.035,10.48526133,76.44418417,0.366,-0.000,10.0,10.0,0.0,0.0,450,450,RTK FIXED
0.684,082026.60,10.48525200,76.44418700,10.48525200,76.44418700,658051.790,1159426.653,108.10,658051.826,1159426.668,109.9,1,658051.359,1159428.035,10.48526133,76.44418417,0.366,-0.018,10.0,9.7,0.0,0.0,900,900,RTK FIXED
0.737,082026.60,10.48525200,76.44418700,10.48525200,76.44418700,658051.790,1159426.653,108.10,658051.812,1159426.662,109.9,1,658051.359,1159428.035,10.48526133,76.44418417,0.366,-0.018,10.0,9.7,0.0,0.0,1350,1350,RTK FIXED
0.783,082026.60,10.48525200,76.44418700,10.48525200,76.44418700,658051.790,1159426.653,108.10,658051.803,1159426.658,109.9,1,658051.359,1159428.035,10.48526133,76.44418417,0.366,-0.018,10.0,9.7,0.0,0.0,1800,1800,RTK FIXED
0.836,082026.60,10.48525200,76.44418700,10.48525200,76.44418700,658051.790,1159426.653,108.10,658051.798,1159426.656,109.9,1,658051.359,1159428.035,10.48526133,76.44418417,0.366,-0.018,10.0,9.7,0.0,0.0,2047,1987,RTK FIXED
0.887,082026.80,10.48525200,76.44418700,10.48525200,76.44418700,658051.790,1159426.653,108.10,658051.795,1159426.655,109.9,1,658051.359,1159428.035,10.48526133,76.44418417,0.365,-0.029,10.0,9.5,0.0,0.0,2047,1952,RTK FIXED
0.937,082026.80,10.48525200,76.44418700,10.48525200,76.44418700,658051.790,1159426.653,108.10,658051.793,1159426.654,109.9,1,658051.359,1159428.035,10.48526133,76.44418417,0.365,-0.029,10.0,9.5,0.5,0.5,2047,1952,RTK FIXED
0.983,082026.80,10.48525200,76.44418700,10.48525200,76.44418700,658051.790,1159426.653,108.10,658051.792,1159426.653,109.9,1,658051.359,1159428.035,10.48526133,76.44418417,0.365,-0.029,10.0,9.5,0.0,0.5,2047,1952,RTK FIXED
1.037,082027.00,10.48525200,76.44418700,10.48525200,76.44418700,658051.790,1159426.653,108.10,658051.791,1159426.653,109.9,1,658051.359,1159428.035,10.48526133,76.44418417,0.364,-0.035,10.0,9.4,0.0,1.9,2047,1931,RTK FIXED
1.083,082027.00,10.48525200,76.44418700,10.48525200,76.44418700,658051.790,1159426.653,108.10,658051.791,1159426.653,109.9,1,658051.359,1159428.035,10.48526133,76.44418417,0.364,-0.035,10.0,9.4,-0.5,2.2,2047,1931,RTK FIXED
1.137,082027.00,10.48525200,76.44418700,10.48525200,76.44418700,658051.790,1159426.653,108.10,658051.790,1159426.653,109.9,1,658051.359,1159428.035,10.48526133,76.44418417,0.364,-0.035,10.0,9.4,0.5,3.2,2047,1931,RTK FIXED
1.191,082027.20,10.48525200,76.44418700,10.48525200,76.44418700,658051.790,1159426.653,108.10,658051.790,1159426.653,109.9,1,658051.359,1159428.035,10.48526133,76.44418417,0.364,-0.039,10.0,9.4,-0.5,3.7,2047,1918,RTK FIXED
1.236,082027.20,10.48525200,76.44418700,10.48525200,76.44418700,658051.790,1159426.653,108.10,658051.790,1159426.653,109.9,1,658051.359,1159428.035,10.48526133,76.44418417,0.364,-0.039,10.0,9.4,0.0,3.9,2047,1918,RTK FIXED
1.291,082027.20,10.48525200,76.44418700,10.48525200,76.44418700,658051.790,1159426.653,108.10,658051.790,1159426.653,109.9,1,658051.359,1159428.035,10.48526133,76.44418417,0.364,-0.039,10.0,9.4,0.0,3.6,2047,1918,RTK FIXED
1.337,082027.20,10.48525200,76.44418700,10.48525200,76.44418700,658051.790,1159426.653,108.10,658051.790,1159426.653,109.9,1,658051.359,1159428.035,10.48526133,76.44418417,0.364,-0.039,10.0,9.4,0.0,4.4,2047,1918,RTK FIXED
1.391,082027.20,10.48525200,76.44418700,10.48525200,76.44418700,658051.790,1159426.653,108.10,658051.790,1159426.653,109.9,1,658051.359,1159428.035,10.48526133,76.44418417,0.364,-0.039,10.0,9.4,0.5,5.1,2047,1918,RTK FIXED
1.437,082027.20,10.48525200,76.44418700,10.48525200,76.44418700,658051.790,1159426.653,108.10,658051.790,1159426.653,109.9,1,658051.359,1159428.035,10.48526133,76.44418417,0.364,-0.039,10.0,9.4,0.0,4.9,2047,1918,RTK FIXED
1.492,082027.40,10.48525200,76.44418700,10.48525200,76.44418700,658051.790,1159426.653,108.10,658051.790,1159426.653,109.9,1,658051.359,1159428.035,10.48526133,76.44418417,0.364,-0.042,10.0,9.3,-0.5,6.0,2047,1911,RTK FIXED
1.537,082027.40,10.48525200,76.44418700,10.48525200,76.44418700,658051.790,1159426.653,108.10,658051.790,1159426.653,109.9,1,658051.359,1159428.035,10.48526133,76.44418417,0.364,-0.042,10.0,9.3,0.0,6.0,2047,1911,RTK FIXED
1.591,082027.40,10.48525200,76.44418700,10.48525200,76.44418700,658051.790,1159426.653,108.10,658051.790,1159426.653,109.9,1,658051.359,1159428.035,10.48526133,76.44418417,0.364,-0.042,10.0,9.3,0.0,6.5,2047,1911,RTK FIXED
1.637,082027.40,10.48525200,76.44418700,10.48525200,76.44418700,658051.790,1159426.653,108.10,658051.790,1159426.653,109.9,1,658051.359,1159428.035,10.48526133,76.44418417,0.364,-0.042,10.0,9.3,0.5,7.1,2047,1911,RTK FIXED
1.692,082027.60,10.48525200,76.44418700,10.48525200,76.44418700,658051.790,1159426.653,108.10,658051.790,1159426.653,109.9,1,658051.359,1159428.035,10.48526133,76.44418417,0.363,-0.043,10.0,9.3,-0.5,8.7,2047,1906,RTK FIXED
1.737,082027.60,10.48525200,76.44418700,10.48525200,76.44418700,658051.790,1159426.653,108.10,658051.790,1159426.653,109.9,1,658051.359,1159428.035,10.48526133,76.44418417,0.363,-0.043,10.0,9.3,0.6,10.5,2047,1906,RTK FIXED
1.792,082027.60,10.48525200,76.44418700,10.48525200,76.44418700,658051.790,1159426.653,108.10,658051.790,1159426.653,109.9,1,658051.359,1159428.035,10.48526133,76.44418417,0.363,-0.043,10.0,9.3,0.0,11.9,2047,1906,RTK FIXED
1.845,082027.60,10.48525200,76.44418700,10.48525200,76.44418700,658051.790,1159426.653,108.10,658051.790,1159426.653,109.9,1,658051.359,1159428.035,10.48526133,76.44418417,0.363,-0.043,10.0,9.3,0.0,13.1,2047,1906,RTK FIXED
1.892,082027.80,10.48525200,76.44418700,10.48525200,76.44418700,658051.790,1159426.653,108.10,658051.790,1159426.653,109.9,1,658051.359,1159428.035,10.48526133,76.44418417,0.363,-0.044,10.0,9.3,0.0,13.2,2047,1904,RTK FIXED
1.945,082027.80,10.48525200,76.44418700,10.48525200,76.44418700,658051.790,1159426.653,108.10,658051.790,1159426.653,109.9,1,658051.359,1159428.035,10.48526133,76.44418417,0.363,-0.044,10.0,9.3,-0.5,13.6,2047,1904,RTK FIXED
1.991,082027.80,10.48525200,76.44418700,10.48525200,76.44418700,658051.790,1159426.653,108.10,658051.790,1159426.653,109.9,1,658051.359,1159428.035,10.48526133,76.44418417,0.363,-0.044,10.0,9.3,0.5,13.5,2047,1904,RTK FIXED
2.045,082027.80,10.48525200,76.44418700,10.48525200,76.44418700,658051.790,1159426.653,108.10,658051.790,1159426.653,109.9,1,658051.359,1159428.035,10.48526133,76.44418417,0.363,-0.044,10.0,9.3,0.0,14.8,2047,1904,RTK FIXED
2.255,082028.00,10.48525200,76.44418600,10.48525200,76.44418660,658051.681,1159426.652,108.10,658051.746,1159426.652,135.2,1,658051.359,1159428.035,10.48526133,76.44418417,0.000,-0.480,7.9,-7.9,-0.1,14.8,450,450,RTK FIXED
2.292,082028.20,10.48525200,76.44418600,10.48525200,76.44418636,658051.813,1159426.730,108.10,658051.773,1159426.683,133.8,1,658051.359,1159428.035,10.48526133,76.44418417,0.000,-0.480,7.9,-7.9,0.0,12.7,900,900,RTK FIXED
2.338,082028.20,10.48525200,76.44418600,10.48525200,76.44418622,658051.813,1159426.730,108.10,658051.789,1159426.702,132.4,1,658051.359,1159428.035,10.48526133,76.44418417,0.000,-0.480,7.9,-7.9,0.0,12.1,1350,1350,RTK FIXED
2.392,082028.40,10.48525200,76.44418600,10.48525200,76.44418613,658051.799,1159426.718,108.20,658051.793,1159426.708,131.1,1,658051.359,1159428.035,10.48526133,76.44418417,0.000,-0.480,7.9,-7.9,0.0,10.5,1608,1608,RTK FIXED
2.438,082028.40,10.48525200,76.44418600,10.48525200,76.44418608,658051.799,1159426.718,108.20,658051.796,1159426.712,129.7,1,658051.359,1159428.035,10.48526133,76.44418417,0.000,-0.480,7.9,-7.9,0.5,9.2,1608,1608,RTK FIXED
2.492,082028.40,10.48525200,76.44418600,10.48525200,76.44418605,658051.799,1159426.718,108.20,658051.797,1159426.714,128.3,1,658051.359,1159428.035,10.48526133,76.44418417,0.000,-0.480,7.9,-7.9,0.0,8.4,1608,1608,RTK FIXED
2.538,082028.40,10.48525200,76.44418600,10.48525200,76.44418603,658051.799,1159426.718,108.20,658051.798,1159426.716,126.9,1,658051.359,1159428.035,10.48526133,76.44418417,0.000,-0.480,7.9,-7.9,0.0,7.6,1608,1608,RTK FIXED
2.592,082028.40,10.48525200,76.44418600,10.48525200,76.44418602,658051.799,1159426.718,108.20,658051.799,1159426.717,125.6,1,658051.359,1159428.035,10.48526133,76.44418417,0.000,-0.480,7.9,-7.9,0.0,7.0,1608,1608,RTK FIXED
2.638,082028.40,10.48525200,76.44418600,10.48525200,76.44418601,658051.799,1159426.718,108.20,658051.799,1159426.717,124.2,1,658051.359,1159428.035,10.48526133,76.44418417,0.000,-0.480,7.9,-7.9,-0.5,6.5,1608,1608,RTK FIXED
2.692,082028.60,10.48525200,76.44418500,10.48525200,76.44418561,658051.647,1159426.687,108.20,658051.738,1159426.705,122.8,1,658051.359,1159428.035,10.48526133,76.44418417,0.000,-0.437,7.2,-7.2,0.5,5.5,1464,1464,RTK FIXED
2.746,082028.60,10.48525200,76.44418500,10.48525200,76.44418536,658051.647,1159426.687,108.20,658051.701,1159426.698,121.6,1,658051.359,1159428.035,10.48526133,76.44418417,0.000,-0.437,7.2,-7.2,-0.5,4.2,1464,1464,RTK FIXED
2.792,082028.60,10.48525200,76.44418500,10.48525200,76.44418522,658051.647,1159426.687,108.20,658051.679,1159426.693,120.3,1,658051.359,1159428.035,10.48526133,76.44418417,0.000,-0.437,7.2,-7.2,0.0,3.8,1464,1464,RTK FIXED
2.846,082028.60,10.48525200,76.44418500,10.48525200,76.44418513,658051.647,1159426.687,108.20,658051.666,1159426.691,119.0,1,658051.359,1159428.035,10.48526133,76.44418417,0.000,-0.437,7.2,-7.2,0.5,3.2,1464,1464,RTK FIXED
2.893,082028.80,10.48525200,76.44418500,10.48525200,76.44418508,658051.618,1159426.671,108.20,658051.647,1159426.683,117.8,1,658051.359,1159428.035,10.48526133,76.44418417,0.000,-0.418,6.8,-6.8,-0.5,2.7,1400,1400,RTK FIXED
2.946,082028.80,10.48525200,76.44418500,10.48525200,76.44418505,658051.618,1159426.671,108.20,658051.635,1159426.678,116.6,1,658051.359,1159428.035,10.48526133,76.44418417,0.000,-0.418,6.8,-6.8,0.5,2.3,1400,1400,RTK FIXED
2.992,082028.80,10.48525200,76.44418500,10.48525200,76.44418503,658051.618,1159426.671,108.20,658051.629,1159426.675,115.4,1,658051.359,1159428.035,10.48526133,76.44418417,0.000,-0.418,6.8,-6.8,-0.5,1.6,1400,1400,RTK FIXED
3.046,082028.80,10.48525200,76.44418500,10.48525200,76.44418502,658051.618,1159426.671,108.20,658051.624,1159426.674,114.2,1,658051.359,1159428.035,10.48526133,76.44418417,0.000,-0.418,6.8,-6.8,0.0,1.9,1400,1400,RTK FIXED
3.092,082029.00,10.48525200,76.44418500,10.48525200,76.44418501,658051.590,1159426.658,108.20,658051.611,1159426.667,129.6,1,658051.359,1159428.035,10.48526133,76.44418417,0.000,-0.480,7.9,-7.9,0.0,2.2,1608,1608,RTK FIXED
3.147,082029.00,10.48525200,76.44418500,10.48525200,76.44418501,658051.590,1159426.658,108.20,658051.602,1159426.664,128.2,1,658051.359,1159428.035,10.48526133,76.44418417,0.000,-0.480,7.9,-7.9,0.5,1.4,1608,1608,RTK FIXED
3.193,082029.20,10.48525200,76.44418500,10.48525200,76.44418500,658051.668,1159426.701,108.20,658051.629,1159426.679,126.8,1,658051.359,1159428.035,10.48526133,76.44418417,0.000,-0.480,7.9,-7.9,-0.5,1.6,1608,1608,RTK FIXED
3.247,082029.20,10.48525200,76.44418500,10.48525200,76.44418500,658051.668,1159426.701,108.20,658051.644,1159426.687,125.4,1,658051.359,1159428.035,10.48526133,76.44418417,0.000,-0.480,7.9,-7.9,0.0,1.9,1608,1608,RTK FIXED
3.292,082029.20,10.48525200,76.44418500,10.48525200,76.44418500,658051.668,1159426.701,108.20,658051.654,1159426.693,124.1,1,658051.359,1159428.035,10.48526133,76.44418417,0.000,-0.480,7.9,-7.9,0.0,1.6,1608,1608,RTK FIXED
3.347,082029.20,10.48525200,76.44418500,10.48525200,76.44418500,658051.668,1159426.701,108.20,658051.660,1159426.696,122.7,1,658051.359,1159428.035,10.48526133,76.44418417,0.000,-0.480,7.9,-7.9,0.5,1.4,1608,1608,RTK FIXED
3.401,082029.40,10.48525200,76.44418500,10.48525200,76.44418500,658051.638,1159426.682,108.20,658051.651,1159426.690,121.3,1,658051.359,1159428.035,10.48526133,76.44418417,0.000,-0.480,7.9,-7.9,-0.5,1.8,1608,1608,RTK FIXED
3.447,082029.40,10.48525200,76.44418500,10.48525200,76.44418500,658051.638,1159426.682,108.20,658051.646,1159426.687,119.9,1,658051.359,1159428.035,10.48526133,76.44418417,0.000,-0.480,7.9,-7.9,0.5,1.1,1608,1608,RTK FIXED
3.501,082029.40,10.48525200,76.44418500,10.48525200,76.44418500,658051.638,1159426.682,108.20,658051.643,1159426.685,118.6,1,658051.359,1159428.035,10.48526133,76.44418417,0.000,-0.480,7.9,-7.9,-0.5,1.4,1608,1608,RTK FIXED
3.547,082029.40,10.48525200,76.44418500,10.48525200,76.44418500,658051.638,1159426.682,108.20,658051.641,1159426.684,117.2,1,658051.359,1159428.035,10.48526133,76.44418417,0.000,-0.480,7.9,-7.9,0.0,1.6,1608,1608,RTK FIXED
3.601,082029.40,10.48525200,76.44418500,10.48525200,76.44418500,658051.638,1159426.682,108.20,658051.640,1159426.683,115.8,1,658051.359,1159428.035,10.48526133,76.44418417,0.000,-0.480,7.9,-7.9,0.5,0.9,1608,1608,RTK FIXED
3.647,082029.40,10.48525200,76.44418500,10.48525200,76.44418500,658051.638,1159426.682,108.20,658051.639,1159426.682,114.4,1,658051.359,1159428.035,10.48526133,76.44418417,0.000,-0.480,7.9,-7.9,0.0,1.1,1608,1608,RTK FIXED
3.702,082029.60,10.48525200,76.44418500,10.48525200,76.44418500,658051.590,1159426.659,108.20,658051.620,1159426.673,113.1,1,658051.359,1159428.035,10.48526133,76.44418417,0.000,-0.413,6.8,-6.8,-0.5,0.9,1383,1383,RTK FIXED
3.747,082029.60,10.48525200,76.44418500,10.48525200,76.44418500,658051.590,1159426.659,108.20,658051.608,1159426.667,111.9,1,658051.359,1159428.035,10.48526133,76.44418417,0.000,-0.413,6.8,-6.8,0.0,1.1,1383,1383,RTK FIXED
3.801,082029.60,10.48525200,76.44418500,10.48525200,76.44418500,658051.590,1159426.659,108.20,658051.601,1159426.664,110.7,1,658051.359,1159428.035,10.48526133,76.44418417,0.000,-0.413,6.8,-6.8,0.5,0.5,1383,1383,RTK FIXED
3.847,082029.60,10.48525200,76.44418500,10.48525200,76.44418500,658051.590,1159426.659,108.20,658051.597,1159426.662,109.5,1,658051.359,1159428.035,10.48526133,76.44418417,0.000,-0.413,6.8,-6.8,-0.5,0.5,1383,1383,RTK FIXED
3.901,082029.80,10.48525200,76.44418500,10.48525200,76.44418500,658051.561,1159426.649,108.20,658051.583,1159426.656,108.3,1,658051.359,1159428.035,10.48526133,76.44418417,0.000,-0.381,6.2,-6.2,0.5,0.9,1277,1277,RTK FIXED
3.955,082029.80,10.48525200,76.44418500,10.48525200,76.44418500,658051.561,1159426.649,108.20,658051.574,1159426.653,107.2,1,658051.359,1159428.035,10.48526133,76.44418417,0.000,-0.381,6.2,-6.2,-0.5,0.0,1277,1277,RTK FIXED
4.000,082029.80,10.48525200,76.44418500,10.48525200,76.44418500,658051.561,1159426.649,108.20,658051.569,1159426.651,106.2,1,658051.359,1159428.035,10.48526133,76.44418417,0.000,-0.381,6.2,-6.2,0.0,0.0,1277,1277,RTK FIXED
4.056,082029.80,10.48525200,76.44418500,10.48525200,76.44418500,658051.561,1159426.649,108.20,658051.566,1159426.650,105.1,1,658051.359,1159428.035,10.48526133,76.44418417,0.000,-0.381,6.2,-6.2,0.5,0.0,1277,1277,RTK FIXED
4.101,082030.00,10.48525300,76.44418400,10.48525240,76.44418460,658051.424,1159426.752,108.10,658051.509,1159426.691,123.2,1,658051.359,1159428.035,10.48526133,76.44418417,0.000,-0.480,7.9,-7.9,-0.5,0.0,1608,1608,RTK FIXED
4.155,082030.00,10.48525300,76.44418400,10.48525264,76.44418436,658051.424,1159426.752,108.10,658051.475,1159426.715,121.8,1,658051.359,1159428.035,10.48526133,76.44418417,0.000,-0.480,7.9,-7.9,0.5,0.0,1608,1608,RTK FIXED
4.202,082030.20,10.48525300,76.44418400,10.48525278,76.44418422,658051.523,1159426.789,108.10,658051.494,1159426.745,120.4,1,658051.359,1159428.035,10.48526133,76.44418417,0.000,-0.480,7.9,-7.9,-0.5,0.0,1608,1608,RTK FIXED
4.255,082030.20,10.48525300,76.44418400,10.48525287,76.44418413,658051.523,1159426.789,108.10,658051.506,1159426.762,119.1,1,658051.359,1159428.035,10.48526133,76.44418417,0.000,-0.480,7.9,-7.9,0.5,0.0,1608,1608,RTK FIXED
4.301,082030.20,10.48525300,76.44418400,10.48525292,76.44418408,658051.523,1159426.789,108.10,658051.513,1159426.773,117.7,1,658051.359,1159428.035,10.48526133,76.44418417,0.000,-0.480,7.9,-7.9,-0.6,0.0,1608,1608,RTK FIXED
4.356,082030.20,10.48525300,76.44418400,10.48525295,76.44418405,658051.523,1159426.789,108.10,658051.517,1159426.779,116.3,1,658051.359,1159428.035,10.48526133,76.44418417,0.000,-0.480,7.9,-7.9,0.0,0.0,1608,1608,RTK FIXED
4.402,082030.40,10.48525300,76.44418400,10.48525297,76.44418403,658051.491,1159426.773,108.10,658051.507,1159426.777,114.9,1,658051.359,1159428.035,10.48526133,76.44418417,0.000,-0.480,7.9,-7.9,0.0,0.0,1608,1608,RTK FIXED
4.455,082030.40,10.48525300,76.44418400,10.48525298,76.44418402,658051.491,1159426.773,108.10,658051.501,1159426.776,113.6,1,658051.359,1159428.035,10.48526133,76.44418417,0.000,-0.480,7.9,-7.9,0.0,0.0,1608,1608,RTK FIXED
4.508,082030.40,10.48525300,76.44418400,10.48525299,76.44418401,658051.491,1159426.773,108.10,658051.497,1159426.775,112.2,1,658051.359,1159428.035,10.48526133,76.44418417,0.000,-0.480,7.9,-7.9,0.5,0.0,1608,1608,RTK FIXED
4.555,082030.40,10.48525300,76.44418400,10.48525299,76.44418401,658051.491,1159426.773,108.10,658051.495,1159426.774,110.8,1,658051.359,1159428.035,10.48526133,76.44418417,0.000,-0.480,7.9,-7.9,0.0,0.0,1608,1608,RTK FIXED
4.609,082030.40,10.48525300,76.44418400,10.48525300,76.44418400,658051.491,1159426.773,108.10,658051.493,1159426.774,109.4,1,658051.359,1159428.035,10.48526133,76.44418417,0.000,-0.480,7.9,-7.9,0.0,0.0,1608,1608,RTK FIXED
4.656,082030.40,10.48525300,76.44418400,10.48525300,76.44418400,658051.491,1159426.773,108.10,658051.493,1159426.774,108.1,1,658051.359,1159428.035,10.48526133,76.44418417,0.000,-0.480,7.9,-7.9,0.0,0.0,1608,1608,RTK FIXED
4.710,082030.60,10.48525300,76.44418400,10.48525300,76.44418400,658051.441,1159426.756,108.10,658051.472,1159426.766,106.7,1,658051.359,1159428.035,10.48526133,76.44418417,0.000,-0.422,6.9,-6.9,-0.5,0.0,1413,1413,RTK FIXED
4.756,082030.60,10.48525300,76.44418400,10.48525300,76.44418400,658051.441,1159426.756,108.10,658051.460,1159426.762,105.5,1,658051.359,1159428.035,10.48526133,76.44418417,0.000,-0.422,6.9,-6.9,0.5,0.0,1413,1413,RTK FIXED
4.809,082030.60,10.48525300,76.44418400,10.48525300,76.44418400,658051.441,1159426.756,108.10,658051.452,1159426.760,104.3,1,658051.359,1159428.035,10.48526133,76.44418417,0.000,-0.422,6.9,-6.9,-0.5,0.0,1413,1413,RTK FIXED
4.856,082030.60,10.48525300,76.44418400,10.48525300,76.44418400,658051.441,1159426.756,108.10,658051.448,1159426.758,103.1,1,658051.359,1159428.035,10.48526133,76.44418417,0.000,-0.422,6.9,-6.9,0.0,0.0,1413,1413,RTK FIXED
4.910,082030.80,10.48525300,76.44418400,10.48525300,76.44418400,658051.411,1159426.749,108.10,658051.433,1159426.754,114.8,1,658051.359,1159428.035,10.48526133,76.44418417,0.000,-0.480,7.9,-7.9,0.0,0.0,1608,1608,RTK FIXED
4.955,082030.80,10.48525300,76.44418400,10.48525300,76.44418400,658051.411,1159426.749,108.10,658051.424,1159426.752,113.4,1,658051.359,1159428.035,10.48526133,76.44418417,0.000,-0.480,7.9,-7.9,0.6,0.0,1608,1608,RTK FIXED
5.010,082030.80,10.48525300,76.44418400,10.48525300,76.44418400,658051.411,1159426.749,108.10,658051.419,1159426.751,112.1,1,658051.359,1159428.035,10.48526133,76.44418417,0.000,-0.480,7.9,-7.9,-0.5,0.0,1608,1608,RTK FIXED
5.056,082030.80,10.48525300,76.44418400,10.48525300,76.44418400,658051.411,1159426.749,108.10,658051.416,1159426.750,110.7,1,658051.359,1159428.035,10.48526133,76.44418417,0.000,-0.480,7.9,-7.9,0.0,0.0,1608,1608,RTK FIXED
5.110,082031.00,10.48525300,76.44418400,10.48525300,76.44418400,658051.457,1159426.761,108.10,658051.432,1159426.754,109.3,1,658051.359,1159428.035,10.48526133,76.44418417,0.000,-0.470,7.7,-7.7,0.5,0.0,1574,1574,RTK FIXED
5.164,082031.20,10.48525400,76.44418400,10.48525340,76.44418400,658051.449,1159426.869,108.10,658051.439,1159426.800,108.0,1,658051.359,1159428.035,10.48526133,76.44418417,0.000,-0.445,7.3,-7.3,-0.5,0.0,1493,1493,RTK FIXED
5.210,082031.20,10.48525400,76.44418400,10.48525364,76.44418400,658051.449,1159426.869,108.10,658051.443,1159426.827,106.7,1,658051.359,1159428.035,10.48526133,76.44418417,0.000,-0.445,7.3,-7.3,0.0,0.0,1493,1493,RTK FIXED
5.264,082031.20,10.48525400,76.44418400,10.48525378,76.44418400,658051.449,1159426.869,108.10,658051.445,1159426.844,105.4,1,658051.359,1159428.035,10.48526133,76.44418417,0.000,-0.445,7.3,-7.3,0.0,0.0,1493,1493,RTK FIXED
5.310,082031.20,10.48525400,76.44418400,10.48525387,76.44418400,658051.449,1159426.869,108.10,658051.446,1159426.854,104.1,1,658051.359,1159428.035,10.48526133,76.44418417,0.000,-0.445,7.3,-7.3,0.0,0.0,1493,1493,RTK FIXED
5.365,082031.20,10.48525400,76.44418400,10.48525392,76.44418400,658051.449,1159426.869,108.10,658051.447,1159426.860,102.9,1,658051.359,1159428.035,10.48526133,76.44418417,0.000,-0.445,7.3,-7.3,0.0,0.0,1493,1493,RTK FIXED
5.411,082031.40,10.48525400,76.44418400,10.48525395,76.44418400,658051.408,1159426.859,108.10,658051.432,1159426.859,101.6,1,658051.359,1159428.035,10.48526133,76.44418417,0.000,-0.380,6.2,-6.2,0.0,0.0,1272,1272,RTK FIXED
5.466,082031.40,10.48525400,76.44418400,10.48525397,76.44418400,658051.408,1159426.859,108.10,658051.422,1159426.859,100.5,1,658051.359,1159428.035,10.48526133,76.44418417,0.000,-0.380,6.2,-6.2,0.5,0.0,1272,1272,RTK FIXED
5.511,082031.40,10.48525400,76.44418400,10.48525398,76.44418400,658051.408,1159426.859,108.10,658051.417,1159426.859,99.4,1,658051.359,1159428.035,10.48526133,76.44418417,0.000,-0.380,6.2,-6.2,0.0,0.0,1272,1272,RTK FIXED
5.564,082031.40,10.48525400,76.44418400,10.48525399,76.44418400,658051.408,1159426.859,108.10,658051.413,1159426.859,98.3,1,658051.359,1159428.035,10.48526133,76.44418417,0.000,-0.380,6.2,-6.2,0.0,0.0,1272,1272,RTK FIXED
5.610,082031.40,10.48525400,76.44418400,10.48525399,76.44418400,658051.408,1159426.859,108.10,658051.411,1159426.859,97.2,1,658051.359,1159428.035,10.48526133,76.44418417,0.000,-0.380,6.2,-6.2,0.0,0.0,1272,1272,RTK FIXED
5.665,082031.60,10.48525400,76.44418400,10.48525400,76.44418400,658051.374,1159426.855,108.10,658051.396,1159426.857,102.5,1,658051.359,1159428.035,10.48526133,76.44418417,0.000,-0.404,6.6,-6.6,-0.5,0.0,1353,1353,RTK FIXED
5.718,082031.60,10.48525400,76.44418400,10.48525400,76.44418400,658051.374,1159426.855,108.10,658051.387,1159426.856,101.4,1,658051.359,1159428.035,10.48526133,76.44418417,0.000,-0.404,6.6,-6.6,0.0,0.0,1353,1353,RTK FIXED
5.764,082031.60,10.48525400,76.44418400,10.48525400,76.44418400,658051.374,1159426.855,108.10,658051.382,1159426.856,100.2,1,658051.359,1159428.035,10.48526133,76.44418417,0.000,-0.404,6.6,-6.6,0.5,0.0,1353,1353,RTK FIXED
5.819,082031.60,10.48525400,76.44418400,10.48525400,76.44418400,658051.374,1159426.855,108.10,658051.379,1159426.855,99.1,1,658051.359,1159428.035,10.48526133,76.44418417,0.000,-0.404,6.6,-6.6,0.0,0.0,1353,1353,RTK FIXED
5.865,082031.80,10.48525400,76.44418400,10.48525400,76.44418400,658051.385,1159426.856,108.20,658051.381,1159426.855,97.9,1,658051.359,1159428.035,10.48526133,76.44418417,0.000,-0.357,5.8,-5.8,0.0,0.0,1194,1194,RTK FIXED
5.919,082031.80,10.48525400,76.44418400,10.48525400,76.44418400,658051.385,1159426.856,108.20,658051.383,1159426.856,96.9,1,658051.359,1159428.035,10.48526133,76.44418417,0.000,-0.357,5.8,-5.8,0.0,0.0,1194,1194,RTK FIXED
5.965,082031.80,10.48525400,76.44418400,10.48525400,76.44418400,658051.385,1159426.856,108.20,658051.384,1159426.856,95.9,1,658051.359,1159428.035,10.48526133,76.44418417,0.000,-0.357,5.8,-5.8,-0.5,0.0,1194,1194,RTK FIXED
6.019,082031.80,10.48525400,76.44418400,10.48525400,76.44418400,658051.385,1159426.856,108.20,658051.384,1159426.856,94.8,1,658051.359,1159428.035,10.48526133,76.44418417,0.000,-0.357,5.8,-5.8,0.5,0.0,1194,1194,RTK FIXED
6.064,082032.00,10.48525400,76.44418400,10.48525400,76.44418400,658051.359,1159426.854,108.10,658051.374,1159426.855,93.8,1,658051.359,1159428.035,10.48526133,76.44418417,0.000,-0.320,5.2,-5.2,0.0,0.0,1100,1100,RTK FIXED
6.119,082032.00,10.48525400,76.44418400,10.48525400,76.44418400,658051.359,1159426.854,108.10,658051.368,1159426.854,92.9,1,658051.359,1159428.035,10.48526133,76.44418417,0.000,-0.320,5.2,-5.2,0.0,0.0,1100,1100,RTK FIXED
6.165,082032.20,10.48525400,76.44418400,10.48525400,76.44418400,658051.347,1159426.854,108.10,658051.359,1159426.854,92.0,1,658051.359,1159428.035,10.48526133,76.44418417,0.000,-0.309,5.1,-5.1,-0.5,0.0,1100,1100,RTK FIXED
6.219,082032.20,10.48525400,76.44418400,10.48525400,76.44418400,658051.347,1159426.854,108.10,658051.354,1159426.854,91.1,1,658051.359,1159428.035,10.48526133,76.44418417,0.000,-0.309,5.1,-5.1,0.0,0.0,1100,1100,RTK FIXED
6.273,082032.20,10.48525400,76.44418400,10.48525400,76.44418400,658051.347,1159426.854,108.10,658051.351,1159426.854,90.2,1,658051.359,1159428.035,10.48526133,76.44418417,0.000,-0.309,5.1,-5.1,0.0,0.0,1100,1100,RTK FIXED
6.319,082032.20,10.48525400,76.44418400,10.48525400,76.44418400,658051.347,1159426.854,108.10,658051.350,1159426.854,89.3,1,658051.359,1159428.035,10.48526133,76.44418417,0.000,-0.309,5.1,-5.1,0.0,0.0,1100,1100,RTK FIXED
6.373,082032.20,10.48525400,76.44418400,10.48525400,76.44418400,658051.347,1159426.854,108.10,658051.348,1159426.854,88.4,1,658051.359,1159428.035,10.48526133,76.44418417,0.000,-0.309,5.1,-5.1,0.5,0.0,1100,1100,RTK FIXED
6.419,082032.20,10.48525400,76.44418400,10.48525400,76.44418400,658051.347,1159426.854,108.10,658051.348,1159426.854,87.6,1,658051.359,1159428.035,10.48526133,76.44418417,0.000,-0.309,5.1,-5.1,-0.5,0.0,1100,1100,RTK FIXED
6.473,082032.40,10.48525500,76.44418400,10.48525440,76.44418400,658051.312,1159426.965,108.10,658051.333,1159426.898,101.8,1,658051.359,1159428.035,10.48526133,76.44418417,0.000,-0.423,6.9,-6.9,0.0,0.0,1416,1416,RTK FIXED
6.519,082032.40,10.48525500,76.44418400,10.48525464,76.44418400,658051.312,1159426.965,108.10,658051.325,1159426.925,100.6,1,658051.359,1159428.035,10.48526133,76.44418417,0.000,-0.423,6.9,-6.9,0.5,0.0,1416,1416,RTK FIXED
6.573,082032.40,10.48525500,76.44418400,10.48525478,76.44418400,658051.312,1159426.965,108.10,658051.320,1159426.941,99.3,1,658051.359,1159428.035,10.48526133,76.44418417,0.000,-0.423,6.9,-6.9,0.0,0.0,1416,1416,RTK FIXED
6.619,082032.40,10.48525500,76.44418400,10.48525487,76.44418400,658051.312,1159426.965,108.10,658051.317,1159426.951,98.1,1,658051.359,1159428.035,10.48526133,76.44418417,0.000,-0.423,6.9,-6.9,-0.5,0.0,1416,1416,RTK FIXED
6.673,082032.60,10.48525500,76.44418400,10.48525492,76.44418400,658051.378,1159426.966,108.10,658051.341,1159426.957,96.9,1,658051.359,1159428.035,10.48526133,76.44418417,0.000,-0.353,5.8,-5.8,0.0,0.0,1184,1184,RTK FIXED
6.719,082032.60,10.48525500,76.44418400,10.48525495,76.44418400,658051.378,1159426.966,108.10,658051.356,1159426.960,95.9,1,658051.359,1159428.035,10.48526133,76.44418417,0.000,-0.353,5.8,-5.8,0.0,-0.5,1184,1184,RTK FIXED
6.772,082032.60,10.48525500,76.44418400,10.48525497,76.44418400,658051.378,1159426.966,108.10,658051.365,1159426.963,94.9,1,658051.359,1159428.035,10.48526133,76.44418417,0.000,-0.353,5.8,-5.8,0.5,-1.4,1184,1184,RTK FIXED
6.827,082032.60,10.48525500,76.44418400,10.48525498,76.44418400,658051.378,1159426.966,108.10,658051.370,1159426.964,93.9,1,658051.359,1159428.035,10.48526133,76.44418417,0.000,-0.353,5.8,-5.8,0.0,-0.9,1184,1184,RTK FIXED
6.873,082032.80,10.48525500,76.44418400,10.48525499,76.44418400,658051.352,1159426.964,108.10,658051.363,1159426.964,92.9,1,658051.359,1159428.035,10.48526133,76.44418417,0.000,-0.306,5.0,-5.0,-0.5,-1.6,1100,1100,RTK FIXED
6.927,082032.80,10.48525500,76.44418400,10.48525499,76.44418400,658051.352,1159426.964,108.10,658051.359,1159426.964,92.0,1,658051.359,1159428.035,10.48526133,76.44418417,0.000,-0.306,5.0,-5.0,0.0,-2.3,1100,1100,RTK FIXED
6.973,082032.80,10.48525500,76.44418400,10.48525500,76.44418400,658051.352,1159426.964,108.10,658051.356,1159426.964,91.1,1,658051.359,1159428.035,10.48526133,76.44418417,0.000,-0.306,5.0,-5.0,0.5,-1.1,1100,1100,RTK FIXED
7.028,082032.80,10.48525500,76.44418400,10.48525500,76.44418400,658051.352,1159426.964,108.10,658051.354,1159426.964,90.2,1,658051.359,1159428.035,10.48526133,76.44418417,0.000,-0.306,5.0,-5.0,0.0,-0.9,1100,1100,RTK FIXED
7.074,082033.00,10.48525500,76.44418400,10.48525500,76.44418400,658051.329,1159426.964,108.10,658051.344,1159426.964,89.4,1,658051.359,1159428.035,10.48526133,76.44418417,0.000,-0.271,4.4,-4.4,0.0,0.0,1100,1100,RTK FIXED
7.128,082033.00,10.48525500,76.44418400,10.48525500,76.44418400,658051.329,1159426.964,108.10,658051.338,1159426.964,88.6,1,658051.359,1159428.035,10.48526133,76.44418417,0.000,-0.271,4.4,-4.4,0.0,0.0,1100,1100,RTK FIXED
7.337,082033.20,10.48525500,76.44418400,10.48525500,76.44418400,658051.319,1159426.965,108.10,658051.331,1159426.965,87.8,1,658051.359,1159428.035,10.48526133,76.44418417,0.363,-0.049,10.0,9.2,0.0,0.0,450,450,RTK FIXED
7.374,082033.40,10.48525500,76.44418400,10.48525500,76.44418400,658051.319,1159426.965,108.10,658051.326,1159426.965,87.8,1,658051.359,1159428.035,10.48526133,76.44418417,0.362,-0.051,10.0,9.2,0.0,0.0,900,900,RTK FIXED
7.419,082033.40,10.48525500,76.44418400,10.48525500,76.44418400,658051.319,1159426.965,108.10,658051.323,1159426.965,87.8,1,658051.359,1159428.035,10.48526133,76.44418417,0.362,-0.051,10.0,9.2,0.0,0.0,1350,1350,RTK FIXED
7.474,082033.40,10.48525500,76.44418400,10.48525500,76.44418400,658051.319,1159426.965,108.10,658051.322,1159426.965,87.8,1,658051.359,1159428.035,10.48526133,76.44418417,0.362,-0.051,10.0,9.2,0.0,0.0,1800,1800,RTK FIXED
7.520,082033.40,10.48525500,76.44418400,10.48525500,76.44418400,658051.319,1159426.965,108.10,658051.321,1159426.965,87.8,1,658051.359,1159428.035,10.48526133,76.44418417,0.362,-0.051,10.0,9.2,0.0,0.0,2047,1880,RTK FIXED
7.574,082033.40,10.48525500,76.44418400,10.48525500,76.44418400,658051.319,1159426.965,108.10,658051.320,1159426.965,87.8,1,658051.359,1159428.035,10.48526133,76.44418417,0.362,-0.051,10.0,9.2,-0.5,0.0,2047,1880,RTK FIXED
7.620,082033.40,10.48525500,76.44418400,10.48525500,76.44418400,658051.319,1159426.965,108.10,658051.320,1159426.965,87.8,1,658051.359,1159428.035,10.48526133,76.44418417,0.362,-0.051,10.0,9.2,0.5,0.0,2047,1880,RTK FIXED
7.675,082033.60,10.48525500,76.44418400,10.48525500,76.44418400,658051.319,1159426.965,108.10,658051.320,1159426.965,87.8,1,658051.359,1159428.035,10.48526133,76.44418417,0.362,-0.053,10.0,9.2,-0.5,0.9,2047,1875,RTK FIXED
7.720,082033.60,10.48525500,76.44418400,10.48525500,76.44418400,658051.319,1159426.965,108.10,658051.320,1159426.965,87.8,1,658051.359,1159428.035,10.48526133,76.44418417,0.362,-0.053,10.0,9.2,0.5,1.1,2047,1875,RTK FIXED
7.774,082033.60,10.48525500,76.44418400,10.48525500,76.44418400,658051.319,1159426.965,108.10,658051.319,1159426.965,87.8,1,658051.359,1159428.035,10.48526133,76.44418417,0.362,-0.053,10.0,9.2,0.0,1.9,2047,1875,RTK FIXED
7.828,082033.60,10.48525500,76.44418400,10.48525500,76.44418400,658051.319,1159426.965,108.10,658051.319,1159426.965,87.8,1,658051.359,1159428.035,10.48526133,76.44418417,0.362,-0.053,10.0,9.2,-0.5,2.3,2047,1875,RTK FIXED
7.875,082033.80,10.48525500,76.44418400,10.48525500,76.44418400,658051.319,1159426.965,108.10,658051.319,1159426.965,87.8,1,658051.359,1159428.035,10.48526133,76.44418417,0.362,-0.054,10.0,9.1,0.0,2.1,2047,1872,RTK FIXED
7.928,082033.80,10.48525500,76.44418400,10.48525500,76.44418400,658051.319,1159426.965,108.10,658051.319,1159426.965,87.8,1,658051.359,1159428.035,10.48526133,76.44418417,0.362,-0.054,10.0,9.1,0.0,2.3,2047,1872,RTK FIXED
7.974,082033.80,10.48525500,76.44418400,10.48525500,76.44418400,658051.319,1159426.965,108.10,658051.319,1159426.965,87.8,1,658051.359,1159428.035,10.48526133,76.44418417,0.362,-0.054,10.0,9.1,0.5,2.7,2047,1872,RTK FIXED
8.029,082033.80,10.48525500,76.44418400,10.48525500,76.44418400,658051.319,1159426.965,108.10,658051.319,1159426.965,87.8,1,658051.359,1159428.035,10.48526133,76.44418417,0.362,-0.054,10.0,9.1,-0.5,3.2,2047,1872,RTK FIXED
8.075,082034.00,10.48525500,76.44418400,10.48525500,76.44418400,658051.319,1159426.965,108.10,658051.319,1159426.965,87.8,1,658051.359,1159428.035,10.48526133,76.44418417,0.362,-0.054,10.0,9.1,0.0,2.7,2047,1871,RTK FIXED
8.128,082034.00,10.48525500,76.44418400,10.48525500,76.44418400,658051.319,1159426.965,108.10,658051.319,1159426.965,87.8,1,658051.359,1159428.035,10.48526133,76.44418417,0.362,-0.054,10.0,9.1,0.5,2.8,2047,1871,RTK FIXED
8.175,082034.20,10.48525500,76.44418400,10.48525500,76.44418400,658051.319,1159426.965,108.10,658051.319,1159426.965,87.8,1,658051.359,1159428.035,10.48526133,76.44418417,0.362,-0.055,10.0,9.1,0.0,4.8,2047,1870,RTK FIXED
8.228,082034.20,10.48525500,76.44418400,10.48525500,76.44418400,658051.319,1159426.965,108.10,658051.319,1159426.965,87.8,1,658051.359,1159428.035,10.48526133,76.44418417,0.362,-0.055,10.0,9.1,0.0,5.6,2047,1870,RTK FIXED
8.275,082034.20,10.48525500,76.44418400,10.48525500,76.44418400,658051.319,1159426.965,108.10,658051.319,1159426.965,87.8,1,658051.359,1159428.035,10.48526133,76.44418417,0.362,-0.055,10.0,9.1,0.0,5.4,2047,1870,RTK FIXED
8.328,082034.20,10.48525500,76.44418400,10.48525500,76.44418400,658051.319,1159426.965,108.10,658051.319,1159426.965,87.8,1,658051.359,1159428.035,10.48526133,76.44418417,0.362,-0.055,10.0,9.1,-0.5,7.0,2047,1870,RTK FIXED
8.382,082034.20,10.48525500,76.44418400,10.48525500,76.44418400,658051.319,1159426.965,108.10,658051.319,1159426.965,87.8,1,658051.359,1159428.035,10.48526133,76.44418417,0.362,-0.055,10.0,9.1,0.5,7.9,2047,1870,RTK FIXED
8.428,082034.20,10.48525500,76.44418400,10.48525500,76.44418400,658051.319,1159426.965,108.10,658051.319,1159426.965,87.8,1,658051.359,1159428.035,10.48526133,76.44418417,0.362,-0.055,10.0,9.1,0.0,9.2,2047,1870,RTK FIXED
8.483,082034.40,10.48525500,76.44418400,10.48525500,76.44418400,658051.319,1159426.965,108.10,658051.319,1159426.965,87.8,1,658051.359,1159428.035,10.48526133,76.44418417,0.362,-0.055,10.0,9.1,-0.5,10.1,2047,1869,RTK FIXED
8.529,082034.40,10.48525500,76.44418400,10.48525500,76.44418400,658051.319,1159426.965,108.10,658051.319,1159426.965,87.8,1,658051.359,1159428.035,10.48526133,76.44418417,0.362,-0.055,10.0,9.1,0.5,10.9,2047,1869,RTK FIXED
8.583,082034.40,10.48525500,76.44418400,10.48525500,76.44418400,658051.319,1159426.965,108.10,658051.319,1159426.965,87.8,1,658051.359,1159428.035,10.48526133,76.44418417,0.362,-0.055,10.0,9.1,-0.5,12.4,2047,1869,RTK FIXED
8.636,082034.40,10.48525500,76.44418400,10.48525500,76.44418400,658051.319,1159426.965,108.10,658051.319,1159426.965,87.8,1,658051.359,1159428.035,10.48526133,76.44418417,0.362,-0.055,10.0,9.1,0.5,13.1,2047,1869,RTK FIXED
8.683,082034.60,10.48525600,76.44418300,10.48525540,76.44418360,658051.209,1159427.075,108.10,658051.275,1159427.009,98.1,1,658051.359,1159428.035,10.48526133,76.44418417,0.332,-0.162,10.0,7.4,0.0,13.4,2047,1523,RTK FIXED
8.737,082034.60,10.48525600,76.44418300,10.48525564,76.44418336,658051.209,1159427.075,108.10,658051.249,1159427.035,98.1,1,658051.359,1159428.035,10.48526133,76.44418417,0.332,-0.162,10.0,7.4,-0.5,14.5,2047,1523,RTK FIXED
8.783,082034.60,10.48525600,76.44418300,10.48525578,76.44418322,658051.209,1159427.075,108.10,658051.233,1159427.051,98.1,1,658051.359,1159428.035,10.48526133,76.44418417,0.332,-0.162,10.0,7.4,0.5,13.0,2047,1523,RTK FIXED
8.836,082034.60,10.48525600,76.44418300,10.48525587,76.44418313,658051.209,1159427.075,108.10,658051.224,1159427.061,98.1,1,658051.359,1159428.035,10.48526133,76.44418417,0.332,-0.162,10.0,7.4,0.0,11.6,2047,1523,RTK FIXED
8.883,082034.80,10.48525600,76.44418300,10.48525592,76.44418308,658051.276,1159427.077,108.10,658051.244,1159427.067,98.1,1,658051.359,1159428.035,10.48526133,76.44418417,0.334,-0.157,10.0,7.5,-0.5,11.2,2047,1539,RTK FIXED
8.937,082034.80,10.48525600,76.44418300,10.48525595,76.44418305,658051.276,1159427.077,108.10,658051.257,1159427.071,98.1,1,658051.359,1159428.035,10.48526133,76.44418417,0.334,-0.157,10.0,7.5,0.5,10.8,2047,1539,RTK FIXED
8.983,082034.80,10.48525600,76.44418300,10.48525597,76.44418303,658051.276,1159427.077,108.10,658051.264,1159427.073,98.1,1,658051.359,1159428.035,10.48526133,76.44418417,0.334,-0.157,10.0,7.5,-0.5,10.9,2047,1539,RTK FIXED
9.038,082034.80,10.48525600,76.44418300,10.48525598,76.44418302,658051.276,1159427.077,108.10,658051.269,1159427.075,98.1,1,658051.359,1159428.035,10.48526133,76.44418417,0.334,-0.157,10.0,7.5,0.0,11.1,2047,1539,RTK FIXED
9.084,082035.00,10.48525600,76.44418300,10.48525599,76.44418301,658051.276,1159427.077,108.10,658051.272,1159427.075,98.1,1,658051.359,1159428.035,10.48526133,76.44418417,0.335,-0.154,10.0,7.6,0.5,10.7,2047,1549,RTK FIXED
9.136,082035.00,10.48525600,76.44418300,10.48525599,76.44418301,658051.276,1159427.077,108.10,658051.273,1159427.076,98.1,1,658051.359,1159428.035,10.48526133,76.44418417,0.335,-0.154,10.0,7.6,-0.5,11.3,2047,1549,RTK FIXED
9.184,082035.20,10.48525600,76.44418300,10.48525600,76.44418300,658051.276,1159427.077,108.20,658051.274,1159427.076,98.1,1,658051.359,1159428.035,10.48526133,76.44418417,0.335,-0.153,10.0,7.6,0.0,10.6,2047,1555,RTK FIXED
9.237,082035.20,10.48525600,76.44418300,10.48525600,76.44418300,658051.276,1159427.077,108.20,658051.275,1159427.076,98.1,1,658051.359,1159428.035,10.48526133,76.44418417,0.335,-0.153,10.0,7.6,0.5,10.3,2047,1555,RTK FIXED
9.291,082035.20,10.48525600,76.44418300,10.48525600,76.44418300,658051.276,1159427.077,108.20,658051.275,1159427.076,98.1,1,658051.359,1159428.035,10.48526133,76.44418417,0.335,-0.153,10.0,7.6,0.0,10.2,2047,1555,RTK FIXED
9.337,082035.20,10.48525600,76.44418300,10.48525600,76.44418300,658051.276,1159427.077,108.20,658051.275,1159427.077,98.1,1,658051.359,1159428.035,10.48526133,76.44418417,0.335,-0.153,10.0,7.6,-0.5,10.3,2047,1555,RTK FIXED
9.392,082035.40,10.48525700,76.44418300,10.48525640,76.44418300,658051.275,1159427.187,108.20,658051.275,1159427.121,95.7,1,658051.359,1159428.035,10.48526133,76.44418417,0.346,-0.122,10.0,8.1,0.5,11.0,2047,1655,RTK FIXED
9.437,082035.40,10.48525700,76.44418300,10.48525664,76.44418300,658051.275,1159427.187,108.20,658051.275,1159427.147,95.7,1,658051.359,1159428.035,10.48526133,76.44418417,0.346,-0.122,10.0,8.1,-0.5,10.4,2047,1655,RTK FIXED
9.491,082035.40,10.48525700,76.44418300,10.48525678,76.44418300,658051.275,1159427.187,108.20,658051.275,1159427.163,95.7,1,658051.359,1159428.035,10.48526133,76.44418417,0.346,-0.122,10.0,8.1,0.5,11.1,2047,1655,RTK FIXED
9.537,082035.40,10.48525700,76.44418300,10.48525687,76.44418300,658051.275,1159427.187,108.20,658051.275,1159427.173,95.7,1,658051.359,1159428.035,10.48526133,76.44418417,0.346,-0.122,10.0,8.1,-0.5,11.5,2047,1655,RTK FIXED
9.591,082035.40,10.48525700,76.44418300,10.48525692,76.44418300,658051.275,1159427.187,108.20,658051.275,1159427.179,95.7,1,658051.359,1159428.035,10.48526133,76.44418417,0.346,-0.122,10.0,8.1,0.0,11.4,2047,1655,RTK FIXED
9.638,082035.40,10.48525700,76.44418300,10.48525695,76.44418300,658051.275,1159427.187,108.20,658051.275,1159427.182,95.7,1,658051.359,1159428.035,10.48526133,76.44418417,0.346,-0.122,10.0,8.1,0.5,11.8,2047,1655,RTK FIXED
9.691,082035.60,10.48525700,76.44418300,10.48525697,76.44418300,658051.260,1159427.186,108.20,658051.269,1159427.184,95.7,1,658051.359,1159428.035,10.48526133,76.44418417,0.347,-0.120,10.0,8.1,-0.5,12.1,2047,1663,RTK FIXED
9.737,082035.60,10.48525700,76.44418300,10.48525698,76.44418300,658051.260,1159427.186,108.20,658051.265,1159427.184,95.7,1,658051.359,1159428.035,10.48526133,76.44418417,0.347,-0.120,10.0,8.1,0.5,12.5,2047,1663,RTK FIXED
9.792,082035.60,10.48525700,76.44418300,10.48525699,76.44418300,658051.260,1159427.186,108.20,658051.263,1159427.185,95.7,1,658051.359,1159428.035,10.48526133,76.44418417,0.347,-0.120,10.0,8.1,0.0,12.0,2047,1663,RTK FIXED
9.837,082035.60,10.48525700,76.44418300,10.48525699,76.44418300,658051.260,1159427.186,108.20,658051.262,1159427.185,95.7,1,658051.359,1159428.035,10.48526133,76.44418417,0.347,-0.120,10.0,8.1,-0.5,12.1,2047,1663,RTK FIXED
9.892,082035.80,10.48525700,76.44418300,10.48525700,76.44418300,658051.260,1159427.186,108.20,658051.261,1159427.185,95.7,1,658051.359,1159428.035,10.48526133,76.44418417,0.347,-0.118,10.0,8.1,0.0,12.2,2047,1667,RTK FIXED
9.945,082035.80,10.48525700,76.44418300,10.48525700,76.44418300,658051.260,1159427.186,108.20,658051.261,1159427.186,95.7,1,658051.359,1159428.035,10.48526133,76.44418417,0.347,-0.118,10.0,8.1,0.5,12.4,2047,1667,RTK FIXED
9.992,082035.80,10.48525700,76.44418300,10.48525700,76.44418300,658051.260,1159427.186,108.20,658051.260,1159427.186,95.7,1,658051.359,1159428.035,10.48526133,76.44418417,0.347,-0.118,10.0,8.1,-0.5,12.8,2047,1667,RTK FIXED
10.047,082035.80,10.48525700,76.44418300,10.48525700,76.44418300,658051.260,1159427.186,108.20,658051.260,1159427.186,95.7,1,658051.359,1159428.035,10.48526133,76.44418417,0.347,-0.118,10.0,8.1,0.0,12.3,2047,1667,RTK FIXED
10.092,082036.00,10.48525800,76.44418300,10.48525740,76.44418300,658051.259,1159427.296,108.20,658051.260,1159427.230,96.1,1,658051.359,1159428.035,10.48526133,76.44418417,0.349,-0.113,10.0,8.2,0.5,12.1,2047,1686,RTK FIXED
10.146,082036.00,10.48525800,76.44418300,10.48525764,76.44418300,658051.259,1159427.296,108.20,658051.260,1159427.257,96.1,1,658051.359,1159428.035,10.48526133,76.44418417,0.349,-0.113,10.0,8.2,-0.5,12.2,2047,1686,RTK FIXED
10.192,082036.00,10.48525800,76.44418300,10.48525778,76.44418300,658051.259,1159427.296,108.20,658051.260,1159427.272,96.1,1,658051.359,1159428.035,10.48526133,76.44418417,0.349,-0.113,10.0,8.2,0.5,12.5,2047,1686,RTK FIXED
10.246,082036.20,10.48525800,76.44418200,10.48525787,76.44418260,658051.152,1159427.296,108.20,658051.217,1159427.282,96.1,1,658051.359,1159428.035,10.48526133,76.44418417,0.344,-0.129,10.0,8.0,0.0,12.9,2047,1632,RTK FIXED
10.293,082036.20,10.48525800,76.44418200,10.48525792,76.44418236,658051.152,1159427.296,108.20,658051.191,1159427.288,96.1,1,658051.359,1159428.035,10.48526133,76.44418417,0.344,-0.129,10.0,8.0,-0.5,12.4,2047,1632,RTK FIXED
10.346,082036.20,10.48525800,76.44418200,10.48525795,76.44418222,658051.152,1159427.296,108.20,658051.175,1159427.291,96.1,1,658051.359,1159428.035,10.48526133,76.44418417,0.344,-0.129,10.0,8.0,0.0,12.7,2047,1632,RTK FIXED
10.555,082036.40,10.48525800,76.44418200,10.48525797,76.44418213,658051.152,1159427.296,108.20,658051.166,1159427.293,110.3,1,658051.359,1159428.035,10.48526133,76.44418417,0.000,-0.480,7.9,-7.9,0.1,12.0,450,450,RTK FIXED
10.592,082036.40,10.48525800,76.44418200,10.48525798,76.44418208,658051.152,1159427.296,108.20,658051.161,1159427.294,108.9,1,658051.359,1159428.035,10.48526133,76.44418417,0.000,-0.480,7.9,-7.9,-0.7,9.9,900,900,RTK FIXED
10.639,082036.40,10.48525800,76.44418200,10.48525799,76.44418205,658051.152,1159427.296,108.20,658051.157,1159427.295,107.6,1,658051.359,1159428.035,10.48526133,76.44418417,0.000,-0.480,7.9,-7.9,0.5,9.2,1350,1350,RTK FIXED
10.693,082036.60,10.48525900,76.44418200,10.48525839,76.44418203,658051.216,1159427.418,108.20,658051.181,1159427.344,106.2,1,658051.359,1159428.035,10.48526133,76.44418417,0.000,-0.465,7.6,-7.6,0.0,8.8,1559,1559,RTK FIXED
10.739,082036.60,10.48525900,76.44418200,10.48525864,76.44418202,658051.216,1159427.418,108.20,658051.195,1159427.373,104.9,1,658051.359,1159428.035,10.48526133,76.44418417,0.000,-0.465,7.6,-7.6,0.0,8.2,1559,1559,RTK FIXED
10.792,082036.60,10.48525900,76.44418200,10.48525878,76.44418201,658051.216,1159427.418,108.20,658051.203,1159427.391,103.5,1,658051.359,1159428.035,10.48526133,76.44418417,0.000,-0.465,7.6,-7.6,0.0,7.1,1559,1559,RTK FIXED
10.839,082036.60,10.48525900,76.44418200,10.48525887,76.44418201,658051.216,1159427.418,108.20,658051.208,1159427.402,102.2,1,658051.359,1159428.035,10.48526133,76.44418417,0.000,-0.465,7.6,-7.6,-0.5,5.8,1559,1559,RTK FIXED
10.893,082036.80,10.48525900,76.44418200,10.48525892,76.44418200,658051.182,1159427.410,108.20,658051.198,1159427.405,97.3,1,658051.359,1159428.035,10.48526133,76.44418417,0.000,-0.362,5.9,-5.9,0.0,5.1,1212,1212,RTK FIXED
10.939,082036.80,10.48525900,76.44418200,10.48525895,76.44418200,658051.182,1159427.410,108.20,658051.192,1159427.407,96.2,1,658051.359,1159428.035,10.48526133,76.44418417,0.000,-0.362,5.9,-5.9,0.5,4.9,1212,1212,RTK FIXED
10.992,082036.80,10.48525900,76.44418200,10.48525897,76.44418200,658051.182,1159427.410,108.20,658051.188,1159427.408,95.2,1,658051.359,1159428.035,10.48526133,76.44418417,0.000,-0.362,5.9,-5.9,0.0,4.2,1212,1212,RTK FIXED
11.039,082036.80,10.48525900,76.44418200,10.48525898,76.44418200,658051.182,1159427.410,108.20,658051.186,1159427.409,94.2,1,658051.359,1159428.035,10.48526133,76.44418417,0.000,-0.362,5.9,-5.9,0.0,3.8,1212,1212,RTK FIXED
11.093,082037.00,10.48525900,76.44418200,10.48525899,76.44418200,658051.133,1159427.406,108.20,658051.165,1159427.408,93.1,1,658051.359,1159428.035,10.48526133,76.44418417,0.000,-0.326,5.3,-5.3,-0.5,3.2,1100,1100,RTK FIXED
11.139,082037.00,10.48525900,76.44418200,10.48525899,76.44418200,658051.133,1159427.406,108.20,658051.152,1159427.407,92.2,1,658051.359,1159428.035,10.48526133,76.44418417,0.000,-0.326,5.3,-5.3,0.5,2.7,1100,1100,RTK FIXED
11.193,082037.20,10.48525900,76.44418200,10.48525900,76.44418200,658051.121,1159427.406,108.20,658051.139,1159427.406,91.2,1,658051.359,1159428.035,10.48526133,76.44418417,0.000,-0.315,5.2,-5.2,0.0,1.8,1100,1100,RTK FIXED
11.247,082037.20,10.48525900,76.44418200,10.48525900,76.44418200,658051.121,1159427.406,108.20,658051.132,1159427.406,90.3,1,658051.359,1159428.035,10.48526133,76.44418417,0.000,-0.315,5.2,-5.2,0.0,1.4,1100,1100,RTK FIXED
11.293,082037.20,10.48525900,76.44418200,10.48525900,76.44418200,658051.121,1159427.406,108.20,658051.127,1159427.406,89.4,1,658051.359,1159428.035,10.48526133,76.44418417,0.000,-0.315,5.2,-5.2,-0.5,1.1,1100,1100,RTK FIXED
11.349,082037.20,10.48525900,76.44418200,10.48525900,76.44418200,658051.121,1159427.406,108.20,658051.125,1159427.406,88.5,1,658051.359,1159428.035,10.48526133,76.44418417,0.000,-0.315,5.2,-5.2,0.5,0.9,1100,1100,RTK FIXED
11.393,082037.40,10.48525900,76.44418200,10.48525900,76.44418200,658051.097,1159427.406,108.20,658051.114,1159427.406,87.6,1,658051.359,1159428.035,10.48526133,76.44418417,0.000,-0.286,4.7,-4.7,0.0,0.0,1100,1100,RTK FIXED
11.447,082037.40,10.48525900,76.44418200,10.48525900,76.44418200,658051.097,1159427.406,108.20,658051.107,1159427.406,86.8,1,658051.359,1159428.035,10.48526133,76.44418417,0.000,-0.286,4.7,-4.7,-0.5,0.0,1100,1100,RTK FIXED
11.492,082037.40,10.48525900,76.44418200,10.48525900,76.44418200,658051.097,1159427.406,108.20,658051.103,1159427.406,86.0,1,658051.359,1159428.035,10.48526133,76.44418417,0.000,-0.286,4.7,-4.7,0.5,0.0,1100,1100,RTK FIXED
11.547,082037.40,10.48525900,76.44418200,10.48525900,76.44418200,658051.097,1159427.406,108.20,658051.101,1159427.406,85.2,1,658051.359,1159428.035,10.48526133,76.44418417,0.000,-0.286,4.7,-4.7,0.0,0.0,1100,1100,RTK FIXED
11.593,082037.40,10.48525900,76.44418200,10.48525900,76.44418200,658051.097,1159427.406,108.20,658051.099,1159427.406,84.4,1,658051.359,1159428.035,10.48526133,76.44418417,0.000,-0.286,4.7,-4.7,-0.5,0.0,1100,1100,RTK FIXED
11.647,082037.40,10.48525900,76.44418200,10.48525900,76.44418200,658051.097,1159427.406,108.20,658051.099,1159427.406,83.5,1,658051.359,1159428.035,10.48526133,76.44418417,0.000,-0.286,4.7,-4.7,0.5,0.0,1100,1100,RTK FIXED
11.694,082037.60,10.48525900,76.44418200,10.48525900,76.44418200,658051.066,1159427.410,108.20,658051.085,1159427.408,104.5,1,658051.359,1159428.035,10.48526133,76.44418417,0.000,-0.480,7.9,-7.9,0.0,0.5,1550,1550,RTK FIXED
11.747,082037.60,10.48525900,76.44418200,10.48525900,76.44418200,658051.066,1159427.410,108.20,658051.078,1159427.409,103.2,1,658051.359,1159428.035,10.48526133,76.44418417,0.000,-0.480,7.9,-7.9,-0.5,0.0,1608,1608,RTK FIXED
11.800,082037.60,10.48525900,76.44418200,10.48525900,76.44418200,658051.066,1159427.410,108.20,658051.073,1159427.409,101.8,1,658051.359,1159428.035,10.48526133,76.44418417,0.000,-0.480,7.9,-7.9,0.0,0.0,1608,1608,RTK FIXED
11.847,082037.60,10.48525900,76.44418200,10.48525900,76.44418200,658051.066,1159427.410,108.20,658051.070,1159427.409,100.4,1,658051.359,1159428.035,10.48526133,76.44418417,0.000,-0.480,7.9,-7.9,0.5,0.0,1608,1608,RTK FIXED
11.902,082037.80,10.48525900,76.44418200,10.48525900,76.44418200,658051.171,1159427.409,108.20,658051.110,1159427.409,99.0,1,658051.359,1159428.035,10.48526133,76.44418417,0.000,-0.412,6.7,-6.7,0.0,0.0,1379,1379,RTK FIXED
11.947,082037.80,10.48525900,76.44418200,10.48525900,76.44418200,658051.171,1159427.409,108.20,658051.134,1159427.409,97.9,1,658051.359,1159428.035,10.48526133,76.44418417,0.000,-0.412,6.7,-6.7,0.0,0.0,1379,1379,RTK FIXED
12.001,082037.80,10.48525900,76.44418200,10.48525900,76.44418200,658051.171,1159427.409,108.20,658051.149,1159427.409,96.7,1,658051.359,1159428.035,10.48526133,76.44418417,0.000,-0.412,6.7,-6.7,-0.5,-0.5,1379,1379,RTK FIXED
12.048,082038.00,10.48525900,76.44418200,10.48525900,76.44418200,658051.148,1159427.406,108.20,658051.149,1159427.408,95.5,1,658051.359,1159428.035,10.48526133,76.44418417,0.000,-0.367,6.0,-6.0,0.0,-1.6,1230,1230,RTK FIXED
12.101,082038.00,10.48525900,76.44418200,10.48525900,76.44418200,658051.148,1159427.406,108.20,658051.148,1159427.407,94.4,1,658051.359,1159428.035,10.48526133,76.44418417,0.000,-0.367,6.0,-6.0,0.0,-0.9,1230,1230,RTK FIXED
12.148,082038.00,10.48525900,76.44418200,10.48525900,76.44418200,658051.148,1159427.406,108.20,658051.148,1159427.407,93.4,1,658051.359,1159428.035,10.48526133,76.44418417,0.000,-0.367,6.0,-6.0,0.5,-2.1,1230,1230,RTK FIXED
12.202,082038.20,10.48525900,76.44418200,10.48525900,76.44418200,658051.128,1159427.406,108.20,658051.140,1159427.406,92.3,1,658051.359,1159428.035,10.48526133,76.44418417,0.000,-0.334,5.5,-5.5,0.0,-2.8,1119,1119,RTK FIXED
12.248,082038.20,10.48525900,76.44418200,10.48525900,76.44418200,658051.128,1159427.406,108.20,658051.135,1159427.406,91.4,1,658051.359,1159428.035,10.48526133,76.44418417,0.000,-0.334,5.5,-5.5,-0.5,-2.7,1119,1119,RTK FIXED
12.302,082038.20,10.48525900,76.44418200,10.48525900,76.44418200,658051.128,1159427.406,108.20,658051.132,1159427.406,90.4,1,658051.359,1159428.035,10.48526133,76.44418417,0.000,-0.334,5.5,-5.5,0.5,-1.9,1119,1119,RTK FIXED
12.348,082038.20,10.48525900,76.44418200,10.48525900,76.44418200,658051.128,1159427.406,108.20,658051.130,1159427.406,89.5,1,658051.359,1159428.035,10.48526133,76.44418417,0.000,-0.334,5.5,-5.5,0.0,-1.1,1119,1119,RTK FIXED
12.402,082038.20,10.48525900,76.44418200,10.48525900,76.44418200,658051.128,1159427.406,108.20,658051.129,1159427.406,88.5,1,658051.359,1159428.035,10.48526133,76.44418417,0.000,-0.334,5.5,-5.5,0.0,-0.9,1119,1119,RTK FIXED
12.456,082038.20,10.48525900,76.44418200,10.48525900,76.44418200,658051.128,1159427.406,108.20,658051.129,1159427.406,87.6,1,658051.359,1159428.035,10.48526133,76.44418417,0.000,-0.334,5.5,-5.5,0.0,-0.9,1119,1119,RTK FIXED
12.502,082038.40,10.48525900,76.44418200,10.48525900,76.44418200,658051.091,1159427.407,108.20,658051.113,1159427.406,86.6,1,658051.359,1159428.035,10.48526133,76.44418417,0.000,-0.279,4.6,-4.6,0.0,-1.1,1100,1100,RTK FIXED
12.556,082038.40,10.48525900,76.44418200,10.48525900,76.44418200,658051.091,1159427.407,108.20,658051.104,1159427.406,85.8,1,658051.359,1159428.035,10.48526133,76.44418417,0.000,-0.279,4.6,-4.6,0.0,-0.5,1100,1100,RTK FIXED
12.602,082038.40,10.48525900,76.44418200,10.48525900,76.44418200,658051.091,1159427.407,108.20,658051.099,1159427.407,85.0,1,658051.359,1159428.035,10.48526133,76.44418417,0.000,-0.279,4.6,-4.6,-0.5,-1.1,1100,1100,RTK FIXED
12.657,082038.40,10.48525900,76.44418200,10.48525900,76.44418200,658051.091,1159427.407,108.20,658051.096,1159427.407,84.2,1,658051.359,1159428.035,10.48526133,76.44418417,0.000,-0.279,4.6,-4.6,0.5,-0.9,1100,1100,RTK FIXED
12.865,082038.60,10.48525900,76.44418200,10.48525900,76.44418200,658051.070,1159427.409,108.20,658051.085,1159427.408,83.4,1,658051.359,1159428.035,10.48526133,76.44418417,0.363,-0.045,10.0,9.3,0.0,-0.4,450,450,RTK FIXED
12.903,082038.80,10.48525900,76.44418200,10.48525900,76.44418200,658051.070,1159427.409,108.20,658051.079,1159427.408,83.4,1,658051.359,1159428.035,10.48526133,76.44418417,0.363,-0.050,10.0,9.2,0.0,0.0,900,900,RTK FIXED
12.948,082038.80,10.48525900,76.44418200,10.48525900,76.44418200,658051.070,1159427.409,108.20,658051.076,1159427.409,83.4,1,658051.359,1159428.035,10.48526133,76.44418417,0.363,-0.050,10.0,9.2,0.0,0.0,1350,1350,RTK FIXED
13.006,082038.80,10.48525900,76.44418200,10.48525900,76.44418200,658051.070,1159427.409,108.20,658051.073,1159427.409,83.4,1,658051.359,1159428.035,10.48526133,76.44418417,0.363,-0.050,10.0,9.2,0.0,0.0,1800,1800,RTK FIXED
13.048,082038.80,10.48525900,76.44418200,10.48525900,76.44418200,658051.070,1159427.409,108.20,658051.072,1159427.409,83.4,1,658051.359,1159428.035,10.48526133,76.44418417,0.363,-0.050,10.0,9.2,0.0,0.0,2047,1884,RTK FIXED
13.103,082039.00,10.48525900,76.44418200,10.48525900,76.44418200,658051.070,1159427.409,108.10,658051.071,1159427.409,83.4,1,658051.359,1159428.035,10.48526133,76.44418417,0.362,-0.053,10.0,9.2,-0.5,0.0,2047,1874,RTK FIXED
13.149,082039.00,10.48525900,76.44418200,10.48525900,76.44418200,658051.070,1159427.409,108.10,658051.071,1159427.409,83.4,1,658051.359,1159428.035,10.48526133,76.44418417,0.362,-0.053,10.0,9.2,0.5,0.5,2047,1874,RTK FIXED
13.203,082039.20,10.48525900,76.44418200,10.48525900,76.44418200,658051.070,1159427.409,108.10,658051.071,1159427.409,83.4,1,658051.359,1159428.035,10.48526133,76.44418417,0.362,-0.055,10.0,9.1,-0.5,0.9,2047,1868,RTK FIXED
13.249,082039.20,10.48525900,76.44418200,10.48525900,76.44418200,658051.070,1159427.409,108.10,658051.070,1159427.409,83.4,1,658051.359,1159428.035,10.48526133,76.44418417,0.362,-0.055,10.0,9.1,0.5,1.1,2047,1868,RTK FIXED
13.303,082039.20,10.48525900,76.44418200,10.48525900,76.44418200,658051.070,1159427.409,108.10,658051.070,1159427.409,83.4,1,658051.359,1159428.035,10.48526133,76.44418417,0.362,-0.055,10.0,9.1,0.0,1.9,2047,1868,RTK FIXED
13.357,082039.40,10.48525900,76.44418200,10.48525900,76.44418200,658051.070,1159427.409,108.10,658051.070,1159427.409,83.4,1,658051.359,1159428.035,10.48526133,76.44418417,0.362,-0.056,10.0,9.1,-0.5,2.3,2047,1865,RTK FIXED
13.403,082039.40,10.48525900,76.44418200,10.48525900,76.44418200,658051.070,1159427.409,108.10,658051.070,1159427.409,83.4,1,658051.359,1159428.035,10.48526133,76.44418417,0.362,-0.056,10.0,9.1,0.0,2.2,2047,1865,RTK FIXED
13.457,082039.40,10.48525900,76.44418200,10.48525900,76.44418200,658051.070,1159427.409,108.10,658051.070,1159427.409,83.4,1,658051.359,1159428.035,10.48526133,76.44418417,0.362,-0.056,10.0,9.1,0.5,3.2,2047,1865,RTK FIXED
13.503,082039.40,10.48525900,76.44418200,10.48525900,76.44418200,658051.070,1159427.409,108.10,658051.070,1159427.409,83.4,1,658051.359,1159428.035,10.48526133,76.44418417,0.362,-0.056,10.0,9.1,-0.5,3.2,2047,1865,RTK FIXED
13.557,082039.40,10.48525900,76.44418200,10.48525900,76.44418200,658051.070,1159427.409,108.10,658051.070,1159427.409,83.4,1,658051.359,1159428.035,10.48526133,76.44418417,0.362,-0.056,10.0,9.1,0.5,3.7,2047,1865,RTK FIXED
13.603,082039.40,10.48525900,76.44418200,10.48525900,76.44418200,658051.070,1159427.409,108.10,658051.070,1159427.409,83.4,1,658051.359,1159428.035,10.48526133,76.44418417,0.362,-0.056,10.0,9.1,0.0,3.3,2047,1865,RTK FIXED
13.658,082039.60,10.48526000,76.44418200,10.48525940,76.44418200,658051.070,1159427.520,108.20,658051.070,1159427.453,83.4,1,658051.359,1159428.035,10.48526133,76.44418417,0.363,-0.049,10.0,9.2,-0.5,3.6,2047,1886,RTK FIXED
13.703,082039.60,10.48526000,76.44418200,10.48525964,76.44418200,658051.070,1159427.520,108.20,658051.070,1159427.480,83.4,1,658051.359,1159428.035,10.48526133,76.44418417,0.363,-0.049,10.0,9.2,0.0,4.9,2047,1886,RTK FIXED
13.757,082039.60,10.48526000,76.44418200,10.48525978,76.44418200,658051.070,1159427.520,108.20,658051.070,1159427.496,83.4,1,658051.359,1159428.035,10.48526133,76.44418417,0.363,-0.049,10.0,9.2,0.0,5.6,2047,1886,RTK FIXED
13.803,082039.60,10.48526000,76.44418200,10.48525987,76.44418200,658051.070,1159427.520,108.20,658051.070,1159427.506,83.4,1,658051.359,1159428.035,10.48526133,76.44418417,0.363,-0.049,10.0,9.2,0.0,6.5,2047,1886,RTK FIXED
13.859,082039.80,10.48526000,76.44418200,10.48525992,76.44418200,658051.070,1159427.520,108.20,658051.070,1159427.511,92.2,1,658051.359,1159428.035,10.48526133,76.44418417,0.345,-0.125,10.0,8.0,0.0,7.7,2047,1646,RTK FIXED
13.904,082039.80,10.48526000,76.44418200,10.48525995,76.44418200,658051.070,1159427.520,108.20,658051.070,1159427.515,92.2,1,658051.359,1159428.035,10.48526133,76.44418417,0.345,-0.125,10.0,8.0,0.0,7.7,2047,1646,RTK FIXED
13.957,082039.80,10.48526000,76.44418200,10.48525997,76.44418200,658051.070,1159427.520,108.20,658051.070,1159427.517,92.2,1,658051.359,1159428.035,10.48526133,76.44418417,0.345,-0.125,10.0,8.0,0.5,8.9,2047,1646,RTK FIXED
14.011,082039.80,10.48526000,76.44418200,10.48525998,76.44418200,658051.070,1159427.520,108.20,658051.070,1159427.518,92.2,1,658051.359,1159428.035,10.48526133,76.44418417,0.345,-0.125,10.0,8.0,-0.5,9.3,2047,1646,RTK FIXED
14.057,082039.80,10.48526000,76.44418200,10.48525999,76.44418200,658051.070,1159427.520,108.20,658051.070,1159427.519,92.2,1,658051.359,1159428.035,10.48526133,76.44418417,0.345,-0.125,10.0,8.0,0.5,11.5,2047,1646,RTK FIXED
14.112,082040.00,10.48526000,76.44418300,10.48525999,76.44418240,658051.235,1159427.517,108.20,658051.136,1159427.518,92.2,1,658051.359,1159428.035,10.48526133,76.44418417,0.355,-0.090,10.0,8.6,-0.5,11.3,2047,1758,RTK FIXED
14.157,082040.00,10.48526000,76.44418300,10.48526000,76.44418264,658051.235,1159427.517,108.20,658051.176,1159427.517,92.2,1,658051.359,1159428.035,10.48526133,76.44418417,0.355,-0.090,10.0,8.6,0.5,11.5,2047,1758,RTK FIXED
14.212,082040.20,10.48526000,76.44418300,10.48526000,76.44418278,658051.235,1159427.517,108.20,658051.200,1159427.517,68.3,1,658051.359,1159428.035,10.48526133,76.44418417,0.337,0.149,7.7,10.0,-0.5,12.0,1597,2047,RTK FIXED
14.257,082040.20,10.48526000,76.44418300,10.48526000,76.44418287,658051.235,1159427.517,108.20,658051.214,1159427.517,68.3,1,658051.359,1159428.035,10.48526133,76.44418417,0.337,0.149,7.7,10.0,0.6,13.3,1567,2047,RTK FIXED
14.311,082040.20,10.48526000,76.44418300,10.48526000,76.44418292,658051.235,1159427.517,108.20,658051.223,1159427.517,68.3,1,658051.359,1159428.035,10.48526133,76.44418417,0.337,0.149,7.7,10.0,0.0,13.7,1567,2047,RTK FIXED
14.359,082040.40,10.48526100,76.44418300,10.48526040,76.44418295,658051.085,1159427.657,108.20,658051.167,1159427.573,68.3,1,658051.359,1159428.035,10.48526133,76.44418417,0.340,0.142,7.8,10.0,-0.5,13.8,1592,2047,RTK FIXED
14.411,082040.40,10.48526100,76.44418300,10.48526064,76.44418297,658051.085,1159427.657,108.20,658051.134,1159427.607,68.3,1,658051.359,1159428.035,10.48526133,76.44418417,0.340,0.142,7.8,10.0,0.5,15.3,1592,2047,RTK FIXED
14.457,082040.40,10.48526100,76.44418300,10.48526078,76.44418298,658051.085,1159427.657,108.20,658051.115,1159427.627,68.3,1,658051.359,1159428.035,10.48526133,76.44418417,0.340,0.142,7.8,10.0,-0.5,16.3,1592,2047,RTK FIXED
14.512,082040.40,10.48526100,76.44418300,10.48526087,76.44418299,658051.085,1159427.657,108.20,658051.103,1159427.639,68.3,1,658051.359,1159428.035,10.48526133,76.44418417,0.340,0.142,7.8,10.0,0.5,16.4,1592,2047,RTK FIXED
14.565,082040.40,10.48526100,76.44418300,10.48526092,76.44418299,658051.085,1159427.657,108.20,658051.095,1159427.646,68.3,1,658051.359,1159428.035,10.48526133,76.44418417,0.340,0.142,7.8,10.0,0.0,17.0,1592,2047,RTK FIXED
14.612,082040.40,10.48526100,76.44418300,10.48526095,76.44418300,658051.085,1159427.657,108.20,658051.091,1159427.651,68.3,1,658051.359,1159428.035,10.48526133,76.44418417,0.340,0.142,7.8,10.0,-0.5,17.6,1592,2047,RTK FIXED
14.666,082040.60,10.48526100,76.44418300,10.48526097,76.44418300,658051.085,1159427.657,108.20,658051.089,1159427.653,84.0,1,658051.359,1159428.035,10.48526133,76.44418417,0.366,-0.006,10.0,9.9,0.5,17.5,2042,2028,RTK FIXED
14.712,082040.60,10.48526100,76.44418300,10.48526098,76.44418300,658051.085,1159427.657,108.20,658051.087,1159427.655,84.0,1,658051.359,1159428.035,10.48526133,76.44418417,0.366,-0.006,10.0,9.9,-0.5,18.0,2047,2028,RTK FIXED
14.766,082040.60,10.48526100,76.44418300,10.48526099,76.44418300,658051.085,1159427.657,108.20,658051.086,1159427.656,84.0,1,658051.359,1159428.035,10.48526133,76.44418417,0.366,-0.006,10.0,9.9,0.0,17.2,2047,2028,RTK FIXED
14.812,082040.60,10.48526100,76.44418300,10.48526099,76.44418300,658051.085,1159427.657,108.20,658051.086,1159427.656,84.0,1,658051.359,1159428.035,10.48526133,76.44418417,0.366,-0.006,10.0,9.9,0.0,17.3,2047,2028,RTK FIXED
14.866,082040.80,10.48526100,76.44418300,10.48526100,76.44418300,658051.182,1159427.630,108.20,658051.124,1159427.646,84.0,1,658051.359,1159428.035,10.48526133,76.44418417,0.366,0.010,9.8,10.0,0.0,17.5,2013,2047,RTK FIXED
14.912,082040.80,10.48526100,76.44418300,10.48526100,76.44418300,658051.182,1159427.630,108.20,658051.148,1159427.640,84.0,1,658051.359,1159428.035,10.48526133,76.44418417,0.366,0.010,9.8,10.0,0.0,18.0,2013,2047,RTK FIXED
14.966,082040.80,10.48526100,76.44418300,10.48526100,76.44418300,658051.182,1159427.630,108.20,658051.162,1159427.636,84.0,1,658051.359,1159428.035,10.48526133,76.44418417,0.366,0.010,9.8,10.0,0.0,18.1,2013,2047,RTK FIXED
15.011,082040.80,10.48526100,76.44418300,10.48526100,76.44418300,658051.182,1159427.630,108.20,658051.170,1159427.634,84.0,1,658051.359,1159428.035,10.48526133,76.44418417,0.366,0.010,9.8,10.0,0.0,18.1,2013,2047,RTK FIXED
15.067,082041.00,10.48526200,76.44418300,10.48526140,76.44418300,658051.182,1159427.741,108.20,658051.175,1159427.677,84.0,1,658051.359,1159428.035,10.48526133,76.44418417,0.336,0.029,9.5,10.0,0.0,18.7,1945,2047,RTK FIXED
15.112,082041.00,10.48526200,76.44418300,10.48526164,76.44418300,658051.182,1159427.741,108.20,658051.178,1159427.702,84.0,1,658051.359,1159428.035,10.48526133,76.44418417,0.336,0.029,9.5,10.0,0.6,18.2,1945,2047,RTK FIXED
15.169,082041.20,10.48526200,76.44418300,10.48526178,76.44418300,658051.182,1159427.741,108.20,658051.179,1159427.718,77.3,2,658050.825,1159428.954,10.48526967,76.44417933,0.308,0.212,6.6,10.0,0.0,18.4,1495,2047,RTK FIXED
15.220,082041.20,10.48526200,76.44418300,10.48526187,76.44418300,658051.182,1159427.741,108.20,658051.180,1159427.727,77.3,2,658050.825,1159428.954,10.48526967,76.44417933,0.308,0.212,6.6,10.0,0.0,18.1,1346,2047,RTK FIXED
15.266,082041.20,10.48526200,76.44418300,10.48526192,76.44418300,658051.182,1159427.741,108.20,658051.181,1159427.733,77.3,2,658050.825,1159428.954,10.48526967,76.44417933,0.308,0.212,6.6,10.0,-0.5,18.4,1346,2047,RTK FIXED
15.320,082041.20,10.48526200,76.44418300,10.48526195,76.44418300,658051.182,1159427.741,108.20,658051.181,1159427.736,77.3,2,658050.825,1159428.954,10.48526967,76.44417933,0.308,0.212,6.6,10.0,0.0,18.0,1346,2047,RTK FIXED
15.367,082041.40,10.48526200,76.44418300,10.48526197,76.44418300,658051.139,1159427.749,108.20,658051.165,1159427.741,77.3,2,658050.825,1159428.954,10.48526967,76.44417933,0.310,0.208,6.6,10.0,0.5,18.3,1361,2047,RTK FIXED
15.421,082041.40,10.48526200,76.44418300,10.48526198,76.44418300,658051.139,1159427.749,108.20,658051.154,1159427.744,77.3,2,658050.825,1159428.954,10.48526967,76.44417933,0.310,0.208,6.6,10.0,0.0,18.1,1361,2047,RTK FIXED
15.466,082041.40,10.48526200,76.44418300,10.48526199,76.44418300,658051.139,1159427.749,108.20,658051.148,1159427.746,77.3,2,658050.825,1159428.954,10.48526967,76.44417933,0.310,0.208,6.6,10.0,0.0,18.1,1361,2047,RTK FIXED
15.520,082041.40,10.48526200,76.44418300,10.48526199,76.44418300,658051.139,1159427.749,108.20,658051.145,1159427.748,77.3,2,658050.825,1159428.954,10.48526967,76.44417933,0.310,0.208,6.6,10.0,-0.5,17.6,1361,2047,RTK FIXED
15.567,082041.40,10.48526200,76.44418300,10.48526200,76.44418300,658051.139,1159427.749,108.20,658051.143,1159427.748,77.3,2,658050.825,1159428.954,10.48526967,76.44417933,0.310,0.208,6.6,10.0,0.5,17.2,1361,2047,RTK FIXED
15.620,082041.40,10.48526200,76.44418300,10.48526200,76.44418300,658051.139,1159427.749,108.20,658051.141,1159427.749,77.3,2,658050.825,1159428.954,10.48526967,76.44417933,0.310,0.208,6.6,10.0,0.0,18.1,1361,2047,RTK FIXED
15.667,082041.60,10.48526300,76.44418300,10.48526240,76.44418300,658051.139,1159427.860,108.20,658051.140,1159427.793,85.1,2,658050.825,1159428.954,10.48526967,76.44417933,0.340,0.139,7.8,10.0,-0.5,17.2,1600,2047,RTK FIXED
15.720,082041.60,10.48526300,76.44418300,10.48526264,76.44418300,658051.139,1159427.860,108.20,658051.140,1159427.820,85.1,2,658050.825,1159428.954,10.48526967,76.44417933,0.340,0.139,7.8,10.0,0.5,17.3,1600,2047,RTK FIXED
15.775,082041.60,10.48526300,76.44418300,10.48526278,76.44418300,658051.139,1159427.860,108.20,658051.139,1159427.836,85.1,2,658050.825,1159428.954,10.48526967,76.44417933,0.340,0.139,7.8,10.0,0.0,17.6,1600,2047,RTK FIXED
15.820,082041.60,10.48526300,76.44418300,10.48526287,76.44418300,658051.139,1159427.860,108.20,658051.139,1159427.845,85.1,2,658050.825,1159428.954,10.48526967,76.44417933,0.340,0.139,7.8,10.0,0.0,17.4,1600,2047,RTK FIXED
15.875,082041.80,10.48526300,76.44418200,10.48526292,76.44418260,658051.079,1159427.850,108.20,658051.115,1159427.847,85.1,2,658050.825,1159428.954,10.48526967,76.44417933,0.345,0.126,8.0,10.0,-0.5,17.5,1642,2047,RTK FIXED
15.921,082041.80,10.48526300,76.44418200,10.48526295,76.44418236,658051.079,1159427.850,108.20,658051.101,1159427.849,85.1,2,658050.825,1159428.954,10.48526967,76.44417933,0.345,0.126,8.0,10.0,0.0,16.9,1642,2047,RTK FIXED
15.975,082041.80,10.48526300,76.44418200,10.48526297,76.44418222,658051.079,1159427.850,108.20,658051.092,1159427.849,85.1,2,658050.825,1159428.954,10.48526967,76.44417933,0.345,0.126,8.0,10.0,0.5,17.6,1642,2047,RTK FIXED
16.021,082041.80,10.48526300,76.44418200,10.48526298,76.44418213,658051.079,1159427.850,108.20,658051.087,1159427.850,85.1,2,658050.825,1159428.954,10.48526967,76.44417933,0.345,0.126,8.0,10.0,0.0,16.9,1642,2047,RTK FIXED
16.076,082042.00,10.48526300,76.44418200,10.48526299,76.44418208,658051.079,1159427.850,108.20,658051.084,1159427.850,85.1,2,658050.825,1159428.954,10.48526967,76.44417933,0.348,0.118,8.2,10.0,0.0,17.9,1669,2047,RTK FIXED
16.121,082042.00,10.48526300,76.44418200,10.48526299,76.44418205,658051.079,1159427.850,108.20,658051.082,1159427.850,85.1,2,658050.825,1159428.954,10.48526967,76.44417933,0.348,0.118,8.2,10.0,-0.5,17.5,1669,2047,RTK FIXED
16.175,082042.20,10.48526400,76.44418200,10.48526340,76.44418203,658051.078,1159427.961,108.20,658051.080,1159427.894,95.0,2,658050.825,1159428.954,10.48526967,76.44417933,0.365,0.026,9.6,10.0,0.0,17.0,1960,2047,RTK FIXED
16.221,082042.20,10.48526400,76.44418200,10.48526364,76.44418202,658051.078,1159427.961,108.20,658051.080,1159427.921,95.0,2,658050.825,1159428.954,10.48526967,76.44417933,0.365,0.026,9.6,10.0,0.5,17.6,1960,2047,RTK FIXED
16.275,082042.20,10.48526400,76.44418200,10.48526378,76.44418201,658051.078,1159427.961,108.20,658051.079,1159427.937,95.0,2,658050.825,1159428.954,10.48526967,76.44417933,0.365,0.026,9.6,10.0,0.0,17.5,1960,2047,RTK FIXED
16.328,082042.20,10.48526400,76.44418200,10.48526387,76.44418201,658051.078,1159427.961,108.20,658051.079,1159427.946,95.0,2,658050.825,1159428.954,10.48526967,76.44417933,0.365,0.026,9.6,10.0,0.0,17.7,1960,2047,RTK FIXED
16.375,082042.40,10.48526400,76.44418200,10.48526392,76.44418200,658051.142,1159427.959,108.20,658051.104,1159427.952,95.0,2,658050.825,1159428.954,10.48526967,76.44417933,0.363,0.046,9.3,10.0,-0.5,17.1,1898,2047,RTK FIXED
16.429,082042.40,10.48526400,76.44418200,10.48526395,76.44418200,658051.142,1159427.959,108.20,658051.119,1159427.955,95.0,2,658050.825,1159428.954,10.48526967,76.44417933,0.363,0.046,9.3,10.0,0.5,17.3,1898,2047,RTK FIXED
16.475,082042.40,10.48526400,76.44418200,10.48526397,76.44418200,658051.142,1159427.959,108.20,658051.129,1159427.956,95.0,2,658050.825,1159428.954,10.48526967,76.44417933,0.363,0.046,9.3,10.0,-0.5,18.7,1898,2047,RTK FIXED
16.529,082042.40,10.48526400,76.44418200,10.48526398,76.44418200,658051.142,1159427.959,108.20,658051.134,1159427.958,95.0,2,658050.825,1159428.954,10.48526967,76.44417933,0.363,0.046,9.3,10.0,0.0,18.8,1898,2047,RTK FIXED
16.575,082042.40,10.48526400,76.44418200,10.48526399,76.44418200,658051.142,1159427.959,108.20,658051.137,1159427.958,95.0,2,658050.825,1159428.954,10.48526967,76.44417933,0.363,0.046,9.3,10.0,0.0,19.1,1898,2047,RTK FIXED
16.628,082042.40,10.48526400,76.44418200,10.48526399,76.44418200,658051.142,1159427.959,108.20,658051.139,1159427.959,95.0,2,658050.825,1159428.954,10.48526967,76.44417933,0.363,0.046,9.3,10.0,0.0,19.0,1898,2047,RTK FIXED
16.676,082042.60,10.48526400,76.44418200,10.48526400,76.44418200,658051.142,1159427.959,108.20,658051.140,1159427.959,95.0,2,658050.825,1159428.954,10.48526967,76.44417933,0.361,0.058,9.1,10.0,0.5,18.4,1859,2047,RTK FIXED
16.728,082042.60,10.48526400,76.44418200,10.48526400,76.44418200,658051.142,1159427.959,108.20,658051.141,1159427.959,95.0,2,658050.825,1159428.954,10.48526967,76.44417933,0.361,0.058,9.1,10.0,0.0,18.1,1859,2047,RTK FIXED
16.775,082042.60,10.48526400,76.44418200,10.48526400,76.44418200,658051.142,1159427.959,108.20,658051.142,1159427.959,95.0,2,658050.825,1159428.954,10.48526967,76.44417933,0.361,0.058,9.1,10.0,-0.5,18.2,1859,2047,RTK FIXED
16.829,082042.60,10.48526400,76.44418200,10.48526400,76.44418200,658051.142,1159427.959,108.20,658051.142,1159427.959,95.0,2,658050.825,1159428.954,10.48526967,76.44417933,0.361,0.058,9.1,10.0,0.0,16.9,1859,2047,RTK FIXED
16.884,082042.80,10.48526400,76.44418200,10.48526400,76.44418200,658051.142,1159427.959,108.20,658051.142,1159427.959,95.0,2,658050.825,1159428.954,10.48526967,76.44417933,0.360,0.065,9.0,10.0,0.5,17.2,1836,2047,RTK FIXED
16.929,082042.80,10.48526400,76.44418200,10.48526400,76.44418200,658051.142,1159427.959,108.20,658051.142,1159427.959,95.0,2,658050.825,1159428.954,10.48526967,76.44417933,0.360,0.065,9.0,10.0,-0.6,17.9,1836,2047,RTK FIXED
16.983,082042.80,10.48526400,76.44418200,10.48526400,76.44418200,658051.142,1159427.959,108.20,658051.142,1159427.959,95.0,2,658050.825,1159428.954,10.48526967,76.44417933,0.360,0.065,9.0,10.0,0.0,18.1,1836,2047,RTK FIXED
17.029,082042.80,10.48526400,76.44418200,10.48526400,76.44418200,658051.142,1159427.959,108.20,658051.142,1159427.959,95.0,2,658050.825,1159428.954,10.48526967,76.44417933,0.360,0.065,9.0,10.0,0.0,18.4,1836,2047,RTK FIXED
17.084,082043.00,10.48526500,76.44418100,10.48526440,76.44418160,658051.032,1159428.069,108.20,658051.098,1159428.003,93.8,2,658050.825,1159428.954,10.48526967,76.44417933,0.359,0.071,8.9,10.0,0.5,18.3,1819,2047,RTK FIXED
17.130,082043.00,10.48526500,76.44418100,10.48526464,76.44418136,658051.032,1159428.069,108.20,658051.072,1159428.030,93.8,2,658050.825,1159428.954,10.48526967,76.44417933,0.359,0.071,8.9,10.0,0.0,18.4,1819,2047,RTK FIXED
17.184,082043.20,10.48526500,76.44418100,10.48526478,76.44418122,658051.024,1159428.069,108.20,658051.053,1159428.045,93.8,2,658050.825,1159428.954,10.48526967,76.44417933,0.360,0.066,9.0,10.0,0.0,17.9,1835,2047,RTK FIXED
17.230,082043.20,10.48526500,76.44418100,10.48526487,76.44418113,658051.024,1159428.069,108.20,658051.042,1159428.055,93.8,2,658050.825,1159428.954,10.48526967,76.44417933,0.360,0.066,9.0,10.0,0.0,18.1,1835,2047,RTK FIXED
17.283,082043.20,10.48526500,76.44418100,10.48526492,76.44418108,658051.024,1159428.069,108.20,658051.035,1159428.060,93.8,2,658050.825,1159428.954,10.48526967,76.44417933,0.360,0.066,9.0,10.0,0.0,17.8,1835,2047,RTK FIXED
17.330,082043.20,10.48526500,76.44418100,10.48526495,76.44418105,658051.024,1159428.069,108.20,658051.031,1159428.064,93.8,2,658050.825,1159428.954,10.48526967,76.44417933,0.360,0.066,9.0,10.0,0.0,18.1,1835,2047,RTK FIXED
17.383,082043.20,10.48526500,76.44418100,10.48526497,76.44418103,658051.024,1159428.069,108.20,658051.028,1159428.066,93.8,2,658050.825,1159428.954,10.48526967,76.44417933,0.360,0.066,9.0,10.0,-0.5,18.3,1835,2047,RTK FIXED
17.437,082043.20,10.48526500,76.44418100,10.48526498,76.44418102,658051.024,1159428.069,108.20,658051.027,1159428.067,93.8,2,658050.825,1159428.954,10.48526967,76.44417933,0.360,0.066,9.0,10.0,0.0,18.1,1835,2047,RTK FIXED
17.484,082043.40,10.48526500,76.44418100,10.48526499,76.44418101,658051.024,1159428.069,108.20,658051.026,1159428.068,93.8,2,658050.825,1159428.954,10.48526967,76.44417933,0.361,0.063,9.0,10.0,0.5,18.0,1844,2047,RTK FIXED
17.538,082043.40,10.48526500,76.44418100,10.48526499,76.44418101,658051.024,1159428.069,108.20,658051.025,1159428.068,93.8,2,658050.825,1159428.954,10.48526967,76.44417933,0.361,0.063,9.0,10.0,0.0,18.3,1844,2047,RTK FIXED
17.583,082043.40,10.48526500,76.44418100,10.48526500,76.44418100,658051.024,1159428.069,108.20,658051.025,1159428.068,93.8,2,658050.825,1159428.954,10.48526967,76.44417933,0.361,0.063,9.0,10.0,0.0,18.6,1844,2047,RTK FIXED
17.638,082043.40,10.48526500,76.44418100,10.48526500,76.44418100,658051.024,1159428.069,108.20,658051.025,1159428.069,93.8,2,658050.825,1159428.954,10.48526967,76.44417933,0.361,0.063,9.0,10.0,-0.5,18.4,1844,2047,RTK FIXED
17.684,082043.60,10.48526600,76.44418100,10.48526540,76.44418100,658051.024,1159428.179,108.20,658051.024,1159428.113,100.8,2,658050.825,1159428.954,10.48526967,76.44417933,0.366,0.011,9.8,10.0,0.5,18.7,2009,2047,RTK FIXED
17.738,082043.60,10.48526600,76.44418100,10.48526564,76.44418100,658051.024,1159428.179,108.20,658051.024,1159428.140,100.8,2,658050.825,1159428.954,10.48526967,76.44417933,0.366,0.011,9.8,10.0,0.0,18.7,2009,2047,RTK FIXED
17.784,082043.60,10.48526600,76.44418100,10.48526578,76.44418100,658051.024,1159428.179,108.20,658051.024,1159428.156,100.8,2,658050.825,1159428.954,10.48526967,76.44417933,0.366,0.011,9.8,10.0,-0.5,18.4,2009,2047,RTK FIXED
17.838,082043.60,10.48526600,76.44418100,10.48526587,76.44418100,658051.024,1159428.179,108.20,658051.024,1159428.165,100.8,2,658050.825,1159428.954,10.48526967,76.44417933,0.366,0.011,9.8,10.0,0.5,18.6,2009,2047,RTK FIXED
17.885,082043.80,10.48526600,76.44418100,10.48526592,76.44418100,658051.069,1159428.184,108.20,658051.042,1159428.173,100.8,2,658050.825,1159428.954,10.48526967,76.44417933,0.365,0.029,9.5,10.0,0.0,18.2,1952,2047,RTK FIXED
17.938,082043.80,10.48526600,76.44418100,10.48526595,76.44418100,658051.069,1159428.184,108.20,658051.053,1159428.177,100.8,2,658050.825,1159428.954,10.48526967,76.44417933,0.365,0.029,9.5,10.0,0.0,18.7,1952,2047,RTK FIXED
17.984,082043.80,10.48526600,76.44418100,10.48526597,76.44418100,658051.069,1159428.184,108.20,658051.059,1159428.180,100.8,2,658050.825,1159428.954,10.48526967,76.44417933,0.365,0.029,9.5,10.0,0.0,18.9,1952,2047,RTK FIXED
18.039,082044.00,10.48526600,76.44418100,10.48526598,76.44418100,658051.069,1159428.184,108.20,658051.063,1159428.182,100.8,2,658050.825,1159428.954,10.48526967,76.44417933,0.364,0.040,9.4,10.0,-0.5,18.9,1917,2047,RTK FIXED
18.092,082044.00,10.48526600,76.44418100,10.48526599,76.44418100,658051.069,1159428.184,108.20,658051.065,1159428.183,100.8,2,658050.825,1159428.954,10.48526967,76.44417933,0.364,0.040,9.4,10.0,0.0,18.7,1917,2047,RTK FIXED
18.138,082044.00,10.48526600,76.44418100,10.48526599,76.44418100,658051.069,1159428.184,108.20,658051.067,1159428.183,100.8,2,658050.825,1159428.954,10.48526967,76.44417933,0.364,0.040,9.4,10.0,0.0,18.4,1917,2047,RTK FIXED
18.193,082044.20,10.48526700,76.44418000,10.48526640,76.44418060,658050.959,1159428.294,108.20,658051.024,1159428.227,100.6,2,658050.825,1159428.954,10.48526967,76.44417933,0.364,0.037,9.4,10.0,0.0,18.4,1925,2047,RTK FIXED
18.239,082044.20,10.48526700,76.44418000,10.48526664,76.44418036,658050.959,1159428.294,108.20,658050.998,1159428.254,100.6,2,658050.825,1159428.954,10.48526967,76.44417933,0.364,0.037,9.4,10.0,0.5,18.5,1925,2047,RTK FIXED
18.292,082044.20,10.48526700,76.44418000,10.48526678,76.44418022,658050.959,1159428.294,108.20,658050.982,1159428.270,100.6,2,658050.825,1159428.954,10.48526967,76.44417933,0.364,0.037,9.4,10.0,0.0,18.8,1925,2047,RTK FIXED
18.339,082044.20,10.48526700,76.44418000,10.48526687,76.44418013,658050.959,1159428.294,108.20,658050.973,1159428.280,100.6,2,658050.825,1159428.954,10.48526967,76.44417933,0.364,0.037,9.4,10.0,0.0,18.6,1925,2047,RTK FIXED
18.392,082044.20,10.48526700,76.44418000,10.48526692,76.44418008,658050.959,1159428.294,108.20,658050.967,1159428.285,100.6,2,658050.825,1159428.954,10.48526967,76.44417933,0.364,0.037,9.4,10.0,0.0,18.2,1925,2047,RTK FIXED
18.439,082044.20,10.48526700,76.44418000,10.48526695,76.44418005,658050.959,1159428.294,108.20,658050.964,1159428.289,100.6,2,658050.825,1159428.954,10.48526967,76.44417933,0.364,0.037,9.4,10.0,-0.5,18.3,1925,2047,RTK FIXED
18.493,082044.40,10.48526700,76.44418000,10.48526697,76.44418003,658050.958,1159428.294,108.20,658050.962,1159428.291,100.6,2,658050.825,1159428.954,10.48526967,76.44417933,0.364,0.035,9.4,10.0,0.5,18.4,1933,2047,RTK FIXED
18.538,082044.40,10.48526700,76.44418000,10.48526698,76.44418002,658050.958,1159428.294,108.20,658050.960,1159428.292,100.6,2,658050.825,1159428.954,10.48526967,76.44417933,0.364,0.035,9.4,10.0,-0.6,18.3,1933,2047,RTK FIXED
18.592,082044.40,10.48526700,76.44418000,10.48526699,76.44418001,658050.958,1159428.294,108.20,658050.959,1159428.293,100.6,2,658050.825,1159428.954,10.48526967,76.44417933,0.364,0.035,9.4,10.0,0.0,18.2,1933,2047,RTK FIXED
18.647,082044.40,10.48526700,76.44418000,10.48526699,76.44418001,658050.958,1159428.294,108.20,658050.959,1159428.293,100.6,2,658050.825,1159428.954,10.48526967,76.44417933,0.364,0.035,9.4,10.0,0.0,18.3,1933,2047,RTK FIXED
18.692,082044.60,10.48526700,76.44418000,10.48526700,76.44418000,658050.958,1159428.294,108.20,658050.958,1159428.294,100.6,2,658050.825,1159428.954,10.48526967,76.44417933,0.365,0.033,9.5,10.0,0.0,18.4,1938,2047,RTK FIXED
18.747,082044.60,10.48526700,76.44418000,10.48526700,76.44418000,658050.958,1159428.294,108.20,658050.958,1159428.294,100.6,2,658050.825,1159428.954,10.48526967,76.44417933,0.365,0.033,9.5,10.0,0.5,18.4,1938,2047,RTK FIXED
18.793,082044.60,10.48526700,76.44418000,10.48526700,76.44418000,658050.958,1159428.294,108.20,658050.958,1159428.294,100.6,2,658050.825,1159428.954,10.48526967,76.44417933,0.365,0.033,9.5,10.0,-0.5,18.5,1938,2047,RTK FIXED
18.847,082044.60,10.48526700,76.44418000,10.48526700,76.44418000,658050.958,1159428.294,108.20,658050.958,1159428.294,100.6,2,658050.825,1159428.954,10.48526967,76.44417933,0.365,0.033,9.5,10.0,0.0,18.0,1938,2047,RTK FIXED
18.893,082044.80,10.48526800,76.44418000,10.48526740,76.44418000,658050.957,1159428.405,108.20,658050.958,1159428.338,104.4,2,658050.825,1159428.954,10.48526967,76.44417933,0.366,0.012,9.8,10.0,0.0,18.3,2006,2047,RTK FIXED
18.947,082044.80,10.48526800,76.44418000,10.48526764,76.44418000,658050.957,1159428.405,108.20,658050.958,1159428.365,104.4,2,658050.825,1159428.954,10.48526967,76.44417933,0.366,0.012,9.8,10.0,0.0,18.2,2006,2047,RTK FIXED
18.993,082044.80,10.48526800,76.44418000,10.48526778,76.44418000,658050.957,1159428.405,108.20,658050.958,1159428.381,104.4,2,658050.825,1159428.954,10.48526967,76.44417933,0.366,0.012,9.8,10.0,0.0,18.4,2006,2047,RTK FIXED
19.047,082044.80,10.48526800,76.44418000,10.48526787,76.44418000,658050.957,1159428.405,108.20,658050.958,1159428.390,104.4,2,658050.825,1159428.954,10.48526967,76.44417933,0.366,0.012,9.8,10.0,0.5,18.1,2006,2047,RTK FIXED
19.093,082045.00,10.48526800,76.44418000,10.48526792,76.44418000,658050.981,1159428.409,108.20,658050.967,1159428.398,104.4,2,658050.825,1159428.954,10.48526967,76.44417933,0.365,0.026,9.6,10.0,-0.5,18.4,1960,2047,RTK FIXED
19.147,082045.00,10.48526800,76.44418000,10.48526795,76.44418000,658050.981,1159428.409,108.20,658050.973,1159428.402,104.4,2,658050.825,1159428.954,10.48526967,76.44417933,0.365,0.026,9.6,10.0,0.5,18.1,1960,2047,RTK FIXED
19.201,082045.20,10.48526800,76.44418000,10.48526797,76.44418000,658050.981,1159428.409,108.20,658050.976,1159428.405,104.4,2,658050.825,1159428.954,10.48526967,76.44417933,0.364,0.035,9.4,10.0,-0.5,18.0,1932,2047,RTK FIXED
19.247,082045.20,10.48526800,76.44418000,10.48526798,76.44418000,658050.981,1159428.409,108.20,658050.978,1159428.407,104.4,2,658050.825,1159428.954,10.48526967,76.44417933,0.364,0.035,9.4,10.0,0.0,18.0,1932,2047,RTK FIXED
19.301,082045.20,10.48526800,76.44418000,10.48526799,76.44418000,658050.981,1159428.409,108.20,658050.980,1159428.408,104.4,2,658050.825,1159428.954,10.48526967,76.44417933,0.364,0.035,9.4,10.0,0.0,18.1,1932,2047,RTK FIXED
19.347,082045.20,10.48526800,76.44418000,10.48526799,76.44418000,658050.981,1159428.409,108.20,658050.980,1159428.408,104.4,2,658050.825,1159428.954,10.48526967,76.44417933,0.364,0.035,9.4,10.0,0.0,18.4,1932,2047,RTK FIXED
19.400,082045.20,10.48526800,76.44418000,10.48526800,76.44418000,658050.981,1159428.409,108.20,658050.981,1159428.409,104.4,2,658050.825,1159428.954,10.48526967,76.44417933,0.364,0.035,9.4,10.0,0.0,17.8,1932,2047,RTK FIXED
19.447,082045.20,10.48526800,76.44418000,10.48526800,76.44418000,658050.981,1159428.409,108.20,658050.981,1159428.409,104.4,2,658050.825,1159428.954,10.48526967,76.44417933,0.364,0.035,9.4,10.0,0.5,18.2,1932,2047,RTK FIXED
19.502,082045.40,10.48526900,76.44417900,10.48526840,76.44417960,658050.871,1159428.519,108.20,658050.937,1159428.453,105.3,2,658050.825,1159428.954,10.48526967,76.44417933,0.365,0.022,9.7,10.0,-0.5,17.8,1976,2047,RTK FIXED
19.548,082045.40,10.48526900,76.44417900,10.48526864,76.44417936,658050.871,1159428.519,108.20,658050.911,1159428.480,105.3,2,658050.825,1159428.954,10.48526967,76.44417933,0.365,0.022,9.7,10.0,0.0,18.2,1976,2047,RTK FIXED
19.600,082045.40,10.48526900,76.44417900,10.48526878,76.44417922,658050.871,1159428.519,108.20,658050.895,1159428.495,105.3,2,658050.825,1159428.954,10.48526967,76.44417933,0.365,0.022,9.7,10.0,0.5,17.4,1976,2047,RTK FIXED
19.647,082045.40,10.48526900,76.44417900,10.48526887,76.44417913,658050.871,1159428.519,108.20,658050.886,1159428.505,105.3,2,658050.825,1159428.954,10.48526967,76.44417933,0.365,0.022,9.7,10.0,0.0,17.2,1976,2047,RTK FIXED
19.702,082045.60,10.48526900,76.44417900,10.48526892,76.44417908,658050.877,1159428.521,108.20,658050.882,1159428.511,105.3,2,658050.825,1159428.954,10.48526967,76.44417933,0.365,0.020,9.7,10.0,-0.5,17.8,1981,2047,RTK FIXED
19.755,082045.60,10.48526900,76.44417900,10.48526895,76.44417905,658050.877,1159428.521,108.20,658050.880,1159428.515,105.3,2,658050.825,1159428.954,10.48526967,76.44417933,0.365,0.020,9.7,10.0,0.0,17.3,1981,2047,RTK FIXED
19.801,082045.60,10.48526900,76.44417900,10.48526897,76.44417903,658050.877,1159428.521,108.20,658050.879,1159428.517,105.3,2,658050.825,1159428.954,10.48526967,76.44417933,0.365,0.020,9.7,10.0,0.0,18.1,1981,2047,RTK FIXED
19.856,082045.60,10.48526900,76.44417900,10.48526898,76.44417902,658050.877,1159428.521,108.20,658050.878,1159428.519,105.3,2,658050.825,1159428.954,10.48526967,76.44417933,0.365,0.020,9.7,10.0,0.5,17.6,1981,2047,RTK FIXED
19.902,082045.80,10.48526900,76.44417900,10.48526899,76.44417901,658050.877,1159428.521,108.20,658050.878,1159428.519,105.3,2,658050.825,1159428.954,10.48526967,76.44417933,0.366,0.019,9.7,10.0,-0.5,17.4,1985,2047,RTK FIXED
19.956,082045.80,10.48526900,76.44417900,10.48526899,76.44417901,658050.877,1159428.521,108.20,658050.877,1159428.520,105.3,2,658050.825,1159428.954,10.48526967,76.44417933,0.366,0.019,9.7,10.0,0.5,17.7,1985,2047,RTK FIXED
20.002,082045.80,10.48526900,76.44417900,10.48526900,76.44417900,658050.877,1159428.521,108.20,658050.877,1159428.520,105.3,2,658050.825,1159428.954,10.48526967,76.44417933,0.366,0.019,9.7,10.0,0.0,17.9,1985,2047,RTK FIXED
20.056,082046.00,10.48526900,76.44417900,10.48526900,76.44417900,658050.877,1159428.521,108.20,658050.877,1159428.520,110.9,2,658050.825,1159428.954,10.48526967,76.44417933,0.364,-0.032,10.0,9.5,-0.5,17.9,2047,1940,RTK FIXED
20.102,082046.00,10.48526900,76.44417900,10.48526900,76.44417900,658050.877,1159428.521,108.20,658050.877,1159428.520,110.9,2,658050.825,1159428.954,10.48526967,76.44417933,0.364,-0.032,10.0,9.5,0.0,18.0,2047,1940,RTK FIXED
20.156,082046.00,10.48526900,76.44417900,10.48526900,76.44417900,658050.877,1159428.521,108.20,658050.877,1159428.521,110.9,2,658050.825,1159428.954,10.48526967,76.44417933,0.364,-0.032,10.0,9.5,0.0,16.9,2047,1940,RTK FIXED
20.205,082046.20,10.48527000,76.44417800,10.48526940,76.44417860,658050.802,1159428.641,108.20,658050.847,1159428.569,110.9,3,658050.292,1159429.873,10.48527800,76.44417450,0.366,0.003,9.9,10.0,0.0,17.5,2036,2047,RTK FIXED
20.256,082046.20,10.48527000,76.44417800,10.48526964,76.44417836,658050.802,1159428.641,108.20,658050.829,1159428.598,110.9,3,658050.292,1159429.873,10.48527800,76.44417450,0.366,0.003,9.9,10.0,0.5,17.6,2036,2047,RTK FIXED
20.310,082046.20,10.48527000,76.44417800,10.48526978,76.44417822,658050.802,1159428.641,108.20,658050.818,1159428.615,110.9,3,658050.292,1159429.873,10.48527800,76.44417450,0.366,0.003,9.9,10.0,-0.5,16.3,2036,2047,RTK FIXED
20.357,082046.40,10.48527000,76.44417800,10.48526987,76.44417813,658050.802,1159428.641,108.20,658050.811,1159428.625,114.3,3,658050.292,1159429.873,10.48527800,76.44417450,0.365,-0.032,10.0,9.5,0.5,16.9,2047,1943,RTK FIXED
20.410,082046.40,10.48527000,76.44417800,10.48526992,76.44417808,658050.802,1159428.641,108.20,658050.807,1159428.632,114.3,3,658050.292,1159429.873,10.48527800,76.44417450,0.365,-0.032,10.0,9.5,-0.5,18.0,2047,1943,RTK FIXED
20.456,082046.40,10.48527000,76.44417800,10.48526995,76.44417805,658050.802,1159428.641,108.20,658050.805,1159428.635,114.3,3,658050.292,1159429.873,10.48527800,76.44417450,0.365,-0.032,10.0,9.5,0.5,17.9,2047,1943,RTK FIXED
20.511,082046.40,10.48527000,76.44417800,10.48526997,76.44417803,658050.802,1159428.641,108.20,658050.804,1159428.638,114.3,3,658050.292,1159429.873,10.48527800,76.44417450,0.365,-0.032,10.0,9.5,-0.5,18.0,2047,1943,RTK FIXED
20.556,082046.40,10.48527000,76.44417800,10.48526998,76.44417802,658050.802,1159428.641,108.20,658050.803,1159428.639,114.3,3,658050.292,1159429.873,10.48527800,76.44417450,0.365,-0.032,10.0,9.5,0.5,17.4,2047,1943,RTK FIXED
20.610,082046.40,10.48527000,76.44417800,10.48526999,76.44417801,658050.802,1159428.641,108.20,658050.802,1159428.640,114.3,3,658050.292,1159429.873,10.48527800,76.44417450,0.365,-0.032,10.0,9.5,0.0,17.2,2047,1943,RTK FIXED
20.657,082046.60,10.48527000,76.44417800,10.48526999,76.44417801,658050.822,1159428.649,108.20,658050.810,1159428.643,114.3,3,658050.292,1159429.873,10.48527800,76.44417450,0.365,-0.030,10.0,9.5,-0.5,16.9,2047,1949,RTK FIXED
20.709,082046.60,10.48527000,76.44417800,10.48527000,76.44417800,658050.822,1159428.649,108.20,658050.815,1159428.646,114.3,3,658050.292,1159429.873,10.48527800,76.44417450,0.365,-0.030,10.0,9.5,0.5,17.2,2047,1949,RTK FIXED
20.756,082046.60,10.48527000,76.44417800,10.48527000,76.44417800,658050.822,1159428.649,108.20,658050.818,1159428.647,114.3,3,658050.292,1159429.873,10.48527800,76.44417450,0.365,-0.030,10.0,9.5,-0.5,17.1,2047,1949,RTK FIXED
20.810,082046.60,10.48527000,76.44417800,10.48527000,76.44417800,658050.822,1159428.649,108.20,658050.820,1159428.648,114.3,3,658050.292,1159429.873,10.48527800,76.44417450,0.365,-0.030,10.0,9.5,0.0,17.1,2047,1949,RTK FIXED
20.865,082046.80,10.48527100,76.44417800,10.48527040,76.44417800,658050.822,1159428.760,108.20,658050.821,1159428.692,108.5,3,658050.292,1159429.873,10.48527800,76.44417450,0.365,0.032,9.5,10.0,0.0,17.9,1942,2047,RTK FIXED
20.910,082046.80,10.48527100,76.44417800,10.48527064,76.44417800,658050.822,1159428.760,108.20,658050.821,1159428.719,108.5,3,658050.292,1159429.873,10.48527800,76.44417450,0.365,0.032,9.5,10.0,0.0,17.6,1942,2047,RTK FIXED
20.964,082046.80,10.48527100,76.44417800,10.48527078,76.44417800,658050.822,1159428.760,108.20,658050.821,1159428.735,108.5,3,658050.292,1159429.873,10.48527800,76.44417450,0.365,0.032,9.5,10.0,0.0,17.1,1942,2047,RTK FIXED
21.011,082046.80,10.48527100,76.44417800,10.48527087,76.44417800,658050.822,1159428.760,108.20,658050.822,1159428.745,108.5,3,658050.292,1159429.873,10.48527800,76.44417450,0.365,0.032,9.5,10.0,0.0,16.7,1942,2047,RTK FIXED
21.065,082047.00,10.48527100,76.44417800,10.48527092,76.44417800,658050.787,1159428.747,108.20,658050.808,1159428.746,108.5,3,658050.292,1159429.873,10.48527800,76.44417450,0.365,0.030,9.5,10.0,0.5,18.0,1947,2047,RTK FIXED
21.111,082047.00,10.48527100,76.44417800,10.48527095,76.44417800,658050.787,1159428.747,108.20,658050.799,1159428.746,108.5,3,658050.292,1159429.873,10.48527800,76.44417450,0.365,0.030,9.5,10.0,0.0,18.6,1947,2047,RTK FIXED
21.165,082047.00,10.48527100,76.44417800,10.48527097,76.44417800,658050.787,1159428.747,108.20,658050.794,1159428.746,108.5,3,658050.292,1159429.873,10.48527800,76.44417450,0.365,0.030,9.5,10.0,0.0,18.4,1947,2047,RTK FIXED
21.211,082047.20,10.48527100,76.44417800,10.48527098,76.44417800,658050.787,1159428.747,108.20,658050.791,1159428.747,108.5,3,658050.292,1159429.873,10.48527800,76.44417450,0.365,0.029,9.5,10.0,0.0,18.4,1951,2047,RTK FIXED
21.264,082047.20,10.48527100,76.44417800,10.48527099,76.44417800,658050.787,1159428.747,108.20,658050.789,1159428.747,108.5,3,658050.292,1159429.873,10.48527800,76.44417450,0.365,0.029,9.5,10.0,-0.5,18.3,1951,2047,RTK FIXED
21.311,082047.20,10.48527100,76.44417800,10.48527099,76.44417800,658050.787,1159428.747,108.20,658050.788,1159428.747,108.5,3,658050.292,1159429.873,10.48527800,76.44417450,0.365,0.029,9.5,10.0,0.0,18.3,1951,2047,RTK FIXED
21.365,082047.20,10.48527100,76.44417800,10.48527100,76.44417800,658050.787,1159428.747,108.20,658050.788,1159428.747,108.5,3,658050.292,1159429.873,10.48527800,76.44417450,0.365,0.029,9.5,10.0,0.5,18.1,1951,2047,RTK FIXED
21.411,082047.20,10.48527100,76.44417800,10.48527100,76.44417800,658050.787,1159428.747,108.20,658050.787,1159428.747,108.5,3,658050.292,1159429.873,10.48527800,76.44417450,0.365,0.029,9.5,10.0,0.0,17.9,1951,2047,RTK FIXED
21.465,082047.40,10.48527200,76.44417700,10.48527140,76.44417760,658050.677,1159428.857,108.20,658050.743,1159428.791,113.8,3,658050.292,1159429.873,10.48527800,76.44417450,0.364,-0.034,10.0,9.5,-0.5,18.3,2047,1936,RTK FIXED
21.519,082047.40,10.48527200,76.44417700,10.48527164,76.44417736,658050.677,1159428.857,108.20,658050.717,1159428.817,113.8,3,658050.292,1159429.873,10.48527800,76.44417450,0.364,-0.034,10.0,9.5,0.5,18.2,2047,1936,RTK FIXED
21.565,082047.40,10.48527200,76.44417700,10.48527178,76.44417722,658050.677,1159428.857,108.20,658050.701,1159428.833,113.8,3,658050.292,1159429.873,10.48527800,76.44417450,0.364,-0.034,10.0,9.5,0.0,17.8,2047,1936,RTK FIXED
21.619,082047.40,10.48527200,76.44417700,10.48527187,76.44417713,658050.677,1159428.857,108.20,658050.691,1159428.843,113.8,3,658050.292,1159429.873,10.48527800,76.44417450,0.364,-0.034,10.0,9.5,-0.5,17.2,2047,1936,RTK FIXED
21.666,082047.60,10.48527200,76.44417700,10.48527192,76.44417708,658050.709,1159428.868,108.20,658050.698,1159428.853,113.8,3,658050.292,1159429.873,10.48527800,76.44417450,0.364,-0.036,10.0,9.4,0.5,16.7,2047,1930,RTK FIXED
21.719,082047.60,10.48527200,76.44417700,10.48527195,76.44417705,658050.709,1159428.868,108.20,658050.702,1159428.859,113.8,3,658050.292,1159429.873,10.48527800,76.44417450,0.364,-0.036,10.0,9.4,0.0,17.4,2047,1930,RTK FIXED
21.764,082047.60,10.48527200,76.44417700,10.48527197,76.44417703,658050.709,1159428.868,108.20,658050.705,1159428.863,113.8,3,658050.292,1159429.873,10.48527800,76.44417450,0.364,-0.036,10.0,9.4,-0.5,16.9,2047,1930,RTK FIXED
21.819,082047.60,10.48527200,76.44417700,10.48527198,76.44417702,658050.709,1159428.868,108.20,658050.707,1159428.865,113.8,3,658050.292,1159429.873,10.48527800,76.44417450,0.364,-0.036,10.0,9.4,0.0,17.4,2047,1930,RTK FIXED
21.865,082047.80,10.48527200,76.44417700,10.48527199,76.44417701,658050.709,1159428.868,108.20,658050.707,1159428.866,113.8,3,658050.292,1159429.873,10.48527800,76.44417450,0.364,-0.037,10.0,9.4,0.0,17.8,2047,1926,RTK FIXED
21.919,082047.80,10.48527200,76.44417700,10.48527199,76.44417701,658050.709,1159428.868,108.20,658050.708,1159428.867,113.8,3,658050.292,1159429.873,10.48527800,76.44417450,0.364,-0.037,10.0,9.4,0.0,17.8,2047,1926,RTK FIXED
21.965,082047.80,10.48527200,76.44417700,10.48527200,76.44417700,658050.709,1159428.868,108.20,658050.708,1159428.868,113.8,3,658050.292,1159429.873,10.48527800,76.44417450,0.364,-0.037,10.0,9.4,0.5,17.8,2047,1926,RTK FIXED
22.019,082047.80,10.48527200,76.44417700,10.48527200,76.44417700,658050.709,1159428.868,108.20,658050.709,1159428.868,113.8,3,658050.292,1159429.873,10.48527800,76.44417450,0.364,-0.037,10.0,9.4,0.0,17.2,2047,1926,RTK FIXED
22.073,082048.00,10.48527300,76.44417700,10.48527240,76.44417700,658050.708,1159428.979,108.20,658050.708,1159428.912,111.4,3,658050.292,1159429.873,10.48527800,76.44417450,0.366,-0.006,10.0,9.9,0.0,17.0,2047,2027,RTK FIXED
22.119,082048.00,10.48527300,76.44417700,10.48527264,76.44417700,658050.708,1159428.979,108.20,658050.708,1159428.939,111.4,3,658050.292,1159429.873,10.48527800,76.44417450,0.366,-0.006,10.0,9.9,-0.5,17.0,2047,2027,RTK FIXED
22.173,082048.20,10.48527300,76.44417700,10.48527278,76.44417700,658050.694,1159428.973,108.20,658050.703,1159428.953,111.4,3,658050.292,1159429.873,10.48527800,76.44417450,0.366,-0.001,10.0,10.0,0.0,17.0,2047,2045,RTK FIXED
22.219,082048.20,10.48527300,76.44417700,10.48527287,76.44417700,658050.694,1159428.973,108.20,658050.699,1159428.961,111.4,3,658050.292,1159429.873,10.48527800,76.44417450,0.366,-0.001,10.0,10.0,0.5,16.8,2047,2045,RTK FIXED
22.272,082048.20,10.48527300,76.44417700,10.48527292,76.44417700,658050.694,1159428.973,108.20,658050.697,1159428.966,111.4,3,658050.292,1159429.873,10.48527800,76.44417450,0.366,-0.001,10.0,10.0,-0.5,16.5,2047,2045,RTK FIXED
22.319,082048.20,10.48527300,76.44417700,10.48527295,76.44417700,658050.694,1159428.973,108.20,658050.696,1159428.969,111.4,3,658050.292,1159429.873,10.48527800,76.44417450,0.366,-0.001,10.0,10.0,0.5,17.0,2047,2045,RTK FIXED
22.374,082048.40,10.48527300,76.44417700,10.48527297,76.44417700,658050.694,1159428.973,108.20,658050.695,1159428.971,111.4,3,658050.292,1159429.873,10.48527800,76.44417450,0.366,0.003,10.0,10.0,0.0,18.5,2038,2047,RTK FIXED
22.419,082048.40,10.48527300,76.44417700,10.48527298,76.44417700,658050.694,1159428.973,108.20,658050.695,1159428.972,111.4,3,658050.292,1159429.873,10.48527800,76.44417450,0.366,0.003,10.0,10.0,-0.6,18.3,2038,2047,RTK FIXED
22.474,082048.40,10.48527300,76.44417700,10.48527299,76.44417700,658050.694,1159428.973,108.20,658050.694,1159428.972,111.4,3,658050.292,1159429.873,10.48527800,76.44417450,0.366,0.003,10.0,10.0,0.0,17.8,2038,2047,RTK FIXED
22.520,082048.40,10.48527300,76.44417700,10.48527299,76.44417700,658050.694,1159428.973,108.20,658050.694,1159428.973,111.4,3,658050.292,1159429.873,10.48527800,76.44417450,0.366,0.003,10.0,10.0,0.0,18.3,2038,2047,RTK FIXED
22.573,082048.40,10.48527300,76.44417700,10.48527300,76.44417700,658050.694,1159428.973,108.20,658050.694,1159428.973,111.4,3,658050.292,1159429.873,10.48527800,76.44417450,0.366,0.003,10.0,10.0,0.5,18.0,2038,2047,RTK FIXED
22.619,082048.40,10.48527300,76.44417700,10.48527300,76.44417700,658050.694,1159428.973,108.20,658050.694,1159428.973,111.4,3,658050.292,1159429.873,10.48527800,76.44417450,0.366,0.003,10.0,10.0,-0.5,18.3,2038,2047,RTK FIXED
22.674,082048.60,10.48527400,76.44417700,10.48527340,76.44417700,658050.693,1159429.084,108.20,658050.694,1159429.018,108.0,3,658050.292,1159429.873,10.48527800,76.44417450,0.363,0.051,9.2,10.0,0.0,17.8,1882,2047,RTK FIXED
22.727,082048.60,10.48527400,76.44417700,10.48527364,76.44417700,658050.693,1159429.084,108.20,658050.694,1159429.044,108.0,3,658050.292,1159429.873,10.48527800,76.44417450,0.363,0.051,9.2,10.0,0.5,17.7,1882,2047,RTK FIXED
22.773,082048.60,10.48527400,76.44417700,10.48527378,76.44417700,658050.693,1159429.084,108.20,658050.694,1159429.060,108.0,3,658050.292,1159429.873,10.48527800,76.44417450,0.363,0.051,9.2,10.0,-0.5,17.9,1882,2047,RTK FIXED
22.828,082048.60,10.48527400,76.44417700,10.48527387,76.44417700,658050.693,1159429.084,108.20,658050.694,1159429.070,108.0,3,658050.292,1159429.873,10.48527800,76.44417450,0.363,0.051,9.2,10.0,0.0,18.0,1882,2047,RTK FIXED
22.874,082048.80,10.48527400,76.44417600,10.48527392,76.44417660,658050.563,1159429.077,108.20,658050.641,1159429.072,108.0,3,658050.292,1159429.873,10.48527800,76.44417450,0.365,0.029,9.5,10.0,0.0,17.8,1951,2047,RTK FIXED
22.927,082048.80,10.48527400,76.44417600,10.48527395,76.44417636,658050.563,1159429.077,108.20,658050.610,1159429.074,108.0,3,658050.292,1159429.873,10.48527800,76.44417450,0.365,0.029,9.5,10.0,0.0,17.6,1951,2047,RTK FIXED
22.973,082048.80,10.48527400,76.44417600,10.48527397,76.44417622,658050.563,1159429.077,108.20,658050.591,1159429.075,108.0,3,658050.292,1159429.873,10.48527800,76.44417450,0.365,0.029,9.5,10.0,0.0,17.2,1951,2047,RTK FIXED
23.028,082048.80,10.48527400,76.44417600,10.48527398,76.44417613,658050.563,1159429.077,108.20,658050.580,1159429.076,108.0,3,658050.292,1159429.873,10.48527800,76.44417450,0.365,0.029,9.5,10.0,0.0,17.8,1951,2047,RTK FIXED
23.074,082049.00,10.48527400,76.44417600,10.48527399,76.44417608,658050.563,1159429.077,108.20,658050.573,1159429.076,120.8,3,658050.292,1159429.873,10.48527800,76.44417450,0.353,-0.100,10.0,8.4,0.0,17.3,2047,1726,RTK FIXED
23.129,082049.00,10.48527400,76.44417600,10.48527399,76.44417605,658050.563,1159429.077,108.20,658050.569,1159429.076,120.8,3,658050.292,1159429.873,10.48527800,76.44417450,0.353,-0.100,10.0,8.4,0.5,17.0,2047,1726,RTK FIXED
23.175,082049.20,10.48527500,76.44417600,10.48527440,76.44417603,658050.638,1159429.219,108.20,658050.597,1159429.133,120.8,3,658050.292,1159429.873,10.48527800,76.44417450,0.359,-0.071,10.0,8.9,0.0,16.8,2047,1819,RTK FIXED
23.228,082049.20,10.48527500,76.44417600,10.48527464,76.44417602,658050.638,1159429.219,108.20,658050.613,1159429.168,120.8,3,658050.292,1159429.873,10.48527800,76.44417450,0.359,-0.071,10.0,8.9,-0.5,15.8,2047,1819,RTK FIXED
23.282,082049.20,10.48527500,76.44417600,10.48527478,76.44417601,658050.638,1159429.219,108.20,658050.623,1159429.188,120.8,3,658050.292,1159429.873,10.48527800,76.44417450,0.359,-0.071,10.0,8.9,0.0,16.4,2047,1819,RTK FIXED
23.328,082049.20,10.48527500,76.44417600,10.48527487,76.44417601,658050.638,1159429.219,108.20,658050.629,1159429.201,120.8,3,658050.292,1159429.873,10.48527800,76.44417450,0.359,-0.071,10.0,8.9,0.5,15.7,2047,1819,RTK FIXED
23.383,082049.40,10.48527500,76.44417600,10.48527492,76.44417600,658050.638,1159429.219,108.20,658050.633,1159429.208,108.9,3,658050.292,1159429.873,10.48527800,76.44417450,0.362,0.055,9.1,10.0,0.0,15.6,1867,2047,RTK FIXED
23.428,082049.40,10.48527500,76.44417600,10.48527495,76.44417600,658050.638,1159429.219,108.20,658050.635,1159429.213,108.9,3,658050.292,1159429.873,10.48527800,76.44417450,0.362,0.055,9.1,10.0,0.0,15.4,1867,2047,RTK FIXED
23.482,082049.40,10.48527500,76.44417600,10.48527497,76.44417600,658050.638,1159429.219,108.20,658050.636,1159429.215,108.9,3,658050.292,1159429.873,10.48527800,76.44417450,0.362,0.055,9.1,10.0,-0.5,14.8,1867,2047,RTK FIXED
23.528,082049.40,10.48527500,76.44417600,10.48527498,76.44417600,658050.638,1159429.219,108.20,658050.637,1159429.217,108.9,3,658050.292,1159429.873,10.48527800,76.44417450,0.362,0.055,9.1,10.0,0.5,15.7,1867,2047,RTK FIXED
23.582,082049.40,10.48527500,76.44417600,10.48527499,76.44417600,658050.638,1159429.219,108.20,658050.638,1159429.218,108.9,3,658050.292,1159429.873,10.48527800,76.44417450,0.362,0.055,9.1,10.0,0.0,15.3,1867,2047,RTK FIXED
23.628,082049.40,10.48527500,76.44417600,10.48527499,76.44417600,658050.638,1159429.219,108.20,658050.638,1159429.218,108.9,3,658050.292,1159429.873,10.48527800,76.44417450,0.362,0.055,9.1,10.0,0.0,15.3,1867,2047,RTK FIXED
23.683,082049.60,10.48527500,76.44417600,10.48527500,76.44417600,658050.568,1159429.189,108.20,658050.610,1159429.207,108.9,3,658050.292,1159429.873,10.48527800,76.44417450,0.363,0.045,9.3,10.0,-0.5,17.4,1900,2047,RTK FIXED
23.728,082049.60,10.48527500,76.44417600,10.48527500,76.44417600,658050.568,1159429.189,108.20,658050.593,1159429.200,108.9,3,658050.292,1159429.873,10.48527800,76.44417450,0.363,0.045,9.3,10.0,0.0,17.7,1900,2047,RTK FIXED
23.783,082049.60,10.48527500,76.44417600,10.48527500,76.44417600,658050.568,1159429.189,108.20,658050.583,1159429.195,108.9,3,658050.292,1159429.873,10.48527800,76.44417450,0.363,0.045,9.3,10.0,0.0,17.9,1900,2047,RTK FIXED
23.836,082049.60,10.48527500,76.44417600,10.48527500,76.44417600,658050.568,1159429.189,108.20,658050.577,1159429.193,108.9,3,658050.292,1159429.873,10.48527800,76.44417450,0.363,0.045,9.3,10.0,0.0,17.8,1900,2047,RTK FIXED
23.883,082049.80,10.48527600,76.44417600,10.48527540,76.44417600,658050.567,1159429.300,108.20,658050.573,1159429.235,108.9,3,658050.292,1159429.873,10.48527800,76.44417450,0.362,0.054,9.1,10.0,0.5,18.2,1871,2047,RTK FIXED
23.936,082049.80,10.48527600,76.44417600,10.48527564,76.44417600,658050.567,1159429.300,108.20,658050.571,1159429.261,108.9,3,658050.292,1159429.873,10.48527800,76.44417450,0.362,0.054,9.1,10.0,0.0,17.8,1871,2047,RTK FIXED
23.983,082049.80,10.48527600,76.44417600,10.48527578,76.44417600,658050.567,1159429.300,108.20,658050.569,1159429.276,108.9,3,658050.292,1159429.873,10.48527800,76.44417450,0.362,0.054,9.1,10.0,0.0,17.8,1871,2047,RTK FIXED
24.036,082049.80,10.48527600,76.44417600,10.48527587,76.44417600,658050.567,1159429.300,108.20,658050.569,1159429.286,108.9,3,658050.292,1159429.873,10.48527800,76.44417450,0.362,0.054,9.1,10.0,-0.5,18.2,1871,2047,RTK FIXED
24.083,082050.00,10.48527600,76.44417600,10.48527592,76.44417600,658050.567,1159429.300,108.20,658050.568,1159429.291,111.3,3,658050.292,1159429.873,10.48527800,76.44417450,0.364,0.038,9.4,10.0,0.5,18.2,1923,2047,RTK FIXED
24.136,082050.00,10.48527600,76.44417600,10.48527595,76.44417600,658050.567,1159429.300,108.20,658050.568,1159429.295,111.3,3,658050.292,1159429.873,10.48527800,76.44417450,0.364,0.038,9.4,10.0,-0.5,18.4,1923,2047,RTK FIXED
24.183,082050.20,10.48527600,76.44417500,10.48527597,76.44417560,658050.473,1159429.304,108.20,658050.530,1159429.298,111.3,3,658050.292,1159429.873,10.48527800,76.44417450,0.366,0.019,9.7,10.0,0.0,18.1,1984,2047,RTK FIXED
24.236,082050.20,10.48527600,76.44417500,10.48527598,76.44417536,658050.473,1159429.304,108.20,658050.507,1159429.301,111.3,3,658050.292,1159429.873,10.48527800,76.44417450,0.366,0.019,9.7,10.0,0.5,18.3,1984,2047,RTK FIXED
24.283,082050.20,10.48527600,76.44417500,10.48527599,76.44417522,658050.473,1159429.304,108.20,658050.493,1159429.302,111.3,3,658050.292,1159429.873,10.48527800,76.44417450,0.366,0.019,9.7,10.0,0.0,18.3,1984,2047,RTK FIXED
24.337,082050.20,10.48527600,76.44417500,10.48527599,76.44417513,658050.473,1159429.304,108.20,658050.485,1159429.303,111.3,3,658050.292,1159429.873,10.48527800,76.44417450,0.366,0.019,9.7,10.0,0.0,18.1,1984,2047,RTK FIXED
24.395,082050.40,10.48527700,76.44417500,10.48527640,76.44417508,658050.472,1159429.415,108.20,658050.480,1159429.347,117.5,3,658050.292,1159429.873,10.48527800,76.44417450,0.364,-0.034,10.0,9.5,0.0,18.8,2047,1937,RTK FIXED
24.437,082050.40,10.48527700,76.44417500,10.48527664,76.44417505,658050.472,1159429.415,108.20,658050.477,1159429.374,117.5,3,658050.292,1159429.873,10.48527800,76.44417450,0.364,-0.034,10.0,9.5,-0.6,18.0,2047,1937,RTK FIXED
24.491,082050.40,10.48527700,76.44417500,10.48527678,76.44417503,658050.472,1159429.415,108.20,658050.475,1159429.390,117.5,3,658050.292,1159429.873,10.48527800,76.44417450,0.364,-0.034,10.0,9.5,0.5,18.5,2047,1937,RTK FIXED
24.537,082050.40,10.48527700,76.44417500,10.48527687,76.44417502,658050.472,1159429.415,108.20,658050.474,1159429.400,117.5,3,658050.292,1159429.873,10.48527800,76.44417450,0.364,-0.034,10.0,9.5,-0.5,19.0,2047,1937,RTK FIXED
24.591,082050.40,10.48527700,76.44417500,10.48527692,76.44417501,658050.472,1159429.415,108.20,658050.473,1159429.406,117.5,3,658050.292,1159429.873,10.48527800,76.44417450,0.364,-0.034,10.0,9.5,0.0,18.5,2047,1937,RTK FIXED
24.637,082050.40,10.48527700,76.44417500,10.48527695,76.44417501,658050.472,1159429.415,108.20,658050.473,1159429.409,117.5,3,658050.292,1159429.873,10.48527800,76.44417450,0.364,-0.034,10.0,9.5,0.5,17.7,2047,1937,RTK FIXED
24.692,082050.60,10.48527700,76.44417500,10.48527697,76.44417500,658050.509,1159429.430,108.20,658050.487,1159429.418,117.5,3,658050.292,1159429.873,10.48527800,76.44417450,0.365,-0.020,10.0,9.7,0.0,18.0,2047,1980,RTK FIXED
24.736,082050.60,10.48527700,76.44417500,10.48527698,76.44417500,658050.509,1159429.430,108.20,658050.496,1159429.423,117.5,3,658050.292,1159429.873,10.48527800,76.44417450,0.365,-0.020,10.0,9.7,0.0,16.7,2047,1980,RTK FIXED
24.791,082050.60,10.48527700,76.44417500,10.48527699,76.44417500,658050.509,1159429.430,108.20,658050.501,1159429.426,117.5,3,658050.292,1159429.873,10.48527800,76.44417450,0.365,-0.020,10.0,9.7,0.0,17.9,2047,1980,RTK FIXED
24.837,082050.60,10.48527700,76.44417500,10.48527699,76.44417500,658050.509,1159429.430,108.20,658050.505,1159429.427,117.5,3,658050.292,1159429.873,10.48527800,76.44417450,0.365,-0.020,10.0,9.7,-0.5,17.4,2047,1980,RTK FIXED
24.892,082050.80,10.48527700,76.44417500,10.48527700,76.44417500,658050.509,1159429.430,108.20,658050.506,1159429.429,117.5,3,658050.292,1159429.873,10.48527800,76.44417450,0.366,-0.012,10.0,9.8,0.5,17.8,2047,2006,RTK FIXED
24.945,082050.80,10.48527700,76.44417500,10.48527700,76.44417500,658050.509,1159429.430,108.20,658050.508,1159429.429,117.5,3,658050.292,1159429.873,10.48527800,76.44417450,0.366,-0.012,10.0,9.8,0.0,17.7,2047,2006,RTK FIXED
24.991,082050.80,10.48527700,76.44417500,10.48527700,76.44417500,658050.509,1159429.430,108.20,658050.508,1159429.430,117.5,3,658050.292,1159429.873,10.48527800,76.44417450,0.366,-0.012,10.0,9.8,-0.5,17.9,2047,2006,RTK FIXED
25.046,082051.00,10.48527800,76.44417500,10.48527740,76.44417500,658050.509,1159429.541,108.20,658050.508,1159429.474,109.5,3,658050.292,1159429.873,10.48527800,76.44417450,0.357,0.080,8.7,10.0,0.0,18.4,1788,2047,RTK FIXED
25.091,082051.00,10.48527800,76.44417500,10.48527764,76.44417500,658050.509,1159429.541,108.20,658050.509,1159429.501,109.5,3,658050.292,1159429.873,10.48527800,76.44417450,0.357,0.080,8.7,10.0,0.0,18.3,1788,2047,RTK FIXED
25.145,082051.00,10.48527800,76.44417500,10.48527778,76.44417500,658050.509,1159429.541,108.20,658050.509,1159429.517,109.5,3,658050.292,1159429.873,10.48527800,76.44417450,0.357,0.080,8.7,10.0,0.0,17.9,1788,2047,RTK FIXED
25.192,082051.20,10.48527800,76.44417500,10.48527787,76.44417500,658050.461,1159429.521,108.20,658050.490,1159429.519,109.5,3,658050.292,1159429.873,10.48527800,76.44417450,0.344,0.078,8.7,10.0,0.0,18.3,1785,2047,RTK FIXED
25.245,082051.20,10.48527800,76.44417500,10.48527792,76.44417500,658050.461,1159429.521,108.20,658050.478,1159429.520,109.5,3,658050.292,1159429.873,10.48527800,76.44417450,0.344,0.078,8.7,10.0,0.5,16.9,1785,2047,RTK FIXED
25.292,082051.20,10.48527800,76.44417500,10.48527795,76.44417500,658050.461,1159429.521,108.20,658050.471,1159429.520,109.5,3,658050.292,1159429.873,10.48527800,76.44417450,0.344,0.078,8.7,10.0,-0.5,18.1,1785,2047,RTK FIXED
25.345,082051.20,10.48527800,76.44417500,10.48527797,76.44417500,658050.461,1159429.521,108.20,658050.467,1159429.521,109.5,3,658050.292,1159429.873,10.48527800,76.44417450,0.344,0.078,8.7,10.0,0.5,17.9,1785,2047,RTK FIXED
25.392,082051.20,10.48527800,76.44417500,10.48527798,76.44417500,658050.461,1159429.521,108.20,658050.465,1159429.521,109.5,3,658050.292,1159429.873,10.48527800,76.44417450,0.344,0.078,8.7,10.0,-0.5,18.6,1785,2047,RTK FIXED
25.446,082051.20,10.48527800,76.44417500,10.48527799,76.44417500,658050.461,1159429.521,108.20,658050.463,1159429.521,109.5,3,658050.292,1159429.873,10.48527800,76.44417450,0.344,0.078,8.7,10.0,0.5,18.1,1785,2047,RTK FIXED
25.500,082051.40,10.48527800,76.44417400,10.48527799,76.44417460,658050.351,1159429.521,108.20,658050.418,1159429.521,121.6,3,658050.292,1159429.873,10.48527800,76.44417450,0.318,-0.059,10.0,9.0,0.0,17.5,2047,1832,RTK FIXED
25.545,082051.40,10.48527800,76.44417400,10.48527800,76.44417436,658050.351,1159429.521,108.20,658050.392,1159429.521,121.6,3,658050.292,1159429.873,10.48527800,76.44417450,0.318,-0.059,10.0,9.0,0.0,17.7,2047,1832,RTK FIXED
25.600,082051.40,10.48527800,76.44417400,10.48527800,76.44417422,658050.351,1159429.521,108.20,658050.376,1159429.521,121.6,3,658050.292,1159429.873,10.48527800,76.44417450,0.318,-0.059,10.0,9.0,-0.5,17.9,2047,1832,RTK FIXED
25.646,082051.40,10.48527800,76.44417400,10.48527800,76.44417413,658050.351,1159429.521,108.20,658050.366,1159429.521,121.6,3,658050.292,1159429.873,10.48527800,76.44417450,0.318,-0.059,10.0,9.0,0.0,15.8,2047,1832,RTK FIXED
25.703,082051.60,10.48527800,76.44417400,10.48527800,76.44417408,658050.422,1159429.553,108.20,658050.388,1159429.534,121.6,4,658049.759,1159430.793,10.48528633,76.44416967,0.364,-0.040,10.0,9.4,0.4,16.2,2047,1915,RTK FIXED
25.746,082051.60,10.48527800,76.44417400,10.48527800,76.44417405,658050.422,1159429.553,108.20,658050.402,1159429.541,121.6,4,658049.759,1159430.793,10.48528633,76.44416967,0.364,-0.040,10.0,9.4,-0.6,16.2,2047,1915,RTK FIXED
25.799,082051.60,10.48527800,76.44417400,10.48527800,76.44417403,658050.422,1159429.553,108.20,658050.410,1159429.546,121.6,4,658049.759,1159430.793,10.48528633,76.44416967,0.364,-0.040,10.0,9.4,0.0,16.3,2047,1915,RTK FIXED
25.845,082051.60,10.48527800,76.44417400,10.48527800,76.44417402,658050.422,1159429.553,108.20,658050.415,1159429.548,121.6,4,658049.759,1159430.793,10.48528633,76.44416967,0.364,-0.040,10.0,9.4,0.0,16.9,2047,1915,RTK FIXED
25.900,082051.80,10.48527900,76.44417400,10.48527840,76.44417401,658050.422,1159429.663,108.20,658050.418,1159429.594,113.8,4,658049.759,1159430.793,10.48528633,76.44416967,0.364,0.041,9.3,10.0,0.0,16.8,1912,2047,RTK FIXED
25.946,082051.80,10.48527900,76.44417400,10.48527864,76.44417401,658050.422,1159429.663,108.20,658050.419,1159429.622,113.8,4,658049.759,1159430.793,10.48528633,76.44416967,0.364,0.041,9.3,10.0,0.5,16.9,1912,2047,RTK FIXED
25.999,082051.80,10.48527900,76.44417400,10.48527878,76.44417400,658050.422,1159429.663,108.20,658050.420,1159429.638,113.8,4,658049.759,1159430.793,10.48528633,76.44416967,0.364,0.041,9.3,10.0,-0.5,16.4,1912,2047,RTK FIXED
26.056,082052.00,10.48527900,76.44417400,10.48527887,76.44417400,658050.377,1159429.641,108.20,658050.403,1159429.639,113.8,4,658049.759,1159430.793,10.48528633,76.44416967,0.364,0.039,9.4,10.0,0.4,16.8,1920,2047,RTK FIXED
26.100,082052.00,10.48527900,76.44417400,10.48527892,76.44417400,658050.377,1159429.641,108.20,658050.393,1159429.640,113.8,4,658049.759,1159430.793,10.48528633,76.44416967,0.364,0.039,9.4,10.0,0.0,16.4,1920,2047,RTK FIXED
26.155,082052.00,10.48527900,76.44417400,10.48527895,76.44417400,658050.377,1159429.641,108.20,658050.386,1159429.641,113.8,4,658049.759,1159430.793,10.48528633,76.44416967,0.364,0.039,9.4,10.0,0.0,17.6,1920,2047,RTK FIXED
26.201,082052.20,10.48527900,76.44417400,10.48527897,76.44417400,658050.377,1159429.641,108.20,658050.383,1159429.641,113.8,4,658049.759,1159430.793,10.48528633,76.44416967,0.364,0.037,9.4,10.0,-0.5,17.7,1925,2047,RTK FIXED
26.254,082052.20,10.48527900,76.44417400,10.48527898,76.44417400,658050.377,1159429.641,108.20,658050.380,1159429.641,113.8,4,658049.759,1159430.793,10.48528633,76.44416967,0.364,0.037,9.4,10.0,0.0,17.8,1925,2047,RTK FIXED
26.300,082052.20,10.48527900,76.44417400,10.48527899,76.44417400,658050.377,1159429.641,108.20,658050.379,1159429.641,113.8,4,658049.759,1159430.793,10.48528633,76.44416967,0.364,0.037,9.4,10.0,0.5,17.3,1925,2047,RTK FIXED
26.354,082052.20,10.48527900,76.44417400,10.48527899,76.44417400,658050.377,1159429.641,108.20,658050.378,1159429.641,113.8,4,658049.759,1159430.793,10.48528633,76.44416967,0.364,0.037,9.4,10.0,-0.5,17.6,1925,2047,RTK FIXED
26.401,082052.20,10.48527900,76.44417400,10.48527900,76.44417400,658050.377,1159429.641,108.20,658050.378,1159429.641,113.8,4,658049.759,1159430.793,10.48528633,76.44416967,0.364,0.037,9.4,10.0,0.0,17.7,1925,2047,RTK FIXED
26.455,082052.40,10.48528000,76.44417300,10.48527940,76.44417360,658050.267,1159429.751,108.20,658050.333,1159429.685,119.0,4,658049.759,1159430.793,10.48528633,76.44416967,0.365,-0.021,10.0,9.7,0.5,17.8,2047,1976,RTK FIXED
26.500,082052.40,10.48528000,76.44417300,10.48527964,76.44417336,658050.267,1159429.751,108.20,658050.307,1159429.712,119.0,4,658049.759,1159430.793,10.48528633,76.44416967,0.365,-0.021,10.0,9.7,-0.6,17.2,2047,1976,RTK FIXED
26.555,082052.40,10.48528000,76.44417300,10.48527978,76.44417322,658050.267,1159429.751,108.20,658050.291,1159429.727,119.0,4,658049.759,1159430.793,10.48528633,76.44416967,0.365,-0.021,10.0,9.7,0.0,17.1,2047,1976,RTK FIXED
26.602,082052.40,10.48528000,76.44417300,10.48527987,76.44417313,658050.267,1159429.751,108.20,658050.281,1159429.737,119.0,4,658049.759,1159430.793,10.48528633,76.44416967,0.365,-0.021,10.0,9.7,0.5,17.4,2047,1976,RTK FIXED
26.655,082052.40,10.48528000,76.44417300,10.48527992,76.44417308,658050.267,1159429.751,108.20,658050.276,1159429.743,119.0,4,658049.759,1159430.793,10.48528633,76.44416967,0.365,-0.021,10.0,9.7,-0.5,16.9,2047,1976,RTK FIXED
26.709,082052.60,10.48528000,76.44417300,10.48527995,76.44417305,658050.298,1159429.765,108.20,658050.284,1159429.752,119.0,4,658049.759,1159430.793,10.48528633,76.44416967,0.365,-0.021,10.0,9.7,0.5,16.3,2047,1977,RTK FIXED
26.755,082052.60,10.48528000,76.44417300,10.48527997,76.44417303,658050.298,1159429.765,108.20,658050.290,1159429.757,119.0,4,658049.759,1159430.793,10.48528633,76.44416967,0.365,-0.021,10.0,9.7,-0.5,17.3,2047,1977,RTK FIXED
26.809,082052.60,10.48528000,76.44417300,10.48527998,76.44417302,658050.298,1159429.765,108.20,658050.293,1159429.760,119.0,4,658049.759,1159430.793,10.48528633,76.44416967,0.365,-0.021,10.0,9.7,0.0,17.1,2047,1977,RTK FIXED
26.855,082052.80,10.48528000,76.44417300,10.48527999,76.44417301,658050.298,1159429.765,108.20,658050.295,1159429.762,119.0,4,658049.759,1159430.793,10.48528633,76.44416967,0.365,-0.021,10.0,9.7,0.5,18.3,2047,1978,RTK FIXED
26.909,082052.80,10.48528000,76.44417300,10.48527999,76.44417301,658050.298,1159429.765,108.20,658050.296,1159429.764,119.0,4,658049.759,1159430.793,10.48528633,76.44416967,0.365,-0.021,10.0,9.7,-0.5,17.8,2047,1978,RTK FIXED
26.955,082052.80,10.48528000,76.44417300,10.48528000,76.44417300,658050.298,1159429.765,108.20,658050.297,1159429.764,119.0,4,658049.759,1159430.793,10.48528633,76.44416967,0.365,-0.021,10.0,9.7,0.5,19.0,2047,1978,RTK FIXED
27.009,082052.80,10.48528000,76.44417300,10.48528000,76.44417300,658050.298,1159429.765,108.20,658050.297,1159429.765,119.0,4,658049.759,1159430.793,10.48528633,76.44416967,0.365,-0.021,10.0,9.7,0.0,17.1,2047,1978,RTK FIXED
27.055,082052.80,10.48528000,76.44417300,10.48528000,76.44417300,658050.298,1159429.765,108.20,658050.297,1159429.765,119.0,4,658049.759,1159430.793,10.48528633,76.44416967,0.365,-0.021,10.0,9.7,0.0,17.3,2047,1978,RTK FIXED
27.109,082053.00,10.48528100,76.44417300,10.48528040,76.44417300,658050.297,1159429.876,108.20,658050.297,1159429.809,115.5,4,658049.759,1159430.793,10.48528633,76.44416967,0.365,0.024,9.6,10.0,0.0,17.5,1968,2047,RTK FIXED
27.155,082053.00,10.48528100,76.44417300,10.48528064,76.44417300,658050.297,1159429.876,108.20,658050.297,1159429.836,115.5,4,658049.759,1159430.793,10.48528633,76.44416967,0.365,0.024,9.6,10.0,-0.5,16.9,1968,2047,RTK FIXED
27.209,082053.00,10.48528100,76.44417300,10.48528078,76.44417300,658050.297,1159429.876,108.20,658050.297,1159429.852,115.5,4,658049.759,1159430.793,10.48528633,76.44416967,0.365,0.024,9.6,10.0,0.5,17.2,1968,2047,RTK FIXED
27.263,082053.20,10.48528100,76.44417300,10.48528087,76.44417300,658050.276,1159429.866,108.20,658050.289,1159429.858,115.5,4,658049.759,1159430.793,10.48528633,76.44416967,0.365,0.026,9.6,10.0,-0.5,17.9,1960,2047,RTK FIXED
27.309,082053.20,10.48528100,76.44417300,10.48528092,76.44417300,658050.276,1159429.866,108.20,658050.284,1159429.861,115.5,4,658049.759,1159430.793,10.48528633,76.44416967,0.365,0.026,9.6,10.0,0.0,17.0,1960,2047,RTK FIXED
27.363,082053.20,10.48528100,76.44417300,10.48528095,76.44417300,658050.276,1159429.866,108.20,658050.281,1159429.863,115.5,4,658049.759,1159430.793,10.48528633,76.44416967,0.365,0.026,9.6,10.0,0.5,18.0,1960,2047,RTK FIXED
27.409,082053.20,10.48528100,76.44417300,10.48528097,76.44417300,658050.276,1159429.866,108.20,658050.279,1159429.864,115.5,4,658049.759,1159430.793,10.48528633,76.44416967,0.365,0.026,9.6,10.0,0.0,18.1,1960,2047,RTK FIXED
27.463,082053.40,10.48528100,76.44417300,10.48528098,76.44417300,658050.276,1159429.866,108.20,658050.278,1159429.865,115.5,4,658049.759,1159430.793,10.48528633,76.44416967,0.365,0.028,9.6,10.0,-0.5,17.7,1956,2047,RTK FIXED
27.508,082053.40,10.48528100,76.44417300,10.48528099,76.44417300,658050.276,1159429.866,108.20,658050.277,1159429.865,115.5,4,658049.759,1159430.793,10.48528633,76.44416967,0.365,0.028,9.6,10.0,0.0,18.3,1956,2047,RTK FIXED
27.563,082053.40,10.48528100,76.44417300,10.48528099,76.44417300,658050.276,1159429.866,108.20,658050.277,1159429.866,115.5,4,658049.759,1159430.793,10.48528633,76.44416967,0.365,0.028,9.6,10.0,0.0,18.3,1956,2047,RTK FIXED
27.609,082053.40,10.48528100,76.44417300,10.48528100,76.44417300,658050.276,1159429.866,108.20,658050.277,1159429.866,115.5,4,658049.759,1159430.793,10.48528633,76.44416967,0.365,0.028,9.6,10.0,0.0,18.5,1956,2047,RTK FIXED
27.664,082053.60,10.48528200,76.44417300,10.48528140,76.44417300,658050.276,1159429.977,108.20,658050.276,1159429.910,111.8,4,658049.759,1159430.793,10.48528633,76.44416967,0.358,0.077,8.8,10.0,0.5,18.4,1799,2047,RTK FIXED
27.709,082053.60,10.48528200,76.44417300,10.48528164,76.44417300,658050.276,1159429.977,108.20,658050.276,1159429.937,111.8,4,658049.759,1159430.793,10.48528633,76.44416967,0.358,0.077,8.8,10.0,0.0,18.2,1799,2047,RTK FIXED
27.763,082053.80,10.48528200,76.44417200,10.48528178,76.44417260,658050.144,1159429.967,108.20,658050.223,1159429.949,111.8,4,658049.759,1159430.793,10.48528633,76.44416967,0.362,0.054,9.1,10.0,-0.5,18.4,1872,2047,RTK FIXED
27.817,082053.80,10.48528200,76.44417200,10.48528187,76.44417236,658050.144,1159429.967,108.20,658050.192,1159429.956,111.8,4,658049.759,1159430.793,10.48528633,76.44416967,0.362,0.054,9.1,10.0,0.0,18.6,1872,2047,RTK FIXED
27.864,082053.80,10.48528200,76.44417200,10.48528192,76.44417222,658050.144,1159429.967,108.20,658050.173,1159429.961,111.8,4,658049.759,1159430.793,10.48528633,76.44416967,0.362,0.054,9.1,10.0,0.5,18.2,1872,2047,RTK FIXED
27.918,082053.80,10.48528200,76.44417200,10.48528195,76.44417213,658050.144,1159429.967,108.20,658050.161,1159429.963,111.8,4,658049.759,1159430.793,10.48528633,76.44416967,0.362,0.054,9.1,10.0,-0.5,17.6,1872,2047,RTK FIXED
27.965,082054.00,10.48528200,76.44417200,10.48528197,76.44417208,658050.144,1159429.967,108.20,658050.155,1159429.965,123.9,4,658049.759,1159430.793,10.48528633,76.44416967,0.360,-0.069,10.0,8.9,0.0,18.6,2047,1823,RTK FIXED
28.018,082054.00,10.48528200,76.44417200,10.48528198,76.44417205,658050.144,1159429.967,108.20,658050.151,1159429.966,123.9,4,658049.759,1159430.793,10.48528633,76.44416967,0.360,-0.069,10.0,8.9,0.5,17.9,2047,1823,RTK FIXED
28.063,082054.00,10.48528200,76.44417200,10.48528199,76.44417203,658050.144,1159429.967,108.20,658050.148,1159429.966,123.9,4,658049.759,1159430.793,10.48528633,76.44416967,0.360,-0.069,10.0,8.9,-0.6,17.7,2047,1823,RTK FIXED
28.119,082054.00,10.48528200,76.44417200,10.48528199,76.44417202,658050.144,1159429.967,108.20,658050.147,1159429.967,123.9,4,658049.759,1159430.793,10.48528633,76.44416967,0.360,-0.069,10.0,8.9,0.0,16.2,2047,1823,RTK FIXED
28.164,082054.20,10.48528300,76.44417200,10.48528240,76.44417201,658050.214,1159430.112,108.20,658050.173,1159430.025,123.9,4,658049.759,1159430.793,10.48528633,76.44416967,0.364,-0.041,10.0,9.3,0.0,16.3,2047,1913,RTK FIXED
28.218,082054.20,10.48528300,76.44417200,10.48528264,76.44417201,658050.214,1159430.112,108.20,658050.189,1159430.060,123.9,4,658049.759,1159430.793,10.48528633,76.44416967,0.364,-0.041,10.0,9.3,0.0,15.5,2047,1913,RTK FIXED
28.264,082054.20,10.48528300,76.44417200,10.48528278,76.44417200,658050.214,1159430.112,108.20,658050.199,1159430.081,123.9,4,658049.759,1159430.793,10.48528633,76.44416967,0.364,-0.041,10.0,9.3,0.0,15.7,2047,1913,RTK FIXED
28.318,082054.20,10.48528300,76.44417200,10.48528287,76.44417200,658050.214,1159430.112,108.20,658050.205,1159430.093,123.9,4,658049.759,1159430.793,10.48528633,76.44416967,0.364,-0.041,10.0,9.3,0.0,16.2,2047,1913,RTK FIXED
28.364,082054.40,10.48528300,76.44417200,10.48528292,76.44417200,658050.214,1159430.112,108.20,658050.208,1159430.101,111.8,4,658049.759,1159430.793,10.48528633,76.44416967,0.356,0.086,8.6,10.0,0.0,16.6,1771,2047,RTK FIXED
28.418,082054.40,10.48528300,76.44417200,10.48528295,76.44417200,658050.214,1159430.112,108.20,658050.210,1159430.105,111.8,4,658049.759,1159430.793,10.48528633,76.44416967,0.356,0.086,8.6,10.0,0.0,17.3,1771,2047,RTK FIXED
28.471,082054.40,10.48528300,76.44417200,10.48528297,76.44417200,658050.214,1159430.112,108.20,658050.212,1159430.108,111.8,4,658049.759,1159430.793,10.48528633,76.44416967,0.356,0.086,8.6,10.0,0.5,16.9,1771,2047,RTK FIXED
28.517,082054.40,10.48528300,76.44417200,10.48528298,76.44417200,658050.214,1159430.112,108.20,658050.212,1159430.110,111.8,4,658049.759,1159430.793,10.48528633,76.44416967,0.356,0.086,8.6,10.0,-0.5,17.3,1771,2047,RTK FIXED
28.571,082054.40,10.48528300,76.44417200,10.48528299,76.44417200,658050.214,1159430.112,108.20,658050.213,1159430.111,111.8,4,658049.759,1159430.793,10.48528633,76.44416967,0.356,0.086,8.6,10.0,0.5,18.0,1771,2047,RTK FIXED
28.617,082054.40,10.48528300,76.44417200,10.48528299,76.44417200,658050.214,1159430.112,108.20,658050.213,1159430.111,111.8,4,658049.759,1159430.793,10.48528633,76.44416967,0.356,0.086,8.6,10.0,0.0,18.0,1771,2047,RTK FIXED
28.672,082054.60,10.48528300,76.44417200,10.48528300,76.44417200,658050.144,1159430.078,108.20,658050.185,1159430.098,111.8,4,658049.759,1159430.793,10.48528633,76.44416967,0.359,0.075,8.8,10.0,0.0,18.6,1806,2047,RTK FIXED
28.717,082054.60,10.48528300,76.44417200,10.48528300,76.44417200,658050.144,1159430.078,108.20,658050.169,1159430.090,111.8,4,658049.759,1159430.793,10.48528633,76.44416967,0.359,0.075,8.8,10.0,-0.6,17.8,1806,2047,RTK FIXED
28.771,082054.60,10.48528300,76.44417200,10.48528300,76.44417200,658050.144,1159430.078,108.20,658050.159,1159430.085,111.8,4,658049.759,1159430.793,10.48528633,76.44416967,0.359,0.075,8.8,10.0,0.0,17.6,1806,2047,RTK FIXED
28.818,082054.60,10.48528300,76.44417200,10.48528300,76.44417200,658050.144,1159430.078,108.20,658050.153,1159430.082,111.8,4,658049.759,1159430.793,10.48528633,76.44416967,0.359,0.075,8.8,10.0,0.5,17.6,1806,2047,RTK FIXED
28.873,082054.80,10.48528400,76.44417200,10.48528340,76.44417200,658050.143,1159430.188,108.20,658050.149,1159430.125,111.8,4,658049.759,1159430.793,10.48528633,76.44416967,0.357,0.083,8.7,10.0,-0.5,17.9,1780,2047,RTK FIXED
28.918,082054.80,10.48528400,76.44417200,10.48528364,76.44417200,658050.143,1159430.188,108.20,658050.147,1159430.150,111.8,4,658049.759,1159430.793,10.48528633,76.44416967,0.357,0.083,8.7,10.0,0.5,18.1,1780,2047,RTK FIXED
28.973,082054.80,10.48528400,76.44417200,10.48528378,76.44417200,658050.143,1159430.188,108.20,658050.145,1159430.165,111.8,4,658049.759,1159430.793,10.48528633,76.44416967,0.357,0.083,8.7,10.0,0.0,18.2,1780,2047,RTK FIXED
29.027,082054.80,10.48528400,76.44417200,10.48528387,76.44417200,658050.143,1159430.188,108.20,658050.144,1159430.175,111.8,4,658049.759,1159430.793,10.48528633,76.44416967,0.357,0.083,8.7,10.0,0.0,18.0,1780,2047,RTK FIXED
29.073,082055.00,10.48528400,76.44417100,10.48528392,76.44417160,658050.034,1159430.188,108.20,658050.100,1159430.180,118.9,4,658049.759,1159430.793,10.48528633,76.44416967,0.366,-0.003,10.0,10.0,0.0,17.0,2047,2038,RTK FIXED
29.126,082055.00,10.48528400,76.44417100,10.48528395,76.44417136,658050.034,1159430.188,108.20,658050.074,1159430.183,118.9,4,658049.759,1159430.793,10.48528633,76.44416967,0.366,-0.003,10.0,10.0,0.0,17.9,2047,2038,RTK FIXED
29.173,082055.20,10.48528400,76.44417100,10.48528397,76.44417122,658050.076,1159430.206,108.20,658050.074,1159430.192,118.9,4,658049.759,1159430.793,10.48528633,76.44416967,0.366,-0.003,10.0,10.0,0.0,17.7,2047,2038,RTK FIXED
29.226,082055.20,10.48528400,76.44417100,10.48528398,76.44417113,658050.076,1159430.206,108.20,658050.075,1159430.198,118.9,4,658049.759,1159430.793,10.48528633,76.44416967,0.366,-0.003,10.0,10.0,-0.5,18.3,2047,2038,RTK FIXED
29.272,082055.20,10.48528400,76.44417100,10.48528399,76.44417108,658050.076,1159430.206,108.20,658050.075,1159430.201,118.9,4,658049.759,1159430.793,10.48528633,76.44416967,0.366,-0.003,10.0,10.0,0.5,17.3,2047,2038,RTK FIXED
29.327,082055.20,10.48528400,76.44417100,10.48528399,76.44417105,658050.076,1159430.206,108.20,658050.075,1159430.203,118.9,4,658049.759,1159430.793,10.48528633,76.44416967,0.366,-0.003,10.0,10.0,-0.5,18.0,2047,2038,RTK FIXED
29.373,082055.40,10.48528400,76.44417100,10.48528400,76.44417103,658050.076,1159430.206,108.20,658050.076,1159430.204,118.9,4,658049.759,1159430.793,10.48528633,76.44416967,0.366,-0.003,10.0,10.0,0.5,17.9,2047,2037,RTK FIXED
29.427,082055.40,10.48528400,76.44417100,10.48528400,76.44417102,658050.076,1159430.206,108.20,658050.076,1159430.205,118.9,4,658049.759,1159430.793,10.48528633,76.44416967,0.366,-0.003,10.0,10.0,0.0,18.1,2047,2037,RTK FIXED
29.480,082055.40,10.48528400,76.44417100,10.48528400,76.44417101,658050.076,1159430.206,108.20,658050.076,1159430.206,118.9,4,658049.759,1159430.793,10.48528633,76.44416967,0.366,-0.003,10.0,10.0,-0.5,18.1,2047,2037,RTK FIXED
29.527,082055.40,10.48528400,76.44417100,10.48528400,76.44417101,658050.076,1159430.206,108.20,658050.076,1159430.206,118.9,4,658049.759,1159430.793,10.48528633,76.44416967,0.366,-0.003,10.0,10.0,0.5,18.3,2047,2037,RTK FIXED
29.580,082055.40,10.48528400,76.44417100,10.48528400,76.44417100,658050.076,1159430.206,108.20,658050.076,1159430.206,118.9,4,658049.759,1159430.793,10.48528633,76.44416967,0.366,-0.003,10.0,10.0,0.0,18.6,2047,2037,RTK FIXED
29.627,082055.40,10.48528400,76.44417100,10.48528400,76.44417100,658050.076,1159430.206,108.20,658050.076,1159430.206,118.9,4,658049.759,1159430.793,10.48528633,76.44416967,0.366,-0.003,10.0,10.0,-0.5,18.9,2047,2037,RTK FIXED
29.680,082055.60,10.48528500,76.44417100,10.48528440,76.44417100,658050.075,1159430.317,108.20,658050.075,1159430.250,115.4,4,658049.759,1159430.793,10.48528633,76.44416967,0.363,0.044,9.3,10.0,0.0,18.7,1905,2047,RTK FIXED
29.727,082055.60,10.48528500,76.44417100,10.48528464,76.44417100,658050.075,1159430.317,108.20,658050.075,1159430.277,115.4,4,658049.759,1159430.793,10.48528633,76.44416967,0.363,0.044,9.3,10.0,0.5,18.3,1905,2047,RTK FIXED
29.780,082055.60,10.48528500,76.44417100,10.48528478,76.44417100,658050.075,1159430.317,108.20,658050.075,1159430.293,115.4,4,658049.759,1159430.793,10.48528633,76.44416967,0.363,0.044,9.3,10.0,-0.5,18.2,1905,2047,RTK FIXED
29.827,082055.60,10.48528500,76.44417100,10.48528487,76.44417100,658050.075,1159430.317,108.20,658050.075,1159430.303,115.4,4,658049.759,1159430.793,10.48528633,76.44416967,0.363,0.044,9.3,10.0,0.5,17.2,1905,2047,RTK FIXED
29.881,082055.80,10.48528500,76.44417000,10.48528492,76.44417060,658049.946,1159430.307,108.20,658050.023,1159430.304,115.4,4,658049.759,1159430.793,10.48528633,76.44416967,0.365,0.020,9.7,10.0,-0.5,17.9,1980,2047,RTK FIXED
29.927,082055.80,10.48528500,76.44417000,10.48528495,76.44417036,658049.946,1159430.307,108.20,658049.992,1159430.305,115.4,4,658049.759,1159430.793,10.48528633,76.44416967,0.365,0.020,9.7,10.0,0.5,17.6,1980,2047,RTK FIXED
29.980,082055.80,10.48528500,76.44417000,10.48528497,76.44417022,658049.946,1159430.307,108.20,658049.974,1159430.306,115.4,4,658049.759,1159430.793,10.48528633,76.44416967,0.365,0.020,9.7,10.0,0.0,17.4,1980,2047,RTK FIXED
30.036,082055.80,10.48528500,76.44417000,10.48528498,76.44417013,658049.946,1159430.307,108.20,658049.962,1159430.306,115.4,4,658049.759,1159430.793,10.48528633,76.44416967,0.365,0.020,9.7,10.0,-0.5,18.8,1980,2047,RTK FIXED
30.081,082056.00,10.48528500,76.44417000,10.48528499,76.44417008,658049.946,1159430.307,108.20,658049.956,1159430.306,126.7,4,658049.759,1159430.793,10.48528633,76.44416967,0.354,-0.096,10.0,8.5,0.0,16.6,2047,1738,RTK FIXED
30.135,082056.00,10.48528500,76.44417000,10.48528499,76.44417005,658049.946,1159430.307,108.20,658049.952,1159430.307,126.7,4,658049.759,1159430.793,10.48528633,76.44416967,0.354,-0.096,10.0,8.5,0.5,17.8,2047,1738,RTK FIXED
30.181,082056.20,10.48528600,76.44417000,10.48528540,76.44417003,658050.009,1159430.453,108.20,658049.974,1159430.365,126.7,4,658049.759,1159430.793,10.48528633,76.44416967,0.360,-0.069,10.0,8.9,0.0,17.7,2047,1823,RTK FIXED
30.235,082056.20,10.48528600,76.44417000,10.48528564,76.44417002,658050.009,1159430.453,108.20,658049.988,1159430.400,126.7,4,658049.759,1159430.793,10.48528633,76.44416967,0.360,-0.069,10.0,8.9,0.0,17.0,2047,1823,RTK FIXED
30.281,082056.20,10.48528600,76.44417000,10.48528578,76.44417001,658050.009,1159430.453,108.20,658049.996,1159430.422,126.7,4,658049.759,1159430.793,10.48528633,76.44416967,0.360,-0.069,10.0,8.9,-0.5,17.3,2047,1823,RTK FIXED
30.335,082056.20,10.48528600,76.44417000,10.48528587,76.44417001,658050.009,1159430.453,108.20,658050.001,1159430.434,126.7,4,658049.759,1159430.793,10.48528633,76.44416967,0.360,-0.069,10.0,8.9,0.5,16.2,2047,1823,RTK FIXED
30.382,082056.40,10.48528600,76.44417000,10.48528592,76.44417000,658050.009,1159430.453,108.20,658050.004,1159430.442,114.4,4,658049.759,1159430.793,10.48528633,76.44416967,0.361,0.059,9.1,10.0,-0.5,15.9,1856,2047,RTK FIXED
30.435,082056.40,10.48528600,76.44417000,10.48528595,76.44417000,658050.009,1159430.453,108.20,658050.006,1159430.446,114.4,4,658049.759,1159430.793,10.48528633,76.44416967,0.361,0.059,9.1,10.0,0.0,15.4,1856,2047,RTK FIXED
30.481,082056.40,10.48528600,76.44417000,10.48528597,76.44417000,658050.009,1159430.453,108.20,658050.007,1159430.449,114.4,4,658049.759,1159430.793,10.48528633,76.44416967,0.361,0.059,9.1,10.0,0.0,15.9,1856,2047,RTK FIXED
30.535,082056.40,10.48528600,76.44417000,10.48528598,76.44417000,658050.009,1159430.453,108.20,658050.008,1159430.451,114.4,4,658049.759,1159430.793,10.48528633,76.44416967,0.361,0.059,9.1,10.0,0.0,16.0,1856,2047,RTK FIXED
30.589,082056.40,10.48528600,76.44417000,10.48528599,76.44417000,658050.009,1159430.453,108.20,658050.008,1159430.452,114.4,4,658049.759,1159430.793,10.48528633,76.44416967,0.361,0.059,9.1,10.0,0.0,15.3,1856,2047,RTK FIXED
30.635,082056.40,10.48528600,76.44417000,10.48528599,76.44417000,658050.009,1159430.453,108.20,658050.008,1159430.452,114.4,4,658049.759,1159430.793,10.48528633,76.44416967,0.361,0.059,9.1,10.0,0.0,16.2,1856,2047,RTK FIXED
30.690,082056.60,10.48528600,76.44417000,10.48528600,76.44417000,658049.939,1159430.415,108.20,658049.980,1159430.437,114.4,4,658049.759,1159430.793,10.48528633,76.44416967,0.356,0.047,9.2,10.0,0.0,18.0,1892,2047,RTK FIXED
30.735,082056.60,10.48528600,76.44417000,10.48528600,76.44417000,658049.939,1159430.415,108.20,658049.964,1159430.428,114.4,4,658049.759,1159430.793,10.48528633,76.44416967,0.356,0.047,9.2,10.0,0.5,18.0,1892,2047,RTK FIXED
30.789,082056.60,10.48528600,76.44417000,10.48528600,76.44417000,658049.939,1159430.415,108.20,658049.954,1159430.423,114.4,4,658049.759,1159430.793,10.48528633,76.44416967,0.356,0.047,9.2,10.0,0.0,17.9,1892,2047,RTK FIXED
30.836,082056.60,10.48528600,76.44417000,10.48528600,76.44417000,658049.939,1159430.415,108.20,658049.948,1159430.420,114.4,4,658049.759,1159430.793,10.48528633,76.44416967,0.356,0.047,9.2,10.0,0.0,18.1,1892,2047,RTK FIXED
30.892,082056.80,10.48528700,76.44417000,10.48528640,76.44417000,658049.938,1159430.525,108.20,658049.944,1159430.462,114.4,5,658049.225,1159431.712,10.48529467,76.44416483,0.362,0.054,9.1,10.0,-0.4,18.1,1872,2047,RTK FIXED
30.936,082056.80,10.48528700,76.44417000,10.48528664,76.44417000,658049.938,1159430.525,108.20,658049.942,1159430.487,114.4,5,658049.225,1159431.712,10.48529467,76.44416483,0.362,0.054,9.1,10.0,0.0,17.9,1872,2047,RTK FIXED
30.990,082056.80,10.48528700,76.44417000,10.48528678,76.44417000,658049.938,1159430.525,108.20,658049.940,1159430.502,114.4,5,658049.225,1159431.712,10.48529467,76.44416483,0.362,0.054,9.1,10.0,0.0,18.1,1872,2047,RTK FIXED
31.037,082056.80,10.48528700,76.44417000,10.48528687,76.44417000,658049.938,1159430.525,108.20,658049.940,1159430.512,114.4,5,658049.225,1159431.712,10.48529467,76.44416483,0.362,0.054,9.1,10.0,0.5,18.4,1872,2047,RTK FIXED
31.090,082057.00,10.48528700,76.44416900,10.48528692,76.44416960,658049.829,1159430.525,108.20,658049.895,1159430.517,121.1,5,658049.225,1159431.712,10.48529467,76.44416483,0.365,-0.022,10.0,9.6,-0.5,18.4,2047,1974,RTK FIXED
31.136,082057.00,10.48528700,76.44416900,10.48528695,76.44416936,658049.829,1159430.525,108.20,658049.869,1159430.520,121.1,5,658049.225,1159431.712,10.48529467,76.44416483,0.365,-0.022,10.0,9.6,0.5,18.3,2047,1974,RTK FIXED
31.191,082057.20,10.48528700,76.44416900,10.48528697,76.44416922,658049.868,1159430.544,108.20,658049.869,1159430.530,121.1,5,658049.225,1159431.712,10.48529467,76.44416483,0.365,-0.023,10.0,9.6,0.0,18.1,2047,1971,RTK FIXED
31.244,082057.20,10.48528700,76.44416900,10.48528698,76.44416913,658049.868,1159430.544,108.20,658049.868,1159430.535,121.1,5,658049.225,1159431.712,10.48529467,76.44416483,0.365,-0.023,10.0,9.6,-0.5,17.8,2047,1971,RTK FIXED
31.290,082057.20,10.48528700,76.44416900,10.48528699,76.44416908,658049.868,1159430.544,108.20,658049.868,1159430.539,121.1,5,658049.225,1159431.712,10.48529467,76.44416483,0.365,-0.023,10.0,9.6,0.0,17.3,2047,1971,RTK FIXED
31.344,082057.20,10.48528700,76.44416900,10.48528699,76.44416905,658049.868,1159430.544,108.20,658049.868,1159430.541,121.1,5,658049.225,1159431.712,10.48529467,76.44416483,0.365,-0.023,10.0,9.6,0.0,17.6,2047,1971,RTK FIXED
31.391,082057.40,10.48528800,76.44416900,10.48528740,76.44416903,658049.868,1159430.655,108.20,658049.868,1159430.586,116.9,5,658049.225,1159431.712,10.48529467,76.44416483,0.365,0.025,9.6,10.0,0.5,18.0,1964,2047,RTK FIXED
31.444,082057.40,10.48528800,76.44416900,10.48528764,76.44416902,658049.868,1159430.655,108.20,658049.868,1159430.614,116.9,5,658049.225,1159431.712,10.48529467,76.44416483,0.365,0.025,9.6,10.0,0.0,18.9,1964,2047,RTK FIXED
31.490,082057.40,10.48528800,76.44416900,10.48528778,76.44416901,658049.868,1159430.655,108.20,658049.868,1159430.630,116.9,5,658049.225,1159431.712,10.48529467,76.44416483,0.365,0.025,9.6,10.0,0.0,19.5,1964,2047,RTK FIXED
31.543,082057.40,10.48528800,76.44416900,10.48528787,76.44416901,658049.868,1159430.655,108.20,658049.868,1159430.640,116.9,5,658049.225,1159431.712,10.48529467,76.44416483,0.365,0.025,9.6,10.0,-0.5,18.3,1964,2047,RTK FIXED
31.590,082057.40,10.48528800,76.44416900,10.48528792,76.44416900,658049.868,1159430.655,108.20,658049.868,1159430.646,116.9,5,658049.225,1159431.712,10.48529467,76.44416483,0.365,0.025,9.6,10.0,0.0,18.7,1964,2047,RTK FIXED
31.644,082057.40,10.48528800,76.44416900,10.48528795,76.44416900,658049.868,1159430.655,108.20,658049.868,1159430.649,116.9,5,658049.225,1159431.712,10.48529467,76.44416483,0.365,0.025,9.6,10.0,0.5,19.0,1964,2047,RTK FIXED
31.691,082057.60,10.48528800,76.44416900,10.48528797,76.44416900,658049.844,1159430.642,108.20,658049.858,1159430.646,116.9,5,658049.225,1159431.712,10.48529467,76.44416483,0.365,0.026,9.6,10.0,0.0,17.6,1961,2047,RTK FIXED
31.744,082057.60,10.48528800,76.44416900,10.48528798,76.44416900,658049.844,1159430.642,108.20,658049.852,1159430.645,116.9,5,658049.225,1159431.712,10.48529467,76.44416483,0.365,0.026,9.6,10.0,-0.5,17.4,1961,2047,RTK FIXED
31.790,082057.60,10.48528800,76.44416900,10.48528799,76.44416900,658049.844,1159430.642,108.20,658049.849,1159430.644,116.9,5,658049.225,1159431.712,10.48529467,76.44416483,0.365,0.026,9.6,10.0,0.5,18.5,1961,2047,RTK FIXED
31.844,082057.60,10.48528800,76.44416900,10.48528799,76.44416900,658049.844,1159430.642,108.20,658049.847,1159430.643,116.9,5,658049.225,1159431.712,10.48529467,76.44416483,0.365,0.026,9.6,10.0,-0.5,18.2,1961,2047,RTK FIXED
31.899,082057.80,10.48528800,76.44416800,10.48528800,76.44416860,658049.734,1159430.642,108.20,658049.802,1159430.643,125.2,5,658049.225,1159431.712,10.48529467,76.44416483,0.359,-0.070,10.0,8.9,0.0,18.6,2047,1822,RTK FIXED
31.945,082057.80,10.48528800,76.44416800,10.48528800,76.44416836,658049.734,1159430.642,108.20,658049.775,1159430.642,125.2,5,658049.225,1159431.712,10.48529467,76.44416483,0.359,-0.070,10.0,8.9,0.0,18.6,2047,1822,RTK FIXED
31.998,082057.80,10.48528800,76.44416800,10.48528800,76.44416822,658049.734,1159430.642,108.20,658049.758,1159430.642,125.2,5,658049.225,1159431.712,10.48529467,76.44416483,0.359,-0.070,10.0,8.9,0.5,19.1,2047,1822,RTK FIXED
32.044,082057.80,10.48528800,76.44416800,10.48528800,76.44416813,658049.734,1159430.642,108.20,658049.749,1159430.642,125.2,5,658049.225,1159431.712,10.48529467,76.44416483,0.359,-0.070,10.0,8.9,0.0,18.4,2047,1822,RTK FIXED
32.099,082058.00,10.48528800,76.44416800,10.48528800,76.44416808,658049.781,1159430.668,108.20,658049.761,1159430.652,125.2,5,658049.225,1159431.712,10.48529467,76.44416483,0.359,-0.071,10.0,8.9,0.0,17.4,2047,1819,RTK FIXED
32.145,082058.00,10.48528800,76.44416800,10.48528800,76.44416805,658049.781,1159430.668,108.20,658049.769,1159430.659,125.2,5,658049.225,1159431.712,10.48529467,76.44416483,0.359,-0.071,10.0,8.9,-0.5,17.0,2047,1819,RTK FIXED
32.199,082058.20,10.48528900,76.44416800,10.48528840,76.44416803,658049.780,1159430.779,108.20,658049.774,1159430.707,119.2,5,658049.225,1159431.712,10.48529467,76.44416483,0.366,-0.005,10.0,9.9,0.0,17.0,2047,2031,RTK FIXED
32.245,082058.20,10.48528900,76.44416800,10.48528864,76.44416802,658049.780,1159430.779,108.20,658049.776,1159430.735,119.2,5,658049.225,1159431.712,10.48529467,76.44416483,0.366,-0.005,10.0,9.9,0.5,15.8,2047,2031,RTK FIXED
32.299,082058.20,10.48528900,76.44416800,10.48528878,76.44416801,658049.780,1159430.779,108.20,658049.778,1159430.753,119.2,5,658049.225,1159431.712,10.48529467,76.44416483,0.366,-0.005,10.0,9.9,-0.5,16.2,2047,2031,RTK FIXED
32.345,082058.20,10.48528900,76.44416800,10.48528887,76.44416801,658049.780,1159430.779,108.20,658049.779,1159430.763,119.2,5,658049.225,1159431.712,10.48529467,76.44416483,0.366,-0.005,10.0,9.9,0.5,16.9,2047,2031,RTK FIXED
32.399,082058.40,10.48528900,76.44416800,10.48528892,76.44416800,658049.747,1159430.759,108.20,658049.766,1159430.761,119.2,5,658049.225,1159431.712,10.48529467,76.44416483,0.366,-0.007,10.0,9.9,0.0,16.6,2047,2024,RTK FIXED
32.453,082058.40,10.48528900,76.44416800,10.48528895,76.44416800,658049.747,1159430.759,108.20,658049.758,1159430.760,119.2,5,658049.225,1159431.712,10.48529467,76.44416483,0.366,-0.007,10.0,9.9,-0.5,17.3,2047,2024,RTK FIXED
32.499,082058.40,10.48528900,76.44416800,10.48528897,76.44416800,658049.747,1159430.759,108.20,658049.754,1159430.760,119.2,5,658049.225,1159431.712,10.48529467,76.44416483,0.366,-0.007,10.0,9.9,0.5,17.9,2047,2024,RTK FIXED
32.553,082058.40,10.48528900,76.44416800,10.48528898,76.44416800,658049.747,1159430.759,108.20,658049.751,1159430.759,119.2,5,658049.225,1159431.712,10.48529467,76.44416483,0.366,-0.007,10.0,9.9,0.0,17.6,2047,2024,RTK FIXED
32.599,082058.40,10.48528900,76.44416800,10.48528899,76.44416800,658049.747,1159430.759,108.20,658049.749,1159430.759,119.2,5,658049.225,1159431.712,10.48529467,76.44416483,0.366,-0.007,10.0,9.9,-0.5,17.4,2047,2024,RTK FIXED
32.653,082058.60,10.48528900,76.44416800,10.48528899,76.44416800,658049.747,1159430.759,108.20,658049.748,1159430.759,119.2,5,658049.225,1159431.712,10.48529467,76.44416483,0.366,-0.008,10.0,9.9,0.0,17.4,2047,2020,RTK FIXED
32.699,082058.60,10.48528900,76.44416800,10.48528900,76.44416800,658049.747,1159430.759,108.20,658049.748,1159430.759,119.2,5,658049.225,1159431.712,10.48529467,76.44416483,0.366,-0.008,10.0,9.9,0.5,17.5,2047,2020,RTK FIXED
32.753,082058.60,10.48528900,76.44416800,10.48528900,76.44416800,658049.747,1159430.759,108.20,658049.747,1159430.759,119.2,5,658049.225,1159431.712,10.48529467,76.44416483,0.366,-0.008,10.0,9.9,0.0,18.1,2047,2020,RTK FIXED
32.799,082058.60,10.48528900,76.44416800,10.48528900,76.44416800,658049.747,1159430.759,108.20,658049.747,1159430.759,119.2,5,658049.225,1159431.712,10.48529467,76.44416483,0.366,-0.008,10.0,9.9,-0.5,17.8,2047,2020,RTK FIXED
32.854,082058.80,10.48529000,76.44416800,10.48528940,76.44416800,658049.746,1159430.869,108.20,658049.747,1159430.803,116.6,5,658049.225,1159431.712,10.48529467,76.44416483,0.365,0.029,9.5,10.0,0.0,17.8,1951,2047,RTK FIXED
32.907,082058.80,10.48529000,76.44416800,10.48528964,76.44416800,658049.746,1159430.869,108.20,658049.747,1159430.830,116.6,5,658049.225,1159431.712,10.48529467,76.44416483,0.365,0.029,9.5,10.0,0.0,17.9,1951,2047,RTK FIXED
32.952,082058.80,10.48529000,76.44416800,10.48528978,76.44416800,658049.746,1159430.869,108.20,658049.747,1159430.846,116.6,5,658049.225,1159431.712,10.48529467,76.44416483,0.365,0.029,9.5,10.0,0.0,17.6,1951,2047,RTK FIXED
33.007,082058.80,10.48529000,76.44416800,10.48528987,76.44416800,658049.746,1159430.869,108.20,658049.746,1159430.855,116.6,5,658049.225,1159431.712,10.48529467,76.44416483,0.365,0.029,9.5,10.0,0.0,18.3,1951,2047,RTK FIXED
33.053,082058.80,10.48529000,76.44416800,10.48528992,76.44416800,658049.746,1159430.869,108.20,658049.746,1159430.861,116.6,5,658049.225,1159431.712,10.48529467,76.44416483,0.365,0.029,9.5,10.0,0.0,17.6,1951,2047,RTK FIXED
33.108,082059.00,10.48529000,76.44416700,10.48528995,76.44416760,658049.622,1159430.861,108.20,658049.697,1159430.861,116.6,5,658049.225,1159431.712,10.48529467,76.44416483,0.366,0.007,9.9,10.0,0.5,17.7,2024,2047,RTK FIXED
33.152,082059.00,10.48529000,76.44416700,10.48528997,76.44416736,658049.622,1159430.861,108.20,658049.667,1159430.861,116.6,5,658049.225,1159431.712,10.48529467,76.44416483,0.366,0.007,9.9,10.0,0.0,17.9,2024,2047,RTK FIXED
33.208,082059.20,10.48529000,76.44416700,10.48528998,76.44416722,658049.622,1159430.861,108.20,658049.649,1159430.861,127.1,5,658049.225,1159431.712,10.48529467,76.44416483,0.352,-0.102,10.0,8.4,0.0,17.2,2047,1720,RTK FIXED
33.253,082059.20,10.48529000,76.44416700,10.48528999,76.44416713,658049.622,1159430.861,108.20,658049.638,1159430.861,127.1,5,658049.225,1159431.712,10.48529467,76.44416483,0.352,-0.102,10.0,8.4,0.0,17.8,2047,1720,RTK FIXED
33.307,082059.20,10.48529000,76.44416700,10.48528999,76.44416708,658049.622,1159430.861,108.20,658049.631,1159430.861,127.1,5,658049.225,1159431.712,10.48529467,76.44416483,0.352,-0.102,10.0,8.4,0.0,17.1,2047,1720,RTK FIXED
33.354,082059.20,10.48529000,76.44416700,10.48529000,76.44416705,658049.622,1159430.861,108.20,658049.628,1159430.861,127.1,5,658049.225,1159431.712,10.48529467,76.44416483,0.352,-0.102,10.0,8.4,-0.5,16.4,2047,1720,RTK FIXED
33.408,082059.40,10.48529100,76.44416700,10.48529040,76.44416703,658049.680,1159431.006,108.20,658049.648,1159430.919,127.1,5,658049.225,1159431.712,10.48529467,76.44416483,0.358,-0.076,10.0,8.8,0.0,16.3,2047,1803,RTK FIXED
33.461,082059.40,10.48529100,76.44416700,10.48529064,76.44416702,658049.680,1159431.006,108.20,658049.661,1159430.954,127.1,5,658049.225,1159431.712,10.48529467,76.44416483,0.358,-0.076,10.0,8.8,0.0,15.9,2047,1803,RTK FIXED
33.508,082059.40,10.48529100,76.44416700,10.48529078,76.44416701,658049.680,1159431.006,108.20,658049.669,1159430.975,127.1,5,658049.225,1159431.712,10.48529467,76.44416483,0.358,-0.076,10.0,8.8,0.5,15.6,2047,1803,RTK FIXED
33.561,082059.40,10.48529100,76.44416700,10.48529087,76.44416701,658049.680,1159431.006,108.20,658049.673,1159430.988,127.1,5,658049.225,1159431.712,10.48529467,76.44416483,0.358,-0.076,10.0,8.8,-0.5,15.1,2047,1803,RTK FIXED
33.608,082059.40,10.48529100,76.44416700,10.48529092,76.44416700,658049.680,1159431.006,108.20,658049.676,1159430.995,127.1,5,658049.225,1159431.712,10.48529467,76.44416483,0.358,-0.076,10.0,8.8,0.5,14.9,2047,1803,RTK FIXED
33.662,082059.60,10.48529100,76.44416700,10.48529095,76.44416700,658049.680,1159431.006,108.20,658049.677,1159431.000,115.0,5,658049.225,1159431.712,10.48529467,76.44416483,0.363,0.050,9.2,10.0,0.0,14.3,1885,2047,RTK FIXED
33.708,082059.60,10.48529100,76.44416700,10.48529097,76.44416700,658049.680,1159431.006,108.20,658049.678,1159431.002,115.0,5,658049.225,1159431.712,10.48529467,76.44416483,0.363,0.050,9.2,10.0,0.0,15.2,1885,2047,RTK FIXED
33.762,082059.60,10.48529100,76.44416700,10.48529098,76.44416700,658049.680,1159431.006,108.20,658049.679,1159431.004,115.0,5,658049.225,1159431.712,10.48529467,76.44416483,0.363,0.050,9.2,10.0,-0.5,14.9,1885,2047,RTK FIXED
33.807,082059.60,10.48529100,76.44416700,10.48529099,76.44416700,658049.680,1159431.006,108.20,658049.679,1159431.005,115.0,5,658049.225,1159431.712,10.48529467,76.44416483,0.363,0.050,9.2,10.0,0.0,15.2,1885,2047,RTK FIXED
33.862,082059.80,10.48529100,76.44416700,10.48529099,76.44416700,658049.612,1159430.968,108.20,658049.652,1159430.990,115.0,5,658049.225,1159431.712,10.48529467,76.44416483,0.364,0.038,9.4,10.0,0.0,15.6,1924,2047,RTK FIXED
33.908,082059.80,10.48529100,76.44416700,10.48529100,76.44416700,658049.612,1159430.968,108.20,658049.636,1159430.981,115.0,5,658049.225,1159431.712,10.48529467,76.44416483,0.364,0.038,9.4,10.0,0.5,15.4,1924,2047,RTK FIXED
33.962,082059.80,10.48529100,76.44416700,10.48529100,76.44416700,658049.612,1159430.968,108.20,658049.626,1159430.976,115.0,5,658049.225,1159431.712,10.48529467,76.44416483,0.364,0.038,9.4,10.0,0.0,16.6,1924,2047,RTK FIXED
34.016,082059.80,10.48529100,76.44416700,10.48529100,76.44416700,658049.612,1159430.968,108.20,658049.621,1159430.973,115.0,5,658049.225,1159431.712,10.48529467,76.44416483,0.364,0.038,9.4,10.0,0.0,17.6,1924,2047,RTK FIXED
34.063,082100.00,10.48529200,76.44416700,10.48529140,76.44416700,658049.611,1159431.078,108.20,658049.617,1159431.015,115.0,5,658049.225,1159431.712,10.48529467,76.44416483,0.363,0.045,9.3,10.0,0.0,17.5,1899,2047,RTK FIXED
34.115,082100.00,10.48529200,76.44416700,10.48529164,76.44416700,658049.611,1159431.078,108.20,658049.615,1159431.040,115.0,5,658049.225,1159431.712,10.48529467,76.44416483,0.363,0.045,9.3,10.0,-0.5,17.6,1899,2047,RTK FIXED
34.163,082100.20,10.48529200,76.44416600,10.48529178,76.44416660,658049.502,1159431.078,108.20,658049.570,1159431.055,121.6,5,658049.225,1159431.712,10.48529467,76.44416483,0.364,-0.035,10.0,9.4,0.5,18.0,2047,1931,RTK FIXED
34.216,082100.20,10.48529200,76.44416600,10.48529187,76.44416636,658049.502,1159431.078,108.20,658049.543,1159431.064,121.6,5,658049.225,1159431.712,10.48529467,76.44416483,0.364,-0.035,10.0,9.4,0.0,17.8,2047,1931,RTK FIXED
34.262,082100.20,10.48529200,76.44416600,10.48529192,76.44416622,658049.502,1159431.078,108.20,658049.526,1159431.070,121.6,5,658049.225,1159431.712,10.48529467,76.44416483,0.364,-0.035,10.0,9.4,-0.5,17.4,2047,1931,RTK FIXED
34.316,082100.20,10.48529200,76.44416600,10.48529195,76.44416613,658049.502,1159431.078,108.20,658049.517,1159431.073,121.6,5,658049.225,1159431.712,10.48529467,76.44416483,0.364,-0.035,10.0,9.4,0.5,16.6,2047,1931,RTK FIXED
34.363,082100.40,10.48529200,76.44416600,10.48529197,76.44416608,658049.540,1159431.097,108.20,658049.526,1159431.083,121.6,5,658049.225,1159431.712,10.48529467,76.44416483,0.364,-0.037,10.0,9.4,0.0,17.1,2047,1927,RTK FIXED
34.416,082100.40,10.48529200,76.44416600,10.48529198,76.44416605,658049.540,1159431.097,108.20,658049.531,1159431.088,121.6,5,658049.225,1159431.712,10.48529467,76.44416483,0.364,-0.037,10.0,9.4,0.0,16.0,2047,1927,RTK FIXED
34.463,082100.40,10.48529200,76.44416600,10.48529199,76.44416603,658049.540,1159431.097,108.20,658049.535,1159431.092,121.6,5,658049.225,1159431.712,10.48529467,76.44416483,0.364,-0.037,10.0,9.4,0.0,16.8,2047,1927,RTK FIXED
34.516,082100.40,10.48529200,76.44416600,10.48529199,76.44416602,658049.540,1159431.097,108.20,658049.537,1159431.094,121.6,5,658049.225,1159431.712,10.48529467,76.44416483,0.364,-0.037,10.0,9.4,0.0,16.4,2047,1927,RTK FIXED
34.562,082100.40,10.48529200,76.44416600,10.48529200,76.44416601,658049.540,1159431.097,108.20,658049.538,1159431.095,121.6,5,658049.225,1159431.712,10.48529467,76.44416483,0.364,-0.037,10.0,9.4,-0.5,17.3,2047,1927,RTK FIXED
34.616,082100.40,10.48529200,76.44416600,10.48529200,76.44416601,658049.540,1159431.097,108.20,658049.539,1159431.096,121.6,5,658049.225,1159431.712,10.48529467,76.44416483,0.364,-0.037,10.0,9.4,0.5,17.0,2047,1927,RTK FIXED
34.671,082100.60,10.48529200,76.44416600,10.48529200,76.44416600,658049.540,1159431.097,108.20,658049.539,1159431.096,121.6,5,658049.225,1159431.712,10.48529467,76.44416483,0.364,-0.037,10.0,9.4,-0.5,17.4,2047,1925,RTK FIXED
34.716,082100.60,10.48529200,76.44416600,10.48529200,76.44416600,658049.540,1159431.097,108.20,658049.539,1159431.097,121.6,5,658049.225,1159431.712,10.48529467,76.44416483,0.364,-0.037,10.0,9.4,0.0,17.0,2047,1925,RTK FIXED
34.770,082100.60,10.48529200,76.44416600,10.48529200,76.44416600,658049.540,1159431.097,108.20,658049.539,1159431.097,121.6,5,658049.225,1159431.712,10.48529467,76.44416483,0.364,-0.037,10.0,9.4,0.0,17.4,2047,1925,RTK FIXED
34.816,082100.60,10.48529200,76.44416600,10.48529200,76.44416600,658049.540,1159431.097,108.20,658049.540,1159431.097,121.6,5,658049.225,1159431.712,10.48529467,76.44416483,0.364,-0.037,10.0,9.4,0.5,17.6,2047,1925,RTK FIXED
34.871,082100.80,10.48529300,76.44416600,10.48529240,76.44416600,658049.539,1159431.208,108.20,658049.539,1159431.141,117.9,5,658049.225,1159431.712,10.48529467,76.44416483,0.366,0.011,9.8,10.0,0.0,17.5,2012,2047,RTK FIXED
34.917,082100.80,10.48529300,76.44416600,10.48529264,76.44416600,658049.539,1159431.208,108.20,658049.539,1159431.168,117.9,5,658049.225,1159431.712,10.48529467,76.44416483,0.366,0.011,9.8,10.0,-0.5,17.0,2012,2047,RTK FIXED
34.971,082100.80,10.48529300,76.44416600,10.48529278,76.44416600,658049.539,1159431.208,108.20,658049.539,1159431.184,117.9,5,658049.225,1159431.712,10.48529467,76.44416483,0.366,0.011,9.8,10.0,0.0,17.0,2012,2047,RTK FIXED
35.017,082100.80,10.48529300,76.44416600,10.48529287,76.44416600,658049.539,1159431.208,108.20,658049.539,1159431.193,117.9,5,658049.225,1159431.712,10.48529467,76.44416483,0.366,0.011,9.8,10.0,0.0,17.5,2012,2047,RTK FIXED
35.071,082101.00,10.48529300,76.44416600,10.48529292,76.44416600,658049.518,1159431.196,108.20,658049.531,1159431.195,117.9,5,658049.225,1159431.712,10.48529467,76.44416483,0.366,0.013,9.8,10.0,0.0,17.0,2004,2047,RTK FIXED
35.116,082101.00,10.48529300,76.44416600,10.48529295,76.44416600,658049.518,1159431.196,108.20,658049.526,1159431.195,117.9,5,658049.225,1159431.712,10.48529467,76.44416483,0.366,0.013,9.8,10.0,0.0,17.6,2004,2047,RTK FIXED
35.171,082101.20,10.48529300,76.44416600,10.48529297,76.44416600,658049.518,1159431.196,108.20,658049.523,1159431.196,117.9,5,658049.225,1159431.712,10.48529467,76.44416483,0.366,0.014,9.8,10.0,0.0,18.3,1999,2047,RTK FIXED
35.225,082101.20,10.48529300,76.44416600,10.48529298,76.44416600,658049.518,1159431.196,108.20,658049.521,1159431.196,117.9,5,658049.225,1159431.712,10.48529467,76.44416483,0.366,0.014,9.8,10.0,0.5,18.2,1999,2047,RTK FIXED
35.271,082101.20,10.48529300,76.44416600,10.48529299,76.44416600,658049.518,1159431.196,108.20,658049.520,1159431.196,117.9,5,658049.225,1159431.712,10.48529467,76.44416483,0.366,0.014,9.8,10.0,-0.5,18.4,1999,2047,RTK FIXED
35.325,082101.20,10.48529300,76.44416600,10.48529299,76.44416600,658049.518,1159431.196,108.20,658049.519,1159431.196,117.9,5,658049.225,1159431.712,10.48529467,76.44416483,0.366,0.014,9.8,10.0,0.5,18.1,1999,2047,RTK FIXED
35.372,082101.40,10.48529400,76.44416500,10.48529340,76.44416560,658049.408,1159431.307,108.20,658049.475,1159431.240,119.9,5,658049.225,1159431.712,10.48529467,76.44416483,0.366,-0.014,10.0,9.8,0.0,18.6,2047,2001,RTK FIXED
35.425,082101.40,10.48529400,76.44416500,10.48529364,76.44416536,658049.408,1159431.307,108.20,658049.448,1159431.267,119.9,5,658049.225,1159431.712,10.48529467,76.44416483,0.366,-0.014,10.0,9.8,-0.5,18.9,2047,2001,RTK FIXED
35.471,082101.40,10.48529400,76.44416500,10.48529378,76.44416522,658049.408,1159431.307,108.20,658049.432,1159431.283,119.9,5,658049.225,1159431.712,10.48529467,76.44416483,0.366,-0.014,10.0,9.8,0.0,17.8,2047,2001,RTK FIXED
35.525,082101.40,10.48529400,76.44416500,10.48529387,76.44416513,658049.408,1159431.307,108.20,658049.423,1159431.292,119.9,5,658049.225,1159431.712,10.48529467,76.44416483,0.366,-0.014,10.0,9.8,0.0,17.6,2047,2001,RTK FIXED
35.571,082101.40,10.48529400,76.44416500,10.48529392,76.44416508,658049.408,1159431.307,108.20,658049.417,1159431.298,119.9,5,658049.225,1159431.712,10.48529467,76.44416483,0.366,-0.014,10.0,9.8,0.5,17.9,2047,2001,RTK FIXED
35.624,082101.40,10.48529400,76.44416500,10.48529395,76.44416505,658049.408,1159431.307,108.20,658049.414,1159431.301,119.9,5,658049.225,1159431.712,10.48529467,76.44416483,0.366,-0.014,10.0,9.8,0.0,17.8,2047,2001,RTK FIXED
35.672,082101.60,10.48529400,76.44416500,10.48529397,76.44416503,658049.420,1159431.312,108.20,658049.416,1159431.306,119.9,5,658049.225,1159431.712,10.48529467,76.44416483,0.366,-0.016,10.0,9.7,0.0,17.4,2047,1992,RTK FIXED
35.725,082101.60,10.48529400,76.44416500,10.48529398,76.44416502,658049.420,1159431.312,108.20,658049.418,1159431.308,119.9,5,658049.225,1159431.712,10.48529467,76.44416483,0.366,-0.016,10.0,9.7,0.0,18.3,2047,1992,RTK FIXED
35.779,082101.60,10.48529400,76.44416500,10.48529399,76.44416501,658049.420,1159431.312,108.20,658049.419,1159431.310,119.9,5,658049.225,1159431.712,10.48529467,76.44416483,0.366,-0.016,10.0,9.7,0.0,17.6,2047,1992,RTK FIXED
35.825,082101.60,10.48529400,76.44416500,10.48529399,76.44416501,658049.420,1159431.312,108.20,658049.419,1159431.311,119.9,5,658049.225,1159431.712,10.48529467,76.44416483,0.366,-0.016,10.0,9.7,-0.5,17.4,2047,1992,RTK FIXED
35.880,082101.80,10.48529400,76.44416500,10.48529400,76.44416500,658049.420,1159431.312,108.20,658049.419,1159431.312,119.9,5,658049.225,1159431.712,10.48529467,76.44416483,0.366,-0.018,10.0,9.7,0.0,17.4,2047,1987,RTK FIXED
35.925,082101.80,10.48529400,76.44416500,10.48529400,76.44416500,658049.420,1159431.312,108.20,658049.420,1159431.312,119.9,5,658049.225,1159431.712,10.48529467,76.44416483,0.366,-0.018,10.0,9.7,0.6,18.3,2047,1987,RTK FIXED
35.979,082101.80,10.48529400,76.44416500,10.48529400,76.44416500,658049.420,1159431.312,108.20,658049.420,1159431.312,119.9,5,658049.225,1159431.712,10.48529467,76.44416483,0.366,-0.018,10.0,9.7,0.0,18.3,2047,1987,RTK FIXED
36.026,082101.80,10.48529400,76.44416500,10.48529400,76.44416500,658049.420,1159431.312,108.20,658049.420,1159431.312,119.9,5,658049.225,1159431.712,10.48529467,76.44416483,0.366,-0.018,10.0,9.7,0.0,17.2,2047,1987,RTK FIXED
36.080,082102.00,10.48529500,76.44416500,10.48529440,76.44416500,658049.419,1159431.423,108.20,658049.420,1159431.357,117.9,5,658049.225,1159431.712,10.48529467,76.44416483,0.342,0.015,9.7,10.0,0.0,17.5,1995,2047,RTK FIXED
36.125,082102.00,10.48529500,76.44416500,10.48529464,76.44416500,658049.419,1159431.423,108.20,658049.420,1159431.383,117.9,5,658049.225,1159431.712,10.48529467,76.44416483,0.342,0.015,9.7,10.0,0.0,18.2,1995,2047,RTK FIXED
36.183,082102.20,10.48529500,76.44416500,10.48529478,76.44416500,658049.408,1159431.417,108.20,658049.415,1159431.397,117.9,6,658048.692,1159432.631,10.48530300,76.44416000,0.365,0.020,9.7,10.0,-0.4,17.5,1982,2047,RTK FIXED
36.225,082102.20,10.48529500,76.44416500,10.48529487,76.44416500,658049.408,1159431.417,108.20,658049.412,1159431.405,117.9,6,658048.692,1159432.631,10.48530300,76.44416000,0.365,0.020,9.7,10.0,0.0,17.4,1982,2047,RTK FIXED
36.280,082102.20,10.48529500,76.44416500,10.48529492,76.44416500,658049.408,1159431.417,108.20,658049.410,1159431.410,117.9,6,658048.692,1159432.631,10.48530300,76.44416000,0.365,0.020,9.7,10.0,0.5,18.5,1982,2047,RTK FIXED
36.325,082102.20,10.48529500,76.44416500,10.48529495,76.44416500,658049.408,1159431.417,108.20,658049.409,1159431.413,117.9,6,658048.692,1159432.631,10.48530300,76.44416000,0.365,0.020,9.7,10.0,0.0,18.1,1982,2047,RTK FIXED
36.380,082102.40,10.48529500,76.44416500,10.48529497,76.44416500,658049.408,1159431.417,108.20,658049.409,1159431.414,117.9,6,658048.692,1159432.631,10.48530300,76.44416000,0.365,0.022,9.6,10.0,-0.5,17.8,1975,2047,RTK FIXED
36.433,082102.40,10.48529500,76.44416500,10.48529498,76.44416500,658049.408,1159431.417,108.20,658049.408,1159431.415,117.9,6,658048.692,1159432.631,10.48530300,76.44416000,0.365,0.022,9.6,10.0,0.0,18.0,1975,2047,RTK FIXED
36.480,082102.40,10.48529500,76.44416500,10.48529499,76.44416500,658049.408,1159431.417,108.20,658049.408,1159431.416,117.9,6,658048.692,1159432.631,10.48530300,76.44416000,0.365,0.022,9.6,10.0,0.5,17.0,1975,2047,RTK FIXED
36.534,082102.40,10.48529500,76.44416500,10.48529499,76.44416500,658049.408,1159431.417,108.20,658049.408,1159431.416,117.9,6,658048.692,1159432.631,10.48530300,76.44416000,0.365,0.022,9.6,10.0,-0.5,18.0,1975,2047,RTK FIXED
36.580,082102.40,10.48529500,76.44416500,10.48529500,76.44416500,658049.408,1159431.417,108.20,658049.408,1159431.417,117.9,6,658048.692,1159432.631,10.48530300,76.44416000,0.365,0.022,9.6,10.0,0.5,18.0,1975,2047,RTK FIXED
36.635,082102.40,10.48529500,76.44416500,10.48529500,76.44416500,658049.408,1159431.417,108.20,658049.408,1159431.417,117.9,6,658048.692,1159432.631,10.48530300,76.44416000,0.365,0.022,9.6,10.0,-0.5,18.6,1975,2047,RTK FIXED
36.680,082102.60,10.48529600,76.44416400,10.48529540,76.44416460,658049.298,1159431.527,108.20,658049.364,1159431.461,118.8,6,658048.692,1159432.631,10.48530300,76.44416000,0.366,0.007,9.9,10.0,0.5,17.1,2024,2047,RTK FIXED
36.734,082102.60,10.48529600,76.44416400,10.48529564,76.44416436,658049.298,1159431.527,108.20,658049.337,1159431.487,118.8,6,658048.692,1159432.631,10.48530300,76.44416000,0.366,0.007,9.9,10.0,-0.5,17.3,2024,2047,RTK FIXED
36.780,082102.60,10.48529600,76.44416400,10.48529578,76.44416422,658049.298,1159431.527,108.20,658049.322,1159431.503,118.8,6,658048.692,1159432.631,10.48530300,76.44416000,0.366,0.007,9.9,10.0,0.0,17.8,2024,2047,RTK FIXED
36.834,082102.60,10.48529600,76.44416400,10.48529587,76.44416413,658049.298,1159431.527,108.20,658049.312,1159431.513,118.8,6,658048.692,1159432.631,10.48530300,76.44416000,0.366,0.007,9.9,10.0,0.5,17.6,2024,2047,RTK FIXED
36.879,082102.80,10.48529600,76.44416400,10.48529592,76.44416408,658049.303,1159431.530,108.20,658049.308,1159431.520,118.8,6,658048.692,1159432.631,10.48530300,76.44416000,0.366,0.004,9.9,10.0,-0.5,17.6,2034,2047,RTK FIXED
36.934,082102.80,10.48529600,76.44416400,10.48529595,76.44416405,658049.303,1159431.530,108.20,658049.306,1159431.524,118.8,6,658048.692,1159432.631,10.48530300,76.44416000,0.366,0.004,9.9,10.0,0.0,17.4,2034,2047,RTK FIXED
36.988,082102.80,10.48529600,76.44416400,10.48529597,76.44416403,658049.303,1159431.530,108.20,658049.305,1159431.526,118.8,6,658048.692,1159432.631,10.48530300,76.44416000,0.366,0.004,9.9,10.0,0.0,18.2,2034,2047,RTK FIXED
37.034,082102.80,10.48529600,76.44416400,10.48529598,76.44416402,658049.303,1159431.530,108.20,658049.304,1159431.528,118.8,6,658048.692,1159432.631,10.48530300,76.44416000,0.366,0.004,9.9,10.0,0.0,17.7,2034,2047,RTK FIXED
37.088,082103.00,10.48529600,76.44416400,10.48529599,76.44416401,658049.303,1159431.530,108.20,658049.304,1159431.529,118.8,6,658048.692,1159432.631,10.48530300,76.44416000,0.366,0.002,10.0,10.0,0.0,17.9,2041,2047,RTK FIXED
37.135,082103.00,10.48529600,76.44416400,10.48529599,76.44416401,658049.303,1159431.530,108.20,658049.303,1159431.529,118.8,6,658048.692,1159432.631,10.48530300,76.44416000,0.366,0.002,10.0,10.0,0.5,18.1,2041,2047,RTK FIXED
37.189,082103.20,10.48529700,76.44416400,10.48529640,76.44416400,658049.303,1159431.640,108.20,658049.303,1159431.574,117.7,6,658048.692,1159432.631,10.48530300,76.44416000,0.365,0.023,9.6,10.0,-0.5,17.9,1972,2047,RTK FIXED
37.235,082103.20,10.48529700,76.44416400,10.48529664,76.44416400,658049.303,1159431.640,108.20,658049.303,1159431.600,117.7,6,658048.692,1159432.631,10.48530300,76.44416000,0.365,0.023,9.6,10.0,0.0,18.5,1972,2047,RTK FIXED
37.288,082103.20,10.48529700,76.44416400,10.48529678,76.44416400,658049.303,1159431.640,108.20,658049.303,1159431.616,117.7,6,658048.692,1159432.631,10.48530300,76.44416000,0.365,0.023,9.6,10.0,0.0,17.7,1972,2047,RTK FIXED
37.335,082103.20,10.48529700,76.44416400,10.48529687,76.44416400,658049.303,1159431.640,108.20,658049.303,1159431.626,117.7,6,658048.692,1159432.631,10.48530300,76.44416000,0.365,0.023,9.6,10.0,0.5,18.3,1972,2047,RTK FIXED
37.389,082103.40,10.48529700,76.44416400,10.48529692,76.44416400,658049.296,1159431.637,108.20,658049.300,1159431.630,117.7,6,658048.692,1159432.631,10.48530300,76.44416000,0.365,0.028,9.5,10.0,-0.5,18.0,1955,2047,RTK FIXED
37.435,082103.40,10.48529700,76.44416400,10.48529695,76.44416400,658049.296,1159431.637,108.20,658049.298,1159431.633,117.7,6,658048.692,1159432.631,10.48530300,76.44416000,0.365,0.028,9.5,10.0,0.0,18.5,1955,2047,RTK FIXED
37.488,082103.40,10.48529700,76.44416400,10.48529697,76.44416400,658049.296,1159431.637,108.20,658049.297,1159431.635,117.7,6,658048.692,1159432.631,10.48530300,76.44416000,0.365,0.028,9.5,10.0,0.5,17.7,1955,2047,RTK FIXED
37.542,082103.40,10.48529700,76.44416400,10.48529698,76.44416400,658049.296,1159431.637,108.20,658049.297,1159431.636,117.7,6,658048.692,1159432.631,10.48530300,76.44416000,0.365,0.028,9.5,10.0,-0.5,18.2,1955,2047,RTK FIXED
37.590,082103.40,10.48529700,76.44416400,10.48529699,76.44416400,658049.296,1159431.637,108.20,658049.296,1159431.636,117.7,6,658048.692,1159432.631,10.48530300,76.44416000,0.365,0.028,9.5,10.0,0.0,18.4,1955,2047,RTK FIXED
37.642,082103.40,10.48529700,76.44416400,10.48529699,76.44416400,658049.296,1159431.637,108.20,658049.296,1159431.637,117.7,6,658048.692,1159432.631,10.48530300,76.44416000,0.365,0.028,9.5,10.0,0.5,17.7,1955,2047,RTK FIXED
37.689,082103.60,10.48529700,76.44416400,10.48529700,76.44416400,658049.296,1159431.637,108.20,658049.296,1159431.637,117.7,6,658048.692,1159432.631,10.48530300,76.44416000,0.365,0.031,9.5,10.0,0.0,18.1,1944,2047,RTK FIXED
37.743,082103.60,10.48529700,76.44416400,10.48529700,76.44416400,658049.296,1159431.637,108.20,658049.296,1159431.637,117.7,6,658048.692,1159432.631,10.48530300,76.44416000,0.365,0.031,9.5,10.0,0.0,18.5,1944,2047,RTK FIXED
37.789,082103.60,10.48529700,76.44416400,10.48529700,76.44416400,658049.296,1159431.637,108.20,658049.296,1159431.637,117.7,6,658048.692,1159432.631,10.48530300,76.44416000,0.365,0.031,9.5,10.0,-0.5,18.0,1944,2047,RTK FIXED
37.843,082103.60,10.48529700,76.44416400,10.48529700,76.44416400,658049.296,1159431.637,108.20,658049.296,1159431.637,117.7,6,658048.692,1159432.631,10.48530300,76.44416000,0.365,0.031,9.5,10.0,0.5,18.0,1944,2047,RTK FIXED
37.889,082103.80,10.48529800,76.44416300,10.48529740,76.44416360,658049.186,1159431.747,108.20,658049.252,1159431.681,118.2,6,658048.692,1159432.631,10.48530300,76.44416000,0.365,0.020,9.7,10.0,0.0,18.3,1982,2047,RTK FIXED
37.943,082103.80,10.48529800,76.44416300,10.48529764,76.44416336,658049.186,1159431.747,108.20,658049.226,1159431.708,118.2,6,658048.692,1159432.631,10.48530300,76.44416000,0.365,0.020,9.7,10.0,-0.5,18.6,1982,2047,RTK FIXED
37.988,082103.80,10.48529800,76.44416300,10.48529778,76.44416322,658049.186,1159431.747,108.20,658049.210,1159431.723,118.2,6,658048.692,1159432.631,10.48530300,76.44416000,0.365,0.020,9.7,10.0,0.5,18.1,1982,2047,RTK FIXED
38.043,082103.80,10.48529800,76.44416300,10.48529787,76.44416313,658049.186,1159431.747,108.20,658049.200,1159431.733,118.2,6,658048.692,1159432.631,10.48530300,76.44416000,0.365,0.020,9.7,10.0,-0.5,18.4,1982,2047,RTK FIXED
38.097,082104.00,10.48529800,76.44416300,10.48529792,76.44416308,658049.189,1159431.749,108.20,658049.196,1159431.739,118.2,6,658048.692,1159432.631,10.48530300,76.44416000,0.366,0.015,9.8,10.0,0.5,18.8,1996,2047,RTK FIXED
38.143,082104.00,10.48529800,76.44416300,10.48529795,76.44416305,658049.189,1159431.749,108.20,658049.193,1159431.743,118.2,6,658048.692,1159432.631,10.48530300,76.44416000,0.366,0.015,9.8,10.0,0.0,18.0,1996,2047,RTK FIXED
38.197,082104.20,10.48529800,76.44416300,10.48529797,76.44416303,658049.189,1159431.749,108.20,658049.191,1159431.745,118.2,6,658048.692,1159432.631,10.48530300,76.44416000,0.366,0.013,9.8,10.0,0.0,18.7,2005,2047,RTK FIXED
38.243,082104.20,10.48529800,76.44416300,10.48529798,76.44416302,658049.189,1159431.749,108.20,658049.190,1159431.747,118.2,6,658048.692,1159432.631,10.48530300,76.44416000,0.366,0.013,9.8,10.0,0.0,19.0,2005,2047,RTK FIXED
38.297,082104.20,10.48529800,76.44416300,10.48529799,76.44416301,658049.189,1159431.749,108.20,658049.190,1159431.747,118.2,6,658048.692,1159432.631,10.48530300,76.44416000,0.366,0.013,9.8,10.0,-0.5,18.6,2005,2047,RTK FIXED
38.343,082104.20,10.48529800,76.44416300,10.48529799,76.44416301,658049.189,1159431.749,108.20,658049.189,1159431.748,118.2,6,658048.692,1159432.631,10.48530300,76.44416000,0.366,0.013,9.8,10.0,0.5,18.4,2005,2047,RTK FIXED
38.397,082104.40,10.48529900,76.44416300,10.48529840,76.44416300,658049.188,1159431.859,108.20,658049.189,1159431.792,117.4,6,658048.692,1159432.631,10.48530300,76.44416000,0.365,0.033,9.5,10.0,0.0,18.9,1938,2047,RTK FIXED
38.443,082104.40,10.48529900,76.44416300,10.48529864,76.44416300,658049.188,1159431.859,108.20,658049.189,1159431.819,117.4,6,658048.692,1159432.631,10.48530300,76.44416000,0.365,0.033,9.5,10.0,-0.5,18.5,1938,2047,RTK FIXED
38.496,082104.40,10.48529900,76.44416300,10.48529878,76.44416300,658049.188,1159431.859,108.20,658049.189,1159431.835,117.4,6,658048.692,1159432.631,10.48530300,76.44416000,0.365,0.033,9.5,10.0,0.5,18.3,1938,2047,RTK FIXED
38.543,082104.40,10.48529900,76.44416300,10.48529887,76.44416300,658049.188,1159431.859,108.20,658049.188,1159431.845,117.4,6,658048.692,1159432.631,10.48530300,76.44416000,0.365,0.033,9.5,10.0,-0.5,18.3,1938,2047,RTK FIXED
38.596,082104.40,10.48529900,76.44416300,10.48529892,76.44416300,658049.188,1159431.859,108.20,658049.188,1159431.851,117.4,6,658048.692,1159432.631,10.48530300,76.44416000,0.365,0.033,9.5,10.0,0.0,18.2,1938,2047,RTK FIXED
38.652,082104.40,10.48529900,76.44416300,10.48529895,76.44416300,658049.188,1159431.859,108.20,658049.188,1159431.854,117.4,6,658048.692,1159432.631,10.48530300,76.44416000,0.365,0.033,9.5,10.0,0.5,18.1,1938,2047,RTK FIXED
38.698,082104.60,10.48529900,76.44416300,10.48529897,76.44416300,658049.184,1159431.857,108.20,658049.187,1159431.855,117.4,6,658048.692,1159432.631,10.48530300,76.44416000,0.364,0.040,9.4,10.0,0.0,18.5,1916,2047,RTK FIXED
38.751,082104.60,10.48529900,76.44416300,10.48529898,76.44416300,658049.184,1159431.857,108.20,658049.186,1159431.856,117.4,6,658048.692,1159432.631,10.48530300,76.44416000,0.364,0.040,9.4,10.0,-0.5,18.7,1916,2047,RTK FIXED
38.797,082104.60,10.48529900,76.44416300,10.48529899,76.44416300,658049.184,1159431.857,108.20,658049.185,1159431.856,117.4,6,658048.692,1159432.631,10.48530300,76.44416000,0.364,0.040,9.4,10.0,0.0,18.7,1916,2047,RTK FIXED
38.851,082104.60,10.48529900,76.44416300,10.48529899,76.44416300,658049.184,1159431.857,108.20,658049.185,1159431.857,117.4,6,658048.692,1159432.631,10.48530300,76.44416000,0.364,0.040,9.4,10.0,0.5,18.3,1916,2047,RTK FIXED
38.898,082104.80,10.48529900,76.44416300,10.48529900,76.44416300,658049.184,1159431.857,108.20,658049.184,1159431.857,117.4,6,658048.692,1159432.631,10.48530300,76.44416000,0.363,0.044,9.3,10.0,0.0,18.9,1903,2047,RTK FIXED
38.951,082104.80,10.48529900,76.44416300,10.48529900,76.44416300,658049.184,1159431.857,108.20,658049.184,1159431.857,117.4,6,658048.692,1159432.631,10.48530300,76.44416000,0.363,0.044,9.3,10.0,0.0,18.2,1903,2047,RTK FIXED
38.997,082104.80,10.48529900,76.44416300,10.48529900,76.44416300,658049.184,1159431.857,108.20,658049.184,1159431.857,117.4,6,658048.692,1159432.631,10.48530300,76.44416000,0.363,0.044,9.3,10.0,-0.5,18.5,1903,2047,RTK FIXED
39.052,082104.80,10.48529900,76.44416300,10.48529900,76.44416300,658049.184,1159431.857,108.20,658049.184,1159431.857,117.4,6,658048.692,1159432.631,10.48530300,76.44416000,0.363,0.044,9.3,10.0,0.0,18.5,1903,2047,RTK FIXED
39.098,082105.00,10.48530000,76.44416200,10.48529940,76.44416260,658049.074,1159431.967,108.20,658049.140,1159431.901,117.7,6,658048.692,1159432.631,10.48530300,76.44416000,0.365,0.033,9.5,10.0,0.0,17.8,1940,2047,RTK FIXED
39.152,082105.00,10.48530000,76.44416200,10.48529964,76.44416236,658049.074,1159431.967,108.20,658049.114,1159431.927,117.7,6,658048.692,1159432.631,10.48530300,76.44416000,0.365,0.033,9.5,10.0,0.0,18.0,1940,2047,RTK FIXED
39.206,082105.20,10.48530000,76.44416200,10.48529978,76.44416222,658049.076,1159431.968,108.20,658049.099,1159431.944,117.7,6,658048.692,1159432.631,10.48530300,76.44416000,0.365,0.028,9.6,10.0,0.0,18.2,1955,2047,RTK FIXED
39.251,082105.20,10.48530000,76.44416200,10.48529987,76.44416213,658049.076,1159431.968,108.20,658049.089,1159431.953,117.7,6,658048.692,1159432.631,10.48530300,76.44416000,0.365,0.028,9.6,10.0,0.0,18.3,1955,2047,RTK FIXED
39.305,082105.20,10.48530000,76.44416200,10.48529992,76.44416208,658049.076,1159431.968,108.20,658049.084,1159431.959,117.7,6,658048.692,1159432.631,10.48530300,76.44416000,0.365,0.028,9.6,10.0,0.5,18.4,1955,2047,RTK FIXED
39.352,082105.20,10.48530000,76.44416200,10.48529995,76.44416205,658049.076,1159431.968,108.20,658049.081,1159431.963,117.7,6,658048.692,1159432.631,10.48530300,76.44416000,0.365,0.028,9.6,10.0,0.0,17.6,1955,2047,RTK FIXED
39.407,082105.40,10.48530000,76.44416200,10.48529997,76.44416203,658049.076,1159431.968,108.20,658049.079,1159431.965,117.7,6,658048.692,1159432.631,10.48530300,76.44416000,0.365,0.025,9.6,10.0,-0.5,18.0,1964,2047,RTK FIXED
39.452,082105.40,10.48530000,76.44416200,10.48529998,76.44416202,658049.076,1159431.968,108.20,658049.078,1159431.966,117.7,6,658048.692,1159432.631,10.48530300,76.44416000,0.365,0.025,9.6,10.0,0.0,18.0,1964,2047,RTK FIXED
39.506,082105.40,10.48530000,76.44416200,10.48529999,76.44416201,658049.076,1159431.968,108.20,658049.077,1159431.967,117.7,6,658048.692,1159432.631,10.48530300,76.44416000,0.365,0.025,9.6,10.0,0.0,18.3,1964,2047,RTK FIXED
39.552,082105.40,10.48530000,76.44416200,10.48529999,76.44416201,658049.076,1159431.968,108.20,658049.077,1159431.967,117.7,6,658048.692,1159432.631,10.48530300,76.44416000,0.365,0.025,9.6,10.0,0.0,17.8,1964,2047,RTK FIXED
39.606,082105.40,10.48530000,76.44416200,10.48530000,76.44416200,658049.076,1159431.968,108.20,658049.076,1159431.968,117.7,6,658048.692,1159432.631,10.48530300,76.44416000,0.365,0.025,9.6,10.0,0.5,18.1,1964,2047,RTK FIXED
39.651,082105.40,10.48530000,76.44416200,10.48530000,76.44416200,658049.076,1159431.968,108.20,658049.076,1159431.968,117.7,6,658048.692,1159432.631,10.48530300,76.44416000,0.365,0.025,9.6,10.0,0.0,17.6,1964,2047,RTK FIXED
39.707,082105.60,10.48530100,76.44416200,10.48530040,76.44416200,658049.075,1159432.079,108.20,658049.076,1159432.012,117.2,6,658048.692,1159432.631,10.48530300,76.44416000,0.363,0.044,9.3,10.0,-0.5,18.1,1904,2047,RTK FIXED
39.760,082105.60,10.48530100,76.44416200,10.48530064,76.44416200,658049.075,1159432.079,108.20,658049.076,1159432.039,117.2,6,658048.692,1159432.631,10.48530300,76.44416000,0.363,0.044,9.3,10.0,0.5,17.8,1904,2047,RTK FIXED
39.805,082105.60,10.48530100,76.44416200,10.48530078,76.44416200,658049.075,1159432.079,108.20,658049.076,1159432.055,117.2,6,658048.692,1159432.631,10.48530300,76.44416000,0.363,0.044,9.3,10.0,-0.6,17.6,1904,2047,RTK FIXED
39.860,082105.80,10.48530100,76.44416200,10.48530087,76.44416200,658049.072,1159432.077,108.20,658049.074,1159432.064,117.2,6,658048.692,1159432.631,10.48530300,76.44416000,0.362,0.051,9.2,10.0,0.5,17.8,1881,2047,RTK FIXED
39.906,082105.80,10.48530100,76.44416200,10.48530092,76.44416200,658049.072,1159432.077,108.20,658049.073,1159432.069,117.2,6,658048.692,1159432.631,10.48530300,76.44416000,0.362,0.051,9.2,10.0,0.0,17.9,1881,2047,RTK FIXED
39.960,082105.80,10.48530100,76.44416200,10.48530095,76.44416200,658049.072,1159432.077,108.20,658049.073,1159432.072,117.2,6,658048.692,1159432.631,10.48530300,76.44416000,0.362,0.051,9.2,10.0,0.0,17.6,1881,2047,RTK FIXED
40.006,082105.80,10.48530100,76.44416200,10.48530097,76.44416200,658049.072,1159432.077,108.20,658049.073,1159432.074,117.2,6,658048.692,1159432.631,10.48530300,76.44416000,0.362,0.051,9.2,10.0,0.0,17.4,1881,2047,RTK FIXED
40.060,082105.80,10.48530100,76.44416200,10.48530098,76.44416200,658049.072,1159432.077,108.20,658049.072,1159432.075,117.2,6,658048.692,1159432.631,10.48530300,76.44416000,0.362,0.051,9.2,10.0,0.0,18.1,1881,2047,RTK FIXED
40.107,082106.00,10.48530100,76.44416100,10.48530099,76.44416160,658048.963,1159432.077,108.20,658049.028,1159432.076,117.2,6,658048.692,1159432.631,10.48530300,76.44416000,0.365,0.029,9.5,10.0,-0.5,17.1,1951,2047,RTK FIXED
40.161,082106.20,10.48530200,76.44416100,10.48530139,76.44416136,658048.962,1159432.187,108.20,658049.002,1159432.120,120.4,6,658048.692,1159432.631,10.48530300,76.44416000,0.366,0.002,10.0,10.0,0.5,17.2,2040,2047,RTK FIXED
40.207,082106.20,10.48530200,76.44416100,10.48530164,76.44416122,658048.962,1159432.187,108.20,658048.986,1159432.147,120.4,6,658048.692,1159432.631,10.48530300,76.44416000,0.366,0.002,10.0,10.0,0.0,18.0,2040,2047,RTK FIXED
40.260,082106.20,10.48530200,76.44416100,10.48530178,76.44416113,658048.962,1159432.187,108.20,658048.976,1159432.163,120.4,6,658048.692,1159432.631,10.48530300,76.44416000,0.366,0.002,10.0,10.0,0.0,17.2,2040,2047,RTK FIXED
40.307,082106.20,10.48530200,76.44416100,10.48530187,76.44416108,658048.962,1159432.187,108.20,658048.971,1159432.173,120.4,6,658048.692,1159432.631,10.48530300,76.44416000,0.366,0.002,10.0,10.0,-0.5,17.8,2040,2047,RTK FIXED
40.361,082106.40,10.48530200,76.44416100,10.48530192,76.44416105,658048.980,1159432.197,108.20,658048.975,1159432.182,120.4,6,658048.692,1159432.631,10.48530300,76.44416000,0.366,0.009,9.9,10.0,0.5,17.6,2016,2047,RTK FIXED
40.415,082106.40,10.48530200,76.44416100,10.48530195,76.44416103,658048.980,1159432.197,108.20,658048.977,1159432.188,120.4,6,658048.692,1159432.631,10.48530300,76.44416000,0.366,0.009,9.9,10.0,0.0,18.2,2016,2047,RTK FIXED
40.461,082106.40,10.48530200,76.44416100,10.48530197,76.44416102,658048.980,1159432.197,108.20,658048.978,1159432.191,120.4,6,658048.692,1159432.631,10.48530300,76.44416000,0.366,0.009,9.9,10.0,-0.5,17.9,2016,2047,RTK FIXED
40.515,082106.40,10.48530200,76.44416100,10.48530198,76.44416101,658048.980,1159432.197,108.20,658048.979,1159432.194,120.4,6,658048.692,1159432.631,10.48530300,76.44416000,0.366,0.009,9.9,10.0,0.5,18.0,2016,2047,RTK FIXED
40.561,082106.40,10.48530200,76.44416100,10.48530199,76.44416101,658048.980,1159432.197,108.20,658048.980,1159432.195,120.4,6,658048.692,1159432.631,10.48530300,76.44416000,0.366,0.009,9.9,10.0,-0.5,17.9,2016,2047,RTK FIXED
40.615,082106.40,10.48530200,76.44416100,10.48530199,76.44416100,658048.980,1159432.197,108.20,658048.980,1159432.195,120.4,6,658048.692,1159432.631,10.48530300,76.44416000,0.366,0.009,9.9,10.0,0.5,19.0,2016,2047,RTK FIXED
40.661,082106.60,10.48530200,76.44416100,10.48530200,76.44416100,658048.980,1159432.197,108.20,658048.980,1159432.196,120.4,6,658048.692,1159432.631,10.48530300,76.44416000,0.366,0.013,9.8,10.0,-0.5,18.3,2003,2047,RTK FIXED
40.715,082106.60,10.48530200,76.44416100,10.48530200,76.44416100,658048.980,1159432.197,108.20,658048.980,1159432.196,120.4,6,658048.692,1159432.631,10.48530300,76.44416000,0.366,0.013,9.8,10.0,0.5,18.0,2003,2047,RTK FIXED
40.769,082106.60,10.48530200,76.44416100,10.48530200,76.44416100,658048.980,1159432.197,108.20,658048.980,1159432.196,120.4,6,658048.692,1159432.631,10.48530300,76.44416000,0.366,0.013,9.8,10.0,0.0,17.8,2003,2047,RTK FIXED
40.815,082106.60,10.48530200,76.44416100,10.48530200,76.44416100,658048.980,1159432.197,108.20,658048.980,1159432.196,120.4,6,658048.692,1159432.631,10.48530300,76.44416000,0.366,0.013,9.8,10.0,0.0,18.7,2003,2047,RTK FIXED
40.869,082106.80,10.48530200,76.44416100,10.48530200,76.44416100,658048.980,1159432.197,108.20,658048.980,1159432.197,120.4,6,658048.692,1159432.631,10.48530300,76.44416000,0.366,0.016,9.7,10.0,-0.5,18.6,1995,2047,RTK FIXED
40.915,082106.80,10.48530200,76.44416100,10.48530200,76.44416100,658048.980,1159432.197,108.20,658048.980,1159432.197,120.4,6,658048.692,1159432.631,10.48530300,76.44416000,0.366,0.016,9.7,10.0,0.0,18.1,1995,2047,RTK FIXED
40.969,082106.80,10.48530200,76.44416100,10.48530200,76.44416100,658048.980,1159432.197,108.20,658048.980,1159432.197,120.4,6,658048.692,1159432.631,10.48530300,76.44416000,0.366,0.016,9.7,10.0,0.5,18.1,1995,2047,RTK FIXED
41.015,082106.80,10.48530200,76.44416100,10.48530200,76.44416100,658048.980,1159432.197,108.20,658048.980,1159432.197,120.4,6,658048.692,1159432.631,10.48530300,76.44416000,0.366,0.016,9.7,10.0,0.0,18.2,1995,2047,RTK FIXED
41.069,082107.00,10.48530300,76.44416000,10.48530240,76.44416060,658048.870,1159432.307,108.20,658048.936,1159432.241,119.6,6,658048.692,1159432.631,10.48530300,76.44416000,0.366,0.013,9.8,10.0,-0.5,18.1,2003,2047,RTK FIXED
41.115,082107.00,10.48530300,76.44416000,10.48530264,76.44416036,658048.870,1159432.307,108.20,658048.910,1159432.267,119.6,6,658048.692,1159432.631,10.48530300,76.44416000,0.366,0.013,9.8,10.0,0.5,18.6,2003,2047,RTK FIXED
41.169,082107.20,10.48530300,76.44416000,10.48530278,76.44416022,658048.866,1159432.304,108.20,658048.892,1159432.282,119.6,6,658048.692,1159432.631,10.48530300,76.44416000,0.345,0.006,9.9,10.0,-0.5,17.9,2025,2047,RTK FIXED
41.215,082107.20,10.48530300,76.44416000,10.48530287,76.44416013,658048.866,1159432.304,108.20,658048.882,1159432.291,119.6,6,658048.692,1159432.631,10.48530300,76.44416000,0.345,0.006,9.9,10.0,0.0,18.9,2025,2047,RTK FIXED
41.268,082107.20,10.48530300,76.44416000,10.48530292,76.44416008,658048.866,1159432.304,108.20,658048.876,1159432.296,119.6,6,658048.692,1159432.631,10.48530300,76.44416000,0.345,0.006,9.9,10.0,0.5,18.0,2025,2047,RTK FIXED
41.323,082107.20,10.48530300,76.44416000,10.48530295,76.44416005,658048.866,1159432.304,108.20,658048.872,1159432.299,119.6,6,658048.692,1159432.631,10.48530300,76.44416000,0.345,0.006,9.9,10.0,0.0,18.7,2025,2047,RTK FIXED
41.370,082107.40,10.48530300,76.44416000,10.48530297,76.44416003,658048.866,1159432.304,108.20,658048.869,1159432.301,119.6,6,658048.692,1159432.631,10.48530300,76.44416000,0.325,0.002,10.0,10.0,-0.5,18.4,2040,2047,RTK FIXED
41.423,082107.40,10.48530300,76.44416000,10.48530298,76.44416002,658048.866,1159432.304,108.20,658048.868,1159432.303,119.6,6,658048.692,1159432.631,10.48530300,76.44416000,0.325,0.002,10.0,10.0,0.5,19.2,2040,2047,RTK FIXED
41.469,082107.40,10.48530300,76.44416000,10.48530299,76.44416001,658048.866,1159432.304,108.20,658048.867,1159432.303,119.6,6,658048.692,1159432.631,10.48530300,76.44416000,0.325,0.002,10.0,10.0,0.0,17.9,2040,2047,RTK FIXED
41.523,082107.40,10.48530300,76.44416000,10.48530299,76.44416001,658048.866,1159432.304,108.20,658048.867,1159432.304,119.6,6,658048.692,1159432.631,10.48530300,76.44416000,0.325,0.002,10.0,10.0,0.0,19.0,2040,2047,RTK FIXED
41.569,082107.40,10.48530300,76.44416000,10.48530300,76.44416000,658048.866,1159432.304,108.20,658048.866,1159432.304,119.6,6,658048.692,1159432.631,10.48530300,76.44416000,0.325,0.002,10.0,10.0,0.0,18.7,2040,2047,RTK FIXED
41.624,082107.40,10.48530300,76.44416000,10.48530300,76.44416000,658048.866,1159432.304,108.20,658048.866,1159432.304,119.6,6,658048.692,1159432.631,10.48530300,76.44416000,0.325,0.002,10.0,10.0,-0.5,19.0,2040,2047,RTK FIXED
41.835,082107.60,10.48530400,76.44416000,10.48530340,76.44416000,658048.866,1159432.415,108.30,658048.866,1159432.348,119.5,7,658049.948,1159433.356,10.48530950,76.44417150,0.000,-0.785,10.0,-10.0,0.1,17.9,450,450,RTK FIXED
41.870,082107.80,10.48530400,76.44416000,10.48530364,76.44416000,658048.852,1159432.408,108.30,658048.860,1159432.372,117.2,7,658049.948,1159433.356,10.48530950,76.44417150,0.000,-0.782,10.0,-10.0,-0.7,15.9,900,900,RTK FIXED
41.924,082107.80,10.48530400,76.44416000,10.48530378,76.44416000,658048.852,1159432.408,108.30,658048.857,1159432.387,115.0,7,658049.948,1159433.356,10.48530950,76.44417150,0.000,-0.782,10.0,-10.0,0.0,14.8,1350,1350,RTK FIXED
41.970,082107.80,10.48530400,76.44416000,10.48530387,76.44416000,658048.852,1159432.408,108.30,658048.855,1159432.395,112.7,7,658049.948,1159433.356,10.48530950,76.44417150,0.000,-0.782,10.0,-10.0,0.0,14.1,1800,1800,RTK FIXED
42.024,082107.80,10.48530400,76.44416000,10.48530392,76.44416000,658048.852,1159432.408,108.30,658048.854,1159432.400,110.5,7,658049.948,1159433.356,10.48530950,76.44417150,0.000,-0.782,10.0,-10.0,0.5,12.6,2047,2047,RTK FIXED
42.071,082108.00,10.48530400,76.44415900,10.48530395,76.44415960,658048.689,1159432.387,108.30,658048.788,1159432.395,122.2,7,658049.948,1159433.356,10.48530950,76.44417150,0.000,-0.890,10.0,-10.0,0.0,11.7,2047,2047,RTK FIXED
42.124,082108.00,10.48530400,76.44415900,10.48530397,76.44415936,658048.689,1159432.387,108.30,658048.748,1159432.392,119.6,7,658049.948,1159433.356,10.48530950,76.44417150,0.000,-0.890,10.0,-10.0,0.0,10.3,2047,2047,RTK FIXED
42.171,082108.20,10.48530400,76.44415900,10.48530398,76.44415922,658048.742,1159432.407,108.20,658048.745,1159432.398,117.1,7,658049.948,1159433.356,10.48530950,76.44417150,0.000,-0.849,10.0,-10.0,-0.5,9.1,2047,2047,RTK FIXED
42.224,082108.20,10.48530400,76.44415900,10.48530399,76.44415913,658048.742,1159432.407,108.20,658048.744,1159432.402,114.7,7,658049.948,1159433.356,10.48530950,76.44417150,0.000,-0.849,10.0,-10.0,0.0,7.5,2047,2047,RTK FIXED
42.269,082108.20,10.48530400,76.44415900,10.48530399,76.44415908,658048.742,1159432.407,108.20,658048.743,1159432.404,112.2,7,658049.948,1159433.356,10.48530950,76.44417150,0.000,-0.849,10.0,-10.0,0.5,7.7,2047,2047,RTK FIXED
42.324,082108.20,10.48530400,76.44415900,10.48530400,76.44415905,658048.742,1159432.407,108.20,658048.742,1159432.405,109.8,7,658049.948,1159433.356,10.48530950,76.44417150,0.000,-0.849,10.0,-10.0,-0.5,6.4,2047,2047,RTK FIXED
42.378,082108.40,10.48530500,76.44415900,10.48530440,76.44415903,658048.682,1159432.496,108.20,658048.718,1159432.441,115.9,7,658049.948,1159433.356,10.48530950,76.44417150,0.000,-0.882,10.0,-10.0,0.0,5.1,2047,2047,RTK FIXED
42.424,082108.40,10.48530500,76.44415900,10.48530464,76.44415902,658048.682,1159432.496,108.20,658048.704,1159432.463,113.4,7,658049.948,1159433.356,10.48530950,76.44417150,0.000,-0.882,10.0,-10.0,0.5,4.9,2047,2047,RTK FIXED
42.478,082108.40,10.48530500,76.44415900,10.48530478,76.44415901,658048.682,1159432.496,108.20,658048.695,1159432.476,110.8,7,658049.948,1159433.356,10.48530950,76.44417150,0.000,-0.882,10.0,-10.0,0.0,4.6,2047,2047,RTK FIXED
42.524,082108.40,10.48530500,76.44415900,10.48530487,76.44415901,658048.682,1159432.496,108.20,658048.690,1159432.484,108.3,7,658049.948,1159433.356,10.48530950,76.44417150,0.000,-0.882,10.0,-10.0,0.0,4.3,2047,2047,RTK FIXED
42.578,082108.40,10.48530500,76.44415900,10.48530492,76.44415900,658048.682,1159432.496,108.20,658048.687,1159432.489,105.8,7,658049.948,1159433.356,10.48530950,76.44417150,0.000,-0.882,10.0,-10.0,0.0,4.2,2047,2047,RTK FIXED
42.625,082108.40,10.48530500,76.44415900,10.48530495,76.44415900,658048.682,1159432.496,108.20,658048.685,1159432.491,103.2,7,658049.948,1159433.356,10.48530950,76.44417150,0.000,-0.882,10.0,-10.0,-0.5,2.1,2047,2047,RTK FIXED
42.679,082108.60,10.48530500,76.44415900,10.48530497,76.44415900,658048.641,1159432.486,108.20,658048.667,1159432.489,100.7,7,658049.948,1159433.356,10.48530950,76.44417150,0.000,-0.733,10.0,-10.0,0.5,2.3,2047,2047,RTK FIXED
42.724,082108.60,10.48530500,76.44415900,10.48530498,76.44415900,658048.641,1159432.486,108.20,658048.657,1159432.488,98.6,7,658049.948,1159433.356,10.48530950,76.44417150,0.000,-0.733,10.0,-10.0,0.0,1.6,2047,2047,RTK FIXED
42.779,082108.60,10.48530500,76.44415900,10.48530499,76.44415900,658048.641,1159432.486,108.20,658048.650,1159432.487,96.5,7,658049.948,1159433.356,10.48530950,76.44417150,0.000,-0.733,10.0,-10.0,-0.5,1.9,2047,2047,RTK FIXED
42.824,082108.60,10.48530500,76.44415900,10.48530499,76.44415900,658048.641,1159432.486,108.20,658048.646,1159432.487,94.4,7,658049.948,1159433.356,10.48530950,76.44417150,0.000,-0.733,10.0,-10.0,0.0,1.6,2047,2047,RTK FIXED
42.879,082108.80,10.48530500,76.44415900,10.48530500,76.44415900,658048.587,1159432.482,108.20,658048.622,1159432.485,112.0,7,658049.948,1159433.356,10.48530950,76.44417150,0.000,-0.901,10.0,-10.0,0.5,1.4,2047,2047,RTK FIXED
42.925,082108.80,10.48530500,76.44415900,10.48530500,76.44415900,658048.587,1159432.482,108.20,658048.608,1159432.484,109.4,7,658049.948,1159433.356,10.48530950,76.44417150,0.000,-0.901,10.0,-10.0,0.0,1.6,2047,2047,RTK FIXED
42.979,082108.80,10.48530500,76.44415900,10.48530500,76.44415900,658048.587,1159432.482,108.20,658048.599,1159432.483,106.8,7,658049.948,1159433.356,10.48530950,76.44417150,0.000,-0.901,10.0,-10.0,0.0,1.4,2047,2047,RTK FIXED
43.032,082108.80,10.48530500,76.44415900,10.48530500,76.44415900,658048.587,1159432.482,108.20,658048.594,1159432.482,104.2,7,658049.948,1159433.356,10.48530950,76.44417150,0.000,-0.901,10.0,-10.0,-0.5,1.9,2047,2047,RTK FIXED
43.079,082109.00,10.48530500,76.44415900,10.48530500,76.44415900,658048.646,1159432.487,108.20,658048.615,1159432.484,101.7,7,658049.948,1159433.356,10.48530950,76.44417150,0.000,-0.782,10.0,-10.0,0.0,1.1,2047,2047,RTK FIXED
43.134,082109.00,10.48530500,76.44415900,10.48530500,76.44415900,658048.646,1159432.487,108.20,658048.628,1159432.485,99.4,7,658049.948,1159433.356,10.48530950,76.44417150,0.000,-0.782,10.0,-10.0,0.5,1.4,2047,2047,RTK FIXED
43.179,082109.20,10.48530500,76.44415900,10.48530500,76.44415900,658048.618,1159432.483,108.20,658048.624,1159432.485,97.2,7,658049.948,1159433.356,10.48530950,76.44417150,0.000,-0.736,10.0,-10.0,-0.5,1.6,2047,2047,RTK FIXED
43.232,082109.20,10.48530500,76.44415900,10.48530500,76.44415900,658048.618,1159432.483,108.20,658048.621,1159432.484,95.1,7,658049.948,1159433.356,10.48530950,76.44417150,0.000,-0.736,10.0,-10.0,0.0,1.0,2047,2047,RTK FIXED
43.279,082109.20,10.48530500,76.44415900,10.48530500,76.44415900,658048.618,1159432.483,108.20,658048.620,1159432.484,93.0,7,658049.948,1159433.356,10.48530950,76.44417150,0.000,-0.736,10.0,-10.0,0.5,1.1,2047,2047,RTK FIXED
43.333,082109.20,10.48530500,76.44415900,10.48530500,76.44415900,658048.618,1159432.483,108.20,658048.619,1159432.484,90.8,7,658049.948,1159433.356,10.48530950,76.44417150,0.000,-0.736,10.0,-10.0,-0.5,0.9,2047,2047,RTK FIXED
43.379,082109.40,10.48530600,76.44415900,10.48530540,76.44415900,658048.563,1159432.593,108.30,658048.597,1159432.527,88.7,7,658049.948,1159433.356,10.48530950,76.44417150,0.000,-0.677,10.0,-10.0,0.5,1.1,2047,2047,RTK FIXED
43.433,082109.40,10.48530600,76.44415900,10.48530564,76.44415900,658048.563,1159432.593,108.30,658048.583,1159432.553,86.8,7,658049.948,1159433.356,10.48530950,76.44417150,0.000,-0.677,10.0,-10.0,0.0,0.5,2047,2047,RTK FIXED
43.479,082109.40,10.48530600,76.44415900,10.48530578,76.44415900,658048.563,1159432.593,108.30,658048.575,1159432.569,84.9,7,658049.948,1159433.356,10.48530950,76.44417150,0.000,-0.677,10.0,-10.0,-0.5,0.5,2047,2047,RTK FIXED
43.532,082109.40,10.48530600,76.44415900,10.48530587,76.44415900,658048.563,1159432.593,108.30,658048.570,1159432.578,82.9,7,658049.948,1159433.356,10.48530950,76.44417150,0.000,-0.677,10.0,-10.0,0.5,0.0,2047,2047,RTK FIXED
43.580,082109.40,10.48530600,76.44415900,10.48530592,76.44415900,658048.563,1159432.593,108.30,658048.567,1159432.584,81.0,7,658049.948,1159433.356,10.48530950,76.44417150,0.000,-0.677,10.0,-10.0,0.0,0.0,2047,2047,RTK FIXED
43.634,082109.40,10.48530600,76.44415900,10.48530595,76.44415900,658048.563,1159432.593,108.30,658048.566,1159432.588,79.0,7,658049.948,1159433.356,10.48530950,76.44417150,0.000,-0.677,10.0,-10.0,0.0,0.0,2047,2047,RTK FIXED
43.687,082109.60,10.48530600,76.44416000,10.48530597,76.44415940,658048.598,1159432.604,108.30,658048.579,1159432.594,89.6,7,658049.948,1159433.356,10.48530950,76.44417150,0.000,-0.711,10.0,-10.0,-0.5,0.0,2047,2047,RTK FIXED
43.733,082109.60,10.48530600,76.44416000,10.48530598,76.44415964,658048.598,1159432.604,108.30,658048.586,1159432.598,87.5,7,658049.948,1159433.356,10.48530950,76.44417150,0.000,-0.711,10.0,-10.0,0.5,0.0,2047,2047,RTK FIXED
43.787,082109.60,10.48530600,76.44416000,10.48530599,76.44415978,658048.598,1159432.604,108.30,658048.591,1159432.601,85.5,7,658049.948,1159433.356,10.48530950,76.44417150,0.000,-0.711,10.0,-10.0,0.0,0.0,2047,2047,RTK FIXED
43.833,082109.60,10.48530600,76.44416000,10.48530599,76.44415987,658048.598,1159432.604,108.30,658048.594,1159432.602,83.5,7,658049.948,1159433.356,10.48530950,76.44417150,0.000,-0.711,10.0,-10.0,0.0,0.0,2047,2047,RTK FIXED
43.888,082109.80,10.48530600,76.44416000,10.48530600,76.44415992,658048.625,1159432.598,108.20,658048.607,1159432.601,81.4,7,658049.948,1159433.356,10.48530950,76.44417150,0.000,-0.619,10.0,-10.0,-0.5,0.0,2047,2047,RTK FIXED
43.933,082109.80,10.48530600,76.44416000,10.48530600,76.44415995,658048.625,1159432.598,108.20,658048.614,1159432.600,79.6,7,658049.948,1159433.356,10.48530950,76.44417150,0.000,-0.619,10.0,-10.0,0.0,0.0,2047,2047,RTK FIXED
43.987,082109.80,10.48530600,76.44416000,10.48530600,76.44415997,658048.625,1159432.598,108.20,658048.619,1159432.599,77.9,7,658049.948,1159433.356,10.48530950,76.44417150,0.000,-0.619,10.0,-10.0,0.5,0.0,2047,2047,RTK FIXED
44.033,082109.80,10.48530600,76.44416000,10.48530600,76.44415998,658048.625,1159432.598,108.20,658048.621,1159432.599,76.1,7,658049.948,1159433.356,10.48530950,76.44417150,0.000,-0.619,10.0,-10.0,-0.5,0.0,2047,2047,RTK FIXED
44.088,082110.00,10.48530600,76.44416000,10.48530600,76.44415999,658048.581,1159432.609,108.20,658048.605,1159432.603,74.3,7,658049.948,1159433.356,10.48530950,76.44417150,0.000,-0.548,9.0,-9.0,0.5,0.0,1837,1837,RTK FIXED
44.133,082110.00,10.48530600,76.44416000,10.48530600,76.44415999,658048.581,1159432.609,108.20,658048.595,1159432.606,72.7,7,658049.948,1159433.356,10.48530950,76.44417150,0.000,-0.548,9.0,-9.0,-0.6,0.0,1837,1837,RTK FIXED
44.188,082110.20,10.48530700,76.44416100,10.48530640,76.44416040,658048.671,1159432.727,108.20,658048.626,1159432.654,72.2,7,658049.948,1159433.356,10.48530950,76.44417150,0.000,-0.553,9.0,-9.0,0.0,0.0,1851,1851,RTK FIXED
44.241,082110.20,10.48530700,76.44416100,10.48530664,76.44416064,658048.671,1159432.727,108.20,658048.644,1159432.683,70.6,7,658049.948,1159433.356,10.48530950,76.44417150,0.000,-0.553,9.0,-9.0,0.5,0.0,1851,1851,RTK FIXED
44.288,082110.20,10.48530700,76.44416100,10.48530678,76.44416078,658048.671,1159432.727,108.20,658048.654,1159432.701,69.0,7,658049.948,1159433.356,10.48530950,76.44417150,0.000,-0.553,9.0,-9.0,-0.5,0.0,1851,1851,RTK FIXED
44.341,082110.20,10.48530700,76.44416100,10.48530687,76.44416087,658048.671,1159432.727,108.20,658048.661,1159432.711,67.4,7,658049.948,1159433.356,10.48530950,76.44417150,0.000,-0.553,9.0,-9.0,0.5,0.0,1851,1851,RTK FIXED
44.388,082110.40,10.48530700,76.44416100,10.48530692,76.44416092,658048.639,1159432.740,108.20,658048.652,1159432.723,65.8,7,658049.948,1159433.356,10.48530950,76.44417150,0.000,-0.505,8.3,-8.3,-0.5,0.0,1691,1691,RTK FIXED
44.441,082110.40,10.48530700,76.44416100,10.48530695,76.44416095,658048.639,1159432.740,108.20,658048.647,1159432.730,64.4,7,658049.948,1159433.356,10.48530950,76.44417150,0.000,-0.505,8.3,-8.3,0.5,0.0,1691,1691,RTK FIXED
44.488,082110.40,10.48530700,76.44416100,10.48530697,76.44416097,658048.639,1159432.740,108.20,658048.644,1159432.734,63.0,7,658049.948,1159433.356,10.48530950,76.44417150,0.000,-0.505,8.3,-8.3,0.0,0.0,1691,1691,RTK FIXED
44.542,082110.40,10.48530700,76.44416100,10.48530698,76.44416098,658048.639,1159432.740,108.20,658048.642,1159432.737,61.5,7,658049.948,1159433.356,10.48530950,76.44417150,0.000,-0.505,8.3,-8.3,-0.5,0.0,1691,1691,RTK FIXED
44.588,082110.40,10.48530700,76.44416100,10.48530699,76.44416099,658048.639,1159432.740,108.20,658048.641,1159432.738,60.1,7,658049.948,1159433.356,10.48530950,76.44417150,0.000,-0.505,8.3,-8.3,0.5,0.0,1691,1691,RTK FIXED
44.642,082110.40,10.48530700,76.44416100,10.48530699,76.44416099,658048.639,1159432.740,108.20,658048.640,1159432.739,58.6,7,658049.948,1159433.356,10.48530950,76.44417150,0.000,-0.505,8.3,-8.3,0.0,0.0,1691,1691,RTK FIXED
44.688,082110.60,10.48530700,76.44416100,10.48530700,76.44416100,658048.590,1159432.768,108.20,658048.620,1159432.751,57.2,7,658049.948,1159433.356,10.48530950,76.44417150,0.000,-0.480,7.9,-7.9,0.0,0.0,1608,1608,RTK FIXED
44.742,082110.60,10.48530700,76.44416100,10.48530700,76.44416100,658048.590,1159432.768,108.20,658048.608,1159432.758,55.8,7,658049.948,1159433.356,10.48530950,76.44417150,0.000,-0.480,7.9,-7.9,-0.5,0.0,1608,1608,RTK FIXED
44.788,082110.60,10.48530700,76.44416100,10.48530700,76.44416100,658048.590,1159432.768,108.20,658048.601,1159432.762,54.4,7,658049.948,1159433.356,10.48530950,76.44417150,0.000,-0.480,7.9,-7.9,0.5,0.0,1608,1608,RTK FIXED
44.842,082110.60,10.48530700,76.44416100,10.48530700,76.44416100,658048.590,1159432.768,108.20,658048.597,1159432.765,53.0,7,658049.948,1159433.356,10.48530950,76.44417150,0.000,-0.480,7.9,-7.9,0.0,0.0,1608,1608,RTK FIXED
44.896,082110.80,10.48530700,76.44416200,10.48530700,76.44416140,658048.672,1159432.790,108.20,658048.627,1159432.775,61.5,7,658049.948,1159433.356,10.48530950,76.44417150,0.000,-0.502,8.2,-8.2,0.0,0.0,1683,1683,RTK FIXED
44.942,082110.80,10.48530700,76.44416200,10.48530700,76.44416164,658048.672,1159432.790,108.20,658048.645,1159432.781,60.1,7,658049.948,1159433.356,10.48530950,76.44417150,0.000,-0.502,8.2,-8.2,-0.5,0.0,1683,1683,RTK FIXED
44.996,082110.80,10.48530700,76.44416200,10.48530700,76.44416178,658048.672,1159432.790,108.20,658048.655,1159432.785,58.6,7,658049.948,1159433.356,10.48530950,76.44417150,0.000,-0.502,8.2,-8.2,0.0,0.0,1683,1683,RTK FIXED
45.043,082110.80,10.48530700,76.44416200,10.48530700,76.44416187,658048.672,1159432.790,108.20,658048.662,1159432.787,57.2,7,658049.948,1159433.356,10.48530950,76.44417150,0.000,-0.502,8.2,-8.2,0.5,0.0,1683,1683,RTK FIXED
45.096,082111.00,10.48530700,76.44416200,10.48530700,76.44416192,658048.693,1159432.774,108.20,658048.674,1159432.782,55.8,7,658049.948,1159433.356,10.48530950,76.44417150,0.000,-0.480,7.9,-7.9,-0.5,0.0,1608,1608,RTK FIXED
45.142,082111.00,10.48530700,76.44416200,10.48530700,76.44416195,658048.693,1159432.774,108.20,658048.682,1159432.779,54.4,7,658049.948,1159433.356,10.48530950,76.44417150,0.000,-0.480,7.9,-7.9,0.5,0.0,1608,1608,RTK FIXED
45.197,082111.20,10.48530700,76.44416200,10.48530700,76.44416197,658048.678,1159432.785,108.20,658048.680,1159432.781,53.0,7,658049.948,1159433.356,10.48530950,76.44417150,0.000,-0.480,7.9,-7.9,0.0,0.0,1608,1608,RTK FIXED
45.242,082111.20,10.48530700,76.44416200,10.48530700,76.44416198,658048.678,1159432.785,108.20,658048.679,1159432.783,51.6,7,658049.948,1159433.356,10.48530950,76.44417150,0.000,-0.480,7.9,-7.9,0.0,0.0,1608,1608,RTK FIXED
45.296,082111.20,10.48530700,76.44416200,10.48530700,76.44416199,658048.678,1159432.785,108.20,658048.679,1159432.784,50.3,7,658049.948,1159433.356,10.48530950,76.44417150,0.000,-0.480,7.9,-7.9,-0.5,0.0,1608,1608,RTK FIXED
45.342,082111.20,10.48530700,76.44416200,10.48530700,76.44416199,658048.678,1159432.785,108.20,658048.679,1159432.784,48.9,7,658049.948,1159433.356,10.48530950,76.44417150,0.000,-0.480,7.9,-7.9,0.5,0.0,1608,1608,RTK FIXED
45.397,082111.40,10.48530700,76.44416300,10.48530700,76.44416240,658048.761,1159432.809,108.20,658048.712,1159432.794,47.5,7,658049.948,1159433.356,10.48530950,76.44417150,0.000,-0.480,7.9,-7.9,0.0,0.0,1608,1608,RTK FIXED
45.450,082111.40,10.48530700,76.44416300,10.48530700,76.44416264,658048.761,1159432.809,108.20,658048.731,1159432.800,46.1,7,658049.948,1159433.356,10.48530950,76.44417150,0.000,-0.480,7.9,-7.9,-0.5,0.0,1608,1608,RTK FIXED
45.496,082111.40,10.48530700,76.44416300,10.48530700,76.44416278,658048.761,1159432.809,108.20,658048.743,1159432.803,44.8,7,658049.948,1159433.356,10.48530950,76.44417150,0.000,-0.480,7.9,-7.9,0.0,0.0,1608,1608,RTK FIXED
45.551,082111.40,10.48530700,76.44416300,10.48530700,76.44416287,658048.761,1159432.809,108.20,658048.750,1159432.806,43.4,7,658049.948,1159433.356,10.48530950,76.44417150,0.000,-0.480,7.9,-7.9,0.5,0.0,1608,1608,RTK FIXED
45.596,082111.40,10.48530700,76.44416300,10.48530700,76.44416292,658048.761,1159432.809,108.20,658048.755,1159432.807,42.0,7,658049.948,1159433.356,10.48530950,76.44417150,0.000,-0.480,7.9,-7.9,-0.5,0.0,1608,1608,RTK FIXED
45.651,082111.40,10.48530700,76.44416300,10.48530700,76.44416295,658048.761,1159432.809,108.20,658048.757,1159432.808,40.6,7,658049.948,1159433.356,10.48530950,76.44417150,0.000,-0.480,7.9,-7.9,0.0,0.0,1608,1608,RTK FIXED
45.697,082111.60,10.48530700,76.44416300,10.48530700,76.44416297,658048.726,1159432.848,108.20,658048.745,1159432.824,39.6,7,658049.948,1159433.356,10.48530950,76.44417150,0.000,-0.430,7.0,-7.0,0.5,0.0,1439,1439,RTK FIXED
45.751,082111.60,10.48530700,76.44416300,10.48530700,76.44416298,658048.726,1159432.848,108.20,658048.737,1159432.834,38.4,7,658049.948,1159433.356,10.48530950,76.44417150,0.000,-0.430,7.0,-7.0,0.0,0.0,1439,1439,RTK FIXED
45.797,082111.60,10.48530700,76.44416300,10.48530700,76.44416299,658048.726,1159432.848,108.20,658048.732,1159432.840,37.2,7,658049.948,1159433.356,10.48530950,76.44417150,0.000,-0.430,7.0,-7.0,0.0,0.0,1439,1439,RTK FIXED
45.851,082111.60,10.48530700,76.44416300,10.48530700,76.44416299,658048.726,1159432.848,108.20,658048.730,1159432.843,35.9,7,658049.948,1159433.356,10.48530950,76.44417150,0.000,-0.430,7.0,-7.0,0.0,0.0,1439,1439,RTK FIXED
45.897,082111.80,10.48530700,76.44416300,10.48530700,76.44416300,658048.708,1159432.872,108.20,658048.721,1159432.855,34.7,7,658049.948,1159433.356,10.48530950,76.44417150,0.000,-0.393,6.4,-6.4,-0.5,0.0,1316,1316,RTK FIXED
45.951,082111.80,10.48530700,76.44416300,10.48530700,76.44416300,658048.708,1159432.872,108.20,658048.716,1159432.862,33.6,7,658049.948,1159433.356,10.48530950,76.44417150,0.000,-0.393,6.4,-6.4,0.0,0.0,1316,1316,RTK FIXED
46.005,082111.80,10.48530700,76.44416300,10.48530700,76.44416300,658048.708,1159432.872,108.20,658048.713,1159432.866,32.4,7,658049.948,1159433.356,10.48530950,76.44417150,0.000,-0.393,6.4,-6.4,0.5,0.0,1316,1316,RTK FIXED
46.051,082111.80,10.48530700,76.44416300,10.48530700,76.44416300,658048.708,1159432.872,108.20,658048.711,1159432.869,31.3,7,658049.948,1159433.356,10.48530950,76.44417150,0.000,-0.393,6.4,-6.4,-0.5,0.0,1316,1316,RTK FIXED
46.105,082112.00,10.48530700,76.44416300,10.48530700,76.44416300,658048.694,1159432.897,108.20,658048.704,1159432.880,30.2,7,658049.948,1159433.356,10.48530950,76.44417150,0.000,-0.362,5.9,-5.9,0.0,0.0,1214,1214,RTK FIXED
46.151,082112.00,10.48530700,76.44416300,10.48530700,76.44416300,658048.694,1159432.897,108.20,658048.700,1159432.887,29.2,7,658049.948,1159433.356,10.48530950,76.44417150,0.000,-0.362,5.9,-5.9,0.6,0.0,1214,1214,RTK FIXED
46.205,082112.20,10.48530700,76.44416300,10.48530700,76.44416300,658048.687,1159432.909,108.20,658048.695,1159432.896,28.1,7,658049.948,1159433.356,10.48530950,76.44417150,0.000,-0.355,5.8,-5.8,-0.5,0.0,1191,1191,RTK FIXED
46.251,082112.20,10.48530700,76.44416300,10.48530700,76.44416300,658048.687,1159432.909,108.20,658048.692,1159432.901,27.1,7,658049.948,1159433.356,10.48530950,76.44417150,0.000,-0.355,5.8,-5.8,0.5,0.0,1191,1191,RTK FIXED
46.305,082112.20,10.48530700,76.44416300,10.48530700,76.44416300,658048.687,1159432.909,108.20,658048.690,1159432.905,26.1,7,658049.948,1159433.356,10.48530950,76.44417150,0.000,-0.355,5.8,-5.8,0.0,0.0,1191,1191,RTK FIXED
46.351,082112.20,10.48530700,76.44416300,10.48530700,76.44416300,658048.687,1159432.909,108.20,658048.689,1159432.906,25.1,7,658049.948,1159433.356,10.48530950,76.44417150,0.000,-0.355,5.8,-5.8,0.0,0.0,1191,1191,RTK FIXED
46.405,082112.40,10.48530700,76.44416400,10.48530700,76.44416340,658048.786,1159432.934,108.20,658048.728,1159432.917,40.2,7,658049.948,1159433.356,10.48530950,76.44417150,0.000,-0.480,7.9,-7.9,0.0,0.0,1608,1608,RTK FIXED
46.451,082112.40,10.48530700,76.44416400,10.48530700,76.44416364,658048.786,1159432.934,108.20,658048.751,1159432.924,38.8,7,658049.948,1159433.356,10.48530950,76.44417150,0.000,-0.480,7.9,-7.9,-0.5,0.0,1608,1608,RTK FIXED
46.505,082112.40,10.48530700,76.44416400,10.48530700,76.44416378,658048.786,1159432.934,108.20,658048.765,1159432.928,37.4,7,658049.948,1159433.356,10.48530950,76.44417150,0.000,-0.480,7.9,-7.9,0.0,0.0,1608,1608,RTK FIXED
46.551,082112.40,10.48530700,76.44416400,10.48530700,76.44416387,658048.786,1159432.934,108.20,658048.773,1159432.930,36.1,7,658049.948,1159433.356,10.48530950,76.44417150,0.000,-0.480,7.9,-7.9,0.5,0.0,1608,1608,RTK FIXED
46.605,082112.40,10.48530700,76.44416400,10.48530700,76.44416392,658048.786,1159432.934,108.20,658048.778,1159432.932,34.7,7,658049.948,1159433.356,10.48530950,76.44417150,0.000,-0.480,7.9,-7.9,-0.5,0.0,1608,1608,RTK FIXED
46.660,082112.60,10.48530700,76.44416400,10.48530700,76.44416395,658048.813,1159432.881,108.20,658048.792,1159432.911,33.3,7,658049.948,1159433.356,10.48530950,76.44417150,0.000,-0.396,6.5,-6.5,0.0,0.5,1327,1327,RTK FIXED
46.705,082112.60,10.48530700,76.44416400,10.48530700,76.44416397,658048.813,1159432.881,108.20,658048.801,1159432.899,32.2,7,658049.948,1159433.356,10.48530950,76.44417150,0.000,-0.396,6.5,-6.5,0.6,-0.6,1327,1327,RTK FIXED
46.759,082112.60,10.48530700,76.44416400,10.48530700,76.44416398,658048.813,1159432.881,108.20,658048.806,1159432.892,31.0,7,658049.948,1159433.356,10.48530950,76.44417150,0.000,-0.396,6.5,-6.5,-0.5,0.0,1327,1327,RTK FIXED
46.805,082112.60,10.48530700,76.44416400,10.48530700,76.44416399,658048.813,1159432.881,108.20,658048.809,1159432.887,29.9,7,658049.948,1159433.356,10.48530950,76.44417150,0.000,-0.396,6.5,-6.5,0.5,0.0,1327,1327,RTK FIXED
46.860,082112.80,10.48530700,76.44416400,10.48530700,76.44416399,658048.799,1159432.906,108.20,658048.805,1159432.895,28.8,7,658049.948,1159433.356,10.48530950,76.44417150,0.000,-0.343,5.6,-5.6,0.0,0.0,1149,1149,RTK FIXED
46.906,082112.80,10.48530700,76.44416400,10.48530700,76.44416400,658048.799,1159432.906,108.20,658048.802,1159432.899,27.8,7,658049.948,1159433.356,10.48530950,76.44417150,0.000,-0.343,5.6,-5.6,-0.5,0.0,1149,1149,RTK FIXED
46.960,082112.80,10.48530700,76.44416400,10.48530700,76.44416400,658048.799,1159432.906,108.20,658048.801,1159432.902,26.8,7,658049.948,1159433.356,10.48530950,76.44417150,0.000,-0.343,5.6,-5.6,0.5,0.0,1149,1149,RTK FIXED
47.006,082112.80,10.48530700,76.44416400,10.48530700,76.44416400,658048.799,1159432.906,108.20,658048.800,1159432.904,25.8,7,658049.948,1159433.356,10.48530950,76.44417150,0.000,-0.343,5.6,-5.6,-0.5,0.0,1149,1149,RTK FIXED
47.060,082113.00,10.48530700,76.44416400,10.48530700,76.44416400,658048.788,1159432.929,108.20,658048.795,1159432.914,24.8,7,658049.948,1159433.356,10.48530950,76.44417150,0.000,-0.306,5.0,-5.0,0.5,0.0,1100,1100,RTK FIXED
47.106,082113.00,10.48530700,76.44416400,10.48530700,76.44416400,658048.788,1159432.929,108.20,658048.792,1159432.920,24.0,7,658049.948,1159433.356,10.48530950,76.44417150,0.000,-0.306,5.0,-5.0,-0.5,0.0,1100,1100,RTK FIXED
47.161,082113.20,10.48530600,76.44416400,10.48530660,76.44416400,658048.784,1159432.829,108.20,658048.789,1159432.884,23.1,7,658049.948,1159433.356,10.48530950,76.44417150,0.000,-0.263,4.3,-4.3,0.0,0.0,1100,1100,RTK FIXED
47.205,082113.20,10.48530600,76.44416400,10.48530636,76.44416400,658048.784,1159432.829,108.20,658048.787,1159432.862,22.3,7,658049.948,1159433.356,10.48530950,76.44417150,0.000,-0.263,4.3,-4.3,0.6,0.0,1100,1100,RTK FIXED
47.259,082113.20,10.48530600,76.44416400,10.48530622,76.44416400,658048.784,1159432.829,108.20,658048.786,1159432.849,21.6,7,658049.948,1159433.356,10.48530950,76.44417150,0.000,-0.263,4.3,-4.3,-0.5,0.0,1100,1100,RTK FIXED
47.314,082113.20,10.48530600,76.44416400,10.48530613,76.44416400,658048.784,1159432.829,108.20,658048.785,1159432.841,20.8,7,658049.948,1159433.356,10.48530950,76.44417150,0.000,-0.263,4.3,-4.3,0.0,0.0,1100,1100,RTK FIXED
47.523,082113.40,10.48530600,76.44416400,10.48530608,76.44416400,658048.777,1159432.847,108.20,658048.782,1159432.843,20.1,7,658049.948,1159433.356,10.48530950,76.44417150,0.366,-0.018,10.0,9.7,0.1,0.0,450,450,RTK FIXED
47.560,082113.40,10.48530600,76.44416400,10.48530605,76.44416400,658048.777,1159432.847,108.20,658048.780,1159432.845,20.1,7,658049.948,1159433.356,10.48530950,76.44417150,0.366,-0.018,10.0,9.7,0.0,0.0,900,900,RTK FIXED
47.606,082113.40,10.48530600,76.44416400,10.48530603,76.44416400,658048.777,1159432.847,108.20,658048.779,1159432.846,20.1,7,658049.948,1159433.356,10.48530950,76.44417150,0.366,-0.018,10.0,9.7,0.0,0.0,1350,1350,RTK FIXED
47.660,082113.60,10.48530600,76.44416400,10.48530602,76.44416400,658048.777,1159432.847,108.20,658048.778,1159432.846,20.1,7,658049.948,1159433.356,10.48530950,76.44417150,0.366,-0.015,10.0,9.8,0.0,0.0,1800,1800,RTK FIXED
47.706,082113.60,10.48530600,76.44416400,10.48530601,76.44416400,658048.777,1159432.847,108.20,658048.778,1159432.847,20.1,7,658049.948,1159433.356,10.48530950,76.44417150,0.366,-0.015,10.0,9.8,0.0,0.0,2047,1998,RTK FIXED
47.760,082113.60,10.48530600,76.44416400,10.48530601,76.44416400,658048.777,1159432.847,108.20,658048.778,1159432.847,20.1,7,658049.948,1159433.356,10.48530950,76.44417150,0.366,-0.015,10.0,9.8,-0.5,0.0,2047,1998,RTK FIXED
47.807,082113.60,10.48530600,76.44416400,10.48530600,76.44416400,658048.777,1159432.847,108.20,658048.778,1159432.847,20.1,7,658049.948,1159433.356,10.48530950,76.44417150,0.366,-0.015,10.0,9.8,0.5,0.5,2047,1998,RTK FIXED
47.861,082113.80,10.48530600,76.44416400,10.48530600,76.44416400,658048.777,1159432.847,108.20,658048.778,1159432.847,20.1,7,658049.948,1159433.356,10.48530950,76.44417150,0.366,-0.012,10.0,9.8,-0.5,0.5,2047,2006,RTK FIXED
47.907,082113.80,10.48530600,76.44416400,10.48530600,76.44416400,658048.777,1159432.847,108.20,658048.777,1159432.847,20.1,7,658049.948,1159433.356,10.48530950,76.44417150,0.366,-0.012,10.0,9.8,0.5,1.6,2047,2006,RTK FIXED
47.960,082113.80,10.48530600,76.44416400,10.48530600,76.44416400,658048.777,1159432.847,108.20,658048.777,1159432.847,20.1,7,658049.948,1159433.356,10.48530950,76.44417150,0.366,-0.012,10.0,9.8,0.0,1.9,2047,2006,RTK FIXED
48.007,082113.80,10.48530600,76.44416400,10.48530600,76.44416400,658048.777,1159432.847,108.20,658048.777,1159432.847,20.1,7,658049.948,1159433.356,10.48530950,76.44417150,0.366,-0.012,10.0,9.8,0.0,2.7,2047,2006,RTK FIXED
48.061,082113.80,10.48530600,76.44416400,10.48530600,76.44416400,658048.777,1159432.847,108.20,658048.777,1159432.847,20.1,7,658049.948,1159433.356,10.48530950,76.44417150,0.366,-0.012,10.0,9.8,-0.5,2.3,2047,2006,RTK FIXED
48.115,082114.00,10.48530600,76.44416400,10.48530600,76.44416400,658048.777,1159432.847,108.20,658048.777,1159432.847,20.1,7,658049.948,1159433.356,10.48530950,76.44417150,0.366,-0.011,10.0,9.8,0.5,2.8,2047,2010,RTK FIXED
48.162,082114.20,10.48530600,76.44416400,10.48530600,76.44416400,658048.777,1159432.847,108.20,658048.777,1159432.847,20.1,7,658049.948,1159433.356,10.48530950,76.44417150,0.366,-0.010,10.0,9.8,0.0,3.2,2047,2013,RTK FIXED
48.215,082114.20,10.48530600,76.44416400,10.48530600,76.44416400,658048.777,1159432.847,108.20,658048.777,1159432.847,20.1,7,658049.948,1159433.356,10.48530950,76.44417150,0.366,-0.010,10.0,9.8,0.0,2.8,2047,2013,RTK FIXED
48.261,082114.20,10.48530600,76.44416400,10.48530600,76.44416400,658048.777,1159432.847,108.20,658048.777,1159432.847,20.1,7,658049.948,1159433.356,10.48530950,76.44417150,0.366,-0.010,10.0,9.8,-0.5,3.3,2047,2013,RTK FIXED
48.315,082114.20,10.48530600,76.44416400,10.48530600,76.44416400,658048.777,1159432.847,108.20,658048.777,1159432.847,20.1,7,658049.948,1159433.356,10.48530950,76.44417150,0.366,-0.010,10.0,9.8,0.5,3.2,2047,2013,RTK FIXED
48.361,082114.40,10.48530600,76.44416400,10.48530600,76.44416400,658048.777,1159432.847,108.20,658048.777,1159432.847,20.1,7,658049.948,1159433.356,10.48530950,76.44417150,0.366,-0.010,10.0,9.8,-0.5,4.3,2047,2015,RTK FIXED
48.415,082114.40,10.48530600,76.44416400,10.48530600,76.44416400,658048.777,1159432.847,108.20,658048.777,1159432.847,20.1,7,658049.948,1159433.356,10.48530950,76.44417150,0.366,-0.010,10.0,9.8,0.0,5.5,2047,2015,RTK FIXED
48.460,082114.40,10.48530600,76.44416400,10.48530600,76.44416400,658048.777,1159432.847,108.20,658048.777,1159432.847,20.1,7,658049.948,1159433.356,10.48530950,76.44417150,0.366,-0.010,10.0,9.8,0.0,6.7,2047,2015,RTK FIXED
48.515,082114.40,10.48530600,76.44416400,10.48530600,76.44416400,658048.777,1159432.847,108.20,658048.777,1159432.847,20.1,7,658049.948,1159433.356,10.48530950,76.44417150,0.366,-0.010,10.0,9.8,0.0,7.3,2047,2015,RTK FIXED
48.561,082114.40,10.48530600,76.44416400,10.48530600,76.44416400,658048.777,1159432.847,108.20,658048.777,1159432.847,20.1,7,658049.948,1159433.356,10.48530950,76.44417150,0.366,-0.010,10.0,9.8,0.0,7.1,2047,2015,RTK FIXED
48.615,082114.40,10.48530600,76.44416400,10.48530600,76.44416400,658048.777,1159432.847,108.20,658048.777,1159432.847,20.1,7,658049.948,1159433.356,10.48530950,76.44417150,0.366,-0.010,10.0,9.8,0.0,9.2,2047,2015,RTK FIXED
48.669,082114.60,10.48530600,76.44416500,10.48530600,76.44416440,658048.887,1159432.848,108.20,658048.821,1159432.847,4.8,7,658049.948,1159433.356,10.48530950,76.44417150,0.339,0.144,7.7,10.0,0.0,11.1,1597,2047,RTK FIXED
48.715,082114.60,10.48530600,76.44416500,10.48530600,76.44416464,658048.887,1159432.848,108.20,658048.847,1159432.848,4.8,7,658049.948,1159433.356,10.48530950,76.44417150,0.339,0.144,7.7,10.0,0.0,12.2,1583,2047,RTK FIXED
48.769,082114.60,10.48530600,76.44416500,10.48530600,76.44416478,658048.887,1159432.848,108.20,658048.863,1159432.848,4.8,7,658049.948,1159433.356,10.48530950,76.44417150,0.339,0.144,7.7,10.0,0.5,12.4,1583,2047,RTK FIXED
48.815,082114.60,10.48530600,76.44416500,10.48530600,76.44416487,658048.887,1159432.848,108.20,658048.873,1159432.848,4.8,7,658049.948,1159433.356,10.48530950,76.44417150,0.339,0.144,7.7,10.0,-0.5,13.5,1583,2047,RTK FIXED
48.869,082114.80,10.48530600,76.44416500,10.48530600,76.44416492,658048.868,1159432.945,108.20,658048.871,1159432.886,4.8,7,658049.948,1159433.356,10.48530950,76.44417150,0.344,0.128,8.0,10.0,0.0,13.8,1636,2047,RTK FIXED
48.916,082114.80,10.48530600,76.44416500,10.48530600,76.44416495,658048.868,1159432.945,108.20,658048.870,1159432.910,4.8,7,658049.948,1159433.356,10.48530950,76.44417150,0.344,0.128,8.0,10.0,0.5,15.2,1636,2047,RTK FIXED
48.968,082114.80,10.48530600,76.44416500,10.48530600,76.44416497,658048.868,1159432.945,108.20,658048.869,1159432.924,4.8,7,658049.948,1159433.356,10.48530950,76.44417150,0.344,0.128,8.0,10.0,-0.5,16.1,1636,2047,RTK FIXED
49.015,082114.80,10.48530600,76.44416500,10.48530600,76.44416498,658048.868,1159432.945,108.20,658048.869,1159432.932,4.8,7,658049.948,1159433.356,10.48530950,76.44417150,0.344,0.128,8.0,10.0,0.5,16.0,1636,2047,RTK FIXED
49.070,082115.00,10.48530600,76.44416500,10.48530600,76.44416499,658048.868,1159432.945,108.20,658048.869,1159432.937,4.8,7,658049.948,1159433.356,10.48530950,76.44417150,0.347,0.118,8.1,10.0,-0.5,16.5,1667,2047,RTK FIXED
49.123,082115.00,10.48530600,76.44416500,10.48530600,76.44416499,658048.868,1159432.945,108.20,658048.868,1159432.940,4.8,7,658049.948,1159433.356,10.48530950,76.44417150,0.347,0.118,8.1,10.0,0.5,17.4,1667,2047,RTK FIXED
49.170,082115.20,10.48530600,76.44416600,10.48530600,76.44416540,658048.978,1159432.945,108.20,658048.912,1159432.942,16.3,7,658049.948,1159433.356,10.48530950,76.44417150,0.365,0.023,9.6,10.0,0.0,17.5,1973,2047,RTK FIXED
49.223,082115.20,10.48530600,76.44416600,10.48530600,76.44416564,658048.978,1159432.945,108.20,658048.938,1159432.943,16.3,7,658049.948,1159433.356,10.48530950,76.44417150,0.365,0.023,9.6,10.0,-0.5,17.9,1973,2047,RTK FIXED
49.272,082115.20,10.48530600,76.44416600,10.48530600,76.44416578,658048.978,1159432.945,108.20,658048.954,1159432.944,16.3,7,658049.948,1159433.356,10.48530950,76.44417150,0.365,0.023,9.6,10.0,0.0,17.3,1973,2047,RTK FIXED
49.323,082115.20,10.48530600,76.44416600,10.48530600,76.44416587,658048.978,1159432.945,108.20,658048.964,1159432.944,16.3,7,658049.948,1159433.356,10.48530950,76.44417150,0.365,0.023,9.6,10.0,0.5,17.2,1973,2047,RTK FIXED
49.370,082115.40,10.48530600,76.44416600,10.48530600,76.44416592,658048.989,1159432.872,108.20,658048.974,1159432.915,16.3,7,658049.948,1159433.356,10.48530950,76.44417150,0.363,0.046,9.3,10.0,0.0,17.8,1896,2047,RTK FIXED
49.423,082115.40,10.48530600,76.44416600,10.48530600,76.44416595,658048.989,1159432.872,108.20,658048.980,1159432.898,16.3,7,658049.948,1159433.356,10.48530950,76.44417150,0.363,0.046,9.3,10.0,0.0,17.5,1896,2047,RTK FIXED
49.470,082115.40,10.48530600,76.44416600,10.48530600,76.44416597,658048.989,1159432.872,108.20,658048.984,1159432.887,16.3,7,658049.948,1159433.356,10.48530950,76.44417150,0.363,0.046,9.3,10.0,0.0,17.6,1896,2047,RTK FIXED
49.524,082115.40,10.48530600,76.44416600,10.48530600,76.44416598,658048.989,1159432.872,108.20,658048.986,1159432.881,16.3,7,658049.948,1159433.356,10.48530950,76.44417150,0.363,0.046,9.3,10.0,-0.5,17.6,1896,2047,RTK FIXED
49.569,082115.40,10.48530600,76.44416600,10.48530600,76.44416599,658048.989,1159432.872,108.20,658048.987,1159432.877,16.3,7,658049.948,1159433.356,10.48530950,76.44417150,0.363,0.046,9.3,10.0,0.5,18.1,1896,2047,RTK FIXED
49.624,082115.40,10.48530600,76.44416600,10.48530600,76.44416599,658048.989,1159432.872,108.20,658048.988,1159432.875,16.3,7,658049.948,1159433.356,10.48530950,76.44417150,0.363,0.046,9.3,10.0,-0.5,17.4,1896,2047,RTK FIXED
49.678,082115.60,10.48530600,76.44416600,10.48530600,76.44416600,658048.989,1159432.872,108.20,658048.989,1159432.874,16.3,7,658049.948,1159433.356,10.48530950,76.44417150,0.361,0.061,9.0,10.0,0.0,18.1,1849,2047,RTK FIXED
49.723,082115.60,10.48530600,76.44416600,10.48530600,76.44416600,658048.989,1159432.872,108.20,658048.989,1159432.873,16.3,7,658049.948,1159433.356,10.48530950,76.44417150,0.361,0.061,9.0,10.0,0.6,17.7,1849,2047,RTK FIXED
49.777,082115.60,10.48530600,76.44416600,10.48530600,76.44416600,658048.989,1159432.872,108.20,658048.989,1159432.872,16.3,7,658049.948,1159433.356,10.48530950,76.44417150,0.361,0.061,9.0,10.0,0.0,18.4,1849,2047,RTK FIXED
49.823,082115.60,10.48530600,76.44416600,10.48530600,76.44416600,658048.989,1159432.872,108.20,658048.989,1159432.872,16.3,7,658049.948,1159433.356,10.48530950,76.44417150,0.361,0.061,9.0,10.0,-0.5,17.4,1849,2047,RTK FIXED
49.878,082115.80,10.48530700,76.44416700,10.48530640,76.44416640,658049.098,1159432.983,108.20,658049.033,1159432.916,11.9,7,658049.948,1159433.356,10.48530950,76.44417150,0.353,0.098,8.5,10.0,0.0,17.9,1732,2047,RTK FIXED
49.924,082115.80,10.48530700,76.44416700,10.48530664,76.44416664,658049.098,1159432.983,108.20,658049.059,1159432.943,11.9,7,658049.948,1159433.356,10.48530950,76.44417150,0.353,0.098,8.5,10.0,0.5,17.4,1732,2047,RTK FIXED
49.978,082115.80,10.48530700,76.44416700,10.48530678,76.44416678,658049.098,1159432.983,108.20,658049.075,1159432.959,11.9,7,658049.948,1159433.356,10.48530950,76.44417150,0.353,0.098,8.5,10.0,-0.5,18.1,1732,2047,RTK FIXED
50.024,082115.80,10.48530700,76.44416700,10.48530687,76.44416687,658049.098,1159432.983,108.20,658049.084,1159432.968,11.9,7,658049.948,1159433.356,10.48530950,76.44417150,0.353,0.098,8.5,10.0,0.0,17.4,1732,2047,RTK FIXED
50.078,082116.00,10.48530700,76.44416700,10.48530692,76.44416692,658049.092,1159433.010,108.20,658049.087,1159432.985,11.9,7,658049.948,1159433.356,10.48530950,76.44417150,0.355,0.089,8.6,10.0,0.0,17.5,1761,2047,RTK FIXED
50.133,082116.00,10.48530700,76.44416700,10.48530695,76.44416695,658049.092,1159433.010,108.20,658049.089,1159432.995,11.9,7,658049.948,1159433.356,10.48530950,76.44417150,0.355,0.089,8.6,10.0,0.0,18.2,1761,2047,RTK FIXED
50.179,082116.20,10.48530700,76.44416700,10.48530697,76.44416697,658049.092,1159433.010,108.20,658049.090,1159433.001,11.9,7,658049.948,1159433.356,10.48530950,76.44417150,0.357,0.084,8.7,10.0,0.5,17.0,1777,2047,RTK FIXED
50.231,082116.20,10.48530700,76.44416700,10.48530698,76.44416698,658049.092,1159433.010,108.20,658049.091,1159433.005,11.9,7,658049.948,1159433.356,10.48530950,76.44417150,0.357,0.084,8.7,10.0,0.0,17.6,1777,2047,RTK FIXED
50.278,082116.20,10.48530700,76.44416700,10.48530699,76.44416699,658049.092,1159433.010,108.20,658049.092,1159433.007,11.9,7,658049.948,1159433.356,10.48530950,76.44417150,0.357,0.084,8.7,10.0,0.0,17.1,1777,2047,RTK FIXED
50.333,082116.20,10.48530700,76.44416700,10.48530699,76.44416699,658049.092,1159433.010,108.20,658049.092,1159433.008,11.9,7,658049.948,1159433.356,10.48530950,76.44417150,0.357,0.084,8.7,10.0,0.0,17.7,1777,2047,RTK FIXED
50.379,082116.40,10.48530700,76.44416800,10.48530700,76.44416740,658049.202,1159433.011,108.20,658049.136,1159433.009,17.9,7,658049.948,1159433.356,10.48530950,76.44417150,0.364,0.041,9.3,10.0,0.0,18.0,1913,2047,RTK FIXED
50.432,082116.40,10.48530700,76.44416800,10.48530700,76.44416764,658049.202,1159433.011,108.20,658049.162,1159433.010,17.9,7,658049.948,1159433.356,10.48530950,76.44417150,0.364,0.041,9.3,10.0,-0.5,17.4,1913,2047,RTK FIXED
50.478,082116.40,10.48530700,76.44416800,10.48530700,76.44416778,658049.202,1159433.011,108.20,658049.178,1159433.010,17.9,7,658049.948,1159433.356,10.48530950,76.44417150,0.364,0.041,9.3,10.0,0.0,18.4,1913,2047,RTK FIXED
50.532,082116.40,10.48530700,76.44416800,10.48530700,76.44416787,658049.202,1159433.011,108.20,658049.187,1159433.010,17.9,7,658049.948,1159433.356,10.48530950,76.44417150,0.364,0.041,9.3,10.0,0.5,17.6,1913,2047,RTK FIXED
50.579,082116.40,10.48530700,76.44416800,10.48530700,76.44416792,658049.202,1159433.011,108.20,658049.193,1159433.011,17.9,7,658049.948,1159433.356,10.48530950,76.44417150,0.364,0.041,9.3,10.0,-0.5,17.8,1913,2047,RTK FIXED
50.632,082116.40,10.48530700,76.44416800,10.48530700,76.44416795,658049.202,1159433.011,108.20,658049.196,1159433.011,17.9,7,658049.948,1159433.356,10.48530950,76.44417150,0.364,0.041,9.3,10.0,0.5,17.7,1913,2047,RTK FIXED
50.679,082116.60,10.48530700,76.44416800,10.48530700,76.44416797,658049.211,1159432.973,108.20,658049.202,1159432.996,17.9,7,658049.948,1159433.356,10.48530950,76.44417150,0.361,0.058,9.1,10.0,0.0,18.3,1858,2047,RTK FIXED
50.732,082116.60,10.48530700,76.44416800,10.48530700,76.44416798,658049.211,1159432.973,108.20,658049.205,1159432.987,17.9,7,658049.948,1159433.356,10.48530950,76.44417150,0.361,0.058,9.1,10.0,-0.5,17.7,1858,2047,RTK FIXED
50.787,082116.60,10.48530700,76.44416800,10.48530700,76.44416799,658049.211,1159432.973,108.20,658049.207,1159432.981,17.9,7,658049.948,1159433.356,10.48530950,76.44417150,0.361,0.058,9.1,10.0,0.0,18.5,1858,2047,RTK FIXED
50.833,082116.60,10.48530700,76.44416800,10.48530700,76.44416799,658049.211,1159432.973,108.20,658049.209,1159432.978,17.9,7,658049.948,1159433.356,10.48530950,76.44417150,0.361,0.058,9.1,10.0,0.5,18.7,1858,2047,RTK FIXED
50.887,082116.80,10.48530700,76.44416800,10.48530700,76.44416800,658049.211,1159432.973,108.20,658049.209,1159432.976,17.9,7,658049.948,1159433.356,10.48530950,76.44417150,0.360,0.069,8.9,10.0,-0.5,18.7,1826,2047,RTK FIXED
50.932,082116.80,10.48530700,76.44416800,10.48530700,76.44416800,658049.211,1159432.973,108.20,658049.210,1159432.975,17.9,7,658049.948,1159433.356,10.48530950,76.44417150,0.360,0.069,8.9,10.0,0.0,18.1,1826,2047,RTK FIXED
50.987,082116.80,10.48530700,76.44416800,10.48530700,76.44416800,658049.211,1159432.973,108.20,658049.210,1159432.974,17.9,7,658049.948,1159433.356,10.48530950,76.44417150,0.360,0.069,8.9,10.0,0.5,18.4,1826,2047,RTK FIXED
51.033,082116.80,10.48530700,76.44416800,10.48530700,76.44416800,658049.211,1159432.973,108.20,658049.210,1159432.974,17.9,7,658049.948,1159433.356,10.48530950,76.44417150,0.360,0.069,8.9,10.0,-0.5,18.5,1826,2047,RTK FIXED
51.087,082117.00,10.48530800,76.44416800,10.48530740,76.44416800,658049.210,1159433.084,108.20,658049.210,1159433.018,17.9,7,658049.948,1159433.356,10.48530950,76.44417150,0.363,0.048,9.2,10.0,0.5,18.4,1890,2047,RTK FIXED
51.133,082117.00,10.48530800,76.44416800,10.48530764,76.44416800,658049.210,1159433.084,108.20,658049.210,1159433.044,17.9,7,658049.948,1159433.356,10.48530950,76.44417150,0.363,0.048,9.2,10.0,-0.5,18.5,1890,2047,RTK FIXED
51.187,082117.20,10.48530800,76.44416900,10.48530778,76.44416840,658049.319,1159433.084,108.20,658049.254,1159433.060,19.7,7,658049.948,1159433.356,10.48530950,76.44417150,0.364,0.035,9.4,10.0,0.0,18.5,1932,2047,RTK FIXED
51.233,082117.20,10.48530800,76.44416900,10.48530787,76.44416864,658049.319,1159433.084,108.20,658049.280,1159433.070,19.7,7,658049.948,1159433.356,10.48530950,76.44417150,0.364,0.035,9.4,10.0,0.0,18.0,1932,2047,RTK FIXED
51.291,082117.20,10.48530800,76.44416900,10.48530792,76.44416878,658049.319,1159433.084,108.20,658049.296,1159433.076,19.7,7,658049.948,1159433.356,10.48530950,76.44417150,0.364,0.035,9.4,10.0,0.4,18.7,1932,2047,RTK FIXED
51.340,082117.20,10.48530800,76.44416900,10.48530795,76.44416887,658049.319,1159433.084,108.20,658049.305,1159433.079,19.7,7,658049.948,1159433.356,10.48530950,76.44417150,0.364,0.035,9.4,10.0,-0.5,17.9,1932,2047,RTK FIXED
51.388,082117.40,10.48530800,76.44416900,10.48530797,76.44416892,658049.323,1159433.073,108.20,658049.312,1159433.077,19.7,7,658049.948,1159433.356,10.48530950,76.44417150,0.364,0.040,9.4,10.0,0.0,19.1,1917,2047,RTK FIXED
51.441,082117.40,10.48530800,76.44416900,10.48530798,76.44416895,658049.323,1159433.073,108.20,658049.317,1159433.075,19.7,7,658049.948,1159433.356,10.48530950,76.44417150,0.364,0.040,9.4,10.0,0.5,18.3,1917,2047,RTK FIXED
51.487,082117.40,10.48530800,76.44416900,10.48530799,76.44416897,658049.323,1159433.073,108.20,658049.319,1159433.075,19.7,7,658049.948,1159433.356,10.48530950,76.44417150,0.364,0.040,9.4,10.0,0.0,18.4,1917,2047,RTK FIXED
51.541,082117.40,10.48530800,76.44416900,10.48530799,76.44416898,658049.323,1159433.073,108.20,658049.321,1159433.074,19.7,7,658049.948,1159433.356,10.48530950,76.44417150,0.364,0.040,9.4,10.0,0.0,18.6,1917,2047,RTK FIXED
51.587,082117.40,10.48530800,76.44416900,10.48530800,76.44416899,658049.323,1159433.073,108.20,658049.321,1159433.074,19.7,7,658049.948,1159433.356,10.48530950,76.44417150,0.364,0.040,9.4,10.0,0.0,18.9,1917,2047,RTK FIXED
51.641,082117.40,10.48530800,76.44416900,10.48530800,76.44416899,658049.323,1159433.073,108.20,658049.322,1159433.074,19.7,7,658049.948,1159433.356,10.48530950,76.44417150,0.364,0.040,9.4,10.0,0.0,18.6,1917,2047,RTK FIXED
51.688,082117.60,10.48530800,76.44416900,10.48530800,76.44416900,658049.323,1159433.073,108.20,658049.322,1159433.074,19.7,7,658049.948,1159433.356,10.48530950,76.44417150,0.364,0.043,9.3,10.0,-0.5,19.3,1908,2047,RTK FIXED
51.741,082117.60,10.48530800,76.44416900,10.48530800,76.44416900,658049.323,1159433.073,108.20,658049.323,1159433.074,19.7,7,658049.948,1159433.356,10.48530950,76.44417150,0.364,0.043,9.3,10.0,0.5,18.2,1908,2047,RTK FIXED
51.787,082117.60,10.48530800,76.44416900,10.48530800,76.44416900,658049.323,1159433.073,108.20,658049.323,1159433.074,19.7,7,658049.948,1159433.356,10.48530950,76.44417150,0.364,0.043,9.3,10.0,-0.5,18.0,1908,2047,RTK FIXED
51.840,082117.60,10.48530800,76.44416900,10.48530800,76.44416900,658049.323,1159433.073,108.20,658049.323,1159433.073,19.7,7,658049.948,1159433.356,10.48530950,76.44417150,0.364,0.043,9.3,10.0,0.0,18.7,1908,2047,RTK FIXED
51.896,082117.80,10.48530800,76.44417000,10.48530800,76.44416940,658049.432,1159433.074,108.30,658049.367,1159433.074,17.1,7,658049.948,1159433.356,10.48530950,76.44417150,0.357,0.082,8.7,10.0,0.5,18.2,1782,2047,RTK FIXED
51.941,082117.80,10.48530800,76.44417000,10.48530800,76.44416964,658049.432,1159433.074,108.30,658049.393,1159433.074,17.1,7,658049.948,1159433.356,10.48530950,76.44417150,0.357,0.082,8.7,10.0,-0.5,18.1,1782,2047,RTK FIXED
51.995,082117.80,10.48530800,76.44417000,10.48530800,76.44416978,658049.432,1159433.074,108.30,658049.409,1159433.074,17.1,7,658049.948,1159433.356,10.48530950,76.44417150,0.357,0.082,8.7,10.0,0.5,18.7,1782,2047,RTK FIXED
52.043,082118.00,10.48530900,76.44417000,10.48530840,76.44416987,658049.427,1159433.200,108.20,658049.416,1159433.124,17.1,7,658049.948,1159433.356,10.48530950,76.44417150,0.361,0.062,9.0,10.0,0.0,18.0,1848,2047,RTK FIXED
52.095,082118.00,10.48530900,76.44417000,10.48530864,76.44416992,658049.427,1159433.200,108.20,658049.420,1159433.155,17.1,7,658049.948,1159433.356,10.48530950,76.44417150,0.361,0.062,9.0,10.0,0.0,18.4,1848,2047,RTK FIXED
52.141,082118.00,10.48530900,76.44417000,10.48530878,76.44416995,658049.427,1159433.200,108.20,658049.423,1159433.173,17.1,7,658049.948,1159433.356,10.48530950,76.44417150,0.361,0.062,9.0,10.0,0.0,18.2,1848,2047,RTK FIXED
52.196,082118.20,10.48530900,76.44417000,10.48530887,76.44416997,658049.427,1159433.200,108.20,658049.425,1159433.184,29.8,7,658049.948,1159433.356,10.48530950,76.44417150,0.360,-0.066,10.0,9.0,-0.5,18.4,2047,1832,RTK FIXED
52.241,082118.20,10.48530900,76.44417000,10.48530892,76.44416998,658049.427,1159433.200,108.20,658049.426,1159433.190,29.8,7,658049.948,1159433.356,10.48530950,76.44417150,0.360,-0.066,10.0,9.0,0.0,17.5,2047,1832,RTK FIXED
52.295,082118.20,10.48530900,76.44417000,10.48530895,76.44416999,658049.427,1159433.200,108.20,658049.426,1159433.194,29.8,7,658049.948,1159433.356,10.48530950,76.44417150,0.360,-0.066,10.0,9.0,0.5,17.3,2047,1832,RTK FIXED
52.342,082118.20,10.48530900,76.44417000,10.48530897,76.44416999,658049.427,1159433.200,108.20,658049.427,1159433.197,29.8,7,658049.948,1159433.356,10.48530950,76.44417150,0.360,-0.066,10.0,9.0,0.0,17.1,2047,1832,RTK FIXED
52.396,082118.20,10.48530900,76.44417000,10.48530898,76.44417000,658049.427,1159433.200,108.20,658049.427,1159433.198,29.8,7,658049.948,1159433.356,10.48530950,76.44417150,0.360,-0.066,10.0,9.0,-0.5,17.2,2047,1832,RTK FIXED
52.450,082118.40,10.48530900,76.44417000,10.48530899,76.44417000,658049.458,1159433.124,108.20,658049.439,1159433.169,29.8,7,658049.948,1159433.356,10.48530950,76.44417150,0.362,-0.052,10.0,9.2,0.5,17.1,2047,1879,RTK FIXED
52.496,082118.40,10.48530900,76.44417000,10.48530899,76.44417000,658049.458,1159433.124,108.20,658049.447,1159433.151,29.8,7,658049.948,1159433.356,10.48530950,76.44417150,0.362,-0.052,10.0,9.2,-0.5,15.7,2047,1879,RTK FIXED
52.550,082118.40,10.48530900,76.44417000,10.48530900,76.44417000,658049.458,1159433.124,108.20,658049.451,1159433.140,29.8,7,658049.948,1159433.356,10.48530950,76.44417150,0.362,-0.052,10.0,9.2,0.5,15.9,2047,1879,RTK FIXED
52.596,082118.40,10.48530900,76.44417000,10.48530900,76.44417000,658049.458,1159433.124,108.20,658049.454,1159433.134,29.8,7,658049.948,1159433.356,10.48530950,76.44417150,0.362,-0.052,10.0,9.2,-0.5,16.2,2047,1879,RTK FIXED
52.650,082118.40,10.48530900,76.44417000,10.48530900,76.44417000,658049.458,1159433.124,108.20,658049.455,1159433.130,29.8,7,658049.948,1159433.356,10.48530950,76.44417150,0.362,-0.052,10.0,9.2,0.0,15.3,2047,1879,RTK FIXED
52.697,082118.60,10.48530900,76.44417100,10.48530900,76.44417040,658049.567,1159433.125,108.20,658049.500,1159433.128,17.1,7,658049.948,1159433.356,10.48530950,76.44417150,0.356,0.088,8.6,10.0,0.0,16.5,1766,2047,RTK FIXED
52.750,082118.60,10.48530900,76.44417100,10.48530900,76.44417064,658049.567,1159433.125,108.20,658049.527,1159433.127,17.1,7,658049.948,1159433.356,10.48530950,76.44417150,0.356,0.088,8.6,10.0,0.0,16.0,1766,2047,RTK FIXED
52.796,082118.60,10.48530900,76.44417100,10.48530900,76.44417078,658049.567,1159433.125,108.20,658049.543,1159433.126,17.1,7,658049.948,1159433.356,10.48530950,76.44417150,0.356,0.088,8.6,10.0,0.0,16.7,1766,2047,RTK FIXED
52.850,082118.60,10.48530900,76.44417100,10.48530900,76.44417087,658049.567,1159433.125,108.20,658049.553,1159433.125,17.1,7,658049.948,1159433.356,10.48530950,76.44417150,0.356,0.088,8.6,10.0,0.5,16.8,1766,2047,RTK FIXED
52.897,082118.80,10.48530900,76.44417100,10.48530900,76.44417092,658049.537,1159433.201,108.20,658049.546,1159433.155,17.1,7,658049.948,1159433.356,10.48530950,76.44417150,0.358,0.079,8.7,10.0,0.0,17.1,1791,2047,RTK FIXED
52.950,082118.80,10.48530900,76.44417100,10.48530900,76.44417095,658049.537,1159433.201,108.20,658049.542,1159433.173,17.1,7,658049.948,1159433.356,10.48530950,76.44417150,0.358,0.079,8.7,10.0,-0.5,15.4,1791,2047,RTK FIXED
52.995,082118.80,10.48530900,76.44417100,10.48530900,76.44417097,658049.537,1159433.201,108.20,658049.540,1159433.184,17.1,7,658049.948,1159433.356,10.48530950,76.44417150,0.358,0.079,8.7,10.0,0.6,17.6,1791,2047,RTK FIXED
53.050,082118.80,10.48530900,76.44417100,10.48530900,76.44417098,658049.537,1159433.201,108.20,658049.539,1159433.191,17.1,7,658049.948,1159433.356,10.48530950,76.44417150,0.358,0.079,8.7,10.0,0.0,17.4,1791,2047,RTK FIXED
53.105,082119.00,10.48531000,76.44417100,10.48530940,76.44417099,658049.536,1159433.311,108.20,658049.538,1159433.239,32.3,7,658049.948,1159433.356,10.48530950,76.44417150,0.352,-0.089,10.0,8.6,-0.5,16.9,2047,1758,RTK FIXED
53.152,082119.00,10.48531000,76.44417100,10.48530964,76.44417099,658049.536,1159433.311,108.20,658049.537,1159433.268,32.3,7,658049.948,1159433.356,10.48530950,76.44417150,0.352,-0.089,10.0,8.6,0.5,17.6,2047,1758,RTK FIXED
53.207,082119.20,10.48531000,76.44417200,10.48530978,76.44417140,658049.684,1159433.222,108.20,658049.596,1159433.250,32.3,8,658051.203,1159434.080,10.48531600,76.44418300,0.363,-0.051,10.0,9.2,-0.5,17.2,2047,1882,RTK FIXED
53.251,082119.20,10.48531000,76.44417200,10.48530987,76.44417164,658049.684,1159433.222,108.20,658049.631,1159433.239,32.3,8,658051.203,1159434.080,10.48531600,76.44418300,0.363,-0.051,10.0,9.2,0.0,15.6,2047,1882,RTK FIXED
53.305,082119.20,10.48531000,76.44417200,10.48530992,76.44417178,658049.684,1159433.222,108.20,658049.652,1159433.232,32.3,8,658051.203,1159434.080,10.48531600,76.44418300,0.363,-0.051,10.0,9.2,0.0,16.0,2047,1882,RTK FIXED
53.351,082119.20,10.48531000,76.44417200,10.48530995,76.44417187,658049.684,1159433.222,108.20,658049.665,1159433.228,32.3,8,658051.203,1159434.080,10.48531600,76.44418300,0.363,-0.051,10.0,9.2,0.0,14.4,2047,1882,RTK FIXED
53.404,082119.40,10.48531000,76.44417200,10.48530997,76.44417192,658049.684,1159433.222,108.20,658049.672,1159433.226,22.7,8,658051.203,1159434.080,10.48531600,76.44418300,0.363,0.044,9.3,10.0,0.5,15.4,1902,2047,RTK FIXED
53.451,082119.40,10.48531000,76.44417200,10.48530998,76.44417195,658049.684,1159433.222,108.20,658049.677,1159433.224,22.7,8,658051.203,1159434.080,10.48531600,76.44418300,0.363,0.044,9.3,10.0,-0.5,15.4,1902,2047,RTK FIXED
53.504,082119.40,10.48531000,76.44417200,10.48530999,76.44417197,658049.684,1159433.222,108.20,658049.680,1159433.223,22.7,8,658051.203,1159434.080,10.48531600,76.44418300,0.363,0.044,9.3,10.0,0.5,15.8,1902,2047,RTK FIXED
53.551,082119.40,10.48531000,76.44417200,10.48530999,76.44417198,658049.684,1159433.222,108.20,658049.681,1159433.223,22.7,8,658051.203,1159434.080,10.48531600,76.44418300,0.363,0.044,9.3,10.0,0.0,17.2,1902,2047,RTK FIXED
53.604,082119.40,10.48531000,76.44417200,10.48531000,76.44417199,658049.684,1159433.222,108.20,658049.682,1159433.223,22.7,8,658051.203,1159434.080,10.48531600,76.44418300,0.363,0.044,9.3,10.0,0.0,16.8,1902,2047,RTK FIXED
53.659,082119.60,10.48531000,76.44417200,10.48531000,76.44417199,658049.657,1159433.278,108.20,658049.672,1159433.245,22.7,8,658051.203,1159434.080,10.48531600,76.44418300,0.364,0.038,9.4,10.0,0.0,17.4,1923,2047,RTK FIXED
53.705,082119.60,10.48531000,76.44417200,10.48531000,76.44417200,658049.657,1159433.278,108.20,658049.666,1159433.258,22.7,8,658051.203,1159434.080,10.48531600,76.44418300,0.364,0.038,9.4,10.0,-0.5,17.5,1923,2047,RTK FIXED
53.759,082119.60,10.48531000,76.44417200,10.48531000,76.44417200,658049.657,1159433.278,108.20,658049.662,1159433.266,22.7,8,658051.203,1159434.080,10.48531600,76.44418300,0.364,0.038,9.4,10.0,0.0,18.0,1923,2047,RTK FIXED
53.805,082119.60,10.48531000,76.44417200,10.48531000,76.44417200,658049.657,1159433.278,108.20,658049.660,1159433.271,22.7,8,658051.203,1159434.080,10.48531600,76.44418300,0.364,0.038,9.4,10.0,0.0,17.9,1923,2047,RTK FIXED
53.859,082119.80,10.48531000,76.44417300,10.48531000,76.44417240,658049.766,1159433.278,108.20,658049.703,1159433.274,22.7,8,658051.203,1159434.080,10.48531600,76.44418300,0.363,0.044,9.3,10.0,0.5,17.9,1905,2047,RTK FIXED
53.904,082119.80,10.48531000,76.44417300,10.48531000,76.44417264,658049.766,1159433.278,108.20,658049.728,1159433.275,22.7,8,658051.203,1159434.080,10.48531600,76.44418300,0.363,0.044,9.3,10.0,0.0,17.8,1905,2047,RTK FIXED
53.959,082119.80,10.48531000,76.44417300,10.48531000,76.44417278,658049.766,1159433.278,108.20,658049.743,1159433.277,22.7,8,658051.203,1159434.080,10.48531600,76.44418300,0.363,0.044,9.3,10.0,0.0,18.2,1905,2047,RTK FIXED
54.005,082119.80,10.48531000,76.44417300,10.48531000,76.44417287,658049.766,1159433.278,108.20,658049.753,1159433.277,22.7,8,658051.203,1159434.080,10.48531600,76.44418300,0.363,0.044,9.3,10.0,0.0,18.0,1905,2047,RTK FIXED
54.060,082119.80,10.48531000,76.44417300,10.48531000,76.44417292,658049.766,1159433.278,108.20,658049.758,1159433.278,22.7,8,658051.203,1159434.080,10.48531600,76.44418300,0.363,0.044,9.3,10.0,0.0,18.2,1905,2047,RTK FIXED
54.105,082120.00,10.48531000,76.44417300,10.48531000,76.44417295,658049.766,1159433.278,108.20,658049.761,1159433.278,23.3,8,658051.203,1159434.080,10.48531600,76.44418300,0.364,0.042,9.3,10.0,-0.5,18.0,1910,2047,RTK FIXED
54.159,082120.20,10.48531100,76.44417300,10.48531040,76.44417297,658049.767,1159433.385,108.20,658049.764,1159433.321,23.3,8,658051.203,1159434.080,10.48531600,76.44418300,0.365,0.024,9.6,10.0,0.0,17.6,1969,2047,RTK FIXED
54.205,082120.20,10.48531100,76.44417300,10.48531064,76.44417298,658049.767,1159433.385,108.20,658049.765,1159433.347,23.3,8,658051.203,1159434.080,10.48531600,76.44418300,0.365,0.024,9.6,10.0,0.5,18.1,1969,2047,RTK FIXED
54.259,082120.20,10.48531100,76.44417300,10.48531078,76.44417299,658049.767,1159433.385,108.20,658049.766,1159433.362,23.3,8,658051.203,1159434.080,10.48531600,76.44418300,0.365,0.024,9.6,10.0,0.0,18.0,1969,2047,RTK FIXED
54.313,082120.20,10.48531100,76.44417300,10.48531087,76.44417299,658049.767,1159433.385,108.20,658049.766,1159433.371,23.3,8,658051.203,1159434.080,10.48531600,76.44418300,0.365,0.024,9.6,10.0,0.0,18.1,1969,2047,RTK FIXED
54.360,082120.40,10.48531100,76.44417400,10.48531092,76.44417340,658049.877,1159433.386,108.20,658049.810,1159433.377,30.1,8,658051.203,1159434.080,10.48531600,76.44418300,0.364,-0.039,10.0,9.4,0.0,19.2,2047,1920,RTK FIXED
54.413,082120.40,10.48531100,76.44417400,10.48531095,76.44417364,658049.877,1159433.386,108.20,658049.837,1159433.381,30.1,8,658051.203,1159434.080,10.48531600,76.44418300,0.364,-0.039,10.0,9.4,0.0,18.6,2047,1920,RTK FIXED
54.460,082120.40,10.48531100,76.44417400,10.48531097,76.44417378,658049.877,1159433.386,108.20,658049.853,1159433.383,30.1,8,658051.203,1159434.080,10.48531600,76.44418300,0.364,-0.039,10.0,9.4,0.0,18.4,2047,1920,RTK FIXED
54.512,082120.40,10.48531100,76.44417400,10.48531098,76.44417387,658049.877,1159433.386,108.20,658049.862,1159433.384,30.1,8,658051.203,1159434.080,10.48531600,76.44418300,0.364,-0.039,10.0,9.4,-0.5,17.0,2047,1920,RTK FIXED
54.559,082120.40,10.48531100,76.44417400,10.48531099,76.44417392,658049.877,1159433.386,108.20,658049.868,1159433.385,30.1,8,658051.203,1159434.080,10.48531600,76.44418300,0.364,-0.039,10.0,9.4,0.5,17.6,2047,1920,RTK FIXED
54.613,082120.40,10.48531100,76.44417400,10.48531099,76.44417395,658049.877,1159433.386,108.20,658049.871,1159433.385,30.1,8,658051.203,1159434.080,10.48531600,76.44418300,0.364,-0.039,10.0,9.4,-0.5,17.3,2047,1920,RTK FIXED
54.660,082120.60,10.48531100,76.44417400,10.48531100,76.44417397,658049.895,1159433.346,108.20,658049.881,1159433.369,30.1,8,658051.203,1159434.080,10.48531600,76.44418300,0.365,-0.029,10.0,9.5,0.5,18.0,2047,1952,RTK FIXED
54.713,082120.60,10.48531100,76.44417400,10.48531100,76.44417398,658049.895,1159433.346,108.20,658049.887,1159433.360,30.1,8,658051.203,1159434.080,10.48531600,76.44418300,0.365,-0.029,10.0,9.5,0.0,18.7,2047,1952,RTK FIXED
54.760,082120.60,10.48531100,76.44417400,10.48531100,76.44417399,658049.895,1159433.346,108.20,658049.890,1159433.355,30.1,8,658051.203,1159434.080,10.48531600,76.44418300,0.365,-0.029,10.0,9.5,-0.5,18.3,2047,1952,RTK FIXED
54.813,082120.60,10.48531100,76.44417400,10.48531100,76.44417399,658049.895,1159433.346,108.20,658049.892,1159433.351,30.1,8,658051.203,1159434.080,10.48531600,76.44418300,0.365,-0.029,10.0,9.5,0.0,17.9,2047,1952,RTK FIXED
54.860,082120.80,10.48531100,76.44417400,10.48531100,76.44417400,658049.895,1159433.346,108.20,658049.893,1159433.349,30.1,8,658051.203,1159434.080,10.48531600,76.44418300,0.365,-0.023,10.0,9.6,0.5,17.9,2047,1972,RTK FIXED
54.914,082120.80,10.48531100,76.44417400,10.48531100,76.44417400,658049.895,1159433.346,108.20,658049.894,1159433.348,30.1,8,658051.203,1159434.080,10.48531600,76.44418300,0.365,-0.023,10.0,9.6,0.0,17.2,2047,1972,RTK FIXED
54.967,082120.80,10.48531100,76.44417400,10.48531100,76.44417400,658049.895,1159433.346,108.20,658049.895,1159433.347,30.1,8,658051.203,1159434.080,10.48531600,76.44418300,0.365,-0.023,10.0,9.6,-0.5,17.4,2047,1972,RTK FIXED
55.014,082120.80,10.48531100,76.44417400,10.48531100,76.44417400,658049.895,1159433.346,108.20,658049.895,1159433.347,30.1,8,658051.203,1159434.080,10.48531600,76.44418300,0.365,-0.023,10.0,9.6,0.0,17.8,2047,1972,RTK FIXED
55.068,082121.00,10.48531100,76.44417500,10.48531100,76.44417440,658050.005,1159433.347,108.20,658049.939,1159433.347,21.5,8,658051.203,1159434.080,10.48531600,76.44418300,0.359,0.073,8.8,10.0,0.0,18.4,1811,2047,RTK FIXED
55.114,082121.00,10.48531100,76.44417500,10.48531100,76.44417464,658050.005,1159433.347,108.20,658049.965,1159433.347,21.5,8,658051.203,1159434.080,10.48531600,76.44418300,0.359,0.073,8.8,10.0,0.5,18.1,1811,2047,RTK FIXED
55.168,082121.20,10.48531100,76.44417500,10.48531100,76.44417478,658049.982,1159433.397,108.20,658049.972,1159433.367,21.5,8,658051.203,1159434.080,10.48531600,76.44418300,0.360,0.069,8.9,10.0,-0.5,18.4,1823,2047,RTK FIXED
55.214,082121.20,10.48531100,76.44417500,10.48531100,76.44417487,658049.982,1159433.397,108.20,658049.976,1159433.379,21.5,8,658051.203,1159434.080,10.48531600,76.44418300,0.360,0.069,8.9,10.0,0.0,17.5,1823,2047,RTK FIXED
55.268,082121.20,10.48531100,76.44417500,10.48531100,76.44417492,658049.982,1159433.397,108.20,658049.978,1159433.386,21.5,8,658051.203,1159434.080,10.48531600,76.44418300,0.360,0.069,8.9,10.0,0.0,16.7,1823,2047,RTK FIXED
55.314,082121.20,10.48531100,76.44417500,10.48531100,76.44417495,658049.982,1159433.397,108.20,658049.980,1159433.391,21.5,8,658051.203,1159434.080,10.48531600,76.44418300,0.360,0.069,8.9,10.0,0.0,17.3,1823,2047,RTK FIXED
55.368,082121.40,10.48531200,76.44417500,10.48531140,76.44417497,658049.981,1159433.508,108.20,658049.980,1159433.438,33.6,8,658051.203,1159434.080,10.48531600,76.44418300,0.360,-0.069,10.0,8.9,0.0,18.4,2047,1823,RTK FIXED
55.414,082121.40,10.48531200,76.44417500,10.48531164,76.44417498,658049.981,1159433.508,108.20,658049.981,1159433.466,33.6,8,658051.203,1159434.080,10.48531600,76.44418300,0.360,-0.069,10.0,8.9,0.0,18.2,2047,1823,RTK FIXED
55.468,082121.40,10.48531200,76.44417500,10.48531178,76.44417499,658049.981,1159433.508,108.20,658049.981,1159433.483,33.6,8,658051.203,1159434.080,10.48531600,76.44418300,0.360,-0.069,10.0,8.9,0.5,18.0,2047,1823,RTK FIXED
55.522,082121.40,10.48531200,76.44417500,10.48531187,76.44417499,658049.981,1159433.508,108.20,658049.981,1159433.493,33.6,8,658051.203,1159434.080,10.48531600,76.44418300,0.360,-0.069,10.0,8.9,0.0,16.2,2047,1823,RTK FIXED
55.568,082121.40,10.48531200,76.44417500,10.48531192,76.44417500,658049.981,1159433.508,108.20,658049.981,1159433.499,33.6,8,658051.203,1159434.080,10.48531600,76.44418300,0.360,-0.069,10.0,8.9,-0.5,15.7,2047,1823,RTK FIXED
55.622,082121.40,10.48531200,76.44417500,10.48531195,76.44417500,658049.981,1159433.508,108.20,658049.981,1159433.502,33.6,8,658051.203,1159434.080,10.48531600,76.44418300,0.360,-0.069,10.0,8.9,0.5,16.7,2047,1823,RTK FIXED
55.669,082121.60,10.48531200,76.44417600,10.48531197,76.44417540,658050.125,1159433.438,108.20,658050.039,1159433.477,33.6,8,658051.203,1159434.080,10.48531600,76.44418300,0.363,-0.050,10.0,9.2,-0.5,16.6,2047,1885,RTK FIXED
55.722,082121.60,10.48531200,76.44417600,10.48531198,76.44417564,658050.125,1159433.438,108.20,658050.073,1159433.461,33.6,8,658051.203,1159434.080,10.48531600,76.44418300,0.363,-0.050,10.0,9.2,0.0,16.4,2047,1885,RTK FIXED
55.768,082121.60,10.48531200,76.44417600,10.48531199,76.44417578,658050.125,1159433.438,108.20,658050.094,1159433.452,33.6,8,658051.203,1159434.080,10.48531600,76.44418300,0.363,-0.050,10.0,9.2,0.5,15.7,2047,1885,RTK FIXED
55.822,082121.60,10.48531200,76.44417600,10.48531199,76.44417587,658050.125,1159433.438,108.20,658050.107,1159433.446,33.6,8,658051.203,1159434.080,10.48531600,76.44418300,0.363,-0.050,10.0,9.2,0.0,16.3,2047,1885,RTK FIXED
55.869,082121.80,10.48531200,76.44417600,10.48531200,76.44417592,658050.125,1159433.438,108.20,658050.114,1159433.443,25.1,8,658051.203,1159434.080,10.48531600,76.44418300,0.364,0.039,9.4,10.0,-0.5,16.0,1919,2047,RTK FIXED
55.922,082121.80,10.48531200,76.44417600,10.48531200,76.44417595,658050.125,1159433.438,108.20,658050.118,1159433.441,25.1,8,658051.203,1159434.080,10.48531600,76.44418300,0.364,0.039,9.4,10.0,0.0,16.0,1919,2047,RTK FIXED
55.968,082121.80,10.48531200,76.44417600,10.48531200,76.44417597,658050.125,1159433.438,108.20,658050.121,1159433.440,25.1,8,658051.203,1159434.080,10.48531600,76.44418300,0.364,0.039,9.4,10.0,0.5,16.2,1919,2047,RTK FIXED
56.023,082121.80,10.48531200,76.44417600,10.48531200,76.44417598,658050.125,1159433.438,108.20,658050.123,1159433.439,25.1,8,658051.203,1159434.080,10.48531600,76.44418300,0.364,0.039,9.4,10.0,0.0,15.8,1919,2047,RTK FIXED
56.077,082122.00,10.48531200,76.44417600,10.48531200,76.44417599,658050.099,1159433.487,108.20,658050.113,1159433.458,25.1,8,658051.203,1159434.080,10.48531600,76.44418300,0.365,0.031,9.5,10.0,-0.5,15.6,1946,2047,RTK FIXED
56.123,082122.00,10.48531200,76.44417600,10.48531200,76.44417599,658050.099,1159433.487,108.20,658050.108,1159433.470,25.1,8,658051.203,1159434.080,10.48531600,76.44418300,0.365,0.031,9.5,10.0,0.5,17.5,1946,2047,RTK FIXED
56.177,082122.20,10.48531200,76.44417600,10.48531200,76.44417600,658050.099,1159433.487,108.20,658050.105,1159433.476,25.1,8,658051.203,1159434.080,10.48531600,76.44418300,0.365,0.026,9.6,10.0,0.0,17.9,1962,2047,RTK FIXED
56.223,082122.20,10.48531200,76.44417600,10.48531200,76.44417600,658050.099,1159433.487,108.20,658050.103,1159433.480,25.1,8,658051.203,1159434.080,10.48531600,76.44418300,0.365,0.026,9.6,10.0,0.0,17.5,1962,2047,RTK FIXED
56.277,082122.20,10.48531200,76.44417600,10.48531200,76.44417600,658050.099,1159433.487,108.20,658050.101,1159433.483,25.1,8,658051.203,1159434.080,10.48531600,76.44418300,0.365,0.026,9.6,10.0,-0.5,17.7,1962,2047,RTK FIXED
56.323,082122.20,10.48531200,76.44417600,10.48531200,76.44417600,658050.099,1159433.487,108.20,658050.101,1159433.484,25.1,8,658051.203,1159434.080,10.48531600,76.44418300,0.365,0.026,9.6,10.0,0.0,18.4,1962,2047,RTK FIXED
56.376,082122.40,10.48531200,76.44417700,10.48531200,76.44417640,658050.209,1159433.487,108.20,658050.144,1159433.486,26.9,8,658051.203,1159434.080,10.48531600,76.44418300,0.365,0.022,9.7,10.0,0.5,17.7,1975,2047,RTK FIXED
56.423,082122.40,10.48531200,76.44417700,10.48531200,76.44417664,658050.209,1159433.487,108.20,658050.170,1159433.486,26.9,8,658051.203,1159434.080,10.48531600,76.44418300,0.365,0.022,9.7,10.0,-0.5,17.8,1975,2047,RTK FIXED
56.477,082122.40,10.48531200,76.44417700,10.48531200,76.44417678,658050.209,1159433.487,108.20,658050.186,1159433.487,26.9,8,658051.203,1159434.080,10.48531600,76.44418300,0.365,0.022,9.7,10.0,0.0,17.7,1975,2047,RTK FIXED
56.523,082122.40,10.48531200,76.44417700,10.48531200,76.44417687,658050.209,1159433.487,108.20,658050.195,1159433.487,26.9,8,658051.203,1159434.080,10.48531600,76.44418300,0.365,0.022,9.7,10.0,0.5,17.4,1975,2047,RTK FIXED
56.577,082122.40,10.48531200,76.44417700,10.48531200,76.44417692,658050.209,1159433.487,108.20,658050.201,1159433.487,26.9,8,658051.203,1159434.080,10.48531600,76.44418300,0.365,0.022,9.7,10.0,-0.5,17.5,1975,2047,RTK FIXED
56.632,082122.40,10.48531200,76.44417700,10.48531200,76.44417695,658050.209,1159433.487,108.20,658050.204,1159433.487,26.9,8,658051.203,1159434.080,10.48531600,76.44418300,0.365,0.022,9.7,10.0,0.0,17.3,1975,2047,RTK FIXED
56.677,082122.60,10.48531300,76.44417700,10.48531240,76.44417697,658050.213,1159433.587,108.20,658050.208,1159433.527,26.9,8,658051.203,1159434.080,10.48531600,76.44418300,0.366,0.006,9.9,10.0,0.0,17.6,2029,2047,RTK FIXED
56.731,082122.60,10.48531300,76.44417700,10.48531264,76.44417698,658050.213,1159433.587,108.20,658050.210,1159433.551,26.9,8,658051.203,1159434.080,10.48531600,76.44418300,0.366,0.006,9.9,10.0,0.5,18.1,2029,2047,RTK FIXED
56.777,082122.60,10.48531300,76.44417700,10.48531278,76.44417699,658050.213,1159433.587,108.20,658050.211,1159433.566,26.9,8,658051.203,1159434.080,10.48531600,76.44418300,0.366,0.006,9.9,10.0,-0.5,17.9,2029,2047,RTK FIXED
56.832,082122.60,10.48531300,76.44417700,10.48531287,76.44417699,658050.213,1159433.587,108.20,658050.212,1159433.574,26.9,8,658051.203,1159434.080,10.48531600,76.44418300,0.366,0.006,9.9,10.0,0.5,17.8,2029,2047,RTK FIXED
56.878,082122.80,10.48531300,76.44417700,10.48531292,76.44417700,658050.213,1159433.587,108.20,658050.213,1159433.579,35.4,8,658051.203,1159434.080,10.48531600,76.44418300,0.357,-0.082,10.0,8.7,-0.5,17.3,2047,1784,RTK FIXED
56.931,082122.80,10.48531300,76.44417700,10.48531295,76.44417700,658050.213,1159433.587,108.20,658050.213,1159433.583,35.4,8,658051.203,1159434.080,10.48531600,76.44418300,0.357,-0.082,10.0,8.7,0.0,17.9,2047,1784,RTK FIXED
56.976,082122.80,10.48531300,76.44417700,10.48531297,76.44417700,658050.213,1159433.587,108.20,658050.213,1159433.584,35.4,8,658051.203,1159434.080,10.48531600,76.44418300,0.357,-0.082,10.0,8.7,0.5,17.6,2047,1784,RTK FIXED
57.031,082122.80,10.48531300,76.44417700,10.48531298,76.44417700,658050.213,1159433.587,108.20,658050.213,1159433.585,35.4,8,658051.203,1159434.080,10.48531600,76.44418300,0.357,-0.082,10.0,8.7,0.0,17.4,2047,1784,RTK FIXED
57.078,082123.00,10.48531300,76.44417800,10.48531299,76.44417740,658050.350,1159433.540,108.20,658050.268,1159433.567,35.4,8,658051.203,1159434.080,10.48531600,76.44418300,0.362,-0.057,10.0,9.1,-0.5,17.2,2047,1861,RTK FIXED
57.132,082123.00,10.48531300,76.44417800,10.48531299,76.44417764,658050.350,1159433.540,108.20,658050.301,1159433.556,35.4,8,658051.203,1159434.080,10.48531600,76.44418300,0.362,-0.057,10.0,9.1,0.0,16.2,2047,1861,RTK FIXED
57.185,082123.20,10.48531300,76.44417800,10.48531300,76.44417778,658050.350,1159433.540,108.20,658050.320,1159433.550,24.1,8,658051.203,1159434.080,10.48531600,76.44418300,0.361,0.061,9.0,10.0,0.0,15.4,1850,2047,RTK FIXED
57.232,082123.20,10.48531300,76.44417800,10.48531300,76.44417787,658050.350,1159433.540,108.20,658050.332,1159433.546,24.1,8,658051.203,1159434.080,10.48531600,76.44418300,0.361,0.061,9.0,10.0,0.5,15.8,1850,2047,RTK FIXED
57.284,082123.20,10.48531300,76.44417800,10.48531300,76.44417792,658050.350,1159433.540,108.20,658050.339,1159433.543,24.1,8,658051.203,1159434.080,10.48531600,76.44418300,0.361,0.061,9.0,10.0,0.0,16.4,1850,2047,RTK FIXED
57.337,082123.20,10.48531300,76.44417800,10.48531300,76.44417795,658050.350,1159433.540,108.20,658050.344,1159433.542,24.1,8,658051.203,1159434.080,10.48531600,76.44418300,0.361,0.061,9.0,10.0,0.0,17.6,1850,2047,RTK FIXED
57.386,082123.40,10.48531300,76.44417800,10.48531300,76.44417797,658050.315,1159433.604,108.20,658050.332,1159433.567,24.1,8,658051.203,1159434.080,10.48531600,76.44418300,0.363,0.049,9.2,10.0,0.0,14.7,1887,2047,RTK FIXED
57.431,082123.40,10.48531300,76.44417800,10.48531300,76.44417798,658050.315,1159433.604,108.20,658050.325,1159433.582,24.1,8,658051.203,1159434.080,10.48531600,76.44418300,0.363,0.049,9.2,10.0,-0.5,16.3,1887,2047,RTK FIXED
57.485,082123.40,10.48531300,76.44417800,10.48531300,76.44417799,658050.315,1159433.604,108.20,658050.321,1159433.591,24.1,8,658051.203,1159434.080,10.48531600,76.44418300,0.363,0.049,9.2,10.0,0.5,17.7,1887,2047,RTK FIXED
57.531,082123.40,10.48531300,76.44417800,10.48531300,76.44417799,658050.315,1159433.604,108.20,658050.319,1159433.596,24.1,8,658051.203,1159434.080,10.48531600,76.44418300,0.363,0.049,9.2,10.0,0.0,17.8,1887,2047,RTK FIXED
57.585,082123.40,10.48531300,76.44417800,10.48531300,76.44417800,658050.315,1159433.604,108.20,658050.318,1159433.600,24.1,8,658051.203,1159434.080,10.48531600,76.44418300,0.363,0.049,9.2,10.0,0.0,18.3,1887,2047,RTK FIXED
57.632,082123.40,10.48531300,76.44417800,10.48531300,76.44417800,658050.315,1159433.604,108.20,658050.317,1159433.601,24.1,8,658051.203,1159434.080,10.48531600,76.44418300,0.363,0.049,9.2,10.0,-0.5,17.6,1887,2047,RTK FIXED
57.686,082123.60,10.48531400,76.44417900,10.48531340,76.44417840,658050.424,1159433.715,108.20,658050.360,1159433.647,33.3,8,658051.203,1159434.080,10.48531600,76.44418300,0.362,-0.053,10.0,9.2,0.5,18.4,2047,1875,RTK FIXED
57.732,082123.60,10.48531400,76.44417900,10.48531364,76.44417864,658050.424,1159433.715,108.20,658050.386,1159433.674,33.3,8,658051.203,1159434.080,10.48531600,76.44418300,0.362,-0.053,10.0,9.2,-0.5,18.0,2047,1875,RTK FIXED
57.786,082123.60,10.48531400,76.44417900,10.48531378,76.44417878,658050.424,1159433.715,108.20,658050.401,1159433.691,33.3,8,658051.203,1159434.080,10.48531600,76.44418300,0.362,-0.053,10.0,9.2,0.0,17.7,2047,1875,RTK FIXED
57.840,082123.60,10.48531400,76.44417900,10.48531387,76.44417887,658050.424,1159433.715,108.20,658050.410,1159433.701,33.3,8,658051.203,1159434.080,10.48531600,76.44418300,0.362,-0.053,10.0,9.2,0.0,18.1,2047,1875,RTK FIXED
57.886,082123.80,10.48531400,76.44417900,10.48531392,76.44417892,658050.451,1159433.662,108.20,658050.427,1159433.685,33.3,8,658051.203,1159434.080,10.48531600,76.44418300,0.363,-0.048,10.0,9.2,0.0,17.2,2047,1892,RTK FIXED
57.940,082123.80,10.48531400,76.44417900,10.48531395,76.44417895,658050.451,1159433.662,108.20,658050.437,1159433.676,33.3,8,658051.203,1159434.080,10.48531600,76.44418300,0.363,-0.048,10.0,9.2,0.0,17.2,2047,1892,RTK FIXED
57.986,082123.80,10.48531400,76.44417900,10.48531397,76.44417897,658050.451,1159433.662,108.20,658050.443,1159433.671,33.3,8,658051.203,1159434.080,10.48531600,76.44418300,0.363,-0.048,10.0,9.2,0.0,16.9,2047,1892,RTK FIXED
58.041,082123.80,10.48531400,76.44417900,10.48531398,76.44417898,658050.451,1159433.662,108.20,658050.446,1159433.667,33.3,8,658051.203,1159434.080,10.48531600,76.44418300,0.363,-0.048,10.0,9.2,0.0,16.8,2047,1892,RTK FIXED
58.086,082124.00,10.48531400,76.44417900,10.48531399,76.44417899,658050.451,1159433.662,108.20,658050.448,1159433.665,33.3,8,658051.203,1159434.080,10.48531600,76.44418300,0.363,-0.044,10.0,9.3,0.6,17.6,2047,1902,RTK FIXED
58.139,082124.00,10.48531400,76.44417900,10.48531399,76.44417899,658050.451,1159433.662,108.20,658050.450,1159433.664,33.3,8,658051.203,1159434.080,10.48531600,76.44418300,0.363,-0.044,10.0,9.3,0.0,17.4,2047,1902,RTK FIXED
58.187,082124.20,10.48531400,76.44418000,10.48531400,76.44417940,658050.561,1159433.663,108.20,658050.494,1159433.664,27.2,8,658051.203,1159434.080,10.48531600,76.44418300,0.365,0.028,9.6,10.0,-0.5,16.9,1955,2047,RTK FIXED
58.240,082124.20,10.48531400,76.44418000,10.48531400,76.44417964,658050.561,1159433.663,108.20,658050.521,1159433.663,27.2,8,658051.203,1159434.080,10.48531600,76.44418300,0.365,0.028,9.6,10.0,0.5,16.4,1955,2047,RTK FIXED
58.286,082124.20,10.48531400,76.44418000,10.48531400,76.44417978,658050.561,1159433.663,108.20,658050.537,1159433.663,27.2,8,658051.203,1159434.080,10.48531600,76.44418300,0.365,0.028,9.6,10.0,-0.5,17.4,1955,2047,RTK FIXED
58.340,082124.20,10.48531400,76.44418000,10.48531400,76.44417987,658050.561,1159433.663,108.20,658050.546,1159433.663,27.2,8,658051.203,1159434.080,10.48531600,76.44418300,0.365,0.028,9.6,10.0,0.5,16.7,1955,2047,RTK FIXED
58.386,082124.40,10.48531400,76.44418000,10.48531400,76.44417992,658050.542,1159433.697,108.20,658050.545,1159433.677,27.2,8,658051.203,1159434.080,10.48531600,76.44418300,0.365,0.027,9.6,10.0,-0.5,17.4,1958,2047,RTK FIXED
58.440,082124.40,10.48531400,76.44418000,10.48531400,76.44417995,658050.542,1159433.697,108.20,658050.544,1159433.685,27.2,8,658051.203,1159434.080,10.48531600,76.44418300,0.365,0.027,9.6,10.0,0.5,16.8,1958,2047,RTK FIXED
58.493,082124.40,10.48531400,76.44418000,10.48531400,76.44417997,658050.542,1159433.697,108.20,658050.543,1159433.690,27.2,8,658051.203,1159434.080,10.48531600,76.44418300,0.365,0.027,9.6,10.0,0.0,18.2,1958,2047,RTK FIXED
58.539,082124.40,10.48531400,76.44418000,10.48531400,76.44417998,658050.542,1159433.697,108.20,658050.543,1159433.693,27.2,8,658051.203,1159434.080,10.48531600,76.44418300,0.365,0.027,9.6,10.0,0.0,18.4,1958,2047,RTK FIXED
58.595,082124.40,10.48531400,76.44418000,10.48531400,76.44417999,658050.542,1159433.697,108.20,658050.542,1159433.695,27.2,8,658051.203,1159434.080,10.48531600,76.44418300,0.365,0.027,9.6,10.0,0.0,18.5,1958,2047,RTK FIXED
58.640,082124.40,10.48531400,76.44418000,10.48531400,76.44417999,658050.542,1159433.697,108.20,658050.542,1159433.696,27.2,8,658051.203,1159434.080,10.48531600,76.44418300,0.365,0.027,9.6,10.0,0.0,18.6,1958,2047,RTK FIXED
58.695,082124.60,10.48531400,76.44418000,10.48531400,76.44418000,658050.542,1159433.697,108.20,658050.542,1159433.696,27.2,8,658051.203,1159434.080,10.48531600,76.44418300,0.365,0.027,9.6,10.0,0.0,18.4,1959,2047,RTK FIXED
58.740,082124.60,10.48531400,76.44418000,10.48531400,76.44418000,658050.542,1159433.697,108.20,658050.542,1159433.697,27.2,8,658051.203,1159434.080,10.48531600,76.44418300,0.365,0.027,9.6,10.0,0.0,18.1,1959,2047,RTK FIXED
58.793,082124.60,10.48531400,76.44418000,10.48531400,76.44418000,658050.542,1159433.697,108.20,658050.542,1159433.697,27.2,8,658051.203,1159434.080,10.48531600,76.44418300,0.365,0.027,9.6,10.0,0.0,18.4,1959,2047,RTK FIXED
58.840,082124.60,10.48531400,76.44418000,10.48531400,76.44418000,658050.542,1159433.697,108.20,658050.542,1159433.697,27.2,8,658051.203,1159434.080,10.48531600,76.44418300,0.365,0.027,9.6,10.0,0.0,18.3,1959,2047,RTK FIXED
58.895,082124.80,10.48531400,76.44418100,10.48531400,76.44418040,658050.651,1159433.698,108.30,658050.586,1159433.698,24.7,8,658051.203,1159434.080,10.48531600,76.44418300,0.361,0.064,9.0,10.0,-0.5,18.2,1840,2047,RTK FIXED
58.941,082124.80,10.48531400,76.44418100,10.48531400,76.44418064,658050.651,1159433.698,108.30,658050.612,1159433.698,24.7,8,658051.203,1159434.080,10.48531600,76.44418300,0.361,0.064,9.0,10.0,0.5,18.0,1840,2047,RTK FIXED
58.995,082124.80,10.48531400,76.44418100,10.48531400,76.44418078,658050.651,1159433.698,108.30,658050.628,1159433.698,24.7,8,658051.203,1159434.080,10.48531600,76.44418300,0.361,0.064,9.0,10.0,-0.5,18.0,1840,2047,RTK FIXED
59.048,082124.80,10.48531400,76.44418100,10.48531400,76.44418087,658050.651,1159433.698,108.30,658050.637,1159433.698,24.7,8,658051.203,1159434.080,10.48531600,76.44418300,0.361,0.064,9.0,10.0,0.5,18.2,1840,2047,RTK FIXED
59.096,082125.00,10.48531500,76.44418100,10.48531440,76.44418092,658050.644,1159433.823,108.30,658050.640,1159433.748,24.7,8,658051.203,1159434.080,10.48531600,76.44418300,0.364,0.042,9.3,10.0,-0.5,18.5,1911,2047,RTK FIXED
59.148,082125.00,10.48531500,76.44418100,10.48531464,76.44418095,658050.644,1159433.823,108.30,658050.642,1159433.778,24.7,8,658051.203,1159434.080,10.48531600,76.44418300,0.364,0.042,9.3,10.0,0.5,17.9,1911,2047,RTK FIXED
59.195,082125.20,10.48531500,76.44418100,10.48531478,76.44418097,658050.644,1159433.823,108.30,658050.643,1159433.796,35.7,8,658051.203,1159434.080,10.48531600,76.44418300,0.359,-0.071,10.0,8.9,-0.5,17.7,2047,1817,RTK FIXED
59.249,082125.20,10.48531500,76.44418100,10.48531487,76.44418098,658050.644,1159433.823,108.30,658050.643,1159433.807,35.7,8,658051.203,1159434.080,10.48531600,76.44418300,0.359,-0.071,10.0,8.9,0.5,17.7,2047,1817,RTK FIXED
59.295,082125.20,10.48531500,76.44418100,10.48531492,76.44418099,658050.644,1159433.823,108.30,658050.644,1159433.813,35.7,8,658051.203,1159434.080,10.48531600,76.44418300,0.359,-0.071,10.0,8.9,-0.5,17.4,2047,1817,RTK FIXED
59.353,082125.20,10.48531500,76.44418100,10.48531495,76.44418099,658050.644,1159433.823,108.30,658050.644,1159433.817,35.7,8,658051.203,1159434.080,10.48531600,76.44418300,0.359,-0.071,10.0,8.9,0.0,16.4,2047,1817,RTK FIXED
59.395,082125.40,10.48531500,76.44418200,10.48531497,76.44418140,658050.788,1159433.761,108.30,658050.702,1159433.795,35.7,8,658051.203,1159434.080,10.48531600,76.44418300,0.363,-0.045,10.0,9.3,0.0,17.0,2047,1901,RTK FIXED
59.449,082125.40,10.48531500,76.44418200,10.48531498,76.44418164,658050.788,1159433.761,108.30,658050.736,1159433.781,35.7,8,658051.203,1159434.080,10.48531600,76.44418300,0.363,-0.045,10.0,9.3,0.5,16.8,2047,1901,RTK FIXED
59.495,082125.40,10.48531500,76.44418200,10.48531499,76.44418178,658050.788,1159433.761,108.30,658050.757,1159433.773,35.7,8,658051.203,1159434.080,10.48531600,76.44418300,0.363,-0.045,10.0,9.3,-0.5,16.2,2047,1901,RTK FIXED
59.549,082125.40,10.48531500,76.44418200,10.48531499,76.44418187,658050.788,1159433.761,108.30,658050.769,1159433.769,35.7,8,658051.203,1159434.080,10.48531600,76.44418300,0.363,-0.045,10.0,9.3,0.5,15.8,2047,1901,RTK FIXED
59.595,082125.40,10.48531500,76.44418200,10.48531500,76.44418192,658050.788,1159433.761,108.30,658050.777,1159433.766,35.7,8,658051.203,1159434.080,10.48531600,76.44418300,0.363,-0.045,10.0,9.3,0.0,16.3,2047,1901,RTK FIXED
59.651,082125.60,10.48531500,76.44418200,10.48531500,76.44418195,658050.788,1159433.761,108.30,658050.781,1159433.764,23.7,8,658051.203,1159434.080,10.48531600,76.44418300,0.357,0.081,8.7,10.0,-0.4,16.1,1787,2047,RTK FIXED
59.703,082125.60,10.48531500,76.44418200,10.48531500,76.44418197,658050.788,1159433.761,108.30,658050.784,1159433.763,23.7,8,658051.203,1159434.080,10.48531600,76.44418300,0.357,0.081,8.7,10.0,0.0,16.5,1787,2047,RTK FIXED
59.749,082125.60,10.48531500,76.44418200,10.48531500,76.44418198,658050.788,1159433.761,108.30,658050.785,1159433.762,23.7,8,658051.203,1159434.080,10.48531600,76.44418300,0.357,0.081,8.7,10.0,0.5,16.6,1787,2047,RTK FIXED
59.803,082125.60,10.48531500,76.44418200,10.48531500,76.44418199,658050.788,1159433.761,108.30,658050.786,1159433.762,23.7,8,658051.203,1159434.080,10.48531600,76.44418300,0.357,0.081,8.7,10.0,0.0,16.7,1787,2047,RTK FIXED
59.848,082125.60,10.48531500,76.44418200,10.48531500,76.44418199,658050.788,1159433.761,108.30,658050.787,1159433.762,23.7,8,658051.203,1159434.080,10.48531600,76.44418300,0.357,0.081,8.7,10.0,0.0,16.5,1787,2047,RTK FIXED
59.904,082125.80,10.48531500,76.44418200,10.48531500,76.44418200,658050.751,1159433.830,108.30,658050.773,1159433.789,23.7,8,658051.203,1159434.080,10.48531600,76.44418300,0.360,0.069,8.9,10.0,0.0,15.9,1824,2047,RTK FIXED
59.949,082125.80,10.48531500,76.44418200,10.48531500,76.44418200,658050.751,1159433.830,108.30,658050.764,1159433.805,23.7,8,658051.203,1159434.080,10.48531600,76.44418300,0.360,0.069,8.9,10.0,0.0,17.5,1824,2047,RTK FIXED
60.003,082125.80,10.48531500,76.44418200,10.48531500,76.44418200,658050.751,1159433.830,108.30,658050.759,1159433.815,23.7,8,658051.203,1159434.080,10.48531600,76.44418300,0.360,0.069,8.9,10.0,-0.5,17.6,1824,2047,RTK FIXED
60.049,082125.80,10.48531500,76.44418200,10.48531500,76.44418200,658050.751,1159433.830,108.30,658050.756,1159433.821,23.7,8,658051.203,1159434.080,10.48531600,76.44418300,0.360,0.069,8.9,10.0,0.0,17.0,1824,2047,RTK FIXED
60.104,082126.00,10.48531500,76.44418200,10.48531500,76.44418200,658050.751,1159433.830,108.30,658050.754,1159433.825,23.7,8,658051.203,1159434.080,10.48531600,76.44418300,0.361,0.062,9.0,10.0,0.5,17.3,1847,2047,RTK FIXED
60.149,082126.00,10.48531500,76.44418200,10.48531500,76.44418200,658050.751,1159433.830,108.30,658050.753,1159433.827,23.7,8,658051.203,1159434.080,10.48531600,76.44418300,0.361,0.062,9.0,10.0,0.0,17.5,1847,2047,RTK FIXED
60.204,082126.20,10.48531600,76.44418300,10.48531540,76.44418240,658050.860,1159433.941,108.30,658050.796,1159433.872,33.5,8,658051.203,1159434.080,10.48531600,76.44418300,0.363,-0.043,10.0,9.3,-0.5,17.5,2047,1906,RTK FIXED
60.249,082126.20,10.48531600,76.44418300,10.48531564,76.44418264,658050.860,1159433.941,108.30,658050.822,1159433.900,33.5,8,658051.203,1159434.080,10.48531600,76.44418300,0.363,-0.043,10.0,9.3,0.6,17.1,2047,1906,RTK FIXED
60.304,082126.20,10.48531600,76.44418300,10.48531578,76.44418278,658050.860,1159433.941,108.30,658050.837,1159433.916,33.5,8,658051.203,1159434.080,10.48531600,76.44418300,0.363,-0.043,10.0,9.3,0.0,16.9,2047,1906,RTK FIXED
60.358,082126.40,10.48531600,76.44418300,10.48531587,76.44418287,658050.889,1159433.885,108.30,658050.858,1159433.904,33.5,8,658051.203,1159434.080,10.48531600,76.44418300,0.341,-0.035,10.0,9.4,-0.5,16.3,2047,1924,RTK FIXED
60.404,082126.40,10.48531600,76.44418300,10.48531592,76.44418292,658050.889,1159433.885,108.30,658050.870,1159433.896,33.5,8,658051.203,1159434.080,10.48531600,76.44418300,0.341,-0.035,10.0,9.4,0.0,16.3,2047,1924,RTK FIXED
60.457,082126.40,10.48531600,76.44418300,10.48531595,76.44418295,658050.889,1159433.885,108.30,658050.878,1159433.891,33.5,8,658051.203,1159434.080,10.48531600,76.44418300,0.341,-0.035,10.0,9.4,0.5,16.0,2047,1924,RTK FIXED
60.503,082126.40,10.48531600,76.44418300,10.48531597,76.44418297,658050.889,1159433.885,108.30,658050.882,1159433.889,33.5,8,658051.203,1159434.080,10.48531600,76.44418300,0.341,-0.035,10.0,9.4,-0.5,16.8,2047,1924,RTK FIXED
60.558,082126.40,10.48531600,76.44418300,10.48531598,76.44418298,658050.889,1159433.885,108.30,658050.885,1159433.887,33.5,8,658051.203,1159434.080,10.48531600,76.44418300,0.341,-0.035,10.0,9.4,0.0,16.5,2047,1924,RTK FIXED
60.604,082126.40,10.48531600,76.44418300,10.48531599,76.44418299,658050.889,1159433.885,108.30,658050.887,1159433.886,33.5,8,658051.203,1159434.080,10.48531600,76.44418300,0.341,-0.035,10.0,9.4,0.0,16.8,2047,1924,RTK FIXED
60.658,082126.60,10.48531600,76.44418300,10.48531599,76.44418299,658050.889,1159433.885,108.30,658050.887,1159433.885,33.5,8,658051.203,1159434.080,10.48531600,76.44418300,0.323,-0.030,10.0,9.5,0.0,17.0,2047,1934,RTK FIXED
60.704,082126.60,10.48531600,76.44418300,10.48531600,76.44418300,658050.889,1159433.885,108.30,658050.888,1159433.885,33.5,8,658051.203,1159434.080,10.48531600,76.44418300,0.323,-0.030,10.0,9.5,0.5,17.3,2047,1934,RTK FIXED
60.758,082126.60,10.48531600,76.44418300,10.48531600,76.44418300,658050.889,1159433.885,108.30,658050.888,1159433.885,33.5,8,658051.203,1159434.080,10.48531600,76.44418300,0.323,-0.030,10.0,9.5,-0.5,17.2,2047,1934,RTK FIXED
60.812,082126.60,10.48531600,76.44418300,10.48531600,76.44418300,658050.889,1159433.885,108.30,658050.889,1159433.885,33.5,8,658051.203,1159434.080,10.48531600,76.44418300,0.323,-0.030,10.0,9.5,0.0,17.1,2047,1934,RTK FIXED
61.024,082126.80,10.48531600,76.44418400,10.48531600,76.44418340,658050.998,1159433.885,108.30,658050.933,1159433.885,26.1,9,658051.754,1159433.198,10.48530800,76.44418800,0.000,-0.719,10.0,-10.0,0.0,16.5,450,450,RTK FIXED
61.059,082127.00,10.48531600,76.44418400,10.48531600,76.44418364,658050.971,1159433.939,108.30,658050.948,1159433.907,24.0,9,658051.754,1159433.198,10.48530800,76.44418800,0.000,-0.719,10.0,-10.0,0.7,14.9,900,900,RTK FIXED
61.112,082127.00,10.48531600,76.44418400,10.48531600,76.44418378,658050.971,1159433.939,108.30,658050.957,1159433.920,22.0,9,658051.754,1159433.198,10.48530800,76.44418800,0.000,-0.719,10.0,-10.0,0.0,14.0,1350,1350,RTK FIXED
61.159,082127.20,10.48531700,76.44418400,10.48531640,76.44418387,658050.961,1159434.075,108.30,658050.958,1159433.982,34.9,9,658051.754,1159433.198,10.48530800,76.44418800,0.000,-0.901,10.0,-10.0,0.0,12.8,1800,1800,RTK FIXED
61.211,082127.20,10.48531700,76.44418400,10.48531664,76.44418392,658050.961,1159434.075,108.30,658050.959,1159434.019,32.3,9,658051.754,1159433.198,10.48530800,76.44418800,0.000,-0.901,10.0,-10.0,0.0,12.0,2047,2047,RTK FIXED
61.258,082127.20,10.48531700,76.44418400,10.48531678,76.44418395,658050.961,1159434.075,108.30,658050.960,1159434.041,29.7,9,658051.754,1159433.198,10.48530800,76.44418800,0.000,-0.901,10.0,-10.0,0.0,10.7,2047,2047,RTK FIXED
61.312,082127.20,10.48531700,76.44418400,10.48531687,76.44418397,658050.961,1159434.075,108.30,658050.960,1159434.055,27.1,9,658051.754,1159433.198,10.48530800,76.44418800,0.000,-0.901,10.0,-10.0,0.0,9.7,2047,2047,RTK FIXED
61.359,082127.40,10.48531700,76.44418500,10.48531692,76.44418438,658051.081,1159434.047,108.30,658051.008,1159434.052,24.6,9,658051.754,1159433.198,10.48530800,76.44418800,0.000,-0.824,10.0,-10.0,0.0,9.1,2047,2047,RTK FIXED
61.412,082127.40,10.48531700,76.44418500,10.48531695,76.44418463,658051.081,1159434.047,108.30,658051.037,1159434.050,22.2,9,658051.754,1159433.198,10.48530800,76.44418800,0.000,-0.824,10.0,-10.0,-0.5,8.0,2047,2047,RTK FIXED
61.459,082127.40,10.48531700,76.44418500,10.48531697,76.44418478,658051.081,1159434.047,108.30,658051.055,1159434.049,19.8,9,658051.754,1159433.198,10.48530800,76.44418800,0.000,-0.824,10.0,-10.0,0.0,7.0,2047,2047,RTK FIXED
61.512,082127.40,10.48531700,76.44418500,10.48531698,76.44418487,658051.081,1159434.047,108.30,658051.065,1159434.048,17.5,9,658051.754,1159433.198,10.48530800,76.44418800,0.000,-0.824,10.0,-10.0,0.5,6.1,2047,2047,RTK FIXED
61.559,082127.40,10.48531700,76.44418500,10.48531699,76.44418492,658051.081,1159434.047,108.30,658051.071,1159434.048,15.1,9,658051.754,1159433.198,10.48530800,76.44418800,0.000,-0.824,10.0,-10.0,-0.5,5.4,2047,2047,RTK FIXED
61.612,082127.40,10.48531700,76.44418500,10.48531699,76.44418495,658051.081,1159434.047,108.30,658051.075,1159434.048,12.8,9,658051.754,1159433.198,10.48530800,76.44418800,0.000,-0.824,10.0,-10.0,0.0,5.2,2047,2047,RTK FIXED
61.660,082127.60,10.48531700,76.44418500,10.48531700,76.44418497,658051.056,1159434.135,108.30,658051.067,1159434.083,21.5,9,658051.754,1159433.198,10.48530800,76.44418800,0.000,-0.832,10.0,-10.0,0.5,4.2,2047,2047,RTK FIXED
61.713,082127.60,10.48531700,76.44418500,10.48531700,76.44418498,658051.056,1159434.135,108.30,658051.063,1159434.104,19.1,9,658051.754,1159433.198,10.48530800,76.44418800,0.000,-0.832,10.0,-10.0,0.0,4.2,2047,2047,RTK FIXED
61.767,082127.60,10.48531700,76.44418500,10.48531700,76.44418499,658051.056,1159434.135,108.30,658051.060,1159434.116,16.7,9,658051.754,1159433.198,10.48530800,76.44418800,0.000,-0.832,10.0,-10.0,0.0,3.2,2047,2047,RTK FIXED
61.813,082127.60,10.48531700,76.44418500,10.48531700,76.44418499,658051.056,1159434.135,108.30,658051.058,1159434.124,14.3,9,658051.754,1159433.198,10.48530800,76.44418800,0.000,-0.832,10.0,-10.0,0.0,2.7,2047,2047,RTK FIXED
61.867,082127.80,10.48531700,76.44418500,10.48531700,76.44418500,658051.057,1159434.125,108.30,658051.058,1159434.124,12.0,9,658051.754,1159433.198,10.48530800,76.44418800,0.000,-0.739,10.0,-10.0,0.0,1.8,2047,2047,RTK FIXED
61.913,082127.80,10.48531700,76.44418500,10.48531700,76.44418500,658051.057,1159434.125,108.30,658051.058,1159434.125,9.8,9,658051.754,1159433.198,10.48530800,76.44418800,0.000,-0.739,10.0,-10.0,-0.5,2.2,2047,2047,RTK FIXED
61.967,082127.80,10.48531700,76.44418500,10.48531700,76.44418500,658051.057,1159434.125,108.30,658051.058,1159434.125,7.7,9,658051.754,1159433.198,10.48530800,76.44418800,0.000,-0.739,10.0,-10.0,0.5,1.4,2047,2047,RTK FIXED
62.013,082127.80,10.48531700,76.44418500,10.48531700,76.44418500,658051.057,1159434.125,108.30,658051.058,1159434.125,5.6,9,658051.754,1159433.198,10.48530800,76.44418800,0.000,-0.739,10.0,-10.0,-0.5,2.7,2047,2047,RTK FIXED
62.067,082128.00,10.48531700,76.44418500,10.48531700,76.44418500,658051.052,1159434.179,108.30,658051.055,1159434.147,3.5,9,658051.754,1159433.198,10.48530800,76.44418800,0.000,-0.660,10.0,-10.0,0.0,1.4,2047,2047,RTK FIXED
62.113,082128.00,10.48531700,76.44418500,10.48531700,76.44418500,658051.052,1159434.179,108.30,658051.054,1159434.160,1.6,9,658051.754,1159433.198,10.48530800,76.44418800,0.000,-0.660,10.0,-10.0,0.6,1.1,2047,2047,RTK FIXED
62.167,082128.20,10.48531700,76.44418500,10.48531700,76.44418500,658051.052,1159434.204,108.30,658051.053,1159434.177,22.7,9,658051.754,1159433.198,10.48530800,76.44418800,0.000,-0.913,10.0,-10.0,-0.5,1.4,2047,2047,RTK FIXED
62.221,082128.20,10.48531700,76.44418500,10.48531700,76.44418500,658051.052,1159434.204,108.30,658051.052,1159434.188,20.1,9,658051.754,1159433.198,10.48530800,76.44418800,0.000,-0.913,10.0,-10.0,0.5,0.9,2047,2047,RTK FIXED
62.267,082128.20,10.48531700,76.44418500,10.48531700,76.44418500,658051.052,1159434.204,108.30,658051.052,1159434.194,17.5,9,658051.754,1159433.198,10.48530800,76.44418800,0.000,-0.913,10.0,-10.0,-0.5,1.1,2047,2047,RTK FIXED
62.321,082128.20,10.48531700,76.44418500,10.48531700,76.44418500,658051.052,1159434.204,108.30,658051.052,1159434.198,14.9,9,658051.754,1159433.198,10.48530800,76.44418800,0.000,-0.913,10.0,-10.0,0.0,1.4,2047,2047,RTK FIXED
62.368,082128.40,10.48531700,76.44418500,10.48531700,76.44418500,658051.058,1159434.123,108.30,658051.054,1159434.168,12.2,9,658051.754,1159433.198,10.48530800,76.44418800,0.000,-0.782,10.0,-10.0,0.5,1.1,2047,2047,RTK FIXED
62.420,082128.40,10.48531700,76.44418500,10.48531700,76.44418500,658051.058,1159434.123,108.30,658051.056,1159434.150,10.0,9,658051.754,1159433.198,10.48530800,76.44418800,0.000,-0.782,10.0,-10.0,-0.5,0.9,2047,2047,RTK FIXED
62.467,082128.40,10.48531700,76.44418500,10.48531700,76.44418500,658051.058,1159434.123,108.30,658051.056,1159434.139,7.8,9,658051.754,1159433.198,10.48530800,76.44418800,0.000,-0.782,10.0,-10.0,0.5,1.1,2047,2047,RTK FIXED
62.520,082128.40,10.48531700,76.44418500,10.48531700,76.44418500,658051.058,1159434.123,108.30,658051.057,1159434.133,5.5,9,658051.754,1159433.198,10.48530800,76.44418800,0.000,-0.782,10.0,-10.0,-0.5,0.9,2047,2047,RTK FIXED
62.567,082128.40,10.48531700,76.44418500,10.48531700,76.44418500,658051.058,1159434.123,108.30,658051.057,1159434.129,3.3,9,658051.754,1159433.198,10.48530800,76.44418800,0.000,-0.782,10.0,-10.0,0.5,0.5,2047,2047,RTK FIXED
62.621,082128.40,10.48531700,76.44418500,10.48531700,76.44418500,658051.058,1159434.123,108.30,658051.057,1159434.127,1.0,9,658051.754,1159433.198,10.48530800,76.44418800,0.000,-0.782,10.0,-10.0,-0.5,0.5,2047,2047,RTK FIXED
62.667,082128.60,10.48531700,76.44418600,10.48531700,76.44418540,658051.161,1159434.210,108.30,658051.099,1159434.160,-1.2,9,658051.754,1159433.198,10.48530800,76.44418800,0.000,-0.659,10.0,-10.0,0.5,0.5,2047,2047,RTK FIXED
62.721,082128.60,10.48531700,76.44418600,10.48531700,76.44418564,658051.161,1159434.210,108.30,658051.124,1159434.180,-3.1,9,658051.754,1159433.198,10.48530800,76.44418800,0.000,-0.659,10.0,-10.0,0.0,0.5,2047,2047,RTK FIXED
62.775,082128.60,10.48531700,76.44418600,10.48531700,76.44418578,658051.161,1159434.210,108.30,658051.139,1159434.192,-5.0,9,658051.754,1159433.198,10.48530800,76.44418800,0.000,-0.659,10.0,-10.0,0.0,0.0,2047,2047,RTK FIXED
62.821,082128.60,10.48531700,76.44418600,10.48531700,76.44418587,658051.161,1159434.210,108.30,658051.148,1159434.199,-6.9,9,658051.754,1159433.198,10.48530800,76.44418800,0.000,-0.659,10.0,-10.0,0.0,0.0,2047,2047,RTK FIXED
62.876,082128.80,10.48531600,76.44418600,10.48531660,76.44418592,658051.167,1159434.148,108.30,658051.156,1159434.179,-8.8,9,658051.754,1159433.198,10.48530800,76.44418800,0.000,-0.582,9.5,-9.5,0.0,0.0,1950,1950,RTK FIXED
62.921,082128.80,10.48531600,76.44418600,10.48531636,76.44418595,658051.167,1159434.148,108.30,658051.160,1159434.167,-10.4,9,658051.754,1159433.198,10.48530800,76.44418800,0.000,-0.582,9.5,-9.5,-0.5,0.0,1950,1950,RTK FIXED
62.975,082128.80,10.48531600,76.44418600,10.48531622,76.44418597,658051.167,1159434.148,108.30,658051.163,1159434.159,-12.1,9,658051.754,1159433.198,10.48530800,76.44418800,0.000,-0.582,9.5,-9.5,0.5,0.0,1950,1950,RTK FIXED
63.022,082128.80,10.48531600,76.44418600,10.48531613,76.44418598,658051.167,1159434.148,108.30,658051.165,1159434.155,-13.8,9,658051.754,1159433.198,10.48530800,76.44418800,0.000,-0.582,9.5,-9.5,0.0,0.0,1950,1950,RTK FIXED
63.076,082129.00,10.48531600,76.44418600,10.48531608,76.44418599,658051.177,1159434.190,108.30,658051.170,1159434.169,-7.7,9,658051.754,1159433.198,10.48530800,76.44418800,0.000,-0.614,10.0,-10.0,-0.5,0.0,2047,2047,RTK FIXED
63.122,082129.00,10.48531600,76.44418600,10.48531605,76.44418599,658051.177,1159434.190,108.30,658051.173,1159434.177,-9.5,9,658051.754,1159433.198,10.48530800,76.44418800,0.000,-0.614,10.0,-10.0,0.0,0.0,2047,2047,RTK FIXED
63.176,082129.20,10.48531600,76.44418600,10.48531603,76.44418600,658051.171,1159434.164,108.30,658051.172,1159434.172,-11.3,9,658051.754,1159433.198,10.48530800,76.44418800,0.000,-0.577,9.4,-9.4,0.5,0.0,1933,1933,RTK FIXED
63.221,082129.20,10.48531600,76.44418600,10.48531602,76.44418600,658051.171,1159434.164,108.30,658051.171,1159434.169,-12.9,9,658051.754,1159433.198,10.48530800,76.44418800,0.000,-0.577,9.4,-9.4,0.0,0.0,1933,1933,RTK FIXED
63.276,082129.20,10.48531600,76.44418600,10.48531601,76.44418600,658051.171,1159434.164,108.30,658051.171,1159434.167,-14.6,9,658051.754,1159433.198,10.48530800,76.44418800,0.000,-0.577,9.4,-9.4,-0.5,0.0,1933,1933,RTK FIXED
63.330,082129.20,10.48531600,76.44418600,10.48531601,76.44418600,658051.171,1159434.164,108.30,658051.171,1159434.166,-16.2,9,658051.754,1159433.198,10.48530800,76.44418800,0.000,-0.577,9.4,-9.4,0.0,0.0,1933,1933,RTK FIXED
63.375,082129.20,10.48531600,76.44418600,10.48531600,76.44418600,658051.171,1159434.164,108.30,658051.171,1159434.165,-17.9,9,658051.754,1159433.198,10.48530800,76.44418800,0.000,-0.577,9.4,-9.4,0.0,0.0,1933,1933,RTK FIXED
63.430,082129.20,10.48531600,76.44418600,10.48531600,76.44418600,658051.171,1159434.164,108.30,658051.171,1159434.164,-19.5,9,658051.754,1159433.198,10.48530800,76.44418800,0.000,-0.577,9.4,-9.4,0.5,0.0,1933,1933,RTK FIXED
63.476,082129.40,10.48531500,76.44418600,10.48531560,76.44418600,658051.191,1159434.114,108.30,658051.179,1159434.144,-21.2,9,658051.754,1159433.198,10.48530800,76.44418800,0.000,-0.480,7.9,-7.9,-0.5,0.0,1608,1608,RTK FIXED
63.530,082129.40,10.48531500,76.44418600,10.48531536,76.44418600,658051.191,1159434.114,108.30,658051.183,1159434.132,-22.5,9,658051.754,1159433.198,10.48530800,76.44418800,0.000,-0.480,7.9,-7.9,0.5,0.0,1608,1608,RTK FIXED
63.576,082129.40,10.48531500,76.44418600,10.48531522,76.44418600,658051.191,1159434.114,108.30,658051.186,1159434.125,-23.9,9,658051.754,1159433.198,10.48530800,76.44418800,0.000,-0.480,7.9,-7.9,-0.5,0.0,1608,1608,RTK FIXED
63.632,082129.40,10.48531500,76.44418600,10.48531513,76.44418600,658051.191,1159434.114,108.30,658051.188,1159434.121,-25.3,9,658051.754,1159433.198,10.48530800,76.44418800,0.000,-0.480,7.9,-7.9,0.5,0.0,1608,1608,RTK FIXED
63.677,082129.60,10.48531500,76.44418700,10.48531508,76.44418640,658051.315,1159434.147,108.20,658051.239,1159434.131,-23.8,9,658051.754,1159433.198,10.48530800,76.44418800,0.000,-0.480,7.9,-7.9,-0.5,-0.5,1608,1608,RTK FIXED
63.731,082129.60,10.48531500,76.44418700,10.48531505,76.44418664,658051.315,1159434.147,108.20,658051.269,1159434.137,-25.2,9,658051.754,1159433.198,10.48530800,76.44418800,0.000,-0.480,7.9,-7.9,0.0,0.0,1608,1608,RTK FIXED
63.784,082129.60,10.48531500,76.44418700,10.48531503,76.44418678,658051.315,1159434.147,108.20,658051.288,1159434.141,-26.6,9,658051.754,1159433.198,10.48530800,76.44418800,0.000,-0.480,7.9,-7.9,0.5,-0.5,1608,1608,RTK FIXED
63.832,082129.60,10.48531500,76.44418700,10.48531502,76.44418687,658051.315,1159434.147,108.20,658051.299,1159434.143,-27.9,9,658051.754,1159433.198,10.48530800,76.44418800,0.000,-0.480,7.9,-7.9,-0.5,1.1,1608,1608,RTK FIXED
63.884,082129.80,10.48531500,76.44418700,10.48531501,76.44418692,658051.324,1159434.162,108.30,658051.309,1159434.151,-29.3,9,658051.754,1159433.198,10.48530800,76.44418800,0.000,-0.480,7.9,-7.9,0.5,0.0,1608,1608,RTK FIXED
63.930,082129.80,10.48531500,76.44418700,10.48531501,76.44418695,658051.324,1159434.162,108.30,658051.315,1159434.155,-30.7,9,658051.754,1159433.198,10.48530800,76.44418800,0.000,-0.480,7.9,-7.9,-0.6,0.0,1608,1608,RTK FIXED
63.984,082129.80,10.48531500,76.44418700,10.48531500,76.44418697,658051.324,1159434.162,108.30,658051.318,1159434.158,-32.1,9,658051.754,1159433.198,10.48530800,76.44418800,0.000,-0.480,7.9,-7.9,0.0,-0.5,1608,1608,RTK FIXED
64.031,082129.80,10.48531500,76.44418700,10.48531500,76.44418698,658051.324,1159434.162,108.30,658051.320,1159434.159,-33.4,9,658051.754,1159433.198,10.48530800,76.44418800,0.000,-0.480,7.9,-7.9,0.0,0.0,1608,1608,RTK FIXED
64.085,082130.00,10.48531400,76.44418700,10.48531460,76.44418699,658051.344,1159434.081,108.30,658051.330,1159434.128,-34.8,9,658051.754,1159433.198,10.48530800,76.44418800,0.000,-0.480,7.9,-7.9,0.0,0.5,1608,1608,RTK FIXED
64.131,082130.00,10.48531400,76.44418700,10.48531436,76.44418699,658051.344,1159434.081,108.30,658051.335,1159434.109,-36.2,9,658051.754,1159433.198,10.48530800,76.44418800,0.000,-0.480,7.9,-7.9,0.0,0.0,1608,1608,RTK FIXED
64.185,082130.20,10.48531400,76.44418700,10.48531422,76.44418700,658051.355,1159434.095,108.30,658051.343,1159434.103,-32.5,9,658051.754,1159433.198,10.48530800,76.44418800,0.000,-0.480,7.9,-7.9,0.0,0.0,1608,1608,RTK FIXED
64.231,082130.20,10.48531400,76.44418700,10.48531413,76.44418700,658051.355,1159434.095,108.30,658051.348,1159434.100,-33.8,9,658051.754,1159433.198,10.48530800,76.44418800,0.000,-0.480,7.9,-7.9,0.0,-0.5,1608,1608,RTK FIXED
64.284,082130.20,10.48531400,76.44418700,10.48531408,76.44418700,658051.355,1159434.095,108.30,658051.351,1159434.098,-35.2,9,658051.754,1159433.198,10.48530800,76.44418800,0.000,-0.480,7.9,-7.9,0.0,0.0,1608,1608,RTK FIXED
64.331,082130.20,10.48531400,76.44418700,10.48531405,76.44418700,658051.355,1159434.095,108.30,658051.352,1159434.097,-36.6,9,658051.754,1159433.198,10.48530800,76.44418800,0.000,-0.480,7.9,-7.9,0.5,0.0,1608,1608,RTK FIXED
64.385,082130.40,10.48531400,76.44418700,10.48531403,76.44418700,658051.356,1159434.097,108.30,658051.354,1159434.097,-38.0,9,658051.754,1159433.198,10.48530800,76.44418800,0.000,-0.480,7.9,-7.9,0.0,0.0,1608,1608,RTK FIXED
64.439,082130.40,10.48531400,76.44418700,10.48531402,76.44418700,658051.356,1159434.097,108.30,658051.355,1159434.097,-39.3,9,658051.754,1159433.198,10.48530800,76.44418800,0.000,-0.480,7.9,-7.9,-0.5,0.0,1608,1608,RTK FIXED
64.485,082130.40,10.48531400,76.44418700,10.48531401,76.44418700,658051.356,1159434.097,108.30,658051.356,1159434.097,-40.7,9,658051.754,1159433.198,10.48530800,76.44418800,0.000,-0.480,7.9,-7.9,0.0,0.0,1608,1608,RTK FIXED
64.539,082130.40,10.48531400,76.44418700,10.48531401,76.44418700,658051.356,1159434.097,108.30,658051.356,1159434.097,-42.1,9,658051.754,1159433.198,10.48530800,76.44418800,0.000,-0.480,7.9,-7.9,0.0,0.5,1608,1608,RTK FIXED
64.585,082130.40,10.48531400,76.44418700,10.48531400,76.44418700,658051.356,1159434.097,108.30,658051.356,1159434.097,-43.5,9,658051.754,1159433.198,10.48530800,76.44418800,0.000,-0.480,7.9,-7.9,0.5,0.0,1608,1608,RTK FIXED
64.639,082130.40,10.48531400,76.44418700,10.48531400,76.44418700,658051.356,1159434.097,108.30,658051.356,1159434.097,-44.8,9,658051.754,1159433.198,10.48530800,76.44418800,0.000,-0.480,7.9,-7.9,0.0,0.0,1608,1608,RTK FIXED
64.685,082130.60,10.48531400,76.44418700,10.48531400,76.44418700,658051.393,1159434.135,108.30,658051.371,1159434.112,-46.2,9,658051.754,1159433.198,10.48530800,76.44418800,0.000,-0.460,7.5,-7.5,0.0,0.0,1540,1540,RTK FIXED
64.739,082130.60,10.48531400,76.44418700,10.48531400,76.44418700,658051.393,1159434.135,108.30,658051.380,1159434.121,-47.5,9,658051.754,1159433.198,10.48530800,76.44418800,0.000,-0.460,7.5,-7.5,0.0,0.0,1540,1540,RTK FIXED
64.785,082130.60,10.48531400,76.44418700,10.48531400,76.44418700,658051.393,1159434.135,108.30,658051.385,1159434.127,-48.9,9,658051.754,1159433.198,10.48530800,76.44418800,0.000,-0.460,7.5,-7.5,0.0,0.0,1540,1540,RTK FIXED
64.839,082130.60,10.48531400,76.44418700,10.48531400,76.44418700,658051.393,1159434.135,108.30,658051.388,1159434.130,-50.2,9,658051.754,1159433.198,10.48530800,76.44418800,0.000,-0.460,7.5,-7.5,-0.5,0.0,1540,1540,RTK FIXED
64.885,082130.80,10.48531400,76.44418700,10.48531400,76.44418700,658051.419,1159434.157,108.30,658051.401,1159434.141,-51.5,9,658051.754,1159433.198,10.48530800,76.44418800,0.000,-0.424,6.9,-6.9,0.5,0.0,1421,1421,RTK FIXED
64.939,082130.80,10.48531400,76.44418700,10.48531400,76.44418700,658051.419,1159434.157,108.30,658051.408,1159434.147,-52.7,9,658051.754,1159433.198,10.48530800,76.44418800,0.000,-0.424,6.9,-6.9,-0.5,0.0,1421,1421,RTK FIXED
64.993,082130.80,10.48531400,76.44418700,10.48531400,76.44418700,658051.419,1159434.157,108.30,658051.413,1159434.151,-53.9,9,658051.754,1159433.198,10.48530800,76.44418800,0.000,-0.424,6.9,-6.9,0.0,0.0,1421,1421,RTK FIXED
65.039,082130.80,10.48531400,76.44418700,10.48531400,76.44418700,658051.419,1159434.157,108.30,658051.415,1159434.153,-55.1,9,658051.754,1159433.198,10.48530800,76.44418800,0.000,-0.424,6.9,-6.9,0.0,0.0,1421,1421,RTK FIXED
65.093,082131.00,10.48531300,76.44418700,10.48531360,76.44418700,658051.446,1159434.064,108.30,658051.428,1159434.118,-40.7,9,658051.754,1159433.198,10.48530800,76.44418800,0.000,-0.480,7.9,-7.9,0.5,0.0,1608,1608,RTK FIXED
65.139,082131.00,10.48531300,76.44418700,10.48531336,76.44418700,658051.446,1159434.064,108.30,658051.435,1159434.096,-42.1,9,658051.754,1159433.198,10.48530800,76.44418800,0.000,-0.480,7.9,-7.9,0.0,0.0,1608,1608,RTK FIXED
65.193,082131.20,10.48531300,76.44418700,10.48531322,76.44418700,658051.381,1159434.012,108.30,658051.413,1159434.063,-43.5,9,658051.754,1159433.198,10.48530800,76.44418800,0.000,-0.480,7.9,-7.9,0.0,0.0,1608,1608,RTK FIXED
65.239,082131.20,10.48531300,76.44418700,10.48531313,76.44418700,658051.381,1159434.012,108.30,658051.400,1159434.043,-44.9,9,658051.754,1159433.198,10.48530800,76.44418800,0.000,-0.480,7.9,-7.9,0.0,0.0,1608,1608,RTK FIXED
65.293,082131.20,10.48531300,76.44418700,10.48531308,76.44418700,658051.381,1159434.012,108.30,658051.392,1159434.031,-46.2,9,658051.754,1159433.198,10.48530800,76.44418800,0.000,-0.480,7.9,-7.9,-0.5,0.0,1608,1608,RTK FIXED
65.339,082131.20,10.48531300,76.44418700,10.48531305,76.44418700,658051.381,1159434.012,108.30,658051.388,1159434.023,-47.6,9,658051.754,1159433.198,10.48530800,76.44418800,0.000,-0.480,7.9,-7.9,0.0,0.0,1608,1608,RTK FIXED
65.394,082131.40,10.48531300,76.44418700,10.48531303,76.44418700,658051.407,1159434.036,108.30,658051.396,1159434.028,-49.0,9,658051.754,1159433.198,10.48530800,76.44418800,0.000,-0.432,7.1,-7.1,0.5,0.0,1446,1446,RTK FIXED
65.447,082131.40,10.48531300,76.44418700,10.48531302,76.44418700,658051.407,1159434.036,108.30,658051.400,1159434.032,-50.2,9,658051.754,1159433.198,10.48530800,76.44418800,0.000,-0.432,7.1,-7.1,0.0,0.0,1446,1446,RTK FIXED
65.493,082131.40,10.48531300,76.44418700,10.48531301,76.44418700,658051.407,1159434.036,108.30,658051.403,1159434.033,-51.5,9,658051.754,1159433.198,10.48530800,76.44418800,0.000,-0.432,7.1,-7.1,-0.6,0.0,1446,1446,RTK FIXED
65.547,082131.40,10.48531300,76.44418700,10.48531301,76.44418700,658051.407,1159434.036,108.30,658051.405,1159434.035,-52.7,9,658051.754,1159433.198,10.48530800,76.44418800,0.000,-0.432,7.1,-7.1,0.5,0.0,1446,1446,RTK FIXED
65.594,082131.40,10.48531300,76.44418700,10.48531300,76.44418700,658051.407,1159434.036,108.30,658051.406,1159434.035,-53.9,9,658051.754,1159433.198,10.48530800,76.44418800,0.000,-0.432,7.1,-7.1,-0.5,0.0,1446,1446,RTK FIXED
65.647,082131.40,10.48531300,76.44418700,10.48531300,76.44418700,658051.407,1159434.036,108.30,658051.406,1159434.036,-55.2,9,658051.754,1159433.198,10.48530800,76.44418800,0.000,-0.432,7.1,-7.1,0.0,-0.5,1446,1446,RTK FIXED
65.694,082131.60,10.48531300,76.44418700,10.48531300,76.44418700,658051.446,1159434.064,108.30,658051.422,1159434.047,-56.4,9,658051.754,1159433.198,10.48530800,76.44418800,0.000,-0.362,5.9,-5.9,0.0,0.5,1212,1212,RTK FIXED
65.747,082131.60,10.48531300,76.44418700,10.48531300,76.44418700,658051.446,1159434.064,108.30,658051.432,1159434.054,-57.4,9,658051.754,1159433.198,10.48530800,76.44418800,0.000,-0.362,5.9,-5.9,0.5,0.0,1212,1212,RTK FIXED
65.794,082131.60,10.48531300,76.44418700,10.48531300,76.44418700,658051.446,1159434.064,108.30,658051.437,1159434.058,-58.5,9,658051.754,1159433.198,10.48530800,76.44418800,0.000,-0.362,5.9,-5.9,0.0,0.0,1212,1212,RTK FIXED
65.848,082131.60,10.48531300,76.44418700,10.48531300,76.44418700,658051.446,1159434.064,108.30,658051.441,1159434.061,-59.5,9,658051.754,1159433.198,10.48530800,76.44418800,0.000,-0.362,5.9,-5.9,0.0,-0.5,1212,1212,RTK FIXED
65.895,082131.80,10.48531200,76.44418700,10.48531260,76.44418700,658051.470,1159433.967,108.30,658051.452,1159434.023,-63.2,9,658051.754,1159433.198,10.48530800,76.44418800,0.000,-0.283,4.6,-4.6,0.0,0.5,1100,1100,RTK FIXED
65.948,082131.80,10.48531200,76.44418700,10.48531236,76.44418700,658051.470,1159433.967,108.30,658051.459,1159434.001,-64.0,9,658051.754,1159433.198,10.48530800,76.44418800,0.000,-0.283,4.6,-4.6,-0.5,0.0,1100,1100,RTK FIXED
65.993,082131.80,10.48531200,76.44418700,10.48531222,76.44418700,658051.470,1159433.967,108.30,658051.463,1159433.987,-64.8,9,658051.754,1159433.198,10.48530800,76.44418800,0.000,-0.283,4.6,-4.6,0.5,-0.5,1100,1100,RTK FIXED
66.048,082131.80,10.48531200,76.44418700,10.48531213,76.44418700,658051.470,1159433.967,108.30,658051.466,1159433.979,-65.6,9,658051.754,1159433.198,10.48530800,76.44418800,0.000,-0.283,4.6,-4.6,0.0,0.0,1100,1100,RTK FIXED
66.265,082132.00,10.48531200,76.44418700,10.48531208,76.44418700,658051.504,1159433.983,108.30,658051.481,1159433.981,-66.4,9,658051.754,1159433.198,10.48530800,76.44418800,0.363,-0.048,10.0,9.2,-0.1,0.0,450,450,RTK FIXED
66.302,082132.20,10.48531200,76.44418600,10.48531205,76.44418660,658051.395,1159433.983,108.30,658051.447,1159433.981,-66.4,9,658051.754,1159433.198,10.48530800,76.44418800,0.365,-0.029,10.0,9.5,0.7,0.0,900,900,RTK FIXED
66.347,082132.20,10.48531200,76.44418600,10.48531203,76.44418636,658051.395,1159433.983,108.30,658051.426,1159433.982,-66.4,9,658051.754,1159433.198,10.48530800,76.44418800,0.365,-0.029,10.0,9.5,-0.6,0.0,1350,1350,RTK FIXED
66.402,082132.40,10.48531200,76.44418600,10.48531202,76.44418622,658051.395,1159433.983,108.30,658051.413,1159433.982,-66.4,9,658051.754,1159433.198,10.48530800,76.44418800,0.366,-0.018,10.0,9.7,0.0,0.0,1800,1800,RTK FIXED
66.448,082132.40,10.48531200,76.44418600,10.48531201,76.44418613,658051.395,1159433.983,108.30,658051.406,1159433.982,-66.4,9,658051.754,1159433.198,10.48530800,76.44418800,0.366,-0.018,10.0,9.7,0.0,0.0,2047,1989,RTK FIXED
66.502,082132.40,10.48531200,76.44418600,10.48531201,76.44418608,658051.395,1159433.983,108.30,658051.401,1159433.982,-66.4,9,658051.754,1159433.198,10.48530800,76.44418800,0.366,-0.018,10.0,9.7,0.0,0.0,2047,1989,RTK FIXED
66.548,082132.40,10.48531200,76.44418600,10.48531200,76.44418605,658051.395,1159433.983,108.30,658051.399,1159433.982,-66.4,9,658051.754,1159433.198,10.48530800,76.44418800,0.366,-0.018,10.0,9.7,0.5,0.0,2047,1989,RTK FIXED
66.602,082132.40,10.48531200,76.44418600,10.48531200,76.44418603,658051.395,1159433.983,108.30,658051.397,1159433.983,-66.4,9,658051.754,1159433.198,10.48530800,76.44418800,0.366,-0.018,10.0,9.7,-0.5,0.9,2047,1989,RTK FIXED
66.648,082132.40,10.48531200,76.44418600,10.48531200,76.44418602,658051.395,1159433.983,108.30,658051.396,1159433.983,-66.4,9,658051.754,1159433.198,10.48530800,76.44418800,0.366,-0.018,10.0,9.7,0.5,1.6,2047,1989,RTK FIXED
66.703,082132.60,10.48531200,76.44418600,10.48531200,76.44418601,658051.395,1159433.983,108.30,658051.396,1159433.983,-66.4,9,658051.754,1159433.198,10.48530800,76.44418800,0.366,-0.011,10.0,9.8,0.0,1.8,2047,2012,RTK FIXED
66.756,082132.60,10.48531200,76.44418600,10.48531200,76.44418601,658051.395,1159433.983,108.30,658051.395,1159433.983,-66.4,9,658051.754,1159433.198,10.48530800,76.44418800,0.366,-0.011,10.0,9.8,0.0,1.9,2047,2012,RTK FIXED
66.803,082132.60,10.48531200,76.44418600,10.48531200,76.44418600,658051.395,1159433.983,108.30,658051.395,1159433.983,-66.4,9,658051.754,1159433.198,10.48530800,76.44418800,0.366,-0.011,10.0,9.8,0.0,2.2,2047,2012,RTK FIXED
66.857,082132.80,10.48531200,76.44418600,10.48531200,76.44418600,658051.395,1159433.983,108.30,658051.395,1159433.983,-66.4,9,658051.754,1159433.198,10.48530800,76.44418800,0.366,-0.006,10.0,9.9,0.0,2.3,2047,2026,RTK FIXED
66.903,082132.80,10.48531200,76.44418600,10.48531200,76.44418600,658051.395,1159433.983,108.30,658051.395,1159433.983,-66.4,9,658051.754,1159433.198,10.48530800,76.44418800,0.366,-0.006,10.0,9.9,-0.5,2.2,2047,2026,RTK FIXED
66.956,082132.80,10.48531200,76.44418600,10.48531200,76.44418600,658051.395,1159433.983,108.30,658051.395,1159433.983,-66.4,9,658051.754,1159433.198,10.48530800,76.44418800,0.366,-0.006,10.0,9.9,0.5,2.8,2047,2026,RTK FIXED
67.003,082132.80,10.48531200,76.44418600,10.48531200,76.44418600,658051.395,1159433.983,108.30,658051.395,1159433.983,-66.4,9,658051.754,1159433.198,10.48530800,76.44418800,0.366,-0.006,10.0,9.9,0.0,2.7,2047,2026,RTK FIXED
67.056,082132.80,10.48531200,76.44418600,10.48531200,76.44418600,658051.395,1159433.983,108.30,658051.395,1159433.983,-66.4,9,658051.754,1159433.198,10.48530800,76.44418800,0.366,-0.006,10.0,9.9,0.0,4.2,2047,2026,RTK FIXED
67.103,082133.00,10.48531200,76.44418600,10.48531200,76.44418600,658051.395,1159433.983,108.30,658051.395,1159433.983,-66.4,9,658051.754,1159433.198,10.48530800,76.44418800,0.366,-0.004,10.0,9.9,-0.5,4.8,2047,2035,RTK FIXED
67.157,082133.00,10.48531200,76.44418600,10.48531200,76.44418600,658051.395,1159433.983,108.30,658051.395,1159433.983,-66.4,9,658051.754,1159433.198,10.48530800,76.44418800,0.366,-0.004,10.0,9.9,0.5,5.6,2047,2035,RTK FIXED
67.203,082133.20,10.48531200,76.44418600,10.48531200,76.44418600,658051.395,1159433.983,108.30,658051.395,1159433.983,-66.4,9,658051.754,1159433.198,10.48530800,76.44418800,0.366,-0.002,10.0,10.0,0.0,6.0,2047,2040,RTK FIXED
67.257,082133.20,10.48531200,76.44418600,10.48531200,76.44418600,658051.395,1159433.983,108.30,658051.395,1159433.983,-66.4,9,658051.754,1159433.198,10.48530800,76.44418800,0.366,-0.002,10.0,10.0,0.0,6.5,2047,2040,RTK FIXED
67.311,082133.20,10.48531200,76.44418600,10.48531200,76.44418600,658051.395,1159433.983,108.30,658051.395,1159433.983,-66.4,9,658051.754,1159433.198,10.48530800,76.44418800,0.366,-0.002,10.0,10.0,-0.5,8.3,2047,2040,RTK FIXED
67.357,082133.40,10.48531200,76.44418600,10.48531200,76.44418600,658051.395,1159433.983,108.30,658051.395,1159433.983,-66.4,9,658051.754,1159433.198,10.48530800,76.44418800,0.366,-0.001,10.0,10.0,0.0,9.7,2047,2043,RTK FIXED
67.415,082133.40,10.48531200,76.44418600,10.48531200,76.44418600,658051.395,1159433.983,108.30,658051.395,1159433.983,-66.4,9,658051.754,1159433.198,10.48530800,76.44418800,0.366,-0.001,10.0,10.0,0.0,11.7,2047,2043,RTK FIXED
67.457,082133.40,10.48531200,76.44418600,10.48531200,76.44418600,658051.395,1159433.983,108.30,658051.395,1159433.983,-66.4,9,658051.754,1159433.198,10.48530800,76.44418800,0.366,-0.001,10.0,10.0,0.5,10.8,2047,2043,RTK FIXED
67.511,082133.40,10.48531200,76.44418600,10.48531200,76.44418600,658051.395,1159433.983,108.30,658051.395,1159433.983,-66.4,9,658051.754,1159433.198,10.48530800,76.44418800,0.366,-0.001,10.0,10.0,-0.5,12.6,2047,2043,RTK FIXED
67.557,082133.40,10.48531200,76.44418600,10.48531200,76.44418600,658051.395,1159433.983,108.30,658051.395,1159433.983,-66.4,9,658051.754,1159433.198,10.48530800,76.44418800,0.366,-0.001,10.0,10.0,0.5,13.0,2047,2043,RTK FIXED
67.611,082133.40,10.48531200,76.44418600,10.48531200,76.44418600,658051.395,1159433.983,108.30,658051.395,1159433.983,-66.4,9,658051.754,1159433.198,10.48530800,76.44418800,0.366,-0.001,10.0,10.0,-0.5,14.4,2047,2043,RTK FIXED
67.659,082133.60,10.48531100,76.44418600,10.48531160,76.44418600,658051.395,1159433.872,108.30,658051.395,1159433.938,-81.7,9,658051.754,1159433.198,10.48530800,76.44418800,0.335,0.154,7.6,10.0,0.0,15.1,1597,2047,RTK FIXED
67.711,082133.60,10.48531100,76.44418600,10.48531136,76.44418600,658051.395,1159433.872,108.30,658051.395,1159433.912,-81.7,9,658051.754,1159433.198,10.48530800,76.44418800,0.335,0.154,7.6,10.0,0.0,16.3,1551,2047,RTK FIXED
67.765,082133.60,10.48531100,76.44418600,10.48531122,76.44418600,658051.395,1159433.872,108.30,658051.395,1159433.896,-81.7,9,658051.754,1159433.198,10.48530800,76.44418800,0.335,0.154,7.6,10.0,0.0,16.2,1551,2047,RTK FIXED
67.811,082133.60,10.48531100,76.44418600,10.48531113,76.44418600,658051.395,1159433.872,108.30,658051.395,1159433.886,-81.7,9,658051.754,1159433.198,10.48530800,76.44418800,0.335,0.154,7.6,10.0,0.0,17.3,1551,2047,RTK FIXED
67.865,082133.80,10.48531100,76.44418600,10.48531108,76.44418600,658051.491,1159433.896,108.30,658051.433,1159433.890,-81.7,9,658051.754,1159433.198,10.48530800,76.44418800,0.341,0.138,7.8,10.0,0.0,18.0,1603,2047,RTK FIXED
67.911,082133.80,10.48531100,76.44418600,10.48531105,76.44418600,658051.491,1159433.896,108.30,658051.456,1159433.893,-81.7,9,658051.754,1159433.198,10.48530800,76.44418800,0.341,0.138,7.8,10.0,0.5,18.0,1603,2047,RTK FIXED
67.965,082133.80,10.48531100,76.44418600,10.48531103,76.44418600,658051.491,1159433.896,108.30,658051.470,1159433.894,-81.7,9,658051.754,1159433.198,10.48530800,76.44418800,0.341,0.138,7.8,10.0,0.0,18.1,1603,2047,RTK FIXED
68.011,082133.80,10.48531100,76.44418600,10.48531102,76.44418600,658051.491,1159433.896,108.30,658051.478,1159433.895,-81.7,9,658051.754,1159433.198,10.48530800,76.44418800,0.341,0.138,7.8,10.0,0.0,17.8,1603,2047,RTK FIXED
68.065,082134.00,10.48531100,76.44418600,10.48531101,76.44418600,658051.491,1159433.896,108.30,658051.483,1159433.896,-81.7,9,658051.754,1159433.198,10.48530800,76.44418800,0.344,0.129,8.0,10.0,-0.5,17.5,1634,2047,RTK FIXED
68.112,082134.00,10.48531100,76.44418600,10.48531101,76.44418600,658051.491,1159433.896,108.30,658051.486,1159433.896,-81.7,9,658051.754,1159433.198,10.48530800,76.44418800,0.344,0.129,8.0,10.0,0.5,17.8,1634,2047,RTK FIXED
68.165,082134.00,10.48531100,76.44418600,10.48531100,76.44418600,658051.491,1159433.896,108.30,658051.488,1159433.896,-81.7,9,658051.754,1159433.198,10.48530800,76.44418800,0.344,0.129,8.0,10.0,0.0,17.9,1634,2047,RTK FIXED
68.220,082134.20,10.48531000,76.44418600,10.48531060,76.44418600,658051.491,1159433.786,108.30,658051.489,1159433.852,-71.1,9,658051.754,1159433.198,10.48530800,76.44418800,0.364,0.042,9.3,10.0,-0.5,17.8,1909,2047,RTK FIXED
68.265,082134.20,10.48531000,76.44418600,10.48531036,76.44418600,658051.491,1159433.786,108.30,658051.490,1159433.826,-71.1,9,658051.754,1159433.198,10.48530800,76.44418800,0.364,0.042,9.3,10.0,0.0,17.2,1909,2047,RTK FIXED
68.320,082134.20,10.48531000,76.44418600,10.48531022,76.44418600,658051.491,1159433.786,108.30,658051.490,1159433.810,-71.1,9,658051.754,1159433.198,10.48530800,76.44418800,0.364,0.042,9.3,10.0,0.5,17.8,1909,2047,RTK FIXED
68.366,082134.40,10.48531000,76.44418700,10.48531013,76.44418640,658051.533,1159433.772,108.30,658051.508,1159433.795,-71.1,9,658051.754,1159433.198,10.48530800,76.44418800,0.364,0.040,9.4,10.0,0.0,17.8,1915,2047,RTK FIXED
68.419,082134.40,10.48531000,76.44418700,10.48531008,76.44418664,658051.533,1159433.772,108.30,658051.518,1159433.786,-71.1,9,658051.754,1159433.198,10.48530800,76.44418800,0.364,0.040,9.4,10.0,0.0,17.7,1915,2047,RTK FIXED
68.466,082134.40,10.48531000,76.44418700,10.48531005,76.44418678,658051.533,1159433.772,108.30,658051.524,1159433.780,-71.1,9,658051.754,1159433.198,10.48530800,76.44418800,0.364,0.040,9.4,10.0,0.0,17.3,1915,2047,RTK FIXED
68.520,082134.40,10.48531000,76.44418700,10.48531003,76.44418687,658051.533,1159433.772,108.30,658051.528,1159433.777,-71.1,9,658051.754,1159433.198,10.48530800,76.44418800,0.364,0.040,9.4,10.0,0.0,18.1,1915,2047,RTK FIXED
68.567,082134.40,10.48531000,76.44418700,10.48531002,76.44418692,658051.533,1159433.772,108.30,658051.530,1159433.775,-71.1,9,658051.754,1159433.198,10.48530800,76.44418800,0.364,0.040,9.4,10.0,-0.5,18.2,1915,2047,RTK FIXED
68.620,082134.40,10.48531000,76.44418700,10.48531001,76.44418695,658051.533,1159433.772,108.30,658051.531,1159433.774,-71.1,9,658051.754,1159433.198,10.48530800,76.44418800,0.364,0.040,9.4,10.0,0.5,18.3,1915,2047,RTK FIXED
68.666,082134.60,10.48531000,76.44418700,10.48531001,76.44418697,658051.533,1159433.772,108.30,658051.532,1159433.773,-71.1,9,658051.754,1159433.198,10.48530800,76.44418800,0.364,0.040,9.4,10.0,0.0,17.8,1918,2047,RTK FIXED
68.720,082134.60,10.48531000,76.44418700,10.48531000,76.44418698,658051.533,1159433.772,108.30,658051.533,1159433.773,-71.1,9,658051.754,1159433.198,10.48530800,76.44418800,0.364,0.040,9.4,10.0,0.0,18.2,1918,2047,RTK FIXED
68.765,082134.60,10.48531000,76.44418700,10.48531000,76.44418699,658051.533,1159433.772,108.30,658051.533,1159433.772,-71.1,9,658051.754,1159433.198,10.48530800,76.44418800,0.364,0.040,9.4,10.0,-0.5,18.1,1918,2047,RTK FIXED
68.820,082134.60,10.48531000,76.44418700,10.48531000,76.44418699,658051.533,1159433.772,108.30,658051.533,1159433.772,-71.1,9,658051.754,1159433.198,10.48530800,76.44418800,0.364,0.040,9.4,10.0,0.0,17.9,1918,2047,RTK FIXED
68.875,082134.80,10.48530900,76.44418700,10.48530960,76.44418700,658051.534,1159433.661,108.30,658051.533,1159433.728,-69.7,9,658051.754,1159433.198,10.48530800,76.44418800,0.364,0.043,9.3,10.0,0.5,18.3,1908,2047,RTK FIXED
68.920,082134.80,10.48530900,76.44418700,10.48530936,76.44418700,658051.534,1159433.661,108.30,658051.534,1159433.701,-69.7,9,658051.754,1159433.198,10.48530800,76.44418800,0.364,0.043,9.3,10.0,-0.5,18.1,1908,2047,RTK FIXED
68.974,082134.80,10.48530900,76.44418700,10.48530922,76.44418700,658051.534,1159433.661,108.30,658051.534,1159433.685,-69.7,9,658051.754,1159433.198,10.48530800,76.44418800,0.364,0.043,9.3,10.0,0.0,18.1,1908,2047,RTK FIXED
69.020,082134.80,10.48530900,76.44418700,10.48530913,76.44418700,658051.534,1159433.661,108.30,658051.534,1159433.676,-69.7,9,658051.754,1159433.198,10.48530800,76.44418800,0.364,0.043,9.3,10.0,0.5,17.8,1908,2047,RTK FIXED
69.074,082135.00,10.48530900,76.44418700,10.48530908,76.44418700,658051.526,1159433.659,108.20,658051.530,1159433.669,-69.7,9,658051.754,1159433.198,10.48530800,76.44418800,0.362,0.054,9.1,10.0,0.0,18.0,1872,2047,RTK FIXED
69.120,082135.00,10.48530900,76.44418700,10.48530905,76.44418700,658051.526,1159433.659,108.20,658051.528,1159433.665,-69.7,9,658051.754,1159433.198,10.48530800,76.44418800,0.362,0.054,9.1,10.0,-0.5,18.0,1872,2047,RTK FIXED
69.174,082135.00,10.48530900,76.44418700,10.48530903,76.44418700,658051.526,1159433.659,108.20,658051.527,1159433.662,-69.7,9,658051.754,1159433.198,10.48530800,76.44418800,0.362,0.054,9.1,10.0,0.0,17.7,1872,2047,RTK FIXED
69.221,082135.20,10.48530900,76.44418700,10.48530902,76.44418700,658051.526,1159433.659,108.20,658051.527,1159433.661,-69.7,9,658051.754,1159433.198,10.48530800,76.44418800,0.361,0.061,9.0,10.0,0.5,18.2,1850,2047,RTK FIXED
69.274,082135.20,10.48530900,76.44418700,10.48530901,76.44418700,658051.526,1159433.659,108.20,658051.526,1159433.660,-69.7,9,658051.754,1159433.198,10.48530800,76.44418800,0.361,0.061,9.0,10.0,-0.5,17.8,1850,2047,RTK FIXED
69.320,082135.20,10.48530900,76.44418700,10.48530901,76.44418700,658051.526,1159433.659,108.20,658051.526,1159433.659,-69.7,9,658051.754,1159433.198,10.48530800,76.44418800,0.361,0.061,9.0,10.0,0.5,18.0,1850,2047,RTK FIXED
69.375,082135.40,10.48530800,76.44418700,10.48530860,76.44418700,658051.526,1159433.548,108.30,658051.526,1159433.615,-75.1,9,658051.754,1159433.198,10.48530800,76.44418800,0.344,0.130,8.0,10.0,0.0,18.2,1629,2047,RTK FIXED
69.431,082135.40,10.48530800,76.44418700,10.48530836,76.44418700,658051.526,1159433.548,108.30,658051.526,1159433.588,-75.1,9,658051.754,1159433.198,10.48530800,76.44418800,0.344,0.130,8.0,10.0,-0.4,17.7,1629,2047,RTK FIXED
69.474,082135.40,10.48530800,76.44418700,10.48530822,76.44418700,658051.526,1159433.548,108.30,658051.526,1159433.572,-75.1,9,658051.754,1159433.198,10.48530800,76.44418800,0.344,0.130,8.0,10.0,0.0,17.5,1629,2047,RTK FIXED
69.528,082135.40,10.48530800,76.44418700,10.48530813,76.44418700,658051.526,1159433.548,108.30,658051.526,1159433.562,-75.1,9,658051.754,1159433.198,10.48530800,76.44418800,0.344,0.130,8.0,10.0,0.5,17.6,1629,2047,RTK FIXED
69.574,082135.40,10.48530800,76.44418700,10.48530808,76.44418700,658051.526,1159433.548,108.30,658051.526,1159433.557,-75.1,9,658051.754,1159433.198,10.48530800,76.44418800,0.344,0.130,8.0,10.0,-0.5,17.8,1629,2047,RTK FIXED
69.628,082135.40,10.48530800,76.44418700,10.48530805,76.44418700,658051.526,1159433.548,108.30,658051.526,1159433.553,-75.1,9,658051.754,1159433.198,10.48530800,76.44418800,0.344,0.130,8.0,10.0,0.0,18.1,1629,2047,RTK FIXED
69.675,082135.60,10.48530800,76.44418700,10.48530803,76.44418700,658051.559,1159433.558,108.30,658051.539,1159433.555,-75.1,9,658051.754,1159433.198,10.48530800,76.44418800,0.343,0.133,7.9,10.0,0.0,17.6,1620,2047,RTK FIXED
69.729,082135.60,10.48530800,76.44418700,10.48530802,76.44418700,658051.559,1159433.558,108.30,658051.547,1159433.556,-75.1,9,658051.754,1159433.198,10.48530800,76.44418800,0.343,0.133,7.9,10.0,0.0,18.1,1620,2047,RTK FIXED
69.775,082135.60,10.48530800,76.44418700,10.48530801,76.44418700,658051.559,1159433.558,108.30,658051.552,1159433.557,-75.1,9,658051.754,1159433.198,10.48530800,76.44418800,0.343,0.133,7.9,10.0,0.0,17.4,1620,2047,RTK FIXED
69.830,082135.60,10.48530800,76.44418700,10.48530801,76.44418700,658051.559,1159433.558,108.30,658051.555,1159433.557,-75.1,9,658051.754,1159433.198,10.48530800,76.44418800,0.343,0.133,7.9,10.0,0.0,17.2,1620,2047,RTK FIXED
69.875,082135.80,10.48530800,76.44418800,10.48530800,76.44418740,658051.669,1159433.558,108.30,658051.601,1159433.558,-63.4,9,658051.754,1159433.198,10.48530800,76.44418800,0.336,0.003,9.9,10.0,0.0,17.7,2036,2047,RTK FIXED
69.928,082135.80,10.48530800,76.44418800,10.48530800,76.44418764,658051.669,1159433.558,108.30,658051.628,1159433.558,-63.4,9,658051.754,1159433.198,10.48530800,76.44418800,0.336,0.003,9.9,10.0,0.0,17.8,2036,2047,RTK FIXED
69.983,082135.80,10.48530800,76.44418800,10.48530800,76.44418778,658051.669,1159433.558,108.30,658051.644,1159433.558,-63.4,9,658051.754,1159433.198,10.48530800,76.44418800,0.336,0.003,9.9,10.0,0.0,17.4,2036,2047,RTK FIXED
70.029,082135.80,10.48530800,76.44418800,10.48530800,76.44418787,658051.669,1159433.558,108.30,658051.654,1159433.558,-63.4,9,658051.754,1159433.198,10.48530800,76.44418800,0.336,0.003,9.9,10.0,0.5,18.0,2036,2047,RTK FIXED
70.085,082136.00,10.48530700,76.44418800,10.48530760,76.44418792,658051.598,1159433.423,108.20,658051.632,1159433.504,-63.4,10,658052.306,1159432.316,10.48530000,76.44419300,0.365,0.033,9.5,10.0,-0.4,18.1,1939,2047,RTK FIXED
70.128,082136.00,10.48530700,76.44418800,10.48530736,76.44418795,658051.598,1159433.423,108.20,658051.618,1159433.471,-63.4,10,658052.306,1159432.316,10.48530000,76.44419300,0.365,0.033,9.5,10.0,0.6,17.5,1939,2047,RTK FIXED
70.184,082136.20,10.48530700,76.44418800,10.48530722,76.44418797,658051.598,1159433.423,108.20,658051.610,1159433.452,-70.6,10,658052.306,1159432.316,10.48530000,76.44419300,0.351,0.107,8.3,10.0,0.0,19.1,1704,2047,RTK FIXED
70.229,082136.20,10.48530700,76.44418800,10.48530713,76.44418798,658051.598,1159433.423,108.20,658051.606,1159433.440,-70.6,10,658052.306,1159432.316,10.48530000,76.44419300,0.351,0.107,8.3,10.0,0.0,18.5,1704,2047,RTK FIXED
70.283,082136.20,10.48530700,76.44418800,10.48530708,76.44418799,658051.598,1159433.423,108.20,658051.603,1159433.433,-70.6,10,658052.306,1159432.316,10.48530000,76.44419300,0.351,0.107,8.3,10.0,0.0,19.0,1704,2047,RTK FIXED
70.329,082136.20,10.48530700,76.44418800,10.48530705,76.44418799,658051.598,1159433.423,108.20,658051.601,1159433.429,-70.6,10,658052.306,1159432.316,10.48530000,76.44419300,0.351,0.107,8.3,10.0,-0.5,19.7,1704,2047,RTK FIXED
70.384,082136.40,10.48530700,76.44418800,10.48530703,76.44418800,658051.641,1159433.440,108.20,658051.617,1159433.433,-70.6,10,658052.306,1159432.316,10.48530000,76.44419300,0.352,0.103,8.4,10.0,0.5,19.0,1715,2047,RTK FIXED
70.429,082136.40,10.48530700,76.44418800,10.48530702,76.44418800,658051.641,1159433.440,108.20,658051.627,1159433.436,-70.6,10,658052.306,1159432.316,10.48530000,76.44419300,0.352,0.103,8.4,10.0,0.0,18.2,1715,2047,RTK FIXED
70.483,082136.40,10.48530700,76.44418800,10.48530701,76.44418800,658051.641,1159433.440,108.20,658051.633,1159433.437,-70.6,10,658052.306,1159432.316,10.48530000,76.44419300,0.352,0.103,8.4,10.0,0.0,18.1,1715,2047,RTK FIXED
70.529,082136.40,10.48530700,76.44418800,10.48530701,76.44418800,658051.641,1159433.440,108.20,658051.636,1159433.438,-70.6,10,658052.306,1159432.316,10.48530000,76.44419300,0.352,0.103,8.4,10.0,-0.5,17.9,1715,2047,RTK FIXED
70.583,082136.40,10.48530700,76.44418800,10.48530700,76.44418800,658051.641,1159433.440,108.20,658051.638,1159433.439,-70.6,10,658052.306,1159432.316,10.48530000,76.44419300,0.352,0.103,8.4,10.0,0.5,18.3,1715,2047,RTK FIXED
70.638,082136.40,10.48530700,76.44418800,10.48530700,76.44418800,658051.641,1159433.440,108.20,658051.639,1159433.439,-70.6,10,658052.306,1159432.316,10.48530000,76.44419300,0.352,0.103,8.4,10.0,-0.4,18.0,1715,2047,RTK FIXED
70.684,082136.60,10.48530700,76.44418800,10.48530700,76.44418800,658051.641,1159433.440,108.20,658051.640,1159433.439,-70.6,10,658052.306,1159432.316,10.48530000,76.44419300,0.352,0.101,8.4,10.0,0.0,18.6,1722,2047,RTK FIXED
70.737,082136.60,10.48530700,76.44418800,10.48530700,76.44418800,658051.641,1159433.440,108.20,658051.641,1159433.440,-70.6,10,658052.306,1159432.316,10.48530000,76.44419300,0.352,0.101,8.4,10.0,0.5,18.3,1722,2047,RTK FIXED
70.783,082136.60,10.48530700,76.44418800,10.48530700,76.44418800,658051.641,1159433.440,108.20,658051.641,1159433.440,-70.6,10,658052.306,1159432.316,10.48530000,76.44419300,0.352,0.101,8.4,10.0,0.0,18.4,1722,2047,RTK FIXED
70.837,082136.60,10.48530700,76.44418800,10.48530700,76.44418800,658051.641,1159433.440,108.20,658051.641,1159433.440,-70.6,10,658052.306,1159432.316,10.48530000,76.44419300,0.352,0.101,8.4,10.0,-0.5,18.1,1722,2047,RTK FIXED
70.883,082136.80,10.48530600,76.44418900,10.48530660,76.44418840,658051.751,1159433.330,108.20,658051.685,1159433.396,-62.5,10,658052.306,1159432.316,10.48530000,76.44419300,0.366,0.018,9.7,10.0,0.5,18.3,1986,2047,RTK FIXED
70.937,082136.80,10.48530600,76.44418900,10.48530636,76.44418864,658051.751,1159433.330,108.20,658051.712,1159433.369,-62.5,10,658052.306,1159432.316,10.48530000,76.44419300,0.366,0.018,9.7,10.0,-0.5,17.7,1986,2047,RTK FIXED
70.984,082136.80,10.48530600,76.44418900,10.48530622,76.44418878,658051.751,1159433.330,108.20,658051.728,1159433.353,-62.5,10,658052.306,1159432.316,10.48530000,76.44419300,0.366,0.018,9.7,10.0,0.5,18.3,1986,2047,RTK FIXED
71.038,082136.80,10.48530600,76.44418900,10.48530613,76.44418887,658051.751,1159433.330,108.20,658051.737,1159433.344,-62.5,10,658052.306,1159432.316,10.48530000,76.44419300,0.366,0.018,9.7,10.0,-0.5,18.0,1986,2047,RTK FIXED
71.092,082137.00,10.48530600,76.44418900,10.48530608,76.44418892,658051.703,1159433.310,108.20,658051.724,1159433.330,-62.5,10,658052.306,1159432.316,10.48530000,76.44419300,0.365,0.023,9.6,10.0,0.5,18.5,1970,2047,RTK FIXED
71.137,082137.00,10.48530600,76.44418900,10.48530605,76.44418895,658051.703,1159433.310,108.20,658051.715,1159433.322,-62.5,10,658052.306,1159432.316,10.48530000,76.44419300,0.365,0.023,9.6,10.0,-0.6,18.3,1970,2047,RTK FIXED
71.192,082137.20,10.48530600,76.44418900,10.48530603,76.44418897,658051.703,1159433.310,108.30,658051.711,1159433.318,-62.5,10,658052.306,1159432.316,10.48530000,76.44419300,0.365,0.027,9.6,10.0,0.5,18.6,1959,2047,RTK FIXED
71.237,082137.20,10.48530600,76.44418900,10.48530602,76.44418898,658051.703,1159433.310,108.30,658051.708,1159433.315,-62.5,10,658052.306,1159432.316,10.48530000,76.44419300,0.365,0.027,9.6,10.0,0.0,19.1,1959,2047,RTK FIXED
71.291,082137.20,10.48530600,76.44418900,10.48530601,76.44418899,658051.703,1159433.310,108.30,658051.706,1159433.313,-62.5,10,658052.306,1159432.316,10.48530000,76.44419300,0.365,0.027,9.6,10.0,0.0,18.8,1959,2047,RTK FIXED
71.337,082137.20,10.48530600,76.44418900,10.48530601,76.44418899,658051.703,1159433.310,108.30,658051.705,1159433.312,-62.5,10,658052.306,1159432.316,10.48530000,76.44419300,0.365,0.027,9.6,10.0,0.0,18.7,1959,2047,RTK FIXED
71.392,082137.40,10.48530600,76.44419000,10.48530600,76.44418940,658051.813,1159433.311,108.30,658051.748,1159433.311,-58.3,10,658052.306,1159432.316,10.48530000,76.44419300,0.365,-0.032,10.0,9.5,-0.5,18.4,2047,1941,RTK FIXED
71.438,082137.40,10.48530600,76.44419000,10.48530600,76.44418964,658051.813,1159433.311,108.30,658051.774,1159433.311,-58.3,10,658052.306,1159432.316,10.48530000,76.44419300,0.365,-0.032,10.0,9.5,0.5,19.1,2047,1941,RTK FIXED
71.491,082137.40,10.48530600,76.44419000,10.48530600,76.44418978,658051.813,1159433.311,108.30,658051.789,1159433.311,-58.3,10,658052.306,1159432.316,10.48530000,76.44419300,0.365,-0.032,10.0,9.5,-0.5,18.3,2047,1941,RTK FIXED
71.538,082137.40,10.48530600,76.44419000,10.48530600,76.44418987,658051.813,1159433.311,108.30,658051.799,1159433.311,-58.3,10,658052.306,1159432.316,10.48530000,76.44419300,0.365,-0.032,10.0,9.5,0.5,18.0,2047,1941,RTK FIXED
71.592,082137.40,10.48530600,76.44419000,10.48530600,76.44418992,658051.813,1159433.311,108.30,658051.804,1159433.311,-58.3,10,658052.306,1159432.316,10.48530000,76.44419300,0.365,-0.032,10.0,9.5,0.0,18.6,2047,1941,RTK FIXED
71.646,082137.40,10.48530600,76.44419000,10.48530600,76.44418995,658051.813,1159433.311,108.30,658051.808,1159433.311,-58.3,10,658052.306,1159432.316,10.48530000,76.44419300,0.365,-0.032,10.0,9.5,-0.5,17.7,2047,1941,RTK FIXED
71.692,082137.60,10.48530500,76.44419000,10.48530560,76.44418997,658051.789,1159433.187,108.30,658051.800,1159433.261,-58.3,10,658052.306,1159432.316,10.48530000,76.44419300,0.365,-0.026,10.0,9.6,0.5,18.2,2047,1962,RTK FIXED
71.746,082137.60,10.48530500,76.44419000,10.48530536,76.44418998,658051.789,1159433.187,108.30,658051.796,1159433.232,-58.3,10,658052.306,1159432.316,10.48530000,76.44419300,0.365,-0.026,10.0,9.6,0.0,16.8,2047,1962,RTK FIXED
71.792,082137.60,10.48530500,76.44419000,10.48530522,76.44418999,658051.789,1159433.187,108.30,658051.793,1159433.214,-58.3,10,658052.306,1159432.316,10.48530000,76.44419300,0.365,-0.026,10.0,9.6,-0.5,17.3,2047,1962,RTK FIXED
71.846,082137.60,10.48530500,76.44419000,10.48530513,76.44418999,658051.789,1159433.187,108.30,658051.791,1159433.203,-58.3,10,658052.306,1159432.316,10.48530000,76.44419300,0.365,-0.026,10.0,9.6,0.0,17.2,2047,1962,RTK FIXED
71.892,082137.80,10.48530500,76.44419000,10.48530508,76.44419000,658051.789,1159433.187,108.30,658051.790,1159433.197,-62.3,10,658052.306,1159432.316,10.48530000,76.44419300,0.366,0.014,9.8,10.0,0.5,17.7,1999,2047,RTK FIXED
71.946,082137.80,10.48530500,76.44419000,10.48530505,76.44419000,658051.789,1159433.187,108.30,658051.790,1159433.193,-62.3,10,658052.306,1159432.316,10.48530000,76.44419300,0.366,0.014,9.8,10.0,-0.5,17.2,1999,2047,RTK FIXED
71.992,082137.80,10.48530500,76.44419000,10.48530503,76.44419000,658051.789,1159433.187,108.30,658051.789,1159433.191,-62.3,10,658052.306,1159432.316,10.48530000,76.44419300,0.366,0.014,9.8,10.0,0.6,17.1,1999,2047,RTK FIXED
72.047,082138.00,10.48530500,76.44419000,10.48530502,76.44419000,658051.812,1159433.199,108.30,658051.798,1159433.194,-62.3,10,658052.306,1159432.316,10.48530000,76.44419300,0.366,0.010,9.8,10.0,-0.5,17.3,2013,2047,RTK FIXED
72.092,082138.00,10.48530500,76.44419000,10.48530501,76.44419000,658051.812,1159433.199,108.30,658051.804,1159433.196,-62.3,10,658052.306,1159432.316,10.48530000,76.44419300,0.366,0.010,9.8,10.0,0.0,16.0,2013,2047,RTK FIXED
72.147,082138.00,10.48530500,76.44419000,10.48530501,76.44419000,658051.812,1159433.199,108.30,658051.807,1159433.198,-62.3,10,658052.306,1159432.316,10.48530000,76.44419300,0.366,0.010,9.8,10.0,0.0,17.6,2013,2047,RTK FIXED
72.193,082138.20,10.48530400,76.44419000,10.48530460,76.44419000,658051.812,1159433.089,108.30,658051.809,1159433.154,-62.3,10,658052.306,1159432.316,10.48530000,76.44419300,0.365,0.024,9.6,10.0,0.0,18.0,1967,2047,RTK FIXED
72.246,082138.20,10.48530400,76.44419000,10.48530436,76.44419000,658051.812,1159433.089,108.30,658051.810,1159433.128,-62.3,10,658052.306,1159432.316,10.48530000,76.44419300,0.365,0.024,9.6,10.0,0.5,18.2,1967,2047,RTK FIXED
72.300,082138.20,10.48530400,76.44419000,10.48530422,76.44419000,658051.812,1159433.089,108.30,658051.811,1159433.112,-62.3,10,658052.306,1159432.316,10.48530000,76.44419300,0.365,0.024,9.6,10.0,-0.5,17.8,1967,2047,RTK FIXED
72.347,082138.20,10.48530400,76.44419000,10.48530413,76.44419000,658051.812,1159433.089,108.30,658051.811,1159433.103,-62.3,10,658052.306,1159432.316,10.48530000,76.44419300,0.365,0.024,9.6,10.0,0.5,17.9,1967,2047,RTK FIXED
72.400,082138.20,10.48530400,76.44419000,10.48530408,76.44419000,658051.812,1159433.089,108.30,658051.812,1159433.097,-62.3,10,658052.306,1159432.316,10.48530000,76.44419300,0.365,0.024,9.6,10.0,-0.5,18.7,1967,2047,RTK FIXED
72.447,082138.20,10.48530400,76.44419000,10.48530405,76.44419000,658051.812,1159433.089,108.30,658051.812,1159433.094,-62.3,10,658052.306,1159432.316,10.48530000,76.44419300,0.365,0.024,9.6,10.0,0.5,17.3,1967,2047,RTK FIXED
72.501,082138.40,10.48530400,76.44419100,10.48530403,76.44419040,658051.922,1159433.089,108.30,658051.856,1159433.092,-59.6,10,658052.306,1159432.316,10.48530000,76.44419300,0.366,-0.017,10.0,9.7,0.0,17.9,2047,1990,RTK FIXED
72.547,082138.40,10.48530400,76.44419100,10.48530402,76.44419064,658051.922,1159433.089,108.30,658051.882,1159433.091,-59.6,10,658052.306,1159432.316,10.48530000,76.44419300,0.366,-0.017,10.0,9.7,0.0,18.1,2047,1990,RTK FIXED
72.600,082138.40,10.48530400,76.44419100,10.48530401,76.44419078,658051.922,1159433.089,108.30,658051.898,1159433.090,-59.6,10,658052.306,1159432.316,10.48530000,76.44419300,0.366,-0.017,10.0,9.7,-0.5,17.2,2047,1990,RTK FIXED
72.647,082138.40,10.48530400,76.44419100,10.48530401,76.44419087,658051.922,1159433.089,108.30,658051.907,1159433.090,-59.6,10,658052.306,1159432.316,10.48530000,76.44419300,0.366,-0.017,10.0,9.7,0.5,17.1,2047,1990,RTK FIXED
72.700,082138.60,10.48530400,76.44419100,10.48530400,76.44419092,658051.906,1159433.081,108.30,658051.907,1159433.086,-59.6,10,658052.306,1159432.316,10.48530000,76.44419300,0.365,-0.023,10.0,9.6,0.0,17.9,2047,1971,RTK FIXED
72.747,082138.60,10.48530400,76.44419100,10.48530400,76.44419095,658051.906,1159433.081,108.30,658051.907,1159433.084,-59.6,10,658052.306,1159432.316,10.48530000,76.44419300,0.365,-0.023,10.0,9.6,-0.5,17.8,2047,1971,RTK FIXED
72.801,082138.60,10.48530400,76.44419100,10.48530400,76.44419097,658051.906,1159433.081,108.30,658051.907,1159433.083,-59.6,10,658052.306,1159432.316,10.48530000,76.44419300,0.365,-0.023,10.0,9.6,0.0,17.7,2047,1971,RTK FIXED
72.855,082138.60,10.48530400,76.44419100,10.48530400,76.44419098,658051.906,1159433.081,108.30,658051.906,1159433.083,-59.6,10,658052.306,1159432.316,10.48530000,76.44419300,0.365,-0.023,10.0,9.6,0.5,17.5,2047,1971,RTK FIXED
72.901,082138.80,10.48530400,76.44419100,10.48530400,76.44419099,658051.906,1159433.081,108.30,658051.906,1159433.082,-59.6,10,658052.306,1159432.316,10.48530000,76.44419300,0.365,-0.026,10.0,9.6,-0.5,17.3,2047,1960,RTK FIXED
72.955,082138.80,10.48530400,76.44419100,10.48530400,76.44419099,658051.906,1159433.081,108.30,658051.906,1159433.082,-59.6,10,658052.306,1159432.316,10.48530000,76.44419300,0.365,-0.026,10.0,9.6,0.0,17.2,2047,1960,RTK FIXED
73.001,082138.80,10.48530400,76.44419100,10.48530400,76.44419100,658051.906,1159433.081,108.30,658051.906,1159433.082,-59.6,10,658052.306,1159432.316,10.48530000,76.44419300,0.365,-0.026,10.0,9.6,0.0,16.9,2047,1960,RTK FIXED
73.055,082138.80,10.48530400,76.44419100,10.48530400,76.44419100,658051.906,1159433.081,108.30,658051.906,1159433.082,-59.6,10,658052.306,1159432.316,10.48530000,76.44419300,0.365,-0.026,10.0,9.6,0.0,17.2,2047,1960,RTK FIXED
73.101,082139.00,10.48530300,76.44419100,10.48530360,76.44419100,658051.907,1159432.971,108.30,658051.907,1159433.037,-60.4,10,658052.306,1159432.316,10.48530000,76.44419300,0.366,-0.006,10.0,9.9,0.5,17.7,2047,2028,RTK FIXED
73.156,082139.00,10.48530300,76.44419100,10.48530336,76.44419100,658051.907,1159432.971,108.30,658051.907,1159433.011,-60.4,10,658052.306,1159432.316,10.48530000,76.44419300,0.366,-0.006,10.0,9.9,0.0,17.0,2047,2028,RTK FIXED
73.201,082139.20,10.48530300,76.44419100,10.48530322,76.44419100,658051.911,1159432.973,108.30,658051.908,1159432.996,-60.4,10,658052.306,1159432.316,10.48530000,76.44419300,0.366,0.001,10.0,10.0,-0.5,17.5,2042,2047,RTK FIXED
73.255,082139.20,10.48530300,76.44419100,10.48530313,76.44419100,658051.911,1159432.973,108.30,658051.909,1159432.987,-60.4,10,658052.306,1159432.316,10.48530000,76.44419300,0.366,0.001,10.0,10.0,0.0,17.3,2042,2047,RTK FIXED
73.301,082139.20,10.48530300,76.44419100,10.48530308,76.44419100,658051.911,1159432.973,108.30,658051.910,1159432.981,-60.4,10,658052.306,1159432.316,10.48530000,76.44419300,0.366,0.001,10.0,10.0,0.5,17.5,2042,2047,RTK FIXED
73.356,082139.20,10.48530300,76.44419100,10.48530305,76.44419100,658051.911,1159432.973,108.30,658051.910,1159432.978,-60.4,10,658052.306,1159432.316,10.48530000,76.44419300,0.366,0.001,10.0,10.0,0.0,17.7,2042,2047,RTK FIXED
73.402,082139.40,10.48530300,76.44419200,10.48530303,76.44419140,658052.021,1159432.974,108.30,658051.954,1159432.976,-60.4,10,658052.306,1159432.316,10.48530000,76.44419300,0.365,-0.020,10.0,9.7,-0.5,18.4,2047,1981,RTK FIXED
73.455,082139.40,10.48530300,76.44419200,10.48530302,76.44419164,658052.021,1159432.974,108.30,658051.981,1159432.975,-60.4,10,658052.306,1159432.316,10.48530000,76.44419300,0.365,-0.020,10.0,9.7,0.0,18.2,2047,1981,RTK FIXED
73.509,082139.40,10.48530300,76.44419200,10.48530301,76.44419178,658052.021,1159432.974,108.30,658051.997,1159432.975,-60.4,10,658052.306,1159432.316,10.48530000,76.44419300,0.365,-0.020,10.0,9.7,0.0,18.4,2047,1981,RTK FIXED
73.555,082139.40,10.48530300,76.44419200,10.48530301,76.44419187,658052.021,1159432.974,108.30,658052.006,1159432.974,-60.4,10,658052.306,1159432.316,10.48530000,76.44419300,0.365,-0.020,10.0,9.7,0.0,17.5,2047,1981,RTK FIXED
73.609,082139.40,10.48530300,76.44419200,10.48530300,76.44419192,658052.021,1159432.974,108.30,658052.012,1159432.974,-60.4,10,658052.306,1159432.316,10.48530000,76.44419300,0.365,-0.020,10.0,9.7,0.0,17.6,2047,1981,RTK FIXED
73.656,082139.40,10.48530300,76.44419200,10.48530300,76.44419195,658052.021,1159432.974,108.30,658052.015,1159432.974,-60.4,10,658052.306,1159432.316,10.48530000,76.44419300,0.365,-0.020,10.0,9.7,0.5,17.1,2047,1981,RTK FIXED
73.710,082139.60,10.48530200,76.44419200,10.48530260,76.44419197,658052.021,1159432.863,108.30,658052.018,1159432.929,-57.6,10,658052.306,1159432.316,10.48530000,76.44419300,0.364,-0.042,10.0,9.3,0.0,17.6,2047,1909,RTK FIXED
73.755,082139.60,10.48530200,76.44419200,10.48530236,76.44419198,658052.021,1159432.863,108.30,658052.019,1159432.903,-57.6,10,658052.306,1159432.316,10.48530000,76.44419300,0.364,-0.042,10.0,9.3,-0.5,17.5,2047,1909,RTK FIXED
73.809,082139.60,10.48530200,76.44419200,10.48530222,76.44419199,658052.021,1159432.863,108.30,658052.020,1159432.887,-57.6,10,658052.306,1159432.316,10.48530000,76.44419300,0.364,-0.042,10.0,9.3,0.0,18.4,2047,1909,RTK FIXED
73.856,082139.60,10.48530200,76.44419200,10.48530213,76.44419199,658052.021,1159432.863,108.30,658052.020,1159432.877,-57.6,10,658052.306,1159432.316,10.48530000,76.44419300,0.364,-0.042,10.0,9.3,0.0,17.7,2047,1909,RTK FIXED
73.910,082139.80,10.48530200,76.44419200,10.48530208,76.44419200,658052.005,1159432.854,108.30,658052.014,1159432.868,-57.6,10,658052.306,1159432.316,10.48530000,76.44419300,0.364,-0.035,10.0,9.4,0.0,17.8,2047,1932,RTK FIXED
73.956,082139.80,10.48530200,76.44419200,10.48530205,76.44419200,658052.005,1159432.854,108.30,658052.011,1159432.862,-57.6,10,658052.306,1159432.316,10.48530000,76.44419300,0.364,-0.035,10.0,9.4,0.5,16.9,2047,1932,RTK FIXED
74.010,082139.80,10.48530200,76.44419200,10.48530203,76.44419200,658052.005,1159432.854,108.30,658052.009,1159432.859,-57.6,10,658052.306,1159432.316,10.48530000,76.44419300,0.364,-0.035,10.0,9.4,0.0,16.7,2047,1932,RTK FIXED
74.063,082140.00,10.48530200,76.44419200,10.48530202,76.44419200,658052.005,1159432.854,108.30,658052.007,1159432.857,-57.6,10,658052.306,1159432.316,10.48530000,76.44419300,0.365,-0.031,10.0,9.5,0.0,17.2,2047,1945,RTK FIXED
74.110,082140.00,10.48530200,76.44419200,10.48530201,76.44419200,658052.005,1159432.854,108.30,658052.006,1159432.856,-57.6,10,658052.306,1159432.316,10.48530000,76.44419300,0.365,-0.031,10.0,9.5,0.0,17.2,2047,1945,RTK FIXED
74.164,082140.20,10.48530100,76.44419200,10.48530161,76.44419200,658052.006,1159432.743,108.30,658052.006,1159432.811,-64.1,10,658052.306,1159432.316,10.48530000,76.44419300,0.363,0.047,9.3,10.0,-0.5,17.6,1895,2047,RTK FIXED
74.210,082140.20,10.48530100,76.44419200,10.48530136,76.44419200,658052.006,1159432.743,108.30,658052.006,1159432.784,-64.1,10,658052.306,1159432.316,10.48530000,76.44419300,0.363,0.047,9.3,10.0,0.5,17.5,1895,2047,RTK FIXED
74.264,082140.20,10.48530100,76.44419200,10.48530122,76.44419200,658052.006,1159432.743,108.30,658052.006,1159432.768,-64.1,10,658052.306,1159432.316,10.48530000,76.44419300,0.363,0.047,9.3,10.0,-0.5,17.6,1895,2047,RTK FIXED
74.310,082140.20,10.48530100,76.44419200,10.48530113,76.44419200,658052.006,1159432.743,108.30,658052.006,1159432.758,-64.1,10,658052.306,1159432.316,10.48530000,76.44419300,0.363,0.047,9.3,10.0,0.5,17.3,1895,2047,RTK FIXED
74.364,082140.40,10.48530100,76.44419300,10.48530108,76.44419240,658052.153,1159432.764,108.30,658052.065,1159432.760,-64.1,10,658052.306,1159432.316,10.48530000,76.44419300,0.365,0.021,9.7,10.0,-0.5,16.6,1979,2047,RTK FIXED
74.410,082140.40,10.48530100,76.44419300,10.48530105,76.44419264,658052.153,1159432.764,108.30,658052.100,1159432.762,-64.1,10,658052.306,1159432.316,10.48530000,76.44419300,0.365,0.021,9.7,10.0,0.5,18.0,1979,2047,RTK FIXED
74.463,082140.40,10.48530100,76.44419300,10.48530103,76.44419278,658052.153,1159432.764,108.30,658052.121,1159432.762,-64.1,10,658052.306,1159432.316,10.48530000,76.44419300,0.365,0.021,9.7,10.0,0.0,17.8,1979,2047,RTK FIXED
74.510,082140.40,10.48530100,76.44419300,10.48530102,76.44419287,658052.153,1159432.764,108.30,658052.134,1159432.763,-64.1,10,658052.306,1159432.316,10.48530000,76.44419300,0.365,0.021,9.7,10.0,-0.5,18.1,1979,2047,RTK FIXED
74.564,082140.40,10.48530100,76.44419300,10.48530101,76.44419292,658052.153,1159432.764,108.30,658052.141,1159432.763,-64.1,10,658052.306,1159432.316,10.48530000,76.44419300,0.365,0.021,9.7,10.0,0.5,18.5,1979,2047,RTK FIXED
74.611,082140.40,10.48530100,76.44419300,10.48530101,76.44419295,658052.153,1159432.764,108.30,658052.146,1159432.763,-64.1,10,658052.306,1159432.316,10.48530000,76.44419300,0.365,0.021,9.7,10.0,-0.5,18.4,1979,2047,RTK FIXED
74.665,082140.60,10.48530100,76.44419300,10.48530100,76.44419297,658052.153,1159432.764,108.20,658052.148,1159432.763,-51.9,10,658052.306,1159432.316,10.48530000,76.44419300,0.351,-0.106,10.0,8.3,0.0,18.9,2047,1707,RTK FIXED
74.718,082140.60,10.48530100,76.44419300,10.48530100,76.44419298,658052.153,1159432.764,108.20,658052.150,1159432.763,-51.9,10,658052.306,1159432.316,10.48530000,76.44419300,0.351,-0.106,10.0,8.3,0.5,18.3,2047,1707,RTK FIXED
74.764,082140.60,10.48530100,76.44419300,10.48530100,76.44419299,658052.153,1159432.764,108.20,658052.151,1159432.763,-51.9,10,658052.306,1159432.316,10.48530000,76.44419300,0.351,-0.106,10.0,8.3,-0.5,17.9,2047,1707,RTK FIXED
74.819,082140.60,10.48530100,76.44419300,10.48530100,76.44419299,658052.153,1159432.764,108.20,658052.152,1159432.763,-51.9,10,658052.306,1159432.316,10.48530000,76.44419300,0.351,-0.106,10.0,8.3,0.5,17.0,2047,1707,RTK FIXED
74.865,082140.80,10.48530000,76.44419300,10.48530060,76.44419300,658052.085,1159432.613,108.20,658052.125,1159432.703,-51.9,10,658052.306,1159432.316,10.48530000,76.44419300,0.356,-0.078,10.0,8.8,-0.5,16.2,2047,1796,RTK FIXED
74.918,082140.80,10.48530000,76.44419300,10.48530036,76.44419300,658052.085,1159432.613,108.20,658052.109,1159432.667,-51.9,10,658052.306,1159432.316,10.48530000,76.44419300,0.356,-0.078,10.0,8.8,0.0,16.4,2047,1796,RTK FIXED
74.964,082140.80,10.48530000,76.44419300,10.48530022,76.44419300,658052.085,1159432.613,108.20,658052.100,1159432.645,-51.9,10,658052.306,1159432.316,10.48530000,76.44419300,0.356,-0.078,10.0,8.8,0.5,16.1,2047,1796,RTK FIXED
75.019,082140.80,10.48530000,76.44419300,10.48530013,76.44419300,658052.085,1159432.613,108.20,658052.094,1159432.632,-51.9,10,658052.306,1159432.316,10.48530000,76.44419300,0.356,-0.078,10.0,8.8,0.0,16.0,2047,1796,RTK FIXED
75.065,082141.00,10.48530000,76.44419300,10.48530008,76.44419300,658052.085,1159432.613,108.20,658052.090,1159432.625,-64.5,10,658052.306,1159432.316,10.48530000,76.44419300,0.332,0.054,9.1,10.0,0.0,15.9,1855,2047,RTK FIXED
75.119,082141.00,10.48530000,76.44419300,10.48530005,76.44419300,658052.085,1159432.613,108.20,658052.088,1159432.620,-64.5,10,658052.306,1159432.316,10.48530000,76.44419300,0.332,0.054,9.1,10.0,0.0,15.3,1855,2047,RTK FIXED
75.167,082141.20,10.48530000,76.44419300,10.48530003,76.44419300,658052.156,1159432.654,108.20,658052.115,1159432.634,-64.5,11,658052.857,1159431.433,10.48529200,76.44419800,0.363,0.048,9.2,10.0,-0.5,15.0,1892,2047,RTK FIXED
75.219,082141.20,10.48530000,76.44419300,10.48530002,76.44419300,658052.156,1159432.654,108.20,658052.131,1159432.642,-64.5,11,658052.857,1159431.433,10.48529200,76.44419800,0.363,0.048,9.2,10.0,0.5,15.1,1892,2047,RTK FIXED
75.265,082141.20,10.48530000,76.44419300,10.48530001,76.44419300,658052.156,1159432.654,108.20,658052.141,1159432.647,-64.5,11,658052.857,1159431.433,10.48529200,76.44419800,0.363,0.048,9.2,10.0,0.0,15.2,1892,2047,RTK FIXED
75.319,082141.20,10.48530000,76.44419300,10.48530001,76.44419300,658052.156,1159432.654,108.20,658052.147,1159432.650,-64.5,11,658052.857,1159431.433,10.48529200,76.44419800,0.363,0.048,9.2,10.0,-0.5,15.7,1892,2047,RTK FIXED
75.372,082141.20,10.48530000,76.44419300,10.48530000,76.44419300,658052.156,1159432.654,108.20,658052.150,1159432.651,-64.5,11,658052.857,1159431.433,10.48529200,76.44419800,0.363,0.048,9.2,10.0,0.5,17.7,1892,2047,RTK FIXED
75.419,082141.20,10.48530000,76.44419300,10.48530000,76.44419300,658052.156,1159432.654,108.20,658052.152,1159432.652,-64.5,11,658052.857,1159431.433,10.48529200,76.44419800,0.363,0.048,9.2,10.0,-0.5,17.3,1892,2047,RTK FIXED
75.472,082141.40,10.48529900,76.44419300,10.48529960,76.44419300,658052.156,1159432.543,108.30,658052.154,1159432.609,-64.5,11,658052.857,1159431.433,10.48529200,76.44419800,0.362,0.053,9.2,10.0,0.0,17.7,1875,2047,RTK FIXED
75.519,082141.40,10.48529900,76.44419300,10.48529936,76.44419300,658052.156,1159432.543,108.30,658052.155,1159432.583,-64.5,11,658052.857,1159431.433,10.48529200,76.44419800,0.362,0.053,9.2,10.0,0.5,17.8,1875,2047,RTK FIXED
75.573,082141.40,10.48529900,76.44419300,10.48529922,76.44419300,658052.156,1159432.543,108.30,658052.155,1159432.567,-64.5,11,658052.857,1159431.433,10.48529200,76.44419800,0.362,0.053,9.2,10.0,0.0,18.0,1875,2047,RTK FIXED
75.618,082141.40,10.48529900,76.44419300,10.48529913,76.44419300,658052.156,1159432.543,108.30,658052.156,1159432.558,-64.5,11,658052.857,1159431.433,10.48529200,76.44419800,0.362,0.053,9.2,10.0,-0.6,17.7,1875,2047,RTK FIXED
75.673,082141.60,10.48529900,76.44419400,10.48529908,76.44419340,658052.266,1159432.544,108.30,658052.200,1159432.552,-57.9,11,658052.857,1159431.433,10.48529200,76.44419800,0.365,-0.022,10.0,9.6,0.5,17.7,2047,1974,RTK FIXED
75.719,082141.60,10.48529900,76.44419400,10.48529905,76.44419364,658052.266,1159432.544,108.30,658052.226,1159432.549,-57.9,11,658052.857,1159431.433,10.48529200,76.44419800,0.365,-0.022,10.0,9.6,-0.5,18.0,2047,1974,RTK FIXED
75.773,082141.60,10.48529900,76.44419400,10.48529903,76.44419378,658052.266,1159432.544,108.30,658052.242,1159432.547,-57.9,11,658052.857,1159431.433,10.48529200,76.44419800,0.365,-0.022,10.0,9.6,0.0,17.2,2047,1974,RTK FIXED
75.819,082141.60,10.48529900,76.44419400,10.48529902,76.44419387,658052.266,1159432.544,108.30,658052.251,1159432.546,-57.9,11,658052.857,1159431.433,10.48529200,76.44419800,0.365,-0.022,10.0,9.6,0.0,17.3,2047,1974,RTK FIXED
75.873,082141.80,10.48529900,76.44419400,10.48529901,76.44419392,658052.228,1159432.524,108.30,658052.242,1159432.537,-57.9,11,658052.857,1159431.433,10.48529200,76.44419800,0.365,-0.023,10.0,9.6,0.5,16.6,2047,1970,RTK FIXED
75.919,082141.80,10.48529900,76.44419400,10.48529901,76.44419395,658052.228,1159432.524,108.30,658052.236,1159432.532,-57.9,11,658052.857,1159431.433,10.48529200,76.44419800,0.365,-0.023,10.0,9.6,0.0,16.9,2047,1970,RTK FIXED
75.972,082141.80,10.48529900,76.44419400,10.48529900,76.44419397,658052.228,1159432.524,108.30,658052.233,1159432.529,-57.9,11,658052.857,1159431.433,10.48529200,76.44419800,0.365,-0.023,10.0,9.6,0.0,16.5,2047,1970,RTK FIXED
76.027,082141.80,10.48529900,76.44419400,10.48529900,76.44419398,658052.228,1159432.524,108.30,658052.231,1159432.527,-57.9,11,658052.857,1159431.433,10.48529200,76.44419800,0.365,-0.023,10.0,9.6,0.0,17.4,2047,1970,RTK FIXED
76.073,082142.00,10.48529800,76.44419400,10.48529860,76.44419399,658052.228,1159432.414,108.30,658052.230,1159432.482,-62.2,11,658052.857,1159431.433,10.48529200,76.44419800,0.365,0.027,9.6,10.0,-0.5,16.4,1958,2047,RTK FIXED
76.127,082142.00,10.48529800,76.44419400,10.48529836,76.44419399,658052.228,1159432.414,108.30,658052.229,1159432.455,-62.2,11,658052.857,1159431.433,10.48529200,76.44419800,0.365,0.027,9.6,10.0,0.0,17.3,1958,2047,RTK FIXED
76.173,082142.20,10.48529800,76.44419400,10.48529822,76.44419400,658052.253,1159432.427,108.30,658052.238,1159432.444,-62.2,11,658052.857,1159431.433,10.48529200,76.44419800,0.365,0.028,9.5,10.0,0.5,17.2,1954,2047,RTK FIXED
76.227,082142.20,10.48529800,76.44419400,10.48529813,76.44419400,658052.253,1159432.427,108.30,658052.244,1159432.437,-62.2,11,658052.857,1159431.433,10.48529200,76.44419800,0.365,0.028,9.5,10.0,-0.5,17.5,1954,2047,RTK FIXED
76.274,082142.20,10.48529800,76.44419400,10.48529808,76.44419400,658052.253,1159432.427,108.30,658052.248,1159432.433,-62.2,11,658052.857,1159431.433,10.48529200,76.44419800,0.365,0.028,9.5,10.0,0.5,17.7,1954,2047,RTK FIXED
76.329,082142.20,10.48529800,76.44419400,10.48529805,76.44419400,658052.253,1159432.427,108.30,658052.250,1159432.431,-62.2,11,658052.857,1159431.433,10.48529200,76.44419800,0.365,0.028,9.5,10.0,0.0,18.2,1954,2047,RTK FIXED
76.374,082142.40,10.48529800,76.44419400,10.48529803,76.44419400,658052.253,1159432.427,108.30,658052.251,1159432.429,-62.2,11,658052.857,1159431.433,10.48529200,76.44419800,0.365,0.029,9.5,10.0,0.0,17.6,1952,2047,RTK FIXED
76.427,082142.40,10.48529800,76.44419400,10.48529802,76.44419400,658052.253,1159432.427,108.30,658052.252,1159432.428,-62.2,11,658052.857,1159431.433,10.48529200,76.44419800,0.365,0.029,9.5,10.0,-0.5,17.7,1952,2047,RTK FIXED
76.473,082142.40,10.48529800,76.44419400,10.48529801,76.44419400,658052.253,1159432.427,108.30,658052.252,1159432.428,-62.2,11,658052.857,1159431.433,10.48529200,76.44419800,0.365,0.029,9.5,10.0,0.0,17.7,1952,2047,RTK FIXED
76.527,082142.40,10.48529800,76.44419400,10.48529801,76.44419400,658052.253,1159432.427,108.30,658052.252,1159432.428,-62.2,11,658052.857,1159431.433,10.48529200,76.44419800,0.365,0.029,9.5,10.0,0.0,17.9,1952,2047,RTK FIXED
76.573,082142.40,10.48529800,76.44419400,10.48529800,76.44419400,658052.253,1159432.427,108.30,658052.252,1159432.427,-62.2,11,658052.857,1159431.433,10.48529200,76.44419800,0.365,0.029,9.5,10.0,0.0,17.5,1952,2047,RTK FIXED
76.628,082142.40,10.48529800,76.44419400,10.48529800,76.44419400,658052.253,1159432.427,108.30,658052.252,1159432.427,-62.2,11,658052.857,1159431.433,10.48529200,76.44419800,0.365,0.029,9.5,10.0,0.0,17.9,1952,2047,RTK FIXED
76.682,082142.60,10.48529800,76.44419500,10.48529800,76.44419440,658052.362,1159432.428,108.30,658052.296,1159432.427,-55.0,11,658052.857,1159431.433,10.48529200,76.44419800,0.361,-0.058,10.0,9.1,0.5,18.0,2047,1858,RTK FIXED
76.727,082142.60,10.48529800,76.44419500,10.48529800,76.44419464,658052.362,1159432.428,108.30,658052.323,1159432.427,-55.0,11,658052.857,1159431.433,10.48529200,76.44419800,0.361,-0.058,10.0,9.1,0.0,17.7,2047,1858,RTK FIXED
76.782,082142.60,10.48529800,76.44419500,10.48529800,76.44419478,658052.362,1159432.428,108.30,658052.338,1159432.427,-55.0,11,658052.857,1159431.433,10.48529200,76.44419800,0.361,-0.058,10.0,9.1,-0.5,17.3,2047,1858,RTK FIXED
76.828,082142.60,10.48529800,76.44419500,10.48529800,76.44419487,658052.362,1159432.428,108.30,658052.348,1159432.428,-55.0,11,658052.857,1159431.433,10.48529200,76.44419800,0.361,-0.058,10.0,9.1,0.0,16.9,2047,1858,RTK FIXED
76.882,082142.80,10.48529700,76.44419500,10.48529760,76.44419492,658052.322,1159432.294,108.30,658052.338,1159432.374,-55.0,11,658052.857,1159431.433,10.48529200,76.44419800,0.363,-0.048,10.0,9.2,0.5,16.6,2047,1891,RTK FIXED
76.927,082142.80,10.48529700,76.44419500,10.48529736,76.44419495,658052.322,1159432.294,108.30,658052.332,1159432.342,-55.0,11,658052.857,1159431.433,10.48529200,76.44419800,0.363,-0.048,10.0,9.2,-0.6,16.7,2047,1891,RTK FIXED
76.982,082142.80,10.48529700,76.44419500,10.48529722,76.44419497,658052.322,1159432.294,108.30,658052.328,1159432.323,-55.0,11,658052.857,1159431.433,10.48529200,76.44419800,0.363,-0.048,10.0,9.2,0.0,15.9,2047,1891,RTK FIXED
77.028,082142.80,10.48529700,76.44419500,10.48529713,76.44419498,658052.322,1159432.294,108.30,658052.326,1159432.311,-55.0,11,658052.857,1159431.433,10.48529200,76.44419800,0.363,-0.048,10.0,9.2,0.5,16.8,2047,1891,RTK FIXED
77.082,082143.00,10.48529700,76.44419500,10.48529708,76.44419499,658052.322,1159432.294,108.30,658052.324,1159432.304,-61.6,11,658052.857,1159431.433,10.48529200,76.44419800,0.366,0.019,9.7,10.0,0.0,17.1,1984,2047,RTK FIXED
77.128,082143.00,10.48529700,76.44419500,10.48529705,76.44419499,658052.322,1159432.294,108.30,658052.324,1159432.300,-61.6,11,658052.857,1159431.433,10.48529200,76.44419800,0.366,0.019,9.7,10.0,-0.6,16.5,1984,2047,RTK FIXED
77.181,082143.00,10.48529700,76.44419500,10.48529703,76.44419500,658052.322,1159432.294,108.30,658052.323,1159432.298,-61.6,11,658052.857,1159431.433,10.48529200,76.44419800,0.366,0.019,9.7,10.0,0.5,17.3,1984,2047,RTK FIXED
77.235,082143.20,10.48529700,76.44419500,10.48529702,76.44419500,658052.359,1159432.315,108.30,658052.338,1159432.305,-61.6,11,658052.857,1159431.433,10.48529200,76.44419800,0.366,0.012,9.8,10.0,-0.5,16.5,2008,2047,RTK FIXED
77.282,082143.20,10.48529700,76.44419500,10.48529701,76.44419500,658052.359,1159432.315,108.30,658052.346,1159432.309,-61.6,11,658052.857,1159431.433,10.48529200,76.44419800,0.366,0.012,9.8,10.0,0.5,17.2,2008,2047,RTK FIXED
77.336,082143.20,10.48529700,76.44419500,10.48529701,76.44419500,658052.359,1159432.315,108.30,658052.351,1159432.311,-61.6,11,658052.857,1159431.433,10.48529200,76.44419800,0.366,0.012,9.8,10.0,-0.5,17.1,2008,2047,RTK FIXED
77.383,082143.40,10.48529600,76.44419500,10.48529660,76.44419500,658052.360,1159432.205,108.30,658052.355,1159432.269,-61.6,11,658052.857,1159431.433,10.48529200,76.44419800,0.365,0.024,9.6,10.0,0.0,18.2,1969,2047,RTK FIXED
77.436,082143.40,10.48529600,76.44419500,10.48529636,76.44419500,658052.360,1159432.205,108.30,658052.357,1159432.243,-61.6,11,658052.857,1159431.433,10.48529200,76.44419800,0.365,0.024,9.6,10.0,0.5,18.7,1969,2047,RTK FIXED
77.482,082143.40,10.48529600,76.44419500,10.48529622,76.44419500,658052.360,1159432.205,108.30,658052.358,1159432.228,-61.6,11,658052.857,1159431.433,10.48529200,76.44419800,0.365,0.024,9.6,10.0,-0.5,18.5,1969,2047,RTK FIXED
77.536,082143.40,10.48529600,76.44419500,10.48529613,76.44419500,658052.360,1159432.205,108.30,658052.359,1159432.218,-61.6,11,658052.857,1159431.433,10.48529200,76.44419800,0.365,0.024,9.6,10.0,0.5,18.5,1969,2047,RTK FIXED
77.583,082143.60,10.48529600,76.44419500,10.48529608,76.44419500,658052.360,1159432.205,108.30,658052.359,1159432.213,-63.5,11,658052.857,1159431.433,10.48529200,76.44419800,0.363,0.048,9.2,10.0,-0.5,18.4,1889,2047,RTK FIXED
77.636,082143.60,10.48529600,76.44419500,10.48529605,76.44419500,658052.360,1159432.205,108.30,658052.359,1159432.210,-63.5,11,658052.857,1159431.433,10.48529200,76.44419800,0.363,0.048,9.2,10.0,0.0,18.5,1889,2047,RTK FIXED
77.683,082143.60,10.48529600,76.44419500,10.48529603,76.44419500,658052.360,1159432.205,108.30,658052.359,1159432.208,-63.5,11,658052.857,1159431.433,10.48529200,76.44419800,0.363,0.048,9.2,10.0,0.0,18.4,1889,2047,RTK FIXED
77.736,082143.60,10.48529600,76.44419500,10.48529602,76.44419500,658052.360,1159432.205,108.30,658052.360,1159432.206,-63.5,11,658052.857,1159431.433,10.48529200,76.44419800,0.363,0.048,9.2,10.0,0.0,18.5,1889,2047,RTK FIXED
77.789,082143.60,10.48529600,76.44419500,10.48529601,76.44419500,658052.360,1159432.205,108.30,658052.360,1159432.206,-63.5,11,658052.857,1159431.433,10.48529200,76.44419800,0.363,0.048,9.2,10.0,0.5,18.0,1889,2047,RTK FIXED
77.836,082143.60,10.48529600,76.44419500,10.48529601,76.44419500,658052.360,1159432.205,108.30,658052.360,1159432.205,-63.5,11,658052.857,1159431.433,10.48529200,76.44419800,0.363,0.048,9.2,10.0,0.0,18.0,1889,2047,RTK FIXED
77.891,082143.80,10.48529600,76.44419600,10.48529600,76.44419540,658052.480,1159432.211,108.30,658052.408,1159432.207,-63.5,11,658052.857,1159431.433,10.48529200,76.44419800,0.365,0.024,9.6,10.0,0.0,18.4,1969,2047,RTK FIXED
77.936,082143.80,10.48529600,76.44419600,10.48529600,76.44419564,658052.480,1159432.211,108.30,658052.437,1159432.209,-63.5,11,658052.857,1159431.433,10.48529200,76.44419800,0.365,0.024,9.6,10.0,-0.5,18.1,1969,2047,RTK FIXED
77.991,082143.80,10.48529600,76.44419600,10.48529600,76.44419578,658052.480,1159432.211,108.30,658052.454,1159432.209,-63.5,11,658052.857,1159431.433,10.48529200,76.44419800,0.365,0.024,9.6,10.0,0.0,18.4,1969,2047,RTK FIXED
78.037,082143.80,10.48529600,76.44419600,10.48529600,76.44419587,658052.480,1159432.211,108.30,658052.465,1159432.210,-63.5,11,658052.857,1159431.433,10.48529200,76.44419800,0.365,0.024,9.6,10.0,0.0,18.0,1969,2047,RTK FIXED
78.091,082144.00,10.48529500,76.44419600,10.48529560,76.44419592,658052.481,1159432.100,108.30,658052.471,1159432.166,-56.4,11,658052.857,1159431.433,10.48529200,76.44419800,0.364,-0.040,10.0,9.4,0.5,18.4,2047,1917,RTK FIXED
78.137,082144.00,10.48529500,76.44419600,10.48529536,76.44419595,658052.481,1159432.100,108.30,658052.475,1159432.140,-56.4,11,658052.857,1159431.433,10.48529200,76.44419800,0.364,-0.040,10.0,9.4,0.0,18.6,2047,1917,RTK FIXED
78.191,082144.00,10.48529500,76.44419600,10.48529522,76.44419597,658052.481,1159432.100,108.30,658052.477,1159432.124,-56.4,11,658052.857,1159431.433,10.48529200,76.44419800,0.364,-0.040,10.0,9.4,-0.5,18.1,2047,1917,RTK FIXED
78.236,082144.00,10.48529500,76.44419600,10.48529513,76.44419598,658052.481,1159432.100,108.30,658052.479,1159432.114,-56.4,11,658052.857,1159431.433,10.48529200,76.44419800,0.364,-0.040,10.0,9.4,0.0,17.0,2047,1917,RTK FIXED
78.291,082144.20,10.48529500,76.44419600,10.48529508,76.44419599,658052.441,1159432.078,108.30,658052.463,1159432.100,-56.4,11,658052.857,1159431.433,10.48529200,76.44419800,0.365,-0.026,10.0,9.6,0.0,17.3,2047,1960,RTK FIXED
78.336,082144.20,10.48529500,76.44419600,10.48529505,76.44419599,658052.441,1159432.078,108.30,658052.454,1159432.091,-56.4,11,658052.857,1159431.433,10.48529200,76.44419800,0.365,-0.026,10.0,9.6,0.6,16.5,2047,1960,RTK FIXED
78.391,082144.20,10.48529500,76.44419600,10.48529503,76.44419600,658052.441,1159432.078,108.30,658052.449,1159432.086,-56.4,11,658052.857,1159431.433,10.48529200,76.44419800,0.365,-0.026,10.0,9.6,0.0,18.0,2047,1960,RTK FIXED
78.444,082144.20,10.48529500,76.44419600,10.48529502,76.44419600,658052.441,1159432.078,108.30,658052.445,1159432.083,-56.4,11,658052.857,1159431.433,10.48529200,76.44419800,0.365,-0.026,10.0,9.6,0.0,17.4,2047,1960,RTK FIXED
78.491,082144.40,10.48529500,76.44419600,10.48529501,76.44419600,658052.441,1159432.078,108.30,658052.443,1159432.081,-56.4,11,658052.857,1159431.433,10.48529200,76.44419800,0.366,-0.018,10.0,9.7,-0.5,18.5,2047,1986,RTK FIXED
78.544,082144.40,10.48529500,76.44419600,10.48529501,76.44419600,658052.441,1159432.078,108.30,658052.442,1159432.080,-56.4,11,658052.857,1159431.433,10.48529200,76.44419800,0.366,-0.018,10.0,9.7,0.0,18.0,2047,1986,RTK FIXED
78.592,082144.40,10.48529500,76.44419600,10.48529500,76.44419600,658052.441,1159432.078,108.30,658052.442,1159432.079,-56.4,11,658052.857,1159431.433,10.48529200,76.44419800,0.366,-0.018,10.0,9.7,0.5,18.0,2047,1986,RTK FIXED
78.644,082144.40,10.48529500,76.44419600,10.48529500,76.44419600,658052.441,1159432.078,108.30,658052.441,1159432.079,-56.4,11,658052.857,1159431.433,10.48529200,76.44419800,0.366,-0.018,10.0,9.7,0.0,17.6,2047,1986,RTK FIXED
78.692,082144.60,10.48529500,76.44419600,10.48529500,76.44419600,658052.441,1159432.078,108.30,658052.441,1159432.078,-65.3,11,658052.857,1159431.433,10.48529200,76.44419800,0.360,0.067,8.9,10.0,-0.5,17.4,1831,2047,RTK FIXED
78.745,082144.60,10.48529500,76.44419600,10.48529500,76.44419600,658052.441,1159432.078,108.30,658052.441,1159432.078,-65.3,11,658052.857,1159431.433,10.48529200,76.44419800,0.360,0.067,8.9,10.0,0.0,17.3,1831,2047,RTK FIXED
78.791,082144.60,10.48529500,76.44419600,10.48529500,76.44419600,658052.441,1159432.078,108.30,658052.441,1159432.078,-65.3,11,658052.857,1159431.433,10.48529200,76.44419800,0.360,0.067,8.9,10.0,0.6,17.7,1831,2047,RTK FIXED
78.845,082144.60,10.48529500,76.44419600,10.48529500,76.44419600,658052.441,1159432.078,108.30,658052.441,1159432.078,-65.3,11,658052.857,1159431.433,10.48529200,76.44419800,0.360,0.067,8.9,10.0,-0.5,16.9,1831,2047,RTK FIXED
78.891,082144.80,10.48529400,76.44419700,10.48529460,76.44419640,658052.601,1159431.994,108.30,658052.505,1159432.045,-65.3,11,658052.857,1159431.433,10.48529200,76.44419800,0.363,0.044,9.3,10.0,0.5,17.1,1903,2047,RTK FIXED
78.945,082144.80,10.48529400,76.44419700,10.48529436,76.44419664,658052.601,1159431.994,108.30,658052.543,1159432.025,-65.3,11,658052.857,1159431.433,10.48529200,76.44419800,0.363,0.044,9.3,10.0,0.0,18.2,1903,2047,RTK FIXED
79.000,082145.00,10.48529400,76.44419700,10.48529422,76.44419678,658052.601,1159431.994,108.30,658052.566,1159432.013,-55.6,11,658052.857,1159431.433,10.48529200,76.44419800,0.362,-0.057,10.0,9.1,0.0,18.4,2047,1863,RTK FIXED
79.045,082145.00,10.48529400,76.44419700,10.48529413,76.44419687,658052.601,1159431.994,108.30,658052.580,1159432.005,-55.6,11,658052.857,1159431.433,10.48529200,76.44419800,0.362,-0.057,10.0,9.1,-0.6,17.2,2047,1863,RTK FIXED
79.099,082145.00,10.48529400,76.44419700,10.48529408,76.44419692,658052.601,1159431.994,108.30,658052.589,1159432.001,-55.6,11,658052.857,1159431.433,10.48529200,76.44419800,0.362,-0.057,10.0,9.1,0.0,16.9,2047,1863,RTK FIXED
79.145,082145.00,10.48529400,76.44419700,10.48529405,76.44419695,658052.601,1159431.994,108.30,658052.594,1159431.998,-55.6,11,658052.857,1159431.433,10.48529200,76.44419800,0.362,-0.057,10.0,9.1,0.0,16.5,2047,1863,RTK FIXED
79.200,082145.20,10.48529400,76.44419700,10.48529403,76.44419697,658052.546,1159431.965,108.30,658052.575,1159431.985,-55.6,11,658052.857,1159431.433,10.48529200,76.44419800,0.363,-0.048,10.0,9.2,0.0,15.5,2047,1891,RTK FIXED
79.245,082145.20,10.48529400,76.44419700,10.48529402,76.44419698,658052.546,1159431.965,108.30,658052.563,1159431.977,-55.6,11,658052.857,1159431.433,10.48529200,76.44419800,0.363,-0.048,10.0,9.2,0.0,15.9,2047,1891,RTK FIXED
79.299,082145.20,10.48529400,76.44419700,10.48529401,76.44419699,658052.546,1159431.965,108.30,658052.556,1159431.972,-55.6,11,658052.857,1159431.433,10.48529200,76.44419800,0.363,-0.048,10.0,9.2,0.0,16.4,2047,1891,RTK FIXED
79.346,082145.20,10.48529400,76.44419700,10.48529401,76.44419699,658052.546,1159431.965,108.30,658052.552,1159431.970,-55.6,11,658052.857,1159431.433,10.48529200,76.44419800,0.363,-0.048,10.0,9.2,0.0,16.4,2047,1891,RTK FIXED
79.400,082145.40,10.48529300,76.44419700,10.48529360,76.44419700,658052.547,1159431.855,108.30,658052.550,1159431.924,-65.5,11,658052.857,1159431.433,10.48529200,76.44419800,0.361,0.063,9.0,10.0,0.0,15.8,1843,2047,RTK FIXED
79.453,082145.40,10.48529300,76.44419700,10.48529336,76.44419700,658052.547,1159431.855,108.30,658052.549,1159431.896,-65.5,11,658052.857,1159431.433,10.48529200,76.44419800,0.361,0.063,9.0,10.0,0.5,16.6,1843,2047,RTK FIXED
79.500,082145.40,10.48529300,76.44419700,10.48529322,76.44419700,658052.547,1159431.855,108.30,658052.548,1159431.879,-65.5,11,658052.857,1159431.433,10.48529200,76.44419800,0.361,0.063,9.0,10.0,-0.5,15.9,1843,2047,RTK FIXED
79.553,082145.40,10.48529300,76.44419700,10.48529313,76.44419700,658052.547,1159431.855,108.30,658052.547,1159431.870,-65.5,11,658052.857,1159431.433,10.48529200,76.44419800,0.361,0.063,9.0,10.0,0.0,16.8,1843,2047,RTK FIXED
79.600,082145.60,10.48529300,76.44419700,10.48529308,76.44419700,658052.603,1159431.884,108.30,658052.570,1159431.875,-65.5,11,658052.857,1159431.433,10.48529200,76.44419800,0.361,0.058,9.1,10.0,0.0,15.5,1858,2047,RTK FIXED
79.653,082145.60,10.48529300,76.44419700,10.48529305,76.44419700,658052.603,1159431.884,108.30,658052.583,1159431.879,-65.5,11,658052.857,1159431.433,10.48529200,76.44419800,0.361,0.058,9.1,10.0,0.5,16.9,1858,2047,RTK FIXED
79.700,082145.60,10.48529300,76.44419700,10.48529303,76.44419700,658052.603,1159431.884,108.30,658052.591,1159431.881,-65.5,11,658052.857,1159431.433,10.48529200,76.44419800,0.361,0.058,9.1,10.0,-0.5,17.9,1858,2047,RTK FIXED
79.754,082145.60,10.48529300,76.44419700,10.48529302,76.44419700,658052.603,1159431.884,108.30,658052.596,1159431.882,-65.5,11,658052.857,1159431.433,10.48529200,76.44419800,0.361,0.058,9.1,10.0,0.5,17.5,1858,2047,RTK FIXED
79.800,082145.60,10.48529300,76.44419700,10.48529301,76.44419700,658052.603,1159431.884,108.30,658052.598,1159431.883,-65.5,11,658052.857,1159431.433,10.48529200,76.44419800,0.361,0.058,9.1,10.0,-0.5,17.5,1858,2047,RTK FIXED
79.855,082145.80,10.48529300,76.44419800,10.48529301,76.44419740,658052.712,1159431.885,108.30,658052.644,1159431.884,-53.5,11,658052.857,1159431.433,10.48529200,76.44419800,0.358,-0.079,10.0,8.8,0.0,17.4,2047,1794,RTK FIXED
79.900,082145.80,10.48529300,76.44419800,10.48529300,76.44419764,658052.712,1159431.885,108.30,658052.671,1159431.884,-53.5,11,658052.857,1159431.433,10.48529200,76.44419800,0.358,-0.079,10.0,8.8,0.6,17.4,2047,1794,RTK FIXED
79.954,082145.80,10.48529300,76.44419800,10.48529300,76.44419778,658052.712,1159431.885,108.30,658052.688,1159431.884,-53.5,11,658052.857,1159431.433,10.48529200,76.44419800,0.358,-0.079,10.0,8.8,-0.5,16.7,2047,1794,RTK FIXED
80.000,082145.80,10.48529300,76.44419800,10.48529300,76.44419787,658052.712,1159431.885,108.30,658052.697,1159431.885,-53.5,11,658052.857,1159431.433,10.48529200,76.44419800,0.358,-0.079,10.0,8.8,0.0,15.7,2047,1794,RTK FIXED
80.054,082145.80,10.48529300,76.44419800,10.48529300,76.44419792,658052.712,1159431.885,108.30,658052.703,1159431.885,-53.5,11,658052.857,1159431.433,10.48529200,76.44419800,0.358,-0.079,10.0,8.8,0.0,15.3,2047,1794,RTK FIXED
80.108,082146.00,10.48529200,76.44419800,10.48529260,76.44419795,658052.645,1159431.737,108.30,658052.680,1159431.826,-53.5,11,658052.857,1159431.433,10.48529200,76.44419800,0.361,-0.058,10.0,9.1,0.5,15.2,2047,1858,RTK FIXED
80.155,082146.00,10.48529200,76.44419800,10.48529236,76.44419797,658052.645,1159431.737,108.30,658052.666,1159431.790,-53.5,11,658052.857,1159431.433,10.48529200,76.44419800,0.361,-0.058,10.0,9.1,-0.5,15.8,2047,1858,RTK FIXED
80.209,082146.20,10.48529200,76.44419800,10.48529222,76.44419798,658052.645,1159431.737,108.30,658052.658,1159431.769,-62.5,11,658052.857,1159431.433,10.48529200,76.44419800,0.339,0.035,9.4,10.0,0.0,15.6,1923,2047,RTK FIXED
80.254,082146.20,10.48529200,76.44419800,10.48529213,76.44419799,658052.645,1159431.737,108.30,658052.653,1159431.756,-62.5,11,658052.857,1159431.433,10.48529200,76.44419800,0.339,0.035,9.4,10.0,0.0,16.1,1923,2047,RTK FIXED
80.308,082146.20,10.48529200,76.44419800,10.48529208,76.44419799,658052.645,1159431.737,108.30,658052.650,1159431.748,-62.5,11,658052.857,1159431.433,10.48529200,76.44419800,0.339,0.035,9.4,10.0,0.5,16.6,1923,2047,RTK FIXED
80.355,082146.20,10.48529200,76.44419800,10.48529205,76.44419800,658052.645,1159431.737,108.30,658052.648,1159431.744,-62.5,11,658052.857,1159431.433,10.48529200,76.44419800,0.339,0.035,9.4,10.0,0.0,16.4,1923,2047,RTK FIXED
80.409,082146.40,10.48529200,76.44419800,10.48529203,76.44419800,658052.695,1159431.766,108.30,658052.667,1159431.753,-62.5,11,658052.857,1159431.433,10.48529200,76.44419800,0.322,0.026,9.5,10.0,0.0,16.7,1948,2047,RTK FIXED
80.455,082146.40,10.48529200,76.44419800,10.48529202,76.44419800,658052.695,1159431.766,108.30,658052.678,1159431.758,-62.5,11,658052.857,1159431.433,10.48529200,76.44419800,0.322,0.026,9.5,10.0,-0.5,16.4,1948,2047,RTK FIXED
80.508,082146.40,10.48529200,76.44419800,10.48529201,76.44419800,658052.695,1159431.766,108.30,658052.685,1159431.761,-62.5,11,658052.857,1159431.433,10.48529200,76.44419800,0.322,0.026,9.5,10.0,0.0,17.3,1948,2047,RTK FIXED
80.555,082146.40,10.48529200,76.44419800,10.48529201,76.44419800,658052.695,1159431.766,108.30,658052.689,1159431.763,-62.5,11,658052.857,1159431.433,10.48529200,76.44419800,0.322,0.026,9.5,10.0,0.5,18.1,1948,2047,RTK FIXED
80.608,082146.40,10.48529200,76.44419800,10.48529200,76.44419800,658052.695,1159431.766,108.30,658052.692,1159431.765,-62.5,11,658052.857,1159431.433,10.48529200,76.44419800,0.322,0.026,9.5,10.0,0.0,18.1,1948,2047,RTK FIXED
80.655,082146.40,10.48529200,76.44419800,10.48529200,76.44419800,658052.695,1159431.766,108.30,658052.693,1159431.765,-62.5,11,658052.857,1159431.433,10.48529200,76.44419800,0.322,0.026,9.5,10.0,-0.5,18.2,1948,2047,RTK FIXED
80.711,082146.60,10.48529100,76.44419800,10.48529160,76.44419800,658052.696,1159431.656,108.30,658052.694,1159431.721,-62.5,12,658053.409,1159430.551,10.48528400,76.44420300,0.364,0.039,9.4,10.0,0.0,18.3,1920,2047,RTK FIXED
80.763,082146.60,10.48529100,76.44419800,10.48529136,76.44419800,658052.696,1159431.656,108.30,658052.695,1159431.695,-62.5,12,658053.409,1159430.551,10.48528400,76.44420300,0.364,0.039,9.4,10.0,0.0,18.5,1920,2047,RTK FIXED
80.809,082146.60,10.48529100,76.44419800,10.48529122,76.44419800,658052.696,1159431.656,108.30,658052.695,1159431.679,-62.5,12,658053.409,1159430.551,10.48528400,76.44420300,0.364,0.039,9.4,10.0,0.5,18.5,1920,2047,RTK FIXED
80.863,082146.80,10.48529100,76.44419800,10.48529113,76.44419800,658052.696,1159431.656,108.30,658052.695,1159431.670,-63.2,12,658053.409,1159430.551,10.48528400,76.44420300,0.363,0.050,9.2,10.0,-0.5,18.4,1885,2047,RTK FIXED
80.909,082146.80,10.48529100,76.44419800,10.48529108,76.44419800,658052.696,1159431.656,108.30,658052.695,1159431.664,-63.2,12,658053.409,1159430.551,10.48528400,76.44420300,0.363,0.050,9.2,10.0,0.0,18.0,1885,2047,RTK FIXED
80.963,082146.80,10.48529100,76.44419800,10.48529105,76.44419800,658052.696,1159431.656,108.30,658052.696,1159431.661,-63.2,12,658053.409,1159430.551,10.48528400,76.44420300,0.363,0.050,9.2,10.0,0.0,18.4,1885,2047,RTK FIXED
81.009,082146.80,10.48529100,76.44419800,10.48529103,76.44419800,658052.696,1159431.656,108.30,658052.696,1159431.659,-63.2,12,658053.409,1159430.551,10.48528400,76.44420300,0.363,0.050,9.2,10.0,0.5,18.5,1885,2047,RTK FIXED
81.063,082147.00,10.48529100,76.44419900,10.48529102,76.44419840,658052.809,1159431.658,108.30,658052.741,1159431.659,-63.2,12,658053.409,1159430.551,10.48528400,76.44420300,0.365,0.033,9.5,10.0,-0.5,18.4,1939,2047,RTK FIXED
81.108,082147.00,10.48529100,76.44419900,10.48529101,76.44419864,658052.809,1159431.658,108.30,658052.768,1159431.658,-63.2,12,658053.409,1159430.551,10.48528400,76.44420300,0.365,0.033,9.5,10.0,0.6,18.3,1939,2047,RTK FIXED
81.164,082147.20,10.48529000,76.44419900,10.48529061,76.44419878,658052.810,1159431.548,108.30,658052.785,1159431.614,-56.8,12,658053.409,1159430.551,10.48528400,76.44420300,0.365,-0.024,10.0,9.6,0.0,18.5,2047,1967,RTK FIXED
81.217,082147.20,10.48529000,76.44419900,10.48529036,76.44419887,658052.810,1159431.548,108.30,658052.795,1159431.587,-56.8,12,658053.409,1159430.551,10.48528400,76.44420300,0.365,-0.024,10.0,9.6,0.0,18.4,2047,1967,RTK FIXED
81.264,082147.20,10.48529000,76.44419900,10.48529022,76.44419892,658052.810,1159431.548,108.30,658052.801,1159431.571,-56.8,12,658053.409,1159430.551,10.48528400,76.44420300,0.365,-0.024,10.0,9.6,0.0,17.6,2047,1967,RTK FIXED
81.317,082147.20,10.48529000,76.44419900,10.48529013,76.44419895,658052.810,1159431.548,108.30,658052.804,1159431.562,-56.8,12,658053.409,1159430.551,10.48528400,76.44420300,0.365,-0.024,10.0,9.6,0.0,17.9,2047,1967,RTK FIXED
81.363,082147.20,10.48529000,76.44419900,10.48529008,76.44419897,658052.810,1159431.548,108.30,658052.807,1159431.556,-56.8,12,658053.409,1159430.551,10.48528400,76.44420300,0.365,-0.024,10.0,9.6,0.0,17.9,2047,1967,RTK FIXED
81.417,082147.20,10.48529000,76.44419900,10.48529005,76.44419898,658052.810,1159431.548,108.30,658052.808,1159431.553,-56.8,12,658053.409,1159430.551,10.48528400,76.44420300,0.365,-0.024,10.0,9.6,0.0,17.2,2047,1967,RTK FIXED
81.464,082147.40,10.48529000,76.44419900,10.48529003,76.44419899,658052.773,1159431.528,108.30,658052.794,1159431.543,-56.8,12,658053.409,1159430.551,10.48528400,76.44420300,0.366,-0.014,10.0,9.8,0.0,18.2,2047,1999,RTK FIXED
81.517,082147.40,10.48529000,76.44419900,10.48529002,76.44419899,658052.773,1159431.528,108.30,658052.786,1159431.537,-56.8,12,658053.409,1159430.551,10.48528400,76.44420300,0.366,-0.014,10.0,9.8,-0.5,17.8,2047,1999,RTK FIXED
81.563,082147.40,10.48529000,76.44419900,10.48529001,76.44419900,658052.773,1159431.528,108.30,658052.781,1159431.533,-56.8,12,658053.409,1159430.551,10.48528400,76.44420300,0.366,-0.014,10.0,9.8,0.5,18.7,2047,1999,RTK FIXED
81.617,082147.40,10.48529000,76.44419900,10.48529001,76.44419900,658052.773,1159431.528,108.30,658052.778,1159431.531,-56.8,12,658053.409,1159430.551,10.48528400,76.44420300,0.366,-0.014,10.0,9.8,0.0,18.7,2047,1999,RTK FIXED
81.664,082147.60,10.48529000,76.44419900,10.48529000,76.44419900,658052.773,1159431.528,108.30,658052.776,1159431.530,-56.8,12,658053.409,1159430.551,10.48528400,76.44420300,0.366,-0.008,10.0,9.9,0.0,17.8,2047,2020,RTK FIXED
81.717,082147.60,10.48529000,76.44419900,10.48529000,76.44419900,658052.773,1159431.528,108.30,658052.775,1159431.529,-56.8,12,658053.409,1159430.551,10.48528400,76.44420300,0.366,-0.008,10.0,9.9,-0.5,18.9,2047,2020,RTK FIXED
81.763,082147.60,10.48529000,76.44419900,10.48529000,76.44419900,658052.773,1159431.528,108.30,658052.774,1159431.529,-56.8,12,658053.409,1159430.551,10.48528400,76.44420300,0.366,-0.008,10.0,9.9,0.0,18.4,2047,2020,RTK FIXED
81.817,082147.60,10.48529000,76.44419900,10.48529000,76.44419900,658052.773,1159431.528,108.30,658052.774,1159431.528,-56.8,12,658053.409,1159430.551,10.48528400,76.44420300,0.366,-0.008,10.0,9.9,0.5,18.7,2047,2020,RTK FIXED
81.872,082147.80,10.48528900,76.44419900,10.48528960,76.44419900,658052.774,1159431.417,108.30,658052.774,1159431.484,-65.7,12,658053.409,1159430.551,10.48528400,76.44420300,0.355,0.091,8.6,10.0,-0.5,17.7,1755,2047,RTK FIXED
81.917,082147.80,10.48528900,76.44419900,10.48528936,76.44419900,658052.774,1159431.417,108.30,658052.774,1159431.457,-65.7,12,658053.409,1159430.551,10.48528400,76.44420300,0.355,0.091,8.6,10.0,0.6,17.8,1755,2047,RTK FIXED
81.971,082147.80,10.48528900,76.44419900,10.48528922,76.44419900,658052.774,1159431.417,108.30,658052.774,1159431.441,-65.7,12,658053.409,1159430.551,10.48528400,76.44420300,0.355,0.091,8.6,10.0,-0.5,18.3,1755,2047,RTK FIXED
82.017,082147.80,10.48528900,76.44419900,10.48528913,76.44419900,658052.774,1159431.417,108.30,658052.774,1159431.432,-65.7,12,658053.409,1159430.551,10.48528400,76.44420300,0.355,0.091,8.6,10.0,0.0,17.4,1755,2047,RTK FIXED
82.074,082148.00,10.48528900,76.44420000,10.48528908,76.44419940,658052.935,1159431.444,108.30,658052.838,1159431.437,-65.7,12,658053.409,1159430.551,10.48528400,76.44420300,0.360,0.065,9.0,10.0,0.0,18.8,1837,2047,RTK FIXED
82.118,082148.00,10.48528900,76.44420000,10.48528905,76.44419964,658052.935,1159431.444,108.30,658052.877,1159431.440,-65.7,12,658053.409,1159430.551,10.48528400,76.44420300,0.360,0.065,9.0,10.0,0.0,17.5,1837,2047,RTK FIXED
82.172,082148.20,10.48528900,76.44420000,10.48528903,76.44419978,658052.935,1159431.444,108.30,658052.900,1159431.441,-52.2,12,658053.409,1159430.551,10.48528400,76.44420300,0.358,-0.075,10.0,8.8,0.5,18.4,2047,1805,RTK FIXED
82.218,082148.20,10.48528900,76.44420000,10.48528902,76.44419987,658052.935,1159431.444,108.30,658052.914,1159431.442,-52.2,12,658053.409,1159430.551,10.48528400,76.44420300,0.358,-0.075,10.0,8.8,0.0,18.6,2047,1805,RTK FIXED
82.272,082148.20,10.48528900,76.44420000,10.48528901,76.44419992,658052.935,1159431.444,108.30,658052.922,1159431.443,-52.2,12,658053.409,1159430.551,10.48528400,76.44420300,0.358,-0.075,10.0,8.8,-0.5,16.7,2047,1805,RTK FIXED
82.317,082148.20,10.48528900,76.44420000,10.48528901,76.44419995,658052.935,1159431.444,108.30,658052.927,1159431.443,-52.2,12,658053.409,1159430.551,10.48528400,76.44420300,0.358,-0.075,10.0,8.8,0.5,15.9,2047,1805,RTK FIXED
82.372,082148.40,10.48528900,76.44420000,10.48528900,76.44419997,658052.859,1159431.401,108.30,658052.900,1159431.427,-52.2,12,658053.409,1159430.551,10.48528400,76.44420300,0.361,-0.062,10.0,9.0,-0.5,15.5,2047,1847,RTK FIXED
82.425,082148.40,10.48528900,76.44420000,10.48528900,76.44419998,658052.859,1159431.401,108.30,658052.883,1159431.416,-52.2,12,658053.409,1159430.551,10.48528400,76.44420300,0.361,-0.062,10.0,9.0,0.5,15.5,2047,1847,RTK FIXED
82.472,082148.40,10.48528900,76.44420000,10.48528900,76.44419999,658052.859,1159431.401,108.30,658052.874,1159431.410,-52.2,12,658053.409,1159430.551,10.48528400,76.44420300,0.361,-0.062,10.0,9.0,-0.5,16.1,2047,1847,RTK FIXED
82.526,082148.40,10.48528900,76.44420000,10.48528900,76.44419999,658052.859,1159431.401,108.30,658052.868,1159431.407,-52.2,12,658053.409,1159430.551,10.48528400,76.44420300,0.361,-0.062,10.0,9.0,0.0,16.2,2047,1847,RTK FIXED
82.576,082148.40,10.48528900,76.44420000,10.48528900,76.44420000,658052.859,1159431.401,108.30,658052.864,1159431.405,-52.2,12,658053.409,1159430.551,10.48528400,76.44420300,0.361,-0.062,10.0,9.0,0.5,17.3,2047,1847,RTK FIXED
82.626,082148.40,10.48528900,76.44420000,10.48528900,76.44420000,658052.859,1159431.401,108.30,658052.862,1159431.403,-52.2,12,658053.409,1159430.551,10.48528400,76.44420300,0.361,-0.062,10.0,9.0,0.0,14.4,2047,1847,RTK FIXED
82.673,082148.60,10.48528800,76.44420000,10.48528860,76.44420000,658052.859,1159431.291,108.30,658052.861,1159431.358,-65.7,12,658053.409,1159430.551,10.48528400,76.44420300,0.356,0.085,8.7,10.0,-0.5,15.5,1774,2047,RTK FIXED
82.726,082148.60,10.48528800,76.44420000,10.48528836,76.44420000,658052.859,1159431.291,108.30,658052.860,1159431.331,-65.7,12,658053.409,1159430.551,10.48528400,76.44420300,0.356,0.085,8.7,10.0,0.5,15.5,1774,2047,RTK FIXED
82.772,082148.60,10.48528800,76.44420000,10.48528822,76.44420000,658052.859,1159431.291,108.30,658052.860,1159431.315,-65.7,12,658053.409,1159430.551,10.48528400,76.44420300,0.356,0.085,8.7,10.0,-0.5,15.9,1774,2047,RTK FIXED
82.826,082148.60,10.48528800,76.44420000,10.48528813,76.44420000,658052.859,1159431.291,108.30,658052.860,1159431.305,-65.7,12,658053.409,1159430.551,10.48528400,76.44420300,0.356,0.085,8.7,10.0,0.5,16.1,1774,2047,RTK FIXED
82.872,082148.80,10.48528800,76.44420000,10.48528808,76.44420000,658052.935,1159431.333,108.30,658052.890,1159431.316,-65.7,12,658053.409,1159430.551,10.48528400,76.44420300,0.358,0.075,8.8,10.0,-0.5,15.6,1804,2047,RTK FIXED
82.927,082148.80,10.48528800,76.44420000,10.48528805,76.44420000,658052.935,1159431.333,108.30,658052.908,1159431.323,-65.7,12,658053.409,1159430.551,10.48528400,76.44420300,0.358,0.075,8.8,10.0,0.5,16.6,1804,2047,RTK FIXED
82.980,082148.80,10.48528800,76.44420000,10.48528803,76.44420000,658052.935,1159431.333,108.30,658052.919,1159431.327,-65.7,12,658053.409,1159430.551,10.48528400,76.44420300,0.358,0.075,8.8,10.0,-0.5,17.3,1804,2047,RTK FIXED
83.027,082148.80,10.48528800,76.44420000,10.48528802,76.44420000,658052.935,1159431.333,108.30,658052.925,1159431.330,-65.7,12,658053.409,1159430.551,10.48528400,76.44420300,0.358,0.075,8.8,10.0,0.0,17.1,1804,2047,RTK FIXED
83.081,082149.00,10.48528800,76.44420000,10.48528801,76.44420000,658052.935,1159431.333,108.30,658052.929,1159431.331,-65.7,12,658053.409,1159430.551,10.48528400,76.44420300,0.359,0.070,8.9,10.0,0.0,17.3,1822,2047,RTK FIXED
83.127,082149.00,10.48528800,76.44420000,10.48528801,76.44420000,658052.935,1159431.333,108.30,658052.931,1159431.332,-65.7,12,658053.409,1159430.551,10.48528400,76.44420300,0.359,0.070,8.9,10.0,0.0,17.4,1822,2047,RTK FIXED
83.181,082149.20,10.48528700,76.44420100,10.48528760,76.44420040,658053.045,1159431.223,108.30,658052.977,1159431.289,-57.8,12,658053.409,1159430.551,10.48528400,76.44420300,0.366,-0.015,10.0,9.8,0.5,17.5,2047,1996,RTK FIXED
83.227,082149.20,10.48528700,76.44420100,10.48528736,76.44420064,658053.045,1159431.223,108.30,658053.004,1159431.262,-57.8,12,658053.409,1159430.551,10.48528400,76.44420300,0.366,-0.015,10.0,9.8,-0.5,17.4,2047,1996,RTK FIXED
83.280,082149.20,10.48528700,76.44420100,10.48528722,76.44420078,658053.045,1159431.223,108.30,658053.020,1159431.247,-57.8,12,658053.409,1159430.551,10.48528400,76.44420300,0.366,-0.015,10.0,9.8,0.0,17.2,2047,1996,RTK FIXED
83.327,082149.20,10.48528700,76.44420100,10.48528713,76.44420087,658053.045,1159431.223,108.30,658053.030,1159431.237,-57.8,12,658053.409,1159430.551,10.48528400,76.44420300,0.366,-0.015,10.0,9.8,0.5,17.3,2047,1996,RTK FIXED
83.381,082149.40,10.48528700,76.44420100,10.48528708,76.44420092,658052.999,1159431.200,108.30,658053.018,1159431.223,-57.8,12,658053.409,1159430.551,10.48528400,76.44420300,0.366,-0.009,10.0,9.9,0.0,17.1,2047,2017,RTK FIXED
83.435,082149.40,10.48528700,76.44420100,10.48528705,76.44420095,658052.999,1159431.200,108.30,658053.010,1159431.214,-57.8,12,658053.409,1159430.551,10.48528400,76.44420300,0.366,-0.009,10.0,9.9,-0.5,16.9,2047,2017,RTK FIXED
83.480,082149.40,10.48528700,76.44420100,10.48528703,76.44420097,658052.999,1159431.200,108.30,658053.006,1159431.208,-57.8,12,658053.409,1159430.551,10.48528400,76.44420300,0.366,-0.009,10.0,9.9,0.0,17.4,2047,2017,RTK FIXED
83.535,082149.40,10.48528700,76.44420100,10.48528702,76.44420098,658052.999,1159431.200,108.30,658053.003,1159431.205,-57.8,12,658053.409,1159430.551,10.48528400,76.44420300,0.366,-0.009,10.0,9.9,0.5,17.5,2047,2017,RTK FIXED
83.581,082149.40,10.48528700,76.44420100,10.48528701,76.44420099,658052.999,1159431.200,108.30,658053.002,1159431.203,-57.8,12,658053.409,1159430.551,10.48528400,76.44420300,0.366,-0.009,10.0,9.9,-0.5,18.0,2047,2017,RTK FIXED
83.635,082149.40,10.48528700,76.44420100,10.48528701,76.44420099,658052.999,1159431.200,108.30,658053.001,1159431.202,-57.8,12,658053.409,1159430.551,10.48528400,76.44420300,0.366,-0.009,10.0,9.9,0.0,18.0,2047,2017,RTK FIXED
83.681,082149.60,10.48528700,76.44420100,10.48528700,76.44420100,658052.999,1159431.200,108.30,658053.000,1159431.201,-57.8,12,658053.409,1159430.551,10.48528400,76.44420300,0.366,-0.005,10.0,9.9,0.5,18.3,2047,2029,RTK FIXED
83.735,082149.60,10.48528700,76.44420100,10.48528700,76.44420100,658052.999,1159431.200,108.30,658053.000,1159431.201,-57.8,12,658053.409,1159430.551,10.48528400,76.44420300,0.366,-0.005,10.0,9.9,0.0,18.2,2047,2029,RTK FIXED
83.780,082149.60,10.48528700,76.44420100,10.48528700,76.44420100,658052.999,1159431.200,108.30,658053.000,1159431.201,-57.8,12,658053.409,1159430.551,10.48528400,76.44420300,0.366,-0.005,10.0,9.9,-0.5,18.1,2047,2029,RTK FIXED
83.835,082149.60,10.48528700,76.44420100,10.48528700,76.44420100,658052.999,1159431.200,108.30,658053.000,1159431.201,-57.8,12,658053.409,1159430.551,10.48528400,76.44420300,0.366,-0.005,10.0,9.9,0.0,18.8,2047,2029,RTK FIXED
83.881,082149.80,10.48528600,76.44420100,10.48528660,76.44420100,658053.000,1159431.090,108.30,658053.000,1159431.156,-63.6,12,658053.409,1159430.551,10.48528400,76.44420300,0.360,0.066,9.0,10.0,0.5,18.1,1835,2047,RTK FIXED
83.935,082149.80,10.48528600,76.44420100,10.48528636,76.44420100,658053.000,1159431.090,108.30,658053.000,1159431.130,-63.6,12,658053.409,1159430.551,10.48528400,76.44420300,0.360,0.066,9.0,10.0,0.0,18.7,1835,2047,RTK FIXED
83.981,082149.80,10.48528600,76.44420100,10.48528622,76.44420100,658053.000,1159431.090,108.30,658053.000,1159431.114,-63.6,12,658053.409,1159430.551,10.48528400,76.44420300,0.360,0.066,9.0,10.0,0.0,18.0,1835,2047,RTK FIXED
84.035,082149.80,10.48528600,76.44420100,10.48528613,76.44420100,658053.000,1159431.090,108.30,658053.000,1159431.104,-63.6,12,658053.409,1159430.551,10.48528400,76.44420300,0.360,0.066,9.0,10.0,0.0,18.4,1835,2047,RTK FIXED
84.089,082150.00,10.48528600,76.44420100,10.48528608,76.44420100,658053.033,1159431.107,108.30,658053.013,1159431.105,-63.6,12,658053.409,1159430.551,10.48528400,76.44420300,0.360,0.066,9.0,10.0,-0.5,18.0,1832,2047,RTK FIXED
84.137,082150.00,10.48528600,76.44420100,10.48528605,76.44420100,658053.033,1159431.107,108.30,658053.021,1159431.106,-63.6,12,658053.409,1159430.551,10.48528400,76.44420300,0.360,0.066,9.0,10.0,0.0,18.9,1832,2047,RTK FIXED
84.189,082150.20,10.48528600,76.44420200,10.48528603,76.44420140,658053.142,1159431.108,108.30,658053.070,1159431.107,-54.3,12,658053.409,1159430.551,10.48528400,76.44420300,0.363,-0.043,10.0,9.3,0.5,18.1,2047,1906,RTK FIXED
84.236,082150.20,10.48528600,76.44420200,10.48528602,76.44420164,658053.142,1159431.108,108.30,658053.099,1159431.107,-54.3,12,658053.409,1159430.551,10.48528400,76.44420300,0.363,-0.043,10.0,9.3,-0.5,18.4,2047,1906,RTK FIXED
84.288,082150.20,10.48528600,76.44420200,10.48528601,76.44420178,658053.142,1159431.108,108.30,658053.116,1159431.107,-54.3,12,658053.409,1159430.551,10.48528400,76.44420300,0.363,-0.043,10.0,9.3,0.5,18.0,2047,1906,RTK FIXED
84.336,082150.20,10.48528600,76.44420200,10.48528601,76.44420187,658053.142,1159431.108,108.30,658053.127,1159431.107,-54.3,12,658053.409,1159430.551,10.48528400,76.44420300,0.363,-0.043,10.0,9.3,0.0,17.3,2047,1906,RTK FIXED
84.389,082150.40,10.48528500,76.44420200,10.48528560,76.44420192,658053.091,1159430.968,108.30,658053.112,1159431.051,-54.3,12,658053.409,1159430.551,10.48528400,76.44420300,0.365,-0.026,10.0,9.6,0.0,16.4,2047,1962,RTK FIXED
84.435,082150.40,10.48528500,76.44420200,10.48528536,76.44420195,658053.091,1159430.968,108.30,658053.104,1159431.018,-54.3,12,658053.409,1159430.551,10.48528400,76.44420300,0.365,-0.026,10.0,9.6,0.0,16.9,2047,1962,RTK FIXED
84.489,082150.40,10.48528500,76.44420200,10.48528522,76.44420197,658053.091,1159430.968,108.30,658053.098,1159430.998,-54.3,12,658053.409,1159430.551,10.48528400,76.44420300,0.365,-0.026,10.0,9.6,0.0,17.2,2047,1962,RTK FIXED
84.535,082150.40,10.48528500,76.44420200,10.48528513,76.44420198,658053.091,1159430.968,108.30,658053.095,1159430.986,-54.3,12,658053.409,1159430.551,10.48528400,76.44420300,0.365,-0.026,10.0,9.6,0.0,17.0,2047,1962,RTK FIXED
84.589,082150.40,10.48528500,76.44420200,10.48528508,76.44420199,658053.091,1159430.968,108.30,658053.094,1159430.978,-54.3,12,658053.409,1159430.551,10.48528400,76.44420300,0.365,-0.026,10.0,9.6,0.0,17.7,2047,1962,RTK FIXED
84.636,082150.40,10.48528500,76.44420200,10.48528505,76.44420199,658053.091,1159430.968,108.30,658053.092,1159430.974,-54.3,12,658053.409,1159430.551,10.48528400,76.44420300,0.365,-0.026,10.0,9.6,-0.5,18.4,2047,1962,RTK FIXED
84.690,082150.60,10.48528500,76.44420200,10.48528503,76.44420200,658053.091,1159430.968,108.30,658053.092,1159430.971,-62.0,12,658053.409,1159430.551,10.48528400,76.44420300,0.362,0.055,9.1,10.0,0.0,18.6,1868,2047,RTK FIXED
84.744,082150.60,10.48528500,76.44420200,10.48528502,76.44420200,658053.091,1159430.968,108.30,658053.091,1159430.970,-62.0,12,658053.409,1159430.551,10.48528400,76.44420300,0.362,0.055,9.1,10.0,0.5,17.7,1868,2047,RTK FIXED
84.789,082150.60,10.48528500,76.44420200,10.48528501,76.44420200,658053.091,1159430.968,108.30,658053.091,1159430.969,-62.0,12,658053.409,1159430.551,10.48528400,76.44420300,0.362,0.055,9.1,10.0,0.0,18.6,1868,2047,RTK FIXED
84.845,082150.60,10.48528500,76.44420200,10.48528501,76.44420200,658053.091,1159430.968,108.30,658053.091,1159430.968,-62.0,12,658053.409,1159430.551,10.48528400,76.44420300,0.362,0.055,9.1,10.0,0.0,17.8,1868,2047,RTK FIXED
84.890,082150.80,10.48528500,76.44420200,10.48528500,76.44420200,658053.134,1159430.993,108.30,658053.108,1159430.978,-62.0,12,658053.409,1159430.551,10.48528400,76.44420300,0.363,0.047,9.2,10.0,0.0,17.9,1892,2047,RTK FIXED
84.944,082150.80,10.48528500,76.44420200,10.48528500,76.44420200,658053.134,1159430.993,108.30,658053.118,1159430.984,-62.0,12,658053.409,1159430.551,10.48528400,76.44420300,0.363,0.047,9.2,10.0,-0.5,17.6,1892,2047,RTK FIXED
84.991,082150.80,10.48528500,76.44420200,10.48528500,76.44420200,658053.134,1159430.993,108.30,658053.125,1159430.987,-62.0,12,658053.409,1159430.551,10.48528400,76.44420300,0.363,0.047,9.2,10.0,0.0,18.5,1892,2047,RTK FIXED
85.043,082150.80,10.48528500,76.44420200,10.48528500,76.44420200,658053.134,1159430.993,108.30,658053.128,1159430.990,-62.0,12,658053.409,1159430.551,10.48528400,76.44420300,0.363,0.047,9.2,10.0,0.5,17.9,1892,2047,RTK FIXED
85.090,082151.00,10.48528500,76.44420200,10.48528500,76.44420200,658053.134,1159430.993,108.30,658053.131,1159430.991,-62.0,12,658053.409,1159430.551,10.48528400,76.44420300,0.364,0.043,9.3,10.0,0.0,18.6,1907,2047,RTK FIXED
85.144,082151.00,10.48528500,76.44420200,10.48528500,76.44420200,658053.134,1159430.993,108.30,658053.132,1159430.992,-62.0,12,658053.409,1159430.551,10.48528400,76.44420300,0.364,0.043,9.3,10.0,-0.5,18.2,1907,2047,RTK FIXED
85.189,082151.20,10.48528400,76.44420300,10.48528460,76.44420240,658053.244,1159430.883,108.30,658053.177,1159430.948,-55.3,12,658053.409,1159430.551,10.48528400,76.44420300,0.365,-0.031,10.0,9.5,0.5,18.7,2047,1946,RTK FIXED
85.243,082151.20,10.48528400,76.44420300,10.48528436,76.44420264,658053.244,1159430.883,108.30,658053.204,1159430.922,-55.3,12,658053.409,1159430.551,10.48528400,76.44420300,0.365,-0.031,10.0,9.5,0.0,18.1,2047,1946,RTK FIXED
85.298,082151.20,10.48528400,76.44420300,10.48528422,76.44420278,658053.244,1159430.883,108.30,658053.220,1159430.906,-55.3,12,658053.409,1159430.551,10.48528400,76.44420300,0.365,-0.031,10.0,9.5,0.0,17.9,2047,1946,RTK FIXED
85.344,082151.20,10.48528400,76.44420300,10.48528413,76.44420287,658053.244,1159430.883,108.30,658053.229,1159430.897,-55.3,12,658053.409,1159430.551,10.48528400,76.44420300,0.365,-0.031,10.0,9.5,0.0,16.8,2047,1946,RTK FIXED
85.399,082151.40,10.48528400,76.44420300,10.48528408,76.44420292,658053.206,1159430.861,108.30,658053.220,1159430.882,-55.3,12,658053.409,1159430.551,10.48528400,76.44420300,0.344,-0.026,10.0,9.6,0.0,16.9,2047,1956,RTK FIXED
85.444,082151.40,10.48528400,76.44420300,10.48528405,76.44420295,658053.206,1159430.861,108.30,658053.214,1159430.874,-55.3,12,658053.409,1159430.551,10.48528400,76.44420300,0.344,-0.026,10.0,9.6,0.0,17.6,2047,1956,RTK FIXED
85.498,082151.40,10.48528400,76.44420300,10.48528403,76.44420297,658053.206,1159430.861,108.30,658053.211,1159430.869,-55.3,12,658053.409,1159430.551,10.48528400,76.44420300,0.344,-0.026,10.0,9.6,0.0,17.6,2047,1956,RTK FIXED
85.544,082151.40,10.48528400,76.44420300,10.48528402,76.44420298,658053.206,1159430.861,108.30,658053.209,1159430.866,-55.3,12,658053.409,1159430.551,10.48528400,76.44420300,0.344,-0.026,10.0,9.6,-0.5,18.4,2047,1956,RTK FIXED
85.598,082151.40,10.48528400,76.44420300,10.48528401,76.44420299,658053.206,1159430.861,108.30,658053.208,1159430.864,-55.3,12,658053.409,1159430.551,10.48528400,76.44420300,0.344,-0.026,10.0,9.6,0.5,17.7,2047,1956,RTK FIXED
85.644,082151.40,10.48528400,76.44420300,10.48528401,76.44420299,658053.206,1159430.861,108.30,658053.207,1159430.863,-55.3,12,658053.409,1159430.551,10.48528400,76.44420300,0.344,-0.026,10.0,9.6,-0.5,17.2,2047,1956,RTK FIXED
85.699,082151.60,10.48528400,76.44420300,10.48528400,76.44420300,658053.206,1159430.861,108.30,658053.207,1159430.862,-55.3,12,658053.409,1159430.551,10.48528400,76.44420300,0.325,-0.023,10.0,9.6,0.0,17.9,2047,1961,RTK FIXED
85.744,082151.60,10.48528400,76.44420300,10.48528400,76.44420300,658053.206,1159430.861,108.30,658053.206,1159430.862,-55.3,12,658053.409,1159430.551,10.48528400,76.44420300,0.325,-0.023,10.0,9.6,0.5,17.5,2047,1961,RTK FIXED
85.798,082151.60,10.48528400,76.44420300,10.48528400,76.44420300,658053.206,1159430.861,108.30,658053.206,1159430.861,-55.3,12,658053.409,1159430.551,10.48528400,76.44420300,0.325,-0.023,10.0,9.6,0.0,17.2,2047,1961,RTK FIXED
85.844,082151.60,10.48528400,76.44420300,10.48528400,76.44420300,658053.206,1159430.861,108.30,658053.206,1159430.861,-55.3,12,658053.409,1159430.551,10.48528400,76.44420300,0.325,-0.023,10.0,9.6,-0.5,16.9,2047,1961,RTK FIXED
85.903,082151.80,10.48528300,76.44420300,10.48528360,76.44420300,658053.206,1159430.750,108.30,658053.206,1159430.817,-61.3,13,658053.960,1159429.669,10.48527600,76.44420800,0.364,0.043,9.3,10.0,0.4,16.6,1908,2047,RTK FIXED
85.952,082151.80,10.48528300,76.44420300,10.48528336,76.44420300,658053.206,1159430.750,108.30,658053.206,1159430.790,-61.3,13,658053.960,1159429.669,10.48527600,76.44420800,0.364,0.043,9.3,10.0,-0.5,16.6,1908,2047,RTK FIXED
85.999,082151.80,10.48528300,76.44420300,10.48528322,76.44420300,658053.206,1159430.750,108.30,658053.206,1159430.774,-61.3,13,658053.960,1159429.669,10.48527600,76.44420800,0.364,0.043,9.3,10.0,0.5,16.1,1908,2047,RTK FIXED
86.052,082151.80,10.48528300,76.44420300,10.48528313,76.44420300,658053.206,1159430.750,108.30,658053.206,1159430.765,-61.3,13,658053.960,1159429.669,10.48527600,76.44420800,0.364,0.043,9.3,10.0,0.0,16.4,1908,2047,RTK FIXED
86.099,082152.00,10.48528300,76.44420300,10.48528308,76.44420300,658053.240,1159430.770,108.30,658053.220,1159430.767,-61.3,13,658053.960,1159429.669,10.48527600,76.44420800,0.364,0.043,9.3,10.0,-0.5,18.2,1907,2047,RTK FIXED
86.153,082152.00,10.48528300,76.44420300,10.48528305,76.44420300,658053.240,1159430.770,108.30,658053.228,1159430.768,-61.3,13,658053.960,1159429.669,10.48527600,76.44420800,0.364,0.043,9.3,10.0,0.5,17.7,1907,2047,RTK FIXED
86.199,082152.20,10.48528300,76.44420400,10.48528303,76.44420340,658053.349,1159430.770,108.30,658053.276,1159430.769,-52.3,13,658053.960,1159429.669,10.48527600,76.44420800,0.362,-0.057,10.0,9.1,0.0,17.8,2047,1862,RTK FIXED
86.253,082152.20,10.48528300,76.44420400,10.48528302,76.44420364,658053.349,1159430.770,108.30,658053.306,1159430.769,-52.3,13,658053.960,1159429.669,10.48527600,76.44420800,0.362,-0.057,10.0,9.1,0.0,17.7,2047,1862,RTK FIXED
86.299,082152.20,10.48528300,76.44420400,10.48528301,76.44420378,658053.349,1159430.770,108.30,658053.323,1159430.770,-52.3,13,658053.960,1159429.669,10.48527600,76.44420800,0.362,-0.057,10.0,9.1,0.0,16.8,2047,1862,RTK FIXED
86.353,082152.20,10.48528300,76.44420400,10.48528301,76.44420387,658053.349,1159430.770,108.30,658053.334,1159430.770,-52.3,13,658053.960,1159429.669,10.48527600,76.44420800,0.362,-0.057,10.0,9.1,-0.5,15.8,2047,1862,RTK FIXED
86.399,082152.40,10.48528200,76.44420400,10.48528260,76.44420392,658053.300,1159430.629,108.30,658053.320,1159430.714,-52.3,13,658053.960,1159429.669,10.48527600,76.44420800,0.363,-0.044,10.0,9.3,0.5,15.6,2047,1902,RTK FIXED
86.453,082152.40,10.48528200,76.44420400,10.48528236,76.44420395,658053.300,1159430.629,108.30,658053.312,1159430.680,-52.3,13,658053.960,1159429.669,10.48527600,76.44420800,0.363,-0.044,10.0,9.3,0.0,15.4,2047,1902,RTK FIXED
86.507,082152.40,10.48528200,76.44420400,10.48528222,76.44420397,658053.300,1159430.629,108.30,658053.308,1159430.660,-52.3,13,658053.960,1159429.669,10.48527600,76.44420800,0.363,-0.044,10.0,9.3,-0.5,16.2,2047,1902,RTK FIXED
86.553,082152.40,10.48528200,76.44420400,10.48528213,76.44420398,658053.300,1159430.629,108.30,658053.305,1159430.647,-52.3,13,658053.960,1159429.669,10.48527600,76.44420800,0.363,-0.044,10.0,9.3,0.5,15.8,2047,1902,RTK FIXED
86.607,082152.40,10.48528200,76.44420400,10.48528208,76.44420399,658053.300,1159430.629,108.30,658053.303,1159430.640,-52.3,13,658053.960,1159429.669,10.48527600,76.44420800,0.363,-0.044,10.0,9.3,0.0,15.8,2047,1902,RTK FIXED
86.653,082152.60,10.48528200,76.44420400,10.48528205,76.44420399,658053.300,1159430.629,108.30,658053.302,1159430.636,-60.3,13,658053.960,1159429.669,10.48527600,76.44420800,0.364,0.037,9.4,10.0,-0.5,17.2,1926,2047,RTK FIXED
86.707,082152.60,10.48528200,76.44420400,10.48528203,76.44420400,658053.300,1159430.629,108.30,658053.301,1159430.633,-60.3,13,658053.960,1159429.669,10.48527600,76.44420800,0.364,0.037,9.4,10.0,0.0,16.8,1926,2047,RTK FIXED
86.752,082152.60,10.48528200,76.44420400,10.48528202,76.44420400,658053.300,1159430.629,108.30,658053.301,1159430.632,-60.3,13,658053.960,1159429.669,10.48527600,76.44420800,0.364,0.037,9.4,10.0,0.0,17.0,1926,2047,RTK FIXED
86.807,082152.60,10.48528200,76.44420400,10.48528201,76.44420400,658053.300,1159430.629,108.30,658053.301,1159430.631,-60.3,13,658053.960,1159429.669,10.48527600,76.44420800,0.364,0.037,9.4,10.0,0.0,17.0,1926,2047,RTK FIXED
86.854,082152.60,10.48528200,76.44420400,10.48528201,76.44420400,658053.300,1159430.629,108.30,658053.301,1159430.630,-60.3,13,658053.960,1159429.669,10.48527600,76.44420800,0.364,0.037,9.4,10.0,0.5,16.5,1926,2047,RTK FIXED
86.908,082152.80,10.48528200,76.44420400,10.48528200,76.44420400,658053.344,1159430.657,108.30,658053.318,1159430.641,-60.3,13,658053.960,1159429.669,10.48527600,76.44420800,0.365,0.030,9.5,10.0,0.0,16.8,1947,2047,RTK FIXED
86.954,082152.80,10.48528200,76.44420400,10.48528200,76.44420400,658053.344,1159430.657,108.30,658053.329,1159430.647,-60.3,13,658053.960,1159429.669,10.48527600,76.44420800,0.365,0.030,9.5,10.0,0.0,18.0,1947,2047,RTK FIXED
87.007,082152.80,10.48528200,76.44420400,10.48528200,76.44420400,658053.344,1159430.657,108.30,658053.335,1159430.651,-60.3,13,658053.960,1159429.669,10.48527600,76.44420800,0.365,0.030,9.5,10.0,0.0,17.2,1947,2047,RTK FIXED
87.062,082153.00,10.48528100,76.44420400,10.48528160,76.44420400,658053.345,1159430.546,108.30,658053.339,1159430.609,-60.3,13,658053.960,1159429.669,10.48527600,76.44420800,0.364,0.041,9.4,10.0,0.0,17.9,1914,2047,RTK FIXED
87.107,082153.00,10.48528100,76.44420400,10.48528136,76.44420400,658053.345,1159430.546,108.30,658053.341,1159430.584,-60.3,13,658053.960,1159429.669,10.48527600,76.44420800,0.364,0.041,9.4,10.0,-0.6,18.2,1914,2047,RTK FIXED
87.161,082153.00,10.48528100,76.44420400,10.48528122,76.44420400,658053.345,1159430.546,108.30,658053.343,1159430.569,-60.3,13,658053.960,1159429.669,10.48527600,76.44420800,0.364,0.041,9.4,10.0,0.5,18.1,1914,2047,RTK FIXED
87.208,082153.00,10.48528100,76.44420400,10.48528113,76.44420400,658053.345,1159430.546,108.30,658053.344,1159430.560,-60.3,13,658053.960,1159429.669,10.48527600,76.44420800,0.364,0.041,9.4,10.0,0.0,17.7,1914,2047,RTK FIXED
87.262,082153.20,10.48528100,76.44420400,10.48528108,76.44420400,658053.345,1159430.546,108.30,658053.344,1159430.554,-61.8,13,658053.960,1159429.669,10.48527600,76.44420800,0.361,0.061,9.0,10.0,-0.5,18.1,1848,2047,RTK FIXED
87.308,082153.20,10.48528100,76.44420400,10.48528105,76.44420400,658053.345,1159430.546,108.30,658053.344,1159430.551,-61.8,13,658053.960,1159429.669,10.48527600,76.44420800,0.361,0.061,9.0,10.0,0.5,17.8,1848,2047,RTK FIXED
87.362,082153.40,10.48528100,76.44420400,10.48528103,76.44420400,658053.354,1159430.551,108.30,658053.348,1159430.551,-61.8,13,658053.960,1159429.669,10.48527600,76.44420800,0.361,0.063,9.0,10.0,0.0,18.1,1842,2047,RTK FIXED
87.408,082153.40,10.48528100,76.44420400,10.48528102,76.44420400,658053.354,1159430.551,108.30,658053.350,1159430.551,-61.8,13,658053.960,1159429.669,10.48527600,76.44420800,0.361,0.063,9.0,10.0,0.0,18.5,1842,2047,RTK FIXED
87.460,082153.40,10.48528100,76.44420400,10.48528101,76.44420400,658053.354,1159430.551,108.30,658053.352,1159430.551,-61.8,13,658053.960,1159429.669,10.48527600,76.44420800,0.361,0.063,9.0,10.0,0.0,18.0,1842,2047,RTK FIXED
87.508,082153.40,10.48528100,76.44420400,10.48528101,76.44420400,658053.354,1159430.551,108.30,658053.352,1159430.551,-61.8,13,658053.960,1159429.669,10.48527600,76.44420800,0.361,0.063,9.0,10.0,-0.5,18.5,1842,2047,RTK FIXED
87.561,082153.40,10.48528100,76.44420400,10.48528100,76.44420400,658053.354,1159430.551,108.30,658053.353,1159430.551,-61.8,13,658053.960,1159429.669,10.48527600,76.44420800,0.361,0.063,9.0,10.0,0.0,18.1,1842,2047,RTK FIXED
87.607,082153.40,10.48528100,76.44420400,10.48528100,76.44420400,658053.354,1159430.551,108.30,658053.353,1159430.551,-61.8,13,658053.960,1159429.669,10.48527600,76.44420800,0.361,0.063,9.0,10.0,0.5,18.0,1842,2047,RTK FIXED
87.662,082153.60,10.48528000,76.44420500,10.48528060,76.44420440,658053.464,1159430.441,108.30,658053.397,1159430.507,-58.6,13,658053.960,1159429.669,10.48527600,76.44420800,0.365,0.027,9.6,10.0,-0.5,17.9,1958,2047,RTK FIXED
87.716,082153.60,10.48528000,76.44420500,10.48528036,76.44420464,658053.464,1159430.441,108.30,658053.424,1159430.480,-58.6,13,658053.960,1159429.669,10.48527600,76.44420800,0.365,0.027,9.6,10.0,0.5,18.6,1958,2047,RTK FIXED
87.762,082153.60,10.48528000,76.44420500,10.48528022,76.44420478,658053.464,1159430.441,108.30,658053.440,1159430.464,-58.6,13,658053.960,1159429.669,10.48527600,76.44420800,0.365,0.027,9.6,10.0,-0.5,18.5,1958,2047,RTK FIXED
87.815,082153.60,10.48528000,76.44420500,10.48528013,76.44420487,658053.464,1159430.441,108.30,658053.449,1159430.455,-58.6,13,658053.960,1159429.669,10.48527600,76.44420800,0.365,0.027,9.6,10.0,0.0,18.3,1958,2047,RTK FIXED
87.863,082153.80,10.48528000,76.44420500,10.48528008,76.44420492,658053.445,1159430.431,108.30,658053.448,1159430.445,-58.6,13,658053.960,1159429.669,10.48527600,76.44420800,0.365,0.028,9.6,10.0,0.5,18.4,1956,2047,RTK FIXED
87.916,082153.80,10.48528000,76.44420500,10.48528005,76.44420495,658053.445,1159430.431,108.30,658053.447,1159430.439,-58.6,13,658053.960,1159429.669,10.48527600,76.44420800,0.365,0.028,9.6,10.0,0.0,18.3,1956,2047,RTK FIXED
87.962,082153.80,10.48528000,76.44420500,10.48528003,76.44420497,658053.445,1159430.431,108.30,658053.446,1159430.436,-58.6,13,658053.960,1159429.669,10.48527600,76.44420800,0.365,0.028,9.6,10.0,0.0,18.4,1956,2047,RTK FIXED
88.016,082153.80,10.48528000,76.44420500,10.48528002,76.44420498,658053.445,1159430.431,108.30,658053.446,1159430.434,-58.6,13,658053.960,1159429.669,10.48527600,76.44420800,0.365,0.028,9.6,10.0,-0.5,18.7,1956,2047,RTK FIXED
88.062,082153.80,10.48528000,76.44420500,10.48528001,76.44420499,658053.445,1159430.431,108.30,658053.446,1159430.433,-58.6,13,658053.960,1159429.669,10.48527600,76.44420800,0.365,0.028,9.6,10.0,0.0,18.8,1956,2047,RTK FIXED
88.116,082154.00,10.48528000,76.44420500,10.48528001,76.44420499,658053.445,1159430.431,108.30,658053.445,1159430.432,-58.6,13,658053.960,1159429.669,10.48527600,76.44420800,0.365,0.028,9.6,10.0,0.5,18.8,1956,2047,RTK FIXED
88.163,082154.20,10.48528000,76.44420500,10.48528000,76.44420500,658053.445,1159430.431,108.30,658053.445,1159430.431,-58.7,13,658053.960,1159429.669,10.48527600,76.44420800,0.365,0.029,9.5,10.0,0.0,18.4,1953,2047,RTK FIXED
88.216,082154.20,10.48528000,76.44420500,10.48528000,76.44420500,658053.445,1159430.431,108.30,658053.445,1159430.431,-58.7,13,658053.960,1159429.669,10.48527600,76.44420800,0.365,0.029,9.5,10.0,0.0,18.7,1953,2047,RTK FIXED
88.262,082154.20,10.48528000,76.44420500,10.48528000,76.44420500,658053.445,1159430.431,108.30,658053.445,1159430.431,-58.7,13,658053.960,1159429.669,10.48527600,76.44420800,0.365,0.029,9.5,10.0,0.0,18.6,1953,2047,RTK FIXED
88.316,082154.20,10.48528000,76.44420500,10.48528000,76.44420500,658053.445,1159430.431,108.30,658053.445,1159430.431,-58.7,13,658053.960,1159429.669,10.48527600,76.44420800,0.365,0.029,9.5,10.0,-0.5,18.8,1953,2047,RTK FIXED
88.371,082154.40,10.48527900,76.44420500,10.48527960,76.44420500,658053.446,1159430.320,108.30,658053.446,1159430.387,-58.7,13,658053.960,1159429.669,10.48527600,76.44420800,0.363,0.045,9.3,10.0,0.5,18.4,1901,2047,RTK FIXED
88.416,082154.40,10.48527900,76.44420500,10.48527936,76.44420500,658053.446,1159430.320,108.30,658053.446,1159430.360,-58.7,13,658053.960,1159429.669,10.48527600,76.44420800,0.363,0.045,9.3,10.0,-0.5,18.6,1901,2047,RTK FIXED
88.470,082154.40,10.48527900,76.44420500,10.48527922,76.44420500,658053.446,1159430.320,108.30,658053.446,1159430.344,-58.7,13,658053.960,1159429.669,10.48527600,76.44420800,0.363,0.045,9.3,10.0,0.5,19.1,1901,2047,RTK FIXED
88.516,082154.40,10.48527900,76.44420500,10.48527913,76.44420500,658053.446,1159430.320,108.30,658053.446,1159430.335,-58.7,13,658053.960,1159429.669,10.48527600,76.44420800,0.363,0.045,9.3,10.0,0.0,18.4,1901,2047,RTK FIXED
88.570,082154.40,10.48527900,76.44420500,10.48527908,76.44420500,658053.446,1159430.320,108.30,658053.446,1159430.329,-58.7,13,658053.960,1159429.669,10.48527600,76.44420800,0.363,0.045,9.3,10.0,0.0,18.6,1901,2047,RTK FIXED
88.616,082154.40,10.48527900,76.44420500,10.48527905,76.44420500,658053.446,1159430.320,108.30,658053.446,1159430.326,-58.7,13,658053.960,1159429.669,10.48527600,76.44420800,0.363,0.045,9.3,10.0,0.0,18.4,1901,2047,RTK FIXED
88.671,082154.60,10.48527900,76.44420600,10.48527903,76.44420540,658053.556,1159430.321,108.30,658053.490,1159430.324,-58.5,13,658053.960,1159429.669,10.48527600,76.44420800,0.365,0.027,9.6,10.0,0.0,18.8,1959,2047,RTK FIXED
88.716,082154.60,10.48527900,76.44420600,10.48527902,76.44420564,658053.556,1159430.321,108.30,658053.516,1159430.323,-58.5,13,658053.960,1159429.669,10.48527600,76.44420800,0.365,0.027,9.6,10.0,-0.5,18.1,1959,2047,RTK FIXED
88.771,082154.60,10.48527900,76.44420600,10.48527901,76.44420578,658053.556,1159430.321,108.30,658053.532,1159430.322,-58.5,13,658053.960,1159429.669,10.48527600,76.44420800,0.365,0.027,9.6,10.0,0.0,18.5,1959,2047,RTK FIXED
88.816,082154.60,10.48527900,76.44420600,10.48527901,76.44420587,658053.556,1159430.321,108.30,658053.541,1159430.322,-58.5,13,658053.960,1159429.669,10.48527600,76.44420800,0.365,0.027,9.6,10.0,0.0,18.0,1959,2047,RTK FIXED
88.871,082154.60,10.48527900,76.44420600,10.48527900,76.44420592,658053.556,1159430.321,108.30,658053.547,1159430.321,-58.5,13,658053.960,1159429.669,10.48527600,76.44420800,0.365,0.027,9.6,10.0,0.5,18.8,1959,2047,RTK FIXED
88.925,082154.80,10.48527900,76.44420600,10.48527900,76.44420595,658053.554,1159430.320,108.30,658053.550,1159430.321,-58.5,13,658053.960,1159429.669,10.48527600,76.44420800,0.366,0.017,9.7,10.0,0.0,18.0,1990,2047,RTK FIXED
88.971,082154.80,10.48527900,76.44420600,10.48527900,76.44420597,658053.554,1159430.320,108.30,658053.552,1159430.321,-58.5,13,658053.960,1159429.669,10.48527600,76.44420800,0.366,0.017,9.7,10.0,-0.5,18.5,1990,2047,RTK FIXED
89.024,082154.80,10.48527900,76.44420600,10.48527900,76.44420598,658053.554,1159430.320,108.30,658053.553,1159430.320,-58.5,13,658053.960,1159429.669,10.48527600,76.44420800,0.366,0.017,9.7,10.0,0.0,18.2,1990,2047,RTK FIXED
89.072,082155.00,10.48527800,76.44420600,10.48527860,76.44420599,658053.555,1159430.210,108.20,658053.554,1159430.276,-58.7,13,658053.960,1159429.669,10.48527600,76.44420800,0.365,0.030,9.5,10.0,0.5,18.1,1949,2047,RTK FIXED
89.125,082155.00,10.48527800,76.44420600,10.48527836,76.44420599,658053.555,1159430.210,108.20,658053.554,1159430.250,-58.7,13,658053.960,1159429.669,10.48527600,76.44420800,0.365,0.030,9.5,10.0,0.0,18.3,1949,2047,RTK FIXED
89.172,082155.20,10.48527800,76.44420600,10.48527822,76.44420600,658053.556,1159430.210,108.30,658053.555,1159430.234,-58.7,13,658053.960,1159429.669,10.48527600,76.44420800,0.364,0.036,9.4,10.0,-0.5,19.2,1930,2047,RTK FIXED
89.225,082155.20,10.48527800,76.44420600,10.48527813,76.44420600,658053.556,1159430.210,108.30,658053.555,1159430.224,-58.7,13,658053.960,1159429.669,10.48527600,76.44420800,0.364,0.036,9.4,10.0,0.0,17.8,1930,2047,RTK FIXED
89.271,082155.20,10.48527800,76.44420600,10.48527808,76.44420600,658053.556,1159430.210,108.30,658053.556,1159430.219,-58.7,13,658053.960,1159429.669,10.48527600,76.44420800,0.364,0.036,9.4,10.0,0.0,18.4,1930,2047,RTK FIXED
89.324,082155.20,10.48527800,76.44420600,10.48527805,76.44420600,658053.556,1159430.210,108.30,658053.556,1159430.215,-58.7,13,658053.960,1159429.669,10.48527600,76.44420800,0.364,0.036,9.4,10.0,0.0,18.3,1930,2047,RTK FIXED
89.372,082155.40,10.48527800,76.44420700,10.48527803,76.44420640,658053.666,1159430.211,108.30,658053.600,1159430.214,-53.4,13,658053.960,1159429.669,10.48527600,76.44420800,0.364,-0.035,10.0,9.4,0.0,17.9,2047,1933,RTK FIXED
89.425,082155.40,10.48527800,76.44420700,10.48527802,76.44420664,658053.666,1159430.211,108.30,658053.626,1159430.212,-53.4,13,658053.960,1159429.669,10.48527600,76.44420800,0.364,-0.035,10.0,9.4,0.5,18.3,2047,1933,RTK FIXED
89.479,082155.40,10.48527800,76.44420700,10.48527801,76.44420678,658053.666,1159430.211,108.30,658053.642,1159430.212,-53.4,13,658053.960,1159429.669,10.48527600,76.44420800,0.364,-0.035,10.0,9.4,-0.5,17.5,2047,1933,RTK FIXED
89.525,082155.40,10.48527800,76.44420700,10.48527801,76.44420687,658053.666,1159430.211,108.30,658053.651,1159430.211,-53.4,13,658053.960,1159429.669,10.48527600,76.44420800,0.364,-0.035,10.0,9.4,0.0,16.4,2047,1933,RTK FIXED
89.581,082155.40,10.48527800,76.44420700,10.48527800,76.44420692,658053.666,1159430.211,108.30,658053.657,1159430.211,-53.4,13,658053.960,1159429.669,10.48527600,76.44420800,0.364,-0.035,10.0,9.4,0.0,17.0,2047,1933,RTK FIXED
89.626,082155.40,10.48527800,76.44420700,10.48527800,76.44420695,658053.666,1159430.211,108.30,658053.660,1159430.211,-53.4,13,658053.960,1159429.669,10.48527600,76.44420800,0.364,-0.035,10.0,9.4,0.6,17.3,2047,1933,RTK FIXED
89.680,082155.60,10.48527800,76.44420700,10.48527800,76.44420697,658053.637,1159430.192,108.30,658053.651,1159430.204,-53.4,13,658053.960,1159429.669,10.48527600,76.44420800,0.364,-0.039,10.0,9.4,-0.5,17.2,2047,1921,RTK FIXED
89.725,082155.60,10.48527800,76.44420700,10.48527800,76.44420698,658053.637,1159430.192,108.30,658053.645,1159430.199,-53.4,13,658053.960,1159429.669,10.48527600,76.44420800,0.364,-0.039,10.0,9.4,0.6,16.7,2047,1921,RTK FIXED
89.779,082155.60,10.48527800,76.44420700,10.48527800,76.44420699,658053.637,1159430.192,108.30,658053.642,1159430.196,-53.4,13,658053.960,1159429.669,10.48527600,76.44420800,0.364,-0.039,10.0,9.4,0.0,16.5,2047,1921,RTK FIXED
89.825,082155.60,10.48527800,76.44420700,10.48527800,76.44420699,658053.637,1159430.192,108.30,658053.640,1159430.195,-53.4,13,658053.960,1159429.669,10.48527600,76.44420800,0.364,-0.039,10.0,9.4,0.0,17.6,2047,1921,RTK FIXED
89.880,082155.80,10.48527700,76.44420700,10.48527760,76.44420700,658053.637,1159430.082,108.30,658053.639,1159430.150,-57.8,13,658053.960,1159429.669,10.48527600,76.44420800,0.366,0.016,9.7,10.0,-0.5,17.2,1994,2047,RTK FIXED
89.925,082155.80,10.48527700,76.44420700,10.48527736,76.44420700,658053.637,1159430.082,108.30,658053.638,1159430.123,-57.8,13,658053.960,1159429.669,10.48527600,76.44420800,0.366,0.016,9.7,10.0,0.0,16.8,1994,2047,RTK FIXED
89.979,082155.80,10.48527700,76.44420700,10.48527722,76.44420700,658053.637,1159430.082,108.30,658053.638,1159430.106,-57.8,13,658053.960,1159429.669,10.48527600,76.44420800,0.366,0.016,9.7,10.0,0.0,16.4,1994,2047,RTK FIXED
90.025,082155.80,10.48527700,76.44420700,10.48527713,76.44420700,658053.637,1159430.082,108.30,658053.637,1159430.096,-57.8,13,658053.960,1159429.669,10.48527600,76.44420800,0.366,0.016,9.7,10.0,0.5,17.4,1994,2047,RTK FIXED
90.081,082156.00,10.48527700,76.44420700,10.48527708,76.44420700,658053.661,1159430.098,108.30,658053.647,1159430.097,-57.8,13,658053.960,1159429.669,10.48527600,76.44420800,0.366,0.016,9.7,10.0,-0.5,17.7,1993,2047,RTK FIXED
90.133,082156.00,10.48527700,76.44420700,10.48527705,76.44420700,658053.661,1159430.098,108.30,658053.653,1159430.097,-57.8,13,658053.960,1159429.669,10.48527600,76.44420800,0.366,0.016,9.7,10.0,0.5,16.8,1993,2047,RTK FIXED
90.180,082156.20,10.48527700,76.44420800,10.48527703,76.44420740,658053.771,1159430.098,108.30,658053.700,1159430.098,-50.0,13,658053.960,1159429.669,10.48527600,76.44420800,0.357,-0.081,10.0,8.7,-0.5,17.4,2047,1787,RTK FIXED
90.234,082156.20,10.48527700,76.44420800,10.48527702,76.44420764,658053.771,1159430.098,108.30,658053.728,1159430.098,-50.0,13,658053.960,1159429.669,10.48527600,76.44420800,0.357,-0.081,10.0,8.7,0.5,17.6,2047,1787,RTK FIXED
90.280,082156.20,10.48527700,76.44420800,10.48527701,76.44420778,658053.771,1159430.098,108.30,658053.745,1159430.098,-50.0,13,658053.960,1159429.669,10.48527600,76.44420800,0.357,-0.081,10.0,8.7,0.0,16.9,2047,1787,RTK FIXED
90.335,082156.20,10.48527700,76.44420800,10.48527701,76.44420787,658053.771,1159430.098,108.30,658053.756,1159430.098,-50.0,13,658053.960,1159429.669,10.48527600,76.44420800,0.357,-0.081,10.0,8.7,-0.5,17.3,2047,1787,RTK FIXED
90.380,082156.40,10.48527600,76.44420800,10.48527660,76.44420792,658053.730,1159429.959,108.30,658053.745,1159430.042,-50.0,13,658053.960,1159429.669,10.48527600,76.44420800,0.360,-0.066,10.0,9.0,0.5,18.0,2047,1834,RTK FIXED
90.434,082156.40,10.48527600,76.44420800,10.48527636,76.44420795,658053.730,1159429.959,108.30,658053.739,1159430.009,-50.0,13,658053.960,1159429.669,10.48527600,76.44420800,0.360,-0.066,10.0,9.0,0.0,16.9,2047,1834,RTK FIXED
90.480,082156.40,10.48527600,76.44420800,10.48527622,76.44420797,658053.730,1159429.959,108.30,658053.735,1159429.989,-50.0,13,658053.960,1159429.669,10.48527600,76.44420800,0.360,-0.066,10.0,9.0,-0.5,16.8,2047,1834,RTK FIXED
90.534,082156.40,10.48527600,76.44420800,10.48527613,76.44420798,658053.730,1159429.959,108.30,658053.733,1159429.977,-50.0,13,658053.960,1159429.669,10.48527600,76.44420800,0.360,-0.066,10.0,9.0,0.0,15.6,2047,1834,RTK FIXED
90.580,082156.40,10.48527600,76.44420800,10.48527608,76.44420799,658053.730,1159429.959,108.30,658053.732,1159429.970,-50.0,13,658053.960,1159429.669,10.48527600,76.44420800,0.360,-0.066,10.0,9.0,0.5,15.3,2047,1834,RTK FIXED
90.635,082156.40,10.48527600,76.44420800,10.48527605,76.44420799,658053.730,1159429.959,108.30,658053.731,1159429.965,-50.0,13,658053.960,1159429.669,10.48527600,76.44420800,0.360,-0.066,10.0,9.0,-0.5,15.8,2047,1834,RTK FIXED
90.681,082156.60,10.48527600,76.44420800,10.48527603,76.44420800,658053.730,1159429.959,108.30,658053.730,1159429.963,-57.9,13,658053.960,1159429.669,10.48527600,76.44420800,0.340,0.015,9.7,10.0,0.5,15.1,1993,2047,RTK FIXED
90.734,082156.60,10.48527600,76.44420800,10.48527602,76.44420800,658053.730,1159429.959,108.30,658053.730,1159429.961,-57.9,13,658053.960,1159429.669,10.48527600,76.44420800,0.340,0.015,9.7,10.0,0.0,15.3,1993,2047,RTK FIXED
90.788,082156.60,10.48527600,76.44420800,10.48527601,76.44420800,658053.730,1159429.959,108.30,658053.730,1159429.960,-57.9,13,658053.960,1159429.669,10.48527600,76.44420800,0.340,0.015,9.7,10.0,0.0,15.7,1993,2047,RTK FIXED
90.835,082156.60,10.48527600,76.44420800,10.48527601,76.44420800,658053.730,1159429.959,108.30,658053.730,1159429.960,-57.9,13,658053.960,1159429.669,10.48527600,76.44420800,0.340,0.015,9.7,10.0,0.0,16.3,1993,2047,RTK FIXED
90.888,082156.80,10.48527600,76.44420800,10.48527600,76.44420800,658053.772,1159429.988,108.30,658053.747,1159429.971,-57.9,13,658053.960,1159429.669,10.48527600,76.44420800,0.323,0.006,9.9,10.0,0.0,15.7,2023,2047,RTK FIXED
90.935,082156.80,10.48527600,76.44420800,10.48527600,76.44420800,658053.772,1159429.988,108.30,658053.757,1159429.978,-57.9,13,658053.960,1159429.669,10.48527600,76.44420800,0.323,0.006,9.9,10.0,0.0,16.3,2023,2047,RTK FIXED
90.988,082156.80,10.48527600,76.44420800,10.48527600,76.44420800,658053.772,1159429.988,108.30,658053.763,1159429.982,-57.9,13,658053.960,1159429.669,10.48527600,76.44420800,0.323,0.006,9.9,10.0,0.0,18.1,2023,2047,RTK FIXED
91.034,082156.80,10.48527600,76.44420800,10.48527600,76.44420800,658053.772,1159429.988,108.30,658053.766,1159429.984,-57.9,13,658053.960,1159429.669,10.48527600,76.44420800,0.323,0.006,9.9,10.0,-0.5,18.4,2023,2047,RTK FIXED
91.091,082157.00,10.48527500,76.44420800,10.48527560,76.44420800,658053.772,1159429.877,108.20,658053.769,1159429.941,-57.9,14,658054.511,1159428.787,10.48526800,76.44421300,0.366,0.011,9.8,10.0,0.0,18.1,2009,2047,RTK FIXED
91.136,082157.00,10.48527500,76.44420800,10.48527536,76.44420800,658053.772,1159429.877,108.20,658053.770,1159429.916,-57.9,14,658054.511,1159428.787,10.48526800,76.44421300,0.366,0.011,9.8,10.0,0.6,19.1,2009,2047,RTK FIXED
91.189,082157.20,10.48527500,76.44420800,10.48527522,76.44420800,658053.772,1159429.877,108.20,658053.771,1159429.900,-60.0,14,658054.511,1159428.787,10.48526800,76.44421300,0.364,0.035,9.4,10.0,0.0,17.8,1934,2047,RTK FIXED
91.234,082157.20,10.48527500,76.44420800,10.48527513,76.44420800,658053.772,1159429.877,108.20,658053.772,1159429.891,-60.0,14,658054.511,1159428.787,10.48526800,76.44421300,0.364,0.035,9.4,10.0,-0.6,18.8,1934,2047,RTK FIXED
91.288,082157.20,10.48527500,76.44420800,10.48527508,76.44420800,658053.772,1159429.877,108.20,658053.772,1159429.885,-60.0,14,658054.511,1159428.787,10.48526800,76.44421300,0.364,0.035,9.4,10.0,0.0,18.3,1934,2047,RTK FIXED
91.342,082157.20,10.48527500,76.44420800,10.48527505,76.44420800,658053.772,1159429.877,108.20,658053.772,1159429.882,-60.0,14,658054.511,1159428.787,10.48526800,76.44421300,0.364,0.035,9.4,10.0,0.5,18.4,1934,2047,RTK FIXED
91.389,082157.40,10.48527500,76.44420900,10.48527503,76.44420840,658053.893,1159429.884,108.20,658053.821,1159429.883,-60.0,14,658054.511,1159428.787,10.48526800,76.44421300,0.366,0.017,9.7,10.0,0.0,18.5,1992,2047,RTK FIXED
91.443,082157.40,10.48527500,76.44420900,10.48527502,76.44420864,658053.893,1159429.884,108.20,658053.850,1159429.883,-60.0,14,658054.511,1159428.787,10.48526800,76.44421300,0.366,0.017,9.7,10.0,-0.5,18.1,1992,2047,RTK FIXED
91.488,082157.40,10.48527500,76.44420900,10.48527501,76.44420878,658053.893,1159429.884,108.20,658053.867,1159429.884,-60.0,14,658054.511,1159428.787,10.48526800,76.44421300,0.366,0.017,9.7,10.0,0.5,18.5,1992,2047,RTK FIXED
91.543,082157.40,10.48527500,76.44420900,10.48527501,76.44420887,658053.893,1159429.884,108.20,658053.878,1159429.884,-60.0,14,658054.511,1159428.787,10.48526800,76.44421300,0.366,0.017,9.7,10.0,-0.5,18.1,1992,2047,RTK FIXED
91.589,082157.40,10.48527500,76.44420900,10.48527500,76.44420892,658053.893,1159429.884,108.20,658053.884,1159429.884,-60.0,14,658054.511,1159428.787,10.48526800,76.44421300,0.366,0.017,9.7,10.0,0.0,18.4,1992,2047,RTK FIXED
91.643,082157.40,10.48527500,76.44420900,10.48527500,76.44420895,658053.893,1159429.884,108.20,658053.888,1159429.884,-60.0,14,658054.511,1159428.787,10.48526800,76.44421300,0.366,0.017,9.7,10.0,0.0,18.1,1992,2047,RTK FIXED
91.689,082157.60,10.48527400,76.44420900,10.48527460,76.44420897,658053.894,1159429.773,108.30,658053.890,1159429.840,-53.7,14,658054.511,1159428.787,10.48526800,76.44421300,0.364,-0.040,10.0,9.4,0.0,18.2,2047,1917,RTK FIXED
91.743,082157.60,10.48527400,76.44420900,10.48527436,76.44420898,658053.894,1159429.773,108.30,658053.892,1159429.813,-53.7,14,658054.511,1159428.787,10.48526800,76.44421300,0.364,-0.040,10.0,9.4,0.0,18.6,2047,1917,RTK FIXED
91.788,082157.60,10.48527400,76.44420900,10.48527422,76.44420899,658053.894,1159429.773,108.30,658053.892,1159429.797,-53.7,14,658054.511,1159428.787,10.48526800,76.44421300,0.364,-0.040,10.0,9.4,0.0,18.1,2047,1917,RTK FIXED
91.843,082157.60,10.48527400,76.44420900,10.48527413,76.44420899,658053.894,1159429.773,108.30,658053.893,1159429.788,-53.7,14,658054.511,1159428.787,10.48526800,76.44421300,0.364,-0.040,10.0,9.4,0.5,18.4,2047,1917,RTK FIXED
91.897,082157.80,10.48527400,76.44420900,10.48527408,76.44420900,658053.859,1159429.752,108.30,658053.880,1159429.774,-53.7,14,658054.511,1159428.787,10.48526800,76.44421300,0.365,-0.030,10.0,9.5,0.0,17.5,2047,1948,RTK FIXED
91.943,082157.80,10.48527400,76.44420900,10.48527405,76.44420900,658053.859,1159429.752,108.30,658053.871,1159429.765,-53.7,14,658054.511,1159428.787,10.48526800,76.44421300,0.365,-0.030,10.0,9.5,0.0,17.4,2047,1948,RTK FIXED
91.997,082157.80,10.48527400,76.44420900,10.48527403,76.44420900,658053.859,1159429.752,108.30,658053.867,1159429.760,-53.7,14,658054.511,1159428.787,10.48526800,76.44421300,0.365,-0.030,10.0,9.5,0.0,17.2,2047,1948,RTK FIXED
92.043,082157.80,10.48527400,76.44420900,10.48527402,76.44420900,658053.859,1159429.752,108.30,658053.864,1159429.757,-53.7,14,658054.511,1159428.787,10.48526800,76.44421300,0.365,-0.030,10.0,9.5,-0.5,16.4,2047,1948,RTK FIXED
92.097,082158.00,10.48527400,76.44420900,10.48527401,76.44420900,658053.859,1159429.752,108.30,658053.862,1159429.755,-53.7,14,658054.511,1159428.787,10.48526800,76.44421300,0.365,-0.024,10.0,9.6,0.0,17.3,2047,1967,RTK FIXED
92.143,082158.00,10.48527400,76.44420900,10.48527401,76.44420900,658053.859,1159429.752,108.30,658053.861,1159429.754,-53.7,14,658054.511,1159428.787,10.48526800,76.44421300,0.365,-0.024,10.0,9.6,0.5,17.4,2047,1967,RTK FIXED
92.197,082158.20,10.48527300,76.44420900,10.48527360,76.44420900,658053.860,1159429.642,108.30,658053.861,1159429.709,-63.1,14,658054.511,1159428.787,10.48526800,76.44421300,0.358,0.079,8.8,10.0,0.0,18.4,1791,2047,RTK FIXED
92.244,082158.20,10.48527300,76.44420900,10.48527336,76.44420900,658053.860,1159429.642,108.30,658053.860,1159429.682,-63.1,14,658054.511,1159428.787,10.48526800,76.44421300,0.358,0.079,8.8,10.0,0.0,17.9,1791,2047,RTK FIXED
92.297,082158.20,10.48527300,76.44420900,10.48527322,76.44420900,658053.860,1159429.642,108.30,658053.860,1159429.666,-63.1,14,658054.511,1159428.787,10.48526800,76.44421300,0.358,0.079,8.8,10.0,0.0,18.2,1791,2047,RTK FIXED
92.343,082158.20,10.48527300,76.44420900,10.48527313,76.44420900,658053.860,1159429.642,108.30,658053.860,1159429.656,-63.1,14,658054.511,1159428.787,10.48526800,76.44421300,0.358,0.079,8.8,10.0,0.0,18.4,1791,2047,RTK FIXED
92.398,082158.40,10.48527300,76.44420900,10.48527308,76.44420900,658053.912,1159429.672,108.30,658053.881,1159429.663,-63.1,14,658054.511,1159428.787,10.48526800,76.44421300,0.358,0.077,8.8,10.0,-0.5,17.4,1800,2047,RTK FIXED
92.452,082158.40,10.48527300,76.44420900,10.48527305,76.44420900,658053.912,1159429.672,108.30,658053.893,1159429.666,-63.1,14,658054.511,1159428.787,10.48526800,76.44421300,0.358,0.077,8.8,10.0,0.5,16.8,1800,2047,RTK FIXED
92.497,082158.40,10.48527300,76.44420900,10.48527303,76.44420900,658053.912,1159429.672,108.30,658053.901,1159429.669,-63.1,14,658054.511,1159428.787,10.48526800,76.44421300,0.358,0.077,8.8,10.0,-0.6,17.8,1800,2047,RTK FIXED
92.552,082158.40,10.48527300,76.44420900,10.48527302,76.44420900,658053.912,1159429.672,108.30,658053.905,1159429.670,-63.1,14,658054.511,1159428.787,10.48526800,76.44421300,0.358,0.077,8.8,10.0,0.5,18.2,1800,2047,RTK FIXED
92.597,082158.40,10.48527300,76.44420900,10.48527301,76.44420900,658053.912,1159429.672,108.30,658053.908,1159429.671,-63.1,14,658054.511,1159428.787,10.48526800,76.44421300,0.358,0.077,8.8,10.0,0.0,17.7,1800,2047,RTK FIXED
92.651,082158.40,10.48527300,76.44420900,10.48527301,76.44420900,658053.912,1159429.672,108.30,658053.910,1159429.671,-63.1,14,658054.511,1159428.787,10.48526800,76.44421300,0.358,0.077,8.8,10.0,-0.5,17.9,1800,2047,RTK FIXED
92.698,082158.60,10.48527300,76.44421000,10.48527300,76.44420940,658054.022,1159429.672,108.30,658053.954,1159429.672,-51.6,14,658054.511,1159428.787,10.48526800,76.44421300,0.362,-0.053,10.0,9.2,0.0,17.7,2047,1876,RTK FIXED
92.751,082158.60,10.48527300,76.44421000,10.48527300,76.44420964,658054.022,1159429.672,108.30,658053.981,1159429.672,-51.6,14,658054.511,1159428.787,10.48526800,76.44421300,0.362,-0.053,10.0,9.2,0.5,17.7,2047,1876,RTK FIXED
92.798,082158.60,10.48527300,76.44421000,10.48527300,76.44420978,658054.022,1159429.672,108.30,658053.997,1159429.672,-51.6,14,658054.511,1159428.787,10.48526800,76.44421300,0.362,-0.053,10.0,9.2,0.0,17.3,2047,1876,RTK FIXED
92.852,082158.60,10.48527300,76.44421000,10.48527300,76.44420987,658054.022,1159429.672,108.30,658054.007,1159429.672,-51.6,14,658054.511,1159428.787,10.48526800,76.44421300,0.362,-0.053,10.0,9.2,0.0,16.7,2047,1876,RTK FIXED
92.898,082158.80,10.48527300,76.44421000,10.48527300,76.44420992,658053.959,1159429.634,108.30,658053.988,1159429.657,-51.6,14,658054.511,1159428.787,10.48526800,76.44421300,0.363,-0.049,10.0,9.2,-0.5,16.2,2047,1886,RTK FIXED
92.952,082158.80,10.48527300,76.44421000,10.48527300,76.44420995,658053.959,1159429.634,108.30,658053.976,1159429.648,-51.6,14,658054.511,1159428.787,10.48526800,76.44421300,0.363,-0.049,10.0,9.2,0.0,15.8,2047,1886,RTK FIXED
92.997,082158.80,10.48527300,76.44421000,10.48527300,76.44420997,658053.959,1159429.634,108.30,658053.969,1159429.643,-51.6,14,658054.511,1159428.787,10.48526800,76.44421300,0.363,-0.049,10.0,9.2,0.5,15.9,2047,1886,RTK FIXED
93.052,082159.00,10.48527200,76.44421000,10.48527260,76.44420998,658053.959,1159429.524,108.30,658053.965,1159429.595,-60.1,14,658054.511,1159428.787,10.48526800,76.44421300,0.363,0.046,9.3,10.0,0.0,15.5,1898,2047,RTK FIXED
93.106,082159.00,10.48527200,76.44421000,10.48527236,76.44420999,658053.959,1159429.524,108.30,658053.963,1159429.567,-60.1,14,658054.511,1159428.787,10.48526800,76.44421300,0.363,0.046,9.3,10.0,-0.5,16.8,1898,2047,RTK FIXED
93.152,082159.00,10.48527200,76.44421000,10.48527222,76.44420999,658053.959,1159429.524,108.30,658053.961,1159429.549,-60.1,14,658054.511,1159428.787,10.48526800,76.44421300,0.363,0.046,9.3,10.0,0.5,16.8,1898,2047,RTK FIXED
93.206,082159.20,10.48527200,76.44421000,10.48527213,76.44421000,658054.005,1159429.553,108.20,658053.979,1159429.551,-60.1,14,658054.511,1159428.787,10.48526800,76.44421300,0.364,0.041,9.3,10.0,0.0,17.1,1912,2047,RTK FIXED
93.252,082159.20,10.48527200,76.44421000,10.48527208,76.44421000,658054.005,1159429.553,108.20,658053.989,1159429.552,-60.1,14,658054.511,1159428.787,10.48526800,76.44421300,0.364,0.041,9.3,10.0,-0.5,16.9,1912,2047,RTK FIXED
93.306,082159.20,10.48527200,76.44421000,10.48527205,76.44421000,658054.005,1159429.553,108.20,658053.996,1159429.552,-60.1,14,658054.511,1159428.787,10.48526800,76.44421300,0.364,0.041,9.3,10.0,0.5,16.7,1912,2047,RTK FIXED
93.352,082159.20,10.48527200,76.44421000,10.48527203,76.44421000,658054.005,1159429.553,108.20,658053.999,1159429.553,-60.1,14,658054.511,1159428.787,10.48526800,76.44421300,0.364,0.041,9.3,10.0,-0.5,17.3,1912,2047,RTK FIXED
93.406,082159.20,10.48527200,76.44421000,10.48527202,76.44421000,658054.005,1159429.553,108.20,658054.002,1159429.553,-60.1,14,658054.511,1159428.787,10.48526800,76.44421300,0.364,0.041,9.3,10.0,0.0,17.6,1912,2047,RTK FIXED
93.452,082159.20,10.48527200,76.44421000,10.48527201,76.44421000,658054.005,1159429.553,108.20,658054.003,1159429.553,-60.1,14,658054.511,1159428.787,10.48526800,76.44421300,0.364,0.041,9.3,10.0,0.0,17.8,1912,2047,RTK FIXED
93.507,082159.40,10.48527200,76.44421000,10.48527201,76.44421000,658054.005,1159429.553,108.30,658054.004,1159429.553,-60.1,14,658054.511,1159428.787,10.48526800,76.44421300,0.364,0.039,9.4,10.0,0.0,17.5,1920,2047,RTK FIXED
93.552,082159.40,10.48527200,76.44421000,10.48527200,76.44421000,658054.005,1159429.553,108.30,658054.004,1159429.553,-60.1,14,658054.511,1159428.787,10.48526800,76.44421300,0.364,0.039,9.4,10.0,0.0,17.9,1920,2047,RTK FIXED
93.607,082159.40,10.48527200,76.44421000,10.48527200,76.44421000,658054.005,1159429.553,108.30,658054.005,1159429.553,-60.1,14,658054.511,1159428.787,10.48526800,76.44421300,0.364,0.039,9.4,10.0,0.0,18.1,1920,2047,RTK FIXED
93.652,082159.40,10.48527200,76.44421000,10.48527200,76.44421000,658054.005,1159429.553,108.30,658054.005,1159429.553,-60.1,14,658054.511,1159428.787,10.48526800,76.44421300,0.364,0.039,9.4,10.0,0.0,17.0,1920,2047,RTK FIXED
93.707,082159.60,10.48527100,76.44421100,10.48527160,76.44421040,658054.115,1159429.443,108.30,658054.049,1159429.509,-55.8,14,658054.511,1159428.787,10.48526800,76.44421300,0.366,-0.011,10.0,9.8,0.5,18.2,2047,2011,RTK FIXED
93.760,082159.60,10.48527100,76.44421100,10.48527136,76.44421064,658054.115,1159429.443,108.30,658054.075,1159429.483,-55.8,14,658054.511,1159428.787,10.48526800,76.44421300,0.366,-0.011,10.0,9.8,0.0,17.4,2047,2011,RTK FIXED
93.806,082159.60,10.48527100,76.44421100,10.48527122,76.44421078,658054.115,1159429.443,108.30,658054.091,1159429.467,-55.8,14,658054.511,1159428.787,10.48526800,76.44421300,0.366,-0.011,10.0,9.8,0.0,17.6,2047,2011,RTK FIXED
93.860,082159.80,10.48527100,76.44421100,10.48527113,76.44421087,658054.091,1159429.429,108.20,658054.091,1159429.452,-55.8,14,658054.511,1159428.787,10.48526800,76.44421300,0.366,-0.010,10.0,9.8,0.0,17.9,2047,2013,RTK FIXED
93.907,082159.80,10.48527100,76.44421100,10.48527108,76.44421092,658054.091,1159429.429,108.20,658054.091,1159429.443,-55.8,14,658054.511,1159428.787,10.48526800,76.44421300,0.366,-0.010,10.0,9.8,-0.5,17.1,2047,2013,RTK FIXED
93.961,082159.80,10.48527100,76.44421100,10.48527105,76.44421095,658054.091,1159429.429,108.20,658054.091,1159429.437,-55.8,14,658054.511,1159428.787,10.48526800,76.44421300,0.366,-0.010,10.0,9.8,0.5,17.8,2047,2013,RTK FIXED
94.007,082159.80,10.48527100,76.44421100,10.48527103,76.44421097,658054.091,1159429.429,108.20,658054.091,1159429.434,-55.8,14,658054.511,1159428.787,10.48526800,76.44421300,0.366,-0.010,10.0,9.8,-0.5,17.9,2047,2013,RTK FIXED
94.060,082159.80,10.48527100,76.44421100,10.48527102,76.44421098,658054.091,1159429.429,108.20,658054.091,1159429.432,-55.8,14,658054.511,1159428.787,10.48526800,76.44421300,0.366,-0.010,10.0,9.8,0.0,17.6,2047,2013,RTK FIXED
94.107,082200.00,10.48527100,76.44421100,10.48527101,76.44421099,658054.091,1159429.429,108.20,658054.091,1159429.431,-55.8,14,658054.511,1159428.787,10.48526800,76.44421300,0.366,-0.010,10.0,9.8,0.0,17.7,2047,2015,RTK FIXED
94.161,082200.20,10.48527000,76.44421100,10.48527061,76.44421099,658054.092,1159429.319,108.20,658054.092,1159429.386,-60.1,14,658054.511,1159428.787,10.48526800,76.44421300,0.363,0.045,9.3,10.0,0.5,18.1,1899,2047,RTK FIXED
94.207,082200.20,10.48527000,76.44421100,10.48527036,76.44421100,658054.092,1159429.319,108.20,658054.092,1159429.359,-60.1,14,658054.511,1159428.787,10.48526800,76.44421300,0.363,0.045,9.3,10.0,-0.5,17.9,1899,2047,RTK FIXED
94.261,082200.20,10.48527000,76.44421100,10.48527022,76.44421100,658054.092,1159429.319,108.20,658054.092,1159429.343,-60.1,14,658054.511,1159428.787,10.48526800,76.44421300,0.363,0.045,9.3,10.0,0.5,17.7,1899,2047,RTK FIXED
94.307,082200.20,10.48527000,76.44421100,10.48527013,76.44421100,658054.092,1159429.319,108.20,658054.092,1159429.333,-60.1,14,658054.511,1159428.787,10.48526800,76.44421300,0.363,0.045,9.3,10.0,0.0,18.5,1899,2047,RTK FIXED
94.361,082200.40,10.48527000,76.44421100,10.48527008,76.44421100,658054.115,1159429.332,108.30,658054.101,1159429.333,-60.1,14,658054.511,1159428.787,10.48526800,76.44421300,0.363,0.048,9.2,10.0,0.0,18.3,1892,2047,RTK FIXED
94.415,082200.40,10.48527000,76.44421100,10.48527005,76.44421100,658054.115,1159429.332,108.30,658054.107,1159429.333,-60.1,14,658054.511,1159428.787,10.48526800,76.44421300,0.363,0.048,9.2,10.0,0.0,18.2,1892,2047,RTK FIXED
94.461,082200.40,10.48527000,76.44421100,10.48527003,76.44421100,658054.115,1159429.332,108.30,658054.110,1159429.333,-60.1,14,658054.511,1159428.787,10.48526800,76.44421300,0.363,0.048,9.2,10.0,-0.5,18.5,1892,2047,RTK FIXED
94.515,082200.40,10.48527000,76.44421100,10.48527002,76.44421100,658054.115,1159429.332,108.30,658054.112,1159429.333,-60.1,14,658054.511,1159428.787,10.48526800,76.44421300,0.363,0.048,9.2,10.0,0.0,18.4,1892,2047,RTK FIXED
94.560,082200.40,10.48527000,76.44421100,10.48527001,76.44421100,658054.115,1159429.332,108.30,658054.114,1159429.333,-60.1,14,658054.511,1159428.787,10.48526800,76.44421300,0.363,0.048,9.2,10.0,0.6,18.2,1892,2047,RTK FIXED
94.615,082200.40,10.48527000,76.44421100,10.48527001,76.44421100,658054.115,1159429.332,108.30,658054.114,1159429.333,-60.1,14,658054.511,1159428.787,10.48526800,76.44421300,0.363,0.048,9.2,10.0,0.0,18.3,1892,2047,RTK FIXED
94.661,082200.60,10.48527000,76.44421200,10.48527000,76.44421140,658054.225,1159429.333,108.30,658054.159,1159429.333,-52.5,14,658054.511,1159428.787,10.48526800,76.44421300,0.363,-0.046,10.0,9.3,0.0,18.2,2047,1898,RTK FIXED
94.715,082200.60,10.48527000,76.44421200,10.48527000,76.44421164,658054.225,1159429.333,108.30,658054.185,1159429.333,-52.5,14,658054.511,1159428.787,10.48526800,76.44421300,0.363,-0.046,10.0,9.3,0.0,18.7,2047,1898,RTK FIXED
94.761,082200.60,10.48527000,76.44421200,10.48527000,76.44421178,658054.225,1159429.333,108.30,658054.201,1159429.333,-52.5,14,658054.511,1159428.787,10.48526800,76.44421300,0.363,-0.046,10.0,9.3,-0.5,18.4,2047,1898,RTK FIXED
94.815,082200.60,10.48527000,76.44421200,10.48527000,76.44421187,658054.225,1159429.333,108.30,658054.211,1159429.333,-52.5,14,658054.511,1159428.787,10.48526800,76.44421300,0.363,-0.046,10.0,9.3,0.5,17.6,2047,1898,RTK FIXED
94.861,082200.80,10.48527000,76.44421200,10.48527000,76.44421192,658054.183,1159429.307,108.30,658054.200,1159429.322,-52.5,14,658054.511,1159428.787,10.48526800,76.44421300,0.363,-0.047,10.0,9.3,-0.5,17.3,2047,1894,RTK FIXED
94.915,082200.80,10.48527000,76.44421200,10.48527000,76.44421195,658054.183,1159429.307,108.30,658054.193,1159429.316,-52.5,14,658054.511,1159428.787,10.48526800,76.44421300,0.363,-0.047,10.0,9.3,0.0,17.9,2047,1894,RTK FIXED
94.969,082200.80,10.48527000,76.44421200,10.48527000,76.44421197,658054.183,1159429.307,108.30,658054.189,1159429.312,-52.5,14,658054.511,1159428.787,10.48526800,76.44421300,0.363,-0.047,10.0,9.3,0.5,17.8,2047,1894,RTK FIXED
95.015,082200.80,10.48527000,76.44421200,10.48527000,76.44421198,658054.183,1159429.307,108.30,658054.187,1159429.310,-52.5,14,658054.511,1159428.787,10.48526800,76.44421300,0.363,-0.047,10.0,9.3,-0.5,17.3,2047,1894,RTK FIXED
95.069,082201.00,10.48526900,76.44421200,10.48526960,76.44421199,658054.184,1159429.196,108.30,658054.186,1159429.265,-58.6,14,658054.511,1159428.787,10.48526800,76.44421300,0.365,0.024,9.6,10.0,0.0,17.5,1967,2047,RTK FIXED
95.115,082201.00,10.48526900,76.44421200,10.48526936,76.44421199,658054.184,1159429.196,108.30,658054.185,1159429.237,-58.6,14,658054.511,1159428.787,10.48526800,76.44421300,0.365,0.024,9.6,10.0,0.5,18.0,1967,2047,RTK FIXED
95.169,082201.20,10.48526900,76.44421200,10.48526922,76.44421200,658054.217,1159429.218,108.30,658054.198,1159429.229,-58.6,14,658054.511,1159428.787,10.48526800,76.44421300,0.365,0.022,9.6,10.0,0.0,16.6,1973,2047,RTK FIXED
95.216,082201.20,10.48526900,76.44421200,10.48526913,76.44421200,658054.217,1159429.218,108.30,658054.206,1159429.225,-58.6,14,658054.511,1159428.787,10.48526800,76.44421300,0.365,0.022,9.6,10.0,0.0,17.4,1973,2047,RTK FIXED
95.269,082201.20,10.48526900,76.44421200,10.48526908,76.44421200,658054.217,1159429.218,108.30,658054.210,1159429.222,-58.6,14,658054.511,1159428.787,10.48526800,76.44421300,0.365,0.022,9.6,10.0,0.0,16.8,1973,2047,RTK FIXED
95.316,082201.20,10.48526900,76.44421200,10.48526905,76.44421200,658054.217,1159429.218,108.30,658054.213,1159429.220,-58.6,14,658054.511,1159428.787,10.48526800,76.44421300,0.365,0.022,9.6,10.0,-0.5,17.7,1973,2047,RTK FIXED
95.370,082201.40,10.48526900,76.44421300,10.48526903,76.44421240,658054.327,1159429.218,108.30,658054.258,1159429.219,-49.7,14,658054.511,1159428.787,10.48526800,76.44421300,0.356,-0.086,10.0,8.7,0.0,17.6,2047,1772,RTK FIXED
95.415,082201.40,10.48526900,76.44421300,10.48526902,76.44421264,658054.327,1159429.218,108.30,658054.286,1159429.219,-49.7,14,658054.511,1159428.787,10.48526800,76.44421300,0.356,-0.086,10.0,8.7,0.0,18.7,2047,1772,RTK FIXED
95.470,082201.40,10.48526900,76.44421300,10.48526901,76.44421278,658054.327,1159429.218,108.30,658054.302,1159429.219,-49.7,14,658054.511,1159428.787,10.48526800,76.44421300,0.356,-0.086,10.0,8.7,0.0,18.2,2047,1772,RTK FIXED
95.523,082201.40,10.48526900,76.44421300,10.48526901,76.44421287,658054.327,1159429.218,108.30,658054.312,1159429.218,-49.7,14,658054.511,1159428.787,10.48526800,76.44421300,0.356,-0.086,10.0,8.7,0.5,17.3,2047,1772,RTK FIXED
95.570,082201.40,10.48526900,76.44421300,10.48526900,76.44421292,658054.327,1159429.218,108.30,658054.318,1159429.218,-49.7,14,658054.511,1159428.787,10.48526800,76.44421300,0.356,-0.086,10.0,8.7,-0.5,16.8,2047,1772,RTK FIXED
95.625,082201.40,10.48526900,76.44421300,10.48526900,76.44421295,658054.327,1159429.218,108.30,658054.321,1159429.218,-49.7,14,658054.511,1159428.787,10.48526800,76.44421300,0.356,-0.086,10.0,8.7,0.0,17.2,2047,1772,RTK FIXED
95.670,082201.60,10.48526900,76.44421300,10.48526900,76.44421297,658054.279,1159429.186,108.30,658054.304,1159429.205,-49.7,14,658054.511,1159428.787,10.48526800,76.44421300,0.356,-0.086,10.0,8.7,0.5,16.2,2047,1772,RTK FIXED
95.724,082201.60,10.48526900,76.44421300,10.48526900,76.44421298,658054.279,1159429.186,108.30,658054.294,1159429.197,-49.7,14,658054.511,1159428.787,10.48526800,76.44421300,0.356,-0.086,10.0,8.7,0.0,16.2,2047,1772,RTK FIXED
95.769,082201.60,10.48526900,76.44421300,10.48526900,76.44421299,658054.279,1159429.186,108.30,658054.288,1159429.193,-49.7,14,658054.511,1159428.787,10.48526800,76.44421300,0.356,-0.086,10.0,8.7,-0.5,14.8,2047,1772,RTK FIXED
95.824,082201.60,10.48526900,76.44421300,10.48526900,76.44421299,658054.279,1159429.186,108.30,658054.284,1159429.190,-49.7,14,658054.511,1159428.787,10.48526800,76.44421300,0.356,-0.086,10.0,8.7,0.0,16.0,2047,1772,RTK FIXED
95.870,082201.80,10.48526800,76.44421300,10.48526860,76.44421300,658054.279,1159429.075,108.30,658054.282,1159429.144,-57.0,14,658054.511,1159428.787,10.48526800,76.44421300,0.358,-0.003,10.0,10.0,0.0,15.1,2047,2038,RTK FIXED
95.924,082201.80,10.48526800,76.44421300,10.48526836,76.44421300,658054.279,1159429.075,108.30,658054.281,1159429.116,-57.0,14,658054.511,1159428.787,10.48526800,76.44421300,0.358,-0.003,10.0,10.0,0.0,14.5,2047,2038,RTK FIXED
95.970,082201.80,10.48526800,76.44421300,10.48526822,76.44421300,658054.279,1159429.075,108.30,658054.280,1159429.100,-57.0,14,658054.511,1159428.787,10.48526800,76.44421300,0.358,-0.003,10.0,10.0,0.5,15.2,2047,2038,RTK FIXED
96.023,082201.80,10.48526800,76.44421300,10.48526813,76.44421300,658054.279,1159429.075,108.30,658054.280,1159429.090,-57.0,14,658054.511,1159428.787,10.48526800,76.44421300,0.358,-0.003,10.0,10.0,-0.5,15.0,2047,2038,RTK FIXED
96.070,082202.00,10.48526800,76.44421300,10.48526808,76.44421300,658054.318,1159429.102,108.30,658054.295,1159429.095,-57.0,14,658054.511,1159428.787,10.48526800,76.44421300,0.333,-0.006,10.0,9.9,0.5,15.5,2047,2024,RTK FIXED
96.123,082202.00,10.48526800,76.44421300,10.48526805,76.44421300,658054.318,1159429.102,108.30,658054.304,1159429.098,-57.0,14,658054.511,1159428.787,10.48526800,76.44421300,0.333,-0.006,10.0,9.9,-0.5,15.5,2047,2024,RTK FIXED
96.344,082202.20,10.48526700,76.44421300,10.48526763,76.44421300,658054.319,1159428.992,108.30,658054.310,1159429.055,-60.3,15,658053.638,1159428.230,10.48526300,76.44420500,0.000,-0.752,10.0,-10.0,0.1,16.8,450,450,RTK FIXED
96.378,082202.20,10.48526700,76.44421300,10.48526738,76.44421300,658054.319,1159428.992,108.30,658054.314,1159429.030,-62.4,15,658053.638,1159428.230,10.48526300,76.44420500,0.000,-0.752,10.0,-10.0,-0.7,15.4,900,900,RTK FIXED
96.432,082202.20,10.48526700,76.44421300,10.48526723,76.44421300,658054.319,1159428.992,108.30,658054.316,1159429.015,-64.6,15,658053.638,1159428.230,10.48526300,76.44420500,0.000,-0.752,10.0,-10.0,0.5,13.8,1350,1350,RTK FIXED
96.479,082202.40,10.48526700,76.44421300,10.48526714,76.44421300,658054.375,1159429.020,108.30,658054.339,1159429.017,-66.7,15,658053.638,1159428.230,10.48526300,76.44420500,0.000,-0.701,10.0,-10.0,0.0,12.4,1800,1800,RTK FIXED
96.532,082202.40,10.48526700,76.44421300,10.48526708,76.44421300,658054.375,1159429.020,108.30,658054.354,1159429.018,-68.7,15,658053.638,1159428.230,10.48526300,76.44420500,0.000,-0.701,10.0,-10.0,0.0,11.7,2047,2047,RTK FIXED
96.579,082202.40,10.48526700,76.44421300,10.48526705,76.44421300,658054.375,1159429.020,108.30,658054.362,1159429.019,-70.8,15,658053.638,1159428.230,10.48526300,76.44420500,0.000,-0.701,10.0,-10.0,0.0,10.3,2047,2047,RTK FIXED
96.633,082202.40,10.48526700,76.44421300,10.48526703,76.44421300,658054.375,1159429.020,108.30,658054.367,1159429.019,-72.8,15,658053.638,1159428.230,10.48526300,76.44420500,0.000,-0.701,10.0,-10.0,0.0,8.8,2047,2047,RTK FIXED
96.679,082202.60,10.48526700,76.44421300,10.48526702,76.44421300,658054.424,1159429.036,108.30,658054.390,1159429.026,-74.8,15,658053.638,1159428.230,10.48526300,76.44420500,0.000,-0.630,10.0,-10.0,-0.5,8.0,2047,2047,RTK FIXED
96.733,082202.60,10.48526700,76.44421300,10.48526701,76.44421300,658054.424,1159429.036,108.30,658054.404,1159429.030,-76.6,15,658053.638,1159428.230,10.48526300,76.44420500,0.000,-0.630,10.0,-10.0,0.5,6.6,2047,2047,RTK FIXED
96.779,082202.60,10.48526700,76.44421300,10.48526701,76.44421300,658054.424,1159429.036,108.30,658054.412,1159429.032,-78.4,15,658053.638,1159428.230,10.48526300,76.44420500,0.000,-0.630,10.0,-10.0,-0.5,5.9,2047,2047,RTK FIXED
96.834,082202.60,10.48526700,76.44421300,10.48526700,76.44421300,658054.424,1159429.036,108.30,658054.417,1159429.034,-80.2,15,658053.638,1159428.230,10.48526300,76.44420500,0.000,-0.630,10.0,-10.0,0.5,5.1,2047,2047,RTK FIXED
96.879,082202.80,10.48526700,76.44421300,10.48526700,76.44421300,658054.470,1159429.044,108.30,658054.438,1159429.038,-62.5,15,658053.638,1159428.230,10.48526300,76.44420500,0.000,-0.808,10.0,-10.0,0.0,4.8,2047,2047,RTK FIXED
96.932,082202.80,10.48526700,76.44421300,10.48526700,76.44421300,658054.470,1159429.044,108.30,658054.451,1159429.040,-64.8,15,658053.638,1159428.230,10.48526300,76.44420500,0.000,-0.808,10.0,-10.0,-0.5,4.7,2047,2047,RTK FIXED
96.987,082202.80,10.48526700,76.44421300,10.48526700,76.44421300,658054.470,1159429.044,108.30,658054.459,1159429.042,-67.1,15,658053.638,1159428.230,10.48526300,76.44420500,0.000,-0.808,10.0,-10.0,0.0,3.2,2047,2047,RTK FIXED
97.033,082202.80,10.48526700,76.44421300,10.48526700,76.44421300,658054.470,1159429.044,108.30,658054.463,1159429.042,-69.4,15,658053.638,1159428.230,10.48526300,76.44420500,0.000,-0.808,10.0,-10.0,0.0,3.8,2047,2047,RTK FIXED
97.087,082203.00,10.48526600,76.44421400,10.48526660,76.44421340,658054.515,1159428.920,108.30,658054.484,1159428.994,-71.8,15,658053.638,1159428.230,10.48526300,76.44420500,0.000,-0.749,10.0,-10.0,0.0,1.8,2047,2047,RTK FIXED
97.132,082203.00,10.48526600,76.44421400,10.48526636,76.44421364,658054.515,1159428.920,108.30,658054.497,1159428.964,-73.9,15,658053.638,1159428.230,10.48526300,76.44420500,0.000,-0.749,10.0,-10.0,0.6,1.7,2047,2047,RTK FIXED
97.187,082203.20,10.48526600,76.44421400,10.48526622,76.44421378,658054.542,1159428.927,108.30,658054.515,1159428.950,-66.6,15,658053.638,1159428.230,10.48526300,76.44420500,0.000,-0.850,10.0,-10.0,0.0,1.8,2047,2047,RTK FIXED
97.233,082203.20,10.48526600,76.44421400,10.48526613,76.44421387,658054.542,1159428.927,108.30,658054.526,1159428.941,-69.0,15,658053.638,1159428.230,10.48526300,76.44420500,0.000,-0.850,10.0,-10.0,-0.5,1.1,2047,2047,RTK FIXED
97.287,082203.20,10.48526600,76.44421400,10.48526608,76.44421392,658054.542,1159428.927,108.30,658054.532,1159428.935,-71.4,15,658053.638,1159428.230,10.48526300,76.44420500,0.000,-0.850,10.0,-10.0,0.0,0.9,2047,2047,RTK FIXED
97.333,082203.20,10.48526600,76.44421400,10.48526605,76.44421395,658054.542,1159428.927,108.30,658054.536,1159428.932,-73.9,15,658053.638,1159428.230,10.48526300,76.44420500,0.000,-0.850,10.0,-10.0,0.0,1.6,2047,2047,RTK FIXED
97.387,082203.40,10.48526600,76.44421400,10.48526603,76.44421397,658054.544,1159428.928,108.30,658054.539,1159428.930,-76.3,15,658053.638,1159428.230,10.48526300,76.44420500,0.000,-0.754,10.0,-10.0,0.0,0.5,2047,2047,RTK FIXED
97.433,082203.40,10.48526600,76.44421400,10.48526602,76.44421398,658054.544,1159428.928,108.30,658054.541,1159428.929,-78.5,15,658053.638,1159428.230,10.48526300,76.44420500,0.000,-0.754,10.0,-10.0,0.0,1.1,2047,2047,RTK FIXED
97.487,082203.40,10.48526600,76.44421400,10.48526601,76.44421399,658054.544,1159428.928,108.30,658054.542,1159428.929,-80.6,15,658053.638,1159428.230,10.48526300,76.44420500,0.000,-0.754,10.0,-10.0,0.0,0.5,2047,2047,RTK FIXED
97.534,082203.40,10.48526600,76.44421400,10.48526601,76.44421399,658054.544,1159428.928,108.30,658054.543,1159428.928,-82.8,15,658053.638,1159428.230,10.48526300,76.44420500,0.000,-0.754,10.0,-10.0,0.5,0.0,2047,2047,RTK FIXED
97.588,082203.60,10.48526600,76.44421400,10.48526600,76.44421400,658054.599,1159428.935,108.30,658054.565,1159428.931,-85.0,15,658053.638,1159428.230,10.48526300,76.44420500,0.000,-0.671,10.0,-10.0,-0.5,0.5,2047,2047,RTK FIXED
97.641,082203.60,10.48526600,76.44421400,10.48526600,76.44421400,658054.599,1159428.935,108.30,658054.579,1159428.933,-86.9,15,658053.638,1159428.230,10.48526300,76.44420500,0.000,-0.671,10.0,-10.0,0.0,0.0,2047,2047,RTK FIXED
97.687,082203.60,10.48526600,76.44421400,10.48526600,76.44421400,658054.599,1159428.935,108.30,658054.587,1159428.934,-88.8,15,658053.638,1159428.230,10.48526300,76.44420500,0.000,-0.671,10.0,-10.0,0.5,0.0,2047,2047,RTK FIXED
97.740,082203.60,10.48526600,76.44421400,10.48526600,76.44421400,658054.599,1159428.935,108.30,658054.592,1159428.934,-90.7,15,658053.638,1159428.230,10.48526300,76.44420500,0.000,-0.671,10.0,-10.0,0.0,0.0,2047,2047,RTK FIXED
97.787,082203.60,10.48526600,76.44421400,10.48526600,76.44421400,658054.599,1159428.935,108.30,658054.595,1159428.935,-92.6,15,658053.638,1159428.230,10.48526300,76.44420500,0.000,-0.671,10.0,-10.0,-0.5,0.0,2047,2047,RTK FIXED
97.841,082203.60,10.48526600,76.44421400,10.48526600,76.44421400,658054.599,1159428.935,108.30,658054.597,1159428.935,-94.6,15,658053.638,1159428.230,10.48526300,76.44420500,0.000,-0.671,10.0,-10.0,0.0,0.0,2047,2047,RTK FIXED
97.888,082203.80,10.48526600,76.44421300,10.48526600,76.44421360,658054.564,1159428.932,108.30,658054.584,1159428.934,-96.5,15,658053.638,1159428.230,10.48526300,76.44420500,0.000,-0.537,8.8,-8.8,0.5,0.0,1801,1801,RTK FIXED
97.940,082203.80,10.48526600,76.44421300,10.48526600,76.44421336,658054.564,1159428.932,108.30,658054.576,1159428.933,-98.0,15,658053.638,1159428.230,10.48526300,76.44420500,0.000,-0.537,8.8,-8.8,-0.5,0.0,1801,1801,RTK FIXED
97.987,082203.80,10.48526600,76.44421300,10.48526600,76.44421322,658054.564,1159428.932,108.30,658054.571,1159428.933,-99.6,15,658053.638,1159428.230,10.48526300,76.44420500,0.000,-0.537,8.8,-8.8,0.5,0.0,1801,1801,RTK FIXED
98.041,082203.80,10.48526600,76.44421300,10.48526600,76.44421313,658054.564,1159428.932,108.30,658054.568,1159428.932,-101.1,15,658053.638,1159428.230,10.48526300,76.44420500,0.000,-0.537,8.8,-8.8,0.0,-0.5,1801,1801,RTK FIXED
98.087,082204.00,10.48526600,76.44421300,10.48526600,76.44421308,658054.603,1159428.924,108.30,658054.582,1159428.929,-78.5,15,658053.638,1159428.230,10.48526300,76.44420500,0.000,-0.771,10.0,-10.0,0.0,0.0,2047,2047,RTK FIXED
98.141,082204.00,10.48526600,76.44421300,10.48526600,76.44421305,658054.603,1159428.924,108.30,658054.591,1159428.927,-80.7,15,658053.638,1159428.230,10.48526300,76.44420500,0.000,-0.771,10.0,-10.0,-0.5,0.0,2047,2047,RTK FIXED
98.187,082204.20,10.48526500,76.44421300,10.48526560,76.44421303,658054.477,1159428.823,108.30,658054.545,1159428.886,-82.9,15,658053.638,1159428.230,10.48526300,76.44420500,0.000,-0.726,10.0,-10.0,0.0,0.0,2047,2047,RTK FIXED
98.241,082204.20,10.48526500,76.44421300,10.48526536,76.44421302,658054.477,1159428.823,108.30,658054.518,1159428.861,-85.0,15,658053.638,1159428.230,10.48526300,76.44420500,0.000,-0.726,10.0,-10.0,0.5,0.5,2047,2047,RTK FIXED
98.296,082204.20,10.48526500,76.44421300,10.48526522,76.44421301,658054.477,1159428.823,108.30,658054.502,1159428.846,-87.1,15,658053.638,1159428.230,10.48526300,76.44420500,0.000,-0.726,10.0,-10.0,-0.5,0.0,2047,2047,RTK FIXED
98.342,082204.20,10.48526500,76.44421300,10.48526513,76.44421301,658054.477,1159428.823,108.30,658054.492,1159428.837,-89.2,15,658053.638,1159428.230,10.48526300,76.44420500,0.000,-0.726,10.0,-10.0,0.0,0.0,2047,2047,RTK FIXED
98.396,082204.40,10.48526500,76.44421300,10.48526508,76.44421300,658054.531,1159428.825,108.30,658054.507,1159428.832,-99.8,15,658053.638,1159428.230,10.48526300,76.44420500,0.000,-0.537,8.8,-8.8,0.0,0.0,1801,1801,RTK FIXED
98.441,082204.40,10.48526500,76.44421300,10.48526505,76.44421300,658054.531,1159428.825,108.30,658054.517,1159428.829,-101.3,15,658053.638,1159428.230,10.48526300,76.44420500,0.000,-0.537,8.8,-8.8,0.0,-0.6,1801,1801,RTK FIXED
98.496,082204.40,10.48526500,76.44421300,10.48526503,76.44421300,658054.531,1159428.825,108.30,658054.522,1159428.827,-102.8,15,658053.638,1159428.230,10.48526300,76.44420500,0.000,-0.537,8.8,-8.8,0.0,0.0,1801,1801,RTK FIXED
98.542,082204.40,10.48526500,76.44421300,10.48526502,76.44421300,658054.531,1159428.825,108.30,658054.526,1159428.826,-104.4,15,658053.638,1159428.230,10.48526300,76.44420500,0.000,-0.537,8.8,-8.8,0.0,0.5,1801,1801,RTK FIXED
98.596,082204.40,10.48526500,76.44421300,10.48526501,76.44421300,658054.531,1159428.825,108.30,658054.528,1159428.825,-105.9,15,658053.638,1159428.230,10.48526300,76.44420500,0.000,-0.537,8.8,-8.8,0.0,0.0,1801,1801,RTK FIXED
98.642,082204.40,10.48526500,76.44421300,10.48526501,76.44421300,658054.531,1159428.825,108.30,658054.529,1159428.825,-107.5,15,658053.638,1159428.230,10.48526300,76.44420500,0.000,-0.537,8.8,-8.8,0.5,0.0,1801,1801,RTK FIXED
98.696,082204.60,10.48526500,76.44421200,10.48526500,76.44421260,658054.533,1159428.801,108.20,658054.531,1159428.815,-109.0,15,658053.638,1159428.230,10.48526300,76.44420500,0.000,-0.480,7.9,-7.9,-0.5,-0.5,1608,1608,RTK FIXED
98.742,082204.60,10.48526500,76.44421200,10.48526500,76.44421236,658054.533,1159428.801,108.20,658054.532,1159428.810,-110.4,15,658053.638,1159428.230,10.48526300,76.44420500,0.000,-0.480,7.9,-7.9,0.0,0.0,1608,1608,RTK FIXED
98.796,082204.60,10.48526500,76.44421200,10.48526500,76.44421222,658054.533,1159428.801,108.20,658054.532,1159428.806,-111.7,15,658053.638,1159428.230,10.48526300,76.44420500,0.000,-0.480,7.9,-7.9,0.5,0.0,1608,1608,RTK FIXED
98.850,082204.60,10.48526500,76.44421200,10.48526500,76.44421213,658054.533,1159428.801,108.20,658054.533,1159428.804,-113.1,15,658053.638,1159428.230,10.48526300,76.44420500,0.000,-0.480,7.9,-7.9,-0.5,0.0,1608,1608,RTK FIXED
98.897,082204.80,10.48526500,76.44421200,10.48526500,76.44421208,658054.566,1159428.787,108.30,658054.546,1159428.797,-114.5,15,658053.638,1159428.230,10.48526300,76.44420500,0.000,-0.480,7.9,-7.9,0.5,0.0,1608,1608,RTK FIXED
98.950,082204.80,10.48526500,76.44421200,10.48526500,76.44421205,658054.566,1159428.787,108.30,658054.554,1159428.793,-115.9,15,658053.638,1159428.230,10.48526300,76.44420500,0.000,-0.480,7.9,-7.9,-0.5,0.0,1608,1608,RTK FIXED
98.996,082204.80,10.48526500,76.44421200,10.48526500,76.44421203,658054.566,1159428.787,108.30,658054.559,1159428.791,-117.2,15,658053.638,1159428.230,10.48526300,76.44420500,0.000,-0.480,7.9,-7.9,0.5,0.0,1608,1608,RTK FIXED
99.050,082204.80,10.48526500,76.44421200,10.48526500,76.44421202,658054.566,1159428.787,108.30,658054.562,1159428.789,-118.6,15,658053.638,1159428.230,10.48526300,76.44420500,0.000,-0.480,7.9,-7.9,-0.5,0.0,1608,1608,RTK FIXED
99.097,082205.00,10.48526500,76.44421200,10.48526500,76.44421201,658054.597,1159428.770,108.30,658054.576,1159428.781,-120.0,15,658053.638,1159428.230,10.48526300,76.44420500,0.000,-0.480,7.9,-7.9,0.5,0.0,1608,1608,RTK FIXED
99.151,082205.00,10.48526500,76.44421200,10.48526500,76.44421201,658054.597,1159428.770,108.30,658054.584,1159428.777,-121.4,15,658053.638,1159428.230,10.48526300,76.44420500,0.000,-0.480,7.9,-7.9,0.0,0.0,1608,1608,RTK FIXED
99.197,082205.20,10.48526500,76.44421100,10.48526500,76.44421160,658054.502,1159428.760,108.30,658054.551,1159428.770,-111.3,15,658053.638,1159428.230,10.48526300,76.44420500,0.000,-0.480,7.9,-7.9,-0.5,0.0,1608,1608,RTK FIXED
99.250,082205.20,10.48526500,76.44421100,10.48526500,76.44421136,658054.502,1159428.760,108.30,658054.532,1159428.766,-112.6,15,658053.638,1159428.230,10.48526300,76.44420500,0.000,-0.480,7.9,-7.9,0.0,0.0,1608,1608,RTK FIXED
99.296,082205.20,10.48526500,76.44421100,10.48526500,76.44421122,658054.502,1159428.760,108.30,658054.520,1159428.763,-114.0,15,658053.638,1159428.230,10.48526300,76.44420500,0.000,-0.480,7.9,-7.9,0.0,0.0,1608,1608,RTK FIXED
99.351,082205.20,10.48526500,76.44421100,10.48526500,76.44421113,658054.502,1159428.760,108.30,658054.513,1159428.762,-115.4,15,658053.638,1159428.230,10.48526300,76.44420500,0.000,-0.480,7.9,-7.9,0.0,0.0,1608,1608,RTK FIXED
99.404,082205.20,10.48526500,76.44421100,10.48526500,76.44421108,658054.502,1159428.760,108.30,658054.509,1159428.761,-116.8,15,658053.638,1159428.230,10.48526300,76.44420500,0.000,-0.480,7.9,-7.9,0.0,0.0,1608,1608,RTK FIXED
99.451,082205.20,10.48526500,76.44421100,10.48526500,76.44421105,658054.502,1159428.760,108.30,658054.506,1159428.760,-118.1,15,658053.638,1159428.230,10.48526300,76.44420500,0.000,-0.480,7.9,-7.9,0.0,0.0,1608,1608,RTK FIXED
99.505,082205.40,10.48526500,76.44421100,10.48526500,76.44421103,658054.485,1159428.771,108.20,658054.498,1159428.765,-119.5,15,658053.638,1159428.230,10.48526300,76.44420500,0.000,-0.480,7.9,-7.9,0.0,0.0,1608,1608,RTK FIXED
99.551,082205.40,10.48526500,76.44421100,10.48526500,76.44421102,658054.485,1159428.771,108.20,658054.493,1159428.767,-120.9,15,658053.638,1159428.230,10.48526300,76.44420500,0.000,-0.480,7.9,-7.9,0.0,0.5,1608,1608,RTK FIXED
99.605,082205.40,10.48526500,76.44421100,10.48526500,76.44421101,658054.485,1159428.771,108.20,658054.489,1159428.769,-122.3,15,658053.638,1159428.230,10.48526300,76.44420500,0.000,-0.480,7.9,-7.9,0.5,0.0,1608,1608,RTK FIXED
99.651,082205.40,10.48526500,76.44421100,10.48526500,76.44421101,658054.485,1159428.771,108.20,658054.488,1159428.769,-123.6,15,658053.638,1159428.230,10.48526300,76.44420500,0.000,-0.480,7.9,-7.9,0.0,0.0,1608,1608,RTK FIXED
99.705,082205.60,10.48526500,76.44421100,10.48526500,76.44421100,658054.514,1159428.751,108.20,658054.498,1159428.762,-125.0,15,658053.638,1159428.230,10.48526300,76.44420500,0.000,-0.468,7.7,-7.7,0.0,0.0,1569,1569,RTK FIXED
99.751,082205.60,10.48526500,76.44421100,10.48526500,76.44421100,658054.514,1159428.751,108.20,658054.505,1159428.758,-126.4,15,658053.638,1159428.230,10.48526300,76.44420500,0.000,-0.468,7.7,-7.7,0.0,0.0,1569,1569,RTK FIXED
99.805,082205.60,10.48526500,76.44421100,10.48526500,76.44421100,658054.514,1159428.751,108.20,658054.509,1159428.755,-127.7,15,658053.638,1159428.230,10.48526300,76.44420500,0.000,-0.468,7.7,-7.7,-0.5,0.0,1569,1569,RTK FIXED
99.851,082205.60,10.48526500,76.44421100,10.48526500,76.44421100,658054.514,1159428.751,108.20,658054.511,1159428.753,-129.0,15,658053.638,1159428.230,10.48526300,76.44420500,0.000,-0.468,7.7,-7.7,0.0,0.0,1569,1569,RTK FIXED
99.905,082205.80,10.48526500,76.44421100,10.48526500,76.44421100,658054.541,1159428.729,108.30,658054.523,1159428.744,-130.4,15,658053.638,1159428.230,10.48526300,76.44420500,0.000,-0.423,6.9,-6.9,0.5,-0.5,1418,1418,RTK FIXED
99.951,082205.80,10.48526500,76.44421100,10.48526500,76.44421100,658054.541,1159428.729,108.30,658054.530,1159428.738,-131.6,15,658053.638,1159428.230,10.48526300,76.44420500,0.000,-0.423,6.9,-6.9,-0.5,0.5,1418,1418,RTK FIXED
100.005,082205.80,10.48526500,76.44421100,10.48526500,76.44421100,658054.541,1159428.729,108.30,658054.535,1159428.734,-132.8,15,658053.638,1159428.230,10.48526300,76.44420500,0.000,-0.423,6.9,-6.9,0.0,-0.5,1418,1418,RTK FIXED
100.059,082205.80,10.48526500,76.44421100,10.48526500,76.44421100,658054.541,1159428.729,108.30,658054.537,1159428.732,-134.0,15,658053.638,1159428.230,10.48526300,76.44420500,0.000,-0.423,6.9,-6.9,0.0,0.0,1418,1418,RTK FIXED
100.105,082206.00,10.48526500,76.44421000,10.48526500,76.44421060,658054.454,1159428.707,108.30,658054.504,1159428.722,-135.2,15,658053.638,1159428.230,10.48526300,76.44420500,0.000,-0.368,6.0,-6.0,0.0,0.0,1234,1234,RTK FIXED
100.161,082206.20,10.48526500,76.44421000,10.48526500,76.44421036,658054.459,1159428.702,108.30,658054.486,1159428.714,-135.5,15,658053.638,1159428.230,10.48526300,76.44420500,0.000,-0.368,6.0,-6.0,0.5,0.0,1232,1232,RTK FIXED
100.205,082206.20,10.48526500,76.44421000,10.48526500,76.44421022,658054.459,1159428.702,108.30,658054.475,1159428.709,-136.5,15,658053.638,1159428.230,10.48526300,76.44420500,0.000,-0.368,6.0,-6.0,0.0,0.0,1232,1232,RTK FIXED
100.259,082206.20,10.48526500,76.44421000,10.48526500,76.44421013,658054.459,1159428.702,108.30,658054.469,1159428.706,-137.6,15,658053.638,1159428.230,10.48526300,76.44420500,0.000,-0.368,6.0,-6.0,-0.5,0.0,1232,1232,RTK FIXED
100.305,082206.20,10.48526500,76.44421000,10.48526500,76.44421008,658054.459,1159428.702,108.30,658054.465,1159428.704,-138.6,15,658053.638,1159428.230,10.48526300,76.44420500,0.000,-0.368,6.0,-6.0,0.5,0.0,1232,1232,RTK FIXED
100.360,082206.40,10.48526500,76.44421000,10.48526500,76.44421005,658054.473,1159428.685,108.30,658054.468,1159428.697,-139.7,15,658053.638,1159428.230,10.48526300,76.44420500,0.000,-0.329,5.4,-5.4,0.0,0.0,1102,1102,RTK FIXED
100.405,082206.40,10.48526500,76.44421000,10.48526500,76.44421003,658054.473,1159428.685,108.30,658054.470,1159428.692,-140.6,15,658053.638,1159428.230,10.48526300,76.44420500,0.000,-0.329,5.4,-5.4,0.0,0.0,1102,1102,RTK FIXED
100.459,082206.40,10.48526500,76.44421000,10.48526500,76.44421002,658054.473,1159428.685,108.30,658054.471,1159428.689,-141.6,15,658053.638,1159428.230,10.48526300,76.44420500,0.000,-0.329,5.4,-5.4,0.0,0.0,1102,1102,RTK FIXED
100.505,082206.40,10.48526500,76.44421000,10.48526500,76.44421001,658054.473,1159428.685,108.30,658054.472,1159428.688,-142.5,15,658053.638,1159428.230,10.48526300,76.44420500,0.000,-0.329,5.4,-5.4,-0.5,0.0,1102,1102,RTK FIXED
100.559,082206.40,10.48526500,76.44421000,10.48526500,76.44421001,658054.473,1159428.685,108.30,658054.472,1159428.687,-143.4,15,658053.638,1159428.230,10.48526300,76.44420500,0.000,-0.329,5.4,-5.4,0.5,0.0,1102,1102,RTK FIXED
100.613,082206.40,10.48526500,76.44421000,10.48526500,76.44421000,658054.473,1159428.685,108.30,658054.473,1159428.686,-144.4,15,658053.638,1159428.230,10.48526300,76.44420500,0.000,-0.329,5.4,-5.4,0.0,0.0,1102,1102,RTK FIXED
100.660,082206.60,10.48526500,76.44421000,10.48526500,76.44421000,658054.494,1159428.656,108.30,658054.481,1159428.674,-145.3,15,658053.638,1159428.230,10.48526300,76.44420500,0.000,-0.283,4.6,-4.6,-0.5,0.0,1100,1100,RTK FIXED
100.712,082206.60,10.48526500,76.44421000,10.48526500,76.44421000,658054.494,1159428.656,108.30,658054.487,1159428.667,-146.1,15,658053.638,1159428.230,10.48526300,76.44420500,0.000,-0.283,4.6,-4.6,0.0,0.0,1100,1100,RTK FIXED
100.759,082206.60,10.48526500,76.44421000,10.48526500,76.44421000,658054.494,1159428.656,108.30,658054.490,1159428.662,-146.9,15,658053.638,1159428.230,10.48526300,76.44420500,0.000,-0.283,4.6,-4.6,0.5,0.5,1100,1100,RTK FIXED
100.813,082206.60,10.48526500,76.44421000,10.48526500,76.44421000,658054.494,1159428.656,108.30,658054.492,1159428.660,-147.8,15,658053.638,1159428.230,10.48526300,76.44420500,0.000,-0.283,4.6,-4.6,0.0,-0.5,1100,1100,RTK FIXED
100.860,082206.80,10.48526500,76.44421000,10.48526500,76.44421000,658054.505,1159428.638,108.30,658054.497,1159428.651,-148.6,15,658053.638,1159428.230,10.48526300,76.44420500,0.000,-0.264,4.3,-4.3,-0.5,0.0,1100,1100,RTK FIXED
100.913,082206.80,10.48526500,76.44421000,10.48526500,76.44421000,658054.505,1159428.638,108.30,658054.500,1159428.646,-149.3,15,658053.638,1159428.230,10.48526300,76.44420500,0.000,-0.264,4.3,-4.3,0.0,0.0,1100,1100,RTK FIXED
100.960,082206.80,10.48526500,76.44421000,10.48526500,76.44421000,658054.505,1159428.638,108.30,658054.502,1159428.642,-150.1,15,658053.638,1159428.230,10.48526300,76.44420500,0.000,-0.264,4.3,-4.3,0.5,0.0,1100,1100,RTK FIXED
101.013,082206.80,10.48526500,76.44421000,10.48526500,76.44421000,658054.505,1159428.638,108.30,658054.504,1159428.641,-150.8,15,658053.638,1159428.230,10.48526300,76.44420500,0.000,-0.264,4.3,-4.3,0.0,0.0,1100,1100,RTK FIXED
101.223,082207.00,10.48526500,76.44421000,10.48526500,76.44421000,658054.515,1159428.621,108.30,658054.508,1159428.633,-151.6,15,658053.638,1159428.230,10.48526300,76.44420500,0.364,-0.039,10.0,9.4,0.0,0.0,450,450,RTK FIXED
101.423,082207.20,10.48526500,76.44421000,10.48526500,76.44421000,658054.515,1159428.621,108.30,658054.511,1159428.628,-128.2,15,658053.638,1159428.230,10.48526300,76.44420500,0.000,-0.480,7.9,-7.9,0.0,0.0,450,450,RTK FIXED
101.461,082207.40,10.48526500,76.44421000,10.48526500,76.44421000,658054.428,1159428.732,108.30,658054.477,1159428.670,-129.6,15,658053.638,1159428.230,10.48526300,76.44420500,0.000,-0.464,7.6,-7.6,0.0,0.0,900,900,RTK FIXED
101.506,082207.40,10.48526500,76.44421000,10.48526500,76.44421000,658054.428,1159428.732,108.30,658054.458,1159428.695,-130.9,15,658053.638,1159428.230,10.48526300,76.44420500,0.000,-0.464,7.6,-7.6,0.0,0.0,1350,1350,RTK FIXED
101.560,082207.40,10.48526500,76.44421000,10.48526500,76.44421000,658054.428,1159428.732,108.30,658054.446,1159428.710,-132.2,15,658053.638,1159428.230,10.48526300,76.44420500,0.000,-0.464,7.6,-7.6,0.0,0.0,1556,1556,RTK FIXED
101.607,082207.40,10.48526500,76.44421000,10.48526500,76.44421000,658054.428,1159428.732,108.30,658054.438,1159428.719,-133.5,15,658053.638,1159428.230,10.48526300,76.44420500,0.000,-0.464,7.6,-7.6,0.0,0.0,1556,1556,RTK FIXED
101.661,082207.60,10.48526500,76.44421000,10.48526500,76.44421000,658054.453,1159428.708,108.30,658054.444,1159428.715,-134.9,15,658053.638,1159428.230,10.48526300,76.44420500,0.000,-0.391,6.4,-6.4,0.0,0.0,1309,1309,RTK FIXED
101.710,082207.60,10.48526500,76.44421000,10.48526500,76.44421000,658054.453,1159428.708,108.30,658054.447,1159428.712,-136.0,15,658053.638,1159428.230,10.48526300,76.44420500,0.000,-0.391,6.4,-6.4,0.0,0.0,1309,1309,RTK FIXED
101.760,082207.60,10.48526500,76.44421000,10.48526500,76.44421000,658054.453,1159428.708,108.30,658054.450,1159428.711,-137.1,15,658053.638,1159428.230,10.48526300,76.44420500,0.000,-0.391,6.4,-6.4,-0.5,-0.5,1309,1309,RTK FIXED
101.807,082207.60,10.48526500,76.44421000,10.48526500,76.44421000,658054.453,1159428.708,108.30,658054.451,1159428.710,-138.2,15,658053.638,1159428.230,10.48526300,76.44420500,0.000,-0.391,6.4,-6.4,0.5,-0.5,1309,1309,RTK FIXED
101.861,082207.80,10.48526500,76.44421000,10.48526500,76.44421000,658054.472,1159428.687,108.30,658054.459,1159428.701,-139.4,15,658053.638,1159428.230,10.48526300,76.44420500,0.000,-0.342,5.6,-5.6,0.0,-1.4,1145,1145,RTK FIXED
101.907,082207.80,10.48526500,76.44421000,10.48526500,76.44421000,658054.472,1159428.687,108.30,658054.464,1159428.695,-140.3,15,658053.638,1159428.230,10.48526300,76.44420500,0.000,-0.342,5.6,-5.6,0.0,-1.6,1145,1145,RTK FIXED
101.961,082207.80,10.48526500,76.44421000,10.48526500,76.44421000,658054.472,1159428.687,108.30,658054.467,1159428.692,-141.3,15,658053.638,1159428.230,10.48526300,76.44420500,0.000,-0.342,5.6,-5.6,-0.5,-1.8,1145,1145,RTK FIXED
102.015,082207.80,10.48526500,76.44421000,10.48526500,76.44421000,658054.472,1159428.687,108.30,658054.469,1159428.690,-142.3,15,658053.638,1159428.230,10.48526300,76.44420500,0.000,-0.342,5.6,-5.6,0.0,-1.4,1145,1145,RTK FIXED
102.061,082207.80,10.48526500,76.44421000,10.48526500,76.44421000,658054.472,1159428.687,108.30,658054.470,1159428.689,-143.3,15,658053.638,1159428.230,10.48526300,76.44420500,0.000,-0.342,5.6,-5.6,0.0,-1.1,1145,1145,RTK FIXED
102.115,082208.00,10.48526500,76.44421000,10.48526500,76.44421000,658054.491,1159428.661,108.30,658054.478,1159428.678,-144.2,15,658053.638,1159428.230,10.48526300,76.44420500,0.000,-0.298,4.9,-4.9,0.0,-1.8,1100,1100,RTK FIXED
102.161,082208.20,10.48526500,76.44421000,10.48526500,76.44421000,658054.494,1159428.657,108.30,658054.484,1159428.669,-145.1,15,658053.638,1159428.230,10.48526300,76.44420500,0.000,-0.297,4.9,-4.9,0.5,-1.6,1100,1100,RTK FIXED
102.215,082208.20,10.48526500,76.44421000,10.48526500,76.44421000,658054.494,1159428.657,108.30,658054.488,1159428.664,-146.0,15,658053.638,1159428.230,10.48526300,76.44420500,0.000,-0.297,4.9,-4.9,0.0,-0.5,1100,1100,RTK FIXED
102.261,082208.20,10.48526500,76.44421000,10.48526500,76.44421000,658054.494,1159428.657,108.30,658054.490,1159428.661,-146.8,15,658053.638,1159428.230,10.48526300,76.44420500,0.000,-0.297,4.9,-4.9,-0.5,0.0,1100,1100,RTK FIXED
102.315,082208.20,10.48526500,76.44421000,10.48526500,76.44421000,658054.494,1159428.657,108.30,658054.492,1159428.659,-147.7,15,658053.638,1159428.230,10.48526300,76.44420500,0.000,-0.297,4.9,-4.9,0.0,0.0,1100,1100,RTK FIXED
102.361,082208.40,10.48526500,76.44421000,10.48526500,76.44421000,658054.505,1159428.638,108.30,658054.497,1159428.651,-148.5,15,658053.638,1159428.230,10.48526300,76.44420500,0.000,-0.272,4.4,-4.4,0.5,0.0,1100,1100,RTK FIXED
102.415,082208.40,10.48526500,76.44421000,10.48526500,76.44421000,658054.505,1159428.638,108.30,658054.500,1159428.646,-149.3,15,658053.638,1159428.230,10.48526300,76.44420500,0.000,-0.272,4.4,-4.4,0.0,0.0,1100,1100,RTK FIXED
102.461,082208.40,10.48526500,76.44421000,10.48526500,76.44421000,658054.505,1159428.638,108.30,658054.502,1159428.643,-150.1,15,658053.638,1159428.230,10.48526300,76.44420500,0.000,-0.272,4.4,-4.4,-0.5,0.0,1100,1100,RTK FIXED
102.516,082208.40,10.48526500,76.44421000,10.48526500,76.44421000,658054.505,1159428.638,108.30,658054.503,1159428.641,-150.8,15,658053.638,1159428.230,10.48526300,76.44420500,0.000,-0.272,4.4,-4.4,0.5,0.0,1100,1100,RTK FIXED
102.569,082208.40,10.48526500,76.44421000,10.48526500,76.44421000,658054.505,1159428.638,108.30,658054.504,1159428.640,-151.6,15,658053.638,1159428.230,10.48526300,76.44420500,0.000,-0.272,4.4,-4.4,0.0,0.0,1100,1100,RTK FIXED
102.615,082208.40,10.48526500,76.44421000,10.48526500,76.44421000,658054.505,1159428.638,108.30,658054.505,1159428.639,-152.4,15,658053.638,1159428.230,10.48526300,76.44420500,0.000,-0.272,4.4,-4.4,0.0,0.0,1100,1100,RTK FIXED
102.832,082208.60,10.48526500,76.44421000,10.48526500,76.44421000,658054.519,1159428.611,108.30,658054.510,1159428.628,-153.2,15,658053.638,1159428.230,10.48526300,76.44420500,0.365,-0.031,10.0,9.5,-0.1,0.0,450,450,RTK FIXED
102.870,082208.80,10.48526500,76.44421000,10.48526500,76.44421000,658054.519,1159428.611,108.30,658054.514,1159428.621,-153.2,15,658053.638,1159428.230,10.48526300,76.44420500,0.364,-0.040,10.0,9.4,0.0,0.0,900,900,RTK FIXED
102.915,082208.80,10.48526500,76.44421000,10.48526500,76.44421000,658054.519,1159428.611,108.30,658054.516,1159428.617,-153.2,15,658053.638,1159428.230,10.48526300,76.44420500,0.364,-0.040,10.0,9.4,0.0,0.0,1350,1350,RTK FIXED
102.969,082208.80,10.48526500,76.44421000,10.48526500,76.44421000,658054.519,1159428.611,108.30,658054.517,1159428.615,-153.2,15,658053.638,1159428.230,10.48526300,76.44420500,0.364,-0.040,10.0,9.4,0.0,0.0,1800,1800,RTK FIXED
103.015,082208.80,10.48526500,76.44421000,10.48526500,76.44421000,658054.519,1159428.611,108.30,658054.518,1159428.613,-153.2,15,658053.638,1159428.230,10.48526300,76.44420500,0.364,-0.040,10.0,9.4,0.0,0.0,2047,1917,RTK FIXED
103.070,082209.00,10.48526500,76.44421000,10.48526500,76.44421000,658054.519,1159428.611,108.30,658054.518,1159428.613,-153.2,15,658053.638,1159428.230,10.48526300,76.44420500,0.363,-0.045,10.0,9.3,0.0,0.0,2047,1901,RTK FIXED
103.116,082209.00,10.48526500,76.44421000,10.48526500,76.44421000,658054.519,1159428.611,108.30,658054.519,1159428.612,-153.2,15,658053.638,1159428.230,10.48526300,76.44420500,0.363,-0.045,10.0,9.3,0.0,0.0,2047,1901,RTK FIXED
103.170,082209.20,10.48526500,76.44421000,10.48526500,76.44421000,658054.519,1159428.611,108.30,658054.519,1159428.612,-153.2,15,658053.638,1159428.230,10.48526300,76.44420500,0.363,-0.048,10.0,9.2,0.0,0.9,2047,1891,RTK FIXED
103.216,082209.20,10.48526500,76.44421000,10.48526500,76.44421000,658054.519,1159428.611,108.30,658054.519,1159428.612,-153.2,15,658053.638,1159428.230,10.48526300,76.44420500,0.363,-0.048,10.0,9.2,0.5,1.1,2047,1891,RTK FIXED
103.270,082209.20,10.48526500,76.44421000,10.48526500,76.44421000,658054.519,1159428.611,108.30,658054.519,1159428.611,-153.2,15,658053.638,1159428.230,10.48526300,76.44420500,0.363,-0.048,10.0,9.2,-0.5,1.9,2047,1891,RTK FIXED
103.316,082209.20,10.48526500,76.44421000,10.48526500,76.44421000,658054.519,1159428.611,108.30,658054.519,1159428.611,-153.2,15,658053.638,1159428.230,10.48526300,76.44420500,0.363,-0.048,10.0,9.2,0.0,2.2,2047,1891,RTK FIXED
103.370,082209.40,10.48526500,76.44421000,10.48526500,76.44421000,658054.519,1159428.611,108.30,658054.519,1159428.611,-153.2,15,658053.638,1159428.230,10.48526300,76.44420500,0.363,-0.050,10.0,9.2,0.5,2.3,2047,1885,RTK FIXED
103.416,082209.40,10.48526500,76.44421000,10.48526500,76.44421000,658054.519,1159428.611,108.30,658054.519,1159428.611,-153.2,15,658053.638,1159428.230,10.48526300,76.44420500,0.363,-0.050,10.0,9.2,0.0,2.7,2047,1885,RTK FIXED
103.470,082209.40,10.48526500,76.44421000,10.48526500,76.44421000,658054.519,1159428.611,108.30,658054.519,1159428.611,-153.2,15,658053.638,1159428.230,10.48526300,76.44420500,0.363,-0.050,10.0,9.2,0.0,3.3,2047,1885,RTK FIXED
103.524,082209.40,10.48526500,76.44421000,10.48526500,76.44421000,658054.519,1159428.611,108.30,658054.519,1159428.611,-153.2,15,658053.638,1159428.230,10.48526300,76.44420500,0.363,-0.050,10.0,9.2,-0.5,2.3,2047,1885,RTK FIXED
103.570,082209.40,10.48526500,76.44421000,10.48526500,76.44421000,658054.519,1159428.611,108.30,658054.519,1159428.611,-153.2,15,658053.638,1159428.230,10.48526300,76.44420500,0.363,-0.050,10.0,9.2,0.5,2.2,2047,1885,RTK FIXED
103.624,082209.40,10.48526500,76.44421000,10.48526500,76.44421000,658054.519,1159428.611,108.30,658054.519,1159428.611,-153.2,15,658053.638,1159428.230,10.48526300,76.44420500,0.363,-0.050,10.0,9.2,-0.5,4.2,2047,1885,RTK FIXED
103.671,082209.60,10.48526500,76.44420900,10.48526500,76.44420960,658054.410,1159428.611,108.30,658054.475,1159428.611,-153.2,15,658053.638,1159428.230,10.48526300,76.44420500,0.364,-0.035,10.0,9.4,0.0,4.3,2047,1932,RTK FIXED
103.727,082209.60,10.48526500,76.44420900,10.48526500,76.44420936,658054.410,1159428.611,108.30,658054.449,1159428.611,-153.2,15,658053.638,1159428.230,10.48526300,76.44420500,0.364,-0.035,10.0,9.4,0.4,5.3,2047,1932,RTK FIXED
103.770,082209.60,10.48526500,76.44420900,10.48526500,76.44420922,658054.410,1159428.611,108.30,658054.433,1159428.611,-153.2,15,658053.638,1159428.230,10.48526300,76.44420500,0.364,-0.035,10.0,9.4,-0.6,5.9,2047,1932,RTK FIXED
103.824,082209.60,10.48526500,76.44420900,10.48526500,76.44420913,658054.410,1159428.611,108.30,658054.424,1159428.611,-153.2,15,658053.638,1159428.230,10.48526300,76.44420500,0.364,-0.035,10.0,9.4,0.0,6.5,2047,1932,RTK FIXED
103.871,082209.80,10.48526500,76.44420900,10.48526500,76.44420908,658054.410,1159428.611,108.30,658054.418,1159428.611,-153.2,15,658053.638,1159428.230,10.48526300,76.44420500,0.365,-0.026,10.0,9.6,0.0,7.5,2047,1960,RTK FIXED
103.924,082209.80,10.48526500,76.44420900,10.48526500,76.44420905,658054.410,1159428.611,108.30,658054.415,1159428.611,-153.2,15,658053.638,1159428.230,10.48526300,76.44420500,0.365,-0.026,10.0,9.6,0.5,8.9,2047,1960,RTK FIXED
103.971,082209.80,10.48526500,76.44420900,10.48526500,76.44420903,658054.410,1159428.611,108.30,658054.413,1159428.611,-153.2,15,658053.638,1159428.230,10.48526300,76.44420500,0.365,-0.026,10.0,9.6,-0.5,9.7,2047,1960,RTK FIXED
104.024,082209.80,10.48526500,76.44420900,10.48526500,76.44420902,658054.410,1159428.611,108.30,658054.411,1159428.611,-153.2,15,658053.638,1159428.230,10.48526300,76.44420500,0.365,-0.026,10.0,9.6,0.5,10.9,2047,1960,RTK FIXED
104.079,082210.00,10.48526500,76.44420900,10.48526500,76.44420901,658054.410,1159428.611,108.30,658054.411,1159428.611,-153.2,15,658053.638,1159428.230,10.48526300,76.44420500,0.365,-0.021,10.0,9.7,0.0,12.3,2047,1978,RTK FIXED
104.124,082210.00,10.48526500,76.44420900,10.48526500,76.44420901,658054.410,1159428.611,108.30,658054.410,1159428.611,-153.2,15,658053.638,1159428.230,10.48526300,76.44420500,0.365,-0.021,10.0,9.7,0.0,12.6,2047,1978,RTK FIXED
104.179,082210.20,10.48526500,76.44420900,10.48526500,76.44420900,658054.410,1159428.611,108.30,658054.410,1159428.611,-156.1,15,658053.638,1159428.230,10.48526300,76.44420500,0.366,0.008,9.9,10.0,-0.5,13.8,2019,2047,RTK FIXED
104.225,082210.20,10.48526500,76.44420900,10.48526500,76.44420900,658054.410,1159428.611,108.30,658054.410,1159428.611,-156.1,15,658053.638,1159428.230,10.48526300,76.44420500,0.366,0.008,9.9,10.0,0.5,14.1,2019,2047,RTK FIXED
104.279,082210.20,10.48526500,76.44420900,10.48526500,76.44420900,658054.410,1159428.611,108.30,658054.410,1159428.611,-156.1,15,658053.638,1159428.230,10.48526300,76.44420500,0.366,0.008,9.9,10.0,0.0,14.9,2019,2047,RTK FIXED
104.324,082210.20,10.48526500,76.44420900,10.48526500,76.44420900,658054.410,1159428.611,108.30,658054.410,1159428.611,-156.1,15,658053.638,1159428.230,10.48526300,76.44420500,0.366,0.008,9.9,10.0,0.0,15.7,2019,2047,RTK FIXED
104.379,082210.20,10.48526500,76.44420900,10.48526500,76.44420900,658054.410,1159428.611,108.30,658054.410,1159428.611,-156.1,15,658053.638,1159428.230,10.48526300,76.44420500,0.366,0.008,9.9,10.0,0.0,16.3,2019,2047,RTK FIXED
104.424,082210.20,10.48526500,76.44420900,10.48526500,76.44420900,658054.410,1159428.611,108.30,658054.410,1159428.611,-156.1,15,658053.638,1159428.230,10.48526300,76.44420500,0.366,0.008,9.9,10.0,-0.5,16.8,2019,2047,RTK FIXED
104.479,082210.40,10.48526500,76.44420800,10.48526500,76.44420860,658054.308,1159428.593,108.30,658054.369,1159428.604,-156.1,15,658053.638,1159428.230,10.48526300,76.44420500,0.365,0.021,9.7,10.0,0.5,17.5,1977,2047,RTK FIXED
104.524,082210.40,10.48526500,76.44420800,10.48526500,76.44420836,658054.308,1159428.593,108.30,658054.344,1159428.600,-156.1,15,658053.638,1159428.230,10.48526300,76.44420500,0.365,0.021,9.7,10.0,-0.5,18.1,1977,2047,RTK FIXED
104.579,082210.40,10.48526500,76.44420800,10.48526500,76.44420822,658054.308,1159428.593,108.30,658054.330,1159428.597,-156.1,15,658053.638,1159428.230,10.48526300,76.44420500,0.365,0.021,9.7,10.0,0.0,17.5,1977,2047,RTK FIXED
104.624,082210.40,10.48526500,76.44420800,10.48526500,76.44420813,658054.308,1159428.593,108.30,658054.321,1159428.596,-156.1,15,658053.638,1159428.230,10.48526300,76.44420500,0.365,0.021,9.7,10.0,0.5,17.5,1977,2047,RTK FIXED
104.679,082210.60,10.48526400,76.44420800,10.48526460,76.44420808,658054.308,1159428.483,108.30,658054.316,1159428.550,-152.1,15,658053.638,1159428.230,10.48526300,76.44420500,0.365,-0.032,10.0,9.5,0.0,17.9,2047,1941,RTK FIXED
104.733,082210.60,10.48526400,76.44420800,10.48526436,76.44420805,658054.308,1159428.483,108.30,658054.313,1159428.523,-152.1,15,658053.638,1159428.230,10.48526300,76.44420500,0.365,-0.032,10.0,9.5,-0.5,17.8,2047,1941,RTK FIXED
104.779,082210.60,10.48526400,76.44420800,10.48526422,76.44420803,658054.308,1159428.483,108.30,658054.311,1159428.507,-152.1,15,658053.638,1159428.230,10.48526300,76.44420500,0.365,-0.032,10.0,9.5,0.0,17.7,2047,1941,RTK FIXED
104.833,082210.60,10.48526400,76.44420800,10.48526413,76.44420802,658054.308,1159428.483,108.30,658054.310,1159428.497,-152.1,15,658053.638,1159428.230,10.48526300,76.44420500,0.365,-0.032,10.0,9.5,0.5,17.3,2047,1941,RTK FIXED
104.879,082210.80,10.48526400,76.44420800,10.48526408,76.44420801,658054.298,1159428.506,108.30,658054.305,1159428.501,-152.1,15,658053.638,1159428.230,10.48526300,76.44420500,0.364,-0.036,10.0,9.4,-0.5,17.2,2047,1929,RTK FIXED
104.933,082210.80,10.48526400,76.44420800,10.48526405,76.44420801,658054.298,1159428.506,108.30,658054.302,1159428.503,-152.1,15,658053.638,1159428.230,10.48526300,76.44420500,0.364,-0.036,10.0,9.4,0.0,16.4,2047,1929,RTK FIXED
104.979,082210.80,10.48526400,76.44420800,10.48526403,76.44420800,658054.298,1159428.506,108.30,658054.300,1159428.504,-152.1,15,658053.638,1159428.230,10.48526300,76.44420500,0.364,-0.036,10.0,9.4,0.5,17.3,2047,1929,RTK FIXED
105.033,082210.80,10.48526400,76.44420800,10.48526402,76.44420800,658054.298,1159428.506,108.30,658054.299,1159428.505,-152.1,15,658053.638,1159428.230,10.48526300,76.44420500,0.364,-0.036,10.0,9.4,0.0,17.0,2047,1929,RTK FIXED
105.080,082211.00,10.48526400,76.44420700,10.48526401,76.44420760,658054.188,1159428.505,108.30,658054.255,1159428.505,-153.7,15,658053.638,1159428.230,10.48526300,76.44420500,0.366,-0.008,10.0,9.9,-0.5,17.4,2047,2020,RTK FIXED
105.133,082211.00,10.48526400,76.44420700,10.48526401,76.44420736,658054.188,1159428.505,108.30,658054.228,1159428.505,-153.7,15,658053.638,1159428.230,10.48526300,76.44420500,0.366,-0.008,10.0,9.9,0.0,18.3,2047,2020,RTK FIXED
105.179,082211.20,10.48526400,76.44420700,10.48526400,76.44420722,658054.193,1159428.496,108.30,658054.214,1159428.501,-153.7,15,658053.638,1159428.230,10.48526300,76.44420500,0.366,-0.003,10.0,10.0,0.5,17.8,2047,2038,RTK FIXED
105.232,082211.20,10.48526400,76.44420700,10.48526400,76.44420713,658054.193,1159428.496,108.30,658054.205,1159428.499,-153.7,15,658053.638,1159428.230,10.48526300,76.44420500,0.366,-0.003,10.0,10.0,0.0,17.9,2047,2038,RTK FIXED
105.287,082211.20,10.48526400,76.44420700,10.48526400,76.44420708,658054.193,1159428.496,108.30,658054.200,1159428.498,-153.7,15,658053.638,1159428.230,10.48526300,76.44420500,0.366,-0.003,10.0,10.0,0.0,17.9,2047,2038,RTK FIXED
105.333,082211.20,10.48526400,76.44420700,10.48526400,76.44420705,658054.193,1159428.496,108.30,658054.197,1159428.497,-153.7,15,658053.638,1159428.230,10.48526300,76.44420500,0.366,-0.003,10.0,10.0,-0.5,18.0,2047,2038,RTK FIXED
105.387,082211.20,10.48526400,76.44420700,10.48526400,76.44420703,658054.193,1159428.496,108.30,658054.195,1159428.497,-153.7,15,658053.638,1159428.230,10.48526300,76.44420500,0.366,-0.003,10.0,10.0,0.0,17.9,2047,2038,RTK FIXED
105.435,082211.20,10.48526400,76.44420700,10.48526400,76.44420702,658054.193,1159428.496,108.30,658054.194,1159428.497,-153.7,15,658053.638,1159428.230,10.48526300,76.44420500,0.366,-0.003,10.0,10.0,0.0,18.6,2047,2038,RTK FIXED
105.488,082211.40,10.48526400,76.44420700,10.48526400,76.44420701,658054.193,1159428.496,108.30,658054.194,1159428.496,-153.7,15,658053.638,1159428.230,10.48526300,76.44420500,0.366,0.001,10.0,10.0,0.5,18.7,2045,2047,RTK FIXED
105.533,082211.40,10.48526400,76.44420700,10.48526400,76.44420701,658054.193,1159428.496,108.30,658054.193,1159428.496,-153.7,15,658053.638,1159428.230,10.48526300,76.44420500,0.366,0.001,10.0,10.0,-0.6,18.9,2045,2047,RTK FIXED
105.587,082211.40,10.48526400,76.44420700,10.48526400,76.44420700,658054.193,1159428.496,108.30,658054.193,1159428.496,-153.7,15,658053.638,1159428.230,10.48526300,76.44420500,0.366,0.001,10.0,10.0,0.5,18.3,2045,2047,RTK FIXED
105.633,082211.40,10.48526400,76.44420700,10.48526400,76.44420700,658054.193,1159428.496,108.30,658054.193,1159428.496,-153.7,15,658053.638,1159428.230,10.48526300,76.44420500,0.366,0.001,10.0,10.0,-0.5,18.7,2045,2047,RTK FIXED
105.688,082211.60,10.48526400,76.44420600,10.48526400,76.44420660,658054.083,1159428.496,108.30,658054.149,1159428.496,-158.1,15,658053.638,1159428.230,10.48526300,76.44420500,0.361,0.059,9.1,10.0,0.0,18.1,1856,2047,RTK FIXED
105.733,082211.60,10.48526400,76.44420600,10.48526400,76.44420636,658054.083,1159428.496,108.30,658054.123,1159428.496,-158.1,15,658053.638,1159428.230,10.48526300,76.44420500,0.361,0.059,9.1,10.0,0.6,18.8,1856,2047,RTK FIXED
105.787,082211.60,10.48526400,76.44420600,10.48526400,76.44420622,658054.083,1159428.496,108.30,658054.107,1159428.496,-158.1,15,658053.638,1159428.230,10.48526300,76.44420500,0.361,0.059,9.1,10.0,0.0,18.6,1856,2047,RTK FIXED
105.841,082211.60,10.48526400,76.44420600,10.48526400,76.44420613,658054.083,1159428.496,108.30,658054.097,1159428.496,-158.1,15,658053.638,1159428.230,10.48526300,76.44420500,0.361,0.059,9.1,10.0,0.0,19.0,1856,2047,RTK FIXED
105.888,082211.80,10.48526300,76.44420600,10.48526360,76.44420608,658054.095,1159428.359,108.30,658054.096,1159428.441,-158.1,15,658053.638,1159428.230,10.48526300,76.44420500,0.364,0.036,9.4,10.0,-0.5,18.6,1928,2047,RTK FIXED
105.941,082211.80,10.48526300,76.44420600,10.48526336,76.44420605,658054.095,1159428.359,108.30,658054.096,1159428.408,-158.1,15,658053.638,1159428.230,10.48526300,76.44420500,0.364,0.036,9.4,10.0,0.0,18.5,1928,2047,RTK FIXED
105.988,082211.80,10.48526300,76.44420600,10.48526322,76.44420603,658054.095,1159428.359,108.30,658054.095,1159428.388,-158.1,15,658053.638,1159428.230,10.48526300,76.44420500,0.364,0.036,9.4,10.0,0.5,18.6,1928,2047,RTK FIXED
106.041,082211.80,10.48526300,76.44420600,10.48526313,76.44420602,658054.095,1159428.359,108.30,658054.095,1159428.376,-158.1,15,658053.638,1159428.230,10.48526300,76.44420500,0.364,0.036,9.4,10.0,-0.5,18.1,1928,2047,RTK FIXED
106.088,082212.00,10.48526300,76.44420600,10.48526308,76.44420601,658054.095,1159428.359,108.30,658054.095,1159428.369,-145.7,15,658053.638,1159428.230,10.48526300,76.44420500,0.355,-0.091,10.0,8.6,0.0,18.2,2047,1756,RTK FIXED
106.141,082212.00,10.48526300,76.44420600,10.48526305,76.44420601,658054.095,1159428.359,108.30,658054.095,1159428.365,-145.7,15,658053.638,1159428.230,10.48526300,76.44420500,0.355,-0.091,10.0,8.6,0.0,18.3,2047,1756,RTK FIXED
106.188,082212.20,10.48526300,76.44420500,10.48526303,76.44420560,658053.949,1159428.430,108.30,658054.037,1159428.391,-145.7,15,658053.638,1159428.230,10.48526300,76.44420500,0.359,-0.061,10.0,9.0,0.0,17.1,2047,1849,RTK FIXED
106.242,082212.20,10.48526300,76.44420500,10.48526302,76.44420536,658053.949,1159428.430,108.30,658054.002,1159428.407,-145.7,15,658053.638,1159428.230,10.48526300,76.44420500,0.359,-0.061,10.0,9.0,0.0,16.8,2047,1849,RTK FIXED
106.288,082212.20,10.48526300,76.44420500,10.48526301,76.44420522,658053.949,1159428.430,108.30,658053.981,1159428.416,-145.7,15,658053.638,1159428.230,10.48526300,76.44420500,0.359,-0.061,10.0,9.0,0.5,16.9,2047,1849,RTK FIXED
106.342,082212.20,10.48526300,76.44420500,10.48526301,76.44420513,658053.949,1159428.430,108.30,658053.968,1159428.422,-145.7,15,658053.638,1159428.230,10.48526300,76.44420500,0.359,-0.061,10.0,9.0,0.0,16.1,2047,1849,RTK FIXED
106.396,082212.20,10.48526300,76.44420500,10.48526300,76.44420508,658053.949,1159428.430,108.30,658053.961,1159428.425,-145.7,15,658053.638,1159428.230,10.48526300,76.44420500,0.359,-0.061,10.0,9.0,-0.5,16.3,2047,1849,RTK FIXED
106.443,082212.20,10.48526300,76.44420500,10.48526300,76.44420505,658053.949,1159428.430,108.30,658053.956,1159428.427,-145.7,15,658053.638,1159428.230,10.48526300,76.44420500,0.359,-0.061,10.0,9.0,0.5,17.1,2047,1849,RTK FIXED
106.496,082212.40,10.48526300,76.44420500,10.48526300,76.44420503,658053.949,1159428.430,108.30,658053.953,1159428.428,-158.0,15,658053.638,1159428.230,10.48526300,76.44420500,0.330,0.069,8.8,10.0,0.0,15.7,1806,2047,RTK FIXED
106.542,082212.40,10.48526300,76.44420500,10.48526300,76.44420502,658053.949,1159428.430,108.30,658053.952,1159428.429,-158.0,15,658053.638,1159428.230,10.48526300,76.44420500,0.330,0.069,8.8,10.0,-0.5,15.9,1806,2047,RTK FIXED
106.596,082212.40,10.48526300,76.44420500,10.48526300,76.44420501,658053.949,1159428.430,108.30,658053.951,1159428.429,-158.0,15,658053.638,1159428.230,10.48526300,76.44420500,0.330,0.069,8.8,10.0,0.5,16.2,1806,2047,RTK FIXED
106.642,082212.40,10.48526300,76.44420500,10.48526300,76.44420501,658053.949,1159428.430,108.30,658053.950,1159428.430,-158.0,15,658053.638,1159428.230,10.48526300,76.44420500,0.330,0.069,8.8,10.0,0.0,16.8,1806,2047,RTK FIXED
106.699,082212.60,10.48526300,76.44420500,10.48526300,76.44420500,658053.985,1159428.359,108.30,658053.964,1159428.402,-158.0,16,658052.765,1159427.673,10.48525800,76.44419700,0.359,0.071,8.9,10.0,-0.4,16.7,1818,2047,RTK FIXED
106.742,082212.60,10.48526300,76.44420500,10.48526300,76.44420500,658053.985,1159428.359,108.30,658053.972,1159428.385,-158.0,16,658052.765,1159427.673,10.48525800,76.44419700,0.359,0.071,8.9,10.0,0.0,15.6,1818,2047,RTK FIXED
106.796,082212.60,10.48526300,76.44420500,10.48526300,76.44420500,658053.985,1159428.359,108.30,658053.977,1159428.374,-158.0,16,658052.765,1159427.673,10.48525800,76.44419700,0.359,0.071,8.9,10.0,0.5,17.2,1818,2047,RTK FIXED
106.842,082212.60,10.48526300,76.44420500,10.48526300,76.44420500,658053.985,1159428.359,108.30,658053.980,1159428.368,-158.0,16,658052.765,1159427.673,10.48525800,76.44419700,0.359,0.071,8.9,10.0,0.0,17.3,1818,2047,RTK FIXED
106.897,082212.80,10.48526200,76.44420400,10.48526260,76.44420460,658053.876,1159428.248,108.30,658053.939,1159428.320,-148.1,16,658052.765,1159427.673,10.48525800,76.44419700,0.365,-0.031,10.0,9.5,-0.5,17.9,2047,1944,RTK FIXED
106.950,082212.80,10.48526200,76.44420400,10.48526236,76.44420436,658053.876,1159428.248,108.30,658053.913,1159428.291,-148.1,16,658052.765,1159427.673,10.48525800,76.44419700,0.365,-0.031,10.0,9.5,0.0,17.4,2047,1944,RTK FIXED
106.996,082212.80,10.48526200,76.44420400,10.48526222,76.44420422,658053.876,1159428.248,108.30,658053.898,1159428.274,-148.1,16,658052.765,1159427.673,10.48525800,76.44419700,0.365,-0.031,10.0,9.5,0.0,17.3,2047,1944,RTK FIXED
107.051,082213.00,10.48526200,76.44420400,10.48526213,76.44420413,658053.849,1159428.305,108.30,658053.879,1159428.287,-148.1,16,658052.765,1159427.673,10.48525800,76.44419700,0.365,-0.027,10.0,9.6,0.5,17.4,2047,1957,RTK FIXED
107.096,082213.00,10.48526200,76.44420400,10.48526208,76.44420408,658053.849,1159428.305,108.30,658053.867,1159428.294,-148.1,16,658052.765,1159427.673,10.48525800,76.44419700,0.365,-0.027,10.0,9.6,-0.5,16.4,2047,1957,RTK FIXED
107.151,082213.00,10.48526200,76.44420400,10.48526205,76.44420405,658053.849,1159428.305,108.30,658053.859,1159428.299,-148.1,16,658052.765,1159427.673,10.48525800,76.44419700,0.365,-0.027,10.0,9.6,0.5,16.7,2047,1957,RTK FIXED
107.196,082213.20,10.48526200,76.44420400,10.48526203,76.44420403,658053.849,1159428.305,108.30,658053.855,1159428.301,-148.1,16,658052.765,1159427.673,10.48525800,76.44419700,0.365,-0.025,10.0,9.6,-0.5,16.3,2047,1966,RTK FIXED
107.251,082213.20,10.48526200,76.44420400,10.48526202,76.44420402,658053.849,1159428.305,108.30,658053.853,1159428.303,-148.1,16,658052.765,1159427.673,10.48525800,76.44419700,0.365,-0.025,10.0,9.6,0.0,16.6,2047,1966,RTK FIXED
107.297,082213.20,10.48526200,76.44420400,10.48526201,76.44420401,658053.849,1159428.305,108.30,658053.851,1159428.304,-148.1,16,658052.765,1159427.673,10.48525800,76.44419700,0.365,-0.025,10.0,9.6,0.5,16.7,2047,1966,RTK FIXED
107.351,082213.20,10.48526200,76.44420400,10.48526201,76.44420401,658053.849,1159428.305,108.30,658053.850,1159428.304,-148.1,16,658052.765,1159427.673,10.48525800,76.44419700,0.365,-0.025,10.0,9.6,0.0,18.2,2047,1966,RTK FIXED
107.397,082213.20,10.48526200,76.44420400,10.48526200,76.44420400,658053.849,1159428.305,108.30,658053.850,1159428.305,-148.1,16,658052.765,1159427.673,10.48525800,76.44419700,0.365,-0.025,10.0,9.6,-0.5,18.0,2047,1966,RTK FIXED
107.451,082213.20,10.48526200,76.44420400,10.48526200,76.44420400,658053.849,1159428.305,108.30,658053.849,1159428.305,-148.1,16,658052.765,1159427.673,10.48525800,76.44419700,0.365,-0.025,10.0,9.6,0.5,17.6,2047,1966,RTK FIXED
107.505,082213.40,10.48526200,76.44420300,10.48526200,76.44420360,658053.739,1159428.305,108.30,658053.805,1159428.305,-154.2,16,658052.765,1159427.673,10.48525800,76.44419700,0.363,0.043,9.3,10.0,0.0,17.1,1905,2047,RTK FIXED
107.551,082213.40,10.48526200,76.44420300,10.48526200,76.44420336,658053.739,1159428.305,108.30,658053.779,1159428.305,-154.2,16,658052.765,1159427.673,10.48525800,76.44419700,0.363,0.043,9.3,10.0,-0.5,17.5,1905,2047,RTK FIXED
107.604,082213.40,10.48526200,76.44420300,10.48526200,76.44420322,658053.739,1159428.305,108.30,658053.763,1159428.305,-154.2,16,658052.765,1159427.673,10.48525800,76.44419700,0.363,0.043,9.3,10.0,0.5,16.8,1905,2047,RTK FIXED
107.651,082213.40,10.48526200,76.44420300,10.48526200,76.44420313,658053.739,1159428.305,108.30,658053.754,1159428.305,-154.2,16,658052.765,1159427.673,10.48525800,76.44419700,0.363,0.043,9.3,10.0,-0.5,17.2,1905,2047,RTK FIXED
107.705,082213.60,10.48526200,76.44420300,10.48526200,76.44420308,658053.757,1159428.270,108.30,658053.755,1159428.291,-154.2,16,658052.765,1159427.673,10.48525800,76.44419700,0.363,0.043,9.3,10.0,0.0,17.1,1906,2047,RTK FIXED
107.751,082213.60,10.48526200,76.44420300,10.48526200,76.44420305,658053.757,1159428.270,108.30,658053.756,1159428.283,-154.2,16,658052.765,1159427.673,10.48525800,76.44419700,0.363,0.043,9.3,10.0,0.6,17.7,1906,2047,RTK FIXED
107.805,082213.60,10.48526200,76.44420300,10.48526200,76.44420303,658053.757,1159428.270,108.30,658053.756,1159428.278,-154.2,16,658052.765,1159427.673,10.48525800,76.44419700,0.363,0.043,9.3,10.0,-0.5,17.9,1906,2047,RTK FIXED
107.851,082213.60,10.48526200,76.44420300,10.48526200,76.44420302,658053.757,1159428.270,108.30,658053.757,1159428.275,-154.2,16,658052.765,1159427.673,10.48525800,76.44419700,0.363,0.043,9.3,10.0,0.0,17.6,1906,2047,RTK FIXED
107.905,082213.80,10.48526200,76.44420300,10.48526200,76.44420301,658053.757,1159428.270,108.30,658053.757,1159428.273,-154.2,16,658052.765,1159427.673,10.48525800,76.44419700,0.363,0.043,9.3,10.0,0.5,18.2,1906,2047,RTK FIXED
107.951,082213.80,10.48526200,76.44420300,10.48526200,76.44420301,658053.757,1159428.270,108.30,658053.757,1159428.272,-154.2,16,658052.765,1159427.673,10.48525800,76.44419700,0.363,0.043,9.3,10.0,-0.5,18.0,1906,2047,RTK FIXED
108.005,082213.80,10.48526200,76.44420300,10.48526200,76.44420300,658053.757,1159428.270,108.30,658053.757,1159428.271,-154.2,16,658052.765,1159427.673,10.48525800,76.44419700,0.363,0.043,9.3,10.0,0.0,18.1,1906,2047,RTK FIXED
108.051,082214.00,10.48526100,76.44420200,10.48526160,76.44420260,658053.648,1159428.159,108.30,658053.713,1159428.226,-150.5,16,658052.765,1159427.673,10.48525800,76.44419700,0.366,-0.001,10.0,10.0,0.0,17.9,2047,2045,RTK FIXED
108.104,082214.00,10.48526100,76.44420200,10.48526136,76.44420236,658053.648,1159428.159,108.30,658053.687,1159428.199,-150.5,16,658052.765,1159427.673,10.48525800,76.44419700,0.366,-0.001,10.0,10.0,0.0,18.3,2047,2045,RTK FIXED
108.159,082214.20,10.48526100,76.44420200,10.48526122,76.44420222,658053.638,1159428.181,108.30,658053.667,1159428.192,-150.5,16,658052.765,1159427.673,10.48525800,76.44419700,0.366,-0.001,10.0,10.0,0.5,17.8,2047,2042,RTK FIXED
108.205,082214.20,10.48526100,76.44420200,10.48526113,76.44420213,658053.638,1159428.181,108.30,658053.656,1159428.187,-150.5,16,658052.765,1159427.673,10.48525800,76.44419700,0.366,-0.001,10.0,10.0,0.0,17.9,2047,2042,RTK FIXED
108.260,082214.20,10.48526100,76.44420200,10.48526108,76.44420208,658053.638,1159428.181,108.30,658053.648,1159428.185,-150.5,16,658052.765,1159427.673,10.48525800,76.44419700,0.366,-0.001,10.0,10.0,-0.5,18.5,2047,2042,RTK FIXED
108.305,082214.20,10.48526100,76.44420200,10.48526105,76.44420205,658053.638,1159428.181,108.30,658053.644,1159428.183,-150.5,16,658052.765,1159427.673,10.48525800,76.44419700,0.366,-0.001,10.0,10.0,0.6,18.2,2047,2042,RTK FIXED
108.359,082214.20,10.48526100,76.44420200,10.48526103,76.44420203,658053.638,1159428.181,108.30,658053.641,1159428.182,-150.5,16,658052.765,1159427.673,10.48525800,76.44419700,0.366,-0.001,10.0,10.0,0.0,18.8,2047,2042,RTK FIXED
108.405,082214.20,10.48526100,76.44420200,10.48526102,76.44420202,658053.638,1159428.181,108.30,658053.640,1159428.181,-150.5,16,658052.765,1159427.673,10.48525800,76.44419700,0.366,-0.001,10.0,10.0,0.0,18.7,2047,2042,RTK FIXED
108.459,082214.20,10.48526100,76.44420200,10.48526101,76.44420201,658053.638,1159428.181,108.30,658053.639,1159428.181,-150.5,16,658052.765,1159427.673,10.48525800,76.44419700,0.366,-0.001,10.0,10.0,-0.5,18.5,2047,2042,RTK FIXED
108.514,082214.40,10.48526100,76.44420200,10.48526101,76.44420201,658053.638,1159428.181,108.30,658053.638,1159428.181,-150.5,16,658052.765,1159427.673,10.48525800,76.44419700,0.366,-0.002,10.0,10.0,0.5,19.5,2047,2041,RTK FIXED
108.560,082214.40,10.48526100,76.44420200,10.48526100,76.44420200,658053.638,1159428.181,108.30,658053.638,1159428.181,-150.5,16,658052.765,1159427.673,10.48525800,76.44419700,0.366,-0.002,10.0,10.0,-0.5,18.6,2047,2041,RTK FIXED
108.613,082214.40,10.48526100,76.44420200,10.48526100,76.44420200,658053.638,1159428.181,108.30,658053.638,1159428.181,-150.5,16,658052.765,1159427.673,10.48525800,76.44419700,0.366,-0.002,10.0,10.0,0.0,19.3,2047,2041,RTK FIXED
108.661,082214.60,10.48526100,76.44420200,10.48526100,76.44420200,658053.638,1159428.181,108.30,658053.638,1159428.181,-150.1,16,658052.765,1159427.673,10.48525800,76.44419700,0.366,-0.005,10.0,9.9,0.5,18.8,2047,2029,RTK FIXED
108.713,082214.60,10.48526100,76.44420200,10.48526100,76.44420200,658053.638,1159428.181,108.30,658053.638,1159428.181,-150.1,16,658052.765,1159427.673,10.48525800,76.44419700,0.366,-0.005,10.0,9.9,0.0,18.2,2047,2029,RTK FIXED
108.760,082214.60,10.48526100,76.44420200,10.48526100,76.44420200,658053.638,1159428.181,108.30,658053.638,1159428.181,-150.1,16,658052.765,1159427.673,10.48525800,76.44419700,0.366,-0.005,10.0,9.9,-0.5,19.2,2047,2029,RTK FIXED
108.814,082214.60,10.48526100,76.44420200,10.48526100,76.44420200,658053.638,1159428.181,108.30,658053.638,1159428.181,-150.1,16,658052.765,1159427.673,10.48525800,76.44419700,0.366,-0.005,10.0,9.9,0.0,18.6,2047,2029,RTK FIXED
108.859,082214.60,10.48526100,76.44420200,10.48526100,76.44420200,658053.638,1159428.181,108.30,658053.638,1159428.181,-150.1,16,658052.765,1159427.673,10.48525800,76.44419700,0.366,-0.005,10.0,9.9,0.5,19.1,2047,2029,RTK FIXED
108.915,082214.80,10.48526000,76.44420100,10.48526060,76.44420160,658053.528,1159428.072,108.30,658053.594,1159428.137,-150.1,16,658052.765,1159427.673,10.48525800,76.44419700,0.366,-0.014,10.0,9.8,0.0,18.7,2047,2000,RTK FIXED
108.959,082214.80,10.48526000,76.44420100,10.48526036,76.44420136,658053.528,1159428.072,108.30,658053.567,1159428.111,-150.1,16,658052.765,1159427.673,10.48525800,76.44419700,0.366,-0.014,10.0,9.8,-0.6,18.9,2047,2000,RTK FIXED
109.014,082214.80,10.48526000,76.44420100,10.48526022,76.44420122,658053.528,1159428.072,108.30,658053.551,1159428.095,-150.1,16,658052.765,1159427.673,10.48525800,76.44419700,0.366,-0.014,10.0,9.8,0.0,18.3,2047,2000,RTK FIXED
109.068,082215.00,10.48526000,76.44420100,10.48526013,76.44420113,658053.528,1159428.072,108.20,658053.542,1159428.086,-146.2,16,658052.765,1159427.673,10.48525800,76.44419700,0.362,-0.055,10.0,9.1,0.0,18.4,2047,1869,RTK FIXED
109.114,082215.00,10.48526000,76.44420100,10.48526008,76.44420108,658053.528,1159428.072,108.20,658053.536,1159428.080,-146.2,16,658052.765,1159427.673,10.48525800,76.44419700,0.362,-0.055,10.0,9.1,0.5,18.6,2047,1869,RTK FIXED
109.168,082215.20,10.48526000,76.44420000,10.48526005,76.44420065,658053.405,1159428.093,108.20,658053.484,1159428.085,-146.2,16,658052.765,1159427.673,10.48525800,76.44419700,0.364,-0.035,10.0,9.4,0.0,18.4,2047,1933,RTK FIXED
109.214,082215.20,10.48526000,76.44420000,10.48526003,76.44420039,658053.405,1159428.093,108.20,658053.452,1159428.088,-146.2,16,658052.765,1159427.673,10.48525800,76.44419700,0.364,-0.035,10.0,9.4,-0.5,18.1,2047,1933,RTK FIXED
109.268,082215.20,10.48526000,76.44420000,10.48526002,76.44420023,658053.405,1159428.093,108.20,658053.434,1159428.090,-146.2,16,658052.765,1159427.673,10.48525800,76.44419700,0.364,-0.035,10.0,9.4,0.0,18.1,2047,1933,RTK FIXED
109.314,082215.20,10.48526000,76.44420000,10.48526001,76.44420014,658053.405,1159428.093,108.20,658053.422,1159428.091,-146.2,16,658052.765,1159427.673,10.48525800,76.44419700,0.364,-0.035,10.0,9.4,0.5,17.3,2047,1933,RTK FIXED
109.369,082215.40,10.48526000,76.44420000,10.48526001,76.44420008,658053.405,1159428.093,108.20,658053.415,1159428.092,-154.1,16,658052.765,1159427.673,10.48525800,76.44419700,0.363,0.049,9.2,10.0,0.0,17.0,1888,2047,RTK FIXED
109.414,082215.40,10.48526000,76.44420000,10.48526000,76.44420005,658053.405,1159428.093,108.20,658053.411,1159428.092,-154.1,16,658052.765,1159427.673,10.48525800,76.44419700,0.363,0.049,9.2,10.0,-0.5,17.0,1888,2047,RTK FIXED
109.468,082215.40,10.48526000,76.44420000,10.48526000,76.44420003,658053.405,1159428.093,108.20,658053.409,1159428.092,-154.1,16,658052.765,1159427.673,10.48525800,76.44419700,0.363,0.049,9.2,10.0,0.0,16.6,1888,2047,RTK FIXED
109.514,082215.40,10.48526000,76.44420000,10.48526000,76.44420002,658053.405,1159428.093,108.20,658053.408,1159428.093,-154.1,16,658052.765,1159427.673,10.48525800,76.44419700,0.363,0.049,9.2,10.0,0.0,16.9,1888,2047,RTK FIXED
109.568,082215.40,10.48526000,76.44420000,10.48526000,76.44420001,658053.405,1159428.093,108.20,658053.407,1159428.093,-154.1,16,658052.765,1159427.673,10.48525800,76.44419700,0.363,0.049,9.2,10.0,0.0,17.6,1888,2047,RTK FIXED
109.623,082215.40,10.48526000,76.44420000,10.48526000,76.44420001,658053.405,1159428.093,108.20,658053.406,1159428.093,-154.1,16,658052.765,1159427.673,10.48525800,76.44419700,0.363,0.049,9.2,10.0,0.0,18.0,1888,2047,RTK FIXED
109.669,082215.60,10.48526000,76.44420000,10.48526000,76.44420000,658053.430,1159428.048,108.30,658053.415,1159428.075,-154.1,16,658052.765,1159427.673,10.48525800,76.44419700,0.364,0.042,9.3,10.0,0.5,18.3,1910,2047,RTK FIXED
109.722,082215.60,10.48526000,76.44420000,10.48526000,76.44420000,658053.430,1159428.048,108.30,658053.421,1159428.064,-154.1,16,658052.765,1159427.673,10.48525800,76.44419700,0.364,0.042,9.3,10.0,0.0,18.2,1910,2047,RTK FIXED
109.768,082215.60,10.48526000,76.44420000,10.48526000,76.44420000,658053.430,1159428.048,108.30,658053.424,1159428.058,-154.1,16,658052.765,1159427.673,10.48525800,76.44419700,0.364,0.042,9.3,10.0,-0.5,17.9,1910,2047,RTK FIXED
109.822,082215.60,10.48526000,76.44420000,10.48526000,76.44420000,658053.430,1159428.048,108.30,658053.426,1159428.054,-154.1,16,658052.765,1159427.673,10.48525800,76.44419700,0.364,0.042,9.3,10.0,0.5,17.6,1910,2047,RTK FIXED
109.868,082215.60,10.48526000,76.44420000,10.48526000,76.44420000,658053.430,1159428.048,108.30,658053.428,1159428.051,-154.1,16,658052.765,1159427.673,10.48525800,76.44419700,0.364,0.042,9.3,10.0,-0.5,17.9,1910,2047,RTK FIXED
109.923,082215.80,10.48526000,76.44420000,10.48526000,76.44420000,658053.430,1159428.048,108.30,658053.428,1159428.050,-154.1,16,658052.765,1159427.673,10.48525800,76.44419700,0.364,0.038,9.4,10.0,0.5,18.2,1923,2047,RTK FIXED
109.969,082215.80,10.48526000,76.44420000,10.48526000,76.44420000,658053.430,1159428.048,108.30,658053.429,1159428.049,-154.1,16,658052.765,1159427.673,10.48525800,76.44419700,0.364,0.038,9.4,10.0,-0.6,18.2,1923,2047,RTK FIXED
110.024,082215.80,10.48526000,76.44420000,10.48526000,76.44420000,658053.430,1159428.048,108.30,658053.429,1159428.049,-154.1,16,658052.765,1159427.673,10.48525800,76.44419700,0.364,0.038,9.4,10.0,0.5,17.7,1923,2047,RTK FIXED
110.069,082216.00,10.48525900,76.44419900,10.48525960,76.44419960,658053.321,1159427.937,108.30,658053.386,1159428.004,-146.9,16,658052.765,1159427.673,10.48525800,76.44419700,0.364,-0.040,10.0,9.4,-0.6,17.7,2047,1917,RTK FIXED
110.123,082216.00,10.48525900,76.44419900,10.48525936,76.44419936,658053.321,1159427.937,108.30,658053.360,1159427.977,-146.9,16,658052.765,1159427.673,10.48525800,76.44419700,0.364,-0.040,10.0,9.4,0.0,18.1,2047,1917,RTK FIXED
110.169,082216.20,10.48525900,76.44419900,10.48525922,76.44419922,658053.299,1159427.978,108.30,658053.335,1159427.977,-146.9,16,658052.765,1159427.673,10.48525800,76.44419700,0.364,-0.034,10.0,9.5,0.0,17.3,2047,1935,RTK FIXED
110.223,082216.20,10.48525900,76.44419900,10.48525913,76.44419913,658053.299,1159427.978,108.30,658053.321,1159427.978,-146.9,16,658052.765,1159427.673,10.48525800,76.44419700,0.364,-0.034,10.0,9.5,0.5,16.7,2047,1935,RTK FIXED
110.277,082216.20,10.48525900,76.44419900,10.48525908,76.44419908,658053.299,1159427.978,108.30,658053.312,1159427.978,-146.9,16,658052.765,1159427.673,10.48525800,76.44419700,0.364,-0.034,10.0,9.5,-0.5,16.3,2047,1935,RTK FIXED
110.323,082216.20,10.48525900,76.44419900,10.48525905,76.44419905,658053.299,1159427.978,108.30,658053.307,1159427.978,-146.9,16,658052.765,1159427.673,10.48525800,76.44419700,0.364,-0.034,10.0,9.5,0.5,16.8,2047,1935,RTK FIXED
110.377,082216.20,10.48525900,76.44419900,10.48525903,76.44419903,658053.299,1159427.978,108.30,658053.303,1159427.978,-146.9,16,658052.765,1159427.673,10.48525800,76.44419700,0.364,-0.034,10.0,9.5,0.0,16.7,2047,1935,RTK FIXED
110.423,082216.20,10.48525900,76.44419900,10.48525902,76.44419902,658053.299,1159427.978,108.30,658053.302,1159427.978,-146.9,16,658052.765,1159427.673,10.48525800,76.44419700,0.364,-0.034,10.0,9.5,-0.5,18.0,2047,1935,RTK FIXED
110.477,082216.40,10.48525900,76.44419900,10.48525901,76.44419901,658053.299,1159427.978,108.30,658053.300,1159427.978,-146.9,16,658052.765,1159427.673,10.48525800,76.44419700,0.365,-0.031,10.0,9.5,0.0,17.9,2047,1945,RTK FIXED
110.523,082216.40,10.48525900,76.44419900,10.48525901,76.44419901,658053.299,1159427.978,108.30,658053.300,1159427.978,-146.9,16,658052.765,1159427.673,10.48525800,76.44419700,0.365,-0.031,10.0,9.5,0.5,17.5,2047,1945,RTK FIXED
110.577,082216.40,10.48525900,76.44419900,10.48525900,76.44419900,658053.299,1159427.978,108.30,658053.299,1159427.978,-146.9,16,658052.765,1159427.673,10.48525800,76.44419700,0.365,-0.031,10.0,9.5,0.0,16.7,2047,1945,RTK FIXED
110.623,082216.40,10.48525900,76.44419900,10.48525900,76.44419900,658053.299,1159427.978,108.30,658053.299,1159427.978,-146.9,16,658052.765,1159427.673,10.48525800,76.44419700,0.365,-0.031,10.0,9.5,-0.5,16.3,2047,1945,RTK FIXED
110.677,082216.60,10.48525900,76.44419800,10.48525900,76.44419860,658053.189,1159427.977,108.30,658053.255,1159427.978,-152.7,16,658052.765,1159427.673,10.48525800,76.44419700,0.364,0.040,9.4,10.0,0.0,17.0,1918,2047,RTK FIXED
110.723,082216.60,10.48525900,76.44419800,10.48525900,76.44419836,658053.189,1159427.977,108.30,658053.229,1159427.978,-152.7,16,658052.765,1159427.673,10.48525800,76.44419700,0.364,0.040,9.4,10.0,0.5,16.9,1918,2047,RTK FIXED
110.776,082216.60,10.48525900,76.44419800,10.48525900,76.44419822,658053.189,1159427.977,108.30,658053.213,1159427.978,-152.7,16,658052.765,1159427.673,10.48525800,76.44419700,0.364,0.040,9.4,10.0,0.0,16.9,1918,2047,RTK FIXED
110.823,082216.60,10.48525900,76.44419800,10.48525900,76.44419813,658053.189,1159427.977,108.30,658053.204,1159427.977,-152.7,16,658052.765,1159427.673,10.48525800,76.44419700,0.364,0.040,9.4,10.0,0.0,16.7,1918,2047,RTK FIXED
110.877,082216.80,10.48525900,76.44419800,10.48525900,76.44419808,658053.207,1159427.945,108.30,658053.205,1159427.964,-152.7,16,658052.765,1159427.673,10.48525800,76.44419700,0.364,0.040,9.4,10.0,-0.5,16.5,1916,2047,RTK FIXED
110.932,082216.80,10.48525900,76.44419800,10.48525900,76.44419805,658053.207,1159427.945,108.30,658053.206,1159427.957,-152.7,16,658052.765,1159427.673,10.48525800,76.44419700,0.364,0.040,9.4,10.0,0.0,17.1,1916,2047,RTK FIXED
110.977,082216.80,10.48525900,76.44419800,10.48525900,76.44419803,658053.207,1159427.945,108.30,658053.206,1159427.952,-152.7,16,658052.765,1159427.673,10.48525800,76.44419700,0.364,0.040,9.4,10.0,0.0,17.8,1916,2047,RTK FIXED
111.031,082216.80,10.48525900,76.44419800,10.48525900,76.44419802,658053.207,1159427.945,108.30,658053.207,1159427.949,-152.7,16,658052.765,1159427.673,10.48525800,76.44419700,0.364,0.040,9.4,10.0,0.5,17.4,1916,2047,RTK FIXED
111.078,082217.00,10.48525900,76.44419800,10.48525900,76.44419801,658053.207,1159427.945,108.30,658053.207,1159427.947,-152.7,16,658052.765,1159427.673,10.48525800,76.44419700,0.364,0.041,9.4,10.0,-0.5,17.7,1914,2047,RTK FIXED
111.131,082217.00,10.48525900,76.44419800,10.48525900,76.44419801,658053.207,1159427.945,108.30,658053.207,1159427.946,-152.7,16,658052.765,1159427.673,10.48525800,76.44419700,0.364,0.041,9.4,10.0,0.5,17.5,1914,2047,RTK FIXED
111.178,082217.20,10.48525800,76.44419700,10.48525860,76.44419760,658053.098,1159427.834,108.20,658053.163,1159427.901,-149.4,16,658052.765,1159427.673,10.48525800,76.44419700,0.366,0.001,10.0,10.0,0.0,18.0,2042,2047,RTK FIXED
111.231,082217.20,10.48525800,76.44419700,10.48525836,76.44419736,658053.098,1159427.834,108.20,658053.137,1159427.874,-149.4,16,658052.765,1159427.673,10.48525800,76.44419700,0.366,0.001,10.0,10.0,0.0,17.5,2042,2047,RTK FIXED
111.278,082217.20,10.48525800,76.44419700,10.48525822,76.44419722,658053.098,1159427.834,108.20,658053.122,1159427.858,-149.4,16,658052.765,1159427.673,10.48525800,76.44419700,0.366,0.001,10.0,10.0,0.0,17.6,2042,2047,RTK FIXED
111.332,082217.20,10.48525800,76.44419700,10.48525813,76.44419713,658053.098,1159427.834,108.20,658053.112,1159427.848,-149.4,16,658052.765,1159427.673,10.48525800,76.44419700,0.366,0.001,10.0,10.0,-0.5,18.5,2042,2047,RTK FIXED
111.378,082217.40,10.48525800,76.44419700,10.48525808,76.44419708,658053.088,1159427.852,108.30,658053.103,1159427.850,-149.4,16,658052.765,1159427.673,10.48525800,76.44419700,0.347,0.002,10.0,10.0,0.5,17.4,2042,2047,RTK FIXED
111.432,082217.40,10.48525800,76.44419700,10.48525805,76.44419705,658053.088,1159427.852,108.30,658053.097,1159427.851,-149.4,16,658052.765,1159427.673,10.48525800,76.44419700,0.347,0.002,10.0,10.0,-0.5,18.5,2042,2047,RTK FIXED
111.485,082217.40,10.48525800,76.44419700,10.48525803,76.44419703,658053.088,1159427.852,108.30,658053.094,1159427.851,-149.4,16,658052.765,1159427.673,10.48525800,76.44419700,0.347,0.002,10.0,10.0,0.0,18.3,2042,2047,RTK FIXED
111.532,082217.40,10.48525800,76.44419700,10.48525802,76.44419702,658053.088,1159427.852,108.30,658053.092,1159427.852,-149.4,16,658052.765,1159427.673,10.48525800,76.44419700,0.347,0.002,10.0,10.0,0.0,18.0,2042,2047,RTK FIXED
111.586,082217.40,10.48525800,76.44419700,10.48525801,76.44419701,658053.088,1159427.852,108.30,658053.090,1159427.852,-149.4,16,658052.765,1159427.673,10.48525800,76.44419700,0.347,0.002,10.0,10.0,0.0,18.6,2042,2047,RTK FIXED
111.631,082217.40,10.48525800,76.44419700,10.48525801,76.44419701,658053.088,1159427.852,108.30,658053.090,1159427.852,-149.4,16,658052.765,1159427.673,10.48525800,76.44419700,0.347,0.002,10.0,10.0,0.5,19.1,2042,2047,RTK FIXED
111.686,082217.60,10.48525800,76.44419700,10.48525800,76.44419700,658053.088,1159427.852,108.30,658053.089,1159427.852,-149.4,16,658052.765,1159427.673,10.48525800,76.44419700,0.326,0.002,10.0,10.0,-0.5,18.3,2041,2047,RTK FIXED
111.732,082217.60,10.48525800,76.44419700,10.48525800,76.44419700,658053.088,1159427.852,108.30,658053.089,1159427.852,-149.4,16,658052.765,1159427.673,10.48525800,76.44419700,0.326,0.002,10.0,10.0,0.5,18.1,2041,2047,RTK FIXED
111.786,082217.60,10.48525800,76.44419700,10.48525800,76.44419700,658053.088,1159427.852,108.30,658053.089,1159427.852,-149.4,16,658052.765,1159427.673,10.48525800,76.44419700,0.326,0.002,10.0,10.0,0.0,18.4,2041,2047,RTK FIXED
111.831,082217.60,10.48525800,76.44419700,10.48525800,76.44419700,658053.088,1159427.852,108.30,658053.089,1159427.852,-149.4,16,658052.765,1159427.673,10.48525800,76.44419700,0.326,0.002,10.0,10.0,-0.5,19.2,2041,2047,RTK FIXED
111.889,082217.80,10.48525800,76.44419600,10.48525800,76.44419660,658052.979,1159427.852,108.30,658053.045,1159427.852,-152.2,17,658051.892,1159427.116,10.48525300,76.44418900,0.364,0.043,9.3,10.0,0.4,18.3,1907,2047,RTK FIXED
111.932,082217.80,10.48525800,76.44419600,10.48525800,76.44419636,658052.979,1159427.852,108.30,658053.018,1159427.852,-152.2,17,658051.892,1159427.116,10.48525300,76.44418900,0.364,0.043,9.3,10.0,0.0,19.6,1907,2047,RTK FIXED
111.987,082217.80,10.48525800,76.44419600,10.48525800,76.44419622,658052.979,1159427.852,108.30,658053.003,1159427.852,-152.2,17,658051.892,1159427.116,10.48525300,76.44418900,0.364,0.043,9.3,10.0,-0.5,18.5,1907,2047,RTK FIXED
112.040,082217.80,10.48525800,76.44419600,10.48525800,76.44419613,658052.979,1159427.852,108.30,658052.993,1159427.852,-152.2,17,658051.892,1159427.116,10.48525300,76.44418900,0.364,0.043,9.3,10.0,0.5,18.3,1907,2047,RTK FIXED
112.087,082218.00,10.48525800,76.44419600,10.48525800,76.44419608,658052.987,1159427.836,108.30,658052.991,1159427.846,-152.2,17,658051.892,1159427.116,10.48525300,76.44418900,0.363,0.046,9.3,10.0,-0.5,18.6,1896,2047,RTK FIXED
112.140,082218.00,10.48525800,76.44419600,10.48525800,76.44419605,658052.987,1159427.836,108.30,658052.989,1159427.842,-152.2,17,658051.892,1159427.116,10.48525300,76.44418900,0.363,0.046,9.3,10.0,0.0,18.7,1896,2047,RTK FIXED
112.187,082218.20,10.48525700,76.44419600,10.48525760,76.44419603,658052.988,1159427.725,108.20,658052.989,1159427.795,-152.2,17,658051.892,1159427.116,10.48525300,76.44418900,0.365,0.030,9.5,10.0,0.0,18.2,1950,2047,RTK FIXED
112.240,082218.20,10.48525700,76.44419600,10.48525736,76.44419602,658052.988,1159427.725,108.20,658052.988,1159427.767,-152.2,17,658051.892,1159427.116,10.48525300,76.44418900,0.365,0.030,9.5,10.0,0.5,18.8,1950,2047,RTK FIXED
112.286,082218.20,10.48525700,76.44419600,10.48525722,76.44419601,658052.988,1159427.725,108.20,658052.988,1159427.751,-152.2,17,658051.892,1159427.116,10.48525300,76.44418900,0.365,0.030,9.5,10.0,0.0,18.4,1950,2047,RTK FIXED
112.340,082218.20,10.48525700,76.44419600,10.48525713,76.44419601,658052.988,1159427.725,108.20,658052.988,1159427.740,-152.2,17,658051.892,1159427.116,10.48525300,76.44418900,0.365,0.030,9.5,10.0,-0.5,18.1,1950,2047,RTK FIXED
112.387,082218.40,10.48525700,76.44419500,10.48525708,76.44419560,658052.878,1159427.725,108.30,658052.944,1159427.734,-147.9,17,658051.892,1159427.116,10.48525300,76.44418900,0.366,-0.008,10.0,9.9,0.0,18.6,2047,2021,RTK FIXED
112.440,082218.40,10.48525700,76.44419500,10.48525705,76.44419536,658052.878,1159427.725,108.30,658052.918,1159427.731,-147.9,17,658051.892,1159427.116,10.48525300,76.44418900,0.366,-0.008,10.0,9.9,0.5,18.3,2047,2021,RTK FIXED
112.487,082218.40,10.48525700,76.44419500,10.48525703,76.44419522,658052.878,1159427.725,108.30,658052.902,1159427.728,-147.9,17,658051.892,1159427.116,10.48525300,76.44418900,0.366,-0.008,10.0,9.9,0.0,18.3,2047,2021,RTK FIXED
112.541,082218.40,10.48525700,76.44419500,10.48525702,76.44419513,658052.878,1159427.725,108.30,658052.893,1159427.727,-147.9,17,658051.892,1159427.116,10.48525300,76.44418900,0.366,-0.008,10.0,9.9,-0.5,18.6,2047,2021,RTK FIXED
112.594,082218.40,10.48525700,76.44419500,10.48525701,76.44419508,658052.878,1159427.725,108.30,658052.887,1159427.726,-147.9,17,658051.892,1159427.116,10.48525300,76.44418900,0.366,-0.008,10.0,9.9,0.0,18.7,2047,2021,RTK FIXED
112.641,082218.40,10.48525700,76.44419500,10.48525701,76.44419505,658052.878,1159427.725,108.30,658052.884,1159427.726,-147.9,17,658051.892,1159427.116,10.48525300,76.44418900,0.366,-0.008,10.0,9.9,0.5,18.3,2047,2021,RTK FIXED
112.695,082218.60,10.48525700,76.44419500,10.48525700,76.44419503,658052.865,1159427.749,108.20,658052.876,1159427.735,-147.9,17,658051.892,1159427.116,10.48525300,76.44418900,0.366,-0.001,10.0,10.0,0.0,18.5,2047,2043,RTK FIXED
112.740,082218.60,10.48525700,76.44419500,10.48525700,76.44419502,658052.865,1159427.749,108.20,658052.872,1159427.741,-147.9,17,658051.892,1159427.116,10.48525300,76.44418900,0.366,-0.001,10.0,10.0,-0.5,18.0,2047,2043,RTK FIXED
112.795,082218.60,10.48525700,76.44419500,10.48525700,76.44419501,658052.865,1159427.749,108.20,658052.869,1159427.744,-147.9,17,658051.892,1159427.116,10.48525300,76.44418900,0.366,-0.001,10.0,10.0,0.5,18.9,2047,2043,RTK FIXED
112.841,082218.60,10.48525700,76.44419500,10.48525700,76.44419501,658052.865,1159427.749,108.20,658052.868,1159427.746,-147.9,17,658051.892,1159427.116,10.48525300,76.44418900,0.366,-0.001,10.0,10.0,-0.5,18.5,2047,2043,RTK FIXED
112.895,082218.80,10.48525700,76.44419500,10.48525700,76.44419500,658052.865,1159427.749,108.30,658052.867,1159427.747,-147.9,17,658051.892,1159427.116,10.48525300,76.44418900,0.366,0.003,9.9,10.0,0.0,18.9,2036,2047,RTK FIXED
112.941,082218.80,10.48525700,76.44419500,10.48525700,76.44419500,658052.865,1159427.749,108.30,658052.866,1159427.748,-147.9,17,658051.892,1159427.116,10.48525300,76.44418900,0.366,0.003,9.9,10.0,0.5,18.5,2036,2047,RTK FIXED
112.995,082218.80,10.48525700,76.44419500,10.48525700,76.44419500,658052.865,1159427.749,108.30,658052.866,1159427.748,-147.9,17,658051.892,1159427.116,10.48525300,76.44418900,0.366,0.003,9.9,10.0,-0.5,19.3,2036,2047,RTK FIXED
113.041,082218.80,10.48525700,76.44419500,10.48525700,76.44419500,658052.865,1159427.749,108.30,658052.866,1159427.749,-147.9,17,658051.892,1159427.116,10.48525300,76.44418900,0.366,0.003,9.9,10.0,0.5,19.6,2036,2047,RTK FIXED
113.095,082219.00,10.48525700,76.44419500,10.48525700,76.44419500,658052.865,1159427.749,108.30,658052.866,1159427.749,-147.9,17,658051.892,1159427.116,10.48525300,76.44418900,0.366,0.006,9.9,10.0,0.0,19.0,2027,2047,RTK FIXED
113.140,082219.00,10.48525700,76.44419500,10.48525700,76.44419500,658052.865,1159427.749,108.30,658052.865,1159427.749,-147.9,17,658051.892,1159427.116,10.48525300,76.44418900,0.366,0.006,9.9,10.0,-0.6,19.3,2027,2047,RTK FIXED
113.195,082219.20,10.48525600,76.44419400,10.48525660,76.44419460,658052.756,1159427.638,108.20,658052.822,1159427.704,-149.5,17,658051.892,1159427.116,10.48525300,76.44418900,0.366,0.014,9.8,10.0,0.0,18.7,2002,2047,RTK FIXED
113.249,082219.20,10.48525600,76.44419400,10.48525636,76.44419436,658052.756,1159427.638,108.20,658052.796,1159427.678,-149.5,17,658051.892,1159427.116,10.48525300,76.44418900,0.366,0.014,9.8,10.0,0.0,18.3,2002,2047,RTK FIXED
113.295,082219.20,10.48525600,76.44419400,10.48525622,76.44419422,658052.756,1159427.638,108.20,658052.780,1159427.662,-149.5,17,658051.892,1159427.116,10.48525300,76.44418900,0.366,0.014,9.8,10.0,0.5,19.0,2002,2047,RTK FIXED
113.349,082219.20,10.48525600,76.44419400,10.48525613,76.44419413,658052.756,1159427.638,108.20,658052.771,1159427.652,-149.5,17,658051.892,1159427.116,10.48525300,76.44418900,0.366,0.014,9.8,10.0,-0.5,17.6,2002,2047,RTK FIXED
113.396,082219.40,10.48525600,76.44419400,10.48525608,76.44419408,658052.762,1159427.629,108.20,658052.767,1159427.643,-149.5,17,658051.892,1159427.116,10.48525300,76.44418900,0.366,0.006,9.9,10.0,0.5,18.2,2027,2047,RTK FIXED
113.448,082219.40,10.48525600,76.44419400,10.48525605,76.44419405,658052.762,1159427.629,108.20,658052.765,1159427.637,-149.5,17,658051.892,1159427.116,10.48525300,76.44418900,0.366,0.006,9.9,10.0,-0.5,18.0,2027,2047,RTK FIXED
113.495,082219.40,10.48525600,76.44419400,10.48525603,76.44419403,658052.762,1159427.629,108.20,658052.763,1159427.634,-149.5,17,658051.892,1159427.116,10.48525300,76.44418900,0.366,0.006,9.9,10.0,0.5,18.1,2027,2047,RTK FIXED
113.549,082219.40,10.48525600,76.44419400,10.48525602,76.44419402,658052.762,1159427.629,108.20,658052.763,1159427.632,-149.5,17,658051.892,1159427.116,10.48525300,76.44418900,0.366,0.006,9.9,10.0,0.0,18.1,2027,2047,RTK FIXED
113.595,082219.40,10.48525600,76.44419400,10.48525601,76.44419401,658052.762,1159427.629,108.20,658052.762,1159427.631,-149.5,17,658051.892,1159427.116,10.48525300,76.44418900,0.366,0.006,9.9,10.0,-0.5,18.1,2027,2047,RTK FIXED
113.650,082219.40,10.48525600,76.44419400,10.48525601,76.44419401,658052.762,1159427.629,108.20,658052.762,1159427.630,-149.5,17,658051.892,1159427.116,10.48525300,76.44418900,0.366,0.006,9.9,10.0,0.5,18.5,2027,2047,RTK FIXED
113.696,082219.60,10.48525600,76.44419300,10.48525600,76.44419360,658052.652,1159427.628,108.30,658052.718,1159427.629,-149.9,17,658051.892,1159427.116,10.48525300,76.44418900,0.365,0.021,9.7,10.0,0.0,17.6,1979,2047,RTK FIXED
113.749,082219.60,10.48525600,76.44419300,10.48525600,76.44419336,658052.652,1159427.628,108.30,658052.692,1159427.629,-149.9,17,658051.892,1159427.116,10.48525300,76.44418900,0.365,0.021,9.7,10.0,0.0,19.0,1979,2047,RTK FIXED
113.807,082219.60,10.48525600,76.44419300,10.48525600,76.44419322,658052.652,1159427.628,108.30,658052.676,1159427.629,-149.9,17,658051.892,1159427.116,10.48525300,76.44418900,0.365,0.021,9.7,10.0,0.0,18.8,1979,2047,RTK FIXED
113.849,082219.60,10.48525600,76.44419300,10.48525600,76.44419313,658052.652,1159427.628,108.30,658052.666,1159427.629,-149.9,17,658051.892,1159427.116,10.48525300,76.44418900,0.365,0.021,9.7,10.0,-0.6,17.9,1979,2047,RTK FIXED
113.904,082219.80,10.48525600,76.44419300,10.48525600,76.44419308,658052.653,1159427.626,108.20,658052.661,1159427.628,-149.9,17,658051.892,1159427.116,10.48525300,76.44418900,0.365,0.027,9.6,10.0,0.0,18.2,1958,2047,RTK FIXED
113.949,082219.80,10.48525600,76.44419300,10.48525600,76.44419305,658052.653,1159427.626,108.20,658052.658,1159427.627,-149.9,17,658051.892,1159427.116,10.48525300,76.44418900,0.365,0.027,9.6,10.0,0.0,18.3,1958,2047,RTK FIXED
114.005,082219.80,10.48525600,76.44419300,10.48525600,76.44419303,658052.653,1159427.626,108.20,658052.656,1159427.627,-149.9,17,658051.892,1159427.116,10.48525300,76.44418900,0.365,0.027,9.6,10.0,0.5,17.6,1958,2047,RTK FIXED
114.049,082219.80,10.48525600,76.44419300,10.48525600,76.44419302,658052.653,1159427.626,108.20,658052.655,1159427.627,-149.9,17,658051.892,1159427.116,10.48525300,76.44418900,0.365,0.027,9.6,10.0,0.0,17.7,1958,2047,RTK FIXED
114.104,082220.00,10.48525600,76.44419300,10.48525600,76.44419301,658052.653,1159427.626,108.20,658052.654,1159427.626,-149.9,17,658051.892,1159427.116,10.48525300,76.44418900,0.365,0.031,9.5,10.0,-0.5,18.3,1946,2047,RTK FIXED
114.150,082220.00,10.48525600,76.44419300,10.48525600,76.44419301,658052.653,1159427.626,108.20,658052.654,1159427.626,-149.9,17,658051.892,1159427.116,10.48525300,76.44418900,0.365,0.031,9.5,10.0,0.0,18.1,1946,2047,RTK FIXED
114.204,082220.20,10.48525500,76.44419200,10.48525560,76.44419260,658052.544,1159427.515,108.20,658052.610,1159427.582,-149.7,17,658051.892,1159427.116,10.48525300,76.44418900,0.365,0.021,9.7,10.0,0.0,17.9,1977,2047,RTK FIXED
114.249,082220.20,10.48525500,76.44419200,10.48525536,76.44419236,658052.544,1159427.515,108.20,658052.584,1159427.555,-149.7,17,658051.892,1159427.116,10.48525300,76.44418900,0.365,0.021,9.7,10.0,0.0,18.8,1977,2047,RTK FIXED
114.304,082220.20,10.48525500,76.44419200,10.48525522,76.44419222,658052.544,1159427.515,108.20,658052.568,1159427.539,-149.7,17,658051.892,1159427.116,10.48525300,76.44418900,0.365,0.021,9.7,10.0,0.5,17.9,1977,2047,RTK FIXED
114.358,082220.20,10.48525500,76.44419200,10.48525513,76.44419213,658052.544,1159427.515,108.20,658052.558,1159427.530,-149.7,17,658051.892,1159427.116,10.48525300,76.44418900,0.365,0.021,9.7,10.0,0.0,18.1,1977,2047,RTK FIXED
114.404,082220.40,10.48525500,76.44419200,10.48525508,76.44419208,658052.544,1159427.516,108.20,658052.553,1159427.524,-149.7,17,658051.892,1159427.116,10.48525300,76.44418900,0.366,0.017,9.7,10.0,0.0,17.7,1990,2047,RTK FIXED
114.457,082220.40,10.48525500,76.44419200,10.48525505,76.44419205,658052.544,1159427.516,108.20,658052.549,1159427.521,-149.7,17,658051.892,1159427.116,10.48525300,76.44418900,0.366,0.017,9.7,10.0,-0.5,18.0,1990,2047,RTK FIXED
114.504,082220.40,10.48525500,76.44419200,10.48525503,76.44419203,658052.544,1159427.516,108.20,658052.547,1159427.519,-149.7,17,658051.892,1159427.116,10.48525300,76.44418900,0.366,0.017,9.7,10.0,0.5,18.1,1990,2047,RTK FIXED
114.558,082220.40,10.48525500,76.44419200,10.48525502,76.44419202,658052.544,1159427.516,108.20,658052.546,1159427.518,-149.7,17,658051.892,1159427.116,10.48525300,76.44418900,0.366,0.017,9.7,10.0,0.0,18.6,1990,2047,RTK FIXED
114.604,082220.40,10.48525500,76.44419200,10.48525501,76.44419201,658052.544,1159427.516,108.20,658052.545,1159427.518,-149.7,17,658051.892,1159427.116,10.48525300,76.44418900,0.366,0.017,9.7,10.0,0.0,17.9,1990,2047,RTK FIXED
114.659,082220.40,10.48525500,76.44419200,10.48525501,76.44419201,658052.544,1159427.516,108.20,658052.544,1159427.517,-149.7,17,658051.892,1159427.116,10.48525300,76.44418900,0.366,0.017,9.7,10.0,0.0,18.2,1990,2047,RTK FIXED
114.705,082220.60,10.48525500,76.44419200,10.48525500,76.44419200,658052.544,1159427.516,108.30,658052.544,1159427.517,-149.7,17,658051.892,1159427.116,10.48525300,76.44418900,0.366,0.015,9.8,10.0,0.0,18.7,1998,2047,RTK FIXED
114.758,082220.60,10.48525500,76.44419200,10.48525500,76.44419200,658052.544,1159427.516,108.30,658052.544,1159427.517,-149.7,17,658051.892,1159427.116,10.48525300,76.44418900,0.366,0.015,9.8,10.0,-0.5,18.2,1998,2047,RTK FIXED
114.804,082220.60,10.48525500,76.44419200,10.48525500,76.44419200,658052.544,1159427.516,108.30,658052.544,1159427.517,-149.7,17,658051.892,1159427.116,10.48525300,76.44418900,0.366,0.015,9.8,10.0,0.0,18.7,1998,2047,RTK FIXED
114.860,082220.80,10.48525500,76.44419200,10.48525500,76.44419200,658052.544,1159427.516,108.30,658052.544,1159427.517,-146.8,17,658051.892,1159427.116,10.48525300,76.44418900,0.366,-0.013,10.0,9.8,0.4,18.2,2047,2003,RTK FIXED
114.912,082220.80,10.48525500,76.44419200,10.48525500,76.44419200,658052.544,1159427.516,108.30,658052.544,1159427.517,-146.8,17,658051.892,1159427.116,10.48525300,76.44418900,0.366,-0.013,10.0,9.8,-0.5,18.6,2047,2003,RTK FIXED
114.958,082220.80,10.48525500,76.44419200,10.48525500,76.44419200,658052.544,1159427.516,108.30,658052.544,1159427.517,-146.8,17,658051.892,1159427.116,10.48525300,76.44418900,0.366,-0.013,10.0,9.8,0.0,18.4,2047,2003,RTK FIXED
115.012,082220.80,10.48525500,76.44419200,10.48525500,76.44419200,658052.544,1159427.516,108.30,658052.544,1159427.517,-146.8,17,658051.892,1159427.116,10.48525300,76.44418900,0.366,-0.013,10.0,9.8,0.0,18.1,2047,2003,RTK FIXED
115.060,082220.80,10.48525500,76.44419200,10.48525500,76.44419200,658052.544,1159427.516,108.30,658052.544,1159427.516,-146.8,17,658051.892,1159427.116,10.48525300,76.44418900,0.366,-0.013,10.0,9.8,0.0,18.4,2047,2003,RTK FIXED
115.113,082221.00,10.48525500,76.44419100,10.48525500,76.44419160,658052.425,1159427.532,108.20,658052.496,1159427.523,-146.8,17,658051.892,1159427.116,10.48525300,76.44418900,0.366,0.007,9.9,10.0,0.5,18.4,2022,2047,RTK FIXED
115.159,082221.00,10.48525500,76.44419100,10.48525500,76.44419136,658052.425,1159427.532,108.20,658052.467,1159427.527,-146.8,17,658051.892,1159427.116,10.48525300,76.44418900,0.366,0.007,9.9,10.0,0.0,19.1,2022,2047,RTK FIXED
115.213,082221.20,10.48525400,76.44419100,10.48525460,76.44419122,658052.425,1159427.422,108.20,658052.451,1159427.485,-148.7,17,658051.892,1159427.116,10.48525300,76.44418900,0.366,0.012,9.8,10.0,0.0,19.4,2008,2047,RTK FIXED
115.259,082221.20,10.48525400,76.44419100,10.48525436,76.44419113,658052.425,1159427.422,108.20,658052.440,1159427.459,-148.7,17,658051.892,1159427.116,10.48525300,76.44418900,0.366,0.012,9.8,10.0,-0.5,19.1,2008,2047,RTK FIXED
115.312,082221.20,10.48525400,76.44419100,10.48525422,76.44419108,658052.425,1159427.422,108.20,658052.434,1159427.444,-148.7,17,658051.892,1159427.116,10.48525300,76.44418900,0.366,0.012,9.8,10.0,0.0,19.1,2008,2047,RTK FIXED
115.367,082221.40,10.48525400,76.44419100,10.48525413,76.44419105,658052.432,1159427.411,108.20,658052.433,1159427.431,-148.7,17,658051.892,1159427.116,10.48525300,76.44418900,0.366,-0.000,10.0,10.0,0.0,18.8,2047,2047,RTK FIXED
115.412,082221.40,10.48525400,76.44419100,10.48525408,76.44419103,658052.432,1159427.411,108.20,658052.433,1159427.423,-148.7,17,658051.892,1159427.116,10.48525300,76.44418900,0.366,-0.000,10.0,10.0,0.0,18.7,2047,2047,RTK FIXED
115.467,082221.40,10.48525400,76.44419100,10.48525405,76.44419102,658052.432,1159427.411,108.20,658052.432,1159427.418,-148.7,17,658051.892,1159427.116,10.48525300,76.44418900,0.366,-0.000,10.0,10.0,0.5,18.3,2047,2047,RTK FIXED
115.512,082221.40,10.48525400,76.44419100,10.48525403,76.44419101,658052.432,1159427.411,108.20,658052.432,1159427.415,-148.7,17,658051.892,1159427.116,10.48525300,76.44418900,0.366,-0.000,10.0,10.0,0.0,18.1,2047,2047,RTK FIXED
115.567,082221.40,10.48525400,76.44419100,10.48525402,76.44419101,658052.432,1159427.411,108.20,658052.432,1159427.413,-148.7,17,658051.892,1159427.116,10.48525300,76.44418900,0.366,-0.000,10.0,10.0,0.0,18.9,2047,2047,RTK FIXED
115.613,082221.40,10.48525400,76.44419100,10.48525401,76.44419100,658052.432,1159427.411,108.20,658052.432,1159427.412,-148.7,17,658051.892,1159427.116,10.48525300,76.44418900,0.366,-0.000,10.0,10.0,-0.5,18.4,2047,2047,RTK FIXED
115.667,082221.60,10.48525400,76.44419000,10.48525401,76.44419060,658052.322,1159427.410,108.20,658052.388,1159427.411,-147.6,17,658051.892,1159427.116,10.48525300,76.44418900,0.366,-0.001,10.0,10.0,0.0,18.9,2047,2045,RTK FIXED
115.720,082221.60,10.48525400,76.44419000,10.48525400,76.44419036,658052.322,1159427.410,108.20,658052.362,1159427.411,-147.6,17,658051.892,1159427.116,10.48525300,76.44418900,0.366,-0.001,10.0,10.0,0.0,19.2,2047,2045,RTK FIXED
115.767,082221.60,10.48525400,76.44419000,10.48525400,76.44419022,658052.322,1159427.410,108.20,658052.346,1159427.411,-147.6,17,658051.892,1159427.116,10.48525300,76.44418900,0.366,-0.001,10.0,10.0,0.5,19.3,2047,2045,RTK FIXED
115.823,082221.60,10.48525400,76.44419000,10.48525400,76.44419013,658052.322,1159427.410,108.20,658052.336,1159427.410,-147.6,17,658051.892,1159427.116,10.48525300,76.44418900,0.366,-0.001,10.0,10.0,-0.4,19.5,2047,2045,RTK FIXED
115.867,082221.80,10.48525400,76.44419000,10.48525400,76.44419008,658052.319,1159427.416,108.20,658052.329,1159427.413,-147.6,17,658051.892,1159427.116,10.48525300,76.44418900,0.366,0.007,9.9,10.0,0.6,18.9,2024,2047,RTK FIXED
115.921,082221.80,10.48525400,76.44419000,10.48525400,76.44419005,658052.319,1159427.416,108.20,658052.325,1159427.414,-147.6,17,658051.892,1159427.116,10.48525300,76.44418900,0.366,0.007,9.9,10.0,0.0,18.1,2024,2047,RTK FIXED
115.967,082221.80,10.48525400,76.44419000,10.48525400,76.44419003,658052.319,1159427.416,108.20,658052.322,1159427.415,-147.6,17,658051.892,1159427.116,10.48525300,76.44418900,0.366,0.007,9.9,10.0,-0.5,19.1,2024,2047,RTK FIXED
116.021,082221.80,10.48525400,76.44419000,10.48525400,76.44419002,658052.319,1159427.416,108.20,658052.321,1159427.416,-147.6,17,658051.892,1159427.116,10.48525300,76.44418900,0.366,0.007,9.9,10.0,0.5,18.6,2024,2047,RTK FIXED
116.068,082222.00,10.48525300,76.44419000,10.48525360,76.44419001,658052.319,1159427.306,108.20,658052.320,1159427.372,-147.6,17,658051.892,1159427.116,10.48525300,76.44418900,0.366,-0.015,10.0,9.8,0.0,18.5,2047,1998,RTK FIXED
116.121,082222.00,10.48525300,76.44419000,10.48525336,76.44419001,658052.319,1159427.306,108.20,658052.320,1159427.345,-147.6,17,658051.892,1159427.116,10.48525300,76.44418900,0.366,-0.015,10.0,9.8,0.0,18.9,2047,1998,RTK FIXED
116.168,082222.20,10.48525300,76.44418900,10.48525322,76.44418960,658052.210,1159427.305,108.20,658052.276,1159427.329,-145.7,17,658051.892,1159427.116,10.48525300,76.44418900,0.365,-0.029,10.0,9.5,-0.5,18.8,2047,1952,RTK FIXED
116.221,082222.20,10.48525300,76.44418900,10.48525313,76.44418936,658052.210,1159427.305,108.20,658052.249,1159427.320,-145.7,17,658051.892,1159427.116,10.48525300,76.44418900,0.365,-0.029,10.0,9.5,0.0,17.8,2047,1952,RTK FIXED
116.275,082222.20,10.48525300,76.44418900,10.48525308,76.44418922,658052.210,1159427.305,108.20,658052.233,1159427.314,-145.7,17,658051.892,1159427.116,10.48525300,76.44418900,0.365,-0.029,10.0,9.5,0.0,18.5,2047,1952,RTK FIXED
116.321,082222.20,10.48525300,76.44418900,10.48525305,76.44418913,658052.210,1159427.305,108.20,658052.224,1159427.310,-145.7,17,658051.892,1159427.116,10.48525300,76.44418900,0.365,-0.029,10.0,9.5,0.5,17.9,2047,1952,RTK FIXED
116.376,082222.40,10.48525300,76.44418900,10.48525303,76.44418908,658052.203,1159427.316,108.20,658052.216,1159427.313,-145.7,17,658051.892,1159427.116,10.48525300,76.44418900,0.341,-0.023,10.0,9.6,0.0,18.3,2047,1964,RTK FIXED
116.421,082222.40,10.48525300,76.44418900,10.48525302,76.44418905,658052.203,1159427.316,108.20,658052.211,1159427.314,-145.7,17,658051.892,1159427.116,10.48525300,76.44418900,0.341,-0.023,10.0,9.6,-0.5,18.7,2047,1964,RTK FIXED
116.475,082222.40,10.48525300,76.44418900,10.48525301,76.44418903,658052.203,1159427.316,108.20,658052.208,1159427.315,-145.7,17,658051.892,1159427.116,10.48525300,76.44418900,0.341,-0.023,10.0,9.6,0.0,17.6,2047,1964,RTK FIXED
116.520,082222.40,10.48525300,76.44418900,10.48525301,76.44418902,658052.203,1159427.316,108.20,658052.206,1159427.315,-145.7,17,658051.892,1159427.116,10.48525300,76.44418900,0.341,-0.023,10.0,9.6,0.6,17.6,2047,1964,RTK FIXED
116.575,082222.40,10.48525300,76.44418900,10.48525300,76.44418901,658052.203,1159427.316,108.20,658052.205,1159427.315,-145.7,17,658051.892,1159427.116,10.48525300,76.44418900,0.341,-0.023,10.0,9.6,0.0,17.4,2047,1964,RTK FIXED
116.621,082222.40,10.48525300,76.44418900,10.48525300,76.44418901,658052.203,1159427.316,108.20,658052.204,1159427.316,-145.7,17,658051.892,1159427.116,10.48525300,76.44418900,0.341,-0.023,10.0,9.6,-0.5,17.6,2047,1964,RTK FIXED
116.676,082222.60,10.48525300,76.44418900,10.48525300,76.44418900,658052.203,1159427.316,108.20,658052.204,1159427.316,-145.7,17,658051.892,1159427.116,10.48525300,76.44418900,0.323,-0.020,10.0,9.6,0.0,17.2,2047,1972,RTK FIXED
116.721,082222.60,10.48525300,76.44418900,10.48525300,76.44418900,658052.203,1159427.316,108.20,658052.203,1159427.316,-145.7,17,658051.892,1159427.116,10.48525300,76.44418900,0.323,-0.020,10.0,9.6,0.5,17.5,2047,1972,RTK FIXED
116.775,082222.60,10.48525300,76.44418900,10.48525300,76.44418900,658052.203,1159427.316,108.20,658052.203,1159427.316,-145.7,17,658051.892,1159427.116,10.48525300,76.44418900,0.323,-0.020,10.0,9.6,0.0,17.6,2047,1972,RTK FIXED
116.822,082222.60,10.48525300,76.44418900,10.48525300,76.44418900,658052.203,1159427.316,108.20,658052.203,1159427.316,-145.7,17,658051.892,1159427.116,10.48525300,76.44418900,0.323,-0.020,10.0,9.6,-0.5,17.3,2047,1972,RTK FIXED
116.861,082222.80,10.48525300,76.44418800,10.48525300,76.44418860,658052.094,1159427.315,108.20,658052.159,1159427.316,-152.0,18,0.000,0.000,0.00000000,0.00000000,0.323,-0.020,0.0,0.0,0.6,17.4,0,0,RTK FIXED
116.912,082222.80,10.48525300,76.44418800,10.48525300,76.44418836,658052.094,1159427.315,108.20,658052.133,1159427.315,-152.0,18,0.000,0.000,0.00000000,0.00000000,0.323,-0.020,0.0,0.0,-0.5,17.3,0,0,RTK FIXED
116.958,082222.80,10.48525300,76.44418800,10.48525300,76.44418822,658052.094,1159427.315,108.20,658052.117,1159427.315,-152.0,18,0.000,0.000,0.00000000,0.00000000,0.323,-0.020,0.0,0.0,0.5,17.2,0,0,RTK FIXED
117.012,082222.80,10.48525300,76.44418800,10.48525300,76.44418813,658052.094,1159427.315,108.20,658052.108,1159427.315,-152.0,18,0.000,0.000,0.00000000,0.00000000,0.323,-0.020,0.0,0.0,-0.5,16.8,0,0,RTK FIXED
117.059,082223.00,10.48525200,76.44418800,10.48525260,76.44418808,658052.114,1159427.169,108.20,658052.110,1159427.257,-152.0,18,0.000,0.000,0.00000000,0.00000000,0.323,-0.020,0.0,0.0,0.0,15.5,0,0,RTK FIXED
117.112,082223.00,10.48525200,76.44418800,10.48525236,76.44418805,658052.114,1159427.169,108.20,658052.112,1159427.222,-152.0,18,0.000,0.000,0.00000000,0.00000000,0.323,-0.020,0.0,0.0,0.5,14.5,0,0,RTK FIXED
117.159,082223.20,10.48525200,76.44418800,10.48525222,76.44418803,658052.114,1159427.169,108.20,658052.113,1159427.201,-140.2,18,0.000,0.000,0.00000000,0.00000000,0.323,-0.020,0.0,0.0,-0.5,13.9,0,0,RTK FIXED
117.212,082223.20,10.48525200,76.44418800,10.48525213,76.44418802,658052.114,1159427.169,108.20,658052.113,1159427.188,-140.2,18,0.000,0.000,0.00000000,0.00000000,0.323,-0.020,0.0,0.0,0.0,12.5,0,0,RTK FIXED
117.258,082223.20,10.48525200,76.44418800,10.48525208,76.44418801,658052.114,1159427.169,108.20,658052.114,1159427.181,-140.2,18,0.000,0.000,0.00000000,0.00000000,0.323,-0.020,0.0,0.0,0.5,10.9,0,0,RTK FIXED
117.313,082223.20,10.48525200,76.44418800,10.48525205,76.44418801,658052.114,1159427.169,108.20,658052.114,1159427.176,-140.2,18,0.000,0.000,0.00000000,0.00000000,0.323,-0.020,0.0,0.0,0.0,10.9,0,0,RTK FIXED
117.359,082223.20,10.48525200,76.44418800,10.48525203,76.44418800,658052.114,1159427.169,108.20,658052.114,1159427.173,-140.2,18,0.000,0.000,0.00000000,0.00000000,0.323,-0.020,0.0,0.0,-0.6,10.0,0,0,RTK FIXED
117.412,082223.20,10.48525200,76.44418800,10.48525202,76.44418800,658052.114,1159427.169,108.20,658052.114,1159427.172,-140.2,18,0.000,0.000,0.00000000,0.00000000,0.323,-0.020,0.0,0.0,0.0,8.3,0,0,RTK FIXED
117.467,082223.40,10.48525200,76.44418700,10.48525201,76.44418760,658051.964,1159427.233,108.20,658052.054,1159427.196,-140.2,18,0.000,0.000,0.00000000,0.00000000,0.323,-0.020,0.0,0.0,0.5,7.8,0,0,RTK FIXED
117.513,082223.40,10.48525200,76.44418700,10.48525201,76.44418736,658051.964,1159427.233,108.20,658052.018,1159427.211,-140.2,18,0.000,0.000,0.00000000,0.00000000,0.323,-0.020,0.0,0.0,-0.6,7.2,0,0,RTK FIXED
117.566,082223.40,10.48525200,76.44418700,10.48525200,76.44418722,658051.964,1159427.233,108.20,658051.997,1159427.220,-140.2,18,0.000,0.000,0.00000000,0.00000000,0.323,-0.020,0.0,0.0,0.5,6.5,0,0,RTK FIXED
117.613,082223.40,10.48525200,76.44418700,10.48525200,76.44418713,658051.964,1159427.233,108.20,658051.984,1159427.225,-140.2,18,0.000,0.000,0.00000000,0.00000000,0.323,-0.020,0.0,0.0,-0.5,5.4,0,0,RTK FIXED
117.667,082223.60,10.48525200,76.44418700,10.48525200,76.44418708,658051.964,1159427.233,108.20,658051.976,1159427.228,-153.0,18,0.000,0.000,0.00000000,0.00000000,0.323,-0.020,0.0,0.0,0.0,4.2,0,0,RTK FIXED
117.713,082223.60,10.48525200,76.44418700,10.48525200,76.44418705,658051.964,1159427.233,108.20,658051.971,1159427.230,-153.0,18,0.000,0.000,0.00000000,0.00000000,0.323,-0.020,0.0,0.0,0.5,4.4,0,0,RTK FIXED
117.767,082223.60,10.48525200,76.44418700,10.48525200,76.44418703,658051.964,1159427.233,108.20,658051.968,1159427.231,-153.0,18,0.000,0.000,0.00000000,0.00000000,0.323,-0.020,0.0,0.0,0.0,3.3,0,0,RTK FIXED
117.816,082223.60,10.48525200,76.44418700,10.48525200,76.44418702,658051.964,1159427.233,108.20,658051.967,1159427.232,-153.0,18,0.000,0.000,0.00000000,0.00000000,0.323,-0.020,0.0,0.0,-0.5,3.5,0,0,RTK FIXED
117.867,082223.80,10.48525200,76.44418700,10.48525200,76.44418701,658052.008,1159427.163,108.20,658051.983,1159427.204,-153.0,18,0.000,0.000,0.00000000,0.00000000,0.323,-0.020,0.0,0.0,0.0,2.5,0,0,RTK FIXED
117.912,082223.80,10.48525200,76.44418700,10.48525200,76.44418701,658052.008,1159427.163,108.20,658051.993,1159427.188,-153.0,18,0.000,0.000,0.00000000,0.00000000,0.323,-0.020,0.0,0.0,0.0,1.6,0,0,RTK FIXED
117.967,082223.80,10.48525200,76.44418700,10.48525200,76.44418700,658052.008,1159427.163,108.20,658051.999,1159427.178,-153.0,18,0.000,0.000,0.00000000,0.00000000,0.323,-0.020,0.0,0.0,0.5,0.9,0,0,RTK FIXED
118.012,082223.80,10.48525200,76.44418700,10.48525200,76.44418700,658052.008,1159427.163,108.20,658052.002,1159427.172,-153.0,18,0.000,0.000,0.00000000,0.00000000,0.323,-0.020,0.0,0.0,-0.5,0.5,0,0,RTK FIXED
118.067,082224.00,10.48525200,76.44418700,10.48525200,76.44418700,658052.008,1159427.163,108.20,658052.004,1159427.168,-153.0,18,0.000,0.000,0.00000000,0.00000000,0.323,-0.020,0.0,0.0,0.0,0.5,0,0,RTK FIXED
118.121,082224.00,10.48525200,76.44418700,10.48525200,76.44418700,658052.008,1159427.163,108.20,658052.006,1159427.166,-153.0,18,0.000,0.000,0.00000000,0.00000000,0.323,-0.020,0.0,0.0,0.0,-0.5,0,0,RTK FIXED
118.167,082224.20,10.48525200,76.44418700,10.48525200,76.44418700,658052.008,1159427.163,108.20,658052.006,1159427.165,-153.0,18,0.000,0.000,0.00000000,0.00000000,0.323,-0.020,0.0,0.0,0.0,0.0,0,0,RTK FIXED
118.221,082224.20,10.48525200,76.44418700,10.48525200,76.44418700,658052.008,1159427.163,108.20,658052.007,1159427.164,-153.0,18,0.000,0.000,0.00000000,0.00000000,0.323,-0.020,0.0,0.0,0.0,0.0,0,0,RTK FIXED
118.267,082224.20,10.48525200,76.44418700,10.48525200,76.44418700,658052.008,1159427.163,108.20,658052.007,1159427.164,-153.0,18,0.000,0.000,0.00000000,0.00000000,0.323,-0.020,0.0,0.0,0.0,0.0,0,0,RTK FIXED
118.321,082224.20,10.48525200,76.44418700,10.48525200,76.44418700,658052.008,1159427.163,108.20,658052.007,1159427.163,-153.0,18,0.000,0.000,0.00000000,0.00000000,0.323,-0.020,0.0,0.0,0.0,0.0,0,0,RTK FIXED
118.367,082224.20,10.48525200,76.44418700,10.48525200,76.44418700,658052.008,1159427.163,108.20,658052.007,1159427.163,-153.0,18,0.000,0.000,0.00000000,0.00000000,0.323,-0.020,0.0,0.0,0.0,0.0,0,0,RTK FIXED
118.421,082224.20,10.48525200,76.44418700,10.48525200,76.44418700,658052.008,1159427.163,108.20,658052.007,1159427.163,-153.0,18,0.000,0.000,0.00000000,0.00000000,0.323,-0.020,0.0,0.0,0.0,0.0,0,0,RTK FIXED
118.467,082224.40,10.48525200,76.44418700,10.48525200,76.44418700,658052.008,1159427.163,108.20,658052.008,1159427.163,-153.0,18,0.000,0.000,0.00000000,0.00000000,0.323,-0.020,0.0,0.0,0.0,0.0,0,0,RTK FIXED
118.521,082224.40,10.48525200,76.44418700,10.48525200,76.44418700,658052.008,1159427.163,108.20,658052.008,1159427.163,-153.0,18,0.000,0.000,0.00000000,0.00000000,0.323,-0.020,0.0,0.0,0.0,0.0,0,0,RTK FIXED
118.575,082224.40,10.48525200,76.44418700,10.48525200,76.44418700,658052.008,1159427.163,108.20,658052.008,1159427.163,-153.0,18,0.000,0.000,0.00000000,0.00000000,0.323,-0.020,0.0,0.0,0.0,0.0,0,0,RTK FIXED
118.621,082224.40,10.48525200,76.44418700,10.48525200,76.44418700,658052.008,1159427.163,108.20,658052.008,1159427.163,-153.0,18,0.000,0.000,0.00000000,0.00000000,0.323,-0.020,0.0,0.0,0.0,0.0,0,0,RTK FIXED
118.675,082224.60,10.48525200,76.44418700,10.48525200,76.44418700,658052.008,1159427.163,108.20,658052.008,1159427.163,-153.0,18,0.000,0.000,0.00000000,0.00000000,0.323,-0.020,0.0,0.0,0.0,0.0,0,0,RTK FIXED
118.721,082224.60,10.48525200,76.44418700,10.48525200,76.44418700,658052.008,1159427.163,108.20,658052.008,1159427.163,-153.0,18,0.000,0.000,0.00000000,0.00000000,0.323,-0.020,0.0,0.0,0.0,0.0,0,0,RTK FIXED
118.775,082224.60,10.48525200,76.44418700,10.48525200,76.44418700,658052.008,1159427.163,108.20,658052.008,1159427.163,-153.0,18,0.000,0.000,0.00000000,0.00000000,0.323,-0.020,0.0,0.0,0.0,0.0,0,0,RTK FIXED
118.821,082224.60,10.48525200,76.44418700,10.48525200,76.44418700,658052.008,1159427.163,108.20,658052.008,1159427.163,-153.0,18,0.000,0.000,0.00000000,0.00000000,0.323,-0.020,0.0,0.0,0.0,0.0,0,0,RTK FIXED
118.875,082224.80,10.48525200,76.44418700,10.48525200,76.44418700,658052.008,1159427.163,108.20,658052.008,1159427.163,-153.0,18,0.000,0.000,0.00000000,0.00000000,0.323,-0.020,0.0,0.0,0.0,0.0,0,0,RTK FIXED
118.921,082224.80,10.48525200,76.44418700,10.48525200,76.44418700,658052.008,1159427.163,108.20,658052.008,1159427.163,-153.0,18,0.000,0.000,0.00000000,0.00000000,0.323,-0.020,0.0,0.0,0.0,0.0,0,0,RTK FIXED
118.975,082224.80,10.48525200,76.44418700,10.48525200,76.44418700,658052.008,1159427.163,108.20,658052.008,1159427.163,-153.0,18,0.000,0.000,0.00000000,0.00000000,0.323,-0.020,0.0,0.0,0.0,0.0,0,0,RTK FIXED
119.022,082225.00,10.48525200,76.44418700,10.48525200,76.44418700,658052.008,1159427.163,108.20,658052.008,1159427.163,-153.0,18,0.000,0.000,0.00000000,0.00000000,0.323,-0.020,0.0,0.0,0.0,0.0,0,0,RTK FIXED
119.075,082225.00,10.48525200,76.44418700,10.48525200,76.44418700,658052.008,1159427.163,108.20,658052.008,1159427.163,-153.0,18,0.000,0.000,0.00000000,0.00000000,0.323,-0.020,0.0,0.0,0.0,0.0,0,0,RTK FIXED
119.121,082225.00,10.48525200,76.44418700,10.48525200,76.44418700,658052.008,1159427.163,108.20,658052.008,1159427.163,-153.0,18,0.000,0.000,0.00000000,0.00000000,0.323,-0.020,0.0,0.0,0.0,0.0,0,0,RTK FIXED
119.175,082225.20,10.48525200,76.44418700,10.48525200,76.44418700,658052.008,1159427.163,108.20,658052.008,1159427.163,-153.0,18,0.000,0.000,0.00000000,0.00000000,0.323,-0.020,0.0,0.0,0.0,0.0,0,0,RTK FIXED
119.230,082225.20,10.48525200,76.44418700,10.48525200,76.44418700,658052.008,1159427.163,108.20,658052.008,1159427.163,-153.0,18,0.000,0.000,0.00000000,0.00000000,0.323,-0.020,0.0,0.0,0.0,0.0,0,0,RTK FIXED
119.275,082225.20,10.48525200,76.44418700,10.48525200,76.44418700,658052.008,1159427.163,108.20,658052.008,1159427.163,-153.0,18,0.000,0.000,0.00000000,0.00000000,0.323,-0.020,0.0,0.0,0.0,0.0,0,0,RTK FIXED
119.329,082225.20,10.48525200,76.44418700,10.48525200,76.44418700,658052.008,1159427.163,108.20,658052.008,1159427.163,-153.0,18,0.000,0.000,0.00000000,0.00000000,0.323,-0.020,0.0,0.0,0.0,0.0,0,0,RTK FIXED
119.376,082225.20,10.48525200,76.44418700,10.48525200,76.44418700,658052.008,1159427.163,108.20,658052.008,1159427.163,-153.0,18,0.000,0.000,0.00000000,0.00000000,0.323,-0.020,0.0,0.0,0.0,0.0,0,0,RTK FIXED
119.430,082225.20,10.48525200,76.44418700,10.48525200,76.44418700,658052.008,1159427.163,108.20,658052.008,1159427.163,-153.0,18,0.000,0.000,0.00000000,0.00000000,0.323,-0.020,0.0,0.0,0.0,0.0,0,0,RTK FIXED
119.476,082225.40,10.48525200,76.44418700,10.48525200,76.44418700,658052.008,1159427.163,108.20,658052.008,1159427.163,-153.0,18,0.000,0.000,0.00000000,0.00000000,0.323,-0.020,0.0,0.0,0.0,0.0,0,0,RTK FIXED
119.530,082225.40,10.48525200,76.44418700,10.48525200,76.44418700,658052.008,1159427.163,108.20,658052.008,1159427.163,-153.0,18,0.000,0.000,0.00000000,0.00000000,0.323,-0.020,0.0,0.0,0.0,0.0,0,0,RTK FIXED
119.576,082225.40,10.48525200,76.44418700,10.48525200,76.44418700,658052.008,1159427.163,108.20,658052.008,1159427.163,-153.0,18,0.000,0.000,0.00000000,0.00000000,0.323,-0.020,0.0,0.0,0.0,0.0,0,0,RTK FIXED
119.630,082225.40,10.48525200,76.44418700,10.48525200,76.44418700,658052.008,1159427.163,108.20,658052.008,1159427.163,-153.0,18,0.000,0.000,0.00000000,0.00000000,0.323,-0.020,0.0,0.0,0.0,0.0,0,0,RTK FIXED
119.676,082225.60,10.48525200,76.44418700,10.48525200,76.44418700,658052.008,1159427.163,108.20,658052.008,1159427.163,-153.0,18,0.000,0.000,0.00000000,0.00000000,0.323,-0.020,0.0,0.0,0.0,0.0,0,0,RTK FIXED
119.730,082225.60,10.48525200,76.44418700,10.48525200,76.44418700,658052.008,1159427.163,108.20,658052.008,1159427.163,-153.0,18,0.000,0.000,0.00000000,0.00000000,0.323,-0.020,0.0,0.0,0.0,0.0,0,0,RTK FIXED
119.784,082225.60,10.48525200,76.44418700,10.48525200,76.44418700,658052.008,1159427.163,108.20,658052.008,1159427.163,-153.0,18,0.000,0.000,0.00000000,0.00000000,0.323,-0.020,0.0,0.0,0.0,0.0,0,0,RTK FIXED
119.835,082225.60,10.48525200,76.44418700,10.48525200,76.44418700,658052.008,1159427.163,108.20,658052.008,1159427.163,-153.0,18,0.000,0.000,0.00000000,0.00000000,0.323,-0.020,0.0,0.0,0.0,0.0,0,0,RTK FIXED
119.884,082225.80,10.48525200,76.44418700,10.48525200,76.44418700,658052.008,1159427.163,108.20,658052.008,1159427.163,-153.0,18,0.000,0.000,0.00000000,0.00000000,0.323,-0.020,0.0,0.0,0.0,0.0,0,0,RTK FIXED
119.930,082225.80,10.48525200,76.44418700,10.48525200,76.44418700,658052.008,1159427.163,108.20,658052.008,1159427.163,-153.0,18,0.000,0.000,0.00000000,0.00000000,0.323,-0.020,0.0,0.0,0.0,0.0,0,0,RTK FIXED
119.984,082225.80,10.48525200,76.44418700,10.48525200,76.44418700,658052.008,1159427.163,108.20,658052.008,1159427.163,-153.0,18,0.000,0.000,0.00000000,0.00000000,0.323,-0.020,0.0,0.0,0.0,0.0,0,0,RTK FIXED
120.031,082226.00,10.48525200,76.44418700,10.48525200,76.44418700,658052.008,1159427.163,108.20,658052.008,1159427.163,-153.0,18,0.000,0.000,0.00000000,0.00000000,0.323,-0.020,0.0,0.0,0.0,0.0,0,0,RTK FIXED
120.084,082226.00,10.48525200,76.44418700,10.48525200,76.44418700,658052.008,1159427.163,108.20,658052.008,1159427.163,-153.0,18,0.000,0.000,0.00000000,0.00000000,0.323,-0.020,0.0,0.0,0.0,0.0,0,0,RTK FIXED
120.130,082226.00,10.48525200,76.44418700,10.48525200,76.44418700,658052.008,1159427.163,108.20,658052.008,1159427.163,-153.0,18,0.000,0.000,0.00000000,0.00000000,0.323,-0.020,0.0,0.0,0.0,0.0,0,0,RTK FIXED
120.184,082226.20,10.48525200,76.44418700,10.48525200,76.44418700,658052.008,1159427.163,108.20,658052.008,1159427.163,-153.0,18,0.000,0.000,0.00000000,0.00000000,0.323,-0.020,0.0,0.0,0.0,0.0,0,0,RTK FIXED
120.238,082226.20,10.48525200,76.44418700,10.48525200,76.44418700,658052.008,1159427.163,108.20,658052.008,1159427.163,-153.0,18,0.000,0.000,0.00000000,0.00000000,0.323,-0.020,0.0,0.0,0.0,0.0,0,0,RTK FIXED
120.284,082226.20,10.48525200,76.44418700,10.48525200,76.44418700,658052.008,1159427.163,108.20,658052.008,1159427.163,-153.0,18,0.000,0.000,0.00000000,0.00000000,0.323,-0.020,0.0,0.0,0.0,0.0,0,0,RTK FIXED
120.338,082226.20,10.48525200,76.44418700,10.48525200,76.44418700,658052.008,1159427.163,108.20,658052.008,1159427.163,-153.0,18,0.000,0.000,0.00000000,0.00000000,0.323,-0.020,0.0,0.0,0.0,0.0,0,0,RTK FIXED
120.385,082226.20,10.48525200,76.44418700,10.48525200,76.44418700,658052.008,1159427.163,108.20,658052.008,1159427.163,-153.0,18,0.000,0.000,0.00000000,0.00000000,0.323,-0.020,0.0,0.0,0.0,0.0,0,0,RTK FIXED
120.440,082226.20,10.48525200,76.44418700,10.48525200,76.44418700,658052.008,1159427.163,108.20,658052.008,1159427.163,-153.0,18,0.000,0.000,0.00000000,0.00000000,0.323,-0.020,0.0,0.0,0.0,0.0,0,0,RTK FIXED
120.485,082226.40,10.48525200,76.44418700,10.48525200,76.44418700,658052.008,1159427.163,108.20,658052.008,1159427.163,-153.0,18,0.000,0.000,0.00000000,0.00000000,0.323,-0.020,0.0,0.0,0.0,0.0,0,0,RTK FIXED
120.539,082226.40,10.48525200,76.44418700,10.48525200,76.44418700,658052.008,1159427.163,108.20,658052.008,1159427.163,-153.0,18,0.000,0.000,0.00000000,0.00000000,0.323,-0.020,0.0,0.0,0.0,0.0,0,0,RTK FIXED
120.585,082226.40,10.48525200,76.44418700,10.48525200,76.44418700,658052.008,1159427.163,108.20,658052.008,1159427.163,-153.0,18,0.000,0.000,0.00000000,0.00000000,0.323,-0.020,0.0,0.0,0.0,0.0,0,0,RTK FIXED
120.639,082226.40,10.48525200,76.44418700,10.48525200,76.44418700,658052.008,1159427.163,108.20,658052.008,1159427.163,-153.0,18,0.000,0.000,0.00000000,0.00000000,0.323,-0.020,0.0,0.0,0.0,0.0,0,0,RTK FIXED
120.685,082226.60,10.48525200,76.44418700,10.48525200,76.44418700,658052.008,1159427.163,108.20,658052.008,1159427.163,-153.0,18,0.000,0.000,0.00000000,0.00000000,0.323,-0.020,0.0,0.0,0.0,0.0,0,0,RTK FIXED
120.739,082226.60,10.48525200,76.44418700,10.48525200,76.44418700,658052.008,1159427.163,108.20,658052.008,1159427.163,-153.0,18,0.000,0.000,0.00000000,0.00000000,0.323,-0.020,0.0,0.0,0.0,0.0,0,0,RTK FIXED
120.784,082226.60,10.48525200,76.44418700,10.48525200,76.44418700,658052.008,1159427.163,108.20,658052.008,1159427.163,-153.0,18,0.000,0.000,0.00000000,0.00000000,0.323,-0.020,0.0,0.0,0.0,0.0,0,0,RTK FIXED
120.839,082226.80,10.48525200,76.44418700,10.48525200,76.44418700,658052.008,1159427.163,108.20,658052.008,1159427.163,-153.0,18,0.000,0.000,0.00000000,0.00000000,0.323,-0.020,0.0,0.0,0.0,0.0,0,0,RTK FIXED
120.893,082226.80,10.48525200,76.44418700,10.48525200,76.44418700,658052.008,1159427.163,108.20,658052.008,1159427.163,-153.0,18,0.000,0.000,0.00000000,0.00000000,0.323,-0.020,0.0,0.0,0.0,0.0,0,0,RTK FIXED
120.939,082226.80,10.48525200,76.44418700,10.48525200,76.44418700,658052.008,1159427.163,108.20,658052.008,1159427.163,-153.0,18,0.000,0.000,0.00000000,0.00000000,0.323,-0.020,0.0,0.0,0.0,0.0,0,0,RTK FIXED
120.993,082226.80,10.48525200,76.44418700,10.48525200,76.44418700,658052.008,1159427.163,108.20,658052.008,1159427.163,-153.0,18,0.000,0.000,0.00000000,0.00000000,0.323,-0.020,0.0,0.0,0.0,0.0,0,0,RTK FIXED
121.039,082226.80,10.48525200,76.44418700,10.48525200,76.44418700,658052.008,1159427.163,108.20,658052.008,1159427.163,-153.0,18,0.000,0.000,0.00000000,0.00000000,0.323,-0.020,0.0,0.0,0.0,0.0,0,0,RTK FIXED
121.093,082227.00,10.48525200,76.44418700,10.48525200,76.44418700,658052.008,1159427.163,108.20,658052.008,1159427.163,-153.0,18,0.000,0.000,0.00000000,0.00000000,0.323,-0.020,0.0,0.0,0.0,0.0,0,0,RTK FIXED
121.140,082227.00,10.48525200,76.44418700,10.48525200,76.44418700,658052.008,1159427.163,108.20,658052.008,1159427.163,-153.0,18,0.000,0.000,0.00000000,0.00000000,0.323,-0.020,0.0,0.0,0.0,0.0,0,0,RTK FIXED
121.193,082227.20,10.48525200,76.44418700,10.48525200,76.44418700,658052.008,1159427.163,108.20,658052.008,1159427.163,-153.0,18,0.000,0.000,0.00000000,0.00000000,0.323,-0.020,0.0,0.0,0.0,0.0,0,0,RTK FIXED
121.239,082227.20,10.48525200,76.44418700,10.48525200,76.44418700,658052.008,1159427.163,108.20,658052.008,1159427.163,-153.0,18,0.000,0.000,0.00000000,0.00000000,0.323,-0.020,0.0,0.0,0.0,0.0,0,0,RTK FIXED
121.293,082227.20,10.48525200,76.44418700,10.48525200,76.44418700,658052.008,1159427.163,108.20,658052.008,1159427.163,-153.0,18,0.000,0.000,0.00000000,0.00000000,0.323,-0.020,0.0,0.0,0.0,0.0,0,0,RTK FIXED
121.340,082227.20,10.48525200,76.44418700,10.48525200,76.44418700,658052.008,1159427.163,108.20,658052.008,1159427.163,-153.0,18,0.000,0.000,0.00000000,0.00000000,0.323,-0.020,0.0,0.0,0.0,0.0,0,0,RTK FIXED
121.393,082227.40,10.48525200,76.44418700,10.48525200,76.44418700,658052.008,1159427.163,108.20,658052.008,1159427.163,-153.0,18,0.000,0.000,0.00000000,0.00000000,0.323,-0.020,0.0,0.0,0.0,0.0,0,0,RTK FIXED
121.447,082227.40,10.48525200,76.44418700,10.48525200,76.44418700,658052.008,1159427.163,108.20,658052.008,1159427.163,-153.0,18,0.000,0.000,0.00000000,0.00000000,0.323,-0.020,0.0,0.0,0.0,0.0,0,0,RTK FIXED
121.493,082227.40,10.48525200,76.44418700,10.48525200,76.44418700,658052.008,1159427.163,108.20,658052.008,1159427.163,-153.0,18,0.000,0.000,0.00000000,0.00000000,0.323,-0.020,0.0,0.0,0.0,0.0,0,0,RTK FIXED
121.547,082227.40,10.48525200,76.44418700,10.48525200,76.44418700,658052.008,1159427.163,108.20,658052.008,1159427.163,-153.0,18,0.000,0.000,0.00000000,0.00000000,0.323,-0.020,0.0,0.0,0.0,0.0,0,0,RTK FIXED
121.593,082227.40,10.48525200,76.44418700,10.48525200,76.44418700,658052.008,1159427.163,108.20,658052.008,1159427.163,-153.0,18,0.000,0.000,0.00000000,0.00000000,0.323,-0.020,0.0,0.0,0.0,0.0,0,0,RTK FIXED
121.647,082227.60,10.48525200,76.44418700,10.48525200,76.44418700,658052.008,1159427.163,108.20,658052.008,1159427.163,-153.0,18,0.000,0.000,0.00000000,0.00000000,0.323,-0.020,0.0,0.0,0.0,0.0,0,0,RTK FIXED
121.693,082227.60,10.48525200,76.44418700,10.48525200,76.44418700,658052.008,1159427.163,108.20,658052.008,1159427.163,-153.0,18,0.000,0.000,0.00000000,0.00000000,0.323,-0.020,0.0,0.0,0.0,0.0,0,0,RTK FIXED
121.747,082227.60,10.48525200,76.44418700,10.48525200,76.44418700,658052.008,1159427.163,108.20,658052.008,1159427.163,-153.0,18,0.000,0.000,0.00000000,0.00000000,0.323,-0.020,0.0,0.0,0.0,0.0,0,0,RTK FIXED
121.793,082227.60,10.48525200,76.44418700,10.48525200,76.44418700,658052.008,1159427.163,108.20,658052.008,1159427.163,-153.0,18,0.000,0.000,0.00000000,0.00000000,0.323,-0.020,0.0,0.0,0.0,0.0,0,0,RTK FIXED
121.851,082227.80,10.48525200,76.44418700,10.48525200,76.44418700,658052.008,1159427.163,108.20,658052.008,1159427.163,-153.0,18,0.000,0.000,0.00000000,0.00000000,0.323,-0.020,0.0,0.0,0.0,0.0,0,0,RTK FIXED
121.893,082227.80,10.48525200,76.44418700,10.48525200,76.44418700,658052.008,1159427.163,108.20,658052.008,1159427.163,-153.0,18,0.000,0.000,0.00000000,0.00000000,0.323,-0.020,0.0,0.0,0.0,0.0,0,0,RTK FIXED
121.947,082227.80,10.48525200,76.44418700,10.48525200,76.44418700,658052.008,1159427.163,108.20,658052.008,1159427.163,-153.0,18,0.000,0.000,0.00000000,0.00000000,0.323,-0.020,0.0,0.0,0.0,0.0,0,0,RTK FIXED
122.001,082227.80,10.48525200,76.44418700,10.48525200,76.44418700,658052.008,1159427.163,108.20,658052.008,1159427.163,-153.0,18,0.000,0.000,0.00000000,0.00000000,0.323,-0.020,0.0,0.0,0.0,0.0,0,0,RTK FIXED
122.049,082227.80,10.48525200,76.44418700,10.48525200,76.44418700,658052.008,1159427.163,108.20,658052.008,1159427.163,-153.0,18,0.000,0.000,0.00000000,0.00000000,0.323,-0.020,0.0,0.0,0.0,0.0,0,0,RTK FIXED
122.102,082228.00,10.48525200,76.44418700,10.48525200,76.44418700,658052.008,1159427.163,108.20,658052.008,1159427.163,-153.0,18,0.000,0.000,0.00000000,0.00000000,0.323,-0.020,0.0,0.0,0.0,0.0,0,0,RTK FIXED
122.148,082228.20,10.48525200,76.44418700,10.48525200,76.44418700,658052.008,1159427.163,108.20,658052.008,1159427.163,-153.0,18,0.000,0.000,0.00000000,0.00000000,0.323,-0.020,0.0,0.0,0.0,0.0,0,0,RTK FIXED
122.202,082228.20,10.48525200,76.44418700,10.48525200,76.44418700,658052.008,1159427.163,108.20,658052.008,1159427.163,-153.0,18,0.000,0.000,0.00000000,0.00000000,0.323,-0.020,0.0,0.0,0.0,0.0,0,0,RTK FIXED
122.248,082228.20,10.48525200,76.44418700,10.48525200,76.44418700,658052.008,1159427.163,108.20,658052.008,1159427.163,-153.0,18,0.000,0.000,0.00000000,0.00000000,0.323,-0.020,0.0,0.0,0.0,0.0,0,0,RTK FIXED
122.302,082228.20,10.48525200,76.44418700,10.48525200,76.44418700,658052.008,1159427.163,108.20,658052.008,1159427.163,-153.0,18,0.000,0.000,0.00000000,0.00000000,0.323,-0.020,0.0,0.0,0.0,0.0,0,0,RTK FIXED
122.348,082228.40,10.48525200,76.44418700,10.48525200,76.44418700,658052.008,1159427.163,108.20,658052.008,1159427.163,-153.0,18,0.000,0.000,0.00000000,0.00000000,0.323,-0.020,0.0,0.0,0.0,0.0,0,0,RTK FIXED
122.402,082228.40,10.48525200,76.44418700,10.48525200,76.44418700,658052.008,1159427.163,108.20,658052.008,1159427.163,-153.0,18,0.000,0.000,0.00000000,0.00000000,0.323,-0.020,0.0,0.0,0.0,0.0,0,0,RTK FIXED
122.447,082228.40,10.48525200,76.44418700,10.48525200,76.44418700,658052.008,1159427.163,108.20,658052.008,1159427.163,-153.0,18,0.000,0.000,0.00000000,0.00000000,0.323,-0.020,0.0,0.0,0.0,0.0,0,0,RTK FIXED
122.502,082228.40,10.48525200,76.44418700,10.48525200,76.44418700,658052.008,1159427.163,108.20,658052.008,1159427.163,-153.0,18,0.000,0.000,0.00000000,0.00000000,0.323,-0.020,0.0,0.0,0.0,0.0,0,0,RTK FIXED
122.556,082228.40,10.48525200,76.44418700,10.48525200,76.44418700,658052.008,1159427.163,108.20,658052.008,1159427.163,-153.0,18,0.000,0.000,0.00000000,0.00000000,0.323,-0.020,0.0,0.0,0.0,0.0,0,0,RTK FIXED
122.603,082228.40,10.48525200,76.44418700,10.48525200,76.44418700,658052.008,1159427.163,108.20,658052.008,1159427.163,-153.0,18,0.000,0.000,0.00000000,0.00000000,0.323,-0.020,0.0,0.0,0.0,0.0,0,0,RTK FIXED
122.656,082228.60,10.48525200,76.44418700,10.48525200,76.44418700,658052.008,1159427.163,108.20,658052.008,1159427.163,-153.0,18,0.000,0.000,0.00000000,0.00000000,0.323,-0.020,0.0,0.0,0.0,0.0,0,0,RTK FIXED
122.702,082228.60,10.48525200,76.44418700,10.48525200,76.44418700,658052.008,1159427.163,108.20,658052.008,1159427.163,-153.0,18,0.000,0.000,0.00000000,0.00000000,0.323,-0.020,0.0,0.0,0.0,0.0,0,0,RTK FIXED
122.756,082228.60,10.48525200,76.44418700,10.48525200,76.44418700,658052.008,1159427.163,108.20,658052.008,1159427.163,-153.0,18,0.000,0.000,0.00000000,0.00000000,0.323,-0.020,0.0,0.0,0.0,0.0,0,0,RTK FIXED
122.802,082228.60,10.48525200,76.44418700,10.48525200,76.44418700,658052.008,1159427.163,108.20,658052.008,1159427.163,-153.0,18,0.000,0.000,0.00000000,0.00000000,0.323,-0.020,0.0,0.0,0.0,0.0,0,0,RTK FIXED
122.857,082228.80,10.48525200,76.44418700,10.48525200,76.44418700,658052.008,1159427.163,108.20,658052.008,1159427.163,-153.0,18,0.000,0.000,0.00000000,0.00000000,0.323,-0.020,0.0,0.0,0.0,0.0,0,0,RTK FIXED
122.902,082228.80,10.48525200,76.44418700,10.48525200,76.44418700,658052.008,1159427.163,108.20,658052.008,1159427.163,-153.0,18,0.000,0.000,0.00000000,0.00000000,0.323,-0.020,0.0,0.0,0.0,0.0,0,0,RTK FIXED
122.956,082228.80,10.48525200,76.44418700,10.48525200,76.44418700,658052.008,1159427.163,108.20,658052.008,1159427.163,-153.0,18,0.000,0.000,0.00000000,0.00000000,0.323,-0.020,0.0,0.0,0.0,0.0,0,0,RTK FIXED
123.002,082228.80,10.48525200,76.44418700,10.48525200,76.44418700,658052.008,1159427.163,108.20,658052.008,1159427.163,-153.0,18,0.000,0.000,0.00000000,0.00000000,0.323,-0.020,0.0,0.0,0.0,0.0,0,0,RTK FIXED
123.056,082229.00,10.48525200,76.44418700,10.48525200,76.44418700,658052.008,1159427.163,108.20,658052.008,1159427.163,-153.0,18,0.000,0.000,0.00000000,0.00000000,0.323,-0.020,0.0,0.0,0.0,0.0,0,0,RTK FIXED
123.110,082229.00,10.48525200,76.44418700,10.48525200,76.44418700,658052.008,1159427.163,108.20,658052.008,1159427.163,-153.0,18,0.000,0.000,0.00000000,0.00000000,0.323,-0.020,0.0,0.0,0.0,0.0,0,0,RTK FIXED
123.157,082229.20,10.48525200,76.44418700,10.48525200,76.44418700,658052.008,1159427.163,108.20,658052.008,1159427.163,-153.0,18,0.000,0.000,0.00000000,0.00000000,0.323,-0.020,0.0,0.0,0.0,0.0,0,0,RTK FIXED
123.210,082229.20,10.48525200,76.44418700,10.48525200,76.44418700,658052.008,1159427.163,108.20,658052.008,1159427.163,-153.0,18,0.000,0.000,0.00000000,0.00000000,0.323,-0.020,0.0,0.0,0.0,0.0,0,0,RTK FIXED
123.256,082229.20,10.48525200,76.44418700,10.48525200,76.44418700,658052.008,1159427.163,108.20,658052.008,1159427.163,-153.0,18,0.000,0.000,0.00000000,0.00000000,0.323,-0.020,0.0,0.0,0.0,0.0,0,0,RTK FIXED
123.311,082229.20,10.48525200,76.44418700,10.48525200,76.44418700,658052.008,1159427.163,108.20,658052.008,1159427.163,-153.0,18,0.000,0.000,0.00000000,0.00000000,0.323,-0.020,0.0,0.0,0.0,0.0,0,0,RTK FIXED
123.357,082229.40,10.48525200,76.44418700,10.48525200,76.44418700,658052.008,1159427.163,108.20,658052.008,1159427.163,-153.0,18,0.000,0.000,0.00000000,0.00000000,0.323,-0.020,0.0,0.0,0.0,0.0,0,0,RTK FIXED
123.411,082229.40,10.48525200,76.44418700,10.48525200,76.44418700,658052.008,1159427.163,108.20,658052.008,1159427.163,-153.0,18,0.000,0.000,0.00000000,0.00000000,0.323,-0.020,0.0,0.0,0.0,0.0,0,0,RTK FIXED
123.457,082229.40,10.48525200,76.44418700,10.48525200,76.44418700,658052.008,1159427.163,108.20,658052.008,1159427.163,-153.0,18,0.000,0.000,0.00000000,0.00000000,0.323,-0.020,0.0,0.0,0.0,0.0,0,0,RTK FIXED
123.511,082229.40,10.48525200,76.44418700,10.48525200,76.44418700,658052.008,1159427.163,108.20,658052.008,1159427.163,-153.0,18,0.000,0.000,0.00000000,0.00000000,0.323,-0.020,0.0,0.0,0.0,0.0,0,0,RTK FIXED
123.557,082229.40,10.48525200,76.44418700,10.48525200,76.44418700,658052.008,1159427.163,108.20,658052.008,1159427.163,-153.0,18,0.000,0.000,0.00000000,0.00000000,0.323,-0.020,0.0,0.0,0.0,0.0,0,0,RTK FIXED
123.611,082229.40,10.48525200,76.44418700,10.48525200,76.44418700,658052.008,1159427.163,108.20,658052.008,1159427.163,-153.0,18,0.000,0.000,0.00000000,0.00000000,0.323,-0.020,0.0,0.0,0.0,0.0,0,0,RTK FIXED
123.657,082229.60,10.48525200,76.44418700,10.48525200,76.44418700,658052.008,1159427.163,108.20,658052.008,1159427.163,-153.0,18,0.000,0.000,0.00000000,0.00000000,0.323,-0.020,0.0,0.0,0.0,0.0,0,0,RTK FIXED
123.711,082229.60,10.48525200,76.44418700,10.48525200,76.44418700,658052.008,1159427.163,108.20,658052.008,1159427.163,-153.0,18,0.000,0.000,0.00000000,0.00000000,0.323,-0.020,0.0,0.0,0.0,0.0,0,0,RTK FIXED
123.765,082229.60,10.48525200,76.44418700,10.48525200,76.44418700,658052.008,1159427.163,108.20,658052.008,1159427.163,-153.0,18,0.000,0.000,0.00000000,0.00000000,0.323,-0.020,0.0,0.0,0.0,0.0,0,0,RTK FIXED
123.811,082229.60,10.48525200,76.44418700,10.48525200,76.44418700,658052.008,1159427.163,108.20,658052.008,1159427.163,-153.0,18,0.000,0.000,0.00000000,0.00000000,0.323,-0.020,0.0,0.0,0.0,0.0,0,0,RTK FIXED
123.867,082229.80,10.48525200,76.44418700,10.48525200,76.44418700,658052.008,1159427.163,108.20,658052.008,1159427.163,-153.0,18,0.000,0.000,0.00000000,0.00000000,0.323,-0.020,0.0,0.0,0.0,0.0,0,0,RTK FIXED
123.910,082229.80,10.48525200,76.44418700,10.48525200,76.44418700,658052.008,1159427.163,108.20,658052.008,1159427.163,-153.0,18,0.000,0.000,0.00000000,0.00000000,0.323,-0.020,0.0,0.0,0.0,0.0,0,0,RTK FIXED
123.965,082229.80,10.48525200,76.44418700,10.48525200,76.44418700,658052.008,1159427.163,108.20,658052.008,1159427.163,-153.0,18,0.000,0.000,0.00000000,0.00000000,0.323,-0.020,0.0,0.0,0.0,0.0,0,0,RTK FIXED
124.011,082229.80,10.48525200,76.44418700,10.48525200,76.44418700,658052.008,1159427.163,108.20,658052.008,1159427.163,-153.0,18,0.000,0.000,0.00000000,0.00000000,0.323,-0.020,0.0,0.0,0.0,0.0,0,0,RTK FIXED
124.065,082230.00,10.48525200,76.44418700,10.48525200,76.44418700,658052.008,1159427.163,108.20,658052.008,1159427.163,-153.0,18,0.000,0.000,0.00000000,0.00000000,0.323,-0.020,0.0,0.0,0.0,0.0,0,0,RTK FIXED
124.111,082230.00,10.48525200,76.44418700,10.48525200,76.44418700,658052.008,1159427.163,108.20,658052.008,1159427.163,-153.0,18,0.000,0.000,0.00000000,0.00000000,0.323,-0.020,0.0,0.0,0.0,0.0,0,0,RTK FIXED
124.165,082230.00,10.48525200,76.44418700,10.48525200,76.44418700,658052.008,1159427.163,108.20,658052.008,1159427.163,-153.0,18,0.000,0.000,0.00000000,0.00000000,0.323,-0.020,0.0,0.0,0.0,0.0,0,0,RTK FIXED
124.211,082230.00,10.48525200,76.44418700,10.48525200,76.44418700,658052.008,1159427.163,108.20,658052.008,1159427.163,-153.0,18,0.000,0.000,0.00000000,0.00000000,0.323,-0.020,0.0,0.0,0.0,0.0,0,0,RTK FIXED
124.265,082230.20,10.48525200,76.44418700,10.48525200,76.44418700,658052.008,1159427.163,108.20,658052.008,1159427.163,-153.0,18,0.000,0.000,0.00000000,0.00000000,0.323,-0.020,0.0,0.0,0.0,0.0,0,0,RTK FIXED
124.319,082230.20,10.48525200,76.44418700,10.48525200,76.44418700,658052.008,1159427.163,108.20,658052.008,1159427.163,-153.0,18,0.000,0.000,0.00000000,0.00000000,0.323,-0.020,0.0,0.0,0.0,0.0,0,0,RTK FIXED
124.365,082230.40,10.48525200,76.44418700,10.48525200,76.44418700,658052.008,1159427.163,108.20,658052.008,1159427.163,-153.0,18,0.000,0.000,0.00000000,0.00000000,0.323,-0.020,0.0,0.0,0.0,0.0,0,0,RTK FIXED
124.419,082230.40,10.48525200,76.44418700,10.48525200,76.44418700,658052.008,1159427.163,108.20,658052.008,1159427.163,-153.0,18,0.000,0.000,0.00000000,0.00000000,0.323,-0.020,0.0,0.0,0.0,0.0,0,0,RTK FIXED
124.465,082230.40,10.48525200,76.44418700,10.48525200,76.44418700,658052.008,1159427.163,108.20,658052.008,1159427.163,-153.0,18,0.000,0.000,0.00000000,0.00000000,0.323,-0.020,0.0,0.0,0.0,0.0,0,0,RTK FIXED
124.519,082230.40,10.48525200,76.44418700,10.48525200,76.44418700,658052.008,1159427.163,108.20,658052.008,1159427.163,-153.0,18,0.000,0.000,0.00000000,0.00000000,0.323,-0.020,0.0,0.0,0.0,0.0,0,0,RTK FIXED
124.566,082230.60,10.48525200,76.44418700,10.48525200,76.44418700,658052.008,1159427.163,108.20,658052.008,1159427.163,-153.0,18,0.000,0.000,0.00000000,0.00000000,0.323,-0.020,0.0,0.0,0.0,0.0,0,0,RTK FIXED
124.619,082230.60,10.48525200,76.44418700,10.48525200,76.44418700,658052.008,1159427.163,108.20,658052.008,1159427.163,-153.0,18,0.000,0.000,0.00000000,0.00000000,0.323,-0.020,0.0,0.0,0.0,0.0,0,0,RTK FIXED
124.666,082230.60,10.48525200,76.44418700,10.48525200,76.44418700,658052.008,1159427.163,108.20,658052.008,1159427.163,-153.0,18,0.000,0.000,0.00000000,0.00000000,0.323,-0.020,0.0,0.0,0.0,0.0,0,0,RTK FIXED
124.719,082230.60,10.48525200,76.44418700,10.48525200,76.44418700,658052.008,1159427.163,108.20,658052.008,1159427.163,-153.0,18,0.000,0.000,0.00000000,0.00000000,0.323,-0.020,0.0,0.0,0.0,0.0,0,0,RTK FIXED
124.765,082230.60,10.48525200,76.44418700,10.48525200,76.44418700,658052.008,1159427.163,108.20,658052.008,1159427.163,-153.0,18,0.000,0.000,0.00000000,0.00000000,0.323,-0.020,0.0,0.0,0.0,0.0,0,0,RTK FIXED
124.820,082230.60,10.48525200,76.44418700,10.48525200,76.44418700,658052.008,1159427.163,108.20,658052.008,1159427.163,-153.0,18,0.000,0.000,0.00000000,0.00000000,0.323,-0.020,0.0,0.0,0.0,0.0,0,0,RTK FIXED
124.874,082230.80,10.48525200,76.44418700,10.48525200,76.44418700,658052.008,1159427.163,108.20,658052.008,1159427.163,-153.0,18,0.000,0.000,0.00000000,0.00000000,0.323,-0.020,0.0,0.0,0.0,0.0,0,0,RTK FIXED
124.920,082230.80,10.48525200,76.44418700,10.48525200,76.44418700,658052.008,1159427.163,108.20,658052.008,1159427.163,-153.0,18,0.000,0.000,0.00000000,0.00000000,0.323,-0.020,0.0,0.0,0.0,0.0,0,0,RTK FIXED
124.974,082230.80,10.48525200,76.44418700,10.48525200,76.44418700,658052.008,1159427.163,108.20,658052.008,1159427.163,-153.0,18,0.000,0.000,0.00000000,0.00000000,0.323,-0.020,0.0,0.0,0.0,0.0,0,0,RTK FIXED
125.020,082230.80,10.48525200,76.44418700,10.48525200,76.44418700,658052.008,1159427.163,108.20,658052.008,1159427.163,-153.0,18,0.000,0.000,0.00000000,0.00000000,0.323,-0.020,0.0,0.0,0.0,0.0,0,0,RTK FIXED
125.074,082231.00,10.48525200,76.44418700,10.48525200,76.44418700,658052.008,1159427.163,108.20,658052.008,1159427.163,-153.0,18,0.000,0.000,0.00000000,0.00000000,0.323,-0.020,0.0,0.0,0.0,0.0,0,0,RTK FIXED
125.120,082231.00,10.48525200,76.44418700,10.48525200,76.44418700,658052.008,1159427.163,108.20,658052.008,1159427.163,-153.0,18,0.000,0.000,0.00000000,0.00000000,0.323,-0.020,0.0,0.0,0.0,0.0,0,0,RTK FIXED
125.174,082231.20,10.48525200,76.44418700,10.48525200,76.44418700,658052.008,1159427.163,108.20,658052.008,1159427.163,-153.0,18,0.000,0.000,0.00000000,0.00000000,0.323,-0.020,0.0,0.0,0.0,0.0,0,0,RTK FIXED
125.220,082231.20,10.48525200,76.44418700,10.48525200,76.44418700,658052.008,1159427.163,108.20,658052.008,1159427.163,-153.0,18,0.000,0.000,0.00000000,0.00000000,0.323,-0.020,0.0,0.0,0.0,0.0,0,0,RTK FIXED
125.274,082231.20,10.48525200,76.44418700,10.48525200,76.44418700,658052.008,1159427.163,108.20,658052.008,1159427.163,-153.0,18,0.000,0.000,0.00000000,0.00000000,0.323,-0.020,0.0,0.0,0.0,0.0,0,0,RTK FIXED
125.320,082231.20,10.48525200,76.44418700,10.48525200,76.44418700,658052.008,1159427.163,108.20,658052.008,1159427.163,-153.0,18,0.000,0.000,0.00000000,0.00000000,0.323,-0.020,0.0,0.0,0.0,0.0,0,0,RTK FIXED
125.374,082231.40,10.48525200,76.44418700,10.48525200,76.44418700,658052.008,1159427.163,108.20,658052.008,1159427.163,-153.0,18,0.000,0.000,0.00000000,0.00000000,0.323,-0.020,0.0,0.0,0.0,0.0,0,0,RTK FIXED
125.428,082231.40,10.48525200,76.44418700,10.48525200,76.44418700,658052.008,1159427.163,108.20,658052.008,1159427.163,-153.0,18,0.000,0.000,0.00000000,0.00000000,0.323,-0.020,0.0,0.0,0.0,0.0,0,0,RTK FIXED
125.474,082231.40,10.48525200,76.44418700,10.48525200,76.44418700,658052.008,1159427.163,108.20,658052.008,1159427.163,-153.0,18,0.000,0.000,0.00000000,0.00000000,0.323,-0.020,0.0,0.0,0.0,0.0,0,0,RTK FIXED
125.528,082231.40,10.48525200,76.44418700,10.48525200,76.44418700,658052.008,1159427.163,108.20,658052.008,1159427.163,-153.0,18,0.000,0.000,0.00000000,0.00000000,0.323,-0.020,0.0,0.0,0.0,0.0,0,0,RTK FIXED
125.574,082231.40,10.48525200,76.44418700,10.48525200,76.44418700,658052.008,1159427.163,108.20,658052.008,1159427.163,-153.0,18,0.000,0.000,0.00000000,0.00000000,0.323,-0.020,0.0,0.0,0.0,0.0,0,0,RTK FIXED
125.628,082231.40,10.48525200,76.44418700,10.48525200,76.44418700,658052.008,1159427.163,108.20,658052.008,1159427.163,-153.0,18,0.000,0.000,0.00000000,0.00000000,0.323,-0.020,0.0,0.0,0.0,0.0,0,0,RTK FIXED
125.675,082231.60,10.48525200,76.44418700,10.48525200,76.44418700,658052.008,1159427.163,108.20,658052.008,1159427.163,-153.0,18,0.000,0.000,0.00000000,0.00000000,0.323,-0.020,0.0,0.0,0.0,0.0,0,0,RTK FIXED
125.728,082231.60,10.48525200,76.44418700,10.48525200,76.44418700,658052.008,1159427.163,108.20,658052.008,1159427.163,-153.0,18,0.000,0.000,0.00000000,0.00000000,0.323,-0.020,0.0,0.0,0.0,0.0,0,0,RTK FIXED
125.775,082231.60,10.48525200,76.44418700,10.48525200,76.44418700,658052.008,1159427.163,108.20,658052.008,1159427.163,-153.0,18,0.000,0.000,0.00000000,0.00000000,0.323,-0.020,0.0,0.0,0.0,0.0,0,0,RTK FIXED
125.828,082231.60,10.48525200,76.44418700,10.48525200,76.44418700,658052.008,1159427.163,108.20,658052.008,1159427.163,-153.0,18,0.000,0.000,0.00000000,0.00000000,0.323,-0.020,0.0,0.0,0.0,0.0,0,0,RTK FIXED
125.879,082231.80,10.48525200,76.44418700,10.48525200,76.44418700,658052.008,1159427.163,108.20,658052.008,1159427.163,-153.0,18,0.000,0.000,0.00000000,0.00000000,0.323,-0.020,0.0,0.0,0.0,0.0,0,0,RTK FIXED
125.928,082231.80,10.48525200,76.44418700,10.48525200,76.44418700,658052.008,1159427.163,108.20,658052.008,1159427.163,-153.0,18,0.000,0.000,0.00000000,0.00000000,0.323,-0.020,0.0,0.0,0.0,0.0,0,0,RTK FIXED
125.983,082231.80,10.48525200,76.44418700,10.48525200,76.44418700,658052.008,1159427.163,108.20,658052.008,1159427.163,-153.0,18,0.000,0.000,0.00000000,0.00000000,0.323,-0.020,0.0,0.0,0.0,0.0,0,0,RTK FIXED
126.028,082231.80,10.48525200,76.44418700,10.48525200,76.44418700,658052.008,1159427.163,108.20,658052.008,1159427.163,-153.0,18,0.000,0.000,0.00000000,0.00000000,0.323,-0.020,0.0,0.0,0.0,0.0,0,0,RTK FIXED
126.083,082232.00,10.48525200,76.44418700,10.48525200,76.44418700,658052.008,1159427.163,108.20,658052.008,1159427.163,-153.0,18,0.000,0.000,0.00000000,0.00000000,0.323,-0.020,0.0,0.0,0.0,0.0,0,0,RTK FIXED
126.129,082232.00,10.48525200,76.44418700,10.48525200,76.44418700,658052.008,1159427.163,108.20,658052.008,1159427.163,-153.0,18,0.000,0.000,0.00000000,0.00000000,0.323,-0.020,0.0,0.0,0.0,0.0,0,0,RTK FIXED
126.183,082232.20,10.48525200,76.44418700,10.48525200,76.44418700,658052.008,1159427.163,108.20,658052.008,1159427.163,-153.0,18,0.000,0.000,0.00000000,0.00000000,0.323,-0.020,0.0,0.0,0.0,0.0,0,0,RTK FIXED
126.229,082232.20,10.48525200,76.44418700,10.48525200,76.44418700,658052.008,1159427.163,108.20,658052.008,1159427.163,-153.0,18,0.000,0.000,0.00000000,0.00000000,0.323,-0.020,0.0,0.0,0.0,0.0,0,0,RTK FIXED
126.283,082232.20,10.48525200,76.44418700,10.48525200,76.44418700,658052.008,1159427.163,108.20,658052.008,1159427.163,-153.0,18,0.000,0.000,0.00000000,0.00000000,0.323,-0.020,0.0,0.0,0.0,0.0,0,0,RTK FIXED
126.329,082232.20,10.48525200,76.44418700,10.48525200,76.44418700,658052.008,1159427.163,108.20,658052.008,1159427.163,-153.0,18,0.000,0.000,0.00000000,0.00000000,0.323,-0.020,0.0,0.0,0.0,0.0,0,0,RTK FIXED
126.383,082232.40,10.48525200,76.44418700,10.48525200,76.44418700,658052.008,1159427.163,108.20,658052.008,1159427.163,-153.0,18,0.000,0.000,0.00000000,0.00000000,0.323,-0.020,0.0,0.0,0.0,0.0,0,0,RTK FIXED
126.428,082232.40,10.48525200,76.44418700,10.48525200,76.44418700,658052.008,1159427.163,108.20,658052.008,1159427.163,-153.0,18,0.000,0.000,0.00000000,0.00000000,0.323,-0.020,0.0,0.0,0.0,0.0,0,0,RTK FIXED
126.483,082232.40,10.48525200,76.44418700,10.48525200,76.44418700,658052.008,1159427.163,108.20,658052.008,1159427.163,-153.0,18,0.000,0.000,0.00000000,0.00000000,0.323,-0.020,0.0,0.0,0.0,0.0,0,0,RTK FIXED
126.537,082232.40,10.48525200,76.44418700,10.48525200,76.44418700,658052.008,1159427.163,108.20,658052.008,1159427.163,-153.0,18,0.000,0.000,0.00000000,0.00000000,0.323,-0.020,0.0,0.0,0.0,0.0,0,0,RTK FIXED
126.583,082232.40,10.48525200,76.44418700,10.48525200,76.44418700,658052.008,1159427.163,108.20,658052.008,1159427.163,-153.0,18,0.000,0.000,0.00000000,0.00000000,0.323,-0.020,0.0,0.0,0.0,0.0,0,0,RTK FIXED
