Time_Sec,UTC,Latitude,Longitude,Smoothed_Latitude,Smoothed_Longitude,UTM_X,UTM_Y,UTM_Z,Smoothed_UTM_X,Smoothed_UTM_Y,Yaw_Deg,Target_WP_Index,Target_WP_X,Target_WP_Y,Target_Latitude,Target_Longitude,Command_V,Command_W,Left_RPM,Right_RPM,Actual_Left_RPM,Actual_Right_RPM,Left_DAC,Right_DAC,RTK_Fix_Status
0.024,070748.40,10.48525100,76.44419000,10.48525100,76.44419000,658052.187,1159426.574,108.00,658052.187,1159426.574,117.0,1,658051.450,1159428.017,10.48526117,76.44418500,0.366,0.000,0.0,0.0,0.0,0.0,0,0,RTK FIXED
0.074,070748.40,10.48525100,76.44419000,10.48525100,76.44419000,658052.187,1159426.574,108.00,658052.187,1159426.574,117.0,1,658051.450,1159428.017,10.48526117,76.44418500,0.366,0.000,0.0,0.0,0.0,0.0,0,0,RTK FIXED
0.121,070748.60,10.48525100,76.44419000,10.48525100,76.44419000,658052.162,1159426.561,108.00,658052.177,1159426.569,117.0,1,658051.450,1159428.017,10.48526117,76.44418500,0.366,0.000,0.0,0.0,0.0,0.0,0,0,RTK FIXED
0.174,070748.60,10.48525100,76.44419000,10.48525100,76.44419000,658052.162,1159426.561,108.00,658052.171,1159426.566,117.0,1,658051.450,1159428.017,10.48526117,76.44418500,0.366,0.000,0.0,0.0,0.0,0.0,0,0,RTK FIXED
0.220,070748.60,10.48525100,76.44419000,10.48525100,76.44419000,658052.162,1159426.561,108.00,658052.167,1159426.564,117.0,1,658051.450,1159428.017,10.48526117,76.44418500,0.366,0.000,0.0,0.0,0.0,0.0,0,0,RTK FIXED
0.274,070748.60,10.48525100,76.44419000,10.48525100,76.44419000,658052.162,1159426.561,108.00,658052.165,1159426.562,117.0,1,658051.450,1159428.017,10.48526117,76.44418500,0.366,0.000,0.0,0.0,0.0,0.0,0,0,RTK FIXED
0.320,070748.60,10.48525100,76.44419000,10.48525100,76.44419000,658052.162,1159426.561,108.00,658052.164,1159426.562,117.0,1,658051.450,1159428.017,10.48526117,76.44418500,0.366,0.000,0.0,0.0,0.0,0.0,0,0,RTK FIXED
0.375,070748.80,10.48525100,76.44419000,10.48525100,76.44419000,658052.162,1159426.561,108.00,658052.163,1159426.561,117.0,1,658051.450,1159428.017,10.48526117,76.44418500,0.366,-0.001,0.0,0.0,0.0,0.0,0,0,RTK FIXED
0.420,070748.80,10.48525100,76.44419000,10.48525100,76.44419000,658052.162,1159426.561,108.00,658052.162,1159426.561,117.0,1,658051.450,1159428.017,10.48526117,76.44418500,0.366,-0.001,0.0,0.0,0.0,0.0,0,0,RTK FIXED
0.474,070749.00,10.48525100,76.44419000,10.48525100,76.44419000,658052.162,1159426.561,108.00,658052.162,1159426.561,117.0,1,658051.450,1159428.017,10.48526117,76.44418500,0.366,-0.002,0.0,0.0,0.0,0.0,0,0,RTK FIXED
0.528,070749.00,10.48525100,76.44419000,10.48525100,76.44419000,658052.162,1159426.561,108.00,658052.162,1159426.561,117.0,1,658051.450,1159428.017,10.48526117,76.44418500,0.366,-0.002,0.0,0.0,0.0,0.0,0,0,RTK FIXED
0.574,070749.00,10.48525100,76.44419000,10.48525100,76.44419000,658052.162,1159426.561,108.00,658052.162,1159426.561,117.0,1,658051.450,1159428.017,10.48526117,76.44418500,0.366,-0.002,0.0,0.0,0.0,0.0,0,0,RTK FIXED
0.631,070749.20,10.48525100,76.44419000,10.48525100,76.44419000,658052.162,1159426.561,108.00,658052.162,1159426.561,117.0,1,658051.450,1159428.017,10.48526117,76.44418500,0.366,-0.004,0.0,0.0,0.0,0.0,0,0,RTK FIXED
0.674,070749.20,10.48525100,76.44419000,10.48525100,76.44419000,658052.162,1159426.561,108.00,658052.162,1159426.561,117.0,1,658051.450,1159428.017,10.48526117,76.44418500,0.366,-0.004,0.0,0.0,0.0,0.0,0,0,RTK FIXED
0.727,070749.20,10.48525100,76.44419000,10.48525100,76.44419000,658052.162,1159426.561,108.00,658052.162,1159426.561,117.0,1,658051.450,1159428.017,10.48526117,76.44418500,0.366,-0.004,0.0,0.0,0.0,0.0,0,0,RTK FIXED
0.774,070749.20,10.48525100,76.44419000,10.48525100,76.44419000,658052.162,1159426.561,108.00,658052.162,1159426.561,117.0,1,658051.450,1159428.017,10.48526117,76.44418500,0.366,-0.004,0.0,0.0,0.0,0.0,0,0,RTK FIXED
0.827,070749.20,10.48525100,76.44419000,10.48525100,76.44419000,658052.162,1159426.561,108.00,658052.162,1159426.561,117.0,1,658051.450,1159428.017,10.48526117,76.44418500,0.366,-0.004,0.0,0.0,0.0,0.0,0,0,RTK FIXED
0.874,070749.40,10.48525100,76.44419000,10.48525100,76.44419000,658052.162,1159426.561,108.00,658052.162,1159426.561,117.0,1,658051.450,1159428.017,10.48526117,76.44418500,0.366,-0.005,0.0,0.0,0.0,0.0,0,0,RTK FIXED
0.927,070749.40,10.48525100,76.44419000,10.48525100,76.44419000,658052.162,1159426.561,108.00,658052.162,1159426.561,117.0,1,658051.450,1159428.017,10.48526117,76.44418500,0.366,-0.005,0.0,0.0,0.0,0.0,0,0,RTK FIXED
0.986,070749.40,10.48525100,76.44419000,10.48525100,76.44419000,658052.162,1159426.561,108.00,658052.162,1159426.561,117.0,1,658051.450,1159428.017,10.48526117,76.44418500,0.366,-0.005,0.0,0.0,0.0,0.0,0,0,RTK FIXED
1.028,070749.40,10.48525100,76.44419000,10.48525100,76.44419000,658052.162,1159426.561,108.00,658052.162,1159426.561,117.0,1,658051.450,1159428.017,10.48526117,76.44418500,0.366,-0.005,0.0,0.0,0.0,0.0,0,0,RTK FIXED
1.086,070749.60,10.48525100,76.44419000,10.48525100,76.44419000,658052.162,1159426.561,108.00,658052.162,1159426.561,117.0,1,658051.450,1159428.017,10.48526117,76.44418500,0.366,-0.006,0.0,0.0,0.0,0.0,0,0,RTK FIXED
1.127,070749.60,10.48525100,76.44419000,10.48525100,76.44419000,658052.162,1159426.561,108.00,658052.162,1159426.561,117.0,1,658051.450,1159428.017,10.48526117,76.44418500,0.366,-0.006,0.0,0.0,0.0,0.0,0,0,RTK FIXED
1.186,070749.60,10.48525100,76.44419000,10.48525100,76.44419000,658052.162,1159426.561,108.00,658052.162,1159426.561,117.0,1,658051.450,1159428.017,10.48526117,76.44418500,0.366,-0.006,0.0,0.0,0.0,0.0,0,0,RTK FIXED
1.227,070749.60,10.48525100,76.44419000,10.48525100,76.44419000,658052.162,1159426.561,108.00,658052.162,1159426.561,117.0,1,658051.450,1159428.017,10.48526117,76.44418500,0.366,-0.006,0.0,0.0,0.0,0.0,0,0,RTK FIXED
1.286,070749.80,10.48525100,76.44419000,10.48525100,76.44419000,658052.162,1159426.561,108.00,658052.162,1159426.561,117.0,1,658051.450,1159428.017,10.48526117,76.44418500,0.366,-0.006,0.0,0.0,0.0,0.0,0,0,RTK FIXED
1.328,070749.80,10.48525100,76.44419000,10.48525100,76.44419000,658052.162,1159426.561,108.00,658052.162,1159426.561,117.0,1,658051.450,1159428.017,10.48526117,76.44418500,0.366,-0.006,0.0,0.0,0.0,0.0,0,0,RTK FIXED
1.390,070749.80,10.48525100,76.44419000,10.48525100,76.44419000,658052.162,1159426.561,108.00,658052.162,1159426.561,117.0,1,658051.450,1159428.017,10.48526117,76.44418500,0.366,-0.006,0.0,0.0,0.0,0.0,0,0,RTK FIXED
1.427,070749.80,10.48525100,76.44419000,10.48525100,76.44419000,658052.162,1159426.561,108.00,658052.162,1159426.561,117.0,1,658051.450,1159428.017,10.48526117,76.44418500,0.366,-0.006,0.0,0.0,0.0,0.0,0,0,RTK FIXED
1.482,070750.00,10.48525100,76.44419000,10.48525100,76.44419000,658052.162,1159426.561,108.00,658052.162,1159426.561,117.0,1,658051.450,1159428.017,10.48526117,76.44418500,0.366,-0.006,0.0,0.0,0.0,0.0,0,0,RTK FIXED
1.528,070750.00,10.48525100,76.44419000,10.48525100,76.44419000,658052.162,1159426.561,108.00,658052.162,1159426.561,117.0,1,658051.450,1159428.017,10.48526117,76.44418500,0.366,-0.006,0.0,0.0,0.0,0.0,0,0,RTK FIXED
1.586,070750.20,10.48525100,76.44419000,10.48525100,76.44419000,658052.162,1159426.561,108.00,658052.162,1159426.561,117.0,1,658051.450,1159428.017,10.48526117,76.44418500,0.366,-0.006,0.0,0.0,0.0,0.0,0,0,RTK FIXED
1.628,070750.20,10.48525100,76.44419000,10.48525100,76.44419000,658052.162,1159426.561,108.00,658052.162,1159426.561,117.0,1,658051.450,1159428.017,10.48526117,76.44418500,0.366,-0.006,0.0,0.0,0.0,0.0,0,0,RTK FIXED
1.681,070750.20,10.48525100,76.44419000,10.48525100,76.44419000,658052.162,1159426.561,108.00,658052.162,1159426.561,117.0,1,658051.450,1159428.017,10.48526117,76.44418500,0.366,-0.006,0.0,0.0,0.0,0.0,0,0,RTK FIXED
1.736,070750.20,10.48525100,76.44419000,10.48525100,76.44419000,658052.162,1159426.561,108.00,658052.162,1159426.561,117.0,1,658051.450,1159428.017,10.48526117,76.44418500,0.366,-0.006,0.0,0.0,0.0,0.0,0,0,RTK FIXED
2.408,070750.80,10.48525100,76.44419000,10.48525100,76.44419000,658052.162,1159426.561,108.00,658052.162,1159426.561,116.0,1,658051.450,1159428.017,10.48526117,76.44418500,0.366,0.000,0.0,0.0,0.0,0.0,0,0,RTK FIXED
2.442,070750.80,10.48525100,76.44419000,10.48525100,76.44419000,658052.162,1159426.561,108.00,658052.162,1159426.561,116.0,1,658051.450,1159428.017,10.48526117,76.44418500,0.366,0.000,0.0,0.0,0.0,0.0,0,0,RTK FIXED
2.496,070751.00,10.48525100,76.44419000,10.48525100,76.44419000,658052.156,1159426.558,108.00,658052.159,1159426.560,116.0,1,658051.450,1159428.017,10.48526117,76.44418500,0.366,0.000,10.0,10.0,0.0,0.0,450,450,RTK FIXED
2.542,070751.00,10.48525100,76.44419000,10.48525100,76.44419000,658052.156,1159426.558,108.00,658052.158,1159426.559,116.0,1,658051.450,1159428.017,10.48526117,76.44418500,0.366,0.000,10.0,10.0,0.0,0.0,900,900,RTK FIXED
2.596,070751.20,10.48525100,76.44419000,10.48525100,76.44419000,658052.156,1159426.558,108.00,658052.157,1159426.559,116.0,1,658051.450,1159428.017,10.48526117,76.44418500,0.366,0.000,10.0,10.0,0.0,0.0,1350,1350,RTK FIXED
2.642,070751.20,10.48525100,76.44419000,10.48525100,76.44419000,658052.156,1159426.558,108.00,658052.157,1159426.558,116.0,1,658051.450,1159428.017,10.48526117,76.44418500,0.366,0.000,10.0,10.0,0.0,0.0,1800,1800,RTK FIXED
2.695,070751.20,10.48525100,76.44419000,10.48525100,76.44419000,658052.156,1159426.558,108.00,658052.156,1159426.558,116.0,1,658051.450,1159428.017,10.48526117,76.44418500,0.366,0.000,10.0,10.0,0.0,0.0,2047,2047,RTK FIXED
2.750,070751.20,10.48525100,76.44419000,10.48525100,76.44419000,658052.156,1159426.558,108.00,658052.156,1159426.558,116.0,1,658051.450,1159428.017,10.48526117,76.44418500,0.366,0.000,10.0,10.0,0.0,0.0,2047,2047,RTK FIXED
2.796,070751.40,10.48525100,76.44419000,10.48525100,76.44419000,658052.156,1159426.558,108.00,658052.156,1159426.558,116.0,1,658051.450,1159428.017,10.48526117,76.44418500,0.366,0.000,10.0,10.0,0.0,0.0,2047,2047,RTK FIXED
2.850,070751.40,10.48525100,76.44419000,10.48525100,76.44419000,658052.156,1159426.558,108.00,658052.156,1159426.558,116.0,1,658051.450,1159428.017,10.48526117,76.44418500,0.366,0.000,10.0,10.0,-0.5,0.0,2047,2047,RTK FIXED
2.895,070751.40,10.48525100,76.44419000,10.48525100,76.44419000,658052.156,1159426.558,108.00,658052.156,1159426.558,116.0,1,658051.450,1159428.017,10.48526117,76.44418500,0.366,0.000,10.0,10.0,0.5,0.5,2047,2047,RTK FIXED
2.950,070751.40,10.48525100,76.44419000,10.48525100,76.44419000,658052.156,1159426.558,108.00,658052.156,1159426.558,116.0,1,658051.450,1159428.017,10.48526117,76.44418500,0.366,0.000,10.0,10.0,0.0,1.9,2047,2047,RTK FIXED
2.996,070751.60,10.48525100,76.44419000,10.48525100,76.44419000,658052.156,1159426.558,108.00,658052.156,1159426.558,116.0,1,658051.450,1159428.017,10.48526117,76.44418500,0.366,0.000,10.0,10.0,-0.5,2.1,2047,2047,RTK FIXED
3.050,070751.60,10.48525100,76.44419000,10.48525100,76.44419000,658052.156,1159426.558,108.00,658052.156,1159426.558,116.0,1,658051.450,1159428.017,10.48526117,76.44418500,0.366,0.000,10.0,10.0,0.0,3.8,2047,2047,RTK FIXED
3.095,070751.60,10.48525100,76.44419000,10.48525100,76.44419000,658052.156,1159426.558,108.00,658052.156,1159426.558,116.0,1,658051.450,1159428.017,10.48526117,76.44418500,0.366,0.000,10.0,10.0,0.5,3.8,2047,2047,RTK FIXED
3.150,070751.60,10.48525100,76.44419000,10.48525100,76.44419000,658052.156,1159426.558,108.00,658052.156,1159426.558,116.0,1,658051.450,1159428.017,10.48526117,76.44418500,0.366,0.000,10.0,10.0,0.0,4.2,2047,2047,RTK FIXED
3.195,070751.60,10.48525100,76.44419000,10.48525100,76.44419000,658052.156,1159426.558,108.00,658052.156,1159426.558,116.0,1,658051.450,1159428.017,10.48526117,76.44418500,0.366,0.000,10.0,10.0,-0.5,4.3,2047,2047,RTK FIXED
3.250,070751.60,10.48525100,76.44419000,10.48525100,76.44419000,658052.156,1159426.558,108.00,658052.156,1159426.558,116.0,1,658051.450,1159428.017,10.48526117,76.44418500,0.366,0.000,10.0,10.0,0.0,3.2,2047,2047,RTK FIXED
3.304,070751.80,10.48525100,76.44419000,10.48525100,76.44419000,658052.156,1159426.558,108.00,658052.156,1159426.558,116.0,1,658051.450,1159428.017,10.48526117,76.44418500,0.366,0.000,10.0,10.0,0.0,5.1,2047,2047,RTK FIXED
3.357,070751.80,10.48525100,76.44419000,10.48525100,76.44419000,658052.156,1159426.558,108.00,658052.156,1159426.558,116.0,1,658051.450,1159428.017,10.48526117,76.44418500,0.366,0.000,10.0,10.0,0.0,5.6,2047,2047,RTK FIXED
3.403,070751.80,10.48525100,76.44419000,10.48525100,76.44419000,658052.156,1159426.558,108.00,658052.156,1159426.558,116.0,1,658051.450,1159428.017,10.48526117,76.44418500,0.366,0.000,10.0,10.0,0.0,3.3,2047,2047,RTK FIXED
3.458,070751.80,10.48525100,76.44419000,10.48525100,76.44419000,658052.156,1159426.558,108.00,658052.156,1159426.558,116.0,1,658051.450,1159428.017,10.48526117,76.44418500,0.366,0.000,10.0,10.0,0.5,6.0,2047,2047,RTK FIXED
3.503,070751.80,10.48525100,76.44419000,10.48525100,76.44419000,658052.156,1159426.558,108.00,658052.156,1159426.558,116.0,1,658051.450,1159428.017,10.48526117,76.44418500,0.366,0.000,10.0,10.0,0.0,7.1,2047,2047,RTK FIXED
3.558,070752.00,10.48525100,76.44419000,10.48525100,76.44419000,658052.156,1159426.558,108.00,658052.156,1159426.558,116.0,1,658051.450,1159428.017,10.48526117,76.44418500,0.366,0.000,10.0,10.0,-0.5,8.7,2047,2047,RTK FIXED
3.603,070752.00,10.48525100,76.44419000,10.48525100,76.44419000,658052.156,1159426.558,108.00,658052.156,1159426.558,116.0,1,658051.450,1159428.017,10.48526117,76.44418500,0.366,0.000,10.0,10.0,0.0,8.8,2047,2047,RTK FIXED
3.658,070752.00,10.48525100,76.44419000,10.48525100,76.44419000,658052.156,1159426.558,108.00,658052.156,1159426.558,116.0,1,658051.450,1159428.017,10.48526117,76.44418500,0.366,0.000,10.0,10.0,0.0,8.3,2047,2047,RTK FIXED
3.704,070752.00,10.48525100,76.44419000,10.48525100,76.44419000,658052.156,1159426.558,108.00,658052.156,1159426.558,116.0,1,658051.450,1159428.017,10.48526117,76.44418500,0.366,0.000,10.0,10.0,0.5,11.3,2047,2047,RTK FIXED
3.759,070752.20,10.48525200,76.44419000,10.48525140,76.44419000,658052.155,1159426.669,108.00,658052.156,1159426.602,116.0,1,658051.450,1159428.017,10.48526117,76.44418500,0.366,0.000,10.0,10.0,0.0,12.2,2047,2047,RTK FIXED
3.803,070752.20,10.48525200,76.44419000,10.48525164,76.44419000,658052.155,1159426.669,108.00,658052.155,1159426.629,116.0,1,658051.450,1159428.017,10.48526117,76.44418500,0.366,0.000,10.0,10.0,0.0,12.9,2047,2047,RTK FIXED
3.858,070752.20,10.48525200,76.44419000,10.48525178,76.44419000,658052.155,1159426.669,108.00,658052.155,1159426.645,116.0,1,658051.450,1159428.017,10.48526117,76.44418500,0.366,0.000,10.0,10.0,0.0,14.4,2047,2047,RTK FIXED
3.903,070752.20,10.48525200,76.44419000,10.48525187,76.44419000,658052.155,1159426.669,108.00,658052.155,1159426.654,116.0,1,658051.450,1159428.017,10.48526117,76.44418500,0.366,0.000,10.0,10.0,-0.5,14.7,2047,2047,RTK FIXED
3.958,070752.20,10.48525200,76.44419000,10.48525192,76.44419000,658052.155,1159426.669,108.00,658052.155,1159426.660,116.0,1,658051.450,1159428.017,10.48526117,76.44418500,0.366,0.000,10.0,10.0,0.0,13.4,2047,2047,RTK FIXED
4.004,070752.40,10.48525200,76.44419000,10.48525195,76.44419000,658052.155,1159426.669,108.00,658052.155,1159426.663,116.0,1,658051.450,1159428.017,10.48526117,76.44418500,0.366,0.003,9.9,10.0,0.5,13.5,2036,2047,RTK FIXED
4.058,070752.40,10.48525200,76.44419000,10.48525197,76.44419000,658052.155,1159426.669,108.00,658052.155,1159426.666,116.0,1,658051.450,1159428.017,10.48526117,76.44418500,0.366,0.003,9.9,10.0,0.0,16.3,2036,2047,RTK FIXED
4.111,070752.40,10.48525200,76.44419000,10.48525198,76.44419000,658052.155,1159426.669,108.00,658052.155,1159426.667,116.0,1,658051.450,1159428.017,10.48526117,76.44418500,0.366,0.003,9.9,10.0,-0.5,16.8,2036,2047,RTK FIXED
4.158,070752.60,10.48525200,76.44419000,10.48525199,76.44419000,658052.155,1159426.669,108.00,658052.155,1159426.668,116.0,1,658051.450,1159428.017,10.48526117,76.44418500,0.366,0.007,9.9,10.0,0.0,17.1,2024,2047,RTK FIXED
4.211,070752.60,10.48525200,76.44419000,10.48525199,76.44419000,658052.155,1159426.669,108.00,658052.155,1159426.668,116.0,1,658051.450,1159428.017,10.48526117,76.44418500,0.366,0.007,9.9,10.0,0.0,15.9,2024,2047,RTK FIXED
4.258,070752.60,10.48525200,76.44419000,10.48525200,76.44419000,658052.155,1159426.669,108.00,658052.155,1159426.668,116.0,1,658051.450,1159428.017,10.48526117,76.44418500,0.366,0.007,9.9,10.0,0.5,15.1,2024,2047,RTK FIXED
4.311,070752.80,10.48525300,76.44419000,10.48525240,76.44419000,658052.155,1159426.779,108.00,658052.155,1159426.713,112.5,1,658051.450,1159428.017,10.48526117,76.44418500,0.364,0.038,9.4,10.0,-0.5,15.3,1921,2047,RTK FIXED
4.358,070752.80,10.48525300,76.44419000,10.48525264,76.44419000,658052.155,1159426.779,108.00,658052.155,1159426.739,112.5,1,658051.450,1159428.017,10.48526117,76.44418500,0.364,0.038,9.4,10.0,0.5,15.3,1921,2047,RTK FIXED
4.411,070752.80,10.48525300,76.44419000,10.48525278,76.44419000,658052.155,1159426.779,108.00,658052.155,1159426.755,112.5,1,658051.450,1159428.017,10.48526117,76.44418500,0.364,0.038,9.4,10.0,0.0,17.2,1921,2047,RTK FIXED
4.465,070752.80,10.48525300,76.44419000,10.48525287,76.44419000,658052.155,1159426.779,108.00,658052.155,1159426.765,112.5,1,658051.450,1159428.017,10.48526117,76.44418500,0.364,0.038,9.4,10.0,-0.5,17.2,1921,2047,RTK FIXED
4.512,070753.00,10.48525300,76.44419000,10.48525292,76.44419000,658052.134,1159426.770,108.00,658052.146,1159426.767,112.5,1,658051.450,1159428.017,10.48526117,76.44418500,0.364,0.048,9.2,10.0,0.5,17.0,1890,2047,RTK FIXED
4.565,070753.00,10.48525300,76.44419000,10.48525295,76.44419000,658052.134,1159426.770,108.00,658052.141,1159426.768,112.5,1,658051.450,1159428.017,10.48526117,76.44418500,0.364,0.048,9.2,10.0,-0.5,17.4,1890,2047,RTK FIXED
4.611,070753.00,10.48525300,76.44419000,10.48525297,76.44419000,658052.134,1159426.770,108.00,658052.138,1159426.769,112.5,1,658051.450,1159428.017,10.48526117,76.44418500,0.364,0.048,9.2,10.0,0.0,17.3,1890,2047,RTK FIXED
4.665,070753.00,10.48525300,76.44419000,10.48525298,76.44419000,658052.134,1159426.770,108.00,658052.136,1159426.770,112.5,1,658051.450,1159428.017,10.48526117,76.44418500,0.364,0.048,9.2,10.0,0.5,17.6,1890,2047,RTK FIXED
4.711,070753.20,10.48525300,76.44419000,10.48525299,76.44419000,658052.134,1159426.770,108.00,658052.135,1159426.770,112.5,1,658051.450,1159428.017,10.48526117,76.44418500,0.363,0.052,9.2,10.0,-0.5,17.3,1878,2047,RTK FIXED
4.765,070753.20,10.48525300,76.44419000,10.48525299,76.44419000,658052.134,1159426.770,108.00,658052.135,1159426.770,112.5,1,658051.450,1159428.017,10.48526117,76.44418500,0.363,0.052,9.2,10.0,0.0,16.8,1878,2047,RTK FIXED
4.812,070753.40,10.48525400,76.44419000,10.48525340,76.44419000,658052.133,1159426.881,108.00,658052.134,1159426.814,108.6,1,658051.450,1159428.017,10.48526117,76.44418500,0.358,0.085,8.7,10.0,0.0,17.6,1776,2047,RTK FIXED
4.866,070753.40,10.48525400,76.44419000,10.48525364,76.44419000,658052.133,1159426.881,108.00,658052.134,1159426.841,108.6,1,658051.450,1159428.017,10.48526117,76.44418500,0.358,0.085,8.7,10.0,0.5,17.6,1776,2047,RTK FIXED
4.912,070753.40,10.48525400,76.44419000,10.48525378,76.44419000,658052.133,1159426.881,108.00,658052.133,1159426.857,108.6,1,658051.450,1159428.017,10.48526117,76.44418500,0.358,0.085,8.7,10.0,-0.5,17.5,1776,2047,RTK FIXED
4.965,070753.40,10.48525400,76.44419000,10.48525387,76.44419000,658052.133,1159426.881,108.00,658052.133,1159426.867,108.6,1,658051.450,1159428.017,10.48526117,76.44418500,0.358,0.085,8.7,10.0,0.5,17.3,1776,2047,RTK FIXED
5.011,070753.40,10.48525400,76.44419000,10.48525392,76.44419000,658052.133,1159426.881,108.00,658052.133,1159426.872,108.6,1,658051.450,1159428.017,10.48526117,76.44418500,0.358,0.085,8.7,10.0,-0.5,17.3,1776,2047,RTK FIXED
5.066,070753.40,10.48525400,76.44419000,10.48525395,76.44419000,658052.133,1159426.881,108.00,658052.133,1159426.876,108.6,1,658051.450,1159428.017,10.48526117,76.44418500,0.358,0.085,8.7,10.0,0.0,17.7,1776,2047,RTK FIXED
5.120,070753.60,10.48525400,76.44419000,10.48525397,76.44419000,658052.110,1159426.873,108.00,658052.124,1159426.875,108.6,1,658051.450,1159428.017,10.48526117,76.44418500,0.358,0.094,8.5,10.0,0.5,17.4,1748,2047,RTK FIXED
5.166,070753.60,10.48525400,76.44419000,10.48525398,76.44419000,658052.110,1159426.873,108.00,658052.118,1159426.874,108.6,1,658051.450,1159428.017,10.48526117,76.44418500,0.358,0.094,8.5,10.0,-0.6,17.6,1748,2047,RTK FIXED
5.219,070753.60,10.48525400,76.44419000,10.48525399,76.44419000,658052.110,1159426.873,108.00,658052.115,1159426.874,108.6,1,658051.450,1159428.017,10.48526117,76.44418500,0.358,0.094,8.5,10.0,0.5,16.2,1748,2047,RTK FIXED
5.266,070753.60,10.48525400,76.44419000,10.48525399,76.44419000,658052.110,1159426.873,108.00,658052.113,1159426.873,108.6,1,658051.450,1159428.017,10.48526117,76.44418500,0.358,0.094,8.5,10.0,0.0,17.4,1748,2047,RTK FIXED
5.320,070753.80,10.48525400,76.44418900,10.48525400,76.44418960,658052.000,1159426.872,108.00,658052.068,1159426.873,108.6,1,658051.450,1159428.017,10.48526117,76.44418500,0.361,0.080,8.7,10.0,0.0,17.4,1791,2047,RTK FIXED
5.366,070753.80,10.48525400,76.44418900,10.48525400,76.44418936,658052.000,1159426.872,108.00,658052.041,1159426.873,108.6,1,658051.450,1159428.017,10.48526117,76.44418500,0.361,0.080,8.7,10.0,-0.6,17.6,1791,2047,RTK FIXED
5.419,070753.80,10.48525400,76.44418900,10.48525400,76.44418922,658052.000,1159426.872,108.00,658052.024,1159426.873,108.6,1,658051.450,1159428.017,10.48526117,76.44418500,0.361,0.080,8.7,10.0,0.5,17.6,1791,2047,RTK FIXED
5.466,070753.80,10.48525400,76.44418900,10.48525400,76.44418913,658052.000,1159426.872,108.00,658052.015,1159426.872,108.6,1,658051.450,1159428.017,10.48526117,76.44418500,0.361,0.080,8.7,10.0,-0.5,17.9,1791,2047,RTK FIXED
5.520,070754.00,10.48525500,76.44418900,10.48525440,76.44418908,658052.000,1159426.983,108.00,658052.009,1159426.917,115.7,1,658051.450,1159428.017,10.48526117,76.44418500,0.366,0.034,9.5,10.0,0.0,18.0,1937,2047,RTK FIXED
5.566,070754.00,10.48525500,76.44418900,10.48525464,76.44418905,658052.000,1159426.983,108.00,658052.005,1159426.943,115.7,1,658051.450,1159428.017,10.48526117,76.44418500,0.366,0.034,9.5,10.0,0.0,18.0,1937,2047,RTK FIXED
5.619,070754.00,10.48525500,76.44418900,10.48525478,76.44418903,658052.000,1159426.983,108.00,658052.003,1159426.959,115.7,1,658051.450,1159428.017,10.48526117,76.44418500,0.366,0.034,9.5,10.0,0.0,18.5,1937,2047,RTK FIXED
5.667,070754.20,10.48525500,76.44418900,10.48525487,76.44418902,658052.042,1159426.999,108.00,658052.019,1159426.975,115.7,1,658051.450,1159428.017,10.48526117,76.44418500,0.365,0.029,9.5,10.0,0.0,18.3,1952,2047,RTK FIXED
5.720,070754.20,10.48525500,76.44418900,10.48525492,76.44418901,658052.042,1159426.999,108.00,658052.028,1159426.985,115.7,1,658051.450,1159428.017,10.48526117,76.44418500,0.365,0.029,9.5,10.0,0.5,17.6,1952,2047,RTK FIXED
5.766,070754.20,10.48525500,76.44418900,10.48525495,76.44418901,658052.042,1159426.999,108.00,658052.034,1159426.990,115.7,1,658051.450,1159428.017,10.48526117,76.44418500,0.365,0.029,9.5,10.0,-0.5,18.0,1952,2047,RTK FIXED
5.820,070754.20,10.48525500,76.44418900,10.48525497,76.44418900,658052.042,1159426.999,108.00,658052.037,1159426.994,115.7,1,658051.450,1159428.017,10.48526117,76.44418500,0.365,0.029,9.5,10.0,0.0,18.0,1952,2047,RTK FIXED
5.874,070754.20,10.48525500,76.44418900,10.48525498,76.44418900,658052.042,1159426.999,108.00,658052.039,1159426.996,115.7,1,658051.450,1159428.017,10.48526117,76.44418500,0.365,0.029,9.5,10.0,0.0,19.0,1952,2047,RTK FIXED
5.919,070754.40,10.48525500,76.44418900,10.48525499,76.44418900,658052.042,1159426.999,108.00,658052.041,1159426.997,115.7,1,658051.450,1159428.017,10.48526117,76.44418500,0.365,0.032,9.5,10.0,0.0,19.1,1943,2047,RTK FIXED
5.973,070754.40,10.48525500,76.44418900,10.48525499,76.44418900,658052.042,1159426.999,108.00,658052.041,1159426.998,115.7,1,658051.450,1159428.017,10.48526117,76.44418500,0.365,0.032,9.5,10.0,0.0,18.6,1943,2047,RTK FIXED
6.019,070754.40,10.48525500,76.44418900,10.48525500,76.44418900,658052.042,1159426.999,108.00,658052.042,1159426.998,115.7,1,658051.450,1159428.017,10.48526117,76.44418500,0.365,0.032,9.5,10.0,0.5,16.8,1943,2047,RTK FIXED
6.073,070754.40,10.48525500,76.44418900,10.48525500,76.44418900,658052.042,1159426.999,108.00,658052.042,1159426.999,115.7,1,658051.450,1159428.017,10.48526117,76.44418500,0.365,0.032,9.5,10.0,0.0,16.7,1943,2047,RTK FIXED
6.120,070754.60,10.48525600,76.44418900,10.48525540,76.44418900,658052.042,1159427.110,108.00,658052.042,1159427.043,108.4,1,658051.450,1159428.017,10.48526117,76.44418500,0.356,0.086,8.6,10.0,0.0,17.9,1770,2047,RTK FIXED
6.174,070754.60,10.48525600,76.44418900,10.48525564,76.44418900,658052.042,1159427.110,108.00,658052.042,1159427.070,108.4,1,658051.450,1159428.017,10.48526117,76.44418500,0.356,0.086,8.6,10.0,-0.5,18.8,1770,2047,RTK FIXED
6.219,070754.60,10.48525600,76.44418900,10.48525578,76.44418900,658052.042,1159427.110,108.00,658052.042,1159427.086,108.4,1,658051.450,1159428.017,10.48526117,76.44418500,0.356,0.086,8.6,10.0,0.5,16.4,1770,2047,RTK FIXED
6.274,070754.60,10.48525600,76.44418900,10.48525587,76.44418900,658052.042,1159427.110,108.00,658052.042,1159427.095,108.4,1,658051.450,1159428.017,10.48526117,76.44418500,0.356,0.086,8.6,10.0,-0.5,18.5,1770,2047,RTK FIXED
6.319,070754.60,10.48525600,76.44418900,10.48525592,76.44418900,658052.042,1159427.110,108.00,658052.042,1159427.101,108.4,1,658051.450,1159428.017,10.48526117,76.44418500,0.356,0.086,8.6,10.0,0.0,18.4,1770,2047,RTK FIXED
6.374,070754.80,10.48525600,76.44418800,10.48525595,76.44418860,658051.888,1159427.093,108.00,658051.980,1159427.098,108.4,1,658051.450,1159428.017,10.48526117,76.44418500,0.360,0.082,8.7,10.0,0.5,16.6,1786,2047,RTK FIXED
6.419,070754.80,10.48525600,76.44418800,10.48525597,76.44418836,658051.888,1159427.093,108.00,658051.943,1159427.096,108.4,1,658051.450,1159428.017,10.48526117,76.44418500,0.360,0.082,8.7,10.0,-0.5,18.1,1786,2047,RTK FIXED
6.474,070754.80,10.48525600,76.44418800,10.48525598,76.44418822,658051.888,1159427.093,108.00,658051.921,1159427.094,108.4,1,658051.450,1159428.017,10.48526117,76.44418500,0.360,0.082,8.7,10.0,0.0,18.5,1786,2047,RTK FIXED
6.528,070755.00,10.48525600,76.44418800,10.48525599,76.44418813,658051.888,1159427.093,108.00,658051.908,1159427.094,122.5,1,658051.450,1159428.017,10.48526117,76.44418500,0.365,0.001,10.0,10.0,0.0,16.0,2045,2047,RTK FIXED
6.574,070755.00,10.48525600,76.44418800,10.48525599,76.44418808,658051.888,1159427.093,108.00,658051.900,1159427.093,122.5,1,658051.450,1159428.017,10.48526117,76.44418500,0.365,0.001,10.0,10.0,0.5,18.0,2045,2047,RTK FIXED
6.627,070755.00,10.48525600,76.44418800,10.48525600,76.44418805,658051.888,1159427.093,108.00,658051.895,1159427.093,122.5,1,658051.450,1159428.017,10.48526117,76.44418500,0.365,0.001,10.0,10.0,0.0,17.8,2045,2047,RTK FIXED
6.674,070755.20,10.48525700,76.44418800,10.48525640,76.44418803,658051.971,1159427.240,108.00,658051.925,1159427.152,122.5,1,658051.450,1159428.017,10.48526117,76.44418500,0.366,-0.003,10.0,10.0,-0.5,19.2,2047,2037,RTK FIXED
6.728,070755.20,10.48525700,76.44418800,10.48525664,76.44418802,658051.971,1159427.240,108.00,658051.944,1159427.187,122.5,1,658051.450,1159428.017,10.48526117,76.44418500,0.366,-0.003,10.0,10.0,0.0,18.3,2047,2037,RTK FIXED
6.774,070755.20,10.48525700,76.44418800,10.48525678,76.44418801,658051.971,1159427.240,108.00,658051.955,1159427.208,122.5,1,658051.450,1159428.017,10.48526117,76.44418500,0.366,-0.003,10.0,10.0,0.0,18.8,2047,2037,RTK FIXED
6.827,070755.20,10.48525700,76.44418800,10.48525687,76.44418801,658051.971,1159427.240,108.00,658051.961,1159427.221,122.5,1,658051.450,1159428.017,10.48526117,76.44418500,0.366,-0.003,10.0,10.0,0.0,19.5,2047,2037,RTK FIXED
6.874,070755.20,10.48525700,76.44418800,10.48525692,76.44418800,658051.971,1159427.240,108.00,658051.965,1159427.229,122.5,1,658051.450,1159428.017,10.48526117,76.44418500,0.366,-0.003,10.0,10.0,0.0,19.1,2047,2037,RTK FIXED
6.928,070755.40,10.48525700,76.44418800,10.48525695,76.44418800,658051.971,1159427.240,108.00,658051.967,1159427.233,110.1,1,658051.450,1159428.017,10.48526117,76.44418500,0.359,0.065,9.0,10.0,0.0,18.9,1835,2047,RTK FIXED
6.974,070755.40,10.48525700,76.44418800,10.48525697,76.44418800,658051.971,1159427.240,108.00,658051.969,1159427.236,110.1,1,658051.450,1159428.017,10.48526117,76.44418500,0.359,0.065,9.0,10.0,0.5,17.0,1835,2047,RTK FIXED
7.027,070755.40,10.48525700,76.44418800,10.48525698,76.44418800,658051.971,1159427.240,108.00,658051.970,1159427.238,110.1,1,658051.450,1159428.017,10.48526117,76.44418500,0.359,0.065,9.0,10.0,-0.5,19.4,1835,2047,RTK FIXED
7.074,070755.40,10.48525700,76.44418800,10.48525699,76.44418800,658051.971,1159427.240,108.00,658051.970,1159427.239,110.1,1,658051.450,1159428.017,10.48526117,76.44418500,0.359,0.065,9.0,10.0,0.0,18.8,1835,2047,RTK FIXED
7.128,070755.60,10.48525700,76.44418800,10.48525699,76.44418800,658051.898,1159427.207,108.00,658051.941,1159427.226,110.1,1,658051.450,1159428.017,10.48526117,76.44418500,0.360,0.075,8.8,10.0,0.0,19.2,1806,2047,RTK FIXED
7.174,070755.60,10.48525700,76.44418800,10.48525700,76.44418800,658051.898,1159427.207,108.00,658051.924,1159427.218,110.1,1,658051.450,1159428.017,10.48526117,76.44418500,0.360,0.075,8.8,10.0,0.6,18.9,1806,2047,RTK FIXED
7.228,070755.60,10.48525700,76.44418800,10.48525700,76.44418800,658051.898,1159427.207,108.00,658051.914,1159427.213,110.1,1,658051.450,1159428.017,10.48526117,76.44418500,0.360,0.075,8.8,10.0,-0.5,17.9,1806,2047,RTK FIXED
7.281,070755.60,10.48525700,76.44418800,10.48525700,76.44418800,658051.898,1159427.207,108.00,658051.907,1159427.211,110.1,1,658051.450,1159428.017,10.48526117,76.44418500,0.360,0.075,8.8,10.0,0.5,17.4,1806,2047,RTK FIXED
7.329,070755.60,10.48525700,76.44418800,10.48525700,76.44418800,658051.898,1159427.207,108.00,658051.904,1159427.209,110.1,1,658051.450,1159428.017,10.48526117,76.44418500,0.360,0.075,8.8,10.0,0.0,17.3,1806,2047,RTK FIXED
7.382,070755.80,10.48525700,76.44418700,10.48525700,76.44418760,658051.789,1159427.206,108.00,658051.858,1159427.208,127.4,1,658051.450,1159428.017,10.48526117,76.44418500,0.362,-0.031,10.0,9.5,-0.5,16.1,2047,1943,RTK FIXED
7.427,070755.80,10.48525700,76.44418700,10.48525700,76.44418736,658051.789,1159427.206,108.00,658051.830,1159427.207,127.4,1,658051.450,1159428.017,10.48526117,76.44418500,0.362,-0.031,10.0,9.5,0.0,17.5,2047,1943,RTK FIXED
7.482,070755.80,10.48525700,76.44418700,10.48525700,76.44418722,658051.789,1159427.206,108.00,658051.813,1159427.207,127.4,1,658051.450,1159428.017,10.48526117,76.44418500,0.362,-0.031,10.0,9.5,0.0,18.1,2047,1943,RTK FIXED
7.527,070755.80,10.48525700,76.44418700,10.48525700,76.44418713,658051.789,1159427.206,108.00,658051.804,1159427.206,127.4,1,658051.450,1159428.017,10.48526117,76.44418500,0.362,-0.031,10.0,9.5,0.0,17.4,2047,1943,RTK FIXED
7.582,070755.80,10.48525700,76.44418700,10.48525700,76.44418708,658051.789,1159427.206,108.00,658051.798,1159427.206,127.4,1,658051.450,1159428.017,10.48526117,76.44418500,0.362,-0.031,10.0,9.5,0.5,18.1,2047,1943,RTK FIXED
7.628,070756.00,10.48525800,76.44418700,10.48525740,76.44418705,658051.887,1159427.368,108.00,658051.833,1159427.271,127.4,1,658051.450,1159428.017,10.48526117,76.44418500,0.364,-0.044,10.0,9.3,-0.5,17.5,2047,1904,RTK FIXED
7.682,070756.00,10.48525800,76.44418700,10.48525764,76.44418703,658051.887,1159427.368,108.00,658051.855,1159427.310,127.4,1,658051.450,1159428.017,10.48526117,76.44418500,0.364,-0.044,10.0,9.3,0.5,17.3,2047,1904,RTK FIXED
7.736,070756.20,10.48525800,76.44418700,10.48525778,76.44418702,658051.887,1159427.368,108.00,658051.868,1159427.333,115.2,1,658051.450,1159428.017,10.48526117,76.44418500,0.364,0.020,9.7,10.0,0.0,15.3,1982,2047,RTK FIXED
7.782,070756.20,10.48525800,76.44418700,10.48525787,76.44418701,658051.887,1159427.368,108.00,658051.876,1159427.347,115.2,1,658051.450,1159428.017,10.48526117,76.44418500,0.364,0.020,9.7,10.0,0.0,14.9,1982,2047,RTK FIXED
7.827,070756.20,10.48525800,76.44418700,10.48525792,76.44418701,658051.887,1159427.368,108.00,658051.880,1159427.355,115.2,1,658051.450,1159428.017,10.48526117,76.44418500,0.364,0.020,9.7,10.0,0.0,15.7,1982,2047,RTK FIXED
7.882,070756.40,10.48525800,76.44418700,10.48525795,76.44418700,658051.819,1159427.328,108.00,658051.856,1159427.344,115.2,1,658051.450,1159428.017,10.48526117,76.44418500,0.365,0.027,9.6,10.0,-0.5,17.8,1957,2047,RTK FIXED
7.927,070756.40,10.48525800,76.44418700,10.48525797,76.44418700,658051.819,1159427.328,108.00,658051.841,1159427.338,115.2,1,658051.450,1159428.017,10.48526117,76.44418500,0.365,0.027,9.6,10.0,0.0,17.2,1957,2047,RTK FIXED
7.982,070756.40,10.48525800,76.44418700,10.48525798,76.44418700,658051.819,1159427.328,108.00,658051.832,1159427.334,115.2,1,658051.450,1159428.017,10.48526117,76.44418500,0.365,0.027,9.6,10.0,0.0,17.6,1957,2047,RTK FIXED
8.036,070756.40,10.48525800,76.44418700,10.48525799,76.44418700,658051.819,1159427.328,108.00,658051.827,1159427.332,115.2,1,658051.450,1159428.017,10.48526117,76.44418500,0.365,0.027,9.6,10.0,0.5,14.7,1957,2047,RTK FIXED
8.082,070756.60,10.48525900,76.44418700,10.48525839,76.44418700,658051.818,1159427.439,108.00,658051.823,1159427.375,115.2,1,658051.450,1159428.017,10.48526117,76.44418500,0.365,0.033,9.5,10.0,0.0,17.2,1940,2047,RTK FIXED
8.135,070756.60,10.48525900,76.44418700,10.48525864,76.44418700,658051.818,1159427.439,108.00,658051.821,1159427.400,115.2,1,658051.450,1159428.017,10.48526117,76.44418500,0.365,0.033,9.5,10.0,0.0,15.5,1940,2047,RTK FIXED
8.182,070756.60,10.48525900,76.44418700,10.48525878,76.44418700,658051.818,1159427.439,108.00,658051.820,1159427.416,115.2,1,658051.450,1159428.017,10.48526117,76.44418500,0.365,0.033,9.5,10.0,0.0,17.7,1940,2047,RTK FIXED
8.236,070756.60,10.48525900,76.44418700,10.48525887,76.44418700,658051.818,1159427.439,108.00,658051.819,1159427.425,115.2,1,658051.450,1159428.017,10.48526117,76.44418500,0.365,0.033,9.5,10.0,0.0,18.1,1940,2047,RTK FIXED
8.282,070756.80,10.48525900,76.44418600,10.48525892,76.44418660,658051.709,1159427.439,108.00,658051.775,1159427.430,121.7,1,658051.450,1159428.017,10.48526117,76.44418500,0.366,-0.005,10.0,9.9,0.0,17.4,2047,2029,RTK FIXED
8.336,070756.80,10.48525900,76.44418600,10.48525895,76.44418636,658051.709,1159427.439,108.00,658051.748,1159427.434,121.7,1,658051.450,1159428.017,10.48526117,76.44418500,0.366,-0.005,10.0,9.9,0.0,16.3,2047,2029,RTK FIXED
8.382,070756.80,10.48525900,76.44418600,10.48525897,76.44418622,658051.709,1159427.439,108.00,658051.733,1159427.436,121.7,1,658051.450,1159428.017,10.48526117,76.44418500,0.366,-0.005,10.0,9.9,0.0,17.4,2047,2029,RTK FIXED
8.436,070756.80,10.48525900,76.44418600,10.48525898,76.44418613,658051.709,1159427.439,108.00,658051.723,1159427.437,121.7,1,658051.450,1159428.017,10.48526117,76.44418500,0.366,-0.005,10.0,9.9,-0.5,17.8,2047,2029,RTK FIXED
8.483,070757.00,10.48525900,76.44418600,10.48525899,76.44418608,658051.747,1159427.458,108.00,658051.732,1159427.445,121.7,1,658051.450,1159428.017,10.48526117,76.44418500,0.366,-0.017,10.0,9.7,0.5,17.8,2047,1992,RTK FIXED
8.535,070757.00,10.48525900,76.44418600,10.48525899,76.44418605,658051.747,1159427.458,108.00,658051.738,1159427.450,121.7,1,658051.450,1159428.017,10.48526117,76.44418500,0.366,-0.017,10.0,9.7,0.0,17.5,2047,1992,RTK FIXED
8.582,070757.00,10.48525900,76.44418600,10.48525900,76.44418603,658051.747,1159427.458,108.00,658051.741,1159427.453,121.7,1,658051.450,1159428.017,10.48526117,76.44418500,0.366,-0.017,10.0,9.7,-0.5,16.1,2047,1992,RTK FIXED
8.636,070757.20,10.48525900,76.44418600,10.48525900,76.44418602,658051.747,1159427.458,108.00,658051.743,1159427.455,121.7,1,658051.450,1159428.017,10.48526117,76.44418500,0.366,-0.020,10.0,9.7,0.0,17.1,2047,1980,RTK FIXED
8.682,070757.20,10.48525900,76.44418600,10.48525900,76.44418601,658051.747,1159427.458,108.00,658051.745,1159427.456,121.7,1,658051.450,1159428.017,10.48526117,76.44418500,0.366,-0.020,10.0,9.7,0.5,17.5,2047,1980,RTK FIXED
8.735,070757.20,10.48525900,76.44418600,10.48525900,76.44418601,658051.747,1159427.458,108.00,658051.745,1159427.457,121.7,1,658051.450,1159428.017,10.48526117,76.44418500,0.366,-0.020,10.0,9.7,-0.5,17.7,2047,1980,RTK FIXED
8.783,070757.20,10.48525900,76.44418600,10.48525900,76.44418600,658051.747,1159427.458,108.00,658051.746,1159427.457,121.7,1,658051.450,1159428.017,10.48526117,76.44418500,0.366,-0.020,10.0,9.7,0.5,17.7,2047,1980,RTK FIXED
8.835,070757.20,10.48525900,76.44418600,10.48525900,76.44418600,658051.747,1159427.458,108.00,658051.746,1159427.457,121.7,1,658051.450,1159428.017,10.48526117,76.44418500,0.366,-0.020,10.0,9.7,0.0,17.3,2047,1980,RTK FIXED
8.890,070757.40,10.48526000,76.44418600,10.48525940,76.44418600,658051.746,1159427.568,108.00,658051.746,1159427.502,118.0,1,658051.450,1159428.017,10.48526117,76.44418500,0.366,-0.005,10.0,9.9,0.0,16.6,2047,2030,RTK FIXED
8.935,070757.40,10.48526000,76.44418600,10.48525964,76.44418600,658051.746,1159427.568,108.00,658051.746,1159427.528,118.0,1,658051.450,1159428.017,10.48526117,76.44418500,0.366,-0.005,10.0,9.9,-0.5,18.1,2047,2030,RTK FIXED
8.990,070757.40,10.48526000,76.44418600,10.48525978,76.44418600,658051.746,1159427.568,108.00,658051.746,1159427.544,118.0,1,658051.450,1159428.017,10.48526117,76.44418500,0.366,-0.005,10.0,9.9,0.5,18.6,2047,2030,RTK FIXED
9.035,070757.40,10.48526000,76.44418600,10.48525987,76.44418600,658051.746,1159427.568,108.00,658051.746,1159427.554,118.0,1,658051.450,1159428.017,10.48526117,76.44418500,0.366,-0.005,10.0,9.9,-0.5,18.4,2047,2030,RTK FIXED
9.091,070757.40,10.48526000,76.44418600,10.48525992,76.44418600,658051.746,1159427.568,108.00,658051.746,1159427.560,118.0,1,658051.450,1159428.017,10.48526117,76.44418500,0.366,-0.005,10.0,9.9,0.0,18.1,2047,2030,RTK FIXED
9.144,070757.60,10.48526000,76.44418600,10.48525995,76.44418600,658051.725,1159427.557,108.00,658051.738,1159427.559,118.0,1,658051.450,1159428.017,10.48526117,76.44418500,0.366,-0.001,10.0,10.0,0.0,15.2,2047,2043,RTK FIXED
9.190,070757.60,10.48526000,76.44418600,10.48525997,76.44418600,658051.725,1159427.557,108.00,658051.733,1159427.558,118.0,1,658051.450,1159428.017,10.48526117,76.44418500,0.366,-0.001,10.0,10.0,0.0,15.3,2047,2043,RTK FIXED
9.243,070757.60,10.48526000,76.44418600,10.48525998,76.44418600,658051.725,1159427.557,108.00,658051.730,1159427.558,118.0,1,658051.450,1159428.017,10.48526117,76.44418500,0.366,-0.001,10.0,10.0,0.0,18.1,2047,2043,RTK FIXED
9.290,070757.60,10.48526000,76.44418600,10.48525999,76.44418600,658051.725,1159427.557,108.00,658051.728,1159427.557,118.0,1,658051.450,1159428.017,10.48526117,76.44418500,0.366,-0.001,10.0,10.0,0.5,16.3,2047,2043,RTK FIXED
9.343,070757.60,10.48526000,76.44418600,10.48525999,76.44418600,658051.725,1159427.557,108.00,658051.727,1159427.557,118.0,1,658051.450,1159428.017,10.48526117,76.44418500,0.366,-0.001,10.0,10.0,-0.5,16.7,2047,2043,RTK FIXED
9.391,070757.80,10.48526000,76.44418500,10.48526000,76.44418560,658051.616,1159427.556,108.00,658051.682,1159427.557,118.0,1,658051.450,1159428.017,10.48526117,76.44418500,0.366,-0.003,10.0,10.0,0.0,17.0,2047,2037,RTK FIXED
9.443,070757.80,10.48526000,76.44418500,10.48526000,76.44418536,658051.616,1159427.556,108.00,658051.656,1159427.557,118.0,1,658051.450,1159428.017,10.48526117,76.44418500,0.366,-0.003,10.0,10.0,0.5,18.9,2047,2037,RTK FIXED
9.490,070757.80,10.48526000,76.44418500,10.48526000,76.44418522,658051.616,1159427.556,108.00,658051.640,1159427.557,118.0,1,658051.450,1159428.017,10.48526117,76.44418500,0.366,-0.003,10.0,10.0,-0.5,16.3,2047,2037,RTK FIXED
9.543,070757.80,10.48526000,76.44418500,10.48526000,76.44418513,658051.616,1159427.556,108.00,658051.630,1159427.557,118.0,1,658051.450,1159428.017,10.48526117,76.44418500,0.366,-0.003,10.0,10.0,0.5,19.0,2047,2037,RTK FIXED
9.591,070758.00,10.48526100,76.44418500,10.48526040,76.44418508,658051.615,1159427.667,108.00,658051.624,1159427.601,122.8,1,658051.450,1159428.017,10.48526117,76.44418500,0.364,-0.033,10.0,9.5,-0.5,18.5,2047,1938,RTK FIXED
9.643,070758.00,10.48526100,76.44418500,10.48526064,76.44418505,658051.615,1159427.667,108.00,658051.620,1159427.627,122.8,1,658051.450,1159428.017,10.48526117,76.44418500,0.364,-0.033,10.0,9.5,0.0,18.4,2047,1938,RTK FIXED
9.690,070758.00,10.48526100,76.44418500,10.48526078,76.44418503,658051.615,1159427.667,108.00,658051.618,1159427.643,122.8,1,658051.450,1159428.017,10.48526117,76.44418500,0.364,-0.033,10.0,9.5,0.5,19.0,2047,1938,RTK FIXED
9.744,070758.20,10.48526100,76.44418500,10.48526087,76.44418502,658051.642,1159427.682,108.00,658051.628,1159427.659,122.8,1,658051.450,1159428.017,10.48526117,76.44418500,0.353,-0.037,10.0,9.4,-0.5,16.9,2047,1923,RTK FIXED
9.798,070758.20,10.48526100,76.44418500,10.48526092,76.44418501,658051.642,1159427.682,108.00,658051.633,1159427.668,122.8,1,658051.450,1159428.017,10.48526117,76.44418500,0.353,-0.037,10.0,9.4,0.0,18.4,2047,1923,RTK FIXED
9.843,070758.20,10.48526100,76.44418500,10.48526095,76.44418501,658051.642,1159427.682,108.00,658051.637,1159427.674,122.8,1,658051.450,1159428.017,10.48526117,76.44418500,0.353,-0.037,10.0,9.4,0.5,17.3,2047,1923,RTK FIXED
9.898,070758.40,10.48526100,76.44418500,10.48526097,76.44418500,658051.642,1159427.682,108.00,658051.639,1159427.677,122.8,1,658051.450,1159428.017,10.48526117,76.44418500,0.335,-0.035,10.0,9.4,0.0,16.6,2047,1923,RTK FIXED
9.944,070758.40,10.48526100,76.44418500,10.48526098,76.44418500,658051.642,1159427.682,108.00,658051.640,1159427.679,122.8,1,658051.450,1159428.017,10.48526117,76.44418500,0.335,-0.035,10.0,9.4,-0.5,15.2,2047,1923,RTK FIXED
9.998,070758.40,10.48526100,76.44418500,10.48526099,76.44418500,658051.642,1159427.682,108.00,658051.641,1159427.680,122.8,1,658051.450,1159428.017,10.48526117,76.44418500,0.335,-0.035,10.0,9.4,0.5,17.7,2047,1923,RTK FIXED
10.044,070758.40,10.48526100,76.44418500,10.48526099,76.44418500,658051.642,1159427.682,108.00,658051.641,1159427.681,122.8,1,658051.450,1159428.017,10.48526117,76.44418500,0.335,-0.035,10.0,9.4,0.0,17.2,2047,1923,RTK FIXED
10.106,070758.60,10.48526200,76.44418500,10.48526140,76.44418500,658051.641,1159427.793,108.00,658051.641,1159427.726,115.2,2,658050.898,1159428.918,10.48526933,76.44418000,0.364,0.023,9.6,10.0,0.0,17.7,1972,2047,RTK FIXED
10.144,070758.60,10.48526200,76.44418500,10.48526164,76.44418500,658051.641,1159427.793,108.00,658051.641,1159427.752,115.2,2,658050.898,1159428.918,10.48526933,76.44418000,0.364,0.023,9.6,10.0,0.0,16.6,1972,2047,RTK FIXED
10.198,070758.60,10.48526200,76.44418500,10.48526178,76.44418500,658051.641,1159427.793,108.00,658051.641,1159427.768,115.2,2,658050.898,1159428.918,10.48526933,76.44418000,0.364,0.023,9.6,10.0,-0.5,17.2,1972,2047,RTK FIXED
10.244,070758.60,10.48526200,76.44418500,10.48526187,76.44418500,658051.641,1159427.793,108.00,658051.641,1159427.778,115.2,2,658050.898,1159428.918,10.48526933,76.44418000,0.364,0.023,9.6,10.0,0.0,16.3,1972,2047,RTK FIXED
10.298,070758.60,10.48526200,76.44418500,10.48526192,76.44418500,658051.641,1159427.793,108.00,658051.641,1159427.784,115.2,2,658050.898,1159428.918,10.48526933,76.44418000,0.364,0.023,9.6,10.0,0.5,14.4,1972,2047,RTK FIXED
10.345,070758.80,10.48526200,76.44418500,10.48526195,76.44418500,658051.598,1159427.770,108.00,658051.624,1159427.778,115.2,2,658050.898,1159428.918,10.48526933,76.44418000,0.364,0.036,9.4,10.0,0.0,18.1,1928,2047,RTK FIXED
10.399,070758.80,10.48526200,76.44418500,10.48526197,76.44418500,658051.598,1159427.770,108.00,658051.613,1159427.775,115.2,2,658050.898,1159428.918,10.48526933,76.44418000,0.364,0.036,9.4,10.0,-0.5,16.3,1928,2047,RTK FIXED
10.443,070758.80,10.48526200,76.44418500,10.48526198,76.44418500,658051.598,1159427.770,108.00,658051.607,1159427.773,115.2,2,658050.898,1159428.918,10.48526933,76.44418000,0.364,0.036,9.4,10.0,0.5,15.9,1928,2047,RTK FIXED
10.498,070758.80,10.48526200,76.44418500,10.48526199,76.44418500,658051.598,1159427.770,108.00,658051.603,1159427.772,115.2,2,658050.898,1159428.918,10.48526933,76.44418000,0.364,0.036,9.4,10.0,0.0,16.2,1928,2047,RTK FIXED
10.552,070758.80,10.48526200,76.44418500,10.48526199,76.44418500,658051.598,1159427.770,108.00,658051.601,1159427.771,115.2,2,658050.898,1159428.918,10.48526933,76.44418000,0.364,0.036,9.4,10.0,-0.5,17.9,1928,2047,RTK FIXED
10.605,070759.00,10.48526200,76.44418400,10.48526200,76.44418460,658051.488,1159427.769,108.00,658051.556,1159427.770,126.0,2,658050.898,1159428.918,10.48526933,76.44418000,0.364,-0.022,10.0,9.6,0.5,18.7,2047,1974,RTK FIXED
10.659,070759.00,10.48526200,76.44418400,10.48526200,76.44418436,658051.488,1159427.769,108.00,658051.529,1159427.770,126.0,2,658050.898,1159428.918,10.48526933,76.44418000,0.364,-0.022,10.0,9.6,0.0,15.4,2047,1974,RTK FIXED
10.706,070759.00,10.48526200,76.44418400,10.48526200,76.44418422,658051.488,1159427.769,108.00,658051.513,1159427.770,126.0,2,658050.898,1159428.918,10.48526933,76.44418000,0.364,-0.022,10.0,9.6,-0.5,17.0,2047,1974,RTK FIXED
10.752,070759.20,10.48526300,76.44418400,10.48526240,76.44418413,658051.549,1159427.914,108.00,658051.527,1159427.827,126.0,2,658050.898,1159428.918,10.48526933,76.44418000,0.365,-0.028,10.0,9.5,0.5,17.2,2047,1954,RTK FIXED
10.806,070759.20,10.48526300,76.44418400,10.48526264,76.44418408,658051.549,1159427.914,108.00,658051.536,1159427.862,126.0,2,658050.898,1159428.918,10.48526933,76.44418000,0.365,-0.028,10.0,9.5,-0.5,14.9,2047,1954,RTK FIXED
10.852,070759.20,10.48526300,76.44418400,10.48526278,76.44418405,658051.549,1159427.914,108.00,658051.541,1159427.883,126.0,2,658050.898,1159428.918,10.48526933,76.44418000,0.365,-0.028,10.0,9.5,0.5,16.8,2047,1954,RTK FIXED
10.906,070759.40,10.48526300,76.44418400,10.48526287,76.44418403,658051.549,1159427.914,108.00,658051.544,1159427.895,117.5,2,658050.898,1159428.918,10.48526933,76.44418000,0.365,0.011,9.8,10.0,0.0,17.0,2009,2047,RTK FIXED
10.959,070759.40,10.48526300,76.44418400,10.48526292,76.44418402,658051.549,1159427.914,108.00,658051.546,1159427.903,117.5,2,658050.898,1159428.918,10.48526933,76.44418000,0.365,0.011,9.8,10.0,0.0,17.3,2009,2047,RTK FIXED
11.006,070759.40,10.48526300,76.44418400,10.48526295,76.44418401,658051.549,1159427.914,108.00,658051.547,1159427.907,117.5,2,658050.898,1159428.918,10.48526933,76.44418000,0.365,0.011,9.8,10.0,0.0,16.8,2009,2047,RTK FIXED
11.059,070759.40,10.48526300,76.44418400,10.48526297,76.44418401,658051.549,1159427.914,108.00,658051.548,1159427.910,117.5,2,658050.898,1159428.918,10.48526933,76.44418000,0.365,0.011,9.8,10.0,0.0,17.6,2009,2047,RTK FIXED
11.106,070759.40,10.48526300,76.44418400,10.48526298,76.44418400,658051.549,1159427.914,108.00,658051.548,1159427.911,117.5,2,658050.898,1159428.918,10.48526933,76.44418000,0.365,0.011,9.8,10.0,0.0,17.9,2009,2047,RTK FIXED
11.160,070759.60,10.48526300,76.44418400,10.48526299,76.44418400,658051.501,1159427.886,108.00,658051.529,1159427.901,117.5,2,658050.898,1159428.918,10.48526933,76.44418000,0.366,0.017,9.7,10.0,0.0,15.7,1990,2047,RTK FIXED
11.206,070759.60,10.48526300,76.44418400,10.48526299,76.44418400,658051.501,1159427.886,108.00,658051.518,1159427.895,117.5,2,658050.898,1159428.918,10.48526933,76.44418000,0.366,0.017,9.7,10.0,0.0,18.5,1990,2047,RTK FIXED
11.260,070759.60,10.48526300,76.44418400,10.48526300,76.44418400,658051.501,1159427.886,108.00,658051.511,1159427.892,117.5,2,658050.898,1159428.918,10.48526933,76.44418000,0.366,0.017,9.7,10.0,0.0,18.0,1990,2047,RTK FIXED
11.306,070759.60,10.48526300,76.44418400,10.48526300,76.44418400,658051.501,1159427.886,108.00,658051.507,1159427.889,117.5,2,658050.898,1159428.918,10.48526933,76.44418000,0.366,0.017,9.7,10.0,0.0,15.8,1990,2047,RTK FIXED
11.360,070759.80,10.48526400,76.44418400,10.48526340,76.44418400,658051.501,1159427.997,108.00,658051.505,1159427.932,117.5,2,658050.898,1159428.918,10.48526933,76.44418000,0.365,0.024,9.6,10.0,0.0,17.5,1967,2047,RTK FIXED
11.406,070759.80,10.48526400,76.44418400,10.48526364,76.44418400,658051.501,1159427.997,108.00,658051.503,1159427.958,117.5,2,658050.898,1159428.918,10.48526933,76.44418000,0.365,0.024,9.6,10.0,0.0,18.1,1967,2047,RTK FIXED
11.460,070759.80,10.48526400,76.44418400,10.48526378,76.44418400,658051.501,1159427.997,108.00,658051.502,1159427.974,117.5,2,658050.898,1159428.918,10.48526933,76.44418000,0.365,0.024,9.6,10.0,-0.5,17.1,1967,2047,RTK FIXED
11.514,070759.80,10.48526400,76.44418400,10.48526387,76.44418400,658051.501,1159427.997,108.00,658051.502,1159427.983,117.5,2,658050.898,1159428.918,10.48526933,76.44418000,0.365,0.024,9.6,10.0,0.0,17.8,1967,2047,RTK FIXED
11.560,070800.00,10.48526400,76.44418300,10.48526392,76.44418360,658051.391,1159427.996,108.00,658051.458,1159427.988,121.9,2,658050.898,1159428.918,10.48526933,76.44418000,0.366,0.003,9.9,10.0,0.0,13.7,2036,2047,RTK FIXED
11.614,070800.00,10.48526400,76.44418300,10.48526395,76.44418336,658051.391,1159427.996,108.00,658051.431,1159427.991,121.9,2,658050.898,1159428.918,10.48526933,76.44418000,0.366,0.003,9.9,10.0,0.5,17.1,2036,2047,RTK FIXED
11.660,070800.00,10.48526400,76.44418300,10.48526397,76.44418322,658051.391,1159427.996,108.00,658051.415,1159427.993,121.9,2,658050.898,1159428.918,10.48526933,76.44418000,0.366,0.003,9.9,10.0,-0.5,15.6,2036,2047,RTK FIXED
11.714,070800.20,10.48526400,76.44418300,10.48526398,76.44418313,658051.417,1159428.010,108.00,658051.416,1159428.000,121.9,2,658050.898,1159428.918,10.48526933,76.44418000,0.366,-0.005,10.0,9.9,0.5,17.8,2047,2032,RTK FIXED
11.760,070800.20,10.48526400,76.44418300,10.48526399,76.44418308,658051.417,1159428.010,108.00,658051.416,1159428.004,121.9,2,658050.898,1159428.918,10.48526933,76.44418000,0.366,-0.005,10.0,9.9,0.0,18.4,2047,2032,RTK FIXED
11.814,070800.20,10.48526400,76.44418300,10.48526399,76.44418305,658051.417,1159428.010,108.00,658051.416,1159428.006,121.9,2,658050.898,1159428.918,10.48526933,76.44418000,0.366,-0.005,10.0,9.9,-0.5,15.9,2047,2032,RTK FIXED
11.859,070800.20,10.48526400,76.44418300,10.48526400,76.44418303,658051.417,1159428.010,108.00,658051.417,1159428.008,121.9,2,658050.898,1159428.918,10.48526933,76.44418000,0.366,-0.005,10.0,9.9,0.5,17.3,2047,2032,RTK FIXED
11.914,070800.40,10.48526500,76.44418300,10.48526440,76.44418302,658051.416,1159428.120,108.00,658051.416,1159428.053,119.0,2,658050.898,1159428.918,10.48526933,76.44418000,0.366,0.005,9.9,10.0,-0.5,18.4,2032,2047,RTK FIXED
11.960,070800.40,10.48526500,76.44418300,10.48526464,76.44418301,658051.416,1159428.120,108.00,658051.416,1159428.080,119.0,2,658050.898,1159428.918,10.48526933,76.44418000,0.366,0.005,9.9,10.0,0.5,17.4,2032,2047,RTK FIXED
12.014,070800.40,10.48526500,76.44418300,10.48526478,76.44418301,658051.416,1159428.120,108.00,658051.416,1159428.096,119.0,2,658050.898,1159428.918,10.48526933,76.44418000,0.366,0.005,9.9,10.0,-0.5,16.8,2032,2047,RTK FIXED
12.060,070800.40,10.48526500,76.44418300,10.48526487,76.44418300,658051.416,1159428.120,108.00,658051.416,1159428.106,119.0,2,658050.898,1159428.918,10.48526933,76.44418000,0.366,0.005,9.9,10.0,0.5,17.6,2032,2047,RTK FIXED
12.114,070800.40,10.48526500,76.44418300,10.48526492,76.44418300,658051.416,1159428.120,108.00,658051.416,1159428.112,119.0,2,658050.898,1159428.918,10.48526933,76.44418000,0.366,0.005,9.9,10.0,0.0,16.4,2032,2047,RTK FIXED
12.168,070800.60,10.48526500,76.44418300,10.48526495,76.44418300,658051.400,1159428.111,108.00,658051.410,1159428.112,119.0,2,658050.898,1159428.918,10.48526933,76.44418000,0.366,0.009,9.9,10.0,0.0,18.4,2018,2047,RTK FIXED
12.214,070800.60,10.48526500,76.44418300,10.48526497,76.44418300,658051.400,1159428.111,108.00,658051.406,1159428.111,119.0,2,658050.898,1159428.918,10.48526933,76.44418000,0.366,0.009,9.9,10.0,0.0,15.9,2018,2047,RTK FIXED
12.267,070800.60,10.48526500,76.44418300,10.48526498,76.44418300,658051.400,1159428.111,108.00,658051.403,1159428.111,119.0,2,658050.898,1159428.918,10.48526933,76.44418000,0.366,0.009,9.9,10.0,0.0,18.1,2018,2047,RTK FIXED
12.314,070800.80,10.48526500,76.44418300,10.48526499,76.44418300,658051.400,1159428.111,108.00,658051.402,1159428.111,119.0,2,658050.898,1159428.918,10.48526933,76.44418000,0.366,0.011,9.8,10.0,-0.5,16.6,2011,2047,RTK FIXED
12.368,070800.80,10.48526500,76.44418300,10.48526499,76.44418300,658051.400,1159428.111,108.00,658051.401,1159428.111,119.0,2,658050.898,1159428.918,10.48526933,76.44418000,0.366,0.011,9.8,10.0,0.5,18.0,2011,2047,RTK FIXED
12.414,070800.80,10.48526500,76.44418300,10.48526500,76.44418300,658051.400,1159428.111,108.00,658051.400,1159428.111,119.0,2,658050.898,1159428.918,10.48526933,76.44418000,0.366,0.011,9.8,10.0,-0.5,18.6,2011,2047,RTK FIXED
12.468,070800.80,10.48526500,76.44418300,10.48526500,76.44418300,658051.400,1159428.111,108.00,658051.400,1159428.111,119.0,2,658050.898,1159428.918,10.48526933,76.44418000,0.366,0.011,9.8,10.0,0.5,18.2,2011,2047,RTK FIXED
12.514,070800.80,10.48526500,76.44418300,10.48526500,76.44418300,658051.400,1159428.111,108.00,658051.400,1159428.111,119.0,2,658050.898,1159428.918,10.48526933,76.44418000,0.366,0.011,9.8,10.0,0.0,17.8,2011,2047,RTK FIXED
12.568,070801.00,10.48526600,76.44418200,10.48526540,76.44418260,658051.290,1159428.221,108.00,658051.356,1159428.155,120.6,2,658050.898,1159428.918,10.48526933,76.44418000,0.366,0.003,10.0,10.0,0.0,18.4,2038,2047,RTK FIXED
12.614,070801.00,10.48526600,76.44418200,10.48526564,76.44418236,658051.290,1159428.221,108.00,658051.329,1159428.182,120.6,2,658050.898,1159428.918,10.48526933,76.44418000,0.366,0.003,10.0,10.0,0.0,16.6,2038,2047,RTK FIXED
12.670,070801.20,10.48526600,76.44418200,10.48526578,76.44418222,658051.299,1159428.226,108.00,658051.317,1159428.200,120.6,2,658050.898,1159428.918,10.48526933,76.44418000,0.366,0.001,10.0,10.0,0.0,18.4,2045,2047,RTK FIXED
12.714,070801.20,10.48526600,76.44418200,10.48526587,76.44418213,658051.299,1159428.226,108.00,658051.310,1159428.210,120.6,2,658050.898,1159428.918,10.48526933,76.44418000,0.366,0.001,10.0,10.0,-0.6,18.6,2045,2047,RTK FIXED
12.768,070801.20,10.48526600,76.44418200,10.48526592,76.44418208,658051.299,1159428.226,108.00,658051.305,1159428.217,120.6,2,658050.898,1159428.918,10.48526933,76.44418000,0.366,0.001,10.0,10.0,0.0,18.4,2045,2047,RTK FIXED
12.814,070801.40,10.48526600,76.44418200,10.48526595,76.44418205,658051.299,1159428.226,108.00,658051.303,1159428.220,120.6,2,658050.898,1159428.918,10.48526933,76.44418000,0.366,0.000,10.0,10.0,0.5,16.7,2046,2047,RTK FIXED
12.868,070801.40,10.48526600,76.44418200,10.48526597,76.44418203,658051.299,1159428.226,108.00,658051.301,1159428.223,120.6,2,658050.898,1159428.918,10.48526933,76.44418000,0.366,0.000,10.0,10.0,-0.5,18.7,2046,2047,RTK FIXED
12.922,070801.40,10.48526600,76.44418200,10.48526598,76.44418202,658051.299,1159428.226,108.00,658051.300,1159428.224,120.6,2,658050.898,1159428.918,10.48526933,76.44418000,0.366,0.000,10.0,10.0,0.0,18.6,2046,2047,RTK FIXED
12.967,070801.40,10.48526600,76.44418200,10.48526599,76.44418201,658051.299,1159428.226,108.00,658051.299,1159428.225,120.6,2,658050.898,1159428.918,10.48526933,76.44418000,0.366,0.000,10.0,10.0,0.5,18.4,2046,2047,RTK FIXED
13.022,070801.40,10.48526600,76.44418200,10.48526599,76.44418201,658051.299,1159428.226,108.00,658051.299,1159428.225,120.6,2,658050.898,1159428.918,10.48526933,76.44418000,0.366,0.000,10.0,10.0,0.0,18.6,2046,2047,RTK FIXED
13.067,070801.40,10.48526600,76.44418200,10.48526600,76.44418200,658051.299,1159428.226,108.00,658051.299,1159428.226,120.6,2,658050.898,1159428.918,10.48526933,76.44418000,0.366,0.000,10.0,10.0,-0.5,19.0,2046,2047,RTK FIXED
13.122,070801.60,10.48526600,76.44418200,10.48526600,76.44418200,658051.299,1159428.226,108.00,658051.299,1159428.226,122.3,2,658050.898,1159428.918,10.48526933,76.44418000,0.366,-0.005,10.0,9.9,0.5,18.7,2047,2029,RTK FIXED
13.167,070801.60,10.48526600,76.44418200,10.48526600,76.44418200,658051.299,1159428.226,108.00,658051.299,1159428.226,122.3,2,658050.898,1159428.918,10.48526933,76.44418000,0.366,-0.005,10.0,9.9,-0.6,18.8,2047,2029,RTK FIXED
13.222,070801.60,10.48526600,76.44418200,10.48526600,76.44418200,658051.299,1159428.226,108.00,658051.299,1159428.226,122.3,2,658050.898,1159428.918,10.48526933,76.44418000,0.366,-0.005,10.0,9.9,0.0,18.5,2047,2029,RTK FIXED
13.268,070801.60,10.48526600,76.44418200,10.48526600,76.44418200,658051.299,1159428.226,108.00,658051.299,1159428.226,122.3,2,658050.898,1159428.918,10.48526933,76.44418000,0.366,-0.005,10.0,9.9,0.5,17.9,2047,2029,RTK FIXED
13.323,070801.80,10.48526700,76.44418200,10.48526640,76.44418200,658051.308,1159428.342,108.00,658051.302,1159428.273,122.3,2,658050.898,1159428.918,10.48526933,76.44418000,0.366,-0.001,10.0,10.0,0.0,18.4,2047,2043,RTK FIXED
13.367,070801.80,10.48526700,76.44418200,10.48526664,76.44418200,658051.308,1159428.342,108.00,658051.305,1159428.301,122.3,2,658050.898,1159428.918,10.48526933,76.44418000,0.366,-0.001,10.0,10.0,-0.5,16.4,2047,2043,RTK FIXED
13.422,070801.80,10.48526700,76.44418200,10.48526678,76.44418200,658051.308,1159428.342,108.00,658051.306,1159428.317,122.3,2,658050.898,1159428.918,10.48526933,76.44418000,0.366,-0.001,10.0,10.0,0.0,18.9,2047,2043,RTK FIXED
13.468,070801.80,10.48526700,76.44418200,10.48526687,76.44418200,658051.308,1159428.342,108.00,658051.307,1159428.327,122.3,2,658050.898,1159428.918,10.48526933,76.44418000,0.366,-0.001,10.0,10.0,0.5,18.4,2047,2043,RTK FIXED
13.522,070801.80,10.48526700,76.44418200,10.48526692,76.44418200,658051.308,1159428.342,108.00,658051.307,1159428.333,122.3,2,658050.898,1159428.918,10.48526933,76.44418000,0.366,-0.001,10.0,10.0,0.0,18.5,2047,2043,RTK FIXED
13.576,070802.00,10.48526700,76.44418100,10.48526695,76.44418160,658051.198,1159428.342,108.00,658051.264,1159428.337,121.2,2,658050.898,1159428.918,10.48526933,76.44418000,0.366,-0.000,10.0,10.0,0.0,18.9,2047,2046,RTK FIXED
13.622,070802.00,10.48526700,76.44418100,10.48526697,76.44418136,658051.198,1159428.342,108.00,658051.238,1159428.339,121.2,2,658050.898,1159428.918,10.48526933,76.44418000,0.366,-0.000,10.0,10.0,-0.5,18.5,2047,2046,RTK FIXED
13.677,070802.00,10.48526700,76.44418100,10.48526698,76.44418122,658051.198,1159428.342,108.00,658051.222,1159428.340,121.2,2,658050.898,1159428.918,10.48526933,76.44418000,0.366,-0.000,10.0,10.0,0.0,18.5,2047,2046,RTK FIXED
13.722,070802.20,10.48526700,76.44418100,10.48526699,76.44418113,658051.192,1159428.338,108.00,658051.210,1159428.339,121.2,2,658050.898,1159428.918,10.48526933,76.44418000,0.366,-0.003,10.0,9.9,0.5,18.5,2047,2037,RTK FIXED
13.775,070802.20,10.48526700,76.44418100,10.48526699,76.44418108,658051.192,1159428.338,108.00,658051.203,1159428.339,121.2,2,658050.898,1159428.918,10.48526933,76.44418000,0.366,-0.003,10.0,9.9,0.0,18.3,2047,2037,RTK FIXED
13.823,070802.20,10.48526700,76.44418100,10.48526700,76.44418105,658051.192,1159428.338,108.00,658051.198,1159428.339,121.2,2,658050.898,1159428.918,10.48526933,76.44418000,0.366,-0.003,10.0,9.9,-0.5,18.9,2047,2037,RTK FIXED
13.876,070802.40,10.48526800,76.44418100,10.48526740,76.44418103,658051.191,1159428.449,108.00,658051.196,1159428.383,121.8,2,658050.898,1159428.918,10.48526933,76.44418000,0.366,-0.002,10.0,10.0,0.0,18.4,2047,2042,RTK FIXED
13.922,070802.40,10.48526800,76.44418100,10.48526764,76.44418102,658051.191,1159428.449,108.00,658051.194,1159428.409,121.8,2,658050.898,1159428.918,10.48526933,76.44418000,0.366,-0.002,10.0,10.0,0.5,15.9,2047,2042,RTK FIXED
13.976,070802.40,10.48526800,76.44418100,10.48526778,76.44418101,658051.191,1159428.449,108.00,658051.193,1159428.425,121.8,2,658050.898,1159428.918,10.48526933,76.44418000,0.366,-0.002,10.0,10.0,0.0,16.3,2047,2042,RTK FIXED
14.023,070802.40,10.48526800,76.44418100,10.48526787,76.44418101,658051.191,1159428.449,108.00,658051.192,1159428.434,121.8,2,658050.898,1159428.918,10.48526933,76.44418000,0.366,-0.002,10.0,10.0,0.0,17.0,2047,2042,RTK FIXED
14.076,070802.60,10.48526800,76.44418100,10.48526792,76.44418100,658051.195,1159428.451,108.00,658051.193,1159428.441,121.8,2,658050.898,1159428.918,10.48526933,76.44418000,0.366,-0.000,10.0,10.0,0.0,18.1,2047,2046,RTK FIXED
14.122,070802.60,10.48526800,76.44418100,10.48526795,76.44418100,658051.195,1159428.451,108.00,658051.194,1159428.445,121.8,2,658050.898,1159428.918,10.48526933,76.44418000,0.366,-0.000,10.0,10.0,-0.6,18.2,2047,2046,RTK FIXED
14.176,070802.60,10.48526800,76.44418100,10.48526797,76.44418100,658051.195,1159428.451,108.00,658051.194,1159428.447,121.8,2,658050.898,1159428.918,10.48526933,76.44418000,0.366,-0.000,10.0,10.0,0.0,16.2,2047,2046,RTK FIXED
14.222,070802.60,10.48526800,76.44418100,10.48526798,76.44418100,658051.195,1159428.451,108.00,658051.194,1159428.449,121.8,2,658050.898,1159428.918,10.48526933,76.44418000,0.366,-0.000,10.0,10.0,0.5,18.3,2047,2046,RTK FIXED
14.276,070802.60,10.48526800,76.44418100,10.48526799,76.44418100,658051.195,1159428.451,108.00,658051.195,1159428.449,121.8,2,658050.898,1159428.918,10.48526933,76.44418000,0.366,-0.000,10.0,10.0,0.0,16.3,2047,2046,RTK FIXED
14.330,070802.80,10.48526900,76.44418100,10.48526839,76.44418100,658051.194,1159428.561,108.00,658051.194,1159428.494,114.9,2,658050.898,1159428.918,10.48526933,76.44418000,0.363,0.042,9.3,10.0,-0.5,17.9,1911,2047,RTK FIXED
14.376,070802.80,10.48526900,76.44418100,10.48526864,76.44418100,658051.194,1159428.561,108.00,658051.194,1159428.521,114.9,2,658050.898,1159428.918,10.48526933,76.44418000,0.363,0.042,9.3,10.0,0.5,15.9,1911,2047,RTK FIXED
14.430,070802.80,10.48526900,76.44418100,10.48526878,76.44418100,658051.194,1159428.561,108.00,658051.194,1159428.537,114.9,2,658050.898,1159428.918,10.48526933,76.44418000,0.363,0.042,9.3,10.0,-0.5,18.1,1911,2047,RTK FIXED
14.476,070802.80,10.48526900,76.44418100,10.48526887,76.44418100,658051.194,1159428.561,108.00,658051.194,1159428.547,114.9,2,658050.898,1159428.918,10.48526933,76.44418000,0.363,0.042,9.3,10.0,0.0,17.9,1911,2047,RTK FIXED
14.531,070803.00,10.48526900,76.44418100,10.48526892,76.44418100,658051.155,1159428.541,108.00,658051.178,1159428.545,114.9,2,658050.898,1159428.918,10.48526933,76.44418000,0.363,0.052,9.2,10.0,0.0,16.4,1879,2047,RTK FIXED
14.576,070803.00,10.48526900,76.44418100,10.48526895,76.44418100,658051.155,1159428.541,108.00,658051.169,1159428.543,114.9,2,658050.898,1159428.918,10.48526933,76.44418000,0.363,0.052,9.2,10.0,0.0,17.7,1879,2047,RTK FIXED
14.630,070803.00,10.48526900,76.44418100,10.48526897,76.44418100,658051.155,1159428.541,108.00,658051.163,1159428.542,114.9,2,658050.898,1159428.918,10.48526933,76.44418000,0.363,0.052,9.2,10.0,0.0,18.0,1879,2047,RTK FIXED
14.677,070803.00,10.48526900,76.44418100,10.48526898,76.44418100,658051.155,1159428.541,108.00,658051.160,1159428.542,114.9,2,658050.898,1159428.918,10.48526933,76.44418000,0.363,0.052,9.2,10.0,0.5,17.4,1879,2047,RTK FIXED
14.731,070803.20,10.48526900,76.44418100,10.48526899,76.44418100,658051.155,1159428.541,108.00,658051.158,1159428.542,114.9,2,658050.898,1159428.918,10.48526933,76.44418000,0.363,0.054,9.1,10.0,0.0,17.9,1871,2047,RTK FIXED
14.776,070803.20,10.48526900,76.44418100,10.48526899,76.44418100,658051.155,1159428.541,108.00,658051.156,1159428.542,114.9,2,658050.898,1159428.918,10.48526933,76.44418000,0.363,0.054,9.1,10.0,-0.6,16.5,1871,2047,RTK FIXED
14.830,070803.20,10.48526900,76.44418100,10.48526900,76.44418100,658051.155,1159428.541,108.00,658051.156,1159428.541,114.9,2,658050.898,1159428.918,10.48526933,76.44418000,0.363,0.054,9.1,10.0,0.5,17.7,1871,2047,RTK FIXED
14.876,070803.20,10.48526900,76.44418100,10.48526900,76.44418100,658051.155,1159428.541,108.00,658051.155,1159428.541,114.9,2,658050.898,1159428.918,10.48526933,76.44418000,0.363,0.054,9.1,10.0,0.0,17.9,1871,2047,RTK FIXED
14.930,070803.20,10.48526900,76.44418100,10.48526900,76.44418100,658051.155,1159428.541,108.00,658051.155,1159428.541,114.9,2,658050.898,1159428.918,10.48526933,76.44418000,0.363,0.054,9.1,10.0,-0.5,17.2,1871,2047,RTK FIXED
14.976,070803.40,10.48526900,76.44418000,10.48526900,76.44418060,658051.045,1159428.541,108.00,658051.111,1159428.541,123.5,2,658050.898,1159428.918,10.48526933,76.44418000,0.362,0.002,10.0,10.0,0.5,17.1,2040,2047,RTK FIXED
15.030,070803.40,10.48526900,76.44418000,10.48526900,76.44418036,658051.045,1159428.541,108.00,658051.085,1159428.541,123.5,2,658050.898,1159428.918,10.48526933,76.44418000,0.362,0.002,10.0,10.0,0.0,17.8,2040,2047,RTK FIXED
15.084,070803.40,10.48526900,76.44418000,10.48526900,76.44418022,658051.045,1159428.541,108.00,658051.069,1159428.541,123.5,2,658050.898,1159428.918,10.48526933,76.44418000,0.362,0.002,10.0,10.0,-0.5,15.8,2040,2047,RTK FIXED
15.130,070803.40,10.48526900,76.44418000,10.48526900,76.44418013,658051.045,1159428.541,108.00,658051.059,1159428.541,123.5,2,658050.898,1159428.918,10.48526933,76.44418000,0.362,0.002,10.0,10.0,0.5,17.3,2040,2047,RTK FIXED
15.184,070803.40,10.48526900,76.44418000,10.48526900,76.44418008,658051.045,1159428.541,108.00,658051.054,1159428.541,123.5,2,658050.898,1159428.918,10.48526933,76.44418000,0.362,0.002,10.0,10.0,0.0,18.1,2040,2047,RTK FIXED
15.233,070803.60,10.48527000,76.44418000,10.48526940,76.44418005,658051.094,1159428.677,108.00,658051.070,1159428.595,123.5,3,658050.347,1159429.818,10.48527750,76.44417500,0.366,-0.002,10.0,10.0,0.0,17.7,2047,2039,RTK FIXED
15.284,070803.60,10.48527000,76.44418000,10.48526964,76.44418003,658051.094,1159428.677,108.00,658051.080,1159428.628,123.5,3,658050.347,1159429.818,10.48527750,76.44417500,0.366,-0.002,10.0,10.0,0.0,15.8,2047,2039,RTK FIXED
15.330,070803.60,10.48527000,76.44418000,10.48526978,76.44418002,658051.094,1159428.677,108.00,658051.085,1159428.648,123.5,3,658050.347,1159429.818,10.48527750,76.44417500,0.366,-0.002,10.0,10.0,-0.5,18.4,2047,2039,RTK FIXED
15.384,070803.80,10.48527000,76.44418000,10.48526987,76.44418001,658051.094,1159428.677,108.00,658051.089,1159428.660,116.5,3,658050.347,1159429.818,10.48527750,76.44417500,0.365,0.028,9.6,10.0,0.0,18.4,1955,2047,RTK FIXED
15.430,070803.80,10.48527000,76.44418000,10.48526992,76.44418001,658051.094,1159428.677,108.00,658051.091,1159428.667,116.5,3,658050.347,1159429.818,10.48527750,76.44417500,0.365,0.028,9.6,10.0,0.5,18.6,1955,2047,RTK FIXED
15.484,070804.00,10.48527000,76.44418000,10.48526995,76.44418000,658051.054,1159428.656,108.00,658051.076,1159428.662,116.5,3,658050.347,1159429.818,10.48527750,76.44417500,0.365,0.032,9.5,10.0,0.0,18.0,1940,2047,RTK FIXED
15.530,070804.00,10.48527000,76.44418000,10.48526997,76.44418000,658051.054,1159428.656,108.00,658051.067,1159428.660,116.5,3,658050.347,1159429.818,10.48527750,76.44417500,0.365,0.032,9.5,10.0,0.0,19.0,1940,2047,RTK FIXED
15.584,070804.00,10.48527000,76.44418000,10.48526998,76.44418000,658051.054,1159428.656,108.00,658051.062,1159428.658,116.5,3,658050.347,1159429.818,10.48527750,76.44417500,0.365,0.032,9.5,10.0,-0.5,18.1,1940,2047,RTK FIXED
15.630,070804.00,10.48527000,76.44418000,10.48526999,76.44418000,658051.054,1159428.656,108.00,658051.059,1159428.657,116.5,3,658050.347,1159429.818,10.48527750,76.44417500,0.365,0.032,9.5,10.0,0.5,15.7,1940,2047,RTK FIXED
15.684,070804.00,10.48527000,76.44418000,10.48526999,76.44418000,658051.054,1159428.656,108.00,658051.057,1159428.657,116.5,3,658050.347,1159429.818,10.48527750,76.44417500,0.365,0.032,9.5,10.0,-0.5,18.6,1940,2047,RTK FIXED
15.730,070804.20,10.48527100,76.44417900,10.48527040,76.44417960,658050.944,1159428.766,108.00,658051.012,1159428.700,123.3,3,658050.347,1159429.818,10.48527750,76.44417500,0.366,0.001,10.0,10.0,0.5,18.3,2042,2047,RTK FIXED
15.784,070804.20,10.48527100,76.44417900,10.48527064,76.44417936,658050.944,1159428.766,108.00,658050.985,1159428.726,123.3,3,658050.347,1159429.818,10.48527750,76.44417500,0.366,0.001,10.0,10.0,-0.5,17.8,2042,2047,RTK FIXED
15.838,070804.20,10.48527100,76.44417900,10.48527078,76.44417922,658050.944,1159428.766,108.00,658050.969,1159428.742,123.3,3,658050.347,1159429.818,10.48527750,76.44417500,0.366,0.001,10.0,10.0,0.0,18.4,2042,2047,RTK FIXED
15.884,070804.20,10.48527100,76.44417900,10.48527087,76.44417913,658050.944,1159428.766,108.00,658050.959,1159428.752,123.3,3,658050.347,1159429.818,10.48527750,76.44417500,0.366,0.001,10.0,10.0,0.0,18.6,2042,2047,RTK FIXED
15.938,070804.20,10.48527100,76.44417900,10.48527092,76.44417908,658050.944,1159428.766,108.00,658050.953,1159428.757,123.3,3,658050.347,1159429.818,10.48527750,76.44417500,0.366,0.001,10.0,10.0,0.0,19.0,2042,2047,RTK FIXED
15.984,070804.40,10.48527100,76.44417900,10.48527095,76.44417905,658050.983,1159428.787,108.00,658050.965,1159428.769,123.3,3,658050.347,1159429.818,10.48527750,76.44417500,0.366,-0.005,10.0,9.9,0.0,17.7,2047,2031,RTK FIXED
16.038,070804.40,10.48527100,76.44417900,10.48527097,76.44417903,658050.983,1159428.787,108.00,658050.972,1159428.776,123.3,3,658050.347,1159429.818,10.48527750,76.44417500,0.366,-0.005,10.0,9.9,0.0,17.7,2047,2031,RTK FIXED
16.084,070804.40,10.48527100,76.44417900,10.48527098,76.44417902,658050.983,1159428.787,108.00,658050.976,1159428.780,123.3,3,658050.347,1159429.818,10.48527750,76.44417500,0.366,-0.005,10.0,9.9,0.5,19.5,2047,2031,RTK FIXED
16.138,070804.60,10.48527100,76.44417900,10.48527099,76.44417901,658050.983,1159428.787,108.10,658050.979,1159428.783,123.3,3,658050.347,1159429.818,10.48527750,76.44417500,0.366,-0.005,10.0,9.9,-0.5,17.9,2047,2029,RTK FIXED
16.184,070804.60,10.48527100,76.44417900,10.48527099,76.44417901,658050.983,1159428.787,108.10,658050.981,1159428.784,123.3,3,658050.347,1159429.818,10.48527750,76.44417500,0.366,-0.005,10.0,9.9,0.5,18.6,2047,2029,RTK FIXED
16.238,070804.60,10.48527100,76.44417900,10.48527100,76.44417900,658050.983,1159428.787,108.10,658050.982,1159428.785,123.3,3,658050.347,1159429.818,10.48527750,76.44417500,0.366,-0.005,10.0,9.9,0.0,18.6,2047,2029,RTK FIXED
16.285,070804.80,10.48527200,76.44417900,10.48527140,76.44417900,658050.982,1159428.897,108.00,658050.982,1159428.830,118.2,3,658050.347,1159429.818,10.48527750,76.44417500,0.365,0.019,9.7,10.0,-0.5,15.9,1983,2047,RTK FIXED
16.338,070804.80,10.48527200,76.44417900,10.48527164,76.44417900,658050.982,1159428.897,108.00,658050.982,1159428.857,118.2,3,658050.347,1159429.818,10.48527750,76.44417500,0.365,0.019,9.7,10.0,0.5,18.9,1983,2047,RTK FIXED
16.384,070804.80,10.48527200,76.44417900,10.48527178,76.44417900,658050.982,1159428.897,108.00,658050.982,1159428.873,118.2,3,658050.347,1159429.818,10.48527750,76.44417500,0.365,0.019,9.7,10.0,-0.5,18.4,1983,2047,RTK FIXED
16.439,070804.80,10.48527200,76.44417900,10.48527187,76.44417900,658050.982,1159428.897,108.00,658050.982,1159428.883,118.2,3,658050.347,1159429.818,10.48527750,76.44417500,0.365,0.019,9.7,10.0,0.0,18.8,1983,2047,RTK FIXED
16.484,070804.80,10.48527200,76.44417900,10.48527192,76.44417900,658050.982,1159428.897,108.00,658050.982,1159428.889,118.2,3,658050.347,1159429.818,10.48527750,76.44417500,0.365,0.019,9.7,10.0,0.0,16.0,1983,2047,RTK FIXED
16.539,070805.00,10.48527200,76.44417900,10.48527195,76.44417900,658050.954,1159428.881,108.00,658050.971,1159428.886,118.2,3,658050.347,1159429.818,10.48527750,76.44417500,0.365,0.027,9.6,10.0,0.5,18.8,1960,2047,RTK FIXED
16.592,070805.00,10.48527200,76.44417900,10.48527197,76.44417900,658050.954,1159428.881,108.00,658050.964,1159428.884,118.2,3,658050.347,1159429.818,10.48527750,76.44417500,0.365,0.027,9.6,10.0,-0.5,18.3,1960,2047,RTK FIXED
16.639,070805.20,10.48527200,76.44417800,10.48527198,76.44417860,658050.844,1159428.881,108.00,658050.916,1159428.883,126.7,3,658050.347,1159429.818,10.48527750,76.44417500,0.365,-0.021,10.0,9.7,0.0,18.8,2047,1977,RTK FIXED
16.692,070805.20,10.48527200,76.44417800,10.48527199,76.44417836,658050.844,1159428.881,108.00,658050.887,1159428.882,126.7,3,658050.347,1159429.818,10.48527750,76.44417500,0.365,-0.021,10.0,9.7,0.5,18.3,2047,1977,RTK FIXED
16.738,070805.20,10.48527200,76.44417800,10.48527199,76.44417822,658050.844,1159428.881,108.00,658050.870,1159428.881,126.7,3,658050.347,1159429.818,10.48527750,76.44417500,0.365,-0.021,10.0,9.7,0.0,17.9,2047,1977,RTK FIXED
16.792,070805.40,10.48527300,76.44417800,10.48527240,76.44417813,658050.890,1159429.019,108.00,658050.878,1159428.937,126.7,3,658050.347,1159429.818,10.48527750,76.44417500,0.365,-0.024,10.0,9.6,0.0,18.4,2047,1969,RTK FIXED
16.838,070805.40,10.48527300,76.44417800,10.48527264,76.44417808,658050.890,1159429.019,108.00,658050.883,1159428.970,126.7,3,658050.347,1159429.818,10.48527750,76.44417500,0.365,-0.024,10.0,9.6,0.0,17.5,2047,1969,RTK FIXED
16.892,070805.40,10.48527300,76.44417800,10.48527278,76.44417805,658050.890,1159429.019,108.00,658050.886,1159428.989,126.7,3,658050.347,1159429.818,10.48527750,76.44417500,0.365,-0.024,10.0,9.6,0.0,18.1,2047,1969,RTK FIXED
16.938,070805.40,10.48527300,76.44417800,10.48527287,76.44417803,658050.890,1159429.019,108.00,658050.888,1159429.001,126.7,3,658050.347,1159429.818,10.48527750,76.44417500,0.365,-0.024,10.0,9.6,-0.5,17.9,2047,1969,RTK FIXED
16.992,070805.40,10.48527300,76.44417800,10.48527292,76.44417802,658050.890,1159429.019,108.00,658050.889,1159429.009,126.7,3,658050.347,1159429.818,10.48527750,76.44417500,0.365,-0.024,10.0,9.6,0.5,18.6,2047,1969,RTK FIXED
17.038,070805.40,10.48527300,76.44417800,10.48527295,76.44417801,658050.890,1159429.019,108.00,658050.890,1159429.013,126.7,3,658050.347,1159429.818,10.48527750,76.44417500,0.365,-0.024,10.0,9.6,-0.5,15.7,2047,1969,RTK FIXED
17.093,070805.60,10.48527300,76.44417800,10.48527297,76.44417801,658050.890,1159429.019,108.00,658050.890,1159429.015,119.1,3,658050.347,1159429.818,10.48527750,76.44417500,0.365,0.012,9.8,10.0,0.0,17.9,2008,2047,RTK FIXED
17.140,070805.60,10.48527300,76.44417800,10.48527298,76.44417800,658050.890,1159429.019,108.00,658050.890,1159429.017,119.1,3,658050.347,1159429.818,10.48527750,76.44417500,0.365,0.012,9.8,10.0,0.5,18.3,2008,2047,RTK FIXED
17.193,070805.60,10.48527300,76.44417800,10.48527299,76.44417800,658050.890,1159429.019,108.00,658050.890,1159429.018,119.1,3,658050.347,1159429.818,10.48527750,76.44417500,0.365,0.012,9.8,10.0,-0.5,17.7,2008,2047,RTK FIXED
17.239,070805.60,10.48527300,76.44417800,10.48527299,76.44417800,658050.890,1159429.019,108.00,658050.890,1159429.018,119.1,3,658050.347,1159429.818,10.48527750,76.44417500,0.365,0.012,9.8,10.0,0.5,15.2,2008,2047,RTK FIXED
17.293,070805.60,10.48527300,76.44417800,10.48527300,76.44417800,658050.890,1159429.019,108.00,658050.890,1159429.019,119.1,3,658050.347,1159429.818,10.48527750,76.44417500,0.365,0.012,9.8,10.0,0.0,17.0,2008,2047,RTK FIXED
17.346,070805.80,10.48527300,76.44417800,10.48527300,76.44417800,658050.849,1159428.994,108.00,658050.874,1159429.009,119.1,3,658050.347,1159429.818,10.48527750,76.44417500,0.366,0.016,9.7,10.0,-0.5,17.9,1994,2047,RTK FIXED
17.392,070805.80,10.48527300,76.44417800,10.48527300,76.44417800,658050.849,1159428.994,108.00,658050.864,1159429.003,119.1,3,658050.347,1159429.818,10.48527750,76.44417500,0.366,0.016,9.7,10.0,0.0,18.0,1994,2047,RTK FIXED
17.447,070805.80,10.48527300,76.44417800,10.48527300,76.44417800,658050.849,1159428.994,108.00,658050.858,1159428.999,119.1,3,658050.347,1159429.818,10.48527750,76.44417500,0.366,0.016,9.7,10.0,0.5,18.4,1994,2047,RTK FIXED
17.502,070805.80,10.48527300,76.44417800,10.48527300,76.44417800,658050.849,1159428.994,108.00,658050.854,1159428.997,119.1,3,658050.347,1159429.818,10.48527750,76.44417500,0.366,0.016,9.7,10.0,0.0,17.7,1994,2047,RTK FIXED
17.547,070806.00,10.48527300,76.44417800,10.48527300,76.44417800,658050.849,1159428.994,108.00,658050.852,1159428.996,119.1,3,658050.347,1159429.818,10.48527750,76.44417500,0.366,0.014,9.8,10.0,0.0,16.0,2000,2047,RTK FIXED
17.600,070806.00,10.48527300,76.44417800,10.48527300,76.44417800,658050.849,1159428.994,108.00,658050.851,1159428.995,119.1,3,658050.347,1159429.818,10.48527750,76.44417500,0.366,0.014,9.8,10.0,-0.5,15.9,2000,2047,RTK FIXED
17.652,070806.00,10.48527300,76.44417800,10.48527300,76.44417800,658050.849,1159428.994,108.00,658050.850,1159428.995,119.1,3,658050.347,1159429.818,10.48527750,76.44417500,0.366,0.014,9.8,10.0,0.0,18.1,2000,2047,RTK FIXED
17.701,070806.20,10.48527400,76.44417700,10.48527340,76.44417760,658050.739,1159429.104,108.10,658050.806,1159429.038,125.6,3,658050.347,1159429.818,10.48527750,76.44417500,0.365,-0.018,10.0,9.7,0.0,18.2,2047,1987,RTK FIXED
17.746,070806.20,10.48527400,76.44417700,10.48527364,76.44417736,658050.739,1159429.104,108.10,658050.779,1159429.065,125.6,3,658050.347,1159429.818,10.48527750,76.44417500,0.365,-0.018,10.0,9.7,0.0,15.5,2047,1987,RTK FIXED
17.800,070806.20,10.48527400,76.44417700,10.48527378,76.44417722,658050.739,1159429.104,108.10,658050.763,1159429.080,125.6,3,658050.347,1159429.818,10.48527750,76.44417500,0.365,-0.018,10.0,9.7,0.0,17.2,2047,1987,RTK FIXED
17.846,070806.20,10.48527400,76.44417700,10.48527387,76.44417713,658050.739,1159429.104,108.10,658050.753,1159429.090,125.6,3,658050.347,1159429.818,10.48527750,76.44417500,0.365,-0.018,10.0,9.7,0.0,17.3,2047,1987,RTK FIXED
17.901,070806.40,10.48527400,76.44417700,10.48527392,76.44417708,658050.775,1159429.125,108.10,658050.762,1159429.104,125.6,3,658050.347,1159429.818,10.48527750,76.44417500,0.365,-0.024,10.0,9.6,0.0,17.5,2047,1968,RTK FIXED
17.947,070806.40,10.48527400,76.44417700,10.48527395,76.44417705,658050.775,1159429.125,108.10,658050.767,1159429.113,125.6,3,658050.347,1159429.818,10.48527750,76.44417500,0.365,-0.024,10.0,9.6,0.5,18.1,2047,1968,RTK FIXED
18.001,070806.40,10.48527400,76.44417700,10.48527397,76.44417703,658050.775,1159429.125,108.10,658050.770,1159429.118,125.6,3,658050.347,1159429.818,10.48527750,76.44417500,0.365,-0.024,10.0,9.6,0.0,16.4,2047,1968,RTK FIXED
18.047,070806.40,10.48527400,76.44417700,10.48527398,76.44417702,658050.775,1159429.125,108.10,658050.772,1159429.121,125.6,3,658050.347,1159429.818,10.48527750,76.44417500,0.365,-0.024,10.0,9.6,-0.5,15.4,2047,1968,RTK FIXED
18.102,070806.60,10.48527500,76.44417700,10.48527439,76.44417701,658050.774,1159429.236,108.10,658050.773,1159429.167,119.2,3,658050.347,1159429.818,10.48527750,76.44417500,0.366,0.009,9.9,10.0,0.0,14.5,2016,2047,RTK FIXED
18.146,070806.60,10.48527500,76.44417700,10.48527463,76.44417701,658050.774,1159429.236,108.10,658050.773,1159429.195,119.2,3,658050.347,1159429.818,10.48527750,76.44417500,0.366,0.009,9.9,10.0,0.6,15.6,2016,2047,RTK FIXED
18.202,070806.80,10.48527500,76.44417700,10.48527478,76.44417700,658050.739,1159429.215,108.00,658050.760,1159429.203,119.2,3,658050.347,1159429.818,10.48527750,76.44417500,0.366,0.017,9.7,10.0,0.0,16.8,1990,2047,RTK FIXED
18.254,070806.80,10.48527500,76.44417700,10.48527487,76.44417700,658050.739,1159429.215,108.00,658050.751,1159429.208,119.2,3,658050.347,1159429.818,10.48527750,76.44417500,0.366,0.017,9.7,10.0,-0.5,17.6,1990,2047,RTK FIXED
18.300,070806.80,10.48527500,76.44417700,10.48527492,76.44417700,658050.739,1159429.215,108.00,658050.746,1159429.211,119.2,3,658050.347,1159429.818,10.48527750,76.44417500,0.366,0.017,9.7,10.0,0.0,17.9,1990,2047,RTK FIXED
18.354,070806.80,10.48527500,76.44417700,10.48527495,76.44417700,658050.739,1159429.215,108.00,658050.743,1159429.212,119.2,3,658050.347,1159429.818,10.48527750,76.44417500,0.366,0.017,9.7,10.0,0.5,18.1,1990,2047,RTK FIXED
18.401,070807.00,10.48527500,76.44417700,10.48527497,76.44417700,658050.739,1159429.215,108.00,658050.742,1159429.213,119.2,3,658050.347,1159429.818,10.48527750,76.44417500,0.366,0.019,9.7,10.0,-0.5,18.2,1984,2047,RTK FIXED
18.454,070807.00,10.48527500,76.44417700,10.48527498,76.44417700,658050.739,1159429.215,108.00,658050.741,1159429.214,119.2,3,658050.347,1159429.818,10.48527750,76.44417500,0.366,0.019,9.7,10.0,0.5,17.4,1984,2047,RTK FIXED
18.500,070807.00,10.48527500,76.44417700,10.48527499,76.44417700,658050.739,1159429.215,108.00,658050.740,1159429.214,119.2,3,658050.347,1159429.818,10.48527750,76.44417500,0.366,0.019,9.7,10.0,0.0,14.1,1984,2047,RTK FIXED
18.554,070807.00,10.48527500,76.44417700,10.48527499,76.44417700,658050.739,1159429.215,108.00,658050.740,1159429.215,119.2,3,658050.347,1159429.818,10.48527750,76.44417500,0.366,0.019,9.7,10.0,0.0,17.6,1984,2047,RTK FIXED
18.615,070807.00,10.48527500,76.44417700,10.48527500,76.44417700,658050.739,1159429.215,108.00,658050.739,1159429.215,119.2,3,658050.347,1159429.818,10.48527750,76.44417500,0.366,0.019,9.7,10.0,0.0,17.7,1984,2047,RTK FIXED
18.654,070807.00,10.48527500,76.44417700,10.48527500,76.44417700,658050.739,1159429.215,108.00,658050.739,1159429.215,119.2,3,658050.347,1159429.818,10.48527750,76.44417500,0.366,0.019,9.7,10.0,0.0,15.2,1984,2047,RTK FIXED
18.702,070807.20,10.48527500,76.44417600,10.48527500,76.44417660,658050.630,1159429.214,108.10,658050.695,1159429.215,126.5,3,658050.347,1159429.818,10.48527750,76.44417500,0.365,-0.025,10.0,9.6,0.0,19.3,2047,1964,RTK FIXED
18.755,070807.20,10.48527500,76.44417600,10.48527500,76.44417636,658050.630,1159429.214,108.10,658050.669,1159429.215,126.5,3,658050.347,1159429.818,10.48527750,76.44417500,0.365,-0.025,10.0,9.6,-0.5,16.8,2047,1964,RTK FIXED
18.800,070807.20,10.48527500,76.44417600,10.48527500,76.44417622,658050.630,1159429.214,108.10,658050.653,1159429.215,126.5,3,658050.347,1159429.818,10.48527750,76.44417500,0.365,-0.025,10.0,9.6,0.5,18.0,2047,1964,RTK FIXED
18.855,070807.20,10.48527500,76.44417600,10.48527500,76.44417613,658050.630,1159429.214,108.10,658050.644,1159429.214,126.5,3,658050.347,1159429.818,10.48527750,76.44417500,0.365,-0.025,10.0,9.6,0.0,15.9,2047,1964,RTK FIXED
18.910,070807.40,10.48527600,76.44417600,10.48527540,76.44417608,658050.669,1159429.349,108.10,658050.654,1159429.268,126.5,3,658050.347,1159429.818,10.48527750,76.44417500,0.365,-0.028,10.0,9.6,0.0,15.8,2047,1955,RTK FIXED
18.954,070807.40,10.48527600,76.44417600,10.48527564,76.44417605,658050.669,1159429.349,108.10,658050.660,1159429.301,126.5,3,658050.347,1159429.818,10.48527750,76.44417500,0.365,-0.028,10.0,9.6,-0.6,17.1,2047,1955,RTK FIXED
19.010,070807.40,10.48527600,76.44417600,10.48527578,76.44417603,658050.669,1159429.349,108.10,658050.664,1159429.320,126.5,3,658050.347,1159429.818,10.48527750,76.44417500,0.365,-0.028,10.0,9.6,0.5,17.8,2047,1955,RTK FIXED
19.059,070807.40,10.48527600,76.44417600,10.48527587,76.44417602,658050.669,1159429.349,108.10,658050.666,1159429.332,126.5,3,658050.347,1159429.818,10.48527750,76.44417500,0.365,-0.028,10.0,9.6,0.0,17.8,2047,1955,RTK FIXED
19.109,070807.40,10.48527600,76.44417600,10.48527592,76.44417601,658050.669,1159429.349,108.10,658050.667,1159429.339,126.5,3,658050.347,1159429.818,10.48527750,76.44417500,0.365,-0.028,10.0,9.6,-0.5,15.9,2047,1955,RTK FIXED
19.156,070807.60,10.48527600,76.44417600,10.48527595,76.44417601,658050.669,1159429.349,108.00,658050.668,1159429.343,119.7,3,658050.347,1159429.818,10.48527750,76.44417500,0.366,0.002,10.0,10.0,0.5,18.1,2040,2047,RTK FIXED
19.210,070807.60,10.48527600,76.44417600,10.48527597,76.44417600,658050.669,1159429.349,108.00,658050.668,1159429.346,119.7,3,658050.347,1159429.818,10.48527750,76.44417500,0.366,0.002,10.0,10.0,-0.5,18.2,2040,2047,RTK FIXED
19.262,070807.60,10.48527600,76.44417600,10.48527598,76.44417600,658050.669,1159429.349,108.00,658050.669,1159429.347,119.7,3,658050.347,1159429.818,10.48527750,76.44417500,0.366,0.002,10.0,10.0,0.0,17.1,2040,2047,RTK FIXED
19.308,070807.60,10.48527600,76.44417600,10.48527599,76.44417600,658050.669,1159429.349,108.00,658050.669,1159429.348,119.7,3,658050.347,1159429.818,10.48527750,76.44417500,0.366,0.002,10.0,10.0,0.0,17.3,2040,2047,RTK FIXED
19.362,070807.60,10.48527600,76.44417600,10.48527599,76.44417600,658050.669,1159429.349,108.00,658050.669,1159429.348,119.7,3,658050.347,1159429.818,10.48527750,76.44417500,0.366,0.002,10.0,10.0,0.0,17.6,2040,2047,RTK FIXED
19.410,070807.80,10.48527600,76.44417600,10.48527600,76.44417600,658050.631,1159429.326,108.10,658050.654,1159429.340,119.7,3,658050.347,1159429.818,10.48527750,76.44417500,0.366,0.005,9.9,10.0,0.5,18.4,2030,2047,RTK FIXED
19.463,070807.80,10.48527600,76.44417600,10.48527600,76.44417600,658050.631,1159429.326,108.10,658050.645,1159429.334,119.7,3,658050.347,1159429.818,10.48527750,76.44417500,0.366,0.005,9.9,10.0,0.0,16.9,2030,2047,RTK FIXED
19.510,070807.80,10.48527600,76.44417600,10.48527600,76.44417600,658050.631,1159429.326,108.10,658050.640,1159429.331,119.7,3,658050.347,1159429.818,10.48527750,76.44417500,0.366,0.005,9.9,10.0,-0.5,19.0,2030,2047,RTK FIXED
19.564,070807.80,10.48527600,76.44417600,10.48527600,76.44417600,658050.631,1159429.326,108.10,658050.636,1159429.329,119.7,3,658050.347,1159429.818,10.48527750,76.44417500,0.366,0.005,9.9,10.0,0.0,18.9,2030,2047,RTK FIXED
19.609,070807.80,10.48527600,76.44417600,10.48527600,76.44417600,658050.631,1159429.326,108.10,658050.634,1159429.328,119.7,3,658050.347,1159429.818,10.48527750,76.44417500,0.366,0.005,9.9,10.0,0.6,18.2,2030,2047,RTK FIXED
19.663,070808.00,10.48527700,76.44417600,10.48527640,76.44417600,658050.631,1159429.437,108.10,658050.633,1159429.372,119.7,3,658050.347,1159429.818,10.48527750,76.44417500,0.366,0.013,9.8,10.0,0.0,18.5,2005,2047,RTK FIXED
19.716,070808.00,10.48527700,76.44417600,10.48527664,76.44417600,658050.631,1159429.437,108.10,658050.632,1159429.398,119.7,3,658050.347,1159429.818,10.48527750,76.44417500,0.366,0.013,9.8,10.0,-0.5,18.3,2005,2047,RTK FIXED
19.763,070808.20,10.48527700,76.44417600,10.48527678,76.44417600,658050.631,1159429.437,108.10,658050.632,1159429.413,117.6,3,658050.347,1159429.818,10.48527750,76.44417500,0.365,0.031,9.5,10.0,0.0,18.7,1945,2047,RTK FIXED
19.816,070808.20,10.48527700,76.44417600,10.48527687,76.44417600,658050.631,1159429.437,108.10,658050.631,1159429.423,117.6,3,658050.347,1159429.818,10.48527750,76.44417500,0.365,0.031,9.5,10.0,0.5,18.3,1945,2047,RTK FIXED
19.863,070808.20,10.48527700,76.44417600,10.48527692,76.44417600,658050.631,1159429.437,108.10,658050.631,1159429.428,117.6,3,658050.347,1159429.818,10.48527750,76.44417500,0.365,0.031,9.5,10.0,0.0,17.9,1945,2047,RTK FIXED
19.917,070808.40,10.48527700,76.44417500,10.48527695,76.44417560,658050.510,1159429.430,108.10,658050.583,1159429.429,117.6,3,658050.347,1159429.818,10.48527750,76.44417500,0.366,0.020,9.7,10.0,0.0,18.4,1981,2047,RTK FIXED
19.962,070808.40,10.48527700,76.44417500,10.48527697,76.44417536,658050.510,1159429.430,108.10,658050.553,1159429.430,117.6,3,658050.347,1159429.818,10.48527750,76.44417500,0.366,0.020,9.7,10.0,0.0,16.4,1981,2047,RTK FIXED
20.016,070808.40,10.48527700,76.44417500,10.48527698,76.44417522,658050.510,1159429.430,108.10,658050.536,1159429.430,117.6,3,658050.347,1159429.818,10.48527750,76.44417500,0.366,0.020,9.7,10.0,0.0,18.6,1981,2047,RTK FIXED
20.063,070808.60,10.48527800,76.44417500,10.48527739,76.44417513,658050.509,1159429.541,108.10,658050.525,1159429.474,124.5,3,658050.347,1159429.818,10.48527750,76.44417500,0.332,-0.009,10.0,9.8,0.0,18.6,2047,2014,RTK FIXED
20.116,070808.60,10.48527800,76.44417500,10.48527763,76.44417508,658050.509,1159429.541,108.10,658050.519,1159429.501,124.5,3,658050.347,1159429.818,10.48527750,76.44417500,0.332,-0.009,10.0,9.8,-0.5,18.4,2047,2014,RTK FIXED
20.163,070808.60,10.48527800,76.44417500,10.48527778,76.44417505,658050.509,1159429.541,108.10,658050.515,1159429.517,124.5,3,658050.347,1159429.818,10.48527750,76.44417500,0.332,-0.009,10.0,9.8,0.0,17.8,2047,2014,RTK FIXED
20.216,070808.60,10.48527800,76.44417500,10.48527787,76.44417503,658050.509,1159429.541,108.10,658050.513,1159429.527,124.5,3,658050.347,1159429.818,10.48527750,76.44417500,0.332,-0.009,10.0,9.8,0.5,18.1,2047,2014,RTK FIXED
20.263,070808.60,10.48527800,76.44417500,10.48527792,76.44417502,658050.509,1159429.541,108.10,658050.511,1159429.532,124.5,3,658050.347,1159429.818,10.48527750,76.44417500,0.332,-0.009,10.0,9.8,-0.5,17.8,2047,2014,RTK FIXED
20.320,070808.80,10.48527800,76.44417500,10.48527795,76.44417501,658050.548,1159429.563,108.10,658050.526,1159429.545,124.5,4,658049.795,1159430.719,10.48528567,76.44417000,0.366,-0.010,10.0,9.8,0.4,18.0,2047,2015,RTK FIXED
20.362,070808.80,10.48527800,76.44417500,10.48527797,76.44417501,658050.548,1159429.563,108.10,658050.535,1159429.552,124.5,4,658049.795,1159430.719,10.48528567,76.44417000,0.366,-0.010,10.0,9.8,0.0,18.1,2047,2015,RTK FIXED
20.416,070808.80,10.48527800,76.44417500,10.48527798,76.44417500,658050.548,1159429.563,108.10,658050.540,1159429.556,124.5,4,658049.795,1159430.719,10.48528567,76.44417000,0.366,-0.010,10.0,9.8,0.0,16.2,2047,2015,RTK FIXED
20.470,070808.80,10.48527800,76.44417500,10.48527799,76.44417500,658050.548,1159429.563,108.10,658050.543,1159429.559,124.5,4,658049.795,1159430.719,10.48528567,76.44417000,0.366,-0.010,10.0,9.8,0.0,18.1,2047,2015,RTK FIXED
20.517,070809.00,10.48527800,76.44417500,10.48527799,76.44417500,658050.548,1159429.563,108.10,658050.545,1159429.561,124.5,4,658049.795,1159430.719,10.48528567,76.44417000,0.366,-0.007,10.0,9.9,-0.5,18.2,2047,2025,RTK FIXED
20.571,070809.00,10.48527800,76.44417500,10.48527800,76.44417500,658050.548,1159429.563,108.10,658050.546,1159429.561,124.5,4,658049.795,1159430.719,10.48528567,76.44417000,0.366,-0.007,10.0,9.9,0.0,18.7,2047,2025,RTK FIXED
20.618,070809.00,10.48527800,76.44417500,10.48527800,76.44417500,658050.548,1159429.563,108.10,658050.547,1159429.562,124.5,4,658049.795,1159430.719,10.48528567,76.44417000,0.366,-0.007,10.0,9.9,0.5,18.5,2047,2025,RTK FIXED
20.671,070809.20,10.48527800,76.44417500,10.48527800,76.44417500,658050.548,1159429.563,108.10,658050.547,1159429.562,115.7,4,658049.795,1159430.719,10.48528567,76.44417000,0.364,0.034,9.5,10.0,0.0,16.4,1936,2047,RTK FIXED
20.717,070809.20,10.48527800,76.44417500,10.48527800,76.44417500,658050.548,1159429.563,108.10,658050.548,1159429.563,115.7,4,658049.795,1159430.719,10.48528567,76.44417000,0.364,0.034,9.5,10.0,-0.5,18.1,1936,2047,RTK FIXED
20.771,070809.40,10.48527900,76.44417400,10.48527840,76.44417460,658050.388,1159429.646,108.10,658050.484,1159429.596,115.7,4,658049.795,1159430.719,10.48528567,76.44417000,0.365,0.034,9.5,10.0,0.0,15.6,1936,2047,RTK FIXED
20.817,070809.40,10.48527900,76.44417400,10.48527864,76.44417436,658050.388,1159429.646,108.10,658050.445,1159429.616,115.7,4,658049.795,1159430.719,10.48528567,76.44417000,0.365,0.034,9.5,10.0,0.0,18.1,1936,2047,RTK FIXED
20.871,070809.40,10.48527900,76.44417400,10.48527878,76.44417422,658050.388,1159429.646,108.10,658050.423,1159429.628,115.7,4,658049.795,1159430.719,10.48528567,76.44417000,0.365,0.034,9.5,10.0,0.0,18.1,1936,2047,RTK FIXED
20.917,070809.40,10.48527900,76.44417400,10.48527887,76.44417413,658050.388,1159429.646,108.10,658050.409,1159429.635,115.7,4,658049.795,1159430.719,10.48528567,76.44417000,0.365,0.034,9.5,10.0,0.5,18.4,1936,2047,RTK FIXED
20.971,070809.40,10.48527900,76.44417400,10.48527892,76.44417408,658050.388,1159429.646,108.10,658050.400,1159429.639,115.7,4,658049.795,1159430.719,10.48528567,76.44417000,0.365,0.034,9.5,10.0,-0.5,17.6,1936,2047,RTK FIXED
21.017,070809.40,10.48527900,76.44417400,10.48527895,76.44417405,658050.388,1159429.646,108.10,658050.396,1159429.642,115.7,4,658049.795,1159430.719,10.48528567,76.44417000,0.365,0.034,9.5,10.0,0.0,15.7,1936,2047,RTK FIXED
21.071,070809.60,10.48527900,76.44417400,10.48527897,76.44417403,658050.388,1159429.646,108.10,658050.393,1159429.644,125.1,4,658049.795,1159430.719,10.48528567,76.44417000,0.365,-0.014,10.0,9.8,0.5,18.0,2047,2001,RTK FIXED
21.117,070809.60,10.48527900,76.44417400,10.48527898,76.44417402,658050.388,1159429.646,108.10,658050.391,1159429.644,125.1,4,658049.795,1159430.719,10.48528567,76.44417000,0.365,-0.014,10.0,9.8,0.0,18.0,2047,2001,RTK FIXED
21.171,070809.60,10.48527900,76.44417400,10.48527899,76.44417401,658050.388,1159429.646,108.10,658050.390,1159429.645,125.1,4,658049.795,1159430.719,10.48528567,76.44417000,0.365,-0.014,10.0,9.8,-0.5,17.2,2047,2001,RTK FIXED
21.224,070809.60,10.48527900,76.44417400,10.48527899,76.44417401,658050.388,1159429.646,108.10,658050.389,1159429.645,125.1,4,658049.795,1159430.719,10.48528567,76.44417000,0.365,-0.014,10.0,9.8,0.5,17.6,2047,2001,RTK FIXED
21.271,070809.60,10.48527900,76.44417400,10.48527900,76.44417400,658050.388,1159429.646,108.10,658050.389,1159429.646,125.1,4,658049.795,1159430.719,10.48528567,76.44417000,0.365,-0.014,10.0,9.8,0.0,17.4,2047,2001,RTK FIXED
21.326,070809.80,10.48528000,76.44417400,10.48527940,76.44417400,658050.441,1159429.786,108.10,658050.409,1159429.702,125.1,4,658049.795,1159430.719,10.48528567,76.44417000,0.366,-0.014,10.0,9.8,0.0,16.9,2047,2001,RTK FIXED
21.370,070809.80,10.48528000,76.44417400,10.48527964,76.44417400,658050.441,1159429.786,108.10,658050.422,1159429.735,125.1,4,658049.795,1159430.719,10.48528567,76.44417000,0.366,-0.014,10.0,9.8,-0.6,17.1,2047,2001,RTK FIXED
21.425,070809.80,10.48528000,76.44417400,10.48527978,76.44417400,658050.441,1159429.786,108.10,658050.429,1159429.755,125.1,4,658049.795,1159430.719,10.48528567,76.44417000,0.366,-0.014,10.0,9.8,0.0,17.5,2047,2001,RTK FIXED
21.471,070809.80,10.48528000,76.44417400,10.48527987,76.44417400,658050.441,1159429.786,108.10,658050.434,1159429.768,125.1,4,658049.795,1159430.719,10.48528567,76.44417000,0.366,-0.014,10.0,9.8,0.5,16.9,2047,2001,RTK FIXED
21.525,070810.00,10.48528000,76.44417400,10.48527992,76.44417400,658050.441,1159429.786,108.10,658050.437,1159429.775,115.1,4,658049.795,1159430.719,10.48528567,76.44417000,0.363,0.038,9.4,10.0,-0.5,17.4,1921,2047,RTK FIXED
21.571,070810.00,10.48528000,76.44417400,10.48527995,76.44417400,658050.441,1159429.786,108.10,658050.438,1159429.779,115.1,4,658049.795,1159430.719,10.48528567,76.44417000,0.363,0.038,9.4,10.0,0.6,16.5,1921,2047,RTK FIXED
21.626,070810.00,10.48528000,76.44417400,10.48527997,76.44417400,658050.441,1159429.786,108.10,658050.439,1159429.782,115.1,4,658049.795,1159430.719,10.48528567,76.44417000,0.363,0.038,9.4,10.0,0.0,17.0,1921,2047,RTK FIXED
21.671,070810.20,10.48528000,76.44417400,10.48527998,76.44417400,658050.384,1159429.755,108.10,658050.417,1159429.771,115.1,4,658049.795,1159430.719,10.48528567,76.44417000,0.364,0.047,9.3,10.0,0.0,17.8,1894,2047,RTK FIXED
21.725,070810.20,10.48528000,76.44417400,10.48527999,76.44417400,658050.384,1159429.755,108.10,658050.404,1159429.765,115.1,4,658049.795,1159430.719,10.48528567,76.44417000,0.364,0.047,9.3,10.0,-0.5,18.2,1894,2047,RTK FIXED
21.771,070810.20,10.48528000,76.44417400,10.48527999,76.44417400,658050.384,1159429.755,108.10,658050.396,1159429.761,115.1,4,658049.795,1159430.719,10.48528567,76.44417000,0.364,0.047,9.3,10.0,0.0,17.5,1894,2047,RTK FIXED
21.826,070810.20,10.48528000,76.44417400,10.48528000,76.44417400,658050.384,1159429.755,108.10,658050.391,1159429.758,115.1,4,658049.795,1159430.719,10.48528567,76.44417000,0.364,0.047,9.3,10.0,0.0,18.4,1894,2047,RTK FIXED
21.876,070810.40,10.48528000,76.44417300,10.48528000,76.44417360,658050.275,1159429.754,108.10,658050.345,1159429.757,130.2,4,658049.795,1159430.719,10.48528567,76.44417000,0.361,-0.043,10.0,9.3,0.5,17.3,2047,1906,RTK FIXED
21.926,070810.40,10.48528000,76.44417300,10.48528000,76.44417336,658050.275,1159429.754,108.10,658050.317,1159429.756,130.2,4,658049.795,1159430.719,10.48528567,76.44417000,0.361,-0.043,10.0,9.3,-0.5,15.7,2047,1906,RTK FIXED
21.979,070810.40,10.48528000,76.44417300,10.48528000,76.44417322,658050.275,1159429.754,108.10,658050.300,1159429.755,130.2,4,658049.795,1159430.719,10.48528567,76.44417000,0.361,-0.043,10.0,9.3,0.0,16.3,2047,1906,RTK FIXED
22.025,070810.40,10.48528000,76.44417300,10.48528000,76.44417313,658050.275,1159429.754,108.10,658050.290,1159429.755,130.2,4,658049.795,1159430.719,10.48528567,76.44417000,0.361,-0.043,10.0,9.3,0.5,16.7,2047,1906,RTK FIXED
22.079,070810.40,10.48528000,76.44417300,10.48528000,76.44417308,658050.275,1159429.754,108.10,658050.284,1159429.755,130.2,4,658049.795,1159430.719,10.48528567,76.44417000,0.361,-0.043,10.0,9.3,-0.5,13.9,2047,1906,RTK FIXED
22.126,070810.60,10.48528100,76.44417300,10.48528040,76.44417305,658050.357,1159429.915,108.10,658050.313,1159429.819,130.2,4,658049.795,1159430.719,10.48528567,76.44417000,0.363,-0.052,10.0,9.2,0.5,16.6,2047,1879,RTK FIXED
22.179,070810.60,10.48528100,76.44417300,10.48528064,76.44417303,658050.357,1159429.915,108.10,658050.331,1159429.858,130.2,4,658049.795,1159430.719,10.48528567,76.44417000,0.363,-0.052,10.0,9.2,0.0,16.0,2047,1879,RTK FIXED
22.225,070810.60,10.48528100,76.44417300,10.48528078,76.44417302,658050.357,1159429.915,108.10,658050.342,1159429.881,130.2,4,658049.795,1159430.719,10.48528567,76.44417000,0.363,-0.052,10.0,9.2,-0.5,16.7,2047,1879,RTK FIXED
22.279,070810.60,10.48528100,76.44417300,10.48528087,76.44417301,658050.357,1159429.915,108.10,658050.348,1159429.895,130.2,4,658049.795,1159430.719,10.48528567,76.44417000,0.363,-0.052,10.0,9.2,0.5,15.3,2047,1879,RTK FIXED
22.326,070810.80,10.48528100,76.44417300,10.48528092,76.44417301,658050.357,1159429.915,108.10,658050.352,1159429.903,118.5,4,658049.795,1159430.719,10.48528567,76.44417000,0.365,0.009,9.8,10.0,-0.5,17.1,2016,2047,RTK FIXED
22.379,070810.80,10.48528100,76.44417300,10.48528095,76.44417300,658050.357,1159429.915,108.10,658050.354,1159429.908,118.5,4,658049.795,1159430.719,10.48528567,76.44417000,0.365,0.009,9.8,10.0,0.0,16.9,2016,2047,RTK FIXED
22.425,070810.80,10.48528100,76.44417300,10.48528097,76.44417300,658050.357,1159429.915,108.10,658050.355,1159429.911,118.5,4,658049.795,1159430.719,10.48528567,76.44417000,0.365,0.009,9.8,10.0,0.0,16.3,2016,2047,RTK FIXED
22.479,070810.80,10.48528100,76.44417300,10.48528098,76.44417300,658050.357,1159429.915,108.10,658050.356,1159429.913,118.5,4,658049.795,1159430.719,10.48528567,76.44417000,0.365,0.009,9.8,10.0,0.5,16.7,2016,2047,RTK FIXED
22.526,070810.80,10.48528100,76.44417300,10.48528099,76.44417300,658050.357,1159429.915,108.10,658050.357,1159429.914,118.5,4,658049.795,1159430.719,10.48528567,76.44417000,0.365,0.009,9.8,10.0,-0.5,16.6,2016,2047,RTK FIXED
22.579,070811.00,10.48528100,76.44417300,10.48528099,76.44417300,658050.294,1159429.875,108.10,658050.332,1159429.898,118.5,4,658049.795,1159430.719,10.48528567,76.44417000,0.366,0.017,9.7,10.0,0.5,16.8,1990,2047,RTK FIXED
22.633,070811.00,10.48528100,76.44417300,10.48528100,76.44417300,658050.294,1159429.875,108.10,658050.317,1159429.889,118.5,4,658049.795,1159430.719,10.48528567,76.44417000,0.366,0.017,9.7,10.0,-0.5,18.6,1990,2047,RTK FIXED
22.679,070811.20,10.48528200,76.44417300,10.48528140,76.44417300,658050.294,1159429.985,108.10,658050.308,1159429.927,118.5,4,658049.795,1159430.719,10.48528567,76.44417000,0.365,0.024,9.6,10.0,0.0,18.3,1966,2047,RTK FIXED
22.733,070811.20,10.48528200,76.44417300,10.48528164,76.44417300,658050.294,1159429.985,108.10,658050.302,1159429.950,118.5,4,658049.795,1159430.719,10.48528567,76.44417000,0.365,0.024,9.6,10.0,0.0,16.7,1966,2047,RTK FIXED
22.780,070811.20,10.48528200,76.44417300,10.48528178,76.44417300,658050.294,1159429.985,108.10,658050.299,1159429.964,118.5,4,658049.795,1159430.719,10.48528567,76.44417000,0.365,0.024,9.6,10.0,0.5,18.1,1966,2047,RTK FIXED
22.834,070811.40,10.48528200,76.44417300,10.48528187,76.44417300,658050.294,1159429.985,108.10,658050.297,1159429.973,119.1,4,658049.795,1159430.719,10.48528567,76.44417000,0.365,0.026,9.6,10.0,-0.5,18.8,1960,2047,RTK FIXED
22.879,070811.40,10.48528200,76.44417300,10.48528192,76.44417300,658050.294,1159429.985,108.10,658050.295,1159429.978,119.1,4,658049.795,1159430.719,10.48528567,76.44417000,0.365,0.026,9.6,10.0,0.0,18.5,1960,2047,RTK FIXED
22.933,070811.40,10.48528200,76.44417300,10.48528195,76.44417300,658050.294,1159429.985,108.10,658050.295,1159429.981,119.1,4,658049.795,1159430.719,10.48528567,76.44417000,0.365,0.026,9.6,10.0,0.5,18.1,1960,2047,RTK FIXED
22.979,070811.40,10.48528200,76.44417300,10.48528197,76.44417300,658050.294,1159429.985,108.10,658050.294,1159429.982,119.1,4,658049.795,1159430.719,10.48528567,76.44417000,0.365,0.026,9.6,10.0,-0.5,19.0,1960,2047,RTK FIXED
23.034,070811.40,10.48528200,76.44417300,10.48528198,76.44417300,658050.294,1159429.985,108.10,658050.294,1159429.983,119.1,4,658049.795,1159430.719,10.48528567,76.44417000,0.365,0.026,9.6,10.0,0.5,16.6,1960,2047,RTK FIXED
23.079,070811.60,10.48528200,76.44417200,10.48528199,76.44417260,658050.187,1159429.986,108.10,658050.251,1159429.985,119.1,4,658049.795,1159430.719,10.48528567,76.44417000,0.366,0.013,9.8,10.0,0.0,17.9,2002,2047,RTK FIXED
23.133,070811.60,10.48528200,76.44417200,10.48528199,76.44417236,658050.187,1159429.986,108.10,658050.226,1159429.985,119.1,4,658049.795,1159430.719,10.48528567,76.44417000,0.366,0.013,9.8,10.0,0.0,18.2,2002,2047,RTK FIXED
23.179,070811.60,10.48528200,76.44417200,10.48528200,76.44417222,658050.187,1159429.986,108.10,658050.210,1159429.986,119.1,4,658049.795,1159430.719,10.48528567,76.44417000,0.366,0.013,9.8,10.0,0.0,18.4,2002,2047,RTK FIXED
23.233,070811.60,10.48528200,76.44417200,10.48528200,76.44417213,658050.187,1159429.986,108.10,658050.201,1159429.986,119.1,4,658049.795,1159430.719,10.48528567,76.44417000,0.366,0.013,9.8,10.0,-0.5,18.1,2002,2047,RTK FIXED
23.280,070811.60,10.48528200,76.44417200,10.48528200,76.44417208,658050.187,1159429.986,108.10,658050.196,1159429.986,119.1,4,658049.795,1159430.719,10.48528567,76.44417000,0.366,0.013,9.8,10.0,0.5,18.6,2002,2047,RTK FIXED
23.334,070811.80,10.48528300,76.44417200,10.48528240,76.44417205,658050.187,1159430.097,108.10,658050.192,1159430.030,124.3,4,658049.795,1159430.719,10.48528567,76.44417000,0.366,-0.005,10.0,9.9,-0.5,18.3,2047,2031,RTK FIXED
23.379,070811.80,10.48528300,76.44417200,10.48528264,76.44417203,658050.187,1159430.097,108.10,658050.190,1159430.057,124.3,4,658049.795,1159430.719,10.48528567,76.44417000,0.366,-0.005,10.0,9.9,0.5,18.1,2047,2031,RTK FIXED
23.434,070811.80,10.48528300,76.44417200,10.48528278,76.44417202,658050.187,1159430.097,108.10,658050.189,1159430.073,124.3,4,658049.795,1159430.719,10.48528567,76.44417000,0.366,-0.005,10.0,9.9,-0.5,19.0,2047,2031,RTK FIXED
23.487,070811.80,10.48528300,76.44417200,10.48528287,76.44417201,658050.187,1159430.097,108.10,658050.188,1159430.082,124.3,4,658049.795,1159430.719,10.48528567,76.44417000,0.366,-0.005,10.0,9.9,0.0,18.1,2047,2031,RTK FIXED
23.534,070811.80,10.48528300,76.44417200,10.48528292,76.44417201,658050.187,1159430.097,108.10,658050.187,1159430.088,124.3,4,658049.795,1159430.719,10.48528567,76.44417000,0.366,-0.005,10.0,9.9,0.5,18.3,2047,2031,RTK FIXED
23.587,070812.00,10.48528300,76.44417200,10.48528295,76.44417200,658050.216,1159430.114,108.10,658050.199,1159430.098,124.3,4,658049.795,1159430.719,10.48528567,76.44417000,0.366,-0.003,10.0,10.0,-0.5,16.7,2047,2038,RTK FIXED
23.634,070812.00,10.48528300,76.44417200,10.48528297,76.44417200,658050.216,1159430.114,108.10,658050.206,1159430.105,124.3,4,658049.795,1159430.719,10.48528567,76.44417000,0.366,-0.003,10.0,10.0,0.5,18.6,2047,2038,RTK FIXED
23.687,070812.20,10.48528300,76.44417200,10.48528298,76.44417200,658050.216,1159430.114,108.10,658050.210,1159430.108,124.3,4,658049.795,1159430.719,10.48528567,76.44417000,0.366,-0.001,10.0,10.0,0.0,18.0,2047,2045,RTK FIXED
23.734,070812.20,10.48528300,76.44417200,10.48528299,76.44417200,658050.216,1159430.114,108.10,658050.212,1159430.110,124.3,4,658049.795,1159430.719,10.48528567,76.44417000,0.366,-0.001,10.0,10.0,0.0,16.4,2047,2045,RTK FIXED
23.787,070812.20,10.48528300,76.44417200,10.48528299,76.44417200,658050.216,1159430.114,108.10,658050.214,1159430.112,124.3,4,658049.795,1159430.719,10.48528567,76.44417000,0.366,-0.001,10.0,10.0,0.0,18.0,2047,2045,RTK FIXED
23.834,070812.40,10.48528400,76.44417100,10.48528340,76.44417160,658050.106,1159430.224,108.10,658050.171,1159430.157,121.3,4,658049.795,1159430.719,10.48528567,76.44417000,0.366,0.002,10.0,10.0,-0.5,18.8,2040,2047,RTK FIXED
23.887,070812.40,10.48528400,76.44417100,10.48528364,76.44417136,658050.106,1159430.224,108.10,658050.145,1159430.183,121.3,4,658049.795,1159430.719,10.48528567,76.44417000,0.366,0.002,10.0,10.0,0.5,16.4,2040,2047,RTK FIXED
23.934,070812.40,10.48528400,76.44417100,10.48528378,76.44417122,658050.106,1159430.224,108.10,658050.129,1159430.200,121.3,4,658049.795,1159430.719,10.48528567,76.44417000,0.366,0.002,10.0,10.0,0.0,18.4,2040,2047,RTK FIXED
23.987,070812.40,10.48528400,76.44417100,10.48528387,76.44417113,658050.106,1159430.224,108.10,658050.120,1159430.209,121.3,4,658049.795,1159430.719,10.48528567,76.44417000,0.366,0.002,10.0,10.0,0.0,18.5,2040,2047,RTK FIXED
24.036,070812.40,10.48528400,76.44417100,10.48528392,76.44417108,658050.106,1159430.224,108.10,658050.114,1159430.215,121.3,4,658049.795,1159430.719,10.48528567,76.44417000,0.366,0.002,10.0,10.0,-0.5,19.1,2040,2047,RTK FIXED
24.087,070812.60,10.48528400,76.44417100,10.48528395,76.44417105,658050.090,1159430.214,108.10,658050.104,1159430.215,121.3,4,658049.795,1159430.719,10.48528567,76.44417000,0.366,0.001,10.0,10.0,0.0,16.1,2045,2047,RTK FIXED
24.134,070812.60,10.48528400,76.44417100,10.48528397,76.44417103,658050.090,1159430.214,108.10,658050.098,1159430.214,121.3,4,658049.795,1159430.719,10.48528567,76.44417000,0.366,0.001,10.0,10.0,0.5,18.1,2045,2047,RTK FIXED
24.188,070812.80,10.48528400,76.44417100,10.48528398,76.44417102,658050.090,1159430.214,108.10,658050.095,1159430.214,121.3,4,658049.795,1159430.719,10.48528567,76.44417000,0.366,0.000,10.0,10.0,0.0,18.4,2047,2047,RTK FIXED
24.242,070812.80,10.48528400,76.44417100,10.48528399,76.44417101,658050.090,1159430.214,108.10,658050.093,1159430.214,121.3,4,658049.795,1159430.719,10.48528567,76.44417000,0.366,0.000,10.0,10.0,0.0,16.6,2047,2047,RTK FIXED
24.287,070812.80,10.48528400,76.44417100,10.48528399,76.44417101,658050.090,1159430.214,108.10,658050.091,1159430.214,121.3,4,658049.795,1159430.719,10.48528567,76.44417000,0.366,0.000,10.0,10.0,-0.5,18.1,2047,2047,RTK FIXED
24.342,070812.80,10.48528400,76.44417100,10.48528400,76.44417100,658050.090,1159430.214,108.10,658050.091,1159430.214,121.3,4,658049.795,1159430.719,10.48528567,76.44417000,0.366,0.000,10.0,10.0,0.0,16.2,2047,2047,RTK FIXED
24.387,070812.80,10.48528400,76.44417100,10.48528400,76.44417100,658050.090,1159430.214,108.10,658050.090,1159430.214,121.3,4,658049.795,1159430.719,10.48528567,76.44417000,0.366,0.000,10.0,10.0,0.5,17.8,2047,2047,RTK FIXED
24.446,070812.80,10.48528400,76.44417100,10.48528400,76.44417100,658050.090,1159430.214,108.10,658050.090,1159430.214,121.3,4,658049.795,1159430.719,10.48528567,76.44417000,0.366,0.000,10.0,10.0,0.0,16.8,2047,2047,RTK FIXED
24.488,070813.00,10.48528500,76.44417100,10.48528440,76.44417100,658050.089,1159430.324,108.10,658050.090,1159430.258,121.7,4,658049.795,1159430.719,10.48528567,76.44417000,0.366,0.000,10.0,10.0,0.0,17.8,2047,2047,RTK FIXED
24.542,070813.00,10.48528500,76.44417100,10.48528464,76.44417100,658050.089,1159430.324,108.10,658050.089,1159430.285,121.7,4,658049.795,1159430.719,10.48528567,76.44417000,0.366,0.000,10.0,10.0,0.0,18.1,2047,2047,RTK FIXED
24.588,070813.00,10.48528500,76.44417100,10.48528478,76.44417100,658050.089,1159430.324,108.10,658050.089,1159430.301,121.7,4,658049.795,1159430.719,10.48528567,76.44417000,0.366,0.000,10.0,10.0,-0.5,18.3,2047,2047,RTK FIXED
24.648,070813.00,10.48528500,76.44417100,10.48528487,76.44417100,658050.089,1159430.324,108.10,658050.089,1159430.310,121.7,4,658049.795,1159430.719,10.48528567,76.44417000,0.366,0.000,10.0,10.0,0.0,20.4,2047,2047,RTK FIXED
24.692,070813.00,10.48528500,76.44417100,10.48528492,76.44417100,658050.089,1159430.324,108.10,658050.089,1159430.316,121.7,4,658049.795,1159430.719,10.48528567,76.44417000,0.366,0.000,10.0,10.0,0.0,15.5,2047,2047,RTK FIXED
24.742,070813.20,10.48528500,76.44417100,10.48528495,76.44417100,658050.091,1159430.326,108.10,658050.090,1159430.320,121.7,4,658049.795,1159430.719,10.48528567,76.44417000,0.366,0.004,9.9,10.0,0.5,16.5,2034,2047,RTK FIXED
24.788,070813.20,10.48528500,76.44417100,10.48528497,76.44417100,658050.091,1159430.326,108.10,658050.090,1159430.322,121.7,4,658049.795,1159430.719,10.48528567,76.44417000,0.366,0.004,9.9,10.0,-0.5,18.1,2034,2047,RTK FIXED
24.842,070813.40,10.48528500,76.44417000,10.48528498,76.44417060,658049.982,1159430.325,108.10,658050.047,1159430.323,121.7,4,658049.795,1159430.719,10.48528567,76.44417000,0.366,0.001,10.0,10.0,0.0,17.4,2044,2047,RTK FIXED
24.888,070813.40,10.48528500,76.44417000,10.48528499,76.44417036,658049.982,1159430.325,108.10,658050.021,1159430.324,121.7,4,658049.795,1159430.719,10.48528567,76.44417000,0.366,0.001,10.0,10.0,0.5,18.9,2044,2047,RTK FIXED
24.942,070813.40,10.48528500,76.44417000,10.48528499,76.44417022,658049.982,1159430.325,108.10,658050.005,1159430.325,121.7,4,658049.795,1159430.719,10.48528567,76.44417000,0.366,0.001,10.0,10.0,0.0,17.4,2044,2047,RTK FIXED
24.996,070813.60,10.48528500,76.44417000,10.48528500,76.44417013,658049.982,1159430.325,108.10,658049.996,1159430.325,127.7,4,658049.795,1159430.719,10.48528567,76.44417000,0.364,-0.037,10.0,9.4,0.0,15.7,2047,1925,RTK FIXED
25.042,070813.60,10.48528500,76.44417000,10.48528500,76.44417008,658049.982,1159430.325,108.10,658049.990,1159430.325,127.7,4,658049.795,1159430.719,10.48528567,76.44417000,0.364,-0.037,10.0,9.4,-0.5,18.0,2047,1925,RTK FIXED
25.096,070813.60,10.48528500,76.44417000,10.48528500,76.44417005,658049.982,1159430.325,108.10,658049.987,1159430.325,127.7,4,658049.795,1159430.719,10.48528567,76.44417000,0.364,-0.037,10.0,9.4,0.0,18.0,2047,1925,RTK FIXED
25.142,070813.60,10.48528500,76.44417000,10.48528500,76.44417003,658049.982,1159430.325,108.10,658049.985,1159430.325,127.7,4,658049.795,1159430.719,10.48528567,76.44417000,0.364,-0.037,10.0,9.4,0.5,15.2,2047,1925,RTK FIXED
25.195,070813.60,10.48528500,76.44417000,10.48528500,76.44417002,658049.982,1159430.325,108.10,658049.984,1159430.325,127.7,4,658049.795,1159430.719,10.48528567,76.44417000,0.364,-0.037,10.0,9.4,0.0,17.6,2047,1925,RTK FIXED
25.243,070813.60,10.48528500,76.44417000,10.48528500,76.44417001,658049.982,1159430.325,108.10,658049.983,1159430.325,127.7,4,658049.795,1159430.719,10.48528567,76.44417000,0.364,-0.037,10.0,9.4,-0.5,17.4,2047,1925,RTK FIXED
25.296,070813.80,10.48528600,76.44417000,10.48528540,76.44417001,658050.014,1159430.457,108.10,658049.995,1159430.378,127.7,4,658049.795,1159430.719,10.48528567,76.44417000,0.333,-0.035,10.0,9.4,0.0,14.3,2047,1921,RTK FIXED
25.343,070813.80,10.48528600,76.44417000,10.48528564,76.44417000,658050.014,1159430.457,108.10,658050.002,1159430.409,127.7,4,658049.795,1159430.719,10.48528567,76.44417000,0.333,-0.035,10.0,9.4,0.5,17.1,2047,1921,RTK FIXED
25.396,070813.80,10.48528600,76.44417000,10.48528578,76.44417000,658050.014,1159430.457,108.10,658050.007,1159430.428,127.7,4,658049.795,1159430.719,10.48528567,76.44417000,0.333,-0.035,10.0,9.4,-0.5,16.4,2047,1921,RTK FIXED
25.442,070813.80,10.48528600,76.44417000,10.48528587,76.44417000,658050.014,1159430.457,108.10,658050.010,1159430.440,127.7,4,658049.795,1159430.719,10.48528567,76.44417000,0.333,-0.035,10.0,9.4,0.5,17.0,2047,1921,RTK FIXED
25.496,070813.80,10.48528600,76.44417000,10.48528592,76.44417000,658050.014,1159430.457,108.10,658050.011,1159430.447,127.7,4,658049.795,1159430.719,10.48528567,76.44417000,0.333,-0.035,10.0,9.4,0.0,16.7,2047,1921,RTK FIXED
25.548,070814.00,10.48528600,76.44417000,10.48528595,76.44417000,658050.014,1159430.457,108.10,658050.012,1159430.451,117.7,5,658049.244,1159431.620,10.48529383,76.44416500,0.365,0.014,9.8,10.0,-0.5,16.7,2002,2047,RTK FIXED
25.596,070814.00,10.48528600,76.44417000,10.48528597,76.44417000,658050.014,1159430.457,108.10,658050.013,1159430.453,117.7,5,658049.244,1159431.620,10.48529383,76.44416500,0.365,0.014,9.8,10.0,0.0,16.3,2002,2047,RTK FIXED
25.642,070814.00,10.48528600,76.44417000,10.48528598,76.44417000,658050.014,1159430.457,108.10,658050.013,1159430.455,117.7,5,658049.244,1159431.620,10.48529383,76.44416500,0.365,0.014,9.8,10.0,0.0,16.7,2002,2047,RTK FIXED
25.696,070814.00,10.48528600,76.44417000,10.48528599,76.44417000,658050.014,1159430.457,108.10,658050.013,1159430.456,117.7,5,658049.244,1159431.620,10.48529383,76.44416500,0.365,0.014,9.8,10.0,0.5,16.8,2002,2047,RTK FIXED
25.750,070814.20,10.48528600,76.44417000,10.48528599,76.44417000,658049.958,1159430.423,108.10,658049.991,1159430.443,117.7,5,658049.244,1159431.620,10.48529383,76.44416500,0.365,0.021,9.7,10.0,-0.5,17.0,1977,2047,RTK FIXED
25.802,070814.20,10.48528600,76.44417000,10.48528600,76.44417000,658049.958,1159430.423,108.10,658049.978,1159430.435,117.7,5,658049.244,1159431.620,10.48529383,76.44416500,0.365,0.021,9.7,10.0,0.0,20.3,1977,2047,RTK FIXED
25.850,070814.20,10.48528600,76.44417000,10.48528600,76.44417000,658049.958,1159430.423,108.10,658049.970,1159430.430,117.7,5,658049.244,1159431.620,10.48529383,76.44416500,0.365,0.021,9.7,10.0,0.5,16.2,1977,2047,RTK FIXED
25.896,070814.40,10.48528700,76.44417000,10.48528640,76.44417000,658049.958,1159430.534,108.10,658049.965,1159430.472,117.7,5,658049.244,1159431.620,10.48529383,76.44416500,0.365,0.027,9.6,10.0,-0.5,16.1,1957,2047,RTK FIXED
25.950,070814.40,10.48528700,76.44417000,10.48528664,76.44417000,658049.958,1159430.534,108.10,658049.962,1159430.497,117.7,5,658049.244,1159431.620,10.48529383,76.44416500,0.365,0.027,9.6,10.0,0.0,18.7,1957,2047,RTK FIXED
25.996,070814.40,10.48528700,76.44417000,10.48528678,76.44417000,658049.958,1159430.534,108.10,658049.960,1159430.512,117.7,5,658049.244,1159431.620,10.48529383,76.44416500,0.365,0.027,9.6,10.0,0.0,18.4,1957,2047,RTK FIXED
26.050,070814.60,10.48528700,76.44416900,10.48528687,76.44416960,658049.848,1159430.534,108.10,658049.916,1159430.520,123.3,5,658049.244,1159431.620,10.48529383,76.44416500,0.366,0.001,10.0,10.0,0.5,16.5,2044,2047,RTK FIXED
26.096,070814.60,10.48528700,76.44416900,10.48528692,76.44416936,658049.848,1159430.534,108.10,658049.889,1159430.526,123.3,5,658049.244,1159431.620,10.48529383,76.44416500,0.366,0.001,10.0,10.0,0.0,18.7,2044,2047,RTK FIXED
26.150,070814.60,10.48528700,76.44416900,10.48528695,76.44416922,658049.848,1159430.534,108.10,658049.872,1159430.529,123.3,5,658049.244,1159431.620,10.48529383,76.44416500,0.366,0.001,10.0,10.0,-0.5,18.5,2044,2047,RTK FIXED
26.196,070814.60,10.48528700,76.44416900,10.48528697,76.44416913,658049.848,1159430.534,108.10,658049.863,1159430.531,123.3,5,658049.244,1159431.620,10.48529383,76.44416500,0.366,0.001,10.0,10.0,0.0,17.8,2044,2047,RTK FIXED
26.250,070814.60,10.48528700,76.44416900,10.48528698,76.44416908,658049.848,1159430.534,108.10,658049.857,1159430.532,123.3,5,658049.244,1159431.620,10.48529383,76.44416500,0.366,0.001,10.0,10.0,0.0,18.6,2044,2047,RTK FIXED
26.296,070814.80,10.48528800,76.44416900,10.48528739,76.44416905,658049.879,1159430.662,108.10,658049.866,1159430.584,123.3,5,658049.244,1159431.620,10.48529383,76.44416500,0.366,0.000,10.0,10.0,0.5,18.3,2046,2047,RTK FIXED
26.350,070814.80,10.48528800,76.44416900,10.48528763,76.44416903,658049.879,1159430.662,108.10,658049.871,1159430.615,123.3,5,658049.244,1159431.620,10.48529383,76.44416500,0.366,0.000,10.0,10.0,0.0,18.6,2046,2047,RTK FIXED
26.404,070814.80,10.48528800,76.44416900,10.48528778,76.44416902,658049.879,1159430.662,108.10,658049.874,1159430.634,123.3,5,658049.244,1159431.620,10.48529383,76.44416500,0.366,0.000,10.0,10.0,0.0,17.0,2046,2047,RTK FIXED
26.450,070814.80,10.48528800,76.44416900,10.48528787,76.44416901,658049.879,1159430.662,108.10,658049.876,1159430.645,123.3,5,658049.244,1159431.620,10.48529383,76.44416500,0.366,0.000,10.0,10.0,-0.5,16.4,2046,2047,RTK FIXED
26.505,070815.00,10.48528800,76.44416900,10.48528792,76.44416901,658049.879,1159430.662,108.10,658049.878,1159430.652,117.9,5,658049.244,1159431.620,10.48529383,76.44416500,0.365,0.022,9.6,10.0,0.5,18.6,1973,2047,RTK FIXED
26.550,070815.00,10.48528800,76.44416900,10.48528795,76.44416900,658049.879,1159430.662,108.10,658049.878,1159430.656,117.9,5,658049.244,1159431.620,10.48529383,76.44416500,0.365,0.022,9.6,10.0,-0.6,18.9,1973,2047,RTK FIXED
26.604,070815.00,10.48528800,76.44416900,10.48528797,76.44416900,658049.879,1159430.662,108.10,658049.879,1159430.658,117.9,5,658049.244,1159431.620,10.48529383,76.44416500,0.365,0.022,9.6,10.0,0.5,18.6,1973,2047,RTK FIXED
26.650,070815.00,10.48528800,76.44416900,10.48528798,76.44416900,658049.879,1159430.662,108.10,658049.879,1159430.659,117.9,5,658049.244,1159431.620,10.48529383,76.44416500,0.365,0.022,9.6,10.0,-0.5,16.2,1973,2047,RTK FIXED
26.706,070815.00,10.48528800,76.44416900,10.48528799,76.44416900,658049.879,1159430.662,108.10,658049.879,1159430.660,117.9,5,658049.244,1159431.620,10.48529383,76.44416500,0.365,0.022,9.6,10.0,0.0,17.9,1973,2047,RTK FIXED
26.751,070815.20,10.48528800,76.44416900,10.48528799,76.44416900,658049.849,1159430.645,108.10,658049.867,1159430.654,117.9,5,658049.244,1159431.620,10.48529383,76.44416500,0.365,0.026,9.6,10.0,0.0,17.8,1962,2047,RTK FIXED
26.804,070815.20,10.48528800,76.44416900,10.48528800,76.44416900,658049.849,1159430.645,108.10,658049.860,1159430.650,117.9,5,658049.244,1159431.620,10.48529383,76.44416500,0.365,0.026,9.6,10.0,0.0,18.8,1962,2047,RTK FIXED
26.850,070815.20,10.48528800,76.44416900,10.48528800,76.44416900,658049.849,1159430.645,108.10,658049.856,1159430.648,117.9,5,658049.244,1159431.620,10.48529383,76.44416500,0.365,0.026,9.6,10.0,0.0,19.0,1962,2047,RTK FIXED
26.904,070815.40,10.48528800,76.44416800,10.48528800,76.44416860,658049.740,1159430.644,108.10,658049.809,1159430.647,117.9,5,658049.244,1159431.620,10.48529383,76.44416500,0.366,0.011,9.8,10.0,0.5,14.7,2010,2047,RTK FIXED
26.950,070815.40,10.48528800,76.44416800,10.48528800,76.44416836,658049.740,1159430.644,108.10,658049.781,1159430.646,117.9,5,658049.244,1159431.620,10.48529383,76.44416500,0.366,0.011,9.8,10.0,0.0,18.1,2010,2047,RTK FIXED
27.004,070815.60,10.48528900,76.44416800,10.48528840,76.44416822,658049.739,1159430.755,108.10,658049.765,1159430.689,125.6,5,658049.244,1159431.620,10.48529383,76.44416500,0.365,-0.025,10.0,9.6,-0.5,17.9,2047,1964,RTK FIXED
27.058,070815.60,10.48528900,76.44416800,10.48528864,76.44416813,658049.739,1159430.755,108.10,658049.754,1159430.716,125.6,5,658049.244,1159431.620,10.48529383,76.44416500,0.365,-0.025,10.0,9.6,0.5,18.7,2047,1964,RTK FIXED
27.104,070815.60,10.48528900,76.44416800,10.48528878,76.44416808,658049.739,1159430.755,108.10,658049.748,1159430.731,125.6,5,658049.244,1159431.620,10.48529383,76.44416500,0.365,-0.025,10.0,9.6,-0.5,17.9,2047,1964,RTK FIXED
27.158,070815.60,10.48528900,76.44416800,10.48528887,76.44416805,658049.739,1159430.755,108.10,658049.745,1159430.741,125.6,5,658049.244,1159431.620,10.48529383,76.44416500,0.365,-0.025,10.0,9.6,0.0,18.1,2047,1964,RTK FIXED
27.204,070815.60,10.48528900,76.44416800,10.48528892,76.44416803,658049.739,1159430.755,108.10,658049.743,1159430.746,125.6,5,658049.244,1159431.620,10.48529383,76.44416500,0.365,-0.025,10.0,9.6,0.5,19.0,2047,1964,RTK FIXED
27.259,070815.80,10.48528900,76.44416800,10.48528895,76.44416802,658049.782,1159430.780,108.10,658049.758,1159430.760,125.6,5,658049.244,1159431.620,10.48529383,76.44416500,0.365,-0.027,10.0,9.6,0.0,17.9,2047,1959,RTK FIXED
27.304,070815.80,10.48528900,76.44416800,10.48528897,76.44416801,658049.782,1159430.780,108.10,658049.768,1159430.768,125.6,5,658049.244,1159431.620,10.48529383,76.44416500,0.365,-0.027,10.0,9.6,-0.5,18.1,2047,1959,RTK FIXED
27.358,070815.80,10.48528900,76.44416800,10.48528898,76.44416801,658049.782,1159430.780,108.10,658049.774,1159430.773,125.6,5,658049.244,1159431.620,10.48529383,76.44416500,0.365,-0.027,10.0,9.6,0.0,18.1,2047,1959,RTK FIXED
27.405,070816.00,10.48528900,76.44416800,10.48528899,76.44416800,658049.782,1159430.780,108.10,658049.777,1159430.776,125.6,5,658049.244,1159431.620,10.48529383,76.44416500,0.366,-0.022,10.0,9.6,0.5,17.7,2047,1973,RTK FIXED
27.459,070816.00,10.48528900,76.44416800,10.48528899,76.44416800,658049.782,1159430.780,108.10,658049.779,1159430.777,125.6,5,658049.244,1159431.620,10.48529383,76.44416500,0.366,-0.022,10.0,9.6,0.0,17.3,2047,1973,RTK FIXED
27.504,070816.00,10.48528900,76.44416800,10.48528900,76.44416800,658049.782,1159430.780,108.10,658049.780,1159430.778,125.6,5,658049.244,1159431.620,10.48529383,76.44416500,0.366,-0.022,10.0,9.6,-0.5,17.2,2047,1973,RTK FIXED
27.559,070816.20,10.48529000,76.44416800,10.48528940,76.44416800,658049.782,1159430.891,108.10,658049.781,1159430.823,115.7,5,658049.244,1159431.620,10.48529383,76.44416500,0.363,0.035,9.4,10.0,0.0,17.1,1931,2047,RTK FIXED
27.612,070816.20,10.48529000,76.44416800,10.48528964,76.44416800,658049.782,1159430.891,108.10,658049.781,1159430.850,115.7,5,658049.244,1159431.620,10.48529383,76.44416500,0.363,0.035,9.4,10.0,0.0,17.4,1931,2047,RTK FIXED
27.666,070816.20,10.48529000,76.44416800,10.48528978,76.44416800,658049.782,1159430.891,108.10,658049.781,1159430.866,115.7,5,658049.244,1159431.620,10.48529383,76.44416500,0.363,0.035,9.4,10.0,0.5,17.6,1931,2047,RTK FIXED
27.712,070816.20,10.48529000,76.44416800,10.48528987,76.44416800,658049.782,1159430.891,108.10,658049.781,1159430.876,115.7,5,658049.244,1159431.620,10.48529383,76.44416500,0.363,0.035,9.4,10.0,0.0,16.8,1931,2047,RTK FIXED
27.767,070816.40,10.48529000,76.44416800,10.48528992,76.44416800,658049.726,1159430.860,108.10,658049.759,1159430.869,115.7,5,658049.244,1159431.620,10.48529383,76.44416500,0.364,0.046,9.3,10.0,-0.5,15.1,1896,2047,RTK FIXED
27.812,070816.40,10.48529000,76.44416800,10.48528995,76.44416800,658049.726,1159430.860,108.10,658049.746,1159430.865,115.7,5,658049.244,1159431.620,10.48529383,76.44416500,0.364,0.046,9.3,10.0,0.0,17.6,1896,2047,RTK FIXED
27.866,070816.40,10.48529000,76.44416800,10.48528997,76.44416800,658049.726,1159430.860,108.10,658049.738,1159430.863,115.7,5,658049.244,1159431.620,10.48529383,76.44416500,0.364,0.046,9.3,10.0,0.0,18.5,1896,2047,RTK FIXED
27.912,070816.40,10.48529000,76.44416800,10.48528998,76.44416800,658049.726,1159430.860,108.10,658049.733,1159430.862,115.7,5,658049.244,1159431.620,10.48529383,76.44416500,0.364,0.046,9.3,10.0,0.0,17.3,1896,2047,RTK FIXED
27.966,070816.40,10.48529000,76.44416800,10.48528999,76.44416800,658049.726,1159430.860,108.10,658049.730,1159430.861,115.7,5,658049.244,1159431.620,10.48529383,76.44416500,0.364,0.046,9.3,10.0,0.0,18.1,1896,2047,RTK FIXED
28.012,070816.40,10.48529000,76.44416800,10.48528999,76.44416800,658049.726,1159430.860,108.10,658049.728,1159430.860,115.7,5,658049.244,1159431.620,10.48529383,76.44416500,0.364,0.046,9.3,10.0,0.0,17.2,1896,2047,RTK FIXED
28.067,070816.60,10.48529000,76.44416700,10.48529000,76.44416760,658049.616,1159430.859,108.10,658049.684,1159430.860,127.7,5,658049.244,1159431.620,10.48529383,76.44416500,0.364,-0.025,10.0,9.6,0.0,17.9,2047,1964,RTK FIXED
28.113,070816.60,10.48529000,76.44416700,10.48529000,76.44416736,658049.616,1159430.859,108.10,658049.657,1159430.859,127.7,5,658049.244,1159431.620,10.48529383,76.44416500,0.364,-0.025,10.0,9.6,0.5,17.4,2047,1964,RTK FIXED
28.166,070816.60,10.48529000,76.44416700,10.48529000,76.44416722,658049.616,1159430.859,108.10,658049.641,1159430.859,127.7,5,658049.244,1159431.620,10.48529383,76.44416500,0.364,-0.025,10.0,9.6,0.0,16.4,2047,1964,RTK FIXED
28.220,070816.60,10.48529000,76.44416700,10.48529000,76.44416713,658049.616,1159430.859,108.10,658049.631,1159430.859,127.7,5,658049.244,1159431.620,10.48529383,76.44416500,0.364,-0.025,10.0,9.6,-0.5,17.5,2047,1964,RTK FIXED
28.266,070816.60,10.48529000,76.44416700,10.48529000,76.44416708,658049.616,1159430.859,108.10,658049.625,1159430.859,127.7,5,658049.244,1159431.620,10.48529383,76.44416500,0.364,-0.025,10.0,9.6,0.0,15.8,2047,1964,RTK FIXED
28.321,070816.80,10.48529100,76.44416700,10.48529040,76.44416705,658049.683,1159431.008,108.10,658049.648,1159430.919,127.7,5,658049.244,1159431.620,10.48529383,76.44416500,0.365,-0.031,10.0,9.5,0.0,17.0,2047,1946,RTK FIXED
28.366,070816.80,10.48529100,76.44416700,10.48529064,76.44416703,658049.683,1159431.008,108.10,658049.662,1159430.955,127.7,5,658049.244,1159431.620,10.48529383,76.44416500,0.365,-0.031,10.0,9.5,0.5,14.2,2047,1946,RTK FIXED
28.420,070816.80,10.48529100,76.44416700,10.48529078,76.44416702,658049.683,1159431.008,108.10,658049.670,1159430.976,127.7,5,658049.244,1159431.620,10.48529383,76.44416500,0.365,-0.031,10.0,9.5,0.0,16.2,2047,1946,RTK FIXED
28.466,070816.80,10.48529100,76.44416700,10.48529087,76.44416701,658049.683,1159431.008,108.10,658049.675,1159430.989,127.7,5,658049.244,1159431.620,10.48529383,76.44416500,0.365,-0.031,10.0,9.5,0.0,16.8,2047,1946,RTK FIXED
28.521,070817.00,10.48529100,76.44416700,10.48529092,76.44416701,658049.683,1159431.008,108.10,658049.678,1159430.997,118.4,5,658049.244,1159431.620,10.48529383,76.44416500,0.365,0.016,9.7,10.0,0.0,15.1,1995,2047,RTK FIXED
28.566,070817.00,10.48529100,76.44416700,10.48529095,76.44416700,658049.683,1159431.008,108.10,658049.680,1159431.002,118.4,5,658049.244,1159431.620,10.48529383,76.44416500,0.365,0.016,9.7,10.0,-0.6,17.6,1995,2047,RTK FIXED
28.620,070817.00,10.48529100,76.44416700,10.48529097,76.44416700,658049.683,1159431.008,108.10,658049.681,1159431.004,118.4,5,658049.244,1159431.620,10.48529383,76.44416500,0.365,0.016,9.7,10.0,0.5,17.6,1995,2047,RTK FIXED
28.667,070817.20,10.48529100,76.44416700,10.48529098,76.44416700,658049.632,1159430.977,108.10,658049.661,1159430.993,118.4,5,658049.244,1159431.620,10.48529383,76.44416500,0.366,0.021,9.7,10.0,-0.5,16.7,1976,2047,RTK FIXED
28.720,070817.20,10.48529100,76.44416700,10.48529099,76.44416700,658049.632,1159430.977,108.10,658049.649,1159430.987,118.4,5,658049.244,1159431.620,10.48529383,76.44416500,0.366,0.021,9.7,10.0,0.5,14.9,1976,2047,RTK FIXED
28.766,070817.20,10.48529100,76.44416700,10.48529099,76.44416700,658049.632,1159430.977,108.10,658049.642,1159430.983,118.4,5,658049.244,1159431.620,10.48529383,76.44416500,0.366,0.021,9.7,10.0,0.0,17.9,1976,2047,RTK FIXED
28.820,070817.20,10.48529100,76.44416700,10.48529100,76.44416700,658049.632,1159430.977,108.10,658049.638,1159430.981,118.4,5,658049.244,1159431.620,10.48529383,76.44416500,0.366,0.021,9.7,10.0,-0.5,18.1,1976,2047,RTK FIXED
28.867,070817.20,10.48529100,76.44416700,10.48529100,76.44416700,658049.632,1159430.977,108.10,658049.636,1159430.979,118.4,5,658049.244,1159431.620,10.48529383,76.44416500,0.366,0.021,9.7,10.0,0.5,17.6,1976,2047,RTK FIXED
28.921,070817.40,10.48529200,76.44416700,10.48529140,76.44416700,658049.631,1159431.088,108.10,658049.634,1159431.023,118.4,5,658049.244,1159431.620,10.48529383,76.44416500,0.365,0.029,9.5,10.0,0.0,18.6,1952,2047,RTK FIXED
28.975,070817.40,10.48529200,76.44416700,10.48529164,76.44416700,658049.631,1159431.088,108.10,658049.633,1159431.049,118.4,5,658049.244,1159431.620,10.48529383,76.44416500,0.365,0.029,9.5,10.0,0.0,18.1,1952,2047,RTK FIXED
29.020,070817.40,10.48529200,76.44416700,10.48529178,76.44416700,658049.631,1159431.088,108.10,658049.632,1159431.064,118.4,5,658049.244,1159431.620,10.48529383,76.44416500,0.365,0.029,9.5,10.0,0.0,18.1,1952,2047,RTK FIXED
29.074,070817.40,10.48529200,76.44416700,10.48529187,76.44416700,658049.631,1159431.088,108.10,658049.632,1159431.074,118.4,5,658049.244,1159431.620,10.48529383,76.44416500,0.365,0.029,9.5,10.0,0.0,18.6,1952,2047,RTK FIXED
29.121,070817.40,10.48529200,76.44416700,10.48529192,76.44416700,658049.631,1159431.088,108.10,658049.631,1159431.079,118.4,5,658049.244,1159431.620,10.48529383,76.44416500,0.365,0.029,9.5,10.0,0.0,18.2,1952,2047,RTK FIXED
29.175,070817.60,10.48529200,76.44416700,10.48529195,76.44416700,658049.631,1159431.088,108.10,658049.631,1159431.083,117.7,5,658049.244,1159431.620,10.48529383,76.44416500,0.364,0.039,9.4,10.0,-0.5,17.7,1920,2047,RTK FIXED
29.220,070817.60,10.48529200,76.44416700,10.48529197,76.44416700,658049.631,1159431.088,108.10,658049.631,1159431.085,117.7,5,658049.244,1159431.620,10.48529383,76.44416500,0.364,0.039,9.4,10.0,0.5,18.6,1920,2047,RTK FIXED
29.274,070817.60,10.48529200,76.44416700,10.48529198,76.44416700,658049.631,1159431.088,108.10,658049.631,1159431.086,117.7,5,658049.244,1159431.620,10.48529383,76.44416500,0.364,0.039,9.4,10.0,-0.5,18.5,1920,2047,RTK FIXED
29.320,070817.60,10.48529200,76.44416700,10.48529199,76.44416700,658049.631,1159431.088,108.10,658049.631,1159431.087,117.7,5,658049.244,1159431.620,10.48529383,76.44416500,0.364,0.039,9.4,10.0,0.0,15.7,1920,2047,RTK FIXED
29.375,070817.80,10.48529200,76.44416600,10.48529199,76.44416660,658049.518,1159431.085,108.10,658049.586,1159431.086,117.7,5,658049.244,1159431.620,10.48529383,76.44416500,0.366,0.027,9.6,10.0,0.5,18.4,1959,2047,RTK FIXED
29.420,070817.80,10.48529200,76.44416600,10.48529200,76.44416636,658049.518,1159431.085,108.10,658049.559,1159431.086,117.7,5,658049.244,1159431.620,10.48529383,76.44416500,0.366,0.027,9.6,10.0,-0.5,15.9,1959,2047,RTK FIXED
29.474,070817.80,10.48529200,76.44416600,10.48529200,76.44416622,658049.518,1159431.085,108.10,658049.542,1159431.086,117.7,5,658049.244,1159431.620,10.48529383,76.44416500,0.366,0.027,9.6,10.0,0.0,18.5,1959,2047,RTK FIXED
29.520,070817.80,10.48529200,76.44416600,10.48529200,76.44416613,658049.518,1159431.085,108.10,658049.532,1159431.085,117.7,5,658049.244,1159431.620,10.48529383,76.44416500,0.366,0.027,9.6,10.0,0.0,18.0,1959,2047,RTK FIXED
29.575,070818.00,10.48529200,76.44416600,10.48529200,76.44416608,658049.518,1159431.085,108.10,658049.526,1159431.085,130.7,5,658049.244,1159431.620,10.48529383,76.44416500,0.361,-0.047,10.0,9.3,0.5,17.0,2047,1894,RTK FIXED
29.620,070818.00,10.48529200,76.44416600,10.48529200,76.44416605,658049.518,1159431.085,108.10,658049.523,1159431.085,130.7,5,658049.244,1159431.620,10.48529383,76.44416500,0.361,-0.047,10.0,9.3,0.0,18.1,2047,1894,RTK FIXED
29.674,070818.00,10.48529200,76.44416600,10.48529200,76.44416603,658049.518,1159431.085,108.10,658049.521,1159431.085,130.7,5,658049.244,1159431.620,10.48529383,76.44416500,0.361,-0.047,10.0,9.3,0.0,17.5,2047,1894,RTK FIXED
29.729,070818.20,10.48529300,76.44416600,10.48529240,76.44416602,658049.587,1159431.241,108.10,658049.547,1159431.147,130.7,5,658049.244,1159431.620,10.48529383,76.44416500,0.364,-0.047,10.0,9.3,0.0,17.9,2047,1895,RTK FIXED
29.774,070818.20,10.48529300,76.44416600,10.48529264,76.44416601,658049.587,1159431.241,108.10,658049.563,1159431.185,130.7,5,658049.244,1159431.620,10.48529383,76.44416500,0.364,-0.047,10.0,9.3,-0.5,17.0,2047,1895,RTK FIXED
29.828,070818.20,10.48529300,76.44416600,10.48529278,76.44416601,658049.587,1159431.241,108.10,658049.573,1159431.207,130.7,5,658049.244,1159431.620,10.48529383,76.44416500,0.364,-0.047,10.0,9.3,0.0,16.2,2047,1895,RTK FIXED
29.874,070818.20,10.48529300,76.44416600,10.48529287,76.44416600,658049.587,1159431.241,108.10,658049.579,1159431.221,130.7,5,658049.244,1159431.620,10.48529383,76.44416500,0.364,-0.047,10.0,9.3,0.5,16.8,2047,1895,RTK FIXED
29.928,070818.20,10.48529300,76.44416600,10.48529292,76.44416600,658049.587,1159431.241,108.10,658049.582,1159431.229,130.7,5,658049.244,1159431.620,10.48529383,76.44416500,0.364,-0.047,10.0,9.3,0.0,16.7,2047,1895,RTK FIXED
29.975,070818.40,10.48529300,76.44416600,10.48529295,76.44416600,658049.587,1159431.241,108.10,658049.584,1159431.234,116.0,5,658049.244,1159431.620,10.48529383,76.44416500,0.362,0.036,9.4,10.0,0.0,17.3,1927,2047,RTK FIXED
30.029,070818.40,10.48529300,76.44416600,10.48529297,76.44416600,658049.587,1159431.241,108.10,658049.586,1159431.237,116.0,5,658049.244,1159431.620,10.48529383,76.44416500,0.362,0.036,9.4,10.0,0.0,17.2,1927,2047,RTK FIXED
30.074,070818.40,10.48529300,76.44416600,10.48529298,76.44416600,658049.587,1159431.241,108.10,658049.586,1159431.238,116.0,5,658049.244,1159431.620,10.48529383,76.44416500,0.362,0.036,9.4,10.0,-0.5,18.0,1927,2047,RTK FIXED
30.128,070818.40,10.48529300,76.44416600,10.48529299,76.44416600,658049.587,1159431.241,108.10,658049.587,1159431.239,116.0,5,658049.244,1159431.620,10.48529383,76.44416500,0.362,0.036,9.4,10.0,0.0,17.1,1927,2047,RTK FIXED
30.175,070818.60,10.48529300,76.44416600,10.48529299,76.44416600,658049.507,1159431.191,108.10,658049.555,1159431.220,116.0,5,658049.244,1159431.620,10.48529383,76.44416500,0.364,0.048,9.2,10.0,0.0,14.6,1891,2047,RTK FIXED
30.229,070818.60,10.48529300,76.44416600,10.48529300,76.44416600,658049.507,1159431.191,108.10,658049.536,1159431.209,116.0,5,658049.244,1159431.620,10.48529383,76.44416500,0.364,0.048,9.2,10.0,0.0,15.8,1891,2047,RTK FIXED
30.275,070818.60,10.48529300,76.44416600,10.48529300,76.44416600,658049.507,1159431.191,108.10,658049.525,1159431.202,116.0,5,658049.244,1159431.620,10.48529383,76.44416500,0.364,0.048,9.2,10.0,0.5,18.5,1891,2047,RTK FIXED
30.329,070818.60,10.48529300,76.44416600,10.48529300,76.44416600,658049.507,1159431.191,108.10,658049.518,1159431.197,116.0,5,658049.244,1159431.620,10.48529383,76.44416500,0.364,0.048,9.2,10.0,0.0,18.5,1891,2047,RTK FIXED
30.375,070818.60,10.48529300,76.44416600,10.48529300,76.44416600,658049.507,1159431.191,108.10,658049.514,1159431.195,116.0,5,658049.244,1159431.620,10.48529383,76.44416500,0.364,0.048,9.2,10.0,-0.5,18.0,1891,2047,RTK FIXED
30.429,070818.80,10.48529400,76.44416500,10.48529340,76.44416560,658049.397,1159431.301,108.10,658049.467,1159431.237,126.2,5,658049.244,1159431.620,10.48529383,76.44416500,0.365,-0.007,10.0,9.9,0.0,17.9,2047,2025,RTK FIXED
30.476,070818.80,10.48529400,76.44416500,10.48529364,76.44416536,658049.397,1159431.301,108.10,658049.439,1159431.263,126.2,5,658049.244,1159431.620,10.48529383,76.44416500,0.365,-0.007,10.0,9.9,0.0,15.9,2047,2025,RTK FIXED
30.529,070819.00,10.48529400,76.44416500,10.48529378,76.44416522,658049.455,1159431.334,108.10,658049.445,1159431.291,126.2,5,658049.244,1159431.620,10.48529383,76.44416500,0.334,-0.016,10.0,9.7,0.5,17.9,2047,1989,RTK FIXED
30.583,070819.20,10.48529400,76.44416500,10.48529387,76.44416513,658049.455,1159431.334,108.00,658049.449,1159431.308,126.2,6,658048.693,1159432.520,10.48530200,76.44416000,0.366,-0.019,10.0,9.7,-0.5,17.5,2047,1984,RTK FIXED
30.629,070819.20,10.48529400,76.44416500,10.48529392,76.44416508,658049.455,1159431.334,108.00,658049.451,1159431.318,126.2,6,658048.693,1159432.520,10.48530200,76.44416000,0.366,-0.019,10.0,9.7,0.0,18.0,2047,1984,RTK FIXED
30.683,070819.20,10.48529400,76.44416500,10.48529395,76.44416505,658049.455,1159431.334,108.00,658049.453,1159431.325,126.2,6,658048.693,1159432.520,10.48530200,76.44416000,0.366,-0.019,10.0,9.7,0.5,15.4,2047,1984,RTK FIXED
30.729,070819.20,10.48529400,76.44416500,10.48529397,76.44416503,658049.455,1159431.334,108.00,658049.453,1159431.328,126.2,6,658048.693,1159432.520,10.48530200,76.44416000,0.366,-0.019,10.0,9.7,0.0,15.0,2047,1984,RTK FIXED
30.783,070819.20,10.48529400,76.44416500,10.48529398,76.44416502,658049.455,1159431.334,108.00,658049.454,1159431.330,126.2,6,658048.693,1159432.520,10.48530200,76.44416000,0.366,-0.019,10.0,9.7,0.0,17.3,2047,1984,RTK FIXED
30.830,070819.20,10.48529400,76.44416500,10.48529399,76.44416501,658049.455,1159431.334,108.00,658049.454,1159431.332,126.2,6,658048.693,1159432.520,10.48530200,76.44416000,0.366,-0.019,10.0,9.7,-0.5,15.9,2047,1984,RTK FIXED
30.883,070819.40,10.48529500,76.44416500,10.48529439,76.44416501,658049.454,1159431.444,108.00,658049.454,1159431.377,119.1,6,658048.693,1159432.520,10.48530200,76.44416000,0.365,0.017,9.7,10.0,0.0,17.9,1992,2047,RTK FIXED
30.929,070819.40,10.48529500,76.44416500,10.48529464,76.44416500,658049.454,1159431.444,108.00,658049.454,1159431.404,119.1,6,658048.693,1159432.520,10.48530200,76.44416000,0.365,0.017,9.7,10.0,0.5,17.4,1992,2047,RTK FIXED
30.983,070819.40,10.48529500,76.44416500,10.48529478,76.44416500,658049.454,1159431.444,108.00,658049.454,1159431.420,119.1,6,658048.693,1159432.520,10.48530200,76.44416000,0.365,0.017,9.7,10.0,0.0,17.2,1992,2047,RTK FIXED
31.030,070819.40,10.48529500,76.44416500,10.48529487,76.44416500,658049.454,1159431.444,108.00,658049.454,1159431.430,119.1,6,658048.693,1159432.520,10.48530200,76.44416000,0.365,0.017,9.7,10.0,-0.5,18.3,1992,2047,RTK FIXED
31.082,070819.40,10.48529500,76.44416500,10.48529492,76.44416500,658049.454,1159431.444,108.00,658049.454,1159431.436,119.1,6,658048.693,1159432.520,10.48530200,76.44416000,0.365,0.017,9.7,10.0,0.5,15.4,1992,2047,RTK FIXED
31.129,070819.60,10.48529500,76.44416500,10.48529495,76.44416500,658049.414,1159431.420,108.10,658049.438,1159431.430,119.1,6,658048.693,1159432.520,10.48530200,76.44416000,0.365,0.025,9.6,10.0,-0.5,17.7,1964,2047,RTK FIXED
31.183,070819.60,10.48529500,76.44416500,10.48529497,76.44416500,658049.414,1159431.420,108.10,658049.429,1159431.426,119.1,6,658048.693,1159432.520,10.48530200,76.44416000,0.365,0.025,9.6,10.0,0.5,18.2,1964,2047,RTK FIXED
31.229,070819.60,10.48529500,76.44416500,10.48529498,76.44416500,658049.414,1159431.420,108.10,658049.423,1159431.424,119.1,6,658048.693,1159432.520,10.48530200,76.44416000,0.365,0.025,9.6,10.0,0.0,17.8,1964,2047,RTK FIXED
31.283,070819.60,10.48529500,76.44416500,10.48529499,76.44416500,658049.414,1159431.420,108.10,658049.420,1159431.422,119.1,6,658048.693,1159432.520,10.48530200,76.44416000,0.365,0.025,9.6,10.0,0.0,15.9,1964,2047,RTK FIXED
31.330,070819.60,10.48529500,76.44416500,10.48529499,76.44416500,658049.414,1159431.420,108.10,658049.417,1159431.422,119.1,6,658048.693,1159432.520,10.48530200,76.44416000,0.365,0.025,9.6,10.0,-0.5,17.6,1964,2047,RTK FIXED
31.383,070819.80,10.48529500,76.44416500,10.48529500,76.44416500,658049.414,1159431.420,108.10,658049.416,1159431.421,119.1,6,658048.693,1159432.520,10.48530200,76.44416000,0.365,0.027,9.6,10.0,0.5,17.7,1958,2047,RTK FIXED
31.429,070819.80,10.48529500,76.44416500,10.48529500,76.44416500,658049.414,1159431.420,108.10,658049.415,1159431.421,119.1,6,658048.693,1159432.520,10.48530200,76.44416000,0.365,0.027,9.6,10.0,0.0,18.0,1958,2047,RTK FIXED
31.483,070819.80,10.48529500,76.44416500,10.48529500,76.44416500,658049.414,1159431.420,108.10,658049.415,1159431.421,119.1,6,658048.693,1159432.520,10.48530200,76.44416000,0.365,0.027,9.6,10.0,-0.5,17.7,1958,2047,RTK FIXED
31.537,070820.00,10.48529600,76.44416400,10.48529540,76.44416460,658049.304,1159431.531,108.00,658049.371,1159431.465,122.5,6,658048.693,1159432.520,10.48530200,76.44416000,0.366,0.007,9.9,10.0,0.5,16.1,2025,2047,RTK FIXED
31.583,070820.00,10.48529600,76.44416400,10.48529564,76.44416436,658049.304,1159431.531,108.00,658049.344,1159431.491,122.5,6,658048.693,1159432.520,10.48530200,76.44416000,0.366,0.007,9.9,10.0,0.0,14.8,2025,2047,RTK FIXED
31.637,070820.20,10.48529600,76.44416400,10.48529578,76.44416422,658049.324,1159431.541,108.10,658049.336,1159431.511,122.5,6,658048.693,1159432.520,10.48530200,76.44416000,0.366,0.002,10.0,10.0,-0.5,18.4,2041,2047,RTK FIXED
31.683,070820.20,10.48529600,76.44416400,10.48529587,76.44416413,658049.324,1159431.541,108.10,658049.331,1159431.523,122.5,6,658048.693,1159432.520,10.48530200,76.44416000,0.366,0.002,10.0,10.0,0.5,17.0,2041,2047,RTK FIXED
31.737,070820.20,10.48529600,76.44416400,10.48529592,76.44416408,658049.324,1159431.541,108.10,658049.328,1159431.531,122.5,6,658048.693,1159432.520,10.48530200,76.44416000,0.366,0.002,10.0,10.0,-0.5,17.5,2041,2047,RTK FIXED
31.783,070820.20,10.48529600,76.44416400,10.48529595,76.44416405,658049.324,1159431.541,108.10,658049.327,1159431.535,122.5,6,658048.693,1159432.520,10.48530200,76.44416000,0.366,0.002,10.0,10.0,0.5,17.4,2041,2047,RTK FIXED
31.837,070820.20,10.48529600,76.44416400,10.48529597,76.44416403,658049.324,1159431.541,108.10,658049.325,1159431.538,122.5,6,658048.693,1159432.520,10.48530200,76.44416000,0.366,0.002,10.0,10.0,-0.5,18.5,2041,2047,RTK FIXED
31.883,070820.40,10.48529600,76.44416400,10.48529598,76.44416402,658049.324,1159431.541,108.10,658049.325,1159431.539,122.5,6,658048.693,1159432.520,10.48530200,76.44416000,0.366,0.000,10.0,10.0,0.5,17.8,2046,2047,RTK FIXED
31.937,070820.40,10.48529600,76.44416400,10.48529599,76.44416401,658049.324,1159431.541,108.10,658049.324,1159431.540,122.5,6,658048.693,1159432.520,10.48530200,76.44416000,0.366,0.000,10.0,10.0,0.0,18.2,2046,2047,RTK FIXED
31.983,070820.40,10.48529600,76.44416400,10.48529599,76.44416401,658049.324,1159431.541,108.10,658049.324,1159431.541,122.5,6,658048.693,1159432.520,10.48530200,76.44416000,0.366,0.000,10.0,10.0,-0.5,17.9,2046,2047,RTK FIXED
32.037,070820.40,10.48529600,76.44416400,10.48529600,76.44416400,658049.324,1159431.541,108.10,658049.324,1159431.541,122.5,6,658048.693,1159432.520,10.48530200,76.44416000,0.366,0.000,10.0,10.0,0.0,18.1,2046,2047,RTK FIXED
32.084,070820.40,10.48529600,76.44416400,10.48529600,76.44416400,658049.324,1159431.541,108.10,658049.324,1159431.541,122.5,6,658048.693,1159432.520,10.48530200,76.44416000,0.366,0.000,10.0,10.0,0.5,18.1,2046,2047,RTK FIXED
32.138,070820.60,10.48529700,76.44416400,10.48529640,76.44416400,658049.323,1159431.652,108.10,658049.324,1159431.585,119.1,6,658048.693,1159432.520,10.48530200,76.44416000,0.365,0.026,9.6,10.0,0.0,18.3,1961,2047,RTK FIXED
32.183,070820.60,10.48529700,76.44416400,10.48529664,76.44416400,658049.323,1159431.652,108.10,658049.324,1159431.612,119.1,6,658048.693,1159432.520,10.48530200,76.44416000,0.365,0.026,9.6,10.0,-0.5,16.4,1961,2047,RTK FIXED
32.237,070820.60,10.48529700,76.44416400,10.48529678,76.44416400,658049.323,1159431.652,108.10,658049.324,1159431.628,119.1,6,658048.693,1159432.520,10.48530200,76.44416000,0.365,0.026,9.6,10.0,0.0,18.1,1961,2047,RTK FIXED
32.284,070820.60,10.48529700,76.44416400,10.48529687,76.44416400,658049.323,1159431.652,108.10,658049.323,1159431.638,119.1,6,658048.693,1159432.520,10.48530200,76.44416000,0.365,0.026,9.6,10.0,0.0,15.9,1961,2047,RTK FIXED
32.338,070820.80,10.48529700,76.44416400,10.48529692,76.44416400,658049.304,1159431.641,108.10,658049.316,1159431.639,119.1,6,658048.693,1159432.520,10.48530200,76.44416000,0.365,0.035,9.4,10.0,0.5,15.0,1933,2047,RTK FIXED
32.383,070820.80,10.48529700,76.44416400,10.48529695,76.44416400,658049.304,1159431.641,108.10,658049.311,1159431.640,119.1,6,658048.693,1159432.520,10.48530200,76.44416000,0.365,0.035,9.4,10.0,0.0,17.4,1933,2047,RTK FIXED
32.437,070820.80,10.48529700,76.44416400,10.48529697,76.44416400,658049.304,1159431.641,108.10,658049.308,1159431.640,119.1,6,658048.693,1159432.520,10.48530200,76.44416000,0.365,0.035,9.4,10.0,-0.5,16.7,1933,2047,RTK FIXED
32.483,070820.80,10.48529700,76.44416400,10.48529698,76.44416400,658049.304,1159431.641,108.10,658049.307,1159431.641,119.1,6,658048.693,1159432.520,10.48530200,76.44416000,0.365,0.035,9.4,10.0,0.0,18.4,1933,2047,RTK FIXED
32.538,070821.00,10.48529700,76.44416400,10.48529699,76.44416400,658049.304,1159431.641,108.10,658049.306,1159431.641,119.1,6,658048.693,1159432.520,10.48530200,76.44416000,0.365,0.039,9.4,10.0,0.5,16.1,1920,2047,RTK FIXED
32.592,070821.00,10.48529700,76.44416400,10.48529699,76.44416400,658049.304,1159431.641,108.10,658049.305,1159431.641,119.1,6,658048.693,1159432.520,10.48530200,76.44416000,0.365,0.039,9.4,10.0,0.0,18.0,1920,2047,RTK FIXED
32.638,070821.00,10.48529700,76.44416400,10.48529700,76.44416400,658049.304,1159431.641,108.10,658049.305,1159431.641,119.1,6,658048.693,1159432.520,10.48530200,76.44416000,0.365,0.039,9.4,10.0,-0.5,18.1,1920,2047,RTK FIXED
32.691,070821.20,10.48529800,76.44416300,10.48529740,76.44416360,658049.194,1159431.751,108.10,658049.260,1159431.685,120.5,6,658048.693,1159432.520,10.48530200,76.44416000,0.365,0.027,9.6,10.0,0.5,16.6,1957,2047,RTK FIXED
32.738,070821.20,10.48529800,76.44416300,10.48529764,76.44416336,658049.194,1159431.751,108.10,658049.234,1159431.712,120.5,6,658048.693,1159432.520,10.48530200,76.44416000,0.365,0.027,9.6,10.0,0.0,19.0,1957,2047,RTK FIXED
32.791,070821.20,10.48529800,76.44416300,10.48529778,76.44416322,658049.194,1159431.751,108.10,658049.218,1159431.728,120.5,6,658048.693,1159432.520,10.48530200,76.44416000,0.365,0.027,9.6,10.0,0.0,18.1,1957,2047,RTK FIXED
32.838,070821.20,10.48529800,76.44416300,10.48529787,76.44416313,658049.194,1159431.751,108.10,658049.209,1159431.737,120.5,6,658048.693,1159432.520,10.48530200,76.44416000,0.365,0.027,9.6,10.0,0.0,19.0,1957,2047,RTK FIXED
32.892,070821.40,10.48529800,76.44416300,10.48529792,76.44416308,658049.202,1159431.756,108.10,658049.206,1159431.744,120.5,6,658048.693,1159432.520,10.48530200,76.44416000,0.366,0.023,9.6,10.0,0.0,18.0,1972,2047,RTK FIXED
32.938,070821.40,10.48529800,76.44416300,10.48529795,76.44416305,658049.202,1159431.756,108.10,658049.204,1159431.749,120.5,6,658048.693,1159432.520,10.48530200,76.44416000,0.366,0.023,9.6,10.0,0.0,19.1,1972,2047,RTK FIXED
32.991,070821.40,10.48529800,76.44416300,10.48529797,76.44416303,658049.202,1159431.756,108.10,658049.204,1159431.752,120.5,6,658048.693,1159432.520,10.48530200,76.44416000,0.366,0.023,9.6,10.0,0.0,18.1,1972,2047,RTK FIXED
33.038,070821.40,10.48529800,76.44416300,10.48529798,76.44416302,658049.202,1159431.756,108.10,658049.203,1159431.753,120.5,6,658048.693,1159432.520,10.48530200,76.44416000,0.366,0.023,9.6,10.0,0.0,16.3,1972,2047,RTK FIXED
33.091,070821.40,10.48529800,76.44416300,10.48529799,76.44416301,658049.202,1159431.756,108.10,658049.203,1159431.754,120.5,6,658048.693,1159432.520,10.48530200,76.44416000,0.366,0.023,9.6,10.0,-0.5,18.5,1972,2047,RTK FIXED
33.138,070821.60,10.48529800,76.44416300,10.48529799,76.44416301,658049.202,1159431.756,108.10,658049.202,1159431.755,120.5,6,658048.693,1159432.520,10.48530200,76.44416000,0.366,0.021,9.7,10.0,0.5,18.9,1979,2047,RTK FIXED
33.191,070821.60,10.48529800,76.44416300,10.48529800,76.44416300,658049.202,1159431.756,108.10,658049.202,1159431.755,120.5,6,658048.693,1159432.520,10.48530200,76.44416000,0.366,0.021,9.7,10.0,-0.5,18.6,1979,2047,RTK FIXED
33.238,070821.60,10.48529800,76.44416300,10.48529800,76.44416300,658049.202,1159431.756,108.10,658049.202,1159431.755,120.5,6,658048.693,1159432.520,10.48530200,76.44416000,0.366,0.021,9.7,10.0,0.0,17.9,1979,2047,RTK FIXED
33.291,070821.60,10.48529800,76.44416300,10.48529800,76.44416300,658049.202,1159431.756,108.10,658049.202,1159431.755,120.5,6,658048.693,1159432.520,10.48530200,76.44416000,0.366,0.021,9.7,10.0,0.5,16.7,1979,2047,RTK FIXED
33.338,070821.60,10.48529800,76.44416300,10.48529800,76.44416300,658049.202,1159431.756,108.10,658049.202,1159431.756,120.5,6,658048.693,1159432.520,10.48530200,76.44416000,0.366,0.021,9.7,10.0,0.0,18.8,1979,2047,RTK FIXED
33.392,070821.80,10.48529800,76.44416300,10.48529800,76.44416300,658049.202,1159431.756,108.10,658049.202,1159431.756,122.4,6,658048.693,1159432.520,10.48530200,76.44416000,0.366,0.008,9.9,10.0,-0.5,18.5,2019,2047,RTK FIXED
33.438,070821.80,10.48529800,76.44416300,10.48529800,76.44416300,658049.202,1159431.756,108.10,658049.202,1159431.756,122.4,6,658048.693,1159432.520,10.48530200,76.44416000,0.366,0.008,9.9,10.0,0.0,16.4,2019,2047,RTK FIXED
33.491,070821.80,10.48529800,76.44416300,10.48529800,76.44416300,658049.202,1159431.756,108.10,658049.202,1159431.756,122.4,6,658048.693,1159432.520,10.48530200,76.44416000,0.366,0.008,9.9,10.0,0.5,18.6,2019,2047,RTK FIXED
33.538,070822.00,10.48529900,76.44416300,10.48529840,76.44416300,658049.212,1159431.872,108.10,658049.206,1159431.802,122.4,6,658048.693,1159432.520,10.48530200,76.44416000,0.366,0.017,9.7,10.0,-0.5,16.1,1992,2047,RTK FIXED
33.591,070822.00,10.48529900,76.44416300,10.48529864,76.44416300,658049.212,1159431.872,108.10,658049.209,1159431.830,122.4,6,658048.693,1159432.520,10.48530200,76.44416000,0.366,0.017,9.7,10.0,0.5,18.7,1992,2047,RTK FIXED
33.646,070822.00,10.48529900,76.44416300,10.48529878,76.44416300,658049.212,1159431.872,108.10,658049.210,1159431.847,122.4,6,658048.693,1159432.520,10.48530200,76.44416000,0.366,0.017,9.7,10.0,0.0,18.9,1992,2047,RTK FIXED
33.692,070822.20,10.48529900,76.44416200,10.48529887,76.44416260,658049.103,1159431.872,108.10,658049.167,1159431.857,121.1,6,658048.693,1159432.520,10.48530200,76.44416000,0.366,0.017,9.7,10.0,0.0,18.4,1990,2047,RTK FIXED
33.746,070822.20,10.48529900,76.44416200,10.48529892,76.44416236,658049.103,1159431.872,108.10,658049.141,1159431.863,121.1,6,658048.693,1159432.520,10.48530200,76.44416000,0.366,0.017,9.7,10.0,-0.5,18.6,1990,2047,RTK FIXED
33.792,070822.20,10.48529900,76.44416200,10.48529895,76.44416222,658049.103,1159431.872,108.10,658049.126,1159431.867,121.1,6,658048.693,1159432.520,10.48530200,76.44416000,0.366,0.017,9.7,10.0,0.0,18.5,1990,2047,RTK FIXED
33.846,070822.20,10.48529900,76.44416200,10.48529897,76.44416213,658049.103,1159431.872,108.10,658049.117,1159431.869,121.1,6,658048.693,1159432.520,10.48530200,76.44416000,0.366,0.017,9.7,10.0,0.0,18.1,1990,2047,RTK FIXED
33.892,070822.40,10.48530000,76.44416200,10.48529938,76.44416208,658049.095,1159431.978,108.10,658049.108,1159431.913,121.1,6,658048.693,1159432.520,10.48530200,76.44416000,0.366,0.020,9.7,10.0,0.0,16.7,1980,2047,RTK FIXED
33.946,070822.40,10.48530000,76.44416200,10.48529963,76.44416205,658049.095,1159431.978,108.10,658049.103,1159431.939,121.1,6,658048.693,1159432.520,10.48530200,76.44416000,0.366,0.020,9.7,10.0,0.5,18.7,1980,2047,RTK FIXED
33.992,070822.40,10.48530000,76.44416200,10.48529978,76.44416203,658049.095,1159431.978,108.10,658049.100,1159431.955,121.1,6,658048.693,1159432.520,10.48530200,76.44416000,0.366,0.020,9.7,10.0,-0.5,18.4,1980,2047,RTK FIXED
34.046,070822.40,10.48530000,76.44416200,10.48529987,76.44416202,658049.095,1159431.978,108.10,658049.098,1159431.964,121.1,6,658048.693,1159432.520,10.48530200,76.44416000,0.366,0.020,9.7,10.0,0.5,18.1,1980,2047,RTK FIXED
34.092,070822.60,10.48530000,76.44416200,10.48529992,76.44416201,658049.095,1159431.978,108.10,658049.097,1159431.970,119.5,6,658048.693,1159432.520,10.48530200,76.44416000,0.365,0.032,9.5,10.0,0.0,14.6,1941,2047,RTK FIXED
34.146,070822.60,10.48530000,76.44416200,10.48529995,76.44416201,658049.095,1159431.978,108.10,658049.096,1159431.973,119.5,6,658048.693,1159432.520,10.48530200,76.44416000,0.365,0.032,9.5,10.0,-0.5,18.2,1941,2047,RTK FIXED
34.192,070822.60,10.48530000,76.44416200,10.48529997,76.44416200,658049.095,1159431.978,108.10,658049.096,1159431.975,119.5,6,658048.693,1159432.520,10.48530200,76.44416000,0.365,0.032,9.5,10.0,0.0,16.3,1941,2047,RTK FIXED
34.246,070822.60,10.48530000,76.44416200,10.48529998,76.44416200,658049.095,1159431.978,108.10,658049.096,1159431.976,119.5,6,658048.693,1159432.520,10.48530200,76.44416000,0.365,0.032,9.5,10.0,0.0,18.1,1941,2047,RTK FIXED
34.292,070822.60,10.48530000,76.44416200,10.48529999,76.44416200,658049.095,1159431.978,108.10,658049.095,1159431.977,119.5,6,658048.693,1159432.520,10.48530200,76.44416000,0.365,0.032,9.5,10.0,0.0,15.7,1941,2047,RTK FIXED
34.346,070822.80,10.48530000,76.44416200,10.48529999,76.44416200,658049.086,1159431.973,108.10,658049.092,1159431.976,119.5,6,658048.693,1159432.520,10.48530200,76.44416000,0.365,0.035,9.4,10.0,0.5,18.3,1934,2047,RTK FIXED
34.392,070822.80,10.48530000,76.44416200,10.48530000,76.44416200,658049.086,1159431.973,108.10,658049.089,1159431.975,119.5,6,658048.693,1159432.520,10.48530200,76.44416000,0.365,0.035,9.4,10.0,-0.6,17.6,1934,2047,RTK FIXED
34.446,070822.80,10.48530000,76.44416200,10.48530000,76.44416200,658049.086,1159431.973,108.10,658049.088,1159431.974,119.5,6,658048.693,1159432.520,10.48530200,76.44416000,0.365,0.035,9.4,10.0,0.0,18.1,1934,2047,RTK FIXED
34.492,070822.80,10.48530000,76.44416200,10.48530000,76.44416200,658049.086,1159431.973,108.10,658049.087,1159431.974,119.5,6,658048.693,1159432.520,10.48530200,76.44416000,0.365,0.035,9.4,10.0,0.0,17.9,1934,2047,RTK FIXED
34.546,070823.00,10.48530000,76.44416200,10.48530000,76.44416200,658049.086,1159431.973,108.10,658049.087,1159431.974,119.5,6,658048.693,1159432.520,10.48530200,76.44416000,0.365,0.035,9.4,10.0,0.0,18.0,1933,2047,RTK FIXED
34.600,070823.00,10.48530000,76.44416200,10.48530000,76.44416200,658049.086,1159431.973,108.10,658049.087,1159431.973,119.5,6,658048.693,1159432.520,10.48530200,76.44416000,0.365,0.035,9.4,10.0,0.5,17.7,1933,2047,RTK FIXED
34.646,070823.00,10.48530000,76.44416200,10.48530000,76.44416200,658049.086,1159431.973,108.10,658049.086,1159431.973,119.5,6,658048.693,1159432.520,10.48530200,76.44416000,0.365,0.035,9.4,10.0,-0.5,18.4,1933,2047,RTK FIXED
34.700,070823.00,10.48530000,76.44416200,10.48530000,76.44416200,658049.086,1159431.973,108.10,658049.086,1159431.973,119.5,6,658048.693,1159432.520,10.48530200,76.44416000,0.365,0.035,9.4,10.0,0.5,17.2,1933,2047,RTK FIXED
34.746,070823.00,10.48530000,76.44416200,10.48530000,76.44416200,658049.086,1159431.973,108.10,658049.086,1159431.973,119.5,6,658048.693,1159432.520,10.48530200,76.44416000,0.365,0.035,9.4,10.0,0.0,17.4,1933,2047,RTK FIXED
34.800,070823.20,10.48530100,76.44416100,10.48530040,76.44416160,658048.976,1159432.083,108.10,658049.042,1159432.017,122.9,6,658048.693,1159432.520,10.48530200,76.44416000,0.366,0.009,9.9,10.0,0.0,18.5,2018,2047,RTK FIXED
34.846,070823.20,10.48530100,76.44416100,10.48530064,76.44416136,658048.976,1159432.083,108.10,658049.016,1159432.044,122.9,6,658048.693,1159432.520,10.48530200,76.44416000,0.366,0.009,9.9,10.0,0.0,17.5,2018,2047,RTK FIXED
34.900,070823.20,10.48530100,76.44416100,10.48530078,76.44416122,658048.976,1159432.083,108.10,658049.000,1159432.060,122.9,6,658048.693,1159432.520,10.48530200,76.44416000,0.366,0.009,9.9,10.0,0.0,15.7,2018,2047,RTK FIXED
34.946,070823.40,10.48530100,76.44416100,10.48530087,76.44416113,658048.995,1159432.094,108.10,658048.998,1159432.073,122.9,6,658048.693,1159432.520,10.48530200,76.44416000,0.366,0.002,10.0,10.0,-0.5,15.6,2040,2047,RTK FIXED
35.000,070823.40,10.48530100,76.44416100,10.48530092,76.44416108,658048.995,1159432.094,108.10,658048.997,1159432.082,122.9,6,658048.693,1159432.520,10.48530200,76.44416000,0.366,0.002,10.0,10.0,0.5,15.4,2040,2047,RTK FIXED
35.046,070823.40,10.48530100,76.44416100,10.48530095,76.44416105,658048.995,1159432.094,108.10,658048.996,1159432.087,122.9,6,658048.693,1159432.520,10.48530200,76.44416000,0.366,0.002,10.0,10.0,-0.5,15.7,2040,2047,RTK FIXED
35.100,070823.40,10.48530100,76.44416100,10.48530097,76.44416103,658048.995,1159432.094,108.10,658048.996,1159432.090,122.9,6,658048.693,1159432.520,10.48530200,76.44416000,0.366,0.002,10.0,10.0,0.0,18.1,2040,2047,RTK FIXED
35.146,070823.40,10.48530100,76.44416100,10.48530098,76.44416102,658048.995,1159432.094,108.10,658048.995,1159432.091,122.9,6,658048.693,1159432.520,10.48530200,76.44416000,0.366,0.002,10.0,10.0,0.5,17.9,2040,2047,RTK FIXED
35.201,070823.60,10.48530100,76.44416100,10.48530099,76.44416101,658048.995,1159432.094,108.10,658048.995,1159432.093,122.9,6,658048.693,1159432.520,10.48530200,76.44416000,0.366,0.001,10.0,10.0,-0.5,18.3,2045,2047,RTK FIXED
35.246,070823.60,10.48530100,76.44416100,10.48530099,76.44416101,658048.995,1159432.094,108.10,658048.995,1159432.093,122.9,6,658048.693,1159432.520,10.48530200,76.44416000,0.366,0.001,10.0,10.0,0.0,18.2,2045,2047,RTK FIXED
35.300,070823.60,10.48530100,76.44416100,10.48530100,76.44416100,658048.995,1159432.094,108.10,658048.995,1159432.094,122.9,6,658048.693,1159432.520,10.48530200,76.44416000,0.366,0.001,10.0,10.0,0.0,18.1,2045,2047,RTK FIXED
35.346,070823.60,10.48530100,76.44416100,10.48530100,76.44416100,658048.995,1159432.094,108.10,658048.995,1159432.094,122.9,6,658048.693,1159432.520,10.48530200,76.44416000,0.366,0.001,10.0,10.0,0.5,18.3,2045,2047,RTK FIXED
35.401,070823.80,10.48530200,76.44416100,10.48530140,76.44416100,658048.995,1159432.205,108.10,658048.995,1159432.138,119.3,6,658048.693,1159432.520,10.48530200,76.44416000,0.365,0.030,9.5,10.0,0.0,17.9,1947,2047,RTK FIXED
35.454,070823.80,10.48530200,76.44416100,10.48530164,76.44416100,658048.995,1159432.205,108.10,658048.995,1159432.165,119.3,6,658048.693,1159432.520,10.48530200,76.44416000,0.365,0.030,9.5,10.0,0.0,18.4,1947,2047,RTK FIXED
35.501,070823.80,10.48530200,76.44416100,10.48530178,76.44416100,658048.995,1159432.205,108.10,658048.995,1159432.181,119.3,6,658048.693,1159432.520,10.48530200,76.44416000,0.365,0.030,9.5,10.0,-0.5,18.7,1947,2047,RTK FIXED
35.555,070824.00,10.48530200,76.44416000,10.48530187,76.44416060,658048.865,1159432.193,108.10,658048.943,1159432.186,119.3,6,658048.693,1159432.520,10.48530200,76.44416000,0.361,0.024,9.6,10.0,0.5,17.7,1967,2047,RTK FIXED
35.600,070824.00,10.48530200,76.44416000,10.48530192,76.44416036,658048.865,1159432.193,108.10,658048.912,1159432.188,119.3,6,658048.693,1159432.520,10.48530200,76.44416000,0.361,0.024,9.6,10.0,-0.6,16.5,1967,2047,RTK FIXED
35.654,070824.00,10.48530200,76.44416000,10.48530195,76.44416022,658048.865,1159432.193,108.10,658048.893,1159432.190,119.3,6,658048.693,1159432.520,10.48530200,76.44416000,0.361,0.024,9.6,10.0,0.5,18.0,1967,2047,RTK FIXED
35.702,070824.20,10.48530200,76.44416000,10.48530197,76.44416013,658048.865,1159432.193,108.10,658048.882,1159432.191,129.3,6,658048.693,1159432.520,10.48530200,76.44416000,0.332,-0.031,10.0,9.5,0.0,16.0,2047,1937,RTK FIXED
35.755,070824.20,10.48530200,76.44416000,10.48530198,76.44416008,658048.865,1159432.193,108.10,658048.875,1159432.192,129.3,6,658048.693,1159432.520,10.48530200,76.44416000,0.332,-0.031,10.0,9.5,-0.5,18.3,2047,1937,RTK FIXED
35.802,070824.20,10.48530200,76.44416000,10.48530199,76.44416005,658048.865,1159432.193,108.10,658048.871,1159432.192,129.3,6,658048.693,1159432.520,10.48530200,76.44416000,0.332,-0.031,10.0,9.5,0.0,17.0,2047,1937,RTK FIXED
35.855,070824.20,10.48530200,76.44416000,10.48530199,76.44416003,658048.865,1159432.193,108.10,658048.868,1159432.192,129.3,6,658048.693,1159432.520,10.48530200,76.44416000,0.332,-0.031,10.0,9.5,0.0,15.5,2047,1937,RTK FIXED
35.901,070824.20,10.48530200,76.44416000,10.48530200,76.44416002,658048.865,1159432.193,108.10,658048.867,1159432.193,129.3,6,658048.693,1159432.520,10.48530200,76.44416000,0.332,-0.031,10.0,9.5,0.5,15.6,2047,1937,RTK FIXED
35.958,070824.40,10.48530200,76.44416000,10.48530200,76.44416001,658048.919,1159432.228,108.10,658048.888,1159432.207,129.3,7,658049.893,1159433.411,10.48531000,76.44417100,0.332,-0.220,10.0,6.7,0.0,15.5,2047,1487,RTK FIXED
36.001,070824.40,10.48530200,76.44416000,10.48530200,76.44416001,658048.919,1159432.228,108.10,658048.900,1159432.215,129.3,7,658049.893,1159433.411,10.48531000,76.44417100,0.332,-0.220,10.0,6.7,0.0,14.9,2047,1366,RTK FIXED
36.055,070824.40,10.48530200,76.44416000,10.48530200,76.44416000,658048.919,1159432.228,108.10,658048.908,1159432.220,129.3,7,658049.893,1159433.411,10.48531000,76.44417100,0.332,-0.220,10.0,6.7,0.0,15.4,2047,1366,RTK FIXED
36.101,070824.40,10.48530200,76.44416000,10.48530200,76.44416000,658048.919,1159432.228,108.10,658048.912,1159432.223,129.3,7,658049.893,1159433.411,10.48531000,76.44417100,0.332,-0.220,10.0,6.7,0.0,15.1,2047,1366,RTK FIXED
36.155,070824.60,10.48530300,76.44416000,10.48530240,76.44416000,658048.919,1159432.338,108.10,658048.915,1159432.269,117.1,7,658049.893,1159433.411,10.48531000,76.44417100,0.332,-0.268,10.0,6.1,0.0,16.5,2047,1249,RTK FIXED
36.201,070824.60,10.48530300,76.44416000,10.48530264,76.44416000,658048.919,1159432.338,108.10,658048.916,1159432.297,117.1,7,658049.893,1159433.411,10.48531000,76.44417100,0.332,-0.268,10.0,6.1,-0.5,14.8,2047,1249,RTK FIXED
36.254,070824.60,10.48530300,76.44416000,10.48530278,76.44416000,658048.919,1159432.338,108.10,658048.917,1159432.313,117.1,7,658049.893,1159433.411,10.48531000,76.44417100,0.332,-0.268,10.0,6.1,0.5,14.4,2047,1249,RTK FIXED
36.309,070824.60,10.48530300,76.44416000,10.48530287,76.44416000,658048.919,1159432.338,108.10,658048.918,1159432.323,117.1,7,658049.893,1159433.411,10.48531000,76.44417100,0.332,-0.268,10.0,6.1,0.0,12.4,2047,1249,RTK FIXED
36.355,070824.60,10.48530300,76.44416000,10.48530292,76.44416000,658048.919,1159432.338,108.10,658048.918,1159432.329,117.1,7,658049.893,1159433.411,10.48531000,76.44417100,0.332,-0.268,10.0,6.1,0.0,12.0,2047,1249,RTK FIXED
36.410,070824.80,10.48530300,76.44416000,10.48530295,76.44416000,658048.852,1159432.297,108.10,658048.892,1159432.316,117.1,7,658049.893,1159433.411,10.48531000,76.44417100,0.332,-0.280,10.0,6.0,0.0,11.9,2047,1220,RTK FIXED
36.455,070824.80,10.48530300,76.44416000,10.48530297,76.44416000,658048.852,1159432.297,108.10,658048.876,1159432.309,117.1,7,658049.893,1159433.411,10.48531000,76.44417100,0.332,-0.280,10.0,6.0,0.0,11.6,2047,1220,RTK FIXED
36.510,070824.80,10.48530300,76.44416000,10.48530298,76.44416000,658048.852,1159432.297,108.10,658048.866,1159432.304,117.1,7,658049.893,1159433.411,10.48531000,76.44417100,0.332,-0.280,10.0,6.0,-0.5,11.1,2047,1220,RTK FIXED
36.555,070825.00,10.48530300,76.44415900,10.48530299,76.44415960,658048.742,1159432.297,108.10,658048.817,1159432.301,130.2,7,658049.893,1159433.411,10.48531000,76.44417100,0.332,-0.283,10.0,5.9,0.0,9.8,2047,1213,RTK FIXED
36.610,070825.00,10.48530300,76.44415900,10.48530299,76.44415936,658048.742,1159432.297,108.10,658048.787,1159432.299,130.2,7,658049.893,1159433.411,10.48531000,76.44417100,0.332,-0.283,10.0,5.9,0.0,9.7,2047,1213,RTK FIXED
36.655,070825.00,10.48530300,76.44415900,10.48530300,76.44415922,658048.742,1159432.297,108.10,658048.769,1159432.298,130.2,7,658049.893,1159433.411,10.48531000,76.44417100,0.332,-0.283,10.0,5.9,0.0,9.3,2047,1213,RTK FIXED
36.710,070825.20,10.48530400,76.44415900,10.48530340,76.44415913,658048.813,1159432.452,108.10,658048.787,1159432.360,130.2,7,658049.893,1159433.411,10.48531000,76.44417100,0.332,-0.283,10.0,5.9,0.5,8.7,2047,1212,RTK FIXED
36.755,070825.20,10.48530400,76.44415900,10.48530364,76.44415908,658048.813,1159432.452,108.10,658048.797,1159432.397,130.2,7,658049.893,1159433.411,10.48531000,76.44417100,0.332,-0.283,10.0,5.9,0.0,8.7,2047,1212,RTK FIXED
36.809,070825.20,10.48530400,76.44415900,10.48530378,76.44415905,658048.813,1159432.452,108.10,658048.804,1159432.419,130.2,7,658049.893,1159433.411,10.48531000,76.44417100,0.332,-0.283,10.0,5.9,-0.5,8.4,2047,1212,RTK FIXED
36.855,070825.20,10.48530400,76.44415900,10.48530387,76.44415903,658048.813,1159432.452,108.10,658048.808,1159432.432,130.2,7,658049.893,1159433.411,10.48531000,76.44417100,0.332,-0.283,10.0,5.9,0.5,8.7,2047,1212,RTK FIXED
36.909,070825.20,10.48530400,76.44415900,10.48530392,76.44415902,658048.813,1159432.452,108.10,658048.810,1159432.440,130.2,7,658049.893,1159433.411,10.48531000,76.44417100,0.332,-0.283,10.0,5.9,-0.5,7.9,2047,1212,RTK FIXED
36.955,070825.40,10.48530400,76.44415900,10.48530395,76.44415901,658048.813,1159432.452,108.10,658048.811,1159432.445,120.0,7,658049.893,1159433.411,10.48531000,76.44417100,0.332,-0.284,10.0,5.9,0.0,8.1,2047,1211,RTK FIXED
37.009,070825.40,10.48530400,76.44415900,10.48530397,76.44415901,658048.813,1159432.452,108.10,658048.812,1159432.448,120.0,7,658049.893,1159433.411,10.48531000,76.44417100,0.332,-0.284,10.0,5.9,0.5,7.4,2047,1211,RTK FIXED
37.064,070825.40,10.48530400,76.44415900,10.48530398,76.44415900,658048.813,1159432.452,108.10,658048.813,1159432.449,120.0,7,658049.893,1159433.411,10.48531000,76.44417100,0.332,-0.284,10.0,5.9,-0.5,7.8,2047,1211,RTK FIXED
37.109,070825.40,10.48530400,76.44415900,10.48530399,76.44415900,658048.813,1159432.452,108.10,658048.813,1159432.451,120.0,7,658049.893,1159433.411,10.48531000,76.44417100,0.332,-0.284,10.0,5.9,0.5,7.7,2047,1211,RTK FIXED
37.163,070825.60,10.48530400,76.44415900,10.48530399,76.44415900,658048.758,1159432.416,108.10,658048.791,1159432.437,120.0,7,658049.893,1159433.411,10.48531000,76.44417100,0.332,-0.284,10.0,5.9,-0.5,7.0,2047,1211,RTK FIXED
37.209,070825.60,10.48530400,76.44415900,10.48530400,76.44415900,658048.758,1159432.416,108.10,658048.778,1159432.428,120.0,7,658049.893,1159433.411,10.48531000,76.44417100,0.332,-0.284,10.0,5.9,0.5,7.6,2047,1211,RTK FIXED
37.263,070825.60,10.48530400,76.44415900,10.48530400,76.44415900,658048.758,1159432.416,108.10,658048.770,1159432.423,120.0,7,658049.893,1159433.411,10.48531000,76.44417100,0.332,-0.284,10.0,5.9,-0.5,7.0,2047,1211,RTK FIXED
37.310,070825.60,10.48530400,76.44415900,10.48530400,76.44415900,658048.758,1159432.416,108.10,658048.765,1159432.420,120.0,7,658049.893,1159433.411,10.48531000,76.44417100,0.332,-0.284,10.0,5.9,0.5,6.9,2047,1211,RTK FIXED
37.363,070825.80,10.48530500,76.44415900,10.48530440,76.44415900,658048.758,1159432.526,108.10,658048.762,1159432.463,120.0,7,658049.893,1159433.411,10.48531000,76.44417100,0.332,-0.284,10.0,5.9,-0.5,6.5,2047,1211,RTK FIXED
37.410,070826.00,10.48530500,76.44415900,10.48530464,76.44415900,658048.758,1159432.526,108.10,658048.761,1159432.488,119.4,7,658049.893,1159433.411,10.48531000,76.44417100,0.332,-0.284,10.0,5.9,0.5,6.5,2047,1211,RTK FIXED
37.463,070826.00,10.48530500,76.44415900,10.48530478,76.44415900,658048.758,1159432.526,108.10,658048.759,1159432.503,119.4,7,658049.893,1159433.411,10.48531000,76.44417100,0.332,-0.284,10.0,5.9,-0.5,6.6,2047,1211,RTK FIXED
37.509,070826.00,10.48530500,76.44415900,10.48530487,76.44415900,658048.758,1159432.526,108.10,658048.759,1159432.512,119.4,7,658049.893,1159433.411,10.48531000,76.44417100,0.332,-0.284,10.0,5.9,0.0,5.9,2047,1211,RTK FIXED
37.563,070826.00,10.48530500,76.44415900,10.48530492,76.44415900,658048.758,1159432.526,108.10,658048.758,1159432.518,119.4,7,658049.893,1159433.411,10.48531000,76.44417100,0.332,-0.284,10.0,5.9,0.0,6.0,2047,1211,RTK FIXED
37.618,070826.20,10.48530500,76.44415900,10.48530495,76.44415900,658048.755,1159432.525,108.10,658048.757,1159432.521,119.4,7,658049.893,1159433.411,10.48531000,76.44417100,0.332,-0.284,10.0,5.9,0.0,6.0,2047,1211,RTK FIXED
37.663,070826.20,10.48530500,76.44415900,10.48530497,76.44415900,658048.755,1159432.525,108.10,658048.756,1159432.522,119.4,7,658049.893,1159433.411,10.48531000,76.44417100,0.332,-0.284,10.0,5.9,0.0,6.0,2047,1211,RTK FIXED
37.718,070826.20,10.48530500,76.44415900,10.48530498,76.44415900,658048.755,1159432.525,108.10,658048.756,1159432.523,119.4,7,658049.893,1159433.411,10.48531000,76.44417100,0.332,-0.284,10.0,5.9,0.0,5.6,2047,1211,RTK FIXED
37.769,070826.20,10.48530500,76.44415900,10.48530499,76.44415900,658048.755,1159432.525,108.10,658048.755,1159432.524,119.4,7,658049.893,1159433.411,10.48531000,76.44417100,0.332,-0.284,10.0,5.9,0.0,4.9,2047,1211,RTK FIXED
37.818,070826.40,10.48530500,76.44416000,10.48530499,76.44415940,658048.864,1159432.525,108.10,658048.799,1159432.524,119.4,7,658049.893,1159433.411,10.48531000,76.44417100,0.332,-0.284,10.0,5.9,0.0,5.1,2047,1211,RTK FIXED
37.863,070826.40,10.48530500,76.44416000,10.48530500,76.44415964,658048.864,1159432.525,108.10,658048.825,1159432.525,119.4,7,658049.893,1159433.411,10.48531000,76.44417100,0.332,-0.284,10.0,5.9,0.5,2.7,2047,1211,RTK FIXED
37.917,070826.40,10.48530500,76.44416000,10.48530500,76.44415978,658048.864,1159432.525,108.10,658048.841,1159432.525,119.4,7,658049.893,1159433.411,10.48531000,76.44417100,0.332,-0.284,10.0,5.9,0.0,5.1,2047,1211,RTK FIXED
37.963,070826.40,10.48530500,76.44416000,10.48530500,76.44415987,658048.864,1159432.525,108.10,658048.850,1159432.525,119.4,7,658049.893,1159433.411,10.48531000,76.44417100,0.332,-0.284,10.0,5.9,-0.5,5.4,2047,1211,RTK FIXED
38.018,070826.60,10.48530600,76.44416000,10.48530540,76.44415992,658048.864,1159432.636,108.10,658048.856,1159432.569,99.9,7,658049.893,1159433.411,10.48531000,76.44417100,0.332,-0.284,10.0,5.9,0.5,4.6,2047,1211,RTK FIXED
38.064,070826.60,10.48530600,76.44416000,10.48530564,76.44415995,658048.864,1159432.636,108.10,658048.859,1159432.596,99.9,7,658049.893,1159433.411,10.48531000,76.44417100,0.332,-0.284,10.0,5.9,-0.5,5.4,2047,1211,RTK FIXED
38.117,070826.60,10.48530600,76.44416000,10.48530578,76.44415997,658048.864,1159432.636,108.10,658048.861,1159432.612,99.9,7,658049.893,1159433.411,10.48531000,76.44417100,0.332,-0.284,10.0,5.9,0.5,4.7,2047,1211,RTK FIXED
38.163,070826.60,10.48530600,76.44416000,10.48530587,76.44415998,658048.864,1159432.636,108.10,658048.862,1159432.621,99.9,7,658049.893,1159433.411,10.48531000,76.44417100,0.332,-0.284,10.0,5.9,-0.5,5.4,2047,1211,RTK FIXED
38.217,070826.60,10.48530600,76.44416000,10.48530592,76.44415999,658048.864,1159432.636,108.10,658048.863,1159432.627,99.9,7,658049.893,1159433.411,10.48531000,76.44417100,0.332,-0.284,10.0,5.9,0.0,4.6,2047,1211,RTK FIXED
38.272,070826.60,10.48530600,76.44416000,10.48530595,76.44415999,658048.864,1159432.636,108.10,658048.863,1159432.630,99.9,7,658049.893,1159433.411,10.48531000,76.44417100,0.332,-0.284,10.0,5.9,0.5,5.4,2047,1211,RTK FIXED
38.318,070826.80,10.48530600,76.44416000,10.48530597,76.44416000,658048.744,1159432.597,108.10,658048.815,1159432.617,99.9,7,658049.893,1159433.411,10.48531000,76.44417100,0.332,-0.284,10.0,5.9,0.0,4.4,2047,1211,RTK FIXED
38.371,070826.80,10.48530600,76.44416000,10.48530598,76.44416000,658048.744,1159432.597,108.10,658048.787,1159432.609,99.9,7,658049.893,1159433.411,10.48531000,76.44417100,0.332,-0.284,10.0,5.9,0.0,5.1,2047,1211,RTK FIXED
38.417,070826.80,10.48530600,76.44416000,10.48530599,76.44416000,658048.744,1159432.597,108.10,658048.770,1159432.604,99.9,7,658049.893,1159433.411,10.48531000,76.44417100,0.332,-0.284,10.0,5.9,-0.5,4.9,2047,1211,RTK FIXED
38.471,070827.00,10.48530600,76.44416000,10.48530599,76.44416000,658048.744,1159432.597,108.10,658048.759,1159432.601,99.9,7,658049.893,1159433.411,10.48531000,76.44417100,0.332,-0.284,10.0,5.9,0.5,4.6,2047,1211,RTK FIXED
38.517,070827.00,10.48530600,76.44416000,10.48530600,76.44416000,658048.744,1159432.597,108.10,658048.753,1159432.599,99.9,7,658049.893,1159433.411,10.48531000,76.44417100,0.332,-0.284,10.0,5.9,-0.5,4.9,2047,1211,RTK FIXED
38.572,070827.00,10.48530600,76.44416000,10.48530600,76.44416000,658048.744,1159432.597,108.10,658048.750,1159432.598,99.9,7,658049.893,1159433.411,10.48531000,76.44417100,0.332,-0.284,10.0,5.9,0.5,4.6,2047,1211,RTK FIXED
38.618,070827.20,10.48530700,76.44416000,10.48530640,76.44416000,658048.744,1159432.707,108.10,658048.747,1159432.642,109.5,7,658049.893,1159433.411,10.48531000,76.44417100,0.332,-0.284,10.0,5.9,0.0,4.9,2047,1211,RTK FIXED
38.671,070827.20,10.48530700,76.44416000,10.48530664,76.44416000,658048.744,1159432.707,108.10,658048.746,1159432.668,109.5,7,658049.893,1159433.411,10.48531000,76.44417100,0.332,-0.284,10.0,5.9,0.0,4.7,2047,1211,RTK FIXED
38.718,070827.20,10.48530700,76.44416000,10.48530678,76.44416000,658048.744,1159432.707,108.10,658048.745,1159432.684,109.5,7,658049.893,1159433.411,10.48531000,76.44417100,0.332,-0.284,10.0,5.9,0.0,4.9,2047,1211,RTK FIXED
38.771,070827.20,10.48530700,76.44416000,10.48530687,76.44416000,658048.744,1159432.707,108.10,658048.744,1159432.693,109.5,7,658049.893,1159433.411,10.48531000,76.44417100,0.332,-0.284,10.0,5.9,0.0,4.6,2047,1211,RTK FIXED
38.818,070827.20,10.48530700,76.44416000,10.48530692,76.44416000,658048.744,1159432.707,108.10,658048.744,1159432.699,109.5,7,658049.893,1159433.411,10.48531000,76.44417100,0.332,-0.284,10.0,5.9,-0.5,4.9,2047,1211,RTK FIXED
38.871,070827.40,10.48530700,76.44416100,10.48530695,76.44416040,658048.914,1159432.722,108.10,658048.812,1159432.708,109.5,7,658049.893,1159433.411,10.48531000,76.44417100,0.332,-0.284,10.0,5.9,0.5,4.6,2047,1211,RTK FIXED
38.918,070827.40,10.48530700,76.44416100,10.48530697,76.44416064,658048.914,1159432.722,108.10,658048.853,1159432.714,109.5,7,658049.893,1159433.411,10.48531000,76.44417100,0.332,-0.284,10.0,5.9,-0.5,4.9,2047,1211,RTK FIXED
38.971,070827.40,10.48530700,76.44416100,10.48530698,76.44416078,658048.914,1159432.722,108.10,658048.877,1159432.717,109.5,7,658049.893,1159433.411,10.48531000,76.44417100,0.332,-0.284,10.0,5.9,0.0,4.6,2047,1211,RTK FIXED
39.018,070827.40,10.48530700,76.44416100,10.48530699,76.44416087,658048.914,1159432.722,108.10,658048.892,1159432.719,109.5,7,658049.893,1159433.411,10.48531000,76.44417100,0.332,-0.284,10.0,5.9,0.5,4.9,2047,1211,RTK FIXED
39.072,070827.40,10.48530700,76.44416100,10.48530699,76.44416092,658048.914,1159432.722,108.10,658048.901,1159432.720,109.5,7,658049.893,1159433.411,10.48531000,76.44417100,0.332,-0.284,10.0,5.9,-0.5,4.6,2047,1211,RTK FIXED
39.118,070827.60,10.48530700,76.44416100,10.48530700,76.44416095,658048.914,1159432.722,108.10,658048.906,1159432.721,85.8,7,658049.893,1159433.411,10.48531000,76.44417100,0.332,-0.284,10.0,5.9,0.5,4.8,2047,1211,RTK FIXED
39.172,070827.60,10.48530700,76.44416100,10.48530700,76.44416097,658048.914,1159432.722,108.10,658048.909,1159432.721,85.8,7,658049.893,1159433.411,10.48531000,76.44417100,0.332,-0.284,10.0,5.9,0.0,4.6,2047,1211,RTK FIXED
39.226,070827.60,10.48530700,76.44416100,10.48530700,76.44416098,658048.914,1159432.722,108.10,658048.911,1159432.721,85.8,7,658049.893,1159433.411,10.48531000,76.44417100,0.332,-0.284,10.0,5.9,0.0,4.6,2047,1211,RTK FIXED
39.271,070827.60,10.48530700,76.44416100,10.48530700,76.44416099,658048.914,1159432.722,108.10,658048.912,1159432.722,85.8,7,658049.893,1159433.411,10.48531000,76.44417100,0.332,-0.284,10.0,5.9,0.0,4.9,2047,1211,RTK FIXED
39.326,070827.60,10.48530700,76.44416100,10.48530700,76.44416099,658048.914,1159432.722,108.10,658048.913,1159432.722,85.8,7,658049.893,1159433.411,10.48531000,76.44417100,0.332,-0.284,10.0,5.9,0.0,4.6,2047,1211,RTK FIXED
39.372,070827.80,10.48530700,76.44416100,10.48530700,76.44416100,658048.762,1159432.706,108.10,658048.853,1159432.715,85.8,7,658049.893,1159433.411,10.48531000,76.44417100,0.332,-0.284,10.0,5.9,0.0,4.3,2047,1211,RTK FIXED
39.426,070827.80,10.48530700,76.44416100,10.48530700,76.44416100,658048.762,1159432.706,108.10,658048.817,1159432.711,85.8,7,658049.893,1159433.411,10.48531000,76.44417100,0.332,-0.284,10.0,5.9,0.0,5.1,2047,1211,RTK FIXED
39.471,070827.80,10.48530700,76.44416100,10.48530700,76.44416100,658048.762,1159432.706,108.10,658048.795,1159432.709,85.8,7,658049.893,1159433.411,10.48531000,76.44417100,0.332,-0.284,10.0,5.9,0.0,4.9,2047,1211,RTK FIXED
39.526,070827.80,10.48530700,76.44416100,10.48530700,76.44416100,658048.762,1159432.706,108.10,658048.782,1159432.708,85.8,7,658049.893,1159433.411,10.48531000,76.44417100,0.332,-0.284,10.0,5.9,0.0,4.2,2047,1211,RTK FIXED
39.572,070828.00,10.48530700,76.44416200,10.48530700,76.44416140,658048.872,1159432.706,108.00,658048.818,1159432.707,85.8,7,658049.893,1159433.411,10.48531000,76.44417100,0.332,-0.284,10.0,5.9,-0.5,4.8,2047,1211,RTK FIXED
39.626,070828.00,10.48530700,76.44416200,10.48530700,76.44416164,658048.872,1159432.706,108.00,658048.839,1159432.707,85.8,7,658049.893,1159433.411,10.48531000,76.44417100,0.332,-0.284,10.0,5.9,0.0,4.7,2047,1211,RTK FIXED
39.672,070828.00,10.48530700,76.44416200,10.48530700,76.44416178,658048.872,1159432.706,108.00,658048.852,1159432.706,85.8,7,658049.893,1159433.411,10.48531000,76.44417100,0.332,-0.284,10.0,5.9,0.0,4.3,2047,1211,RTK FIXED
39.726,070828.20,10.48530700,76.44416200,10.48530700,76.44416187,658048.872,1159432.706,108.00,658048.860,1159432.706,85.8,7,658049.893,1159433.411,10.48531000,76.44417100,0.332,-0.284,10.0,5.9,0.0,4.6,2047,1211,RTK FIXED
39.772,070828.20,10.48530700,76.44416200,10.48530700,76.44416192,658048.872,1159432.706,108.00,658048.865,1159432.706,85.8,7,658049.893,1159433.411,10.48531000,76.44417100,0.332,-0.284,10.0,5.9,0.5,4.9,2047,1211,RTK FIXED
39.826,070828.20,10.48530700,76.44416200,10.48530700,76.44416195,658048.872,1159432.706,108.00,658048.868,1159432.706,85.8,7,658049.893,1159433.411,10.48531000,76.44417100,0.332,-0.284,10.0,5.9,0.0,4.6,2047,1211,RTK FIXED
39.872,070828.20,10.48530700,76.44416200,10.48530700,76.44416197,658048.872,1159432.706,108.00,658048.869,1159432.706,85.8,7,658049.893,1159433.411,10.48531000,76.44417100,0.332,-0.284,10.0,5.9,0.0,4.9,2047,1211,RTK FIXED
39.926,070828.20,10.48530700,76.44416200,10.48530700,76.44416198,658048.872,1159432.706,108.00,658048.870,1159432.706,85.8,7,658049.893,1159433.411,10.48531000,76.44417100,0.332,-0.284,10.0,5.9,0.0,4.6,2047,1211,RTK FIXED
39.972,070828.40,10.48530700,76.44416200,10.48530700,76.44416199,658048.872,1159432.706,108.00,658048.871,1159432.706,85.8,7,658049.893,1159433.411,10.48531000,76.44417100,0.332,-0.284,10.0,5.9,-0.5,4.8,2047,1211,RTK FIXED
40.026,070828.40,10.48530700,76.44416200,10.48530700,76.44416199,658048.872,1159432.706,108.00,658048.871,1159432.706,85.8,7,658049.893,1159433.411,10.48531000,76.44417100,0.332,-0.284,10.0,5.9,0.0,4.6,2047,1211,RTK FIXED
40.072,070828.40,10.48530700,76.44416200,10.48530700,76.44416200,658048.872,1159432.706,108.00,658048.872,1159432.706,85.8,7,658049.893,1159433.411,10.48531000,76.44417100,0.332,-0.284,10.0,5.9,0.0,4.9,2047,1211,RTK FIXED
40.126,070828.40,10.48530700,76.44416200,10.48530700,76.44416200,658048.872,1159432.706,108.00,658048.872,1159432.706,85.8,7,658049.893,1159433.411,10.48531000,76.44417100,0.332,-0.284,10.0,5.9,0.0,5.1,2047,1211,RTK FIXED
40.172,070828.40,10.48530700,76.44416200,10.48530700,76.44416200,658048.872,1159432.706,108.00,658048.872,1159432.706,85.8,7,658049.893,1159433.411,10.48531000,76.44417100,0.332,-0.284,10.0,5.9,0.5,4.9,2047,1211,RTK FIXED
40.226,070828.60,10.48530800,76.44416300,10.48530740,76.44416240,658048.981,1159432.817,108.00,658048.915,1159432.751,85.8,7,658049.893,1159433.411,10.48531000,76.44417100,0.332,-0.284,10.0,5.9,-0.5,5.1,2047,1211,RTK FIXED
40.280,070828.60,10.48530800,76.44416300,10.48530764,76.44416264,658048.981,1159432.817,108.00,658048.942,1159432.777,85.8,7,658049.893,1159433.411,10.48531000,76.44417100,0.332,-0.284,10.0,5.9,0.0,5.1,2047,1211,RTK FIXED
40.326,070828.60,10.48530800,76.44416300,10.48530778,76.44416278,658048.981,1159432.817,108.00,658048.957,1159432.793,85.8,7,658049.893,1159433.411,10.48531000,76.44417100,0.332,-0.284,10.0,5.9,0.0,4.9,2047,1211,RTK FIXED
40.380,070828.60,10.48530800,76.44416300,10.48530787,76.44416287,658048.981,1159432.817,108.00,658048.967,1159432.803,85.8,7,658049.893,1159433.411,10.48531000,76.44417100,0.332,-0.284,10.0,5.9,0.0,5.1,2047,1211,RTK FIXED
40.426,070828.80,10.48530800,76.44416300,10.48530792,76.44416292,658048.981,1159432.817,108.00,658048.972,1159432.809,74.4,7,658049.893,1159433.411,10.48531000,76.44417100,0.332,-0.284,10.0,5.9,0.5,5.4,2047,1211,RTK FIXED
40.480,070828.80,10.48530800,76.44416300,10.48530795,76.44416295,658048.981,1159432.817,108.00,658048.976,1159432.812,74.4,7,658049.893,1159433.411,10.48531000,76.44417100,0.332,-0.284,10.0,5.9,0.0,5.1,2047,1211,RTK FIXED
40.526,070828.80,10.48530800,76.44416300,10.48530797,76.44416297,658048.981,1159432.817,108.00,658048.978,1159432.814,74.4,7,658049.893,1159433.411,10.48531000,76.44417100,0.332,-0.284,10.0,5.9,-0.5,4.9,2047,1211,RTK FIXED
40.580,070829.00,10.48530800,76.44416300,10.48530798,76.44416298,658048.909,1159432.832,108.10,658048.950,1159432.821,74.4,7,658049.893,1159433.411,10.48531000,76.44417100,0.332,-0.284,10.0,5.9,0.5,4.6,2047,1211,RTK FIXED
40.626,070829.00,10.48530800,76.44416300,10.48530799,76.44416299,658048.909,1159432.832,108.10,658048.934,1159432.825,74.4,7,658049.893,1159433.411,10.48531000,76.44417100,0.332,-0.284,10.0,5.9,-0.5,4.9,2047,1211,RTK FIXED
40.680,070829.00,10.48530800,76.44416300,10.48530799,76.44416299,658048.909,1159432.832,108.10,658048.924,1159432.828,74.4,7,658049.893,1159433.411,10.48531000,76.44417100,0.332,-0.284,10.0,5.9,0.0,5.1,2047,1211,RTK FIXED
40.726,070829.20,10.48530800,76.44416400,10.48530800,76.44416340,658049.018,1159432.832,108.00,658048.962,1159432.830,74.4,7,658049.893,1159433.411,10.48531000,76.44417100,0.332,-0.284,10.0,5.9,0.5,4.8,2047,1211,RTK FIXED
40.780,070829.20,10.48530800,76.44416400,10.48530800,76.44416364,658049.018,1159432.832,108.00,658048.984,1159432.831,74.4,7,658049.893,1159433.411,10.48531000,76.44417100,0.332,-0.284,10.0,5.9,0.0,5.1,2047,1211,RTK FIXED
40.827,070829.40,10.48530800,76.44416400,10.48530800,76.44416378,658049.018,1159432.832,108.00,658048.998,1159432.831,74.4,7,658049.893,1159433.411,10.48531000,76.44417100,0.332,-0.284,10.0,5.9,-0.5,4.8,2047,1211,RTK FIXED
40.881,070829.40,10.48530800,76.44416400,10.48530800,76.44416387,658049.018,1159432.832,108.00,658049.006,1159432.832,74.4,7,658049.893,1159433.411,10.48531000,76.44417100,0.332,-0.284,10.0,5.9,0.5,4.7,2047,1211,RTK FIXED
40.926,070829.40,10.48530800,76.44416400,10.48530800,76.44416392,658049.018,1159432.832,108.00,658049.011,1159432.832,74.4,7,658049.893,1159433.411,10.48531000,76.44417100,0.332,-0.284,10.0,5.9,-0.5,4.9,2047,1211,RTK FIXED
40.981,070829.60,10.48530700,76.44416400,10.48530760,76.44416395,658049.019,1159432.722,108.00,658049.014,1159432.788,74.4,7,658049.893,1159433.411,10.48531000,76.44417100,0.332,-0.284,10.0,5.9,0.0,4.6,2047,1211,RTK FIXED
41.026,070829.60,10.48530700,76.44416400,10.48530736,76.44416397,658049.019,1159432.722,108.00,658049.016,1159432.761,74.4,7,658049.893,1159433.411,10.48531000,76.44417100,0.332,-0.284,10.0,5.9,0.6,5.0,2047,1211,RTK FIXED
41.080,070829.60,10.48530700,76.44416400,10.48530722,76.44416398,658049.019,1159432.722,108.00,658049.017,1159432.745,74.4,7,658049.893,1159433.411,10.48531000,76.44417100,0.332,-0.284,10.0,5.9,0.0,5.1,2047,1211,RTK FIXED
41.126,070829.60,10.48530700,76.44416400,10.48530713,76.44416399,658049.019,1159432.722,108.00,658049.018,1159432.736,74.4,7,658049.893,1159433.411,10.48531000,76.44417100,0.332,-0.284,10.0,5.9,-0.5,4.3,2047,1211,RTK FIXED
41.180,070829.60,10.48530700,76.44416400,10.48530708,76.44416399,658049.019,1159432.722,108.00,658049.018,1159432.730,74.4,7,658049.893,1159433.411,10.48531000,76.44417100,0.332,-0.284,10.0,5.9,0.5,5.1,2047,1211,RTK FIXED
41.226,070829.60,10.48530700,76.44416400,10.48530705,76.44416400,658049.019,1159432.722,108.00,658049.018,1159432.727,74.4,7,658049.893,1159433.411,10.48531000,76.44417100,0.332,-0.284,10.0,5.9,-0.5,4.3,2047,1211,RTK FIXED
41.281,070829.80,10.48530700,76.44416500,10.48530703,76.44416440,658049.128,1159432.722,108.00,658049.062,1159432.725,49.2,7,658049.893,1159433.411,10.48531000,76.44417100,0.361,-0.129,10.0,8.1,0.0,5.0,2047,1651,RTK FIXED
41.334,070829.80,10.48530700,76.44416500,10.48530702,76.44416464,658049.128,1159432.722,108.00,658049.089,1159432.724,49.2,7,658049.893,1159433.411,10.48531000,76.44417100,0.361,-0.129,10.0,8.1,0.5,4.7,2047,1651,RTK FIXED
41.380,070829.80,10.48530700,76.44416500,10.48530701,76.44416478,658049.128,1159432.722,108.00,658049.105,1159432.723,49.2,7,658049.893,1159433.411,10.48531000,76.44417100,0.361,-0.129,10.0,8.1,-0.5,6.0,2047,1651,RTK FIXED
41.434,070829.80,10.48530700,76.44416500,10.48530701,76.44416487,658049.128,1159432.722,108.00,658049.114,1159432.723,49.2,7,658049.893,1159433.411,10.48531000,76.44417100,0.361,-0.129,10.0,8.1,0.0,6.5,2047,1651,RTK FIXED
41.481,070829.80,10.48530700,76.44416500,10.48530700,76.44416492,658049.128,1159432.722,108.00,658049.120,1159432.723,49.2,7,658049.893,1159433.411,10.48531000,76.44417100,0.361,-0.129,10.0,8.1,0.5,8.1,2047,1651,RTK FIXED
41.534,070830.00,10.48530700,76.44416500,10.48530700,76.44416495,658048.988,1159432.802,108.00,658049.067,1159432.754,49.2,7,658049.893,1159433.411,10.48531000,76.44417100,0.358,-0.102,10.0,8.4,0.0,8.8,2047,1724,RTK FIXED
41.581,070830.00,10.48530700,76.44416500,10.48530700,76.44416497,658048.988,1159432.802,108.00,658049.035,1159432.774,49.2,7,658049.893,1159433.411,10.48531000,76.44417100,0.358,-0.102,10.0,8.4,-0.5,9.2,2047,1724,RTK FIXED
41.634,070830.00,10.48530700,76.44416500,10.48530700,76.44416498,658048.988,1159432.802,108.00,658049.016,1159432.785,49.2,7,658049.893,1159433.411,10.48531000,76.44417100,0.358,-0.102,10.0,8.4,0.0,11.7,2047,1724,RTK FIXED
41.681,070830.20,10.48530700,76.44416500,10.48530700,76.44416499,658048.988,1159432.802,108.10,658049.005,1159432.792,49.2,7,658049.893,1159433.411,10.48531000,76.44417100,0.356,-0.103,10.0,8.4,0.0,11.8,2047,1720,RTK FIXED
41.734,070830.20,10.48530700,76.44416500,10.48530700,76.44416499,658048.988,1159432.802,108.10,658048.998,1159432.796,49.2,7,658049.893,1159433.411,10.48531000,76.44417100,0.356,-0.103,10.0,8.4,0.0,12.1,2047,1720,RTK FIXED
41.782,070830.40,10.48530700,76.44416600,10.48530700,76.44416540,658049.097,1159432.803,108.10,658049.038,1159432.799,49.2,7,658049.893,1159433.411,10.48531000,76.44417100,0.358,-0.097,10.0,8.5,0.0,12.2,2047,1740,RTK FIXED
41.835,070830.40,10.48530700,76.44416600,10.48530700,76.44416564,658049.097,1159432.803,108.10,658049.062,1159432.800,49.2,7,658049.893,1159433.411,10.48531000,76.44417100,0.358,-0.097,10.0,8.5,0.5,11.8,2047,1740,RTK FIXED
41.881,070830.40,10.48530700,76.44416600,10.48530700,76.44416578,658049.097,1159432.803,108.10,658049.076,1159432.801,49.2,7,658049.893,1159433.411,10.48531000,76.44417100,0.358,-0.097,10.0,8.5,-0.5,13.0,2047,1740,RTK FIXED
41.935,070830.40,10.48530700,76.44416600,10.48530700,76.44416587,658049.097,1159432.803,108.10,658049.085,1159432.802,49.2,7,658049.893,1159433.411,10.48531000,76.44417100,0.358,-0.097,10.0,8.5,0.5,12.5,2047,1740,RTK FIXED
41.981,070830.40,10.48530700,76.44416600,10.48530700,76.44416592,658049.097,1159432.803,108.10,658049.090,1159432.802,49.2,7,658049.893,1159433.411,10.48531000,76.44417100,0.358,-0.097,10.0,8.5,-0.5,10.9,2047,1740,RTK FIXED
42.035,070830.40,10.48530700,76.44416600,10.48530700,76.44416595,658049.097,1159432.803,108.10,658049.093,1159432.802,49.2,7,658049.893,1159433.411,10.48531000,76.44417100,0.358,-0.097,10.0,8.5,0.0,12.5,2047,1740,RTK FIXED
42.082,070830.60,10.48530700,76.44416600,10.48530700,76.44416597,658049.097,1159432.803,108.10,658049.095,1159432.803,49.2,7,658049.893,1159433.411,10.48531000,76.44417100,0.359,-0.091,10.0,8.6,0.5,12.4,2047,1756,RTK FIXED
42.134,070830.60,10.48530700,76.44416600,10.48530700,76.44416598,658049.097,1159432.803,108.10,658049.096,1159432.803,49.2,7,658049.893,1159433.411,10.48531000,76.44417100,0.359,-0.091,10.0,8.6,0.0,12.7,2047,1756,RTK FIXED
42.183,070830.60,10.48530700,76.44416600,10.48530700,76.44416599,658049.097,1159432.803,108.10,658049.096,1159432.803,49.2,7,658049.893,1159433.411,10.48531000,76.44417100,0.359,-0.091,10.0,8.6,-0.5,8.6,2047,1756,RTK FIXED
42.235,070830.60,10.48530700,76.44416600,10.48530700,76.44416599,658049.097,1159432.803,108.10,658049.097,1159432.803,49.2,7,658049.893,1159433.411,10.48531000,76.44417100,0.359,-0.091,10.0,8.6,0.5,13.0,2047,1756,RTK FIXED
42.289,070830.60,10.48530700,76.44416600,10.48530700,76.44416600,658049.097,1159432.803,108.10,658049.097,1159432.803,49.2,7,658049.893,1159433.411,10.48531000,76.44417100,0.359,-0.091,10.0,8.6,0.0,13.4,2047,1756,RTK FIXED
42.335,070830.80,10.48530700,76.44416600,10.48530700,76.44416600,658049.097,1159432.803,108.10,658049.097,1159432.803,49.2,7,658049.893,1159433.411,10.48531000,76.44417100,0.359,-0.088,10.0,8.6,-0.5,13.5,2047,1768,RTK FIXED
42.389,070830.80,10.48530700,76.44416600,10.48530700,76.44416600,658049.097,1159432.803,108.10,658049.097,1159432.803,49.2,7,658049.893,1159433.411,10.48531000,76.44417100,0.359,-0.088,10.0,8.6,0.5,13.9,2047,1768,RTK FIXED
42.435,070831.00,10.48530700,76.44416700,10.48530700,76.44416640,658049.207,1159432.803,108.10,658049.141,1159432.803,43.1,7,658049.893,1159433.411,10.48531000,76.44417100,0.366,-0.038,10.0,9.4,-0.5,13.0,2047,1923,RTK FIXED
42.489,070831.00,10.48530700,76.44416700,10.48530700,76.44416664,658049.207,1159432.803,108.10,658049.167,1159432.803,43.1,7,658049.893,1159433.411,10.48531000,76.44417100,0.366,-0.038,10.0,9.4,0.0,13.5,2047,1923,RTK FIXED
42.535,070831.00,10.48530700,76.44416700,10.48530700,76.44416678,658049.207,1159432.803,108.10,658049.183,1159432.803,43.1,7,658049.893,1159433.411,10.48531000,76.44417100,0.366,-0.038,10.0,9.4,0.5,14.6,2047,1923,RTK FIXED
42.589,070831.00,10.48530700,76.44416700,10.48530700,76.44416687,658049.207,1159432.803,108.10,658049.193,1159432.803,43.1,7,658049.893,1159433.411,10.48531000,76.44417100,0.366,-0.038,10.0,9.4,0.0,13.9,2047,1923,RTK FIXED
42.635,070831.00,10.48530700,76.44416700,10.48530700,76.44416692,658049.207,1159432.803,108.10,658049.198,1159432.803,43.1,7,658049.893,1159433.411,10.48531000,76.44417100,0.366,-0.038,10.0,9.4,-0.5,15.2,2047,1923,RTK FIXED
42.690,070831.20,10.48530700,76.44416700,10.48530700,76.44416695,658049.179,1159432.832,108.10,658049.191,1159432.815,43.1,7,658049.893,1159433.411,10.48531000,76.44417100,0.366,-0.025,10.0,9.6,0.0,15.6,2047,1965,RTK FIXED
42.735,070831.20,10.48530700,76.44416700,10.48530700,76.44416697,658049.179,1159432.832,108.10,658049.186,1159432.821,43.1,7,658049.893,1159433.411,10.48531000,76.44417100,0.366,-0.025,10.0,9.6,0.5,15.3,2047,1965,RTK FIXED
42.789,070831.20,10.48530700,76.44416700,10.48530700,76.44416698,658049.179,1159432.832,108.10,658049.183,1159432.825,43.1,7,658049.893,1159433.411,10.48531000,76.44417100,0.366,-0.025,10.0,9.6,0.0,16.7,2047,1965,RTK FIXED
42.835,070831.40,10.48530700,76.44416700,10.48530700,76.44416699,658049.179,1159432.832,108.10,658049.182,1159432.828,43.1,7,658049.893,1159433.411,10.48531000,76.44417100,0.366,-0.021,10.0,9.7,0.0,16.2,2047,1977,RTK FIXED
42.889,070831.40,10.48530700,76.44416700,10.48530700,76.44416699,658049.179,1159432.832,108.10,658049.181,1159432.829,43.1,7,658049.893,1159433.411,10.48531000,76.44417100,0.366,-0.021,10.0,9.7,-0.5,16.7,2047,1977,RTK FIXED
42.935,070831.40,10.48530700,76.44416700,10.48530700,76.44416700,658049.179,1159432.832,108.10,658049.180,1159432.830,43.1,7,658049.893,1159433.411,10.48531000,76.44417100,0.366,-0.021,10.0,9.7,0.5,16.3,2047,1977,RTK FIXED
42.990,070831.60,10.48530700,76.44416800,10.48530700,76.44416740,658049.289,1159432.832,108.10,658049.223,1159432.831,35.1,7,658049.893,1159433.411,10.48531000,76.44417100,0.365,0.024,9.6,10.0,-0.5,17.0,1969,2047,RTK FIXED
43.035,070831.60,10.48530700,76.44416800,10.48530700,76.44416764,658049.289,1159432.832,108.10,658049.249,1159432.831,35.1,7,658049.893,1159433.411,10.48531000,76.44417100,0.365,0.024,9.6,10.0,0.5,17.0,1969,2047,RTK FIXED
43.090,070831.60,10.48530700,76.44416800,10.48530700,76.44416778,658049.289,1159432.832,108.10,658049.265,1159432.832,35.1,7,658049.893,1159433.411,10.48531000,76.44417100,0.365,0.024,9.6,10.0,0.0,17.1,1969,2047,RTK FIXED
43.143,070831.60,10.48530700,76.44416800,10.48530700,76.44416787,658049.289,1159432.832,108.10,658049.274,1159432.832,35.1,7,658049.893,1159433.411,10.48531000,76.44417100,0.365,0.024,9.6,10.0,-0.5,17.6,1969,2047,RTK FIXED
43.190,070831.60,10.48530700,76.44416800,10.48530700,76.44416792,658049.289,1159432.832,108.10,658049.280,1159432.832,35.1,7,658049.893,1159433.411,10.48531000,76.44417100,0.365,0.024,9.6,10.0,0.5,17.8,1969,2047,RTK FIXED
43.243,070831.60,10.48530700,76.44416800,10.48530700,76.44416795,658049.289,1159432.832,108.10,658049.283,1159432.832,35.1,7,658049.893,1159433.411,10.48531000,76.44417100,0.365,0.024,9.6,10.0,-0.5,18.2,1969,2047,RTK FIXED
43.290,070831.80,10.48530700,76.44416800,10.48530700,76.44416797,658049.257,1159432.873,108.10,658049.273,1159432.848,35.1,7,658049.893,1159433.411,10.48531000,76.44417100,0.365,0.033,9.5,10.0,0.5,18.2,1939,2047,RTK FIXED
43.343,070831.80,10.48530700,76.44416800,10.48530700,76.44416798,658049.257,1159432.873,108.10,658049.267,1159432.858,35.1,7,658049.893,1159433.411,10.48531000,76.44417100,0.365,0.033,9.5,10.0,0.0,17.8,1939,2047,RTK FIXED
43.390,070831.80,10.48530700,76.44416800,10.48530700,76.44416799,658049.257,1159432.873,108.10,658049.263,1159432.864,35.1,7,658049.893,1159433.411,10.48531000,76.44417100,0.365,0.033,9.5,10.0,0.0,17.9,1939,2047,RTK FIXED
43.444,070831.80,10.48530700,76.44416800,10.48530700,76.44416799,658049.257,1159432.873,108.10,658049.261,1159432.868,35.1,7,658049.893,1159433.411,10.48531000,76.44417100,0.365,0.033,9.5,10.0,0.0,14.8,1939,2047,RTK FIXED
43.490,070832.00,10.48530700,76.44416900,10.48530700,76.44416840,658049.367,1159432.873,108.10,658049.303,1159432.870,35.1,7,658049.893,1159433.411,10.48531000,76.44417100,0.364,0.045,9.3,10.0,-0.5,18.3,1900,2047,RTK FIXED
43.543,070832.00,10.48530700,76.44416900,10.48530700,76.44416864,658049.367,1159432.873,108.10,658049.328,1159432.871,35.1,7,658049.893,1159433.411,10.48531000,76.44417100,0.364,0.045,9.3,10.0,0.0,16.8,1900,2047,RTK FIXED
43.590,070832.00,10.48530700,76.44416900,10.48530700,76.44416878,658049.367,1159432.873,108.10,658049.344,1159432.872,35.1,7,658049.893,1159433.411,10.48531000,76.44417100,0.364,0.045,9.3,10.0,0.0,19.0,1900,2047,RTK FIXED
43.644,070832.20,10.48530700,76.44416900,10.48530700,76.44416887,658049.367,1159432.873,108.10,658049.353,1159432.873,30.5,7,658049.893,1159433.411,10.48531000,76.44417100,0.358,0.081,8.7,10.0,0.5,16.5,1787,2047,RTK FIXED
43.690,070832.20,10.48530700,76.44416900,10.48530700,76.44416892,658049.367,1159432.873,108.10,658049.358,1159432.873,30.5,7,658049.893,1159433.411,10.48531000,76.44417100,0.358,0.081,8.7,10.0,-0.5,18.6,1787,2047,RTK FIXED
43.744,070832.20,10.48530700,76.44416900,10.48530700,76.44416895,658049.367,1159432.873,108.10,658049.362,1159432.873,30.5,7,658049.893,1159433.411,10.48531000,76.44417100,0.358,0.081,8.7,10.0,0.5,18.5,1787,2047,RTK FIXED
43.790,070832.20,10.48530700,76.44416900,10.48530700,76.44416897,658049.367,1159432.873,108.10,658049.364,1159432.873,30.5,7,658049.893,1159433.411,10.48531000,76.44417100,0.358,0.081,8.7,10.0,0.0,13.5,1787,2047,RTK FIXED
43.844,070832.20,10.48530700,76.44416900,10.48530700,76.44416898,658049.367,1159432.873,108.10,658049.365,1159432.873,30.5,7,658049.893,1159433.411,10.48531000,76.44417100,0.358,0.081,8.7,10.0,0.0,18.1,1787,2047,RTK FIXED
43.890,070832.40,10.48530700,76.44416900,10.48530700,76.44416899,658049.351,1159432.899,108.10,658049.359,1159432.884,30.5,7,658049.893,1159433.411,10.48531000,76.44417100,0.359,0.088,8.6,10.0,-0.5,16.2,1765,2047,RTK FIXED
43.944,070832.40,10.48530700,76.44416900,10.48530700,76.44416899,658049.351,1159432.899,108.10,658049.356,1159432.890,30.5,7,658049.893,1159433.411,10.48531000,76.44417100,0.359,0.088,8.6,10.0,0.0,18.1,1765,2047,RTK FIXED
43.998,070832.40,10.48530700,76.44416900,10.48530700,76.44416900,658049.351,1159432.899,108.10,658049.354,1159432.893,30.5,7,658049.893,1159433.411,10.48531000,76.44417100,0.359,0.088,8.6,10.0,0.0,16.7,1765,2047,RTK FIXED
44.044,070832.40,10.48530700,76.44416900,10.48530700,76.44416900,658049.351,1159432.899,108.10,658049.353,1159432.896,30.5,7,658049.893,1159433.411,10.48531000,76.44417100,0.359,0.088,8.6,10.0,0.5,17.9,1765,2047,RTK FIXED
44.098,070832.60,10.48530700,76.44417000,10.48530700,76.44416940,658049.461,1159432.899,108.10,658049.396,1159432.897,30.5,7,658049.893,1159433.411,10.48531000,76.44417100,0.356,0.100,8.4,10.0,0.0,18.0,1728,2047,RTK FIXED
44.160,070832.60,10.48530700,76.44417000,10.48530700,76.44416964,658049.461,1159432.899,108.10,658049.422,1159432.898,30.5,7,658049.893,1159433.411,10.48531000,76.44417100,0.356,0.100,8.4,10.0,-0.4,16.6,1728,2047,RTK FIXED
44.206,070832.60,10.48530700,76.44417000,10.48530700,76.44416978,658049.461,1159432.899,108.10,658049.437,1159432.899,30.5,7,658049.893,1159433.411,10.48531000,76.44417100,0.356,0.100,8.4,10.0,0.0,18.4,1728,2047,RTK FIXED
44.260,070832.80,10.48530700,76.44417000,10.48530700,76.44416987,658049.461,1159432.899,108.10,658049.447,1159432.899,26.3,7,658049.893,1159433.411,10.48531000,76.44417100,0.347,0.182,7.3,10.0,0.5,17.5,1490,2047,RTK FIXED
44.306,070832.80,10.48530700,76.44417000,10.48530700,76.44416992,658049.461,1159432.899,108.10,658049.452,1159432.899,26.3,7,658049.893,1159433.411,10.48531000,76.44417100,0.347,0.182,7.3,10.0,-0.5,18.0,1490,2047,RTK FIXED
44.359,070832.80,10.48530700,76.44417000,10.48530700,76.44416995,658049.461,1159432.899,108.10,658049.456,1159432.899,26.3,7,658049.893,1159433.411,10.48531000,76.44417100,0.347,0.182,7.3,10.0,0.5,17.9,1490,2047,RTK FIXED
44.414,070832.80,10.48530700,76.44417000,10.48530700,76.44416997,658049.461,1159432.899,108.10,658049.458,1159432.899,26.3,7,658049.893,1159433.411,10.48531000,76.44417100,0.347,0.182,7.3,10.0,-0.5,16.5,1490,2047,RTK FIXED
44.459,070832.80,10.48530700,76.44417000,10.48530700,76.44416998,658049.461,1159432.899,108.10,658049.459,1159432.899,26.3,7,658049.893,1159433.411,10.48531000,76.44417100,0.347,0.182,7.3,10.0,0.6,15.4,1490,2047,RTK FIXED
44.515,070833.00,10.48530700,76.44417000,10.48530700,76.44416999,658049.448,1159432.924,108.10,658049.455,1159432.909,26.3,7,658049.893,1159433.411,10.48531000,76.44417100,0.347,0.201,7.0,10.0,0.0,17.7,1440,2047,RTK FIXED
44.559,070833.00,10.48530700,76.44417000,10.48530700,76.44416999,658049.448,1159432.924,108.10,658049.452,1159432.915,26.3,7,658049.893,1159433.411,10.48531000,76.44417100,0.347,0.201,7.0,10.0,0.0,18.4,1440,2047,RTK FIXED
44.614,070833.00,10.48530700,76.44417000,10.48530700,76.44417000,658049.448,1159432.924,108.10,658049.451,1159432.918,26.3,7,658049.893,1159433.411,10.48531000,76.44417100,0.347,0.201,7.0,10.0,-0.5,17.4,1440,2047,RTK FIXED
44.661,070833.20,10.48530700,76.44417100,10.48530700,76.44417040,658049.558,1159432.924,108.10,658049.494,1159432.921,26.3,7,658049.893,1159433.411,10.48531000,76.44417100,0.344,0.221,6.8,10.0,0.0,17.2,1386,2047,RTK FIXED
44.714,070833.20,10.48530700,76.44417100,10.48530700,76.44417064,658049.558,1159432.924,108.10,658049.519,1159432.922,26.3,7,658049.893,1159433.411,10.48531000,76.44417100,0.344,0.221,6.8,10.0,0.5,17.8,1386,2047,RTK FIXED
44.759,070833.20,10.48530700,76.44417100,10.48530700,76.44417078,658049.558,1159432.924,108.10,658049.535,1159432.923,26.3,7,658049.893,1159433.411,10.48531000,76.44417100,0.344,0.221,6.8,10.0,0.0,17.6,1386,2047,RTK FIXED
44.815,070833.40,10.48530700,76.44417100,10.48530700,76.44417087,658049.558,1159432.924,108.10,658049.544,1159432.923,22.8,7,658049.893,1159433.411,10.48531000,76.44417100,0.333,0.264,6.2,10.0,-0.5,17.7,1261,2047,RTK FIXED
44.860,070833.40,10.48530700,76.44417100,10.48530700,76.44417092,658049.558,1159432.924,108.10,658049.550,1159432.924,22.8,7,658049.893,1159433.411,10.48531000,76.44417100,0.333,0.264,6.2,10.0,0.0,17.2,1261,2047,RTK FIXED
44.914,070833.40,10.48530700,76.44417100,10.48530700,76.44417095,658049.558,1159432.924,108.10,658049.553,1159432.924,22.8,7,658049.893,1159433.411,10.48531000,76.44417100,0.333,0.264,6.2,10.0,0.0,15.9,1261,2047,RTK FIXED
44.967,070833.40,10.48530700,76.44417100,10.48530700,76.44417097,658049.558,1159432.924,108.10,658049.555,1159432.924,22.8,7,658049.893,1159433.411,10.48531000,76.44417100,0.333,0.264,6.2,10.0,0.0,17.5,1261,2047,RTK FIXED
45.014,070833.40,10.48530700,76.44417100,10.48530700,76.44417098,658049.558,1159432.924,108.10,658049.556,1159432.924,22.8,7,658049.893,1159433.411,10.48531000,76.44417100,0.333,0.264,6.2,10.0,0.5,17.6,1261,2047,RTK FIXED
45.069,070833.60,10.48530700,76.44417100,10.48530700,76.44417099,658049.549,1159432.945,108.10,658049.553,1159432.932,22.8,7,658049.893,1159433.411,10.48531000,76.44417100,0.333,0.275,6.0,10.0,0.0,17.1,1235,2047,RTK FIXED
45.114,070833.60,10.48530700,76.44417100,10.48530700,76.44417099,658049.549,1159432.945,108.10,658049.552,1159432.937,22.8,7,658049.893,1159433.411,10.48531000,76.44417100,0.333,0.275,6.0,10.0,-0.6,17.7,1235,2047,RTK FIXED
45.168,070833.60,10.48530700,76.44417100,10.48530700,76.44417100,658049.549,1159432.945,108.10,658049.551,1159432.940,22.8,7,658049.893,1159433.411,10.48531000,76.44417100,0.333,0.275,6.0,10.0,0.0,15.6,1235,2047,RTK FIXED
45.214,070833.60,10.48530700,76.44417100,10.48530700,76.44417100,658049.549,1159432.945,108.10,658049.550,1159432.942,22.8,7,658049.893,1159433.411,10.48531000,76.44417100,0.333,0.275,6.0,10.0,0.0,17.3,1235,2047,RTK FIXED
45.269,070833.60,10.48530700,76.44417100,10.48530700,76.44417100,658049.549,1159432.945,108.10,658049.550,1159432.943,22.8,7,658049.893,1159433.411,10.48531000,76.44417100,0.333,0.275,6.0,10.0,0.5,15.5,1235,2047,RTK FIXED
45.315,070833.80,10.48530800,76.44417100,10.48530740,76.44417100,658049.549,1159433.055,108.10,658049.549,1159432.988,22.8,7,658049.893,1159433.411,10.48531000,76.44417100,0.339,0.256,6.3,10.0,0.0,15.2,1290,2047,RTK FIXED
45.368,070833.80,10.48530800,76.44417100,10.48530764,76.44417100,658049.549,1159433.055,108.10,658049.549,1159433.015,22.8,7,658049.893,1159433.411,10.48531000,76.44417100,0.339,0.256,6.3,10.0,-0.5,15.1,1290,2047,RTK FIXED
45.415,070833.80,10.48530800,76.44417100,10.48530778,76.44417100,658049.549,1159433.055,108.10,658049.549,1159433.031,22.8,7,658049.893,1159433.411,10.48531000,76.44417100,0.339,0.256,6.3,10.0,0.5,15.5,1290,2047,RTK FIXED
45.469,070833.80,10.48530800,76.44417100,10.48530787,76.44417100,658049.549,1159433.055,108.10,658049.549,1159433.041,22.8,7,658049.893,1159433.411,10.48531000,76.44417100,0.339,0.256,6.3,10.0,-0.5,17.3,1290,2047,RTK FIXED
45.514,070833.80,10.48530800,76.44417100,10.48530792,76.44417100,658049.549,1159433.055,108.10,658049.549,1159433.047,22.8,7,658049.893,1159433.411,10.48531000,76.44417100,0.339,0.256,6.3,10.0,0.5,15.3,1290,2047,RTK FIXED
45.569,070834.00,10.48530800,76.44417200,10.48530795,76.44417140,658049.658,1159433.056,108.10,658049.592,1159433.050,31.5,7,658049.893,1159433.411,10.48531000,76.44417100,0.356,0.145,7.8,10.0,0.0,15.6,1601,2047,RTK FIXED
45.622,070834.00,10.48530800,76.44417200,10.48530797,76.44417164,658049.658,1159433.056,108.10,658049.619,1159433.052,31.5,7,658049.893,1159433.411,10.48531000,76.44417100,0.356,0.145,7.8,10.0,-0.5,16.8,1601,2047,RTK FIXED
45.670,070834.00,10.48530800,76.44417200,10.48530798,76.44417178,658049.658,1159433.056,108.10,658049.634,1159433.054,31.5,7,658049.893,1159433.411,10.48531000,76.44417100,0.356,0.145,7.8,10.0,0.0,17.5,1601,2047,RTK FIXED
45.723,070834.20,10.48530800,76.44417200,10.48530799,76.44417187,658049.682,1159433.005,108.10,658049.654,1159433.034,31.5,7,658049.893,1159433.411,10.48531000,76.44417100,0.353,0.168,7.5,10.0,0.5,17.4,1536,2047,RTK FIXED
45.769,070834.20,10.48530800,76.44417200,10.48530799,76.44417192,658049.682,1159433.005,108.10,658049.665,1159433.023,31.5,7,658049.893,1159433.411,10.48531000,76.44417100,0.353,0.168,7.5,10.0,0.0,18.0,1536,2047,RTK FIXED
45.823,070834.40,10.48530900,76.44417200,10.48530840,76.44417195,658049.682,1159433.116,108.10,658049.672,1159433.060,31.5,7,658049.893,1159433.411,10.48531000,76.44417100,0.338,0.161,7.5,10.0,-0.5,17.5,1535,2047,RTK FIXED
45.869,070834.40,10.48530900,76.44417200,10.48530864,76.44417197,658049.682,1159433.116,108.10,658049.676,1159433.082,31.5,7,658049.893,1159433.411,10.48531000,76.44417100,0.338,0.161,7.5,10.0,0.5,17.5,1535,2047,RTK FIXED
45.923,070834.40,10.48530900,76.44417200,10.48530878,76.44417198,658049.682,1159433.116,108.10,658049.678,1159433.096,31.5,7,658049.893,1159433.411,10.48531000,76.44417100,0.338,0.161,7.5,10.0,-0.5,16.2,1535,2047,RTK FIXED
45.969,070834.40,10.48530900,76.44417200,10.48530887,76.44417199,658049.682,1159433.116,108.10,658049.680,1159433.104,31.5,7,658049.893,1159433.411,10.48531000,76.44417100,0.338,0.161,7.5,10.0,0.0,17.4,1535,2047,RTK FIXED
46.022,070834.40,10.48530900,76.44417200,10.48530892,76.44417199,658049.682,1159433.116,108.10,658049.680,1159433.109,31.5,7,658049.893,1159433.411,10.48531000,76.44417100,0.338,0.161,7.5,10.0,0.0,17.2,1535,2047,RTK FIXED
46.069,070834.60,10.48530900,76.44417200,10.48530895,76.44417200,658049.682,1159433.116,108.00,658049.681,1159433.112,34.5,7,658049.893,1159433.411,10.48531000,76.44417100,0.320,0.100,8.3,10.0,0.5,13.4,1696,2047,RTK FIXED
46.122,070834.60,10.48530900,76.44417200,10.48530897,76.44417200,658049.682,1159433.116,108.00,658049.681,1159433.113,34.5,7,658049.893,1159433.411,10.48531000,76.44417100,0.320,0.100,8.3,10.0,0.0,17.9,1696,2047,RTK FIXED
46.176,070834.60,10.48530900,76.44417200,10.48530898,76.44417200,658049.682,1159433.116,108.00,658049.681,1159433.114,34.5,7,658049.893,1159433.411,10.48531000,76.44417100,0.320,0.100,8.3,10.0,-0.5,16.6,1696,2047,RTK FIXED
46.222,070834.60,10.48530900,76.44417200,10.48530899,76.44417200,658049.682,1159433.116,108.00,658049.682,1159433.115,34.5,7,658049.893,1159433.411,10.48531000,76.44417100,0.320,0.100,8.3,10.0,0.5,18.1,1696,2047,RTK FIXED
46.277,070834.60,10.48530900,76.44417200,10.48530899,76.44417200,658049.682,1159433.116,108.00,658049.682,1159433.115,34.5,7,658049.893,1159433.411,10.48531000,76.44417100,0.320,0.100,8.3,10.0,0.0,18.7,1696,2047,RTK FIXED
46.326,070834.80,10.48530900,76.44417200,10.48530900,76.44417200,658049.692,1159433.100,108.10,658049.686,1159433.109,34.5,8,658051.093,1159434.301,10.48531800,76.44418200,0.363,0.068,8.9,10.0,0.0,16.3,1830,2047,RTK FIXED
46.377,070834.80,10.48530900,76.44417200,10.48530900,76.44417200,658049.692,1159433.100,108.10,658049.688,1159433.105,34.5,8,658051.093,1159434.301,10.48531800,76.44418200,0.363,0.068,8.9,10.0,-0.5,19.1,1830,2047,RTK FIXED
46.422,070834.80,10.48530900,76.44417200,10.48530900,76.44417200,658049.692,1159433.100,108.10,658049.690,1159433.103,34.5,8,658051.093,1159434.301,10.48531800,76.44418200,0.363,0.068,8.9,10.0,0.5,16.9,1830,2047,RTK FIXED
46.477,070834.80,10.48530900,76.44417200,10.48530900,76.44417200,658049.692,1159433.100,108.10,658049.690,1159433.102,34.5,8,658051.093,1159434.301,10.48531800,76.44418200,0.363,0.068,8.9,10.0,-0.5,17.0,1830,2047,RTK FIXED
46.523,070835.00,10.48530900,76.44417200,10.48530900,76.44417200,658049.692,1159433.100,108.10,658049.691,1159433.101,34.5,8,658051.093,1159434.301,10.48531800,76.44418200,0.363,0.060,9.1,10.0,0.5,17.7,1854,2047,RTK FIXED
46.577,070835.00,10.48530900,76.44417200,10.48530900,76.44417200,658049.692,1159433.100,108.10,658049.691,1159433.100,34.5,8,658051.093,1159434.301,10.48531800,76.44418200,0.363,0.060,9.1,10.0,-0.5,18.3,1854,2047,RTK FIXED
46.623,070835.00,10.48530900,76.44417200,10.48530900,76.44417200,658049.692,1159433.100,108.10,658049.692,1159433.100,34.5,8,658051.093,1159434.301,10.48531800,76.44418200,0.363,0.060,9.1,10.0,0.5,20.1,1854,2047,RTK FIXED
46.677,070835.20,10.48531000,76.44417300,10.48530940,76.44417240,658049.801,1159433.211,108.00,658049.735,1159433.144,36.8,8,658051.093,1159434.301,10.48531800,76.44418200,0.365,0.043,9.3,10.0,0.0,19.2,1906,2047,RTK FIXED
46.730,070835.20,10.48531000,76.44417300,10.48530964,76.44417264,658049.801,1159433.211,108.00,658049.761,1159433.171,36.8,8,658051.093,1159434.301,10.48531800,76.44418200,0.365,0.043,9.3,10.0,0.0,19.0,1906,2047,RTK FIXED
46.777,070835.20,10.48531000,76.44417300,10.48530978,76.44417278,658049.801,1159433.211,108.00,658049.777,1159433.187,36.8,8,658051.093,1159434.301,10.48531800,76.44418200,0.365,0.043,9.3,10.0,0.0,19.2,1906,2047,RTK FIXED
46.830,070835.20,10.48531000,76.44417300,10.48530987,76.44417287,658049.801,1159433.211,108.00,658049.787,1159433.196,36.8,8,658051.093,1159434.301,10.48531800,76.44418200,0.365,0.043,9.3,10.0,0.0,18.7,1906,2047,RTK FIXED
46.878,070835.40,10.48531000,76.44417300,10.48530992,76.44417292,658049.809,1159433.198,108.10,658049.796,1159433.197,36.8,8,658051.093,1159434.301,10.48531800,76.44418200,0.365,0.041,9.4,10.0,-0.5,19.7,1914,2047,RTK FIXED
46.931,070835.40,10.48531000,76.44417300,10.48530995,76.44417295,658049.809,1159433.198,108.10,658049.801,1159433.197,36.8,8,658051.093,1159434.301,10.48531800,76.44418200,0.365,0.041,9.4,10.0,0.0,19.2,1914,2047,RTK FIXED
46.978,070835.40,10.48531000,76.44417300,10.48530997,76.44417297,658049.809,1159433.198,108.10,658049.804,1159433.198,36.8,8,658051.093,1159434.301,10.48531800,76.44418200,0.365,0.041,9.4,10.0,0.5,17.1,1914,2047,RTK FIXED
47.031,070835.40,10.48531000,76.44417300,10.48530998,76.44417298,658049.809,1159433.198,108.10,658049.806,1159433.198,36.8,8,658051.093,1159434.301,10.48531800,76.44418200,0.365,0.041,9.4,10.0,-0.5,15.0,1914,2047,RTK FIXED
47.078,070835.40,10.48531000,76.44417300,10.48530999,76.44417299,658049.809,1159433.198,108.10,658049.808,1159433.198,36.8,8,658051.093,1159434.301,10.48531800,76.44418200,0.365,0.041,9.4,10.0,0.5,19.6,1914,2047,RTK FIXED
47.132,070835.60,10.48531000,76.44417300,10.48530999,76.44417299,658049.809,1159433.198,108.10,658049.808,1159433.198,36.8,8,658051.093,1159434.301,10.48531800,76.44418200,0.364,0.041,9.3,10.0,-0.5,19.1,1913,2047,RTK FIXED
47.177,070835.60,10.48531000,76.44417300,10.48531000,76.44417300,658049.809,1159433.198,108.10,658049.809,1159433.198,36.8,8,658051.093,1159434.301,10.48531800,76.44418200,0.364,0.041,9.3,10.0,0.6,16.1,1913,2047,RTK FIXED
47.231,070835.60,10.48531000,76.44417300,10.48531000,76.44417300,658049.809,1159433.198,108.10,658049.809,1159433.198,36.8,8,658051.093,1159434.301,10.48531800,76.44418200,0.364,0.041,9.3,10.0,-0.5,17.4,1913,2047,RTK FIXED
47.285,070835.60,10.48531000,76.44417300,10.48531000,76.44417300,658049.809,1159433.198,108.10,658049.809,1159433.198,36.8,8,658051.093,1159434.301,10.48531800,76.44418200,0.364,0.041,9.3,10.0,0.0,17.7,1913,2047,RTK FIXED
47.331,070835.60,10.48531000,76.44417300,10.48531000,76.44417300,658049.809,1159433.198,108.10,658049.809,1159433.198,36.8,8,658051.093,1159434.301,10.48531800,76.44418200,0.364,0.041,9.3,10.0,0.5,16.8,1913,2047,RTK FIXED
47.386,070835.80,10.48531100,76.44417300,10.48531040,76.44417300,658049.809,1159433.308,108.10,658049.809,1159433.242,42.3,8,658051.093,1159434.301,10.48531800,76.44418200,0.366,0.010,9.8,10.0,-0.5,16.0,2013,2047,RTK FIXED
47.431,070835.80,10.48531100,76.44417300,10.48531064,76.44417300,658049.809,1159433.308,108.10,658049.809,1159433.269,42.3,8,658051.093,1159434.301,10.48531800,76.44418200,0.366,0.010,9.8,10.0,0.5,17.0,2013,2047,RTK FIXED
47.486,070836.00,10.48531100,76.44417300,10.48531078,76.44417300,658049.831,1159433.281,108.00,658049.818,1159433.273,42.3,8,658051.093,1159434.301,10.48531800,76.44418200,0.366,0.003,10.0,10.0,0.0,17.3,2038,2047,RTK FIXED
47.531,070836.00,10.48531100,76.44417300,10.48531087,76.44417300,658049.831,1159433.281,108.00,658049.823,1159433.276,42.3,8,658051.093,1159434.301,10.48531800,76.44418200,0.366,0.003,10.0,10.0,-0.6,19.9,2038,2047,RTK FIXED
47.585,070836.00,10.48531100,76.44417300,10.48531092,76.44417300,658049.831,1159433.281,108.00,658049.826,1159433.278,42.3,8,658051.093,1159434.301,10.48531800,76.44418200,0.366,0.003,10.0,10.0,0.0,19.1,2038,2047,RTK FIXED
47.632,070836.20,10.48531100,76.44417400,10.48531095,76.44417340,658049.940,1159433.281,108.10,658049.872,1159433.279,42.3,8,658051.093,1159434.301,10.48531800,76.44418200,0.366,0.001,10.0,10.0,0.0,18.7,2045,2047,RTK FIXED
47.685,070836.20,10.48531100,76.44417400,10.48531097,76.44417364,658049.940,1159433.281,108.10,658049.899,1159433.280,42.3,8,658051.093,1159434.301,10.48531800,76.44418200,0.366,0.001,10.0,10.0,0.0,18.7,2045,2047,RTK FIXED
47.731,070836.20,10.48531100,76.44417400,10.48531098,76.44417378,658049.940,1159433.281,108.10,658049.915,1159433.280,42.3,8,658051.093,1159434.301,10.48531800,76.44418200,0.366,0.001,10.0,10.0,0.5,19.1,2045,2047,RTK FIXED
47.785,070836.20,10.48531100,76.44417400,10.48531099,76.44417387,658049.940,1159433.281,108.10,658049.925,1159433.281,42.3,8,658051.093,1159434.301,10.48531800,76.44418200,0.366,0.001,10.0,10.0,0.0,18.9,2045,2047,RTK FIXED
47.840,070836.20,10.48531100,76.44417400,10.48531099,76.44417392,658049.940,1159433.281,108.10,658049.931,1159433.281,42.3,8,658051.093,1159434.301,10.48531800,76.44418200,0.366,0.001,10.0,10.0,0.0,18.4,2045,2047,RTK FIXED
47.886,070836.40,10.48531100,76.44417400,10.48531100,76.44417395,658049.940,1159433.281,108.10,658049.935,1159433.281,36.2,8,658051.093,1159434.301,10.48531800,76.44418200,0.364,0.038,9.4,10.0,-0.5,19.5,1922,2047,RTK FIXED
47.939,070836.40,10.48531100,76.44417400,10.48531100,76.44417397,658049.940,1159433.281,108.10,658049.937,1159433.281,36.2,8,658051.093,1159434.301,10.48531800,76.44418200,0.364,0.038,9.4,10.0,0.5,18.3,1922,2047,RTK FIXED
47.985,070836.40,10.48531100,76.44417400,10.48531100,76.44417398,658049.940,1159433.281,108.10,658049.938,1159433.281,36.2,8,658051.093,1159434.301,10.48531800,76.44418200,0.364,0.038,9.4,10.0,0.0,18.5,1922,2047,RTK FIXED
48.039,070836.40,10.48531100,76.44417400,10.48531100,76.44417399,658049.940,1159433.281,108.10,658049.939,1159433.281,36.2,8,658051.093,1159434.301,10.48531800,76.44418200,0.364,0.038,9.4,10.0,-0.5,18.5,1922,2047,RTK FIXED
48.087,070836.40,10.48531100,76.44417400,10.48531100,76.44417399,658049.940,1159433.281,108.10,658049.939,1159433.281,36.2,8,658051.093,1159434.301,10.48531800,76.44418200,0.364,0.038,9.4,10.0,0.0,16.3,1922,2047,RTK FIXED
48.140,070836.60,10.48531200,76.44417400,10.48531140,76.44417400,658049.915,1159433.423,108.10,658049.930,1159433.338,36.2,8,658051.093,1159434.301,10.48531800,76.44418200,0.365,0.032,9.5,10.0,0.5,16.6,1941,2047,RTK FIXED
48.186,070836.60,10.48531200,76.44417400,10.48531164,76.44417400,658049.915,1159433.423,108.10,658049.924,1159433.372,36.2,8,658051.093,1159434.301,10.48531800,76.44418200,0.365,0.032,9.5,10.0,0.0,15.2,1941,2047,RTK FIXED
48.238,070836.60,10.48531200,76.44417400,10.48531178,76.44417400,658049.915,1159433.423,108.10,658049.921,1159433.392,36.2,8,658051.093,1159434.301,10.48531800,76.44418200,0.365,0.032,9.5,10.0,-0.5,18.0,1941,2047,RTK FIXED
48.285,070836.60,10.48531200,76.44417400,10.48531187,76.44417400,658049.915,1159433.423,108.10,658049.919,1159433.405,36.2,8,658051.093,1159434.301,10.48531800,76.44418200,0.365,0.032,9.5,10.0,0.0,18.3,1941,2047,RTK FIXED
48.340,070836.80,10.48531200,76.44417400,10.48531192,76.44417400,658049.915,1159433.423,108.10,658049.917,1159433.412,49.8,8,658051.093,1159434.301,10.48531800,76.44418200,0.362,-0.045,10.0,9.3,0.0,14.2,2047,1900,RTK FIXED
48.394,070836.80,10.48531200,76.44417400,10.48531195,76.44417400,658049.915,1159433.423,108.10,658049.917,1159433.416,49.8,8,658051.093,1159434.301,10.48531800,76.44418200,0.362,-0.045,10.0,9.3,0.5,17.7,2047,1900,RTK FIXED
48.439,070836.80,10.48531200,76.44417400,10.48531197,76.44417400,658049.915,1159433.423,108.10,658049.916,1159433.419,49.8,8,658051.093,1159434.301,10.48531800,76.44418200,0.362,-0.045,10.0,9.3,-0.5,17.4,2047,1900,RTK FIXED
48.494,070836.80,10.48531200,76.44417400,10.48531198,76.44417400,658049.915,1159433.423,108.10,658049.916,1159433.421,49.8,8,658051.093,1159434.301,10.48531800,76.44418200,0.362,-0.045,10.0,9.3,0.5,17.1,2047,1900,RTK FIXED
48.540,070837.00,10.48531200,76.44417500,10.48531199,76.44417440,658050.083,1159433.358,108.10,658049.983,1159433.396,49.8,8,658051.093,1159434.301,10.48531800,76.44418200,0.364,-0.045,10.0,9.3,-0.5,14.6,2047,1901,RTK FIXED
48.594,070837.00,10.48531200,76.44417500,10.48531199,76.44417464,658050.083,1159433.358,108.10,658050.023,1159433.381,49.8,8,658051.093,1159434.301,10.48531800,76.44418200,0.364,-0.045,10.0,9.3,0.0,16.7,2047,1901,RTK FIXED
48.639,070837.00,10.48531200,76.44417500,10.48531200,76.44417478,658050.083,1159433.358,108.10,658050.047,1159433.371,49.8,8,658051.093,1159434.301,10.48531800,76.44418200,0.364,-0.045,10.0,9.3,0.5,16.3,2047,1901,RTK FIXED
48.694,070837.20,10.48531200,76.44417500,10.48531200,76.44417487,658050.083,1159433.358,108.10,658050.061,1159433.366,33.9,8,658051.093,1159434.301,10.48531800,76.44418200,0.361,0.046,9.3,10.0,0.0,17.0,1897,2047,RTK FIXED
48.740,070837.20,10.48531200,76.44417500,10.48531200,76.44417492,658050.083,1159433.358,108.10,658050.070,1159433.363,33.9,8,658051.093,1159434.301,10.48531800,76.44418200,0.361,0.046,9.3,10.0,-0.5,14.7,1897,2047,RTK FIXED
48.794,070837.20,10.48531200,76.44417500,10.48531200,76.44417495,658050.083,1159433.358,108.10,658050.075,1159433.361,33.9,8,658051.093,1159434.301,10.48531800,76.44418200,0.361,0.046,9.3,10.0,0.0,16.2,1897,2047,RTK FIXED
48.847,070837.20,10.48531200,76.44417500,10.48531200,76.44417497,658050.083,1159433.358,108.10,658050.078,1159433.360,33.9,8,658051.093,1159434.301,10.48531800,76.44418200,0.361,0.046,9.3,10.0,0.0,16.5,1897,2047,RTK FIXED
48.894,070837.20,10.48531200,76.44417500,10.48531200,76.44417498,658050.083,1159433.358,108.10,658050.080,1159433.359,33.9,8,658051.093,1159434.301,10.48531800,76.44418200,0.361,0.046,9.3,10.0,0.0,16.5,1897,2047,RTK FIXED
48.948,070837.40,10.48531300,76.44417500,10.48531240,76.44417499,658050.016,1159433.547,108.10,658050.054,1159433.434,33.9,8,658051.093,1159434.301,10.48531800,76.44418200,0.364,0.043,9.3,10.0,0.0,16.7,1906,2047,RTK FIXED
48.994,070837.40,10.48531300,76.44417500,10.48531264,76.44417499,658050.016,1159433.547,108.10,658050.039,1159433.479,33.9,8,658051.093,1159434.301,10.48531800,76.44418200,0.364,0.043,9.3,10.0,0.5,17.9,1906,2047,RTK FIXED
49.047,070837.40,10.48531300,76.44417500,10.48531278,76.44417500,658050.016,1159433.547,108.10,658050.030,1159433.506,33.9,8,658051.093,1159434.301,10.48531800,76.44418200,0.364,0.043,9.3,10.0,0.0,17.2,1906,2047,RTK FIXED
49.094,070837.40,10.48531300,76.44417500,10.48531287,76.44417500,658050.016,1159433.547,108.10,658050.024,1159433.522,33.9,8,658051.093,1159434.301,10.48531800,76.44418200,0.364,0.043,9.3,10.0,0.0,17.8,1906,2047,RTK FIXED
49.147,070837.40,10.48531300,76.44417500,10.48531292,76.44417500,658050.016,1159433.547,108.10,658050.021,1159433.532,33.9,8,658051.093,1159434.301,10.48531800,76.44418200,0.364,0.043,9.3,10.0,0.0,17.7,1906,2047,RTK FIXED
49.194,070837.60,10.48531300,76.44417600,10.48531295,76.44417540,658050.126,1159433.547,108.10,658050.063,1159433.538,44.9,8,658051.093,1159434.301,10.48531800,76.44418200,0.365,-0.012,10.0,9.8,0.0,18.2,2047,2005,RTK FIXED
49.248,070837.60,10.48531300,76.44417600,10.48531297,76.44417564,658050.126,1159433.547,108.10,658050.088,1159433.542,44.9,8,658051.093,1159434.301,10.48531800,76.44418200,0.365,-0.012,10.0,9.8,0.0,17.8,2047,2005,RTK FIXED
49.295,070837.60,10.48531300,76.44417600,10.48531298,76.44417578,658050.126,1159433.547,108.10,658050.103,1159433.544,44.9,8,658051.093,1159434.301,10.48531800,76.44418200,0.365,-0.012,10.0,9.8,0.0,17.5,2047,2005,RTK FIXED
49.347,070837.60,10.48531300,76.44417600,10.48531299,76.44417587,658050.126,1159433.547,108.10,658050.112,1159433.545,44.9,8,658051.093,1159434.301,10.48531800,76.44418200,0.365,-0.012,10.0,9.8,0.0,17.7,2047,2005,RTK FIXED
49.402,070837.80,10.48531300,76.44417600,10.48531299,76.44417592,658050.169,1159433.491,108.10,658050.135,1159433.523,44.9,8,658051.093,1159434.301,10.48531800,76.44418200,0.366,-0.017,10.0,9.7,-0.5,17.3,2047,1990,RTK FIXED
49.448,070837.80,10.48531300,76.44417600,10.48531300,76.44417595,658050.169,1159433.491,108.10,658050.149,1159433.510,44.9,8,658051.093,1159434.301,10.48531800,76.44418200,0.366,-0.017,10.0,9.7,0.5,17.5,2047,1990,RTK FIXED
49.502,070837.80,10.48531300,76.44417600,10.48531300,76.44417597,658050.169,1159433.491,108.10,658050.157,1159433.503,44.9,8,658051.093,1159434.301,10.48531800,76.44418200,0.366,-0.017,10.0,9.7,0.0,16.2,2047,1990,RTK FIXED
49.548,070838.00,10.48531300,76.44417600,10.48531300,76.44417598,658050.169,1159433.491,108.10,658050.162,1159433.498,44.9,8,658051.093,1159434.301,10.48531800,76.44418200,0.366,-0.013,10.0,9.8,-0.5,15.7,2047,2005,RTK FIXED
49.602,070838.00,10.48531300,76.44417600,10.48531300,76.44417599,658050.169,1159433.491,108.10,658050.165,1159433.495,44.9,8,658051.093,1159434.301,10.48531800,76.44418200,0.366,-0.013,10.0,9.8,0.0,18.2,2047,2005,RTK FIXED
49.648,070838.00,10.48531300,76.44417600,10.48531300,76.44417599,658050.169,1159433.491,108.10,658050.167,1159433.493,44.9,8,658051.093,1159434.301,10.48531800,76.44418200,0.366,-0.013,10.0,9.8,0.5,15.8,2047,2005,RTK FIXED
49.702,070838.20,10.48531400,76.44417600,10.48531340,76.44417600,658050.169,1159433.601,108.10,658050.167,1159433.537,41.0,8,658051.093,1159434.301,10.48531800,76.44418200,0.366,-0.003,10.0,9.9,0.0,18.4,2047,2036,RTK FIXED
49.747,070838.20,10.48531400,76.44417600,10.48531364,76.44417600,658050.169,1159433.601,108.10,658050.168,1159433.563,41.0,8,658051.093,1159434.301,10.48531800,76.44418200,0.366,-0.003,10.0,9.9,-0.6,18.9,2047,2036,RTK FIXED
49.802,070838.20,10.48531400,76.44417600,10.48531378,76.44417600,658050.169,1159433.601,108.10,658050.168,1159433.578,41.0,8,658051.093,1159434.301,10.48531800,76.44418200,0.366,-0.003,10.0,9.9,0.0,16.5,2047,2036,RTK FIXED
49.848,070838.20,10.48531400,76.44417600,10.48531387,76.44417600,658050.169,1159433.601,108.10,658050.168,1159433.587,41.0,8,658051.093,1159434.301,10.48531800,76.44418200,0.366,-0.003,10.0,9.9,0.5,17.9,2047,2036,RTK FIXED
49.902,070838.20,10.48531400,76.44417600,10.48531392,76.44417600,658050.169,1159433.601,108.10,658050.169,1159433.593,41.0,8,658051.093,1159434.301,10.48531800,76.44418200,0.366,-0.003,10.0,9.9,0.0,14.4,2047,2036,RTK FIXED
49.947,070838.40,10.48531400,76.44417600,10.48531395,76.44417600,658050.152,1159433.620,108.10,658050.162,1159433.604,41.0,8,658051.093,1159434.301,10.48531800,76.44418200,0.366,-0.009,10.0,9.9,-0.5,18.1,2047,2017,RTK FIXED
50.002,070838.40,10.48531400,76.44417600,10.48531397,76.44417600,658050.152,1159433.620,108.10,658050.158,1159433.611,41.0,8,658051.093,1159434.301,10.48531800,76.44418200,0.366,-0.009,10.0,9.9,0.0,18.8,2047,2017,RTK FIXED
50.055,070838.40,10.48531400,76.44417600,10.48531398,76.44417600,658050.152,1159433.620,108.10,658050.156,1159433.615,41.0,8,658051.093,1159434.301,10.48531800,76.44418200,0.366,-0.009,10.0,9.9,0.5,18.8,2047,2017,RTK FIXED
50.102,070838.40,10.48531400,76.44417600,10.48531399,76.44417600,658050.152,1159433.620,108.10,658050.154,1159433.617,41.0,8,658051.093,1159434.301,10.48531800,76.44418200,0.366,-0.009,10.0,9.9,0.0,18.9,2047,2017,RTK FIXED
50.156,070838.60,10.48531400,76.44417700,10.48531399,76.44417640,658050.261,1159433.621,108.10,658050.197,1159433.619,41.0,8,658051.093,1159434.301,10.48531800,76.44418200,0.366,-0.006,10.0,9.9,0.0,18.2,2047,2027,RTK FIXED
50.202,070838.60,10.48531400,76.44417700,10.48531400,76.44417664,658050.261,1159433.621,108.10,658050.223,1159433.619,41.0,8,658051.093,1159434.301,10.48531800,76.44418200,0.366,-0.006,10.0,9.9,-0.5,17.8,2047,2027,RTK FIXED
50.255,070838.60,10.48531400,76.44417700,10.48531400,76.44417678,658050.261,1159433.621,108.10,658050.238,1159433.620,41.0,8,658051.093,1159434.301,10.48531800,76.44418200,0.366,-0.006,10.0,9.9,0.5,18.0,2047,2027,RTK FIXED
50.304,070838.80,10.48531400,76.44417700,10.48531400,76.44417687,658050.261,1159433.621,108.10,658050.248,1159433.620,41.5,8,658051.093,1159434.301,10.48531800,76.44418200,0.366,-0.006,10.0,9.9,0.0,19.0,2047,2028,RTK FIXED
50.356,070838.80,10.48531400,76.44417700,10.48531400,76.44417692,658050.261,1159433.621,108.10,658050.253,1159433.621,41.5,8,658051.093,1159434.301,10.48531800,76.44418200,0.366,-0.006,10.0,9.9,0.0,19.6,2047,2028,RTK FIXED
50.402,070838.80,10.48531400,76.44417700,10.48531400,76.44417695,658050.261,1159433.621,108.10,658050.256,1159433.621,41.5,8,658051.093,1159434.301,10.48531800,76.44418200,0.366,-0.006,10.0,9.9,-0.5,19.8,2047,2028,RTK FIXED
50.455,070838.80,10.48531400,76.44417700,10.48531400,76.44417697,658050.261,1159433.621,108.10,658050.258,1159433.621,41.5,8,658051.093,1159434.301,10.48531800,76.44418200,0.366,-0.006,10.0,9.9,0.5,18.1,2047,2028,RTK FIXED
50.502,070838.80,10.48531400,76.44417700,10.48531400,76.44417698,658050.261,1159433.621,108.10,658050.260,1159433.621,41.5,8,658051.093,1159434.301,10.48531800,76.44418200,0.366,-0.006,10.0,9.9,-0.5,18.2,2047,2028,RTK FIXED
50.557,070839.00,10.48531500,76.44417700,10.48531440,76.44417699,658050.263,1159433.729,108.10,658050.261,1159433.664,41.5,8,658051.093,1159434.301,10.48531800,76.44418200,0.366,-0.019,10.0,9.7,0.5,17.8,2047,1985,RTK FIXED
50.610,070839.00,10.48531500,76.44417700,10.48531464,76.44417699,658050.263,1159433.729,108.10,658050.262,1159433.690,41.5,8,658051.093,1159434.301,10.48531800,76.44418200,0.366,-0.019,10.0,9.7,-0.5,18.5,2047,1985,RTK FIXED
50.656,070839.00,10.48531500,76.44417700,10.48531478,76.44417700,658050.263,1159433.729,108.10,658050.262,1159433.706,41.5,8,658051.093,1159434.301,10.48531800,76.44418200,0.366,-0.019,10.0,9.7,0.5,17.6,2047,1985,RTK FIXED
50.711,070839.20,10.48531500,76.44417800,10.48531487,76.44417740,658050.372,1159433.730,108.10,658050.306,1159433.715,43.8,8,658051.093,1159434.301,10.48531800,76.44418200,0.365,-0.032,10.0,9.5,0.0,18.4,2047,1942,RTK FIXED
50.755,070839.20,10.48531500,76.44417800,10.48531492,76.44417764,658050.372,1159433.730,108.10,658050.333,1159433.721,43.8,8,658051.093,1159434.301,10.48531800,76.44418200,0.365,-0.032,10.0,9.5,-0.6,15.6,2047,1942,RTK FIXED
50.811,070839.20,10.48531500,76.44417800,10.48531495,76.44417778,658050.372,1159433.730,108.10,658050.349,1159433.724,43.8,8,658051.093,1159434.301,10.48531800,76.44418200,0.365,-0.032,10.0,9.5,0.5,18.2,2047,1942,RTK FIXED
50.855,070839.20,10.48531500,76.44417800,10.48531497,76.44417787,658050.372,1159433.730,108.10,658050.358,1159433.727,43.8,8,658051.093,1159434.301,10.48531800,76.44418200,0.365,-0.032,10.0,9.5,-0.6,17.2,2047,1942,RTK FIXED
50.911,070839.40,10.48531500,76.44417800,10.48531498,76.44417792,658050.382,1159433.719,108.00,658050.368,1159433.723,43.8,8,658051.093,1159434.301,10.48531800,76.44418200,0.365,-0.031,10.0,9.5,0.0,17.2,2047,1945,RTK FIXED
50.956,070839.40,10.48531500,76.44417800,10.48531499,76.44417795,658050.382,1159433.719,108.00,658050.373,1159433.721,43.8,8,658051.093,1159434.301,10.48531800,76.44418200,0.365,-0.031,10.0,9.5,0.6,17.2,2047,1945,RTK FIXED
51.010,070839.40,10.48531500,76.44417800,10.48531499,76.44417797,658050.382,1159433.719,108.00,658050.377,1159433.720,43.8,8,658051.093,1159434.301,10.48531800,76.44418200,0.365,-0.031,10.0,9.5,0.0,17.4,2047,1945,RTK FIXED
51.063,070839.40,10.48531500,76.44417800,10.48531500,76.44417798,658050.382,1159433.719,108.00,658050.379,1159433.720,43.8,8,658051.093,1159434.301,10.48531800,76.44418200,0.365,-0.031,10.0,9.5,0.0,17.4,2047,1945,RTK FIXED
51.111,070839.40,10.48531500,76.44417800,10.48531500,76.44417799,658050.382,1159433.719,108.00,658050.380,1159433.719,43.8,8,658051.093,1159434.301,10.48531800,76.44418200,0.365,-0.031,10.0,9.5,-0.5,17.4,2047,1945,RTK FIXED
51.164,070839.60,10.48531500,76.44417800,10.48531500,76.44417799,658050.382,1159433.719,108.10,658050.381,1159433.719,43.8,8,658051.093,1159434.301,10.48531800,76.44418200,0.365,-0.028,10.0,9.5,0.0,17.2,2047,1954,RTK FIXED
51.210,070839.60,10.48531500,76.44417800,10.48531500,76.44417800,658050.382,1159433.719,108.10,658050.381,1159433.719,43.8,8,658051.093,1159434.301,10.48531800,76.44418200,0.365,-0.028,10.0,9.5,0.5,17.4,2047,1954,RTK FIXED
51.263,070839.60,10.48531500,76.44417800,10.48531500,76.44417800,658050.382,1159433.719,108.10,658050.382,1159433.719,43.8,8,658051.093,1159434.301,10.48531800,76.44418200,0.365,-0.028,10.0,9.5,-0.5,16.9,2047,1954,RTK FIXED
51.311,070839.60,10.48531500,76.44417800,10.48531500,76.44417800,658050.382,1159433.719,108.10,658050.382,1159433.719,43.8,8,658051.093,1159434.301,10.48531800,76.44418200,0.365,-0.028,10.0,9.5,0.0,17.0,2047,1954,RTK FIXED
51.364,070839.60,10.48531500,76.44417800,10.48531500,76.44417800,658050.382,1159433.719,108.10,658050.382,1159433.719,43.8,8,658051.093,1159434.301,10.48531800,76.44418200,0.365,-0.028,10.0,9.5,0.0,17.4,2047,1954,RTK FIXED
51.411,070839.80,10.48531600,76.44417800,10.48531540,76.44417800,658050.382,1159433.829,108.10,658050.382,1159433.763,44.2,8,658051.093,1159434.301,10.48531800,76.44418200,0.364,-0.044,10.0,9.3,0.5,16.5,2047,1904,RTK FIXED
51.465,070839.80,10.48531600,76.44417800,10.48531564,76.44417800,658050.382,1159433.829,108.10,658050.382,1159433.789,44.2,8,658051.093,1159434.301,10.48531800,76.44418200,0.364,-0.044,10.0,9.3,0.0,14.9,2047,1904,RTK FIXED
51.511,070840.00,10.48531600,76.44417900,10.48531578,76.44417840,658050.493,1159433.827,108.10,658050.426,1159433.805,44.2,8,658051.093,1159434.301,10.48531800,76.44418200,0.364,-0.044,10.0,9.3,-0.5,16.7,2047,1902,RTK FIXED
51.564,070840.00,10.48531600,76.44417900,10.48531587,76.44417864,658050.493,1159433.827,108.10,658050.453,1159433.814,44.2,8,658051.093,1159434.301,10.48531800,76.44418200,0.364,-0.044,10.0,9.3,0.5,17.3,2047,1902,RTK FIXED
51.611,070840.00,10.48531600,76.44417900,10.48531592,76.44417878,658050.493,1159433.827,108.10,658050.469,1159433.819,44.2,8,658051.093,1159434.301,10.48531800,76.44418200,0.364,-0.044,10.0,9.3,-0.5,16.7,2047,1902,RTK FIXED
51.665,070840.20,10.48531600,76.44417900,10.48531595,76.44417887,658050.493,1159433.827,108.10,658050.479,1159433.822,39.6,8,658051.093,1159434.301,10.48531800,76.44418200,0.366,-0.015,10.0,9.8,0.0,14.8,2047,1996,RTK FIXED
51.718,070840.20,10.48531600,76.44417900,10.48531597,76.44417892,658050.493,1159433.827,108.10,658050.484,1159433.824,39.6,8,658051.093,1159434.301,10.48531800,76.44418200,0.366,-0.015,10.0,9.8,0.0,13.1,2047,1996,RTK FIXED
51.765,070840.20,10.48531600,76.44417900,10.48531598,76.44417895,658050.493,1159433.827,108.10,658050.488,1159433.826,39.6,8,658051.093,1159434.301,10.48531800,76.44418200,0.366,-0.015,10.0,9.8,0.5,16.3,2047,1996,RTK FIXED
51.819,070840.20,10.48531600,76.44417900,10.48531599,76.44417897,658050.493,1159433.827,108.10,658050.490,1159433.826,39.6,8,658051.093,1159434.301,10.48531800,76.44418200,0.366,-0.015,10.0,9.8,0.0,15.7,2047,1996,RTK FIXED
51.865,070840.20,10.48531600,76.44417900,10.48531599,76.44417898,658050.493,1159433.827,108.10,658050.491,1159433.827,39.6,8,658051.093,1159434.301,10.48531800,76.44418200,0.366,-0.015,10.0,9.8,0.0,16.7,2047,1996,RTK FIXED
51.919,070840.40,10.48531600,76.44417900,10.48531600,76.44417899,658050.474,1159433.850,108.10,658050.484,1159433.836,39.6,8,658051.093,1159434.301,10.48531800,76.44418200,0.366,-0.012,10.0,9.8,0.0,15.3,2047,2007,RTK FIXED
51.965,070840.40,10.48531600,76.44417900,10.48531600,76.44417899,658050.474,1159433.850,108.10,658050.480,1159433.842,39.6,8,658051.093,1159434.301,10.48531800,76.44418200,0.366,-0.012,10.0,9.8,-0.5,15.3,2047,2007,RTK FIXED
52.019,070840.40,10.48531600,76.44417900,10.48531600,76.44417900,658050.474,1159433.850,108.10,658050.478,1159433.845,39.6,8,658051.093,1159434.301,10.48531800,76.44418200,0.366,-0.012,10.0,9.8,0.0,14.8,2047,2007,RTK FIXED
52.065,070840.40,10.48531600,76.44417900,10.48531600,76.44417900,658050.474,1159433.850,108.10,658050.476,1159433.847,39.6,8,658051.093,1159434.301,10.48531800,76.44418200,0.366,-0.012,10.0,9.8,0.5,15.7,2047,2007,RTK FIXED
52.120,070840.60,10.48531700,76.44418000,10.48531640,76.44417940,658050.583,1159433.961,108.10,658050.519,1159433.893,43.0,8,658051.093,1159434.301,10.48531800,76.44418200,0.364,-0.037,10.0,9.4,-0.5,15.9,2047,1925,RTK FIXED
52.165,070840.60,10.48531700,76.44418000,10.48531664,76.44417964,658050.583,1159433.961,108.10,658050.544,1159433.920,43.0,8,658051.093,1159434.301,10.48531800,76.44418200,0.364,-0.037,10.0,9.4,0.6,17.1,2047,1925,RTK FIXED
52.219,070840.60,10.48531700,76.44418000,10.48531678,76.44417978,658050.583,1159433.961,108.10,658050.560,1159433.936,43.0,8,658051.093,1159434.301,10.48531800,76.44418200,0.364,-0.037,10.0,9.4,0.0,17.1,2047,1925,RTK FIXED
52.272,070840.60,10.48531700,76.44418000,10.48531687,76.44417987,658050.583,1159433.961,108.10,658050.569,1159433.946,43.0,8,658051.093,1159434.301,10.48531800,76.44418200,0.364,-0.037,10.0,9.4,0.0,16.4,2047,1925,RTK FIXED
52.318,070840.60,10.48531700,76.44418000,10.48531692,76.44417992,658050.583,1159433.961,108.10,658050.575,1159433.952,43.0,8,658051.093,1159434.301,10.48531800,76.44418200,0.364,-0.037,10.0,9.4,-0.5,15.8,2047,1925,RTK FIXED
52.373,070840.80,10.48531700,76.44418000,10.48531695,76.44417995,658050.597,1159433.944,108.10,658050.583,1159433.949,43.0,8,658051.093,1159434.301,10.48531800,76.44418200,0.364,-0.044,10.0,9.3,0.0,16.4,2047,1904,RTK FIXED
52.419,070840.80,10.48531700,76.44418000,10.48531697,76.44417997,658050.597,1159433.944,108.10,658050.589,1159433.947,43.0,8,658051.093,1159434.301,10.48531800,76.44418200,0.364,-0.044,10.0,9.3,0.5,15.6,2047,1904,RTK FIXED
52.473,070840.80,10.48531700,76.44418000,10.48531698,76.44417998,658050.597,1159433.944,108.10,658050.592,1159433.946,43.0,8,658051.093,1159434.301,10.48531800,76.44418200,0.364,-0.044,10.0,9.3,0.0,16.4,2047,1904,RTK FIXED
52.519,070840.80,10.48531700,76.44418000,10.48531699,76.44417999,658050.597,1159433.944,108.10,658050.594,1159433.945,43.0,8,658051.093,1159434.301,10.48531800,76.44418200,0.364,-0.044,10.0,9.3,-0.5,16.8,2047,1904,RTK FIXED
52.572,070840.80,10.48531700,76.44418000,10.48531699,76.44417999,658050.597,1159433.944,108.10,658050.595,1159433.945,43.0,8,658051.093,1159434.301,10.48531800,76.44418200,0.364,-0.044,10.0,9.3,0.5,16.9,2047,1904,RTK FIXED
52.619,070841.00,10.48531700,76.44418000,10.48531700,76.44418000,658050.597,1159433.944,108.10,658050.596,1159433.945,43.0,8,658051.093,1159434.301,10.48531800,76.44418200,0.364,-0.046,10.0,9.3,0.0,16.4,2047,1899,RTK FIXED
52.673,070841.00,10.48531700,76.44418000,10.48531700,76.44418000,658050.597,1159433.944,108.10,658050.596,1159433.945,43.0,8,658051.093,1159434.301,10.48531800,76.44418200,0.364,-0.046,10.0,9.3,-0.5,15.9,2047,1899,RTK FIXED
52.719,070841.00,10.48531700,76.44418000,10.48531700,76.44418000,658050.597,1159433.944,108.10,658050.596,1159433.944,43.0,8,658051.093,1159434.301,10.48531800,76.44418200,0.364,-0.046,10.0,9.3,0.5,16.2,2047,1899,RTK FIXED
52.773,070841.00,10.48531700,76.44418000,10.48531700,76.44418000,658050.597,1159433.944,108.10,658050.597,1159433.944,43.0,8,658051.093,1159434.301,10.48531800,76.44418200,0.364,-0.046,10.0,9.3,0.0,16.2,2047,1899,RTK FIXED
52.826,070841.00,10.48531700,76.44418000,10.48531700,76.44418000,658050.597,1159433.944,108.10,658050.597,1159433.944,43.0,8,658051.093,1159434.301,10.48531800,76.44418200,0.364,-0.046,10.0,9.3,0.0,16.4,2047,1899,RTK FIXED
52.874,070841.20,10.48531700,76.44418000,10.48531700,76.44418000,658050.597,1159433.944,108.10,658050.597,1159433.944,41.2,8,658051.093,1159434.301,10.48531800,76.44418200,0.365,-0.035,10.0,9.4,-0.5,17.0,2047,1931,RTK FIXED
52.926,070841.20,10.48531700,76.44418000,10.48531700,76.44418000,658050.597,1159433.944,108.10,658050.597,1159433.944,41.2,8,658051.093,1159434.301,10.48531800,76.44418200,0.365,-0.035,10.0,9.4,0.0,16.1,2047,1931,RTK FIXED
52.973,070841.20,10.48531700,76.44418000,10.48531700,76.44418000,658050.597,1159433.944,108.10,658050.597,1159433.944,41.2,8,658051.093,1159434.301,10.48531800,76.44418200,0.365,-0.035,10.0,9.4,0.5,16.0,2047,1931,RTK FIXED
53.027,070841.20,10.48531700,76.44418000,10.48531700,76.44418000,658050.597,1159433.944,108.10,658050.597,1159433.944,41.2,8,658051.093,1159434.301,10.48531800,76.44418200,0.365,-0.035,10.0,9.4,0.0,16.1,2047,1931,RTK FIXED
53.074,070841.40,10.48531800,76.44418100,10.48531740,76.44418040,658050.698,1159434.064,108.10,658050.637,1159433.992,41.2,8,658051.093,1159434.301,10.48531800,76.44418200,0.365,-0.039,10.0,9.4,-0.5,15.7,2047,1920,RTK FIXED
53.127,070841.40,10.48531800,76.44418100,10.48531764,76.44418064,658050.698,1159434.064,108.10,658050.662,1159434.021,41.2,8,658051.093,1159434.301,10.48531800,76.44418200,0.365,-0.039,10.0,9.4,0.5,16.9,2047,1920,RTK FIXED
53.173,070841.40,10.48531800,76.44418100,10.48531778,76.44418078,658050.698,1159434.064,108.10,658050.676,1159434.038,41.2,8,658051.093,1159434.301,10.48531800,76.44418200,0.365,-0.039,10.0,9.4,0.0,16.8,2047,1920,RTK FIXED
53.227,070841.60,10.48531800,76.44418100,10.48531787,76.44418087,658050.698,1159434.064,108.10,658050.685,1159434.049,43.3,8,658051.093,1159434.301,10.48531800,76.44418200,0.363,-0.056,10.0,9.1,0.0,16.6,2047,1866,RTK FIXED
53.273,070841.60,10.48531800,76.44418100,10.48531792,76.44418092,658050.698,1159434.064,108.10,658050.690,1159434.055,43.3,8,658051.093,1159434.301,10.48531800,76.44418200,0.363,-0.056,10.0,9.1,0.0,16.4,2047,1866,RTK FIXED
53.327,070841.60,10.48531800,76.44418100,10.48531795,76.44418095,658050.698,1159434.064,108.10,658050.693,1159434.059,43.3,8,658051.093,1159434.301,10.48531800,76.44418200,0.363,-0.056,10.0,9.1,0.0,14.8,2047,1866,RTK FIXED
53.381,070841.60,10.48531800,76.44418100,10.48531797,76.44418097,658050.698,1159434.064,108.10,658050.695,1159434.061,43.3,8,658051.093,1159434.301,10.48531800,76.44418200,0.363,-0.056,10.0,9.1,0.0,16.2,2047,1866,RTK FIXED
53.428,070841.80,10.48531800,76.44418100,10.48531798,76.44418098,658050.707,1159434.054,108.10,658050.700,1159434.058,43.3,8,658051.093,1159434.301,10.48531800,76.44418200,0.363,-0.060,10.0,9.1,-0.5,16.1,2047,1854,RTK FIXED
53.481,070841.80,10.48531800,76.44418100,10.48531799,76.44418099,658050.707,1159434.054,108.10,658050.703,1159434.057,43.3,8,658051.093,1159434.301,10.48531800,76.44418200,0.363,-0.060,10.0,9.1,0.0,16.9,2047,1854,RTK FIXED
53.527,070842.00,10.48531800,76.44418100,10.48531799,76.44418099,658050.707,1159434.054,108.10,658050.704,1159434.056,43.3,8,658051.093,1159434.301,10.48531800,76.44418200,0.363,-0.061,10.0,9.0,0.5,15.6,2047,1851,RTK FIXED
53.582,070842.20,10.48531800,76.44418200,10.48531800,76.44418140,658050.816,1159434.055,108.10,658050.749,1159434.055,36.2,8,658051.093,1159434.301,10.48531800,76.44418200,0.349,-0.015,10.0,9.7,0.0,16.2,2047,1994,RTK FIXED
53.627,070842.20,10.48531800,76.44418200,10.48531800,76.44418164,658050.816,1159434.055,108.10,658050.776,1159434.055,36.2,8,658051.093,1159434.301,10.48531800,76.44418200,0.349,-0.015,10.0,9.7,-0.5,16.3,2047,1994,RTK FIXED
53.681,070842.20,10.48531800,76.44418200,10.48531800,76.44418178,658050.816,1159434.055,108.10,658050.792,1159434.055,36.2,8,658051.093,1159434.301,10.48531800,76.44418200,0.349,-0.015,10.0,9.7,0.5,16.8,2047,1994,RTK FIXED
53.727,070842.20,10.48531800,76.44418200,10.48531800,76.44418187,658050.816,1159434.055,108.10,658050.802,1159434.055,36.2,8,658051.093,1159434.301,10.48531800,76.44418200,0.349,-0.015,10.0,9.7,-0.5,12.4,2047,1994,RTK FIXED
53.780,070842.20,10.48531800,76.44418200,10.48531800,76.44418192,658050.816,1159434.055,108.10,658050.808,1159434.055,36.2,8,658051.093,1159434.301,10.48531800,76.44418200,0.349,-0.015,10.0,9.7,0.0,16.5,2047,1994,RTK FIXED
53.827,070842.20,10.48531800,76.44418200,10.48531800,76.44418195,658050.816,1159434.055,108.10,658050.811,1159434.055,36.2,8,658051.093,1159434.301,10.48531800,76.44418200,0.349,-0.015,10.0,9.7,0.5,17.2,2047,1994,RTK FIXED
53.884,070842.40,10.48531900,76.44418200,10.48531840,76.44418197,658050.788,1159434.201,108.10,658050.802,1159434.113,36.2,9,658051.662,1159433.364,10.48530950,76.44418717,0.332,-0.217,10.0,6.7,-0.4,17.5,2047,1544,RTK FIXED
53.935,070842.40,10.48531900,76.44418200,10.48531864,76.44418198,658050.788,1159434.201,108.10,658050.796,1159434.148,36.2,9,658051.662,1159433.364,10.48530950,76.44418717,0.332,-0.217,10.0,6.7,0.5,17.6,2047,1376,RTK FIXED
53.982,070842.40,10.48531900,76.44418200,10.48531878,76.44418199,658050.788,1159434.201,108.10,658050.793,1159434.170,36.2,9,658051.662,1159433.364,10.48530950,76.44418717,0.332,-0.217,10.0,6.7,0.0,15.2,2047,1376,RTK FIXED
54.035,070842.40,10.48531900,76.44418200,10.48531887,76.44418199,658050.788,1159434.201,108.10,658050.791,1159434.182,36.2,9,658051.662,1159433.364,10.48530950,76.44418717,0.332,-0.217,10.0,6.7,0.0,17.2,2047,1376,RTK FIXED
54.082,070842.40,10.48531900,76.44418200,10.48531892,76.44418200,658050.788,1159434.201,108.10,658050.789,1159434.190,36.2,9,658051.662,1159433.364,10.48530950,76.44418717,0.332,-0.217,10.0,6.7,-0.5,16.7,2047,1376,RTK FIXED
54.136,070842.60,10.48531900,76.44418200,10.48531895,76.44418200,658050.788,1159434.201,108.10,658050.789,1159434.194,47.2,9,658051.662,1159433.364,10.48530950,76.44418717,0.332,-0.267,10.0,6.1,0.0,13.4,2047,1251,RTK FIXED
54.181,070842.60,10.48531900,76.44418200,10.48531897,76.44418200,658050.788,1159434.201,108.10,658050.788,1159434.197,47.2,9,658051.662,1159433.364,10.48530950,76.44418717,0.332,-0.267,10.0,6.1,0.5,13.7,2047,1251,RTK FIXED
54.235,070842.60,10.48531900,76.44418200,10.48531898,76.44418200,658050.788,1159434.201,108.10,658050.788,1159434.199,47.2,9,658051.662,1159433.364,10.48530950,76.44418717,0.332,-0.267,10.0,6.1,0.0,13.9,2047,1251,RTK FIXED
54.281,070842.60,10.48531900,76.44418200,10.48531899,76.44418200,658050.788,1159434.201,108.10,658050.788,1159434.200,47.2,9,658051.662,1159433.364,10.48530950,76.44418717,0.332,-0.267,10.0,6.1,0.0,11.6,2047,1251,RTK FIXED
54.336,070842.80,10.48531900,76.44418300,10.48531899,76.44418240,658050.943,1159434.148,108.10,658050.850,1159434.179,47.2,9,658051.662,1159433.364,10.48530950,76.44418717,0.332,-0.279,10.0,6.0,0.0,12.2,2047,1221,RTK FIXED
54.382,070842.80,10.48531900,76.44418300,10.48531900,76.44418264,658050.943,1159434.148,108.10,658050.887,1159434.166,47.2,9,658051.662,1159433.364,10.48530950,76.44418717,0.332,-0.279,10.0,6.0,0.0,11.4,2047,1221,RTK FIXED
54.435,070842.80,10.48531900,76.44418300,10.48531900,76.44418278,658050.943,1159434.148,108.10,658050.909,1159434.159,47.2,9,658051.662,1159433.364,10.48530950,76.44418717,0.332,-0.279,10.0,6.0,-0.5,10.4,2047,1221,RTK FIXED
54.490,070842.80,10.48531900,76.44418300,10.48531900,76.44418287,658050.943,1159434.148,108.10,658050.923,1159434.154,47.2,9,658051.662,1159433.364,10.48530950,76.44418717,0.332,-0.279,10.0,6.0,0.0,10.0,2047,1221,RTK FIXED
54.536,070842.80,10.48531900,76.44418300,10.48531900,76.44418292,658050.943,1159434.148,108.10,658050.931,1159434.152,47.2,9,658051.662,1159433.364,10.48530950,76.44418717,0.332,-0.279,10.0,6.0,0.0,10.1,2047,1221,RTK FIXED
54.590,070843.00,10.48531900,76.44418300,10.48531900,76.44418295,658050.943,1159434.148,108.10,658050.935,1159434.150,33.2,9,658051.662,1159433.364,10.48530950,76.44418717,0.332,-0.283,10.0,5.9,0.5,9.4,2047,1214,RTK FIXED
54.636,070843.00,10.48531900,76.44418300,10.48531900,76.44418297,658050.943,1159434.148,108.10,658050.938,1159434.149,33.2,9,658051.662,1159433.364,10.48530950,76.44418717,0.332,-0.283,10.0,5.9,0.0,9.3,2047,1214,RTK FIXED
54.690,070843.00,10.48531900,76.44418300,10.48531900,76.44418298,658050.943,1159434.148,108.10,658050.940,1159434.148,33.2,9,658051.662,1159433.364,10.48530950,76.44418717,0.332,-0.283,10.0,5.9,0.0,9.2,2047,1214,RTK FIXED
54.736,070843.20,10.48531900,76.44418300,10.48531900,76.44418299,658050.887,1159434.218,108.10,658050.919,1159434.176,33.2,9,658051.662,1159433.364,10.48530950,76.44418717,0.332,-0.283,10.0,5.9,0.0,8.6,2047,1212,RTK FIXED
54.790,070843.20,10.48531900,76.44418300,10.48531900,76.44418299,658050.887,1159434.218,108.10,658050.906,1159434.193,33.2,9,658051.662,1159433.364,10.48530950,76.44418717,0.332,-0.283,10.0,5.9,-0.5,8.4,2047,1212,RTK FIXED
54.836,070843.40,10.48531900,76.44418400,10.48531900,76.44418340,658050.996,1159434.218,108.10,658050.942,1159434.203,33.2,9,658051.662,1159433.364,10.48530950,76.44418717,0.332,-0.284,10.0,5.9,0.0,8.5,2047,1211,RTK FIXED
54.890,070843.40,10.48531900,76.44418400,10.48531900,76.44418364,658050.996,1159434.218,108.10,658050.964,1159434.209,33.2,9,658051.662,1159433.364,10.48530950,76.44418717,0.332,-0.284,10.0,5.9,0.5,8.5,2047,1211,RTK FIXED
54.936,070843.40,10.48531900,76.44418400,10.48531900,76.44418378,658050.996,1159434.218,108.10,658050.977,1159434.213,33.2,9,658051.662,1159433.364,10.48530950,76.44418717,0.332,-0.284,10.0,5.9,0.0,7.6,2047,1211,RTK FIXED
54.990,070843.40,10.48531900,76.44418400,10.48531900,76.44418387,658050.996,1159434.218,108.10,658050.984,1159434.215,33.2,9,658051.662,1159433.364,10.48530950,76.44418717,0.332,-0.284,10.0,5.9,0.0,8.4,2047,1211,RTK FIXED
55.043,070843.40,10.48531900,76.44418400,10.48531900,76.44418392,658050.996,1159434.218,108.10,658050.989,1159434.216,33.2,9,658051.662,1159433.364,10.48530950,76.44418717,0.332,-0.284,10.0,5.9,-0.5,7.5,2047,1211,RTK FIXED
55.090,070843.60,10.48531900,76.44418400,10.48531900,76.44418395,658050.996,1159434.218,108.10,658050.992,1159434.217,34.3,9,658051.662,1159433.364,10.48530950,76.44418717,0.332,-0.284,10.0,5.9,0.5,8.5,2047,1211,RTK FIXED
55.144,070843.60,10.48531900,76.44418400,10.48531900,76.44418397,658050.996,1159434.218,108.10,658050.994,1159434.217,34.3,9,658051.662,1159433.364,10.48530950,76.44418717,0.332,-0.284,10.0,5.9,-0.5,7.5,2047,1211,RTK FIXED
55.190,070843.60,10.48531900,76.44418400,10.48531900,76.44418398,658050.996,1159434.218,108.10,658050.995,1159434.218,34.3,9,658051.662,1159433.364,10.48530950,76.44418717,0.332,-0.284,10.0,5.9,0.0,7.6,2047,1211,RTK FIXED
55.243,070843.60,10.48531900,76.44418400,10.48531900,76.44418399,658050.996,1159434.218,108.10,658050.995,1159434.218,34.3,9,658051.662,1159433.364,10.48530950,76.44418717,0.332,-0.284,10.0,5.9,0.5,8.0,2047,1211,RTK FIXED
55.290,070843.60,10.48531900,76.44418400,10.48531900,76.44418399,658050.996,1159434.218,108.10,658050.995,1159434.218,34.3,9,658051.662,1159433.364,10.48530950,76.44418717,0.332,-0.284,10.0,5.9,-0.5,7.0,2047,1211,RTK FIXED
55.344,070843.80,10.48531900,76.44418400,10.48531900,76.44418400,658051.000,1159434.212,108.10,658050.997,1159434.216,34.3,9,658051.662,1159433.364,10.48530950,76.44418717,0.332,-0.284,10.0,5.9,0.0,7.3,2047,1211,RTK FIXED
55.390,070843.80,10.48531900,76.44418400,10.48531900,76.44418400,658051.000,1159434.212,108.10,658050.998,1159434.214,34.3,9,658051.662,1159433.364,10.48530950,76.44418717,0.332,-0.284,10.0,5.9,0.0,7.1,2047,1211,RTK FIXED
55.444,070843.80,10.48531900,76.44418400,10.48531900,76.44418400,658051.000,1159434.212,108.10,658050.999,1159434.214,34.3,9,658051.662,1159433.364,10.48530950,76.44418717,0.332,-0.284,10.0,5.9,0.0,7.0,2047,1211,RTK FIXED
55.490,070843.80,10.48531900,76.44418400,10.48531900,76.44418400,658051.000,1159434.212,108.10,658050.999,1159434.213,34.3,9,658051.662,1159433.364,10.48530950,76.44418717,0.332,-0.284,10.0,5.9,0.0,7.6,2047,1211,RTK FIXED
55.544,070844.00,10.48531900,76.44418500,10.48531900,76.44418440,658051.109,1159434.213,108.10,658051.043,1159434.213,34.3,9,658051.662,1159433.364,10.48530950,76.44418717,0.332,-0.284,10.0,5.9,0.5,6.4,2047,1211,RTK FIXED
55.598,070844.00,10.48531900,76.44418500,10.48531900,76.44418464,658051.109,1159434.213,108.10,658051.070,1159434.213,34.3,9,658051.662,1159433.364,10.48530950,76.44418717,0.332,-0.284,10.0,5.9,0.0,7.5,2047,1211,RTK FIXED
55.644,070844.00,10.48531900,76.44418500,10.48531900,76.44418478,658051.109,1159434.213,108.10,658051.085,1159434.213,34.3,9,658051.662,1159433.364,10.48530950,76.44418717,0.332,-0.284,10.0,5.9,0.0,6.4,2047,1211,RTK FIXED
55.698,070844.20,10.48531900,76.44418500,10.48531900,76.44418487,658051.109,1159434.213,108.10,658051.095,1159434.213,25.3,9,658051.662,1159433.364,10.48530950,76.44418717,0.332,-0.284,10.0,5.9,0.0,6.5,2047,1211,RTK FIXED
55.743,070844.20,10.48531900,76.44418500,10.48531900,76.44418492,658051.109,1159434.213,108.10,658051.101,1159434.213,25.3,9,658051.662,1159433.364,10.48530950,76.44418717,0.332,-0.284,10.0,5.9,0.0,6.7,2047,1211,RTK FIXED
55.798,070844.20,10.48531900,76.44418500,10.48531900,76.44418495,658051.109,1159434.213,108.10,658051.104,1159434.213,25.3,9,658051.662,1159433.364,10.48530950,76.44418717,0.332,-0.284,10.0,5.9,-0.5,6.4,2047,1211,RTK FIXED
55.843,070844.20,10.48531900,76.44418500,10.48531900,76.44418497,658051.109,1159434.213,108.10,658051.106,1159434.213,25.3,9,658051.662,1159433.364,10.48530950,76.44418717,0.332,-0.284,10.0,5.9,0.5,6.6,2047,1211,RTK FIXED
55.898,070844.40,10.48531900,76.44418500,10.48531900,76.44418498,658051.082,1159434.264,108.10,658051.096,1159434.233,25.3,9,658051.662,1159433.364,10.48530950,76.44418717,0.332,-0.284,10.0,5.9,-0.5,6.3,2047,1211,RTK FIXED
55.944,070844.40,10.48531900,76.44418500,10.48531900,76.44418499,658051.082,1159434.264,108.10,658051.090,1159434.246,25.3,9,658051.662,1159433.364,10.48530950,76.44418717,0.332,-0.284,10.0,5.9,0.5,6.0,2047,1211,RTK FIXED
55.998,070844.40,10.48531900,76.44418500,10.48531900,76.44418499,658051.082,1159434.264,108.10,658051.087,1159434.253,25.3,9,658051.662,1159433.364,10.48530950,76.44418717,0.332,-0.284,10.0,5.9,-0.5,6.5,2047,1211,RTK FIXED
56.044,070844.40,10.48531900,76.44418500,10.48531900,76.44418500,658051.082,1159434.264,108.10,658051.085,1159434.257,25.3,9,658051.662,1159433.364,10.48530950,76.44418717,0.332,-0.284,10.0,5.9,0.5,6.5,2047,1211,RTK FIXED
56.097,070844.40,10.48531900,76.44418500,10.48531900,76.44418500,658051.082,1159434.264,108.10,658051.084,1159434.260,25.3,9,658051.662,1159433.364,10.48530950,76.44418717,0.332,-0.284,10.0,5.9,-0.5,6.1,2047,1211,RTK FIXED
56.152,070844.60,10.48531900,76.44418600,10.48531900,76.44418540,658051.191,1159434.265,108.10,658051.127,1159434.262,25.3,9,658051.662,1159433.364,10.48530950,76.44418717,0.332,-0.284,10.0,5.9,0.5,5.9,2047,1211,RTK FIXED
56.198,070844.60,10.48531900,76.44418600,10.48531900,76.44418564,658051.191,1159434.265,108.10,658051.152,1159434.263,25.3,9,658051.662,1159433.364,10.48530950,76.44418717,0.332,-0.284,10.0,5.9,-0.6,6.1,2047,1211,RTK FIXED
56.252,070844.60,10.48531900,76.44418600,10.48531900,76.44418578,658051.191,1159434.265,108.10,658051.168,1159434.264,25.3,9,658051.662,1159433.364,10.48530950,76.44418717,0.332,-0.284,10.0,5.9,0.5,6.0,2047,1211,RTK FIXED
56.297,070844.60,10.48531900,76.44418600,10.48531900,76.44418587,658051.191,1159434.265,108.10,658051.177,1159434.264,25.3,9,658051.662,1159433.364,10.48530950,76.44418717,0.332,-0.284,10.0,5.9,-0.6,6.1,2047,1211,RTK FIXED
56.352,070844.60,10.48531900,76.44418600,10.48531900,76.44418592,658051.191,1159434.265,108.10,658051.183,1159434.264,25.3,9,658051.662,1159433.364,10.48530950,76.44418717,0.332,-0.284,10.0,5.9,0.5,4.1,2047,1211,RTK FIXED
56.399,070844.80,10.48531900,76.44418600,10.48531900,76.44418595,658051.191,1159434.265,108.10,658051.186,1159434.264,25.5,9,658051.662,1159433.364,10.48530950,76.44418717,0.332,-0.284,10.0,5.9,-0.5,5.9,2047,1211,RTK FIXED
56.451,070844.80,10.48531900,76.44418600,10.48531900,76.44418597,658051.191,1159434.265,108.10,658051.188,1159434.264,25.5,9,658051.662,1159433.364,10.48530950,76.44418717,0.332,-0.284,10.0,5.9,0.5,5.7,2047,1211,RTK FIXED
56.498,070844.80,10.48531900,76.44418600,10.48531900,76.44418598,658051.191,1159434.265,108.10,658051.189,1159434.264,25.5,9,658051.662,1159433.364,10.48530950,76.44418717,0.332,-0.284,10.0,5.9,-0.5,5.9,2047,1211,RTK FIXED
56.553,070844.80,10.48531900,76.44418600,10.48531900,76.44418599,658051.191,1159434.265,108.10,658051.190,1159434.264,25.5,9,658051.662,1159433.364,10.48530950,76.44418717,0.332,-0.284,10.0,5.9,0.0,5.6,2047,1211,RTK FIXED
56.598,070845.00,10.48531900,76.44418600,10.48531900,76.44418599,658051.192,1159434.263,108.10,658051.191,1159434.264,25.5,9,658051.662,1159433.364,10.48530950,76.44418717,0.332,-0.284,10.0,5.9,0.0,5.9,2047,1211,RTK FIXED
56.652,070845.00,10.48531900,76.44418600,10.48531900,76.44418600,658051.192,1159434.263,108.10,658051.191,1159434.264,25.5,9,658051.662,1159433.364,10.48530950,76.44418717,0.332,-0.284,10.0,5.9,0.5,5.2,2047,1211,RTK FIXED
56.699,070845.00,10.48531900,76.44418600,10.48531900,76.44418600,658051.192,1159434.263,108.10,658051.191,1159434.264,25.5,9,658051.662,1159433.364,10.48530950,76.44418717,0.332,-0.284,10.0,5.9,-0.5,5.8,2047,1211,RTK FIXED
56.752,070845.00,10.48531900,76.44418600,10.48531900,76.44418600,658051.192,1159434.263,108.10,658051.191,1159434.264,25.5,9,658051.662,1159433.364,10.48530950,76.44418717,0.332,-0.284,10.0,5.9,0.5,5.7,2047,1211,RTK FIXED
56.806,070845.00,10.48531900,76.44418600,10.48531900,76.44418600,658051.192,1159434.263,108.10,658051.191,1159434.264,25.5,9,658051.662,1159433.364,10.48530950,76.44418717,0.332,-0.284,10.0,5.9,0.0,5.6,2047,1211,RTK FIXED
56.853,070845.20,10.48531800,76.44418600,10.48531860,76.44418600,658051.192,1159434.153,108.10,658051.192,1159434.219,25.5,9,658051.662,1159433.364,10.48530950,76.44418717,0.332,-0.284,10.0,5.9,-0.5,5.3,2047,1211,RTK FIXED
56.907,070845.40,10.48531800,76.44418700,10.48531836,76.44418640,658051.302,1159434.153,108.10,658051.236,1159434.193,6.4,9,658051.662,1159433.364,10.48530950,76.44418717,0.332,-0.284,10.0,5.9,0.5,5.6,2047,1211,RTK FIXED
56.952,070845.40,10.48531800,76.44418700,10.48531822,76.44418664,658051.302,1159434.153,108.10,658051.262,1159434.177,6.4,9,658051.662,1159433.364,10.48530950,76.44418717,0.332,-0.284,10.0,5.9,-0.5,5.4,2047,1211,RTK FIXED
57.007,070845.60,10.48531800,76.44418700,10.48531813,76.44418678,658051.271,1159434.272,108.10,658051.266,1159434.215,6.4,9,658051.662,1159433.364,10.48530950,76.44418717,0.332,-0.284,10.0,5.9,0.5,5.5,2047,1211,RTK FIXED
57.052,070845.60,10.48531800,76.44418700,10.48531808,76.44418687,658051.271,1159434.272,108.10,658051.268,1159434.238,6.4,9,658051.662,1159433.364,10.48530950,76.44418717,0.332,-0.284,10.0,5.9,0.0,5.5,2047,1211,RTK FIXED
57.106,070845.60,10.48531800,76.44418700,10.48531805,76.44418692,658051.271,1159434.272,108.10,658051.269,1159434.252,6.4,9,658051.662,1159433.364,10.48530950,76.44418717,0.332,-0.284,10.0,5.9,0.0,5.6,2047,1211,RTK FIXED
57.153,070845.60,10.48531800,76.44418700,10.48531803,76.44418695,658051.271,1159434.272,108.10,658051.270,1159434.260,6.4,9,658051.662,1159433.364,10.48530950,76.44418717,0.332,-0.284,10.0,5.9,0.0,5.4,2047,1211,RTK FIXED
57.206,070845.60,10.48531800,76.44418700,10.48531802,76.44418697,658051.271,1159434.272,108.10,658051.270,1159434.265,6.4,9,658051.662,1159433.364,10.48530950,76.44418717,0.332,-0.284,10.0,5.9,0.0,5.2,2047,1211,RTK FIXED
57.253,070845.60,10.48531800,76.44418700,10.48531801,76.44418698,658051.271,1159434.272,108.10,658051.271,1159434.268,6.4,9,658051.662,1159433.364,10.48530950,76.44418717,0.332,-0.284,10.0,5.9,0.0,5.3,2047,1211,RTK FIXED
57.307,070845.80,10.48531800,76.44418700,10.48531801,76.44418699,658051.271,1159434.272,108.10,658051.271,1159434.270,6.4,9,658051.662,1159433.364,10.48530950,76.44418717,0.332,-0.284,10.0,5.9,0.0,5.1,2047,1211,RTK FIXED
57.360,070845.80,10.48531800,76.44418700,10.48531800,76.44418699,658051.271,1159434.272,108.10,658051.271,1159434.271,6.4,9,658051.662,1159433.364,10.48530950,76.44418717,0.332,-0.284,10.0,5.9,-0.5,5.7,2047,1211,RTK FIXED
57.407,070846.00,10.48531800,76.44418700,10.48531800,76.44418700,658051.271,1159434.272,108.10,658051.271,1159434.271,6.4,9,658051.662,1159433.364,10.48530950,76.44418717,0.332,-0.284,10.0,5.9,0.5,5.3,2047,1211,RTK FIXED
57.460,070846.00,10.48531800,76.44418700,10.48531800,76.44418700,658051.271,1159434.272,108.10,658051.271,1159434.272,6.4,9,658051.662,1159433.364,10.48530950,76.44418717,0.332,-0.284,10.0,5.9,-0.5,5.6,2047,1211,RTK FIXED
57.506,070846.00,10.48531800,76.44418700,10.48531800,76.44418700,658051.271,1159434.272,108.10,658051.271,1159434.272,6.4,9,658051.662,1159433.364,10.48530950,76.44418717,0.332,-0.284,10.0,5.9,0.5,5.5,2047,1211,RTK FIXED
57.561,070846.20,10.48531700,76.44418700,10.48531760,76.44418700,658051.272,1159434.162,108.10,658051.271,1159434.228,6.4,9,658051.662,1159433.364,10.48530950,76.44418717,0.332,-0.284,10.0,5.9,0.0,5.0,2047,1211,RTK FIXED
57.606,070846.20,10.48531700,76.44418700,10.48531736,76.44418700,658051.272,1159434.162,108.10,658051.271,1159434.202,6.4,9,658051.662,1159433.364,10.48530950,76.44418717,0.332,-0.284,10.0,5.9,0.0,5.0,2047,1211,RTK FIXED
57.660,070846.20,10.48531700,76.44418700,10.48531722,76.44418700,658051.272,1159434.162,108.10,658051.271,1159434.186,6.4,9,658051.662,1159433.364,10.48530950,76.44418717,0.332,-0.284,10.0,5.9,0.0,5.6,2047,1211,RTK FIXED
57.706,070846.20,10.48531700,76.44418700,10.48531713,76.44418700,658051.272,1159434.162,108.10,658051.272,1159434.176,6.4,9,658051.662,1159433.364,10.48530950,76.44418717,0.332,-0.284,10.0,5.9,-0.5,4.9,2047,1211,RTK FIXED
57.761,070846.40,10.48531700,76.44418800,10.48531708,76.44418740,658051.381,1159434.162,108.10,658051.315,1159434.171,5.4,9,658051.662,1159433.364,10.48530950,76.44418717,0.332,-0.284,10.0,5.9,0.5,5.0,2047,1211,RTK FIXED
57.815,070846.40,10.48531700,76.44418800,10.48531705,76.44418764,658051.381,1159434.162,108.10,658051.342,1159434.167,5.4,9,658051.662,1159433.364,10.48530950,76.44418717,0.332,-0.284,10.0,5.9,0.0,5.1,2047,1211,RTK FIXED
57.861,070846.40,10.48531700,76.44418800,10.48531703,76.44418778,658051.381,1159434.162,108.10,658051.357,1159434.165,5.4,9,658051.662,1159433.364,10.48530950,76.44418717,0.332,-0.284,10.0,5.9,0.0,4.9,2047,1211,RTK FIXED
57.914,070846.40,10.48531700,76.44418800,10.48531702,76.44418787,658051.381,1159434.162,108.10,658051.367,1159434.164,5.4,9,658051.662,1159433.364,10.48530950,76.44418717,0.332,-0.284,10.0,5.9,0.0,5.2,2047,1211,RTK FIXED
57.961,070846.40,10.48531700,76.44418800,10.48531701,76.44418792,658051.381,1159434.162,108.10,658051.373,1159434.163,5.4,9,658051.662,1159433.364,10.48530950,76.44418717,0.332,-0.284,10.0,5.9,-0.5,2.7,2047,1211,RTK FIXED
58.015,070846.40,10.48531700,76.44418800,10.48531701,76.44418795,658051.381,1159434.162,108.10,658051.376,1159434.163,5.4,9,658051.662,1159433.364,10.48530950,76.44418717,0.332,-0.284,10.0,5.9,0.5,4.6,2047,1211,RTK FIXED
58.061,070846.60,10.48531700,76.44418800,10.48531700,76.44418797,658051.381,1159434.168,108.10,658051.378,1159434.165,5.4,9,658051.662,1159433.364,10.48530950,76.44418717,0.332,-0.284,10.0,5.9,-0.5,4.8,2047,1211,RTK FIXED
58.114,070846.60,10.48531700,76.44418800,10.48531700,76.44418798,658051.381,1159434.168,108.10,658051.379,1159434.166,5.4,9,658051.662,1159433.364,10.48530950,76.44418717,0.332,-0.284,10.0,5.9,0.5,4.7,2047,1211,RTK FIXED
58.161,070846.60,10.48531700,76.44418800,10.48531700,76.44418799,658051.381,1159434.168,108.10,658051.380,1159434.167,5.4,9,658051.662,1159433.364,10.48530950,76.44418717,0.332,-0.284,10.0,5.9,-0.5,4.8,2047,1211,RTK FIXED
58.214,070846.60,10.48531700,76.44418800,10.48531700,76.44418799,658051.381,1159434.168,108.10,658051.380,1159434.168,5.4,9,658051.662,1159433.364,10.48530950,76.44418717,0.332,-0.284,10.0,5.9,0.5,4.7,2047,1211,RTK FIXED
58.261,070846.60,10.48531700,76.44418800,10.48531700,76.44418800,658051.381,1159434.168,108.10,658051.380,1159434.168,5.4,9,658051.662,1159433.364,10.48530950,76.44418717,0.332,-0.284,10.0,5.9,-0.5,4.8,2047,1211,RTK FIXED
58.316,070846.80,10.48531600,76.44418800,10.48531660,76.44418800,658051.381,1159434.058,108.10,658051.381,1159434.124,5.4,9,658051.662,1159433.364,10.48530950,76.44418717,0.332,-0.284,10.0,5.9,0.0,5.0,2047,1211,RTK FIXED
58.360,070846.80,10.48531600,76.44418800,10.48531636,76.44418800,658051.381,1159434.058,108.10,658051.381,1159434.097,5.4,9,658051.662,1159433.364,10.48530950,76.44418717,0.332,-0.284,10.0,5.9,0.0,4.5,2047,1211,RTK FIXED
58.415,070846.80,10.48531600,76.44418800,10.48531622,76.44418800,658051.381,1159434.058,108.10,658051.381,1159434.082,5.4,9,658051.662,1159433.364,10.48530950,76.44418717,0.332,-0.284,10.0,5.9,0.0,4.6,2047,1211,RTK FIXED
58.469,070846.80,10.48531600,76.44418800,10.48531613,76.44418800,658051.381,1159434.058,108.10,658051.381,1159434.072,5.4,9,658051.662,1159433.364,10.48530950,76.44418717,0.332,-0.284,10.0,5.9,0.5,4.7,2047,1211,RTK FIXED
58.515,070846.80,10.48531600,76.44418800,10.48531608,76.44418800,658051.381,1159434.058,108.10,658051.381,1159434.066,5.4,9,658051.662,1159433.364,10.48530950,76.44418717,0.332,-0.284,10.0,5.9,-0.5,4.9,2047,1211,RTK FIXED
58.570,070847.00,10.48531600,76.44418800,10.48531605,76.44418800,658051.381,1159434.058,108.10,658051.381,1159434.063,-14.0,9,658051.662,1159433.364,10.48530950,76.44418717,0.332,-0.284,10.0,5.9,0.0,5.0,2047,1211,RTK FIXED
58.615,070847.00,10.48531600,76.44418800,10.48531603,76.44418800,658051.381,1159434.058,108.10,658051.381,1159434.061,-14.0,9,658051.662,1159433.364,10.48530950,76.44418717,0.332,-0.284,10.0,5.9,0.5,4.4,2047,1211,RTK FIXED
58.668,070847.00,10.48531600,76.44418800,10.48531602,76.44418800,658051.381,1159434.058,108.10,658051.381,1159434.060,-14.0,9,658051.662,1159433.364,10.48530950,76.44418717,0.332,-0.284,10.0,5.9,0.0,4.7,2047,1211,RTK FIXED
58.716,070847.20,10.48531600,76.44418800,10.48531601,76.44418800,658051.394,1159434.182,108.10,658051.386,1159434.109,-14.0,9,658051.662,1159433.364,10.48530950,76.44418717,0.332,-0.284,10.0,5.9,-0.5,4.7,2047,1211,RTK FIXED
58.768,070847.20,10.48531600,76.44418800,10.48531601,76.44418800,658051.394,1159434.182,108.10,658051.389,1159434.138,-14.0,9,658051.662,1159433.364,10.48530950,76.44418717,0.332,-0.284,10.0,5.9,0.5,3.8,2047,1211,RTK FIXED
58.814,070847.20,10.48531600,76.44418800,10.48531600,76.44418800,658051.394,1159434.182,108.10,658051.391,1159434.156,-14.0,9,658051.662,1159433.364,10.48530950,76.44418717,0.332,-0.284,10.0,5.9,-0.5,4.9,2047,1211,RTK FIXED
58.870,070847.40,10.48531500,76.44418800,10.48531560,76.44418800,658051.394,1159434.072,108.10,658051.392,1159434.122,-14.0,9,658051.662,1159433.364,10.48530950,76.44418717,0.332,-0.284,10.0,5.9,0.0,4.5,2047,1211,RTK FIXED
58.915,070847.40,10.48531500,76.44418800,10.48531536,76.44418800,658051.394,1159434.072,108.10,658051.393,1159434.102,-14.0,9,658051.662,1159433.364,10.48530950,76.44418717,0.332,-0.284,10.0,5.9,0.0,5.0,2047,1211,RTK FIXED
58.969,070847.40,10.48531500,76.44418800,10.48531522,76.44418800,658051.394,1159434.072,108.10,658051.394,1159434.090,-14.0,9,658051.662,1159433.364,10.48530950,76.44418717,0.332,-0.284,10.0,5.9,0.0,4.1,2047,1211,RTK FIXED
59.023,070847.40,10.48531500,76.44418800,10.48531513,76.44418800,658051.394,1159434.072,108.10,658051.394,1159434.083,-14.0,9,658051.662,1159433.364,10.48530950,76.44418717,0.332,-0.284,10.0,5.9,0.0,4.6,2047,1211,RTK FIXED
59.070,070847.40,10.48531500,76.44418800,10.48531508,76.44418800,658051.394,1159434.072,108.10,658051.394,1159434.078,-14.0,9,658051.662,1159433.364,10.48530950,76.44418717,0.332,-0.284,10.0,5.9,0.5,4.3,2047,1211,RTK FIXED
59.123,070847.60,10.48531500,76.44418800,10.48531505,76.44418800,658051.394,1159434.072,108.10,658051.394,1159434.076,-14.0,9,658051.662,1159433.364,10.48530950,76.44418717,0.332,-0.284,10.0,5.9,0.0,4.6,2047,1211,RTK FIXED
59.170,070847.60,10.48531500,76.44418800,10.48531503,76.44418800,658051.394,1159434.072,108.10,658051.394,1159434.074,-14.0,9,658051.662,1159433.364,10.48530950,76.44418717,0.332,-0.284,10.0,5.9,-0.5,3.8,2047,1211,RTK FIXED
59.223,070847.60,10.48531500,76.44418800,10.48531502,76.44418800,658051.394,1159434.072,108.10,658051.394,1159434.073,-14.0,9,658051.662,1159433.364,10.48530950,76.44418717,0.332,-0.284,10.0,5.9,0.5,4.7,2047,1211,RTK FIXED
59.270,070847.60,10.48531500,76.44418800,10.48531501,76.44418800,658051.394,1159434.072,108.10,658051.394,1159434.072,-14.0,9,658051.662,1159433.364,10.48530950,76.44418717,0.332,-0.284,10.0,5.9,-0.5,4.3,2047,1211,RTK FIXED
59.324,070847.80,10.48531500,76.44418800,10.48531501,76.44418800,658051.394,1159434.072,108.10,658051.394,1159434.072,-14.0,9,658051.662,1159433.364,10.48530950,76.44418717,0.332,-0.284,10.0,5.9,0.0,4.6,2047,1211,RTK FIXED
59.370,070847.80,10.48531500,76.44418800,10.48531500,76.44418800,658051.394,1159434.072,108.10,658051.394,1159434.072,-14.0,9,658051.662,1159433.364,10.48530950,76.44418717,0.332,-0.284,10.0,5.9,0.5,4.9,2047,1211,RTK FIXED
59.423,070847.80,10.48531500,76.44418800,10.48531500,76.44418800,658051.394,1159434.072,108.10,658051.394,1159434.072,-14.0,9,658051.662,1159433.364,10.48530950,76.44418717,0.332,-0.284,10.0,5.9,-0.5,4.2,2047,1211,RTK FIXED
59.477,070847.80,10.48531500,76.44418800,10.48531500,76.44418800,658051.394,1159434.072,108.10,658051.394,1159434.072,-14.0,9,658051.662,1159433.364,10.48530950,76.44418717,0.332,-0.284,10.0,5.9,0.0,5.1,2047,1211,RTK FIXED
59.523,070847.80,10.48531500,76.44418800,10.48531500,76.44418800,658051.394,1159434.072,108.10,658051.394,1159434.072,-14.0,9,658051.662,1159433.364,10.48530950,76.44418717,0.332,-0.284,10.0,5.9,0.5,4.3,2047,1211,RTK FIXED
59.578,070848.00,10.48531400,76.44418800,10.48531460,76.44418800,658051.395,1159433.961,108.00,658051.395,1159434.027,-14.0,9,658051.662,1159433.364,10.48530950,76.44418717,0.332,-0.284,10.0,5.9,-0.5,4.6,2047,1211,RTK FIXED
59.623,070848.00,10.48531400,76.44418800,10.48531436,76.44418800,658051.395,1159433.961,108.00,658051.395,1159434.001,-14.0,9,658051.662,1159433.364,10.48530950,76.44418717,0.332,-0.284,10.0,5.9,0.5,4.4,2047,1211,RTK FIXED
59.678,070848.00,10.48531400,76.44418800,10.48531422,76.44418800,658051.395,1159433.961,108.00,658051.395,1159433.985,-14.0,9,658051.662,1159433.364,10.48530950,76.44418717,0.332,-0.284,10.0,5.9,0.0,4.6,2047,1211,RTK FIXED
59.724,070848.20,10.48531400,76.44418800,10.48531413,76.44418800,658051.395,1159433.961,108.00,658051.395,1159433.975,-32.1,9,658051.662,1159433.364,10.48530950,76.44418717,0.332,-0.284,10.0,5.9,-0.5,4.3,2047,1211,RTK FIXED
59.778,070848.20,10.48531400,76.44418800,10.48531408,76.44418800,658051.395,1159433.961,108.00,658051.395,1159433.970,-32.1,9,658051.662,1159433.364,10.48530950,76.44418717,0.332,-0.284,10.0,5.9,0.5,4.7,2047,1211,RTK FIXED
59.824,070848.20,10.48531400,76.44418800,10.48531405,76.44418800,658051.395,1159433.961,108.00,658051.395,1159433.966,-32.1,9,658051.662,1159433.364,10.48530950,76.44418717,0.332,-0.284,10.0,5.9,-0.5,4.3,2047,1211,RTK FIXED
59.878,070848.40,10.48531400,76.44418800,10.48531403,76.44418800,658051.443,1159434.067,108.00,658051.414,1159434.006,-32.1,9,658051.662,1159433.364,10.48530950,76.44418717,0.332,-0.284,10.0,5.9,0.5,4.6,2047,1211,RTK FIXED
59.923,070848.40,10.48531400,76.44418800,10.48531402,76.44418800,658051.443,1159434.067,108.00,658051.426,1159434.031,-32.1,9,658051.662,1159433.364,10.48530950,76.44418717,0.332,-0.284,10.0,5.9,-0.5,4.4,2047,1211,RTK FIXED
59.978,070848.40,10.48531400,76.44418800,10.48531401,76.44418800,658051.443,1159434.067,108.00,658051.433,1159434.045,-32.1,9,658051.662,1159433.364,10.48530950,76.44418717,0.332,-0.284,10.0,5.9,0.5,4.6,2047,1211,RTK FIXED
60.031,070848.40,10.48531400,76.44418800,10.48531401,76.44418800,658051.443,1159434.067,108.00,658051.437,1159434.054,-32.1,9,658051.662,1159433.364,10.48530950,76.44418717,0.332,-0.284,10.0,5.9,0.0,4.2,2047,1211,RTK FIXED
60.078,070848.60,10.48531300,76.44418700,10.48531360,76.44418760,658051.334,1159433.956,108.10,658051.396,1159434.015,-32.1,9,658051.662,1159433.364,10.48530950,76.44418717,0.332,-0.284,10.0,5.9,-0.5,4.8,2047,1211,RTK FIXED
60.131,070848.60,10.48531300,76.44418700,10.48531336,76.44418736,658051.334,1159433.956,108.10,658051.371,1159433.991,-32.1,9,658051.662,1159433.364,10.48530950,76.44418717,0.332,-0.284,10.0,5.9,0.5,4.2,2047,1211,RTK FIXED
60.178,070848.60,10.48531300,76.44418700,10.48531322,76.44418722,658051.334,1159433.956,108.10,658051.357,1159433.977,-32.1,9,658051.662,1159433.364,10.48530950,76.44418717,0.332,-0.284,10.0,5.9,-0.5,4.9,2047,1211,RTK FIXED
60.232,070848.60,10.48531300,76.44418700,10.48531313,76.44418713,658051.334,1159433.956,108.10,658051.348,1159433.969,-32.1,9,658051.662,1159433.364,10.48530950,76.44418717,0.332,-0.284,10.0,5.9,0.0,4.6,2047,1211,RTK FIXED
60.278,070848.60,10.48531300,76.44418700,10.48531308,76.44418708,658051.334,1159433.956,108.10,658051.342,1159433.963,-32.1,9,658051.662,1159433.364,10.48530950,76.44418717,0.332,-0.284,10.0,5.9,0.0,4.3,2047,1211,RTK FIXED
60.331,070848.80,10.48531300,76.44418700,10.48531305,76.44418705,658051.334,1159433.956,108.10,658051.339,1159433.960,-32.1,9,658051.662,1159433.364,10.48530950,76.44418717,0.332,-0.284,10.0,5.9,0.0,4.2,2047,1211,RTK FIXED
60.377,070848.80,10.48531300,76.44418700,10.48531303,76.44418703,658051.334,1159433.956,108.10,658051.337,1159433.959,-32.1,9,658051.662,1159433.364,10.48530950,76.44418717,0.332,-0.284,10.0,5.9,0.0,4.4,2047,1211,RTK FIXED
60.431,070848.80,10.48531300,76.44418700,10.48531302,76.44418702,658051.334,1159433.956,108.10,658051.336,1159433.957,-32.1,9,658051.662,1159433.364,10.48530950,76.44418717,0.332,-0.284,10.0,5.9,0.0,4.6,2047,1211,RTK FIXED
60.478,070849.00,10.48531300,76.44418700,10.48531301,76.44418701,658051.334,1159433.956,108.00,658051.335,1159433.957,-32.1,9,658051.662,1159433.364,10.48530950,76.44418717,0.332,-0.284,10.0,5.9,0.5,4.7,2047,1211,RTK FIXED
60.532,070849.00,10.48531300,76.44418700,10.48531301,76.44418701,658051.334,1159433.956,108.00,658051.335,1159433.956,-32.1,9,658051.662,1159433.364,10.48530950,76.44418717,0.332,-0.284,10.0,5.9,-0.5,4.2,2047,1211,RTK FIXED
60.586,070849.20,10.48531200,76.44418700,10.48531260,76.44418700,658051.335,1159433.845,108.00,658051.335,1159433.912,-58.4,9,658051.662,1159433.364,10.48530950,76.44418717,0.366,-0.073,10.0,8.9,0.0,4.6,2047,1661,RTK FIXED
60.632,070849.20,10.48531200,76.44418700,10.48531236,76.44418700,658051.335,1159433.845,108.00,658051.335,1159433.885,-58.4,9,658051.662,1159433.364,10.48530950,76.44418717,0.366,-0.073,10.0,8.9,0.0,4.4,2047,1815,RTK FIXED
60.686,070849.20,10.48531200,76.44418700,10.48531222,76.44418700,658051.335,1159433.845,108.00,658051.335,1159433.869,-58.4,9,658051.662,1159433.364,10.48530950,76.44418717,0.366,-0.073,10.0,8.9,0.0,5.1,2047,1815,RTK FIXED
60.731,070849.20,10.48531200,76.44418700,10.48531213,76.44418700,658051.335,1159433.845,108.00,658051.335,1159433.860,-58.4,9,658051.662,1159433.364,10.48530950,76.44418717,0.366,-0.073,10.0,8.9,0.0,7.1,2047,1815,RTK FIXED
60.787,070849.40,10.48531200,76.44418700,10.48531208,76.44418700,658051.458,1159433.960,108.10,658051.384,1159433.900,-58.4,9,658051.662,1159433.364,10.48530950,76.44418717,0.365,-0.040,10.0,9.4,0.0,6.8,2047,1916,RTK FIXED
60.831,070849.40,10.48531200,76.44418700,10.48531205,76.44418700,658051.458,1159433.960,108.10,658051.414,1159433.924,-58.4,9,658051.662,1159433.364,10.48530950,76.44418717,0.365,-0.040,10.0,9.4,0.0,7.3,2047,1916,RTK FIXED
60.886,070849.40,10.48531200,76.44418700,10.48531203,76.44418700,658051.458,1159433.960,108.10,658051.431,1159433.939,-58.4,9,658051.662,1159433.364,10.48530950,76.44418717,0.365,-0.040,10.0,9.4,0.0,11.5,2047,1916,RTK FIXED
60.931,070849.40,10.48531200,76.44418700,10.48531202,76.44418700,658051.458,1159433.960,108.10,658051.442,1159433.947,-58.4,9,658051.662,1159433.364,10.48530950,76.44418717,0.365,-0.040,10.0,9.4,0.5,11.0,2047,1916,RTK FIXED
60.986,070849.40,10.48531200,76.44418700,10.48531201,76.44418700,658051.458,1159433.960,108.10,658051.448,1159433.953,-58.4,9,658051.662,1159433.364,10.48530950,76.44418717,0.365,-0.040,10.0,9.4,-0.5,11.0,2047,1916,RTK FIXED
61.032,070849.40,10.48531200,76.44418700,10.48531201,76.44418700,658051.458,1159433.960,108.10,658051.452,1159433.956,-58.4,9,658051.662,1159433.364,10.48530950,76.44418717,0.365,-0.040,10.0,9.4,0.0,13.6,2047,1916,RTK FIXED
61.086,070849.60,10.48531200,76.44418700,10.48531200,76.44418700,658051.458,1159433.960,108.10,658051.454,1159433.958,-58.4,9,658051.662,1159433.364,10.48530950,76.44418717,0.364,-0.044,10.0,9.3,0.5,14.8,2047,1904,RTK FIXED
61.132,070849.60,10.48531200,76.44418700,10.48531200,76.44418700,658051.458,1159433.960,108.10,658051.456,1159433.959,-58.4,9,658051.662,1159433.364,10.48530950,76.44418717,0.364,-0.044,10.0,9.3,-0.5,15.3,2047,1904,RTK FIXED
61.186,070849.60,10.48531200,76.44418700,10.48531200,76.44418700,658051.458,1159433.960,108.10,658051.457,1159433.959,-58.4,9,658051.662,1159433.364,10.48530950,76.44418717,0.364,-0.044,10.0,9.3,0.5,15.7,2047,1904,RTK FIXED
61.239,070849.60,10.48531200,76.44418700,10.48531200,76.44418700,658051.458,1159433.960,108.10,658051.457,1159433.960,-58.4,9,658051.662,1159433.364,10.48530950,76.44418717,0.364,-0.044,10.0,9.3,0.0,15.5,2047,1904,RTK FIXED
61.287,070849.80,10.48531200,76.44418600,10.48531200,76.44418660,658051.348,1159433.960,108.10,658051.414,1159433.960,-58.4,9,658051.662,1159433.364,10.48530950,76.44418717,0.365,-0.036,10.0,9.4,-0.5,15.1,2047,1929,RTK FIXED
61.339,070849.80,10.48531200,76.44418600,10.48531200,76.44418636,658051.348,1159433.960,108.10,658051.387,1159433.960,-58.4,9,658051.662,1159433.364,10.48530950,76.44418717,0.365,-0.036,10.0,9.4,0.5,16.0,2047,1929,RTK FIXED
61.387,070849.80,10.48531200,76.44418600,10.48531200,76.44418622,658051.348,1159433.960,108.10,658051.372,1159433.960,-58.4,9,658051.662,1159433.364,10.48530950,76.44418717,0.365,-0.036,10.0,9.4,0.0,16.2,2047,1929,RTK FIXED
61.439,070849.80,10.48531200,76.44418600,10.48531200,76.44418613,658051.348,1159433.960,108.10,658051.362,1159433.960,-58.4,9,658051.662,1159433.364,10.48530950,76.44418717,0.365,-0.036,10.0,9.4,-0.5,15.7,2047,1929,RTK FIXED
61.487,070849.80,10.48531200,76.44418600,10.48531200,76.44418608,658051.348,1159433.960,108.10,658051.357,1159433.960,-58.4,9,658051.662,1159433.364,10.48530950,76.44418717,0.365,-0.036,10.0,9.4,0.0,12.7,2047,1929,RTK FIXED
61.541,070850.00,10.48531100,76.44418600,10.48531160,76.44418605,658051.349,1159433.849,108.10,658051.354,1159433.916,-58.4,9,658051.662,1159433.364,10.48530950,76.44418717,0.366,-0.019,10.0,9.7,0.0,16.2,2047,1983,RTK FIXED
61.586,070850.00,10.48531100,76.44418600,10.48531136,76.44418603,658051.349,1159433.849,108.10,658051.352,1159433.889,-58.4,9,658051.662,1159433.364,10.48530950,76.44418717,0.366,-0.019,10.0,9.7,0.6,16.7,2047,1983,RTK FIXED
61.639,070850.00,10.48531100,76.44418600,10.48531122,76.44418602,658051.349,1159433.849,108.10,658051.351,1159433.873,-58.4,9,658051.662,1159433.364,10.48530950,76.44418717,0.366,-0.019,10.0,9.7,0.0,14.9,2047,1983,RTK FIXED
61.686,070850.00,10.48531100,76.44418600,10.48531113,76.44418601,658051.349,1159433.849,108.10,658051.350,1159433.864,-58.4,9,658051.662,1159433.364,10.48530950,76.44418717,0.366,-0.019,10.0,9.7,-0.5,17.2,2047,1983,RTK FIXED
61.740,070850.00,10.48531100,76.44418600,10.48531108,76.44418601,658051.349,1159433.849,108.10,658051.349,1159433.858,-58.4,9,658051.662,1159433.364,10.48530950,76.44418717,0.366,-0.019,10.0,9.7,0.5,17.1,2047,1983,RTK FIXED
61.795,070850.20,10.48531100,76.44418600,10.48531105,76.44418600,658051.349,1159433.849,108.10,658051.349,1159433.855,-58.4,9,658051.662,1159433.364,10.48530950,76.44418717,0.366,-0.006,10.0,9.9,-0.5,17.0,2047,2026,RTK FIXED
61.839,070850.20,10.48531100,76.44418600,10.48531103,76.44418600,658051.349,1159433.849,108.10,658051.349,1159433.852,-58.4,9,658051.662,1159433.364,10.48530950,76.44418717,0.366,-0.006,10.0,9.9,0.6,17.9,2047,2026,RTK FIXED
61.895,070850.20,10.48531100,76.44418600,10.48531102,76.44418600,658051.349,1159433.849,108.10,658051.349,1159433.851,-58.4,9,658051.662,1159433.364,10.48530950,76.44418717,0.366,-0.006,10.0,9.9,0.0,17.3,2047,2026,RTK FIXED
61.940,070850.20,10.48531100,76.44418600,10.48531101,76.44418600,658051.349,1159433.849,108.10,658051.349,1159433.850,-58.4,9,658051.662,1159433.364,10.48530950,76.44418717,0.366,-0.006,10.0,9.9,0.0,16.2,2047,2026,RTK FIXED
61.995,070850.40,10.48531100,76.44418600,10.48531101,76.44418600,658051.349,1159433.849,108.10,658051.349,1159433.850,-58.4,9,658051.662,1159433.364,10.48530950,76.44418717,0.366,-0.002,10.0,10.0,0.0,17.7,2047,2042,RTK FIXED
62.039,070850.40,10.48531100,76.44418600,10.48531100,76.44418600,658051.349,1159433.849,108.10,658051.349,1159433.850,-58.4,9,658051.662,1159433.364,10.48530950,76.44418717,0.366,-0.002,10.0,10.0,-0.6,18.7,2047,2042,RTK FIXED
62.094,070850.40,10.48531100,76.44418600,10.48531100,76.44418600,658051.349,1159433.849,108.10,658051.349,1159433.850,-58.4,9,658051.662,1159433.364,10.48530950,76.44418717,0.366,-0.002,10.0,10.0,0.0,16.7,2047,2042,RTK FIXED
62.140,070850.40,10.48531100,76.44418600,10.48531100,76.44418600,658051.349,1159433.849,108.10,658051.349,1159433.849,-58.4,9,658051.662,1159433.364,10.48530950,76.44418717,0.366,-0.002,10.0,10.0,0.0,18.5,2047,2042,RTK FIXED
62.195,070850.40,10.48531100,76.44418600,10.48531100,76.44418600,658051.349,1159433.849,108.10,658051.349,1159433.849,-58.4,9,658051.662,1159433.364,10.48530950,76.44418717,0.366,-0.002,10.0,10.0,0.5,18.4,2047,2042,RTK FIXED
62.249,070850.60,10.48531000,76.44418600,10.48531060,76.44418600,658051.349,1159433.739,108.10,658051.349,1159433.805,-66.3,9,658051.662,1159433.364,10.48530950,76.44418717,0.362,0.049,9.2,10.0,0.0,19.0,1888,2047,RTK FIXED
62.294,070850.60,10.48531000,76.44418600,10.48531036,76.44418600,658051.349,1159433.739,108.10,658051.349,1159433.779,-66.3,9,658051.662,1159433.364,10.48530950,76.44418717,0.362,0.049,9.2,10.0,0.0,18.3,1888,2047,RTK FIXED
62.347,070850.60,10.48531000,76.44418600,10.48531022,76.44418600,658051.349,1159433.739,108.10,658051.349,1159433.763,-66.3,9,658051.662,1159433.364,10.48530950,76.44418717,0.362,0.049,9.2,10.0,0.0,18.1,1888,2047,RTK FIXED
62.395,070850.80,10.48531000,76.44418600,10.48531013,76.44418600,658051.395,1159433.761,108.10,658051.368,1159433.762,-66.3,9,658051.662,1159433.364,10.48530950,76.44418717,0.362,0.060,9.0,10.0,0.0,19.0,1852,2047,RTK FIXED
62.448,070850.80,10.48531000,76.44418600,10.48531008,76.44418600,658051.395,1159433.761,108.10,658051.379,1159433.762,-66.3,9,658051.662,1159433.364,10.48530950,76.44418717,0.362,0.060,9.0,10.0,0.0,16.6,1852,2047,RTK FIXED
62.495,070850.80,10.48531000,76.44418600,10.48531005,76.44418600,658051.395,1159433.761,108.10,658051.385,1159433.761,-66.3,9,658051.662,1159433.364,10.48530950,76.44418717,0.362,0.060,9.0,10.0,0.0,18.1,1852,2047,RTK FIXED
62.549,070851.00,10.48531000,76.44418600,10.48531003,76.44418600,658051.395,1159433.761,108.10,658051.389,1159433.761,-66.3,9,658051.662,1159433.364,10.48530950,76.44418717,0.362,0.063,9.0,10.0,0.0,18.5,1844,2047,RTK FIXED
62.595,070851.00,10.48531000,76.44418600,10.48531002,76.44418600,658051.395,1159433.761,108.10,658051.392,1159433.761,-66.3,9,658051.662,1159433.364,10.48530950,76.44418717,0.362,0.063,9.0,10.0,-0.5,18.5,1844,2047,RTK FIXED
62.648,070851.00,10.48531000,76.44418600,10.48531001,76.44418600,658051.395,1159433.761,108.10,658051.393,1159433.761,-66.3,9,658051.662,1159433.364,10.48530950,76.44418717,0.362,0.063,9.0,10.0,0.0,18.2,1844,2047,RTK FIXED
62.694,070851.00,10.48531000,76.44418600,10.48531001,76.44418600,658051.395,1159433.761,108.10,658051.394,1159433.761,-66.3,9,658051.662,1159433.364,10.48530950,76.44418717,0.362,0.063,9.0,10.0,0.5,18.5,1844,2047,RTK FIXED
62.749,070851.20,10.48530900,76.44418600,10.48530960,76.44418600,658051.396,1159433.651,108.10,658051.395,1159433.717,-67.5,9,658051.662,1159433.364,10.48530950,76.44418717,0.359,0.080,8.8,10.0,-0.5,16.1,1792,2047,RTK FIXED
62.794,070851.20,10.48530900,76.44418600,10.48530936,76.44418600,658051.396,1159433.651,108.10,658051.395,1159433.690,-67.5,9,658051.662,1159433.364,10.48530950,76.44418717,0.359,0.080,8.8,10.0,0.6,17.7,1792,2047,RTK FIXED
62.848,070851.20,10.48530900,76.44418600,10.48530922,76.44418600,658051.396,1159433.651,108.10,658051.395,1159433.674,-67.5,9,658051.662,1159433.364,10.48530950,76.44418717,0.359,0.080,8.8,10.0,0.0,17.3,1792,2047,RTK FIXED
62.903,070851.20,10.48530900,76.44418600,10.48530913,76.44418600,658051.396,1159433.651,108.10,658051.395,1159433.665,-67.5,9,658051.662,1159433.364,10.48530950,76.44418717,0.359,0.080,8.8,10.0,0.0,18.2,1792,2047,RTK FIXED
62.949,070851.20,10.48530900,76.44418600,10.48530908,76.44418600,658051.396,1159433.651,108.10,658051.395,1159433.659,-67.5,9,658051.662,1159433.364,10.48530950,76.44418717,0.359,0.080,8.8,10.0,0.0,17.3,1792,2047,RTK FIXED
63.003,070851.40,10.48530900,76.44418600,10.48530905,76.44418600,658051.403,1159433.653,108.10,658051.398,1159433.657,-67.5,9,658051.662,1159433.364,10.48530950,76.44418717,0.337,0.088,8.5,10.0,-0.5,16.5,1749,2047,RTK FIXED
63.048,070851.40,10.48530900,76.44418600,10.48530903,76.44418600,658051.403,1159433.653,108.10,658051.400,1159433.655,-67.5,9,658051.662,1159433.364,10.48530950,76.44418717,0.337,0.088,8.5,10.0,0.6,17.8,1749,2047,RTK FIXED
63.102,070851.40,10.48530900,76.44418600,10.48530902,76.44418600,658051.403,1159433.653,108.10,658051.401,1159433.655,-67.5,9,658051.662,1159433.364,10.48530950,76.44418717,0.337,0.088,8.5,10.0,0.0,15.9,1749,2047,RTK FIXED
63.149,070851.40,10.48530900,76.44418600,10.48530901,76.44418600,658051.403,1159433.653,108.10,658051.402,1159433.654,-67.5,9,658051.662,1159433.364,10.48530950,76.44418717,0.337,0.088,8.5,10.0,-0.5,18.0,1749,2047,RTK FIXED
63.202,070851.40,10.48530900,76.44418600,10.48530901,76.44418600,658051.403,1159433.653,108.10,658051.402,1159433.654,-67.5,9,658051.662,1159433.364,10.48530950,76.44418717,0.337,0.088,8.5,10.0,0.0,17.3,1749,2047,RTK FIXED
63.250,070851.60,10.48530800,76.44418500,10.48530860,76.44418560,658051.294,1159433.542,108.10,658051.359,1159433.609,-80.1,9,658051.662,1159433.364,10.48530950,76.44418717,0.298,0.235,6.2,10.0,0.0,17.9,1299,2047,RTK FIXED
63.302,070851.60,10.48530800,76.44418500,10.48530836,76.44418536,658051.294,1159433.542,108.10,658051.333,1159433.582,-80.1,9,658051.662,1159433.364,10.48530950,76.44418717,0.298,0.235,6.2,10.0,0.5,17.3,1265,2047,RTK FIXED
63.360,070851.80,10.48530800,76.44418500,10.48530822,76.44418522,658051.373,1159433.563,108.10,658051.349,1159433.575,-80.1,10,658052.232,1159432.426,10.48530100,76.44419233,0.332,0.271,6.1,10.0,-0.4,17.7,1240,2047,RTK FIXED
63.403,070851.80,10.48530800,76.44418500,10.48530813,76.44418513,658051.373,1159433.563,108.10,658051.358,1159433.570,-80.1,10,658052.232,1159432.426,10.48530100,76.44419233,0.332,0.271,6.1,10.0,0.6,15.6,1240,2047,RTK FIXED
63.457,070851.80,10.48530800,76.44418500,10.48530808,76.44418508,658051.373,1159433.563,108.10,658051.364,1159433.567,-80.1,10,658052.232,1159432.426,10.48530100,76.44419233,0.332,0.271,6.1,10.0,0.0,15.8,1240,2047,RTK FIXED
63.503,070852.00,10.48530800,76.44418500,10.48530805,76.44418505,658051.373,1159433.563,108.10,658051.367,1159433.565,-80.1,10,658052.232,1159432.426,10.48530100,76.44419233,0.332,0.281,6.0,10.0,0.0,17.2,1218,2047,RTK FIXED
63.557,070852.00,10.48530800,76.44418500,10.48530803,76.44418503,658051.373,1159433.563,108.10,658051.369,1159433.564,-80.1,10,658052.232,1159432.426,10.48530100,76.44419233,0.332,0.281,6.0,10.0,-0.5,17.6,1218,2047,RTK FIXED
63.603,070852.00,10.48530800,76.44418500,10.48530802,76.44418502,658051.373,1159433.563,108.10,658051.371,1159433.564,-80.1,10,658052.232,1159432.426,10.48530100,76.44419233,0.332,0.281,6.0,10.0,0.0,14.1,1218,2047,RTK FIXED
63.658,070852.20,10.48530700,76.44418500,10.48530761,76.44418501,658051.373,1159433.452,108.10,658051.372,1159433.519,-80.5,10,658052.232,1159432.426,10.48530100,76.44419233,0.332,0.283,5.9,10.0,0.5,16.1,1213,2047,RTK FIXED
63.703,070852.20,10.48530700,76.44418500,10.48530737,76.44418501,658051.373,1159433.452,108.10,658051.372,1159433.492,-80.5,10,658052.232,1159432.426,10.48530100,76.44419233,0.332,0.283,5.9,10.0,-0.5,16.8,1213,2047,RTK FIXED
63.757,070852.20,10.48530700,76.44418500,10.48530722,76.44418500,658051.373,1159433.452,108.10,658051.373,1159433.476,-80.5,10,658052.232,1159432.426,10.48530100,76.44419233,0.332,0.283,5.9,10.0,0.0,16.9,1213,2047,RTK FIXED
63.804,070852.40,10.48530700,76.44418500,10.48530713,76.44418500,658051.375,1159433.453,108.10,658051.374,1159433.467,-80.5,10,658052.232,1159432.426,10.48530100,76.44419233,0.332,0.283,5.9,10.0,0.5,17.2,1211,2047,RTK FIXED
63.857,070852.40,10.48530700,76.44418500,10.48530708,76.44418500,658051.375,1159433.453,108.10,658051.374,1159433.461,-80.5,10,658052.232,1159432.426,10.48530100,76.44419233,0.332,0.283,5.9,10.0,0.0,16.9,1211,2047,RTK FIXED
63.902,070852.40,10.48530700,76.44418500,10.48530705,76.44418500,658051.375,1159433.453,108.10,658051.375,1159433.458,-80.5,10,658052.232,1159432.426,10.48530100,76.44419233,0.332,0.283,5.9,10.0,0.0,17.6,1211,2047,RTK FIXED
63.957,070852.40,10.48530700,76.44418500,10.48530703,76.44418500,658051.375,1159433.453,108.10,658051.375,1159433.456,-80.5,10,658052.232,1159432.426,10.48530100,76.44419233,0.332,0.283,5.9,10.0,0.0,17.4,1211,2047,RTK FIXED
64.011,070852.40,10.48530700,76.44418500,10.48530702,76.44418500,658051.375,1159433.453,108.10,658051.375,1159433.454,-80.5,10,658052.232,1159432.426,10.48530100,76.44419233,0.332,0.283,5.9,10.0,0.0,17.5,1211,2047,RTK FIXED
64.058,070852.60,10.48530700,76.44418500,10.48530701,76.44418500,658051.375,1159433.453,108.10,658051.375,1159433.454,-80.5,10,658052.232,1159432.426,10.48530100,76.44419233,0.332,0.284,5.9,10.0,-0.5,17.3,1211,2047,RTK FIXED
64.112,070852.60,10.48530700,76.44418500,10.48530701,76.44418500,658051.375,1159433.453,108.10,658051.375,1159433.453,-80.5,10,658052.232,1159432.426,10.48530100,76.44419233,0.332,0.284,5.9,10.0,0.5,17.6,1211,2047,RTK FIXED
64.157,070852.60,10.48530700,76.44418500,10.48530700,76.44418500,658051.375,1159433.453,108.10,658051.375,1159433.453,-80.5,10,658052.232,1159432.426,10.48530100,76.44419233,0.332,0.284,5.9,10.0,0.0,17.0,1211,2047,RTK FIXED
64.212,070852.60,10.48530700,76.44418500,10.48530700,76.44418500,658051.375,1159433.453,108.10,658051.375,1159433.453,-80.5,10,658052.232,1159432.426,10.48530100,76.44419233,0.332,0.284,5.9,10.0,-0.5,17.0,1211,2047,RTK FIXED
64.258,070852.80,10.48530700,76.44418600,10.48530700,76.44418540,658051.485,1159433.453,108.10,658051.419,1159433.453,-72.1,10,658052.232,1159432.426,10.48530100,76.44419233,0.342,0.248,6.4,10.0,0.5,17.9,1317,2047,RTK FIXED
64.311,070852.80,10.48530700,76.44418600,10.48530700,76.44418564,658051.485,1159433.453,108.10,658051.445,1159433.453,-72.1,10,658052.232,1159432.426,10.48530100,76.44419233,0.342,0.248,6.4,10.0,0.0,17.3,1317,2047,RTK FIXED
64.361,070852.80,10.48530700,76.44418600,10.48530700,76.44418578,658051.485,1159433.453,108.10,658051.461,1159433.453,-72.1,10,658052.232,1159432.426,10.48530100,76.44419233,0.342,0.248,6.4,10.0,0.0,17.2,1317,2047,RTK FIXED
64.411,070852.80,10.48530700,76.44418600,10.48530700,76.44418587,658051.485,1159433.453,108.10,658051.471,1159433.453,-72.1,10,658052.232,1159432.426,10.48530100,76.44419233,0.342,0.248,6.4,10.0,0.0,17.8,1317,2047,RTK FIXED
64.458,070853.00,10.48530600,76.44418600,10.48530660,76.44418592,658051.432,1159433.331,108.10,658051.455,1159433.404,-72.1,10,658052.232,1159432.426,10.48530100,76.44419233,0.338,0.254,6.3,10.0,-0.5,17.8,1293,2047,RTK FIXED
64.511,070853.00,10.48530600,76.44418600,10.48530636,76.44418595,658051.432,1159433.331,108.10,658051.446,1159433.375,-72.1,10,658052.232,1159432.426,10.48530100,76.44419233,0.338,0.254,6.3,10.0,0.5,18.2,1293,2047,RTK FIXED
64.566,070853.20,10.48530600,76.44418600,10.48530622,76.44418597,658051.432,1159433.331,108.00,658051.441,1159433.357,-75.7,10,658052.232,1159432.426,10.48530100,76.44419233,0.332,0.276,6.0,10.0,0.0,17.9,1228,2047,RTK FIXED
64.611,070853.20,10.48530600,76.44418600,10.48530613,76.44418598,658051.432,1159433.331,108.00,658051.437,1159433.347,-75.7,10,658052.232,1159432.426,10.48530100,76.44419233,0.332,0.276,6.0,10.0,0.0,17.5,1228,2047,RTK FIXED
64.665,070853.20,10.48530600,76.44418600,10.48530608,76.44418599,658051.432,1159433.331,108.00,658051.435,1159433.340,-75.7,10,658052.232,1159432.426,10.48530100,76.44419233,0.332,0.276,6.0,10.0,-0.5,17.7,1228,2047,RTK FIXED
64.711,070853.20,10.48530600,76.44418600,10.48530605,76.44418599,658051.432,1159433.331,108.00,658051.434,1159433.337,-75.7,10,658052.232,1159432.426,10.48530100,76.44419233,0.332,0.276,6.0,10.0,0.5,17.8,1228,2047,RTK FIXED
64.766,070853.40,10.48530600,76.44418600,10.48530603,76.44418600,658051.455,1159433.337,108.00,658051.442,1159433.337,-75.7,10,658052.232,1159432.426,10.48530100,76.44419233,0.332,0.282,5.9,10.0,0.0,16.5,1215,2047,RTK FIXED
64.812,070853.40,10.48530600,76.44418600,10.48530602,76.44418600,658051.455,1159433.337,108.00,658051.447,1159433.337,-75.7,10,658052.232,1159432.426,10.48530100,76.44419233,0.332,0.282,5.9,10.0,-0.5,17.6,1215,2047,RTK FIXED
64.866,070853.40,10.48530600,76.44418600,10.48530601,76.44418600,658051.455,1159433.337,108.00,658051.450,1159433.337,-75.7,10,658052.232,1159432.426,10.48530100,76.44419233,0.332,0.282,5.9,10.0,0.5,18.0,1215,2047,RTK FIXED
64.912,070853.40,10.48530600,76.44418600,10.48530601,76.44418600,658051.455,1159433.337,108.00,658051.452,1159433.337,-75.7,10,658052.232,1159432.426,10.48530100,76.44419233,0.332,0.282,5.9,10.0,-0.5,18.6,1215,2047,RTK FIXED
64.966,070853.40,10.48530600,76.44418600,10.48530600,76.44418600,658051.455,1159433.337,108.00,658051.453,1159433.337,-75.7,10,658052.232,1159432.426,10.48530100,76.44419233,0.332,0.282,5.9,10.0,0.5,18.0,1215,2047,RTK FIXED
65.011,070853.40,10.48530600,76.44418600,10.48530600,76.44418600,658051.455,1159433.337,108.00,658051.454,1159433.337,-75.7,10,658052.232,1159432.426,10.48530100,76.44419233,0.332,0.282,5.9,10.0,0.0,18.1,1215,2047,RTK FIXED
65.066,070853.60,10.48530600,76.44418600,10.48530600,76.44418600,658051.455,1159433.337,108.00,658051.454,1159433.337,-75.7,10,658052.232,1159432.426,10.48530100,76.44419233,0.332,0.283,5.9,10.0,-0.5,18.3,1212,2047,RTK FIXED
65.119,070853.60,10.48530600,76.44418600,10.48530600,76.44418600,658051.455,1159433.337,108.00,658051.454,1159433.337,-75.7,10,658052.232,1159432.426,10.48530100,76.44419233,0.332,0.283,5.9,10.0,0.0,18.0,1212,2047,RTK FIXED
65.166,070853.60,10.48530600,76.44418600,10.48530600,76.44418600,658051.455,1159433.337,108.00,658051.454,1159433.337,-75.7,10,658052.232,1159432.426,10.48530100,76.44419233,0.332,0.283,5.9,10.0,0.5,18.1,1212,2047,RTK FIXED
65.219,070853.60,10.48530600,76.44418600,10.48530600,76.44418600,658051.455,1159433.337,108.00,658051.455,1159433.337,-75.7,10,658052.232,1159432.426,10.48530100,76.44419233,0.332,0.283,5.9,10.0,0.0,18.1,1212,2047,RTK FIXED
65.266,070853.60,10.48530600,76.44418600,10.48530600,76.44418600,658051.455,1159433.337,108.00,658051.455,1159433.337,-75.7,10,658052.232,1159432.426,10.48530100,76.44419233,0.332,0.283,5.9,10.0,0.0,18.0,1212,2047,RTK FIXED
65.320,070853.80,10.48530500,76.44418700,10.48530560,76.44418640,658051.565,1159433.227,108.00,658051.499,1159433.293,-68.0,10,658052.232,1159432.426,10.48530100,76.44419233,0.344,0.242,6.5,10.0,-0.5,16.5,1334,2047,RTK FIXED
65.366,070853.80,10.48530500,76.44418700,10.48530536,76.44418664,658051.565,1159433.227,108.00,658051.525,1159433.266,-68.0,10,658052.232,1159432.426,10.48530100,76.44419233,0.344,0.242,6.5,10.0,0.5,18.0,1334,2047,RTK FIXED
65.420,070853.80,10.48530500,76.44418700,10.48530522,76.44418678,658051.565,1159433.227,108.00,658051.541,1159433.251,-68.0,10,658052.232,1159432.426,10.48530100,76.44419233,0.344,0.242,6.5,10.0,-0.5,18.1,1334,2047,RTK FIXED
65.466,070853.80,10.48530500,76.44418700,10.48530513,76.44418687,658051.565,1159433.227,108.00,658051.550,1159433.241,-68.0,10,658052.232,1159432.426,10.48530100,76.44419233,0.344,0.242,6.5,10.0,0.5,17.9,1334,2047,RTK FIXED
65.520,070854.00,10.48530500,76.44418700,10.48530508,76.44418692,658051.517,1159433.213,108.00,658051.537,1159433.230,-68.0,10,658052.232,1159432.426,10.48530100,76.44419233,0.341,0.241,6.5,10.0,0.0,18.4,1330,2047,RTK FIXED
65.574,070854.00,10.48530500,76.44418700,10.48530505,76.44418695,658051.517,1159433.213,108.00,658051.529,1159433.223,-68.0,10,658052.232,1159432.426,10.48530100,76.44419233,0.341,0.241,6.5,10.0,-0.5,18.6,1330,2047,RTK FIXED
65.619,070854.00,10.48530500,76.44418700,10.48530503,76.44418697,658051.517,1159433.213,108.00,658051.525,1159433.219,-68.0,10,658052.232,1159432.426,10.48530100,76.44419233,0.341,0.241,6.5,10.0,0.6,18.7,1330,2047,RTK FIXED
65.674,070854.20,10.48530500,76.44418700,10.48530502,76.44418698,658051.517,1159433.213,108.00,658051.522,1159433.216,-68.0,10,658052.232,1159432.426,10.48530100,76.44419233,0.340,0.245,6.4,10.0,-0.5,18.2,1320,2047,RTK FIXED
65.720,070854.20,10.48530500,76.44418700,10.48530501,76.44418699,658051.517,1159433.213,108.00,658051.520,1159433.215,-68.0,10,658052.232,1159432.426,10.48530100,76.44419233,0.340,0.245,6.4,10.0,0.0,15.8,1320,2047,RTK FIXED
65.774,070854.20,10.48530500,76.44418700,10.48530501,76.44418699,658051.517,1159433.213,108.00,658051.519,1159433.214,-68.0,10,658052.232,1159432.426,10.48530100,76.44419233,0.340,0.245,6.4,10.0,0.5,18.6,1320,2047,RTK FIXED
65.820,070854.40,10.48530500,76.44418800,10.48530500,76.44418740,658051.627,1159433.213,108.00,658051.562,1159433.214,-62.0,10,658052.232,1159432.426,10.48530100,76.44419233,0.356,0.140,7.9,10.0,-0.5,15.6,1615,2047,RTK FIXED
65.874,070854.40,10.48530500,76.44418800,10.48530500,76.44418764,658051.627,1159433.213,108.00,658051.588,1159433.213,-62.0,10,658052.232,1159432.426,10.48530100,76.44419233,0.356,0.140,7.9,10.0,0.5,18.7,1615,2047,RTK FIXED
65.920,070854.40,10.48530500,76.44418800,10.48530500,76.44418778,658051.627,1159433.213,108.00,658051.604,1159433.213,-62.0,10,658052.232,1159432.426,10.48530100,76.44419233,0.356,0.140,7.9,10.0,0.0,17.4,1615,2047,RTK FIXED
65.974,070854.40,10.48530500,76.44418800,10.48530500,76.44418787,658051.627,1159433.213,108.00,658051.613,1159433.213,-62.0,10,658052.232,1159432.426,10.48530100,76.44419233,0.356,0.140,7.9,10.0,0.0,18.5,1615,2047,RTK FIXED
66.020,070854.40,10.48530500,76.44418800,10.48530500,76.44418792,658051.627,1159433.213,108.00,658051.618,1159433.213,-62.0,10,658052.232,1159432.426,10.48530100,76.44419233,0.356,0.140,7.9,10.0,0.0,18.2,1615,2047,RTK FIXED
66.074,070854.60,10.48530500,76.44418800,10.48530500,76.44418795,658051.591,1159433.198,108.00,658051.608,1159433.207,-62.0,10,658052.232,1159432.426,10.48530100,76.44419233,0.357,0.112,8.3,10.0,-0.5,16.3,1695,2047,RTK FIXED
66.120,070854.60,10.48530500,76.44418800,10.48530500,76.44418797,658051.591,1159433.198,108.00,658051.601,1159433.203,-62.0,10,658052.232,1159432.426,10.48530100,76.44419233,0.357,0.112,8.3,10.0,0.0,18.3,1695,2047,RTK FIXED
66.174,070854.60,10.48530500,76.44418800,10.48530500,76.44418798,658051.591,1159433.198,108.00,658051.597,1159433.201,-62.0,10,658052.232,1159432.426,10.48530100,76.44419233,0.357,0.112,8.3,10.0,0.5,16.1,1695,2047,RTK FIXED
66.228,070854.60,10.48530500,76.44418800,10.48530500,76.44418799,658051.591,1159433.198,108.00,658051.595,1159433.200,-62.0,10,658052.232,1159432.426,10.48530100,76.44419233,0.357,0.112,8.3,10.0,0.0,18.1,1695,2047,RTK FIXED
66.274,070854.60,10.48530500,76.44418800,10.48530500,76.44418799,658051.591,1159433.198,108.00,658051.593,1159433.199,-62.0,10,658052.232,1159432.426,10.48530100,76.44419233,0.357,0.112,8.3,10.0,-0.5,18.4,1695,2047,RTK FIXED
66.328,070854.80,10.48530500,76.44418800,10.48530500,76.44418800,658051.591,1159433.198,108.00,658051.593,1159433.198,-62.0,10,658052.232,1159432.426,10.48530100,76.44419233,0.357,0.103,8.4,10.0,0.0,16.1,1719,2047,RTK FIXED
66.377,070854.80,10.48530500,76.44418800,10.48530500,76.44418800,658051.591,1159433.198,108.00,658051.592,1159433.198,-62.0,10,658052.232,1159432.426,10.48530100,76.44419233,0.357,0.103,8.4,10.0,0.0,18.6,1719,2047,RTK FIXED
66.428,070854.80,10.48530500,76.44418800,10.48530500,76.44418800,658051.591,1159433.198,108.00,658051.592,1159433.198,-62.0,10,658052.232,1159432.426,10.48530100,76.44419233,0.357,0.103,8.4,10.0,0.5,16.5,1719,2047,RTK FIXED
66.474,070854.80,10.48530500,76.44418800,10.48530500,76.44418800,658051.591,1159433.198,108.00,658051.592,1159433.198,-62.0,10,658052.232,1159432.426,10.48530100,76.44419233,0.357,0.103,8.4,10.0,0.0,17.9,1719,2047,RTK FIXED
66.528,070855.00,10.48530500,76.44418900,10.48530500,76.44418840,658051.701,1159433.198,108.00,658051.635,1159433.198,-62.0,10,658052.232,1159432.426,10.48530100,76.44419233,0.360,0.085,8.7,10.0,0.0,18.5,1776,2047,RTK FIXED
66.574,070855.00,10.48530500,76.44418900,10.48530500,76.44418864,658051.701,1159433.198,108.00,658051.661,1159433.198,-62.0,10,658052.232,1159432.426,10.48530100,76.44419233,0.360,0.085,8.7,10.0,0.0,18.5,1776,2047,RTK FIXED
66.628,070855.00,10.48530500,76.44418900,10.48530500,76.44418878,658051.701,1159433.198,108.00,658051.677,1159433.198,-62.0,10,658052.232,1159432.426,10.48530100,76.44419233,0.360,0.085,8.7,10.0,0.0,16.3,1776,2047,RTK FIXED
66.675,070855.00,10.48530500,76.44418900,10.48530500,76.44418887,658051.701,1159433.198,108.00,658051.687,1159433.198,-62.0,10,658052.232,1159432.426,10.48530100,76.44419233,0.360,0.085,8.7,10.0,-0.5,18.5,1776,2047,RTK FIXED
66.729,070855.20,10.48530500,76.44418900,10.48530500,76.44418892,658051.701,1159433.198,108.00,658051.692,1159433.198,-48.3,10,658052.232,1159432.426,10.48530100,76.44419233,0.366,0.004,9.9,10.0,0.0,18.3,2032,2047,RTK FIXED
66.782,070855.20,10.48530500,76.44418900,10.48530500,76.44418895,658051.701,1159433.198,108.00,658051.696,1159433.198,-48.3,10,658052.232,1159432.426,10.48530100,76.44419233,0.366,0.004,9.9,10.0,0.5,18.2,2032,2047,RTK FIXED
66.828,070855.20,10.48530500,76.44418900,10.48530500,76.44418897,658051.701,1159433.198,108.00,658051.698,1159433.198,-48.3,10,658052.232,1159432.426,10.48530100,76.44419233,0.366,0.004,9.9,10.0,-0.5,18.1,2032,2047,RTK FIXED
66.883,070855.40,10.48530400,76.44418900,10.48530460,76.44418898,658051.627,1159433.039,108.00,658051.670,1159433.135,-48.3,10,658052.232,1159432.426,10.48530100,76.44419233,0.366,0.001,10.0,10.0,0.0,16.4,2043,2047,RTK FIXED
66.928,070855.40,10.48530400,76.44418900,10.48530436,76.44418899,658051.627,1159433.039,108.00,658051.653,1159433.096,-48.3,10,658052.232,1159432.426,10.48530100,76.44419233,0.366,0.001,10.0,10.0,0.6,18.3,2043,2047,RTK FIXED
66.982,070855.40,10.48530400,76.44418900,10.48530422,76.44418899,658051.627,1159433.039,108.00,658051.643,1159433.074,-48.3,10,658052.232,1159432.426,10.48530100,76.44419233,0.366,0.001,10.0,10.0,-0.5,18.3,2043,2047,RTK FIXED
67.028,070855.40,10.48530400,76.44418900,10.48530413,76.44418900,658051.627,1159433.039,108.00,658051.637,1159433.060,-48.3,10,658052.232,1159432.426,10.48530100,76.44419233,0.366,0.001,10.0,10.0,0.0,19.8,2043,2047,RTK FIXED
67.083,070855.60,10.48530400,76.44419000,10.48530408,76.44418940,658051.737,1159433.040,108.00,658051.677,1159433.052,-56.8,10,658052.232,1159432.426,10.48530100,76.44419233,0.364,0.033,9.5,10.0,0.0,19.1,1940,2047,RTK FIXED
67.128,070855.60,10.48530400,76.44419000,10.48530405,76.44418964,658051.737,1159433.040,108.00,658051.701,1159433.047,-56.8,10,658052.232,1159432.426,10.48530100,76.44419233,0.364,0.033,9.5,10.0,0.5,18.6,1940,2047,RTK FIXED
67.182,070855.60,10.48530400,76.44419000,10.48530403,76.44418978,658051.737,1159433.040,108.00,658051.715,1159433.044,-56.8,10,658052.232,1159432.426,10.48530100,76.44419233,0.364,0.033,9.5,10.0,-0.5,19.0,1940,2047,RTK FIXED
67.228,070855.60,10.48530400,76.44419000,10.48530402,76.44418987,658051.737,1159433.040,108.00,658051.724,1159433.042,-56.8,10,658052.232,1159432.426,10.48530100,76.44419233,0.364,0.033,9.5,10.0,0.0,18.5,1940,2047,RTK FIXED
67.283,070855.60,10.48530400,76.44419000,10.48530401,76.44418992,658051.737,1159433.040,108.00,658051.729,1159433.041,-56.8,10,658052.232,1159432.426,10.48530100,76.44419233,0.364,0.033,9.5,10.0,0.5,18.7,1940,2047,RTK FIXED
67.337,070855.80,10.48530400,76.44419000,10.48530401,76.44418995,658051.781,1159433.072,108.00,658051.750,1159433.053,-56.8,10,658052.232,1159432.426,10.48530100,76.44419233,0.365,0.029,9.5,10.0,0.0,16.8,1953,2047,RTK FIXED
67.383,070855.80,10.48530400,76.44419000,10.48530400,76.44418997,658051.781,1159433.072,108.00,658051.762,1159433.061,-56.8,10,658052.232,1159432.426,10.48530100,76.44419233,0.365,0.029,9.5,10.0,-0.5,17.5,1953,2047,RTK FIXED
67.436,070855.80,10.48530400,76.44419000,10.48530400,76.44418998,658051.781,1159433.072,108.00,658051.770,1159433.065,-56.8,10,658052.232,1159432.426,10.48530100,76.44419233,0.365,0.029,9.5,10.0,0.0,16.9,1953,2047,RTK FIXED
67.483,070856.00,10.48530400,76.44419000,10.48530400,76.44418999,658051.781,1159433.072,108.00,658051.774,1159433.068,-56.8,10,658052.232,1159432.426,10.48530100,76.44419233,0.366,0.021,9.7,10.0,0.0,18.5,1979,2047,RTK FIXED
67.536,070856.00,10.48530400,76.44419000,10.48530400,76.44418999,658051.781,1159433.072,108.00,658051.777,1159433.069,-56.8,10,658052.232,1159432.426,10.48530100,76.44419233,0.366,0.021,9.7,10.0,0.0,18.2,1979,2047,RTK FIXED
67.583,070856.20,10.48530400,76.44419000,10.48530400,76.44419000,658051.781,1159433.072,108.00,658051.779,1159433.070,-44.2,10,658052.232,1159432.426,10.48530100,76.44419233,0.362,-0.046,10.0,9.3,0.0,18.2,2047,1898,RTK FIXED
67.636,070856.20,10.48530400,76.44419000,10.48530400,76.44419000,658051.781,1159433.072,108.00,658051.780,1159433.071,-44.2,10,658052.232,1159432.426,10.48530100,76.44419233,0.362,-0.046,10.0,9.3,0.5,18.7,2047,1898,RTK FIXED
67.682,070856.20,10.48530400,76.44419000,10.48530400,76.44419000,658051.781,1159433.072,108.00,658051.780,1159433.071,-44.2,10,658052.232,1159432.426,10.48530100,76.44419233,0.362,-0.046,10.0,9.3,0.0,15.8,2047,1898,RTK FIXED
67.736,070856.20,10.48530400,76.44419000,10.48530400,76.44419000,658051.781,1159433.072,108.00,658051.781,1159433.071,-44.2,10,658052.232,1159432.426,10.48530100,76.44419233,0.362,-0.046,10.0,9.3,0.0,18.2,2047,1898,RTK FIXED
67.790,070856.20,10.48530400,76.44419000,10.48530400,76.44419000,658051.781,1159433.072,108.00,658051.781,1159433.072,-44.2,10,658052.232,1159432.426,10.48530100,76.44419233,0.362,-0.046,10.0,9.3,0.0,16.0,2047,1898,RTK FIXED
67.837,070856.20,10.48530400,76.44419000,10.48530400,76.44419000,658051.781,1159433.072,108.00,658051.781,1159433.072,-44.2,10,658052.232,1159432.426,10.48530100,76.44419233,0.362,-0.046,10.0,9.3,0.0,17.4,2047,1898,RTK FIXED
67.891,070856.40,10.48530400,76.44419100,10.48530400,76.44419040,658051.827,1159433.022,108.10,658051.799,1159433.052,-44.2,10,658052.232,1159432.426,10.48530100,76.44419233,0.361,-0.067,10.0,8.9,0.0,17.0,2047,1831,RTK FIXED
67.937,070856.40,10.48530400,76.44419100,10.48530400,76.44419064,658051.827,1159433.022,108.10,658051.810,1159433.040,-44.2,10,658052.232,1159432.426,10.48530100,76.44419233,0.361,-0.067,10.0,8.9,-0.5,14.7,2047,1831,RTK FIXED
67.990,070856.40,10.48530400,76.44419100,10.48530400,76.44419078,658051.827,1159433.022,108.10,658051.817,1159433.033,-44.2,10,658052.232,1159432.426,10.48530100,76.44419233,0.361,-0.067,10.0,8.9,0.5,16.8,2047,1831,RTK FIXED
68.038,070856.60,10.48530300,76.44419100,10.48530360,76.44419087,658051.827,1159432.912,108.10,658051.821,1159432.985,-49.4,10,658052.232,1159432.426,10.48530100,76.44419233,0.365,-0.035,10.0,9.4,0.0,16.3,2047,1932,RTK FIXED
68.091,070856.60,10.48530300,76.44419100,10.48530336,76.44419092,658051.827,1159432.912,108.10,658051.824,1159432.955,-49.4,10,658052.232,1159432.426,10.48530100,76.44419233,0.365,-0.035,10.0,9.4,-0.5,15.6,2047,1932,RTK FIXED
68.137,070856.60,10.48530300,76.44419100,10.48530322,76.44419095,658051.827,1159432.912,108.10,658051.825,1159432.938,-49.4,10,658052.232,1159432.426,10.48530100,76.44419233,0.365,-0.035,10.0,9.4,0.5,14.6,2047,1932,RTK FIXED
68.191,070856.60,10.48530300,76.44419100,10.48530313,76.44419097,658051.827,1159432.912,108.10,658051.826,1159432.928,-49.4,10,658052.232,1159432.426,10.48530100,76.44419233,0.365,-0.035,10.0,9.4,0.0,16.2,2047,1932,RTK FIXED
68.237,070856.60,10.48530300,76.44419100,10.48530308,76.44419098,658051.827,1159432.912,108.10,658051.826,1159432.921,-49.4,10,658052.232,1159432.426,10.48530100,76.44419233,0.365,-0.035,10.0,9.4,0.0,16.3,2047,1932,RTK FIXED
68.291,070856.80,10.48530300,76.44419100,10.48530305,76.44419099,658051.852,1159432.934,108.10,658051.837,1159432.926,-49.4,10,658052.232,1159432.426,10.48530100,76.44419233,0.365,-0.029,10.0,9.5,-0.5,16.1,2047,1953,RTK FIXED
68.337,070856.80,10.48530300,76.44419100,10.48530303,76.44419099,658051.852,1159432.934,108.10,658051.843,1159432.929,-49.4,10,658052.232,1159432.426,10.48530100,76.44419233,0.365,-0.029,10.0,9.5,0.0,17.1,2047,1953,RTK FIXED
68.393,070856.80,10.48530300,76.44419100,10.48530302,76.44419100,658051.852,1159432.934,108.10,658051.847,1159432.931,-49.4,10,658052.232,1159432.426,10.48530100,76.44419233,0.365,-0.029,10.0,9.5,0.4,15.1,2047,1953,RTK FIXED
68.445,070857.00,10.48530300,76.44419200,10.48530301,76.44419140,658051.962,1159432.935,108.00,658051.893,1159432.933,-43.1,10,658052.232,1159432.426,10.48530100,76.44419233,0.357,-0.081,10.0,8.7,-0.5,16.3,2047,1786,RTK FIXED
68.491,070857.00,10.48530300,76.44419200,10.48530301,76.44419164,658051.962,1159432.935,108.00,658051.920,1159432.933,-43.1,10,658052.232,1159432.426,10.48530100,76.44419233,0.357,-0.081,10.0,8.7,0.5,15.8,2047,1786,RTK FIXED
68.546,070857.20,10.48530200,76.44419200,10.48530260,76.44419178,658051.932,1159432.797,108.10,658051.925,1159432.879,-43.1,10,658052.232,1159432.426,10.48530100,76.44419233,0.359,-0.088,10.0,8.6,0.0,16.5,2047,1767,RTK FIXED
68.591,070857.20,10.48530200,76.44419200,10.48530236,76.44419187,658051.932,1159432.797,108.10,658051.928,1159432.846,-43.1,10,658052.232,1159432.426,10.48530100,76.44419233,0.359,-0.088,10.0,8.6,0.0,16.4,2047,1767,RTK FIXED
68.645,070857.20,10.48530200,76.44419200,10.48530222,76.44419192,658051.932,1159432.797,108.10,658051.929,1159432.826,-43.1,10,658052.232,1159432.426,10.48530100,76.44419233,0.359,-0.088,10.0,8.6,0.0,16.7,2047,1767,RTK FIXED
68.691,070857.20,10.48530200,76.44419200,10.48530213,76.44419195,658051.932,1159432.797,108.10,658051.930,1159432.814,-43.1,10,658052.232,1159432.426,10.48530100,76.44419233,0.359,-0.088,10.0,8.6,0.0,16.8,2047,1767,RTK FIXED
68.746,070857.20,10.48530200,76.44419200,10.48530208,76.44419197,658051.932,1159432.797,108.10,658051.931,1159432.807,-43.1,10,658052.232,1159432.426,10.48530100,76.44419233,0.359,-0.088,10.0,8.6,0.0,15.6,2047,1767,RTK FIXED
68.792,070857.40,10.48530200,76.44419200,10.48530205,76.44419198,658051.932,1159432.797,108.10,658051.931,1159432.803,-51.6,10,658052.232,1159432.426,10.48530100,76.44419233,0.366,-0.035,10.0,9.4,-0.5,14.7,2047,1931,RTK FIXED
68.846,070857.40,10.48530200,76.44419200,10.48530203,76.44419199,658051.932,1159432.797,108.10,658051.932,1159432.800,-51.6,10,658052.232,1159432.426,10.48530100,76.44419233,0.366,-0.035,10.0,9.4,0.5,15.0,2047,1931,RTK FIXED
68.891,070857.40,10.48530200,76.44419200,10.48530202,76.44419199,658051.932,1159432.797,108.10,658051.932,1159432.799,-51.6,10,658052.232,1159432.426,10.48530100,76.44419233,0.366,-0.035,10.0,9.4,-0.5,14.6,2047,1931,RTK FIXED
68.945,070857.40,10.48530200,76.44419200,10.48530201,76.44419200,658051.932,1159432.797,108.10,658051.932,1159432.798,-51.6,10,658052.232,1159432.426,10.48530100,76.44419233,0.366,-0.035,10.0,9.4,0.5,15.8,2047,1931,RTK FIXED
68.999,070857.40,10.48530200,76.44419200,10.48530201,76.44419200,658051.932,1159432.797,108.10,658051.932,1159432.797,-51.6,10,658052.232,1159432.426,10.48530100,76.44419233,0.366,-0.035,10.0,9.4,0.0,16.3,2047,1931,RTK FIXED
69.046,070857.40,10.48530200,76.44419200,10.48530200,76.44419200,658051.932,1159432.797,108.10,658051.932,1159432.797,-51.6,10,658052.232,1159432.426,10.48530100,76.44419233,0.366,-0.035,10.0,9.4,-0.5,17.0,2047,1931,RTK FIXED
69.099,070857.60,10.48530200,76.44419200,10.48530200,76.44419200,658051.973,1159432.833,108.10,658051.949,1159432.811,-51.6,10,658052.232,1159432.426,10.48530100,76.44419233,0.365,-0.029,10.0,9.5,0.0,14.9,2047,1951,RTK FIXED
69.146,070857.60,10.48530200,76.44419200,10.48530200,76.44419200,658051.973,1159432.833,108.10,658051.958,1159432.820,-51.6,10,658052.232,1159432.426,10.48530100,76.44419233,0.365,-0.029,10.0,9.5,0.5,17.4,2047,1951,RTK FIXED
69.199,070857.60,10.48530200,76.44419200,10.48530200,76.44419200,658051.973,1159432.833,108.10,658051.964,1159432.825,-51.6,10,658052.232,1159432.426,10.48530100,76.44419233,0.365,-0.029,10.0,9.5,0.0,16.3,2047,1951,RTK FIXED
69.246,070857.60,10.48530200,76.44419200,10.48530200,76.44419200,658051.973,1159432.833,108.10,658051.968,1159432.828,-51.6,10,658052.232,1159432.426,10.48530100,76.44419233,0.365,-0.029,10.0,9.5,-0.5,15.7,2047,1951,RTK FIXED
69.300,070857.80,10.48530200,76.44419200,10.48530200,76.44419200,658051.973,1159432.833,108.10,658051.970,1159432.830,-51.6,10,658052.232,1159432.426,10.48530100,76.44419233,0.365,-0.032,10.0,9.5,0.0,14.8,2047,1943,RTK FIXED
69.346,070857.80,10.48530200,76.44419200,10.48530200,76.44419200,658051.973,1159432.833,108.10,658051.971,1159432.831,-51.6,10,658052.232,1159432.426,10.48530100,76.44419233,0.365,-0.032,10.0,9.5,0.5,16.8,2047,1943,RTK FIXED
69.399,070857.80,10.48530200,76.44419200,10.48530200,76.44419200,658051.973,1159432.833,108.10,658051.972,1159432.832,-51.6,10,658052.232,1159432.426,10.48530100,76.44419233,0.365,-0.032,10.0,9.5,0.0,17.0,2047,1943,RTK FIXED
69.445,070857.80,10.48530200,76.44419200,10.48530200,76.44419200,658051.973,1159432.833,108.10,658051.973,1159432.832,-51.6,10,658052.232,1159432.426,10.48530100,76.44419233,0.365,-0.032,10.0,9.5,-0.5,16.7,2047,1943,RTK FIXED
69.499,070857.80,10.48530200,76.44419200,10.48530200,76.44419200,658051.973,1159432.833,108.10,658051.973,1159432.832,-51.6,10,658052.232,1159432.426,10.48530100,76.44419233,0.365,-0.032,10.0,9.5,0.0,16.5,2047,1943,RTK FIXED
69.554,070858.00,10.48530100,76.44419300,10.48530160,76.44419240,658052.083,1159432.723,108.10,658052.017,1159432.788,-46.2,10,658052.232,1159432.426,10.48530100,76.44419233,0.339,-0.073,10.0,8.8,0.0,17.5,2047,1800,RTK FIXED
69.599,070858.00,10.48530100,76.44419300,10.48530136,76.44419264,658052.083,1159432.723,108.10,658052.044,1159432.762,-46.2,10,658052.232,1159432.426,10.48530100,76.44419233,0.339,-0.073,10.0,8.8,0.5,14.2,2047,1800,RTK FIXED
69.653,070858.00,10.48530100,76.44419300,10.48530122,76.44419278,658052.083,1159432.723,108.10,658052.060,1159432.746,-46.2,10,658052.232,1159432.426,10.48530100,76.44419233,0.339,-0.073,10.0,8.8,0.0,16.3,2047,1800,RTK FIXED
69.703,070858.20,10.48530100,76.44419300,10.48530113,76.44419287,658052.057,1159432.700,108.10,658052.058,1159432.728,-46.2,11,658052.802,1159431.489,10.48529250,76.44419750,0.359,-0.083,10.0,8.7,-0.5,15.7,2047,1781,RTK FIXED
69.754,070858.20,10.48530100,76.44419300,10.48530108,76.44419292,658052.057,1159432.700,108.10,658052.058,1159432.717,-46.2,11,658052.802,1159431.489,10.48529250,76.44419750,0.359,-0.083,10.0,8.7,0.5,15.6,2047,1781,RTK FIXED
69.799,070858.20,10.48530100,76.44419300,10.48530105,76.44419295,658052.057,1159432.700,108.10,658052.057,1159432.710,-46.2,11,658052.802,1159431.489,10.48529250,76.44419750,0.359,-0.083,10.0,8.7,-0.5,15.3,2047,1781,RTK FIXED
69.854,070858.40,10.48530100,76.44419300,10.48530103,76.44419297,658052.057,1159432.700,108.10,658052.057,1159432.706,-46.2,11,658052.802,1159431.489,10.48529250,76.44419750,0.359,-0.085,10.0,8.7,0.0,15.6,2047,1775,RTK FIXED
69.899,070858.40,10.48530100,76.44419300,10.48530102,76.44419298,658052.057,1159432.700,108.10,658052.057,1159432.704,-46.2,11,658052.802,1159431.489,10.48529250,76.44419750,0.359,-0.085,10.0,8.7,0.0,15.6,2047,1775,RTK FIXED
69.954,070858.40,10.48530100,76.44419300,10.48530101,76.44419299,658052.057,1159432.700,108.10,658052.057,1159432.703,-46.2,11,658052.802,1159431.489,10.48529250,76.44419750,0.359,-0.085,10.0,8.7,0.5,15.0,2047,1775,RTK FIXED
70.000,070858.40,10.48530100,76.44419300,10.48530101,76.44419299,658052.057,1159432.700,108.10,658052.057,1159432.702,-46.2,11,658052.802,1159431.489,10.48529250,76.44419750,0.359,-0.085,10.0,8.7,0.0,14.2,2047,1775,RTK FIXED
70.055,070858.60,10.48530100,76.44419300,10.48530100,76.44419300,658052.057,1159432.700,108.00,658052.057,1159432.701,-50.5,11,658052.802,1159431.489,10.48529250,76.44419750,0.364,-0.060,10.0,9.1,0.0,13.9,2047,1853,RTK FIXED
70.107,070858.60,10.48530100,76.44419300,10.48530100,76.44419300,658052.057,1159432.700,108.00,658052.057,1159432.701,-50.5,11,658052.802,1159431.489,10.48529250,76.44419750,0.364,-0.060,10.0,9.1,-0.5,14.8,2047,1853,RTK FIXED
70.153,070858.60,10.48530100,76.44419300,10.48530100,76.44419300,658052.057,1159432.700,108.00,658052.057,1159432.701,-50.5,11,658052.802,1159431.489,10.48529250,76.44419750,0.364,-0.060,10.0,9.1,0.5,15.4,2047,1853,RTK FIXED
70.208,070858.60,10.48530100,76.44419300,10.48530100,76.44419300,658052.057,1159432.700,108.00,658052.057,1159432.701,-50.5,11,658052.802,1159431.489,10.48529250,76.44419750,0.364,-0.060,10.0,9.1,0.0,15.1,2047,1853,RTK FIXED
70.254,070858.60,10.48530100,76.44419300,10.48530100,76.44419300,658052.057,1159432.700,108.00,658052.057,1159432.701,-50.5,11,658052.802,1159431.489,10.48529250,76.44419750,0.364,-0.060,10.0,9.1,-0.5,12.4,2047,1853,RTK FIXED
70.308,070858.80,10.48530000,76.44419300,10.48530060,76.44419300,658052.078,1159432.608,108.00,658052.065,1159432.663,-50.5,11,658052.802,1159431.489,10.48529250,76.44419750,0.364,-0.050,10.0,9.2,0.0,15.7,2047,1884,RTK FIXED
70.354,070858.80,10.48530000,76.44419300,10.48530036,76.44419300,658052.078,1159432.608,108.00,658052.071,1159432.641,-50.5,11,658052.802,1159431.489,10.48529250,76.44419750,0.364,-0.050,10.0,9.2,0.0,14.7,2047,1884,RTK FIXED
70.408,070858.80,10.48530000,76.44419300,10.48530022,76.44419300,658052.078,1159432.608,108.00,658052.074,1159432.628,-50.5,11,658052.802,1159431.489,10.48529250,76.44419750,0.364,-0.050,10.0,9.2,0.0,16.2,2047,1884,RTK FIXED
70.454,070858.80,10.48530000,76.44419300,10.48530013,76.44419300,658052.078,1159432.608,108.00,658052.076,1159432.620,-50.5,11,658052.802,1159431.489,10.48529250,76.44419750,0.364,-0.050,10.0,9.2,0.6,15.4,2047,1884,RTK FIXED
70.508,070858.80,10.48530000,76.44419300,10.48530008,76.44419300,658052.078,1159432.608,108.00,658052.077,1159432.615,-50.5,11,658052.802,1159431.489,10.48529250,76.44419750,0.364,-0.050,10.0,9.2,-0.5,15.5,2047,1884,RTK FIXED
70.554,070859.00,10.48530000,76.44419400,10.48530005,76.44419340,658052.188,1159432.608,108.10,658052.121,1159432.612,-49.8,11,658052.802,1159431.489,10.48529250,76.44419750,0.362,-0.062,10.0,9.0,0.5,15.6,2047,1847,RTK FIXED
70.608,070859.00,10.48530000,76.44419400,10.48530003,76.44419364,658052.188,1159432.608,108.10,658052.148,1159432.611,-49.8,11,658052.802,1159431.489,10.48529250,76.44419750,0.362,-0.062,10.0,9.0,0.0,15.5,2047,1847,RTK FIXED
70.654,070859.00,10.48530000,76.44419400,10.48530002,76.44419378,658052.188,1159432.608,108.10,658052.164,1159432.610,-49.8,11,658052.802,1159431.489,10.48529250,76.44419750,0.362,-0.062,10.0,9.0,-0.5,12.0,2047,1847,RTK FIXED
70.709,070859.20,10.48530000,76.44419400,10.48530001,76.44419387,658052.184,1159432.605,108.10,658052.172,1159432.608,-49.8,11,658052.802,1159431.489,10.48529250,76.44419750,0.361,-0.070,10.0,8.9,0.0,14.1,2047,1822,RTK FIXED
70.762,070859.20,10.48530000,76.44419400,10.48530001,76.44419392,658052.184,1159432.605,108.10,658052.177,1159432.607,-49.8,11,658052.802,1159431.489,10.48529250,76.44419750,0.361,-0.070,10.0,8.9,0.0,14.6,2047,1822,RTK FIXED
70.808,070859.40,10.48529900,76.44419400,10.48529960,76.44419395,658052.184,1159432.495,108.10,658052.180,1159432.562,-51.8,11,658052.802,1159431.489,10.48529250,76.44419750,0.364,-0.056,10.0,9.1,0.5,15.6,2047,1867,RTK FIXED
70.862,070859.40,10.48529900,76.44419400,10.48529936,76.44419397,658052.184,1159432.495,108.10,658052.182,1159432.535,-51.8,11,658052.802,1159431.489,10.48529250,76.44419750,0.364,-0.056,10.0,9.1,0.0,15.9,2047,1867,RTK FIXED
70.907,070859.40,10.48529900,76.44419400,10.48529922,76.44419398,658052.184,1159432.495,108.10,658052.183,1159432.519,-51.8,11,658052.802,1159431.489,10.48529250,76.44419750,0.364,-0.056,10.0,9.1,0.0,15.4,2047,1867,RTK FIXED
70.962,070859.40,10.48529900,76.44419400,10.48529913,76.44419399,658052.184,1159432.495,108.10,658052.183,1159432.509,-51.8,11,658052.802,1159431.489,10.48529250,76.44419750,0.364,-0.056,10.0,9.1,0.0,15.5,2047,1867,RTK FIXED
71.008,070859.40,10.48529900,76.44419400,10.48529908,76.44419399,658052.184,1159432.495,108.10,658052.184,1159432.503,-51.8,11,658052.802,1159431.489,10.48529250,76.44419750,0.364,-0.056,10.0,9.1,-0.5,14.2,2047,1867,RTK FIXED
71.062,070859.60,10.48529900,76.44419400,10.48529905,76.44419400,658052.195,1159432.503,108.00,658052.188,1159432.503,-51.8,11,658052.802,1159431.489,10.48529250,76.44419750,0.364,-0.052,10.0,9.2,0.0,14.6,2047,1880,RTK FIXED
71.108,070859.60,10.48529900,76.44419400,10.48529903,76.44419400,658052.195,1159432.503,108.00,658052.191,1159432.503,-51.8,11,658052.802,1159431.489,10.48529250,76.44419750,0.364,-0.052,10.0,9.2,0.5,15.4,2047,1880,RTK FIXED
71.162,070859.60,10.48529900,76.44419400,10.48529902,76.44419400,658052.195,1159432.503,108.00,658052.193,1159432.503,-51.8,11,658052.802,1159431.489,10.48529250,76.44419750,0.364,-0.052,10.0,9.2,-0.5,15.3,2047,1880,RTK FIXED
71.208,070859.60,10.48529900,76.44419400,10.48529901,76.44419400,658052.195,1159432.503,108.00,658052.194,1159432.503,-51.8,11,658052.802,1159431.489,10.48529250,76.44419750,0.364,-0.052,10.0,9.2,0.5,15.9,2047,1880,RTK FIXED
71.263,070859.60,10.48529900,76.44419400,10.48529901,76.44419400,658052.195,1159432.503,108.00,658052.194,1159432.503,-51.8,11,658052.802,1159431.489,10.48529250,76.44419750,0.364,-0.052,10.0,9.2,-0.5,15.8,2047,1880,RTK FIXED
71.317,070859.80,10.48529900,76.44419400,10.48529900,76.44419400,658052.195,1159432.503,108.00,658052.195,1159432.503,-51.8,11,658052.802,1159431.489,10.48529250,76.44419750,0.364,-0.050,10.0,9.2,0.5,15.9,2047,1885,RTK FIXED
71.362,070859.80,10.48529900,76.44419400,10.48529900,76.44419400,658052.195,1159432.503,108.00,658052.195,1159432.503,-51.8,11,658052.802,1159431.489,10.48529250,76.44419750,0.364,-0.050,10.0,9.2,-0.5,15.8,2047,1885,RTK FIXED
71.416,070859.80,10.48529900,76.44419400,10.48529900,76.44419400,658052.195,1159432.503,108.00,658052.195,1159432.503,-51.8,11,658052.802,1159431.489,10.48529250,76.44419750,0.364,-0.050,10.0,9.2,0.5,15.8,2047,1885,RTK FIXED
71.462,070859.80,10.48529900,76.44419400,10.48529900,76.44419400,658052.195,1159432.503,108.00,658052.195,1159432.503,-51.8,11,658052.802,1159431.489,10.48529250,76.44419750,0.364,-0.050,10.0,9.2,-0.5,15.7,2047,1885,RTK FIXED
71.517,070900.00,10.48529800,76.44419500,10.48529860,76.44419440,658052.305,1159432.393,108.00,658052.239,1159432.459,-52.6,11,658052.802,1159431.489,10.48529250,76.44419750,0.364,-0.051,10.0,9.2,0.0,13.8,2047,1881,RTK FIXED
71.563,070900.00,10.48529800,76.44419500,10.48529836,76.44419464,658052.305,1159432.393,108.00,658052.265,1159432.432,-52.6,11,658052.802,1159431.489,10.48529250,76.44419750,0.364,-0.051,10.0,9.2,0.5,13.4,2047,1881,RTK FIXED
71.617,070900.20,10.48529800,76.44419500,10.48529822,76.44419478,658052.309,1159432.395,108.00,658052.283,1159432.418,-52.6,11,658052.802,1159431.489,10.48529250,76.44419750,0.363,-0.056,10.0,9.1,0.0,16.4,2047,1865,RTK FIXED
71.663,070900.20,10.48529800,76.44419500,10.48529813,76.44419487,658052.309,1159432.395,108.00,658052.293,1159432.409,-52.6,11,658052.802,1159431.489,10.48529250,76.44419750,0.363,-0.056,10.0,9.1,-0.5,15.8,2047,1865,RTK FIXED
71.716,070900.20,10.48529800,76.44419500,10.48529808,76.44419492,658052.309,1159432.395,108.00,658052.299,1159432.403,-52.6,11,658052.802,1159431.489,10.48529250,76.44419750,0.363,-0.056,10.0,9.1,0.0,15.4,2047,1865,RTK FIXED
71.763,070900.40,10.48529800,76.44419500,10.48529805,76.44419495,658052.309,1159432.395,108.00,658052.303,1159432.400,-52.6,11,658052.802,1159431.489,10.48529250,76.44419750,0.363,-0.060,10.0,9.1,0.5,16.1,2047,1853,RTK FIXED
71.816,070900.40,10.48529800,76.44419500,10.48529803,76.44419497,658052.309,1159432.395,108.00,658052.305,1159432.398,-52.6,11,658052.802,1159431.489,10.48529250,76.44419750,0.363,-0.060,10.0,9.1,0.0,15.3,2047,1853,RTK FIXED
71.870,070900.40,10.48529800,76.44419500,10.48529802,76.44419498,658052.309,1159432.395,108.00,658052.307,1159432.397,-52.6,11,658052.802,1159431.489,10.48529250,76.44419750,0.363,-0.060,10.0,9.1,0.0,15.5,2047,1853,RTK FIXED
71.916,070900.40,10.48529800,76.44419500,10.48529801,76.44419499,658052.309,1159432.395,108.00,658052.308,1159432.396,-52.6,11,658052.802,1159431.489,10.48529250,76.44419750,0.363,-0.060,10.0,9.1,-0.5,16.0,2047,1853,RTK FIXED
71.970,070900.40,10.48529800,76.44419500,10.48529801,76.44419499,658052.309,1159432.395,108.00,658052.308,1159432.396,-52.6,11,658052.802,1159431.489,10.48529250,76.44419750,0.363,-0.060,10.0,9.1,0.0,15.8,2047,1853,RTK FIXED
72.017,070900.40,10.48529800,76.44419500,10.48529800,76.44419500,658052.309,1159432.395,108.00,658052.308,1159432.396,-52.6,11,658052.802,1159431.489,10.48529250,76.44419750,0.363,-0.060,10.0,9.1,0.0,15.6,2047,1853,RTK FIXED
72.071,070900.60,10.48529700,76.44419500,10.48529760,76.44419500,658052.309,1159432.285,108.10,658052.309,1159432.351,-54.8,11,658052.802,1159431.489,10.48529250,76.44419750,0.365,-0.040,6.6,5.3,0.0,16.2,1597,1403,DGPS
72.117,070900.60,10.48529700,76.44419500,10.48529736,76.44419500,658052.309,1159432.285,108.10,658052.309,1159432.325,-54.8,11,658052.802,1159431.489,10.48529250,76.44419750,0.365,-0.040,6.6,5.3,0.0,15.9,1356,1100,DGPS
72.171,070900.60,10.48529700,76.44419500,10.48529722,76.44419500,658052.309,1159432.285,108.10,658052.309,1159432.309,-54.8,11,658052.802,1159431.489,10.48529250,76.44419750,0.365,-0.040,6.6,5.3,0.0,15.3,1356,1100,DGPS
72.217,070900.60,10.48529700,76.44419500,10.48529713,76.44419500,658052.309,1159432.285,108.10,658052.309,1159432.299,-54.8,11,658052.802,1159431.489,10.48529250,76.44419750,0.365,-0.040,6.6,5.3,0.0,15.2,1356,1100,DGPS
72.271,070900.60,10.48529700,76.44419500,10.48529708,76.44419500,658052.309,1159432.285,108.10,658052.309,1159432.293,-54.8,11,658052.802,1159431.489,10.48529250,76.44419750,0.365,-0.040,6.6,5.3,0.5,14.8,1356,1100,DGPS
72.317,070900.80,10.48529700,76.44419500,10.48529705,76.44419500,658052.321,1159432.293,108.00,658052.314,1159432.293,-54.8,11,658052.802,1159431.489,10.48529250,76.44419750,0.365,-0.032,10.0,9.5,-0.5,12.8,1806,1550,RTK FIXED
72.371,070900.80,10.48529700,76.44419500,10.48529703,76.44419500,658052.321,1159432.293,108.00,658052.317,1159432.293,-54.8,11,658052.802,1159431.489,10.48529250,76.44419750,0.365,-0.032,10.0,9.5,0.5,12.6,2047,1941,RTK FIXED
72.424,070901.00,10.48529700,76.44419500,10.48529702,76.44419500,658052.321,1159432.293,108.00,658052.319,1159432.293,-54.8,11,658052.802,1159431.489,10.48529250,76.44419750,0.365,-0.029,10.0,9.5,0.0,10.3,2047,1952,RTK FIXED
72.470,070901.00,10.48529700,76.44419500,10.48529701,76.44419500,658052.321,1159432.293,108.00,658052.320,1159432.293,-54.8,11,658052.802,1159431.489,10.48529250,76.44419750,0.365,-0.029,10.0,9.5,-0.5,10.3,2047,1952,RTK FIXED
72.525,070901.00,10.48529700,76.44419500,10.48529701,76.44419500,658052.321,1159432.293,108.00,658052.320,1159432.293,-54.8,11,658052.802,1159431.489,10.48529250,76.44419750,0.365,-0.029,10.0,9.5,0.0,10.0,2047,1952,RTK FIXED
72.571,070901.20,10.48529600,76.44419500,10.48529660,76.44419500,658052.322,1159432.183,108.00,658052.321,1159432.249,-61.6,11,658052.802,1159431.489,10.48529250,76.44419750,0.366,0.008,9.9,10.0,0.0,10.2,2020,2047,RTK FIXED
72.625,070901.20,10.48529600,76.44419500,10.48529636,76.44419500,658052.322,1159432.183,108.00,658052.321,1159432.222,-61.6,11,658052.802,1159431.489,10.48529250,76.44419750,0.366,0.008,9.9,10.0,0.5,11.3,2020,2047,RTK FIXED
72.671,070901.20,10.48529600,76.44419500,10.48529622,76.44419500,658052.322,1159432.183,108.00,658052.321,1159432.206,-61.6,11,658052.802,1159431.489,10.48529250,76.44419750,0.366,0.008,9.9,10.0,0.0,13.0,2020,2047,RTK FIXED
72.725,070901.20,10.48529600,76.44419500,10.48529613,76.44419500,658052.322,1159432.183,108.00,658052.322,1159432.197,-61.6,11,658052.802,1159431.489,10.48529250,76.44419750,0.366,0.008,9.9,10.0,0.0,14.9,2020,2047,RTK FIXED
72.772,070901.40,10.48529600,76.44419600,10.48529608,76.44419540,658052.469,1159432.205,108.00,658052.381,1159432.200,-61.6,11,658052.802,1159431.489,10.48529250,76.44419750,0.366,0.002,10.0,10.0,-0.5,15.5,2040,2047,RTK FIXED
72.825,070901.40,10.48529600,76.44419600,10.48529605,76.44419564,658052.469,1159432.205,108.00,658052.416,1159432.202,-61.6,11,658052.802,1159431.489,10.48529250,76.44419750,0.366,0.002,10.0,10.0,0.5,16.9,2040,2047,RTK FIXED
72.870,070901.40,10.48529600,76.44419600,10.48529603,76.44419578,658052.469,1159432.205,108.00,658052.437,1159432.203,-61.6,11,658052.802,1159431.489,10.48529250,76.44419750,0.366,0.002,10.0,10.0,0.0,14.9,2040,2047,RTK FIXED
72.925,070901.40,10.48529600,76.44419600,10.48529602,76.44419587,658052.469,1159432.205,108.00,658052.450,1159432.204,-61.6,11,658052.802,1159431.489,10.48529250,76.44419750,0.366,0.002,10.0,10.0,0.0,18.3,2040,2047,RTK FIXED
72.978,070901.40,10.48529600,76.44419600,10.48529601,76.44419592,658052.469,1159432.205,108.00,658052.458,1159432.204,-61.6,11,658052.802,1159431.489,10.48529250,76.44419750,0.366,0.002,10.0,10.0,0.0,17.8,2040,2047,RTK FIXED
73.025,070901.40,10.48529600,76.44419600,10.48529601,76.44419595,658052.469,1159432.205,108.00,658052.462,1159432.205,-61.6,11,658052.802,1159431.489,10.48529250,76.44419750,0.366,0.002,10.0,10.0,-0.5,16.0,2040,2047,RTK FIXED
73.080,070901.60,10.48529600,76.44419600,10.48529600,76.44419597,658052.469,1159432.205,108.00,658052.465,1159432.205,-49.5,11,658052.802,1159431.489,10.48529250,76.44419750,0.358,-0.068,10.0,8.9,0.0,18.3,2047,1826,RTK FIXED
73.125,070901.60,10.48529600,76.44419600,10.48529600,76.44419598,658052.469,1159432.205,108.00,658052.467,1159432.205,-49.5,11,658052.802,1159431.489,10.48529250,76.44419750,0.358,-0.068,10.0,8.9,0.0,18.7,2047,1826,RTK FIXED
73.179,070901.60,10.48529600,76.44419600,10.48529600,76.44419599,658052.469,1159432.205,108.00,658052.468,1159432.205,-49.5,11,658052.802,1159431.489,10.48529250,76.44419750,0.358,-0.068,10.0,8.9,0.0,17.6,2047,1826,RTK FIXED
73.225,070901.60,10.48529600,76.44419600,10.48529600,76.44419599,658052.469,1159432.205,108.00,658052.468,1159432.205,-49.5,11,658052.802,1159431.489,10.48529250,76.44419750,0.358,-0.068,10.0,8.9,0.5,17.4,2047,1826,RTK FIXED
73.279,070901.60,10.48529600,76.44419600,10.48529600,76.44419600,658052.469,1159432.205,108.00,658052.469,1159432.205,-49.5,11,658052.802,1159431.489,10.48529250,76.44419750,0.358,-0.068,10.0,8.9,0.0,16.2,2047,1826,RTK FIXED
73.326,070901.80,10.48529600,76.44419600,10.48529600,76.44419600,658052.404,1159432.163,108.00,658052.443,1159432.188,-49.5,11,658052.802,1159431.489,10.48529250,76.44419750,0.360,-0.079,10.0,8.8,-0.5,15.5,2047,1795,RTK FIXED
73.379,070901.80,10.48529600,76.44419600,10.48529600,76.44419600,658052.404,1159432.163,108.00,658052.427,1159432.178,-49.5,11,658052.802,1159431.489,10.48529250,76.44419750,0.360,-0.079,10.0,8.8,0.0,15.9,2047,1795,RTK FIXED
73.432,070901.80,10.48529600,76.44419600,10.48529600,76.44419600,658052.404,1159432.163,108.00,658052.418,1159432.172,-49.5,11,658052.802,1159431.489,10.48529250,76.44419750,0.360,-0.079,10.0,8.8,0.5,16.1,2047,1795,RTK FIXED
73.480,070902.00,10.48529500,76.44419600,10.48529560,76.44419600,658052.404,1159432.052,108.00,658052.412,1159432.124,-62.9,11,658052.802,1159431.489,10.48529250,76.44419750,0.366,-0.003,10.0,10.0,0.0,16.3,2047,2038,RTK FIXED
73.534,070902.00,10.48529500,76.44419600,10.48529536,76.44419600,658052.404,1159432.052,108.00,658052.409,1159432.095,-62.9,11,658052.802,1159431.489,10.48529250,76.44419750,0.366,-0.003,10.0,10.0,0.0,15.9,2047,2038,RTK FIXED
73.580,070902.00,10.48529500,76.44419600,10.48529522,76.44419600,658052.404,1159432.052,108.00,658052.407,1159432.078,-62.9,11,658052.802,1159431.489,10.48529250,76.44419750,0.366,-0.003,10.0,10.0,-0.5,15.7,2047,2038,RTK FIXED
73.634,070902.20,10.48529500,76.44419600,10.48529513,76.44419600,658052.477,1159432.098,108.00,658052.435,1159432.086,-62.9,11,658052.802,1159431.489,10.48529250,76.44419750,0.366,0.010,9.8,10.0,0.0,15.2,2014,2047,RTK FIXED
73.680,070902.20,10.48529500,76.44419600,10.48529508,76.44419600,658052.477,1159432.098,108.00,658052.452,1159432.091,-62.9,11,658052.802,1159431.489,10.48529250,76.44419750,0.366,0.010,9.8,10.0,0.0,13.0,2014,2047,RTK FIXED
73.733,070902.20,10.48529500,76.44419600,10.48529505,76.44419600,658052.477,1159432.098,108.00,658052.462,1159432.094,-62.9,11,658052.802,1159431.489,10.48529250,76.44419750,0.366,0.010,9.8,10.0,0.0,14.2,2014,2047,RTK FIXED
73.779,070902.20,10.48529500,76.44419600,10.48529503,76.44419600,658052.477,1159432.098,108.00,658052.468,1159432.096,-62.9,11,658052.802,1159431.489,10.48529250,76.44419750,0.366,0.010,9.8,10.0,0.5,17.1,2014,2047,RTK FIXED
73.833,070902.20,10.48529500,76.44419600,10.48529502,76.44419600,658052.477,1159432.098,108.00,658052.472,1159432.097,-62.9,11,658052.802,1159431.489,10.48529250,76.44419750,0.366,0.010,9.8,10.0,-0.5,18.1,2014,2047,RTK FIXED
73.880,070902.40,10.48529500,76.44419600,10.48529501,76.44419600,658052.477,1159432.098,108.00,658052.474,1159432.097,-62.9,11,658052.802,1159431.489,10.48529250,76.44419750,0.366,0.009,9.8,10.0,0.5,16.0,2015,2047,RTK FIXED
73.934,070902.40,10.48529500,76.44419600,10.48529501,76.44419600,658052.477,1159432.098,108.00,658052.475,1159432.098,-62.9,11,658052.802,1159431.489,10.48529250,76.44419750,0.366,0.009,9.8,10.0,0.0,17.8,2015,2047,RTK FIXED
73.986,070902.40,10.48529500,76.44419600,10.48529500,76.44419600,658052.477,1159432.098,108.00,658052.476,1159432.098,-62.9,11,658052.802,1159431.489,10.48529250,76.44419750,0.366,0.009,9.8,10.0,0.0,17.9,2015,2047,RTK FIXED
74.034,070902.40,10.48529500,76.44419600,10.48529500,76.44419600,658052.477,1159432.098,108.00,658052.476,1159432.098,-62.9,11,658052.802,1159431.489,10.48529250,76.44419750,0.366,0.009,9.8,10.0,-0.5,17.5,2015,2047,RTK FIXED
74.088,070902.60,10.48529400,76.44419600,10.48529460,76.44419600,658052.478,1159431.988,108.00,658052.477,1159432.054,-60.5,11,658052.802,1159431.489,10.48529250,76.44419750,0.366,0.003,10.0,10.0,0.5,17.6,2038,2047,RTK FIXED
74.134,070902.60,10.48529400,76.44419600,10.48529436,76.44419600,658052.478,1159431.988,108.00,658052.477,1159432.027,-60.5,11,658052.802,1159431.489,10.48529250,76.44419750,0.366,0.003,10.0,10.0,-0.5,15.8,2038,2047,RTK FIXED
74.187,070902.60,10.48529400,76.44419600,10.48529422,76.44419600,658052.478,1159431.988,108.00,658052.477,1159432.011,-60.5,11,658052.802,1159431.489,10.48529250,76.44419750,0.366,0.003,10.0,10.0,0.5,17.7,2038,2047,RTK FIXED
74.234,070902.60,10.48529400,76.44419600,10.48529413,76.44419600,658052.478,1159431.988,108.00,658052.478,1159432.002,-60.5,11,658052.802,1159431.489,10.48529250,76.44419750,0.366,0.003,10.0,10.0,0.0,17.8,2038,2047,RTK FIXED
74.286,070902.60,10.48529400,76.44419600,10.48529408,76.44419600,658052.478,1159431.988,108.00,658052.478,1159431.996,-60.5,11,658052.802,1159431.489,10.48529250,76.44419750,0.366,0.003,10.0,10.0,0.0,17.6,2038,2047,RTK FIXED
74.334,070902.80,10.48529400,76.44419600,10.48529405,76.44419600,658052.464,1159431.981,108.00,658052.472,1159431.990,-60.5,11,658052.802,1159431.489,10.48529250,76.44419750,0.366,0.008,9.9,10.0,0.0,17.8,2021,2047,RTK FIXED
74.388,070902.80,10.48529400,76.44419600,10.48529403,76.44419600,658052.464,1159431.981,108.00,658052.469,1159431.986,-60.5,11,658052.802,1159431.489,10.48529250,76.44419750,0.366,0.008,9.9,10.0,-0.5,18.1,2021,2047,RTK FIXED
74.438,070902.80,10.48529400,76.44419600,10.48529402,76.44419600,658052.464,1159431.981,108.00,658052.467,1159431.984,-60.5,11,658052.802,1159431.489,10.48529250,76.44419750,0.366,0.008,9.9,10.0,0.5,18.5,2021,2047,RTK FIXED
74.488,070902.80,10.48529400,76.44419600,10.48529401,76.44419600,658052.464,1159431.981,108.00,658052.466,1159431.983,-60.5,11,658052.802,1159431.489,10.48529250,76.44419750,0.366,0.008,9.9,10.0,0.0,16.5,2021,2047,RTK FIXED
74.535,070902.80,10.48529400,76.44419600,10.48529401,76.44419600,658052.464,1159431.981,108.00,658052.465,1159431.982,-60.5,11,658052.802,1159431.489,10.48529250,76.44419750,0.366,0.008,9.9,10.0,-0.5,17.8,2021,2047,RTK FIXED
74.588,070903.00,10.48529400,76.44419700,10.48529400,76.44419640,658052.573,1159431.981,108.00,658052.508,1159431.982,-60.5,11,658052.802,1159431.489,10.48529250,76.44419750,0.366,0.002,10.0,10.0,0.5,17.9,2040,2047,RTK FIXED
74.642,070903.00,10.48529400,76.44419700,10.48529400,76.44419664,658052.573,1159431.981,108.00,658052.534,1159431.981,-60.5,11,658052.802,1159431.489,10.48529250,76.44419750,0.366,0.002,10.0,10.0,0.0,16.2,2040,2047,RTK FIXED
74.688,070903.00,10.48529400,76.44419700,10.48529400,76.44419678,658052.573,1159431.981,108.00,658052.550,1159431.981,-60.5,11,658052.802,1159431.489,10.48529250,76.44419750,0.366,0.002,10.0,10.0,-0.5,18.0,2040,2047,RTK FIXED
74.742,070903.00,10.48529400,76.44419700,10.48529400,76.44419687,658052.573,1159431.981,108.00,658052.559,1159431.981,-60.5,11,658052.802,1159431.489,10.48529250,76.44419750,0.366,0.002,10.0,10.0,0.0,18.1,2040,2047,RTK FIXED
74.788,070903.20,10.48529300,76.44419700,10.48529360,76.44419692,658052.574,1159431.871,108.00,658052.565,1159431.937,-59.4,11,658052.802,1159431.489,10.48529250,76.44419750,0.366,0.000,10.0,10.0,0.5,15.6,2045,2047,RTK FIXED
74.842,070903.20,10.48529300,76.44419700,10.48529336,76.44419695,658052.574,1159431.871,108.00,658052.569,1159431.910,-59.4,11,658052.802,1159431.489,10.48529250,76.44419750,0.366,0.000,10.0,10.0,-0.5,18.1,2045,2047,RTK FIXED
74.888,070903.20,10.48529300,76.44419700,10.48529322,76.44419697,658052.574,1159431.871,108.00,658052.571,1159431.894,-59.4,11,658052.802,1159431.489,10.48529250,76.44419750,0.366,0.000,10.0,10.0,0.5,18.1,2045,2047,RTK FIXED
74.942,070903.40,10.48529300,76.44419700,10.48529313,76.44419698,658052.567,1159431.867,108.00,658052.569,1159431.884,-59.4,11,658052.802,1159431.489,10.48529250,76.44419750,0.366,0.000,10.0,10.0,-0.5,16.1,2047,2047,RTK FIXED
74.988,070903.40,10.48529300,76.44419700,10.48529308,76.44419699,658052.567,1159431.867,108.00,658052.569,1159431.877,-59.4,11,658052.802,1159431.489,10.48529250,76.44419750,0.366,0.000,10.0,10.0,0.5,18.0,2047,2047,RTK FIXED
75.043,070903.60,10.48529300,76.44419700,10.48529305,76.44419699,658052.567,1159431.867,108.00,658052.568,1159431.873,-59.4,11,658052.802,1159431.489,10.48529250,76.44419750,0.366,0.000,10.0,10.0,0.0,16.2,2047,2047,RTK FIXED
75.088,070903.60,10.48529300,76.44419700,10.48529303,76.44419700,658052.567,1159431.867,108.00,658052.568,1159431.871,-59.4,11,658052.802,1159431.489,10.48529250,76.44419750,0.366,0.000,10.0,10.0,-0.6,18.1,2047,2047,RTK FIXED
75.142,070903.60,10.48529300,76.44419700,10.48529302,76.44419700,658052.567,1159431.867,108.00,658052.568,1159431.869,-59.4,11,658052.802,1159431.489,10.48529250,76.44419750,0.366,0.000,10.0,10.0,0.0,18.4,2047,2047,RTK FIXED
75.196,070903.60,10.48529300,76.44419700,10.48529301,76.44419700,658052.567,1159431.867,108.00,658052.567,1159431.868,-59.4,11,658052.802,1159431.489,10.48529250,76.44419750,0.366,0.000,10.0,10.0,0.0,18.1,2047,2047,RTK FIXED
75.242,070903.60,10.48529300,76.44419700,10.48529301,76.44419700,658052.567,1159431.867,108.00,658052.567,1159431.868,-59.4,11,658052.802,1159431.489,10.48529250,76.44419750,0.366,0.000,10.0,10.0,0.5,17.7,2047,2047,RTK FIXED
75.296,070903.80,10.48529200,76.44419700,10.48529260,76.44419700,658052.568,1159431.756,108.00,658052.568,1159431.823,-64.6,11,658052.802,1159431.489,10.48529250,76.44419750,0.340,0.038,9.4,10.0,-0.5,18.5,1916,2047,RTK FIXED
75.342,070903.80,10.48529200,76.44419700,10.48529236,76.44419700,658052.568,1159431.756,108.00,658052.568,1159431.797,-64.6,11,658052.802,1159431.489,10.48529250,76.44419750,0.340,0.038,9.4,10.0,0.5,18.0,1916,2047,RTK FIXED
75.396,070903.80,10.48529200,76.44419700,10.48529222,76.44419700,658052.568,1159431.756,108.00,658052.568,1159431.780,-64.6,11,658052.802,1159431.489,10.48529250,76.44419750,0.340,0.038,9.4,10.0,0.0,18.1,1916,2047,RTK FIXED
75.442,070903.80,10.48529200,76.44419700,10.48529213,76.44419700,658052.568,1159431.756,108.00,658052.568,1159431.771,-64.6,11,658052.802,1159431.489,10.48529250,76.44419750,0.340,0.038,9.4,10.0,-0.5,18.9,1916,2047,RTK FIXED
75.496,070903.80,10.48529200,76.44419700,10.48529208,76.44419700,658052.568,1159431.756,108.00,658052.568,1159431.765,-64.6,11,658052.802,1159431.489,10.48529250,76.44419750,0.340,0.038,9.4,10.0,0.5,18.6,1916,2047,RTK FIXED
75.545,070904.00,10.48529200,76.44419700,10.48529205,76.44419700,658052.598,1159431.771,108.00,658052.580,1159431.768,-64.6,12,658053.372,1159430.551,10.48528400,76.44420267,0.364,0.044,9.3,10.0,-0.5,17.9,1903,2047,RTK FIXED
75.596,070904.00,10.48529200,76.44419700,10.48529203,76.44419700,658052.598,1159431.771,108.00,658052.587,1159431.769,-64.6,12,658053.372,1159430.551,10.48528400,76.44420267,0.364,0.044,9.3,10.0,0.0,18.6,1903,2047,RTK FIXED
75.642,070904.00,10.48529200,76.44419700,10.48529202,76.44419700,658052.598,1159431.771,108.00,658052.591,1159431.770,-64.6,12,658053.372,1159430.551,10.48528400,76.44420267,0.364,0.044,9.3,10.0,0.5,18.5,1903,2047,RTK FIXED
75.696,070904.00,10.48529200,76.44419700,10.48529201,76.44419700,658052.598,1159431.771,108.00,658052.594,1159431.771,-64.6,12,658053.372,1159430.551,10.48528400,76.44420267,0.364,0.044,9.3,10.0,0.0,18.0,1903,2047,RTK FIXED
75.751,070904.20,10.48529200,76.44419800,10.48529201,76.44419740,658052.707,1159431.772,108.00,658052.639,1159431.771,-55.2,12,658053.372,1159430.551,10.48528400,76.44420267,0.366,-0.006,10.0,9.9,-0.5,16.9,2047,2028,RTK FIXED
75.795,070904.20,10.48529200,76.44419800,10.48529200,76.44419764,658052.707,1159431.772,108.00,658052.667,1159431.772,-55.2,12,658053.372,1159430.551,10.48528400,76.44420267,0.366,-0.006,10.0,9.9,0.6,18.5,2047,2028,RTK FIXED
75.850,070904.20,10.48529200,76.44419800,10.48529200,76.44419778,658052.707,1159431.772,108.00,658052.683,1159431.772,-55.2,12,658053.372,1159430.551,10.48528400,76.44420267,0.366,-0.006,10.0,9.9,0.0,18.3,2047,2028,RTK FIXED
75.897,070904.40,10.48529100,76.44419800,10.48529160,76.44419787,658052.655,1159431.632,108.00,658052.672,1159431.716,-55.2,12,658053.372,1159430.551,10.48528400,76.44420267,0.366,-0.011,10.0,9.8,0.0,17.6,2047,2011,RTK FIXED
75.950,070904.40,10.48529100,76.44419800,10.48529136,76.44419792,658052.655,1159431.632,108.00,658052.665,1159431.683,-55.2,12,658053.372,1159430.551,10.48528400,76.44420267,0.366,-0.011,10.0,9.8,0.0,18.6,2047,2011,RTK FIXED
75.996,070904.40,10.48529100,76.44419800,10.48529122,76.44419795,658052.655,1159431.632,108.00,658052.661,1159431.663,-55.2,12,658053.372,1159430.551,10.48528400,76.44420267,0.366,-0.011,10.0,9.8,-0.5,15.7,2047,2011,RTK FIXED
76.050,070904.40,10.48529100,76.44419800,10.48529113,76.44419797,658052.655,1159431.632,108.00,658052.659,1159431.651,-55.2,12,658053.372,1159430.551,10.48528400,76.44420267,0.366,-0.011,10.0,9.8,0.0,18.1,2047,2011,RTK FIXED
76.097,070904.60,10.48529100,76.44419800,10.48529108,76.44419798,658052.655,1159431.632,108.00,658052.657,1159431.643,-62.9,12,658053.372,1159430.551,10.48528400,76.44420267,0.365,0.024,9.6,10.0,0.0,13.8,1968,2047,RTK FIXED
76.150,070904.60,10.48529100,76.44419800,10.48529105,76.44419799,658052.655,1159431.632,108.00,658052.656,1159431.639,-62.9,12,658053.372,1159430.551,10.48528400,76.44420267,0.365,0.024,9.6,10.0,0.0,19.1,1968,2047,RTK FIXED
76.196,070904.60,10.48529100,76.44419800,10.48529103,76.44419799,658052.655,1159431.632,108.00,658052.656,1159431.636,-62.9,12,658053.372,1159430.551,10.48528400,76.44420267,0.365,0.024,9.6,10.0,0.0,16.4,1968,2047,RTK FIXED
76.251,070904.60,10.48529100,76.44419800,10.48529102,76.44419800,658052.655,1159431.632,108.00,658052.655,1159431.635,-62.9,12,658053.372,1159430.551,10.48528400,76.44420267,0.365,0.024,9.6,10.0,0.0,18.3,1968,2047,RTK FIXED
76.304,070904.60,10.48529100,76.44419800,10.48529101,76.44419800,658052.655,1159431.632,108.00,658052.655,1159431.634,-62.9,12,658053.372,1159430.551,10.48528400,76.44420267,0.365,0.024,9.6,10.0,0.0,18.5,1968,2047,RTK FIXED
76.351,070904.80,10.48529100,76.44419800,10.48529101,76.44419800,658052.698,1159431.657,108.00,658052.672,1159431.643,-62.9,12,658053.372,1159430.551,10.48528400,76.44420267,0.365,0.029,9.5,10.0,0.5,19.0,1950,2047,RTK FIXED
76.404,070904.80,10.48529100,76.44419800,10.48529100,76.44419800,658052.698,1159431.657,108.00,658052.683,1159431.649,-62.9,12,658053.372,1159430.551,10.48528400,76.44420267,0.365,0.029,9.5,10.0,-0.5,17.0,1950,2047,RTK FIXED
76.454,070904.80,10.48529100,76.44419800,10.48529100,76.44419800,658052.698,1159431.657,108.00,658052.689,1159431.652,-62.9,12,658053.372,1159430.551,10.48528400,76.44420267,0.365,0.029,9.5,10.0,0.0,18.4,1950,2047,RTK FIXED
76.505,070905.00,10.48529000,76.44419800,10.48529060,76.44419800,658052.699,1159431.546,108.00,658052.693,1159431.610,-62.9,12,658053.372,1159430.551,10.48528400,76.44420267,0.365,0.037,9.4,10.0,0.5,19.2,1927,2047,RTK FIXED
76.551,070905.00,10.48529000,76.44419800,10.48529036,76.44419800,658052.699,1159431.546,108.00,658052.695,1159431.584,-62.9,12,658053.372,1159430.551,10.48528400,76.44420267,0.365,0.037,9.4,10.0,0.0,18.0,1927,2047,RTK FIXED
76.605,070905.20,10.48529000,76.44419800,10.48529022,76.44419800,658052.699,1159431.546,108.00,658052.696,1159431.569,-64.1,12,658053.372,1159430.551,10.48528400,76.44420267,0.363,0.050,9.2,10.0,-0.5,18.4,1886,2047,RTK FIXED
76.650,070905.20,10.48529000,76.44419800,10.48529013,76.44419800,658052.699,1159431.546,108.00,658052.697,1159431.560,-64.1,12,658053.372,1159430.551,10.48528400,76.44420267,0.363,0.050,9.2,10.0,0.6,18.3,1886,2047,RTK FIXED
76.704,070905.20,10.48529000,76.44419800,10.48529008,76.44419800,658052.699,1159431.546,108.00,658052.698,1159431.554,-64.1,12,658053.372,1159430.551,10.48528400,76.44420267,0.363,0.050,9.2,10.0,0.0,18.1,1886,2047,RTK FIXED
76.758,070905.20,10.48529000,76.44419800,10.48529005,76.44419800,658052.699,1159431.546,108.00,658052.698,1159431.551,-64.1,12,658053.372,1159430.551,10.48528400,76.44420267,0.363,0.050,9.2,10.0,-0.5,16.5,1886,2047,RTK FIXED
76.805,070905.20,10.48529000,76.44419800,10.48529003,76.44419800,658052.699,1159431.546,108.00,658052.698,1159431.549,-64.1,12,658053.372,1159430.551,10.48528400,76.44420267,0.363,0.050,9.2,10.0,0.5,18.9,1886,2047,RTK FIXED
76.859,070905.40,10.48529000,76.44419800,10.48529002,76.44419800,658052.706,1159431.550,108.00,658052.701,1159431.549,-64.1,12,658053.372,1159430.551,10.48528400,76.44420267,0.363,0.054,9.1,10.0,-0.5,16.2,1872,2047,RTK FIXED
76.905,070905.40,10.48529000,76.44419800,10.48529001,76.44419800,658052.706,1159431.550,108.00,658052.703,1159431.549,-64.1,12,658053.372,1159430.551,10.48528400,76.44420267,0.363,0.054,9.1,10.0,0.5,18.0,1872,2047,RTK FIXED
76.958,070905.40,10.48529000,76.44419800,10.48529001,76.44419800,658052.706,1159431.550,108.00,658052.704,1159431.549,-64.1,12,658053.372,1159430.551,10.48528400,76.44420267,0.363,0.054,9.1,10.0,0.0,17.9,1872,2047,RTK FIXED
77.005,070905.40,10.48529000,76.44419800,10.48529000,76.44419800,658052.706,1159431.550,108.00,658052.705,1159431.549,-64.1,12,658053.372,1159430.551,10.48528400,76.44420267,0.363,0.054,9.1,10.0,0.0,18.2,1872,2047,RTK FIXED
77.059,070905.40,10.48529000,76.44419800,10.48529000,76.44419800,658052.706,1159431.550,108.00,658052.705,1159431.550,-64.1,12,658053.372,1159430.551,10.48528400,76.44420267,0.363,0.054,9.1,10.0,0.0,17.4,1872,2047,RTK FIXED
77.106,070905.60,10.48528900,76.44419900,10.48528960,76.44419840,658052.816,1159431.439,108.00,658052.749,1159431.505,-60.5,12,658053.372,1159430.551,10.48528400,76.44420267,0.366,0.031,9.5,10.0,0.0,18.5,1947,2047,RTK FIXED
77.158,070905.60,10.48528900,76.44419900,10.48528936,76.44419864,658052.816,1159431.439,108.00,658052.776,1159431.479,-60.5,12,658053.372,1159430.551,10.48528400,76.44420267,0.366,0.031,9.5,10.0,-0.5,17.5,1947,2047,RTK FIXED
77.205,070905.60,10.48528900,76.44419900,10.48528922,76.44419878,658052.816,1159431.439,108.00,658052.792,1159431.463,-60.5,12,658053.372,1159430.551,10.48528400,76.44420267,0.366,0.031,9.5,10.0,0.5,15.6,1947,2047,RTK FIXED
77.259,070905.60,10.48528900,76.44419900,10.48528913,76.44419887,658052.816,1159431.439,108.00,658052.801,1159431.454,-60.5,12,658053.372,1159430.551,10.48528400,76.44420267,0.366,0.031,9.5,10.0,-0.5,18.1,1947,2047,RTK FIXED
77.313,070905.60,10.48528900,76.44419900,10.48528908,76.44419892,658052.816,1159431.439,108.00,658052.807,1159431.448,-60.5,12,658053.372,1159430.551,10.48528400,76.44420267,0.366,0.031,9.5,10.0,0.0,18.1,1947,2047,RTK FIXED
77.360,070905.80,10.48528900,76.44419900,10.48528905,76.44419895,658052.795,1159431.429,108.00,658052.802,1159431.441,-60.5,12,658053.372,1159430.551,10.48528400,76.44420267,0.365,0.026,9.6,10.0,0.0,17.5,1962,2047,RTK FIXED
77.413,070905.80,10.48528900,76.44419900,10.48528903,76.44419897,658052.795,1159431.429,108.00,658052.799,1159431.436,-60.5,12,658053.372,1159430.551,10.48528400,76.44420267,0.365,0.026,9.6,10.0,0.0,18.4,1962,2047,RTK FIXED
77.460,070906.00,10.48528900,76.44419900,10.48528902,76.44419898,658052.795,1159431.429,108.00,658052.798,1159431.433,-60.5,12,658053.372,1159430.551,10.48528400,76.44420267,0.365,0.025,9.6,10.0,0.0,17.6,1964,2047,RTK FIXED
77.513,070906.00,10.48528900,76.44419900,10.48528901,76.44419899,658052.795,1159431.429,108.00,658052.797,1159431.432,-60.5,12,658053.372,1159430.551,10.48528400,76.44420267,0.365,0.025,9.6,10.0,0.0,17.9,1964,2047,RTK FIXED
77.559,070906.00,10.48528900,76.44419900,10.48528901,76.44419899,658052.795,1159431.429,108.00,658052.796,1159431.431,-60.5,12,658053.372,1159430.551,10.48528400,76.44420267,0.365,0.025,9.6,10.0,0.0,17.8,1964,2047,RTK FIXED
77.614,070906.20,10.48528800,76.44419900,10.48528860,76.44419900,658052.795,1159431.319,108.00,658052.796,1159431.386,-63.6,12,658053.372,1159430.551,10.48528400,76.44420267,0.363,0.053,9.2,10.0,0.5,18.4,1876,2047,RTK FIXED
77.658,070906.20,10.48528800,76.44419900,10.48528836,76.44419900,658052.795,1159431.319,108.00,658052.796,1159431.359,-63.6,12,658053.372,1159430.551,10.48528400,76.44420267,0.363,0.053,9.2,10.0,-0.6,17.2,1876,2047,RTK FIXED
77.713,070906.20,10.48528800,76.44419900,10.48528822,76.44419900,658052.795,1159431.319,108.00,658052.796,1159431.343,-63.6,12,658053.372,1159430.551,10.48528400,76.44420267,0.363,0.053,9.2,10.0,0.5,18.4,1876,2047,RTK FIXED
77.760,070906.40,10.48528800,76.44419900,10.48528813,76.44419900,658052.813,1159431.327,108.00,658052.802,1159431.337,-63.6,12,658053.372,1159430.551,10.48528400,76.44420267,0.362,0.062,9.0,10.0,0.0,17.7,1846,2047,RTK FIXED
77.813,070906.40,10.48528800,76.44419900,10.48528808,76.44419900,658052.813,1159431.327,108.00,658052.807,1159431.333,-63.6,12,658053.372,1159430.551,10.48528400,76.44420267,0.362,0.062,9.0,10.0,0.0,17.8,1846,2047,RTK FIXED
77.859,070906.40,10.48528800,76.44419900,10.48528805,76.44419900,658052.813,1159431.327,108.00,658052.809,1159431.331,-63.6,12,658053.372,1159430.551,10.48528400,76.44420267,0.362,0.062,9.0,10.0,-0.5,18.3,1846,2047,RTK FIXED
77.913,070906.40,10.48528800,76.44419900,10.48528803,76.44419900,658052.813,1159431.327,108.00,658052.811,1159431.329,-63.6,12,658053.372,1159430.551,10.48528400,76.44420267,0.362,0.062,9.0,10.0,0.0,17.7,1846,2047,RTK FIXED
77.967,070906.40,10.48528800,76.44419900,10.48528802,76.44419900,658052.813,1159431.327,108.00,658052.812,1159431.329,-63.6,12,658053.372,1159430.551,10.48528400,76.44420267,0.362,0.062,9.0,10.0,0.5,18.1,1846,2047,RTK FIXED
78.013,070906.40,10.48528800,76.44419900,10.48528801,76.44419900,658052.813,1159431.327,108.00,658052.812,1159431.328,-63.6,12,658053.372,1159430.551,10.48528400,76.44420267,0.362,0.062,9.0,10.0,-0.5,17.9,1846,2047,RTK FIXED
78.068,070906.60,10.48528800,76.44420000,10.48528801,76.44419940,658052.922,1159431.328,108.00,658052.856,1159431.328,-63.6,12,658053.372,1159430.551,10.48528400,76.44420267,0.364,0.050,9.2,10.0,0.5,16.1,1884,2047,RTK FIXED
78.114,070906.60,10.48528800,76.44420000,10.48528800,76.44419964,658052.922,1159431.328,108.00,658052.883,1159431.328,-63.6,12,658053.372,1159430.551,10.48528400,76.44420267,0.364,0.050,9.2,10.0,-0.5,17.8,1884,2047,RTK FIXED
78.167,070906.60,10.48528800,76.44420000,10.48528800,76.44419978,658052.922,1159431.328,108.00,658052.899,1159431.328,-63.6,12,658053.372,1159430.551,10.48528400,76.44420267,0.364,0.050,9.2,10.0,0.5,17.6,1884,2047,RTK FIXED
78.214,070906.60,10.48528800,76.44420000,10.48528800,76.44419987,658052.922,1159431.328,108.00,658052.908,1159431.328,-63.6,12,658053.372,1159430.551,10.48528400,76.44420267,0.364,0.050,9.2,10.0,-0.5,15.9,1884,2047,RTK FIXED
78.268,070906.80,10.48528700,76.44420000,10.48528760,76.44419992,658052.923,1159431.217,108.00,658052.914,1159431.284,-59.0,12,658053.372,1159430.551,10.48528400,76.44420267,0.366,0.022,9.7,10.0,0.0,18.0,1976,2047,RTK FIXED
78.314,070906.80,10.48528700,76.44420000,10.48528736,76.44419995,658052.923,1159431.217,108.00,658052.918,1159431.257,-59.0,12,658053.372,1159430.551,10.48528400,76.44420267,0.366,0.022,9.7,10.0,0.5,18.0,1976,2047,RTK FIXED
78.367,070906.80,10.48528700,76.44420000,10.48528722,76.44419997,658052.923,1159431.217,108.00,658052.920,1159431.241,-59.0,12,658053.372,1159430.551,10.48528400,76.44420267,0.366,0.022,9.7,10.0,0.0,17.7,1976,2047,RTK FIXED
78.414,070906.80,10.48528700,76.44420000,10.48528713,76.44419998,658052.923,1159431.217,108.00,658052.921,1159431.232,-59.0,12,658053.372,1159430.551,10.48528400,76.44420267,0.366,0.022,9.7,10.0,0.0,18.3,1976,2047,RTK FIXED
78.471,070906.80,10.48528700,76.44420000,10.48528708,76.44419999,658052.923,1159431.217,108.00,658052.922,1159431.226,-59.0,12,658053.372,1159430.551,10.48528400,76.44420267,0.366,0.022,9.7,10.0,-0.4,18.8,1976,2047,RTK FIXED
78.522,070907.00,10.48528700,76.44420000,10.48528705,76.44419999,658052.897,1159431.204,108.00,658052.912,1159431.217,-59.0,12,658053.372,1159430.551,10.48528400,76.44420267,0.366,0.020,9.7,10.0,0.5,18.2,1981,2047,RTK FIXED
78.568,070907.00,10.48528700,76.44420000,10.48528703,76.44420000,658052.897,1159431.204,108.00,658052.906,1159431.212,-59.0,12,658053.372,1159430.551,10.48528400,76.44420267,0.366,0.020,9.7,10.0,0.0,15.8,1981,2047,RTK FIXED
78.622,070907.20,10.48528700,76.44420000,10.48528702,76.44420000,658052.897,1159431.204,108.00,658052.902,1159431.209,-59.0,12,658053.372,1159430.551,10.48528400,76.44420267,0.365,0.023,9.6,10.0,-0.5,18.9,1971,2047,RTK FIXED
78.668,070907.20,10.48528700,76.44420000,10.48528701,76.44420000,658052.897,1159431.204,108.00,658052.900,1159431.207,-59.0,12,658053.372,1159430.551,10.48528400,76.44420267,0.365,0.023,9.6,10.0,0.5,18.6,1971,2047,RTK FIXED
78.722,070907.20,10.48528700,76.44420000,10.48528701,76.44420000,658052.897,1159431.204,108.00,658052.899,1159431.206,-59.0,12,658053.372,1159430.551,10.48528400,76.44420267,0.365,0.023,9.6,10.0,-0.5,18.9,1971,2047,RTK FIXED
78.768,070907.40,10.48528600,76.44420000,10.48528660,76.44420000,658052.897,1159431.093,108.00,658052.898,1159431.161,-66.1,12,658053.372,1159430.551,10.48528400,76.44420267,0.358,0.077,8.8,10.0,0.5,18.9,1799,2047,RTK FIXED
78.822,070907.40,10.48528600,76.44420000,10.48528636,76.44420000,658052.897,1159431.093,108.00,658052.898,1159431.134,-66.1,12,658053.372,1159430.551,10.48528400,76.44420267,0.358,0.077,8.8,10.0,0.0,18.2,1799,2047,RTK FIXED
78.868,070907.40,10.48528600,76.44420000,10.48528622,76.44420000,658052.897,1159431.093,108.00,658052.898,1159431.117,-66.1,12,658053.372,1159430.551,10.48528400,76.44420267,0.358,0.077,8.8,10.0,0.0,18.5,1799,2047,RTK FIXED
78.922,070907.40,10.48528600,76.44420000,10.48528613,76.44420000,658052.897,1159431.093,108.00,658052.897,1159431.108,-66.1,12,658053.372,1159430.551,10.48528400,76.44420267,0.358,0.077,8.8,10.0,0.0,19.0,1799,2047,RTK FIXED
78.976,070907.40,10.48528600,76.44420000,10.48528608,76.44420000,658052.897,1159431.093,108.00,658052.897,1159431.102,-66.1,12,658053.372,1159430.551,10.48528400,76.44420267,0.358,0.077,8.8,10.0,-0.5,18.6,1799,2047,RTK FIXED
79.023,070907.40,10.48528600,76.44420000,10.48528605,76.44420000,658052.897,1159431.093,108.00,658052.897,1159431.098,-66.1,12,658053.372,1159430.551,10.48528400,76.44420267,0.358,0.077,8.8,10.0,0.5,18.6,1799,2047,RTK FIXED
79.076,070907.60,10.48528600,76.44420100,10.48528603,76.44420040,658053.048,1159431.114,108.00,658052.957,1159431.105,-66.1,12,658053.372,1159430.551,10.48528400,76.44420267,0.361,0.074,8.8,10.0,-0.5,18.3,1810,2047,RTK FIXED
79.122,070907.60,10.48528600,76.44420100,10.48528602,76.44420064,658053.048,1159431.114,108.00,658052.994,1159431.108,-66.1,12,658053.372,1159430.551,10.48528400,76.44420267,0.361,0.074,8.8,10.0,0.0,18.6,1810,2047,RTK FIXED
79.176,070907.60,10.48528600,76.44420100,10.48528601,76.44420078,658053.048,1159431.114,108.00,658053.015,1159431.110,-66.1,12,658053.372,1159430.551,10.48528400,76.44420267,0.361,0.074,8.8,10.0,0.0,18.5,1810,2047,RTK FIXED
79.222,070907.60,10.48528600,76.44420100,10.48528601,76.44420087,658053.048,1159431.114,108.00,658053.028,1159431.112,-66.1,12,658053.372,1159430.551,10.48528400,76.44420267,0.361,0.074,8.8,10.0,0.0,18.4,1810,2047,RTK FIXED
79.276,070907.60,10.48528600,76.44420100,10.48528600,76.44420092,658053.048,1159431.114,108.00,658053.036,1159431.112,-66.1,12,658053.372,1159430.551,10.48528400,76.44420267,0.361,0.074,8.8,10.0,0.5,18.5,1810,2047,RTK FIXED
79.323,070907.80,10.48528600,76.44420100,10.48528600,76.44420095,658053.048,1159431.114,108.00,658053.041,1159431.113,-53.2,12,658053.372,1159430.551,10.48528400,76.44420267,0.366,0.002,10.0,10.0,0.0,17.6,2041,2047,RTK FIXED
79.376,070907.80,10.48528600,76.44420100,10.48528600,76.44420097,658053.048,1159431.114,108.00,658053.043,1159431.113,-53.2,12,658053.372,1159430.551,10.48528400,76.44420267,0.366,0.002,10.0,10.0,0.0,18.3,2041,2047,RTK FIXED
79.422,070907.80,10.48528600,76.44420100,10.48528600,76.44420098,658053.048,1159431.114,108.00,658053.045,1159431.113,-53.2,12,658053.372,1159430.551,10.48528400,76.44420267,0.366,0.002,10.0,10.0,0.0,18.4,2041,2047,RTK FIXED
79.476,070907.80,10.48528600,76.44420100,10.48528600,76.44420099,658053.048,1159431.114,108.00,658053.046,1159431.113,-53.2,12,658053.372,1159430.551,10.48528400,76.44420267,0.366,0.002,10.0,10.0,0.0,17.7,2041,2047,RTK FIXED
79.530,070908.00,10.48528600,76.44420100,10.48528600,76.44420099,658052.975,1159431.074,108.00,658053.018,1159431.098,-53.2,12,658053.372,1159430.551,10.48528400,76.44420267,0.366,-0.008,10.0,9.9,0.0,18.7,2047,2020,RTK FIXED
79.575,070908.00,10.48528600,76.44420100,10.48528600,76.44420100,658052.975,1159431.074,108.00,658053.001,1159431.088,-53.2,12,658053.372,1159430.551,10.48528400,76.44420267,0.366,-0.008,10.0,9.9,0.0,18.4,2047,2020,RTK FIXED
79.631,070908.00,10.48528600,76.44420100,10.48528600,76.44420100,658052.975,1159431.074,108.00,658052.990,1159431.082,-53.2,12,658053.372,1159430.551,10.48528400,76.44420267,0.366,-0.008,10.0,9.9,0.0,17.4,2047,2020,RTK FIXED
79.676,070908.20,10.48528500,76.44420100,10.48528560,76.44420100,658052.976,1159430.963,108.00,658052.985,1159431.035,-66.4,12,658053.372,1159430.551,10.48528400,76.44420267,0.358,0.067,8.9,10.0,-0.5,17.7,1830,2047,RTK FIXED
79.729,070908.20,10.48528500,76.44420100,10.48528536,76.44420100,658052.976,1159430.963,108.00,658052.981,1159431.006,-66.4,12,658053.372,1159430.551,10.48528400,76.44420267,0.358,0.067,8.9,10.0,0.5,19.4,1830,2047,RTK FIXED
79.776,070908.20,10.48528500,76.44420100,10.48528522,76.44420100,658052.976,1159430.963,108.00,658052.979,1159430.989,-66.4,12,658053.372,1159430.551,10.48528400,76.44420267,0.358,0.067,8.9,10.0,-0.5,19.2,1830,2047,RTK FIXED
79.830,070908.40,10.48528500,76.44420200,10.48528513,76.44420140,658053.159,1159431.004,108.00,658053.051,1159430.995,-66.4,12,658053.372,1159430.551,10.48528400,76.44420267,0.362,0.064,9.0,10.0,0.5,19.3,1840,2047,RTK FIXED
79.876,070908.40,10.48528500,76.44420200,10.48528508,76.44420164,658053.159,1159431.004,108.00,658053.094,1159430.999,-66.4,12,658053.372,1159430.551,10.48528400,76.44420267,0.362,0.064,9.0,10.0,-0.6,19.4,1840,2047,RTK FIXED
79.929,070908.40,10.48528500,76.44420200,10.48528505,76.44420178,658053.159,1159431.004,108.00,658053.120,1159431.001,-66.4,12,658053.372,1159430.551,10.48528400,76.44420267,0.362,0.064,9.0,10.0,0.5,16.8,1840,2047,RTK FIXED
79.976,070908.40,10.48528500,76.44420200,10.48528503,76.44420187,658053.159,1159431.004,108.00,658053.136,1159431.002,-66.4,12,658053.372,1159430.551,10.48528400,76.44420267,0.362,0.064,9.0,10.0,-0.5,17.1,1840,2047,RTK FIXED
80.030,070908.40,10.48528500,76.44420200,10.48528502,76.44420192,658053.159,1159431.004,108.00,658053.145,1159431.003,-66.4,12,658053.372,1159430.551,10.48528400,76.44420267,0.362,0.064,9.0,10.0,0.5,17.8,1840,2047,RTK FIXED
80.078,070908.60,10.48528500,76.44420200,10.48528501,76.44420195,658053.159,1159431.004,108.00,658053.151,1159431.004,-51.0,12,658053.372,1159430.551,10.48528400,76.44420267,0.363,-0.026,10.0,9.6,-0.5,18.5,2047,1962,RTK FIXED
80.130,070908.60,10.48528500,76.44420200,10.48528501,76.44420197,658053.159,1159431.004,108.00,658053.154,1159431.004,-51.0,12,658053.372,1159430.551,10.48528400,76.44420267,0.363,-0.026,10.0,9.6,0.0,17.8,2047,1962,RTK FIXED
80.184,070908.60,10.48528500,76.44420200,10.48528500,76.44420198,658053.159,1159431.004,108.00,658053.156,1159431.004,-51.0,12,658053.372,1159430.551,10.48528400,76.44420267,0.363,-0.026,10.0,9.6,0.0,17.7,2047,1962,RTK FIXED
80.231,070908.60,10.48528500,76.44420200,10.48528500,76.44420199,658053.159,1159431.004,108.00,658053.158,1159431.004,-51.0,12,658053.372,1159430.551,10.48528400,76.44420267,0.363,-0.026,10.0,9.6,0.0,17.7,2047,1962,RTK FIXED
80.283,070908.60,10.48528500,76.44420200,10.48528500,76.44420199,658053.159,1159431.004,108.00,658053.158,1159431.004,-51.0,12,658053.372,1159430.551,10.48528400,76.44420267,0.363,-0.026,10.0,9.6,0.0,15.6,2047,1962,RTK FIXED
80.331,070908.80,10.48528500,76.44420200,10.48528500,76.44420200,658053.074,1159430.955,108.00,658053.124,1159430.985,-51.0,12,658053.372,1159430.551,10.48528400,76.44420267,0.364,-0.039,10.0,9.4,0.5,18.0,2047,1919,RTK FIXED
80.383,070908.80,10.48528500,76.44420200,10.48528500,76.44420200,658053.074,1159430.955,108.00,658053.104,1159430.973,-51.0,12,658053.372,1159430.551,10.48528400,76.44420267,0.364,-0.039,10.0,9.4,-0.5,18.0,2047,1919,RTK FIXED
80.430,070908.80,10.48528500,76.44420200,10.48528500,76.44420200,658053.074,1159430.955,108.00,658053.092,1159430.966,-51.0,12,658053.372,1159430.551,10.48528400,76.44420267,0.364,-0.039,10.0,9.4,0.5,17.6,2047,1919,RTK FIXED
80.487,070908.80,10.48528500,76.44420200,10.48528500,76.44420200,658053.074,1159430.955,108.00,658053.085,1159430.962,-51.0,12,658053.372,1159430.551,10.48528400,76.44420267,0.364,-0.039,10.0,9.4,-0.4,17.6,2047,1919,RTK FIXED
80.531,070909.00,10.48528400,76.44420200,10.48528460,76.44420200,658053.074,1159430.845,108.00,658053.080,1159430.915,-65.4,12,658053.372,1159430.551,10.48528400,76.44420267,0.362,0.043,9.3,10.0,0.6,17.2,1905,2047,RTK FIXED
80.584,070909.00,10.48528400,76.44420200,10.48528436,76.44420200,658053.074,1159430.845,108.00,658053.078,1159430.887,-65.4,12,658053.372,1159430.551,10.48528400,76.44420267,0.362,0.043,9.3,10.0,-0.5,16.1,1905,2047,RTK FIXED
80.631,070909.00,10.48528400,76.44420200,10.48528422,76.44420200,658053.074,1159430.845,108.00,658053.076,1159430.870,-65.4,12,658053.372,1159430.551,10.48528400,76.44420267,0.362,0.043,9.3,10.0,0.5,17.5,1905,2047,RTK FIXED
80.684,070909.00,10.48528400,76.44420200,10.48528413,76.44420200,658053.074,1159430.845,108.00,658053.075,1159430.860,-65.4,12,658053.372,1159430.551,10.48528400,76.44420267,0.362,0.043,9.3,10.0,0.0,16.8,1905,2047,RTK FIXED
80.739,070909.00,10.48528400,76.44420200,10.48528408,76.44420200,658053.074,1159430.845,108.00,658053.075,1159430.854,-65.4,12,658053.372,1159430.551,10.48528400,76.44420267,0.362,0.043,9.3,10.0,0.0,17.0,1905,2047,RTK FIXED
80.785,070909.20,10.48528400,76.44420200,10.48528405,76.44420200,658053.154,1159430.891,108.00,658053.107,1159430.869,-65.4,12,658053.372,1159430.551,10.48528400,76.44420267,0.357,0.057,9.1,10.0,0.0,14.6,1859,2047,RTK FIXED
80.838,070909.20,10.48528400,76.44420200,10.48528403,76.44420200,658053.154,1159430.891,108.00,658053.126,1159430.878,-65.4,12,658053.372,1159430.551,10.48528400,76.44420267,0.357,0.057,9.1,10.0,-0.5,17.3,1859,2047,RTK FIXED
80.885,070909.20,10.48528400,76.44420200,10.48528402,76.44420200,658053.154,1159430.891,108.00,658053.137,1159430.883,-65.4,12,658053.372,1159430.551,10.48528400,76.44420267,0.357,0.057,9.1,10.0,0.0,18.4,1859,2047,RTK FIXED
80.939,070909.40,10.48528400,76.44420300,10.48528401,76.44420240,658053.264,1159430.892,108.00,658053.188,1159430.887,-50.9,12,658053.372,1159430.551,10.48528400,76.44420267,0.324,-0.031,10.0,9.4,0.5,17.4,2047,1934,RTK FIXED
80.985,070909.40,10.48528400,76.44420300,10.48528401,76.44420264,658053.264,1159430.892,108.00,658053.218,1159430.889,-50.9,12,658053.372,1159430.551,10.48528400,76.44420267,0.324,-0.031,10.0,9.4,-0.6,17.6,2047,1934,RTK FIXED
81.038,070909.40,10.48528400,76.44420300,10.48528400,76.44420278,658053.264,1159430.892,108.00,658053.236,1159430.890,-50.9,12,658053.372,1159430.551,10.48528400,76.44420267,0.324,-0.031,10.0,9.4,0.5,17.4,2047,1934,RTK FIXED
81.088,070909.60,10.48528300,76.44420300,10.48528360,76.44420287,658053.183,1159430.734,108.00,658053.215,1159430.828,-50.9,13,658053.942,1159429.614,10.48527550,76.44420783,0.364,-0.041,10.0,9.3,-0.5,16.6,2047,1913,RTK FIXED
81.139,070909.60,10.48528300,76.44420300,10.48528336,76.44420292,658053.183,1159430.734,108.00,658053.202,1159430.790,-50.9,13,658053.942,1159429.614,10.48527550,76.44420783,0.364,-0.041,10.0,9.3,0.0,14.2,2047,1913,RTK FIXED
81.185,070909.60,10.48528300,76.44420300,10.48528322,76.44420295,658053.183,1159430.734,108.00,658053.195,1159430.768,-50.9,13,658053.942,1159429.614,10.48527550,76.44420783,0.364,-0.041,10.0,9.3,0.5,16.3,2047,1913,RTK FIXED
81.239,070909.80,10.48528300,76.44420300,10.48528313,76.44420297,658053.183,1159430.734,108.00,658053.190,1159430.754,-61.5,13,658053.942,1159429.614,10.48527550,76.44420783,0.365,0.010,9.8,10.0,0.0,16.1,2012,2047,RTK FIXED
81.293,070909.80,10.48528300,76.44420300,10.48528308,76.44420298,658053.183,1159430.734,108.00,658053.188,1159430.746,-61.5,13,658053.942,1159429.614,10.48527550,76.44420783,0.365,0.010,9.8,10.0,0.0,17.3,2012,2047,RTK FIXED
81.339,070909.80,10.48528300,76.44420300,10.48528305,76.44420299,658053.183,1159430.734,108.00,658053.186,1159430.741,-61.5,13,658053.942,1159429.614,10.48527550,76.44420783,0.365,0.010,9.8,10.0,-0.5,17.9,2012,2047,RTK FIXED
81.392,070909.80,10.48528300,76.44420300,10.48528303,76.44420299,658053.183,1159430.734,108.00,658053.185,1159430.738,-61.5,13,658053.942,1159429.614,10.48527550,76.44420783,0.365,0.010,9.8,10.0,0.5,16.0,2012,2047,RTK FIXED
81.439,070909.80,10.48528300,76.44420300,10.48528302,76.44420300,658053.183,1159430.734,108.00,658053.184,1159430.737,-61.5,13,658053.942,1159429.614,10.48527550,76.44420783,0.365,0.010,9.8,10.0,0.0,18.2,2012,2047,RTK FIXED
81.493,070910.00,10.48528300,76.44420300,10.48528301,76.44420300,658053.241,1159430.770,108.00,658053.207,1159430.750,-61.5,13,658053.942,1159429.614,10.48527550,76.44420783,0.366,0.019,9.7,10.0,0.0,17.4,1985,2047,RTK FIXED
81.539,070910.00,10.48528300,76.44420300,10.48528301,76.44420300,658053.241,1159430.770,108.00,658053.221,1159430.758,-61.5,13,658053.942,1159429.614,10.48527550,76.44420783,0.366,0.019,9.7,10.0,0.0,17.4,1985,2047,RTK FIXED
81.592,070910.00,10.48528300,76.44420300,10.48528300,76.44420300,658053.241,1159430.770,108.00,658053.229,1159430.763,-61.5,13,658053.942,1159429.614,10.48527550,76.44420783,0.366,0.019,9.7,10.0,-0.5,16.0,1985,2047,RTK FIXED
81.640,070910.20,10.48528300,76.44420400,10.48528300,76.44420340,658053.351,1159430.771,108.00,658053.278,1159430.766,-46.4,13,658053.942,1159429.614,10.48527550,76.44420783,0.357,-0.069,10.0,8.9,0.5,17.9,2047,1823,RTK FIXED
81.693,070910.20,10.48528300,76.44420400,10.48528300,76.44420364,658053.351,1159430.771,108.00,658053.307,1159430.768,-46.4,13,658053.942,1159429.614,10.48527550,76.44420783,0.357,-0.069,10.0,8.9,-0.5,18.3,2047,1823,RTK FIXED
81.739,070910.20,10.48528300,76.44420400,10.48528300,76.44420378,658053.351,1159430.771,108.00,658053.324,1159430.769,-46.4,13,658053.942,1159429.614,10.48527550,76.44420783,0.357,-0.069,10.0,8.9,0.5,16.8,2047,1823,RTK FIXED
81.794,070910.40,10.48528200,76.44420400,10.48528260,76.44420387,658053.271,1159430.605,108.00,658053.303,1159430.704,-46.4,13,658053.942,1159429.614,10.48527550,76.44420783,0.360,-0.080,10.0,8.7,0.0,17.5,2047,1791,RTK FIXED
81.847,070910.40,10.48528200,76.44420400,10.48528236,76.44420392,658053.271,1159430.605,108.00,658053.290,1159430.664,-46.4,13,658053.942,1159429.614,10.48527550,76.44420783,0.360,-0.080,10.0,8.7,0.0,17.3,2047,1791,RTK FIXED
81.893,070910.40,10.48528200,76.44420400,10.48528222,76.44420395,658053.271,1159430.605,108.00,658053.282,1159430.641,-46.4,13,658053.942,1159429.614,10.48527550,76.44420783,0.360,-0.080,10.0,8.7,0.0,17.4,2047,1791,RTK FIXED
81.947,070910.40,10.48528200,76.44420400,10.48528213,76.44420397,658053.271,1159430.605,108.00,658053.278,1159430.626,-46.4,13,658053.942,1159429.614,10.48527550,76.44420783,0.360,-0.080,10.0,8.7,0.0,13.8,2047,1791,RTK FIXED
81.993,070910.40,10.48528200,76.44420400,10.48528208,76.44420398,658053.271,1159430.605,108.00,658053.275,1159430.618,-46.4,13,658053.942,1159429.614,10.48527550,76.44420783,0.360,-0.080,10.0,8.7,0.0,16.4,2047,1791,RTK FIXED
82.047,070910.60,10.48528200,76.44420400,10.48528205,76.44420399,658053.271,1159430.605,108.00,658053.273,1159430.613,-58.6,13,658053.942,1159429.614,10.48527550,76.44420783,0.366,-0.017,10.0,9.7,0.0,15.6,2047,1989,RTK FIXED
82.093,070910.60,10.48528200,76.44420400,10.48528203,76.44420399,658053.271,1159430.605,108.00,658053.272,1159430.610,-58.6,13,658053.942,1159429.614,10.48527550,76.44420783,0.366,-0.017,10.0,9.7,-0.5,15.9,2047,1989,RTK FIXED
82.147,070910.60,10.48528200,76.44420400,10.48528202,76.44420400,658053.271,1159430.605,108.00,658053.272,1159430.608,-58.6,13,658053.942,1159429.614,10.48527550,76.44420783,0.366,-0.017,10.0,9.7,0.5,15.7,2047,1989,RTK FIXED
82.193,070910.60,10.48528200,76.44420400,10.48528201,76.44420400,658053.271,1159430.605,108.00,658053.271,1159430.607,-58.6,13,658053.942,1159429.614,10.48527550,76.44420783,0.366,-0.017,10.0,9.7,-0.5,15.7,2047,1989,RTK FIXED
82.247,070910.60,10.48528200,76.44420400,10.48528201,76.44420400,658053.271,1159430.605,108.00,658053.271,1159430.606,-58.6,13,658053.942,1159429.614,10.48527550,76.44420783,0.366,-0.017,10.0,9.7,0.5,16.4,2047,1989,RTK FIXED
82.294,070910.80,10.48528200,76.44420400,10.48528200,76.44420400,658053.335,1159430.652,108.00,658053.297,1159430.624,-58.6,13,658053.942,1159429.614,10.48527550,76.44420783,0.366,-0.004,10.0,9.9,-0.5,14.4,2047,2032,RTK FIXED
82.347,070910.80,10.48528200,76.44420400,10.48528200,76.44420400,658053.335,1159430.652,108.00,658053.312,1159430.635,-58.6,13,658053.942,1159429.614,10.48527550,76.44420783,0.366,-0.004,10.0,9.9,0.0,16.8,2047,2032,RTK FIXED
82.401,070910.80,10.48528200,76.44420400,10.48528200,76.44420400,658053.335,1159430.652,108.00,658053.321,1159430.642,-58.6,13,658053.942,1159429.614,10.48527550,76.44420783,0.366,-0.004,10.0,9.9,0.0,17.2,2047,2032,RTK FIXED
82.447,070910.80,10.48528200,76.44420400,10.48528200,76.44420400,658053.335,1159430.652,108.00,658053.327,1159430.646,-58.6,13,658053.942,1159429.614,10.48527550,76.44420783,0.366,-0.004,10.0,9.9,0.5,17.3,2047,2032,RTK FIXED
82.505,070911.00,10.48528100,76.44420400,10.48528160,76.44420400,658053.336,1159430.541,108.00,658053.330,1159430.604,-58.6,13,658053.942,1159429.614,10.48527550,76.44420783,0.366,-0.001,10.0,10.0,-0.4,18.7,2047,2044,RTK FIXED
82.547,070911.00,10.48528100,76.44420400,10.48528136,76.44420400,658053.336,1159430.541,108.00,658053.332,1159430.579,-58.6,13,658053.942,1159429.614,10.48527550,76.44420783,0.366,-0.001,10.0,10.0,0.0,17.6,2047,2044,RTK FIXED
82.602,070911.00,10.48528100,76.44420400,10.48528122,76.44420400,658053.336,1159430.541,108.00,658053.334,1159430.564,-58.6,13,658053.942,1159429.614,10.48527550,76.44420783,0.366,-0.001,10.0,10.0,0.0,18.7,2047,2044,RTK FIXED
82.648,070911.20,10.48528100,76.44420400,10.48528113,76.44420400,658053.336,1159430.541,108.00,658053.334,1159430.555,-58.4,13,658053.942,1159429.614,10.48527550,76.44420783,0.366,0.001,10.0,10.0,0.0,18.0,2043,2047,RTK FIXED
82.702,070911.20,10.48528100,76.44420400,10.48528108,76.44420400,658053.336,1159430.541,108.00,658053.335,1159430.549,-58.4,13,658053.942,1159429.614,10.48527550,76.44420783,0.366,0.001,10.0,10.0,0.0,18.6,2043,2047,RTK FIXED
82.748,070911.20,10.48528100,76.44420400,10.48528105,76.44420400,658053.336,1159430.541,108.00,658053.335,1159430.546,-58.4,13,658053.942,1159429.614,10.48527550,76.44420783,0.366,0.001,10.0,10.0,0.0,16.2,2043,2047,RTK FIXED
82.802,070911.20,10.48528100,76.44420400,10.48528103,76.44420400,658053.336,1159430.541,108.00,658053.335,1159430.544,-58.4,13,658053.942,1159429.614,10.48527550,76.44420783,0.366,0.001,10.0,10.0,0.0,18.2,2043,2047,RTK FIXED
82.848,070911.20,10.48528100,76.44420400,10.48528102,76.44420400,658053.336,1159430.541,108.00,658053.335,1159430.543,-58.4,13,658053.942,1159429.614,10.48527550,76.44420783,0.366,0.001,10.0,10.0,0.5,18.2,2043,2047,RTK FIXED
82.902,070911.40,10.48528100,76.44420500,10.48528101,76.44420440,658053.443,1159430.541,108.00,658053.379,1159430.542,-58.4,13,658053.942,1159429.614,10.48527550,76.44420783,0.366,0.000,10.0,10.0,0.0,18.6,2046,2047,RTK FIXED
82.955,070911.40,10.48528100,76.44420500,10.48528101,76.44420464,658053.443,1159430.541,108.00,658053.405,1159430.541,-58.4,13,658053.942,1159429.614,10.48527550,76.44420783,0.366,0.000,10.0,10.0,0.0,17.0,2046,2047,RTK FIXED
83.002,070911.40,10.48528100,76.44420500,10.48528100,76.44420478,658053.443,1159430.541,108.00,658053.420,1159430.541,-58.4,13,658053.942,1159429.614,10.48527550,76.44420783,0.366,0.000,10.0,10.0,0.0,18.6,2046,2047,RTK FIXED
83.055,070911.40,10.48528100,76.44420500,10.48528100,76.44420487,658053.443,1159430.541,108.00,658053.429,1159430.541,-58.4,13,658053.942,1159429.614,10.48527550,76.44420783,0.366,0.000,10.0,10.0,0.0,18.6,2046,2047,RTK FIXED
83.102,070911.60,10.48528000,76.44420500,10.48528060,76.44420492,658053.444,1159430.430,108.00,658053.435,1159430.497,-53.6,13,658053.942,1159429.614,10.48527550,76.44420783,0.365,-0.024,10.0,9.6,0.0,18.8,2047,1968,RTK FIXED
83.155,070911.60,10.48528000,76.44420500,10.48528036,76.44420495,658053.444,1159430.430,108.00,658053.439,1159430.470,-53.6,13,658053.942,1159429.614,10.48527550,76.44420783,0.365,-0.024,10.0,9.6,0.0,16.8,2047,1968,RTK FIXED
83.202,070911.60,10.48528000,76.44420500,10.48528022,76.44420497,658053.444,1159430.430,108.00,658053.441,1159430.454,-53.6,13,658053.942,1159429.614,10.48527550,76.44420783,0.365,-0.024,10.0,9.6,-0.5,17.9,2047,1968,RTK FIXED
83.255,070911.60,10.48528000,76.44420500,10.48528013,76.44420498,658053.444,1159430.430,108.00,658053.442,1159430.444,-53.6,13,658053.942,1159429.614,10.48527550,76.44420783,0.365,-0.024,10.0,9.6,0.0,18.3,2047,1968,RTK FIXED
83.301,070911.60,10.48528000,76.44420500,10.48528008,76.44420499,658053.444,1159430.430,108.00,658053.443,1159430.439,-53.6,13,658053.942,1159429.614,10.48527550,76.44420783,0.365,-0.024,10.0,9.6,0.5,15.7,2047,1968,RTK FIXED
83.356,070911.80,10.48528000,76.44420500,10.48528005,76.44420499,658053.418,1159430.414,108.00,658053.433,1159430.429,-53.6,13,658053.942,1159429.614,10.48527550,76.44420783,0.365,-0.024,10.0,9.6,-0.5,18.2,2047,1967,RTK FIXED
83.402,070911.80,10.48528000,76.44420500,10.48528003,76.44420500,658053.418,1159430.414,108.00,658053.427,1159430.423,-53.6,13,658053.942,1159429.614,10.48527550,76.44420783,0.365,-0.024,10.0,9.6,0.5,17.4,2047,1967,RTK FIXED
83.455,070911.80,10.48528000,76.44420500,10.48528002,76.44420500,658053.418,1159430.414,108.00,658053.423,1159430.419,-53.6,13,658053.942,1159429.614,10.48527550,76.44420783,0.365,-0.024,10.0,9.6,0.0,18.3,2047,1967,RTK FIXED
83.502,070911.80,10.48528000,76.44420500,10.48528001,76.44420500,658053.418,1159430.414,108.00,658053.421,1159430.417,-53.6,13,658053.942,1159429.614,10.48527550,76.44420783,0.365,-0.024,10.0,9.6,-0.5,18.2,2047,1967,RTK FIXED
83.556,070911.80,10.48528000,76.44420500,10.48528001,76.44420500,658053.418,1159430.414,108.00,658053.420,1159430.416,-53.6,13,658053.942,1159429.614,10.48527550,76.44420783,0.365,-0.024,10.0,9.6,0.5,17.8,2047,1967,RTK FIXED
83.610,070912.00,10.48528000,76.44420500,10.48528000,76.44420500,658053.418,1159430.414,108.00,658053.419,1159430.415,-53.6,13,658053.942,1159429.614,10.48527550,76.44420783,0.366,-0.021,10.0,9.7,0.0,17.6,2047,1979,RTK FIXED
83.656,070912.00,10.48528000,76.44420500,10.48528000,76.44420500,658053.418,1159430.414,108.00,658053.419,1159430.414,-53.6,13,658053.942,1159429.614,10.48527550,76.44420783,0.366,-0.021,10.0,9.7,0.0,17.6,2047,1979,RTK FIXED
83.710,070912.00,10.48528000,76.44420500,10.48528000,76.44420500,658053.418,1159430.414,108.00,658053.419,1159430.414,-53.6,13,658053.942,1159429.614,10.48527550,76.44420783,0.366,-0.021,10.0,9.7,0.0,15.8,2047,1979,RTK FIXED
83.756,070912.00,10.48528000,76.44420500,10.48528000,76.44420500,658053.418,1159430.414,108.00,658053.418,1159430.414,-53.6,13,658053.942,1159429.614,10.48527550,76.44420783,0.366,-0.021,10.0,9.7,-0.5,15.2,2047,1979,RTK FIXED
83.810,070912.20,10.48527900,76.44420500,10.48527960,76.44420500,658053.419,1159430.303,108.00,658053.418,1159430.370,-62.5,13,658053.942,1159429.614,10.48527550,76.44420783,0.364,0.030,9.5,10.0,0.5,15.1,1949,2047,RTK FIXED
83.855,070912.20,10.48527900,76.44420500,10.48527936,76.44420500,658053.419,1159430.303,108.00,658053.419,1159430.343,-62.5,13,658053.942,1159429.614,10.48527550,76.44420783,0.364,0.030,9.5,10.0,-0.6,15.0,1949,2047,RTK FIXED
83.910,070912.40,10.48527900,76.44420600,10.48527922,76.44420540,658053.577,1159430.332,108.00,658053.482,1159430.339,-62.5,13,658053.942,1159429.614,10.48527550,76.44420783,0.366,0.024,9.6,10.0,0.5,16.3,1967,2047,RTK FIXED
83.957,070912.40,10.48527900,76.44420600,10.48527913,76.44420564,658053.577,1159430.332,108.00,658053.520,1159430.336,-62.5,13,658053.942,1159429.614,10.48527550,76.44420783,0.366,0.024,9.6,10.0,-0.5,17.3,1967,2047,RTK FIXED
84.010,070912.60,10.48527900,76.44420600,10.48527908,76.44420578,658053.577,1159430.332,108.00,658053.543,1159430.335,-49.6,13,658053.942,1159429.614,10.48527550,76.44420783,0.361,-0.050,10.0,9.2,0.0,18.1,2047,1884,RTK FIXED
84.064,070912.60,10.48527900,76.44420600,10.48527905,76.44420587,658053.577,1159430.332,108.00,658053.557,1159430.334,-49.6,13,658053.942,1159429.614,10.48527550,76.44420783,0.361,-0.050,10.0,9.2,0.0,18.0,2047,1884,RTK FIXED
84.110,070912.60,10.48527900,76.44420600,10.48527903,76.44420592,658053.577,1159430.332,108.00,658053.565,1159430.333,-49.6,13,658053.942,1159429.614,10.48527550,76.44420783,0.361,-0.050,10.0,9.2,0.5,15.5,2047,1884,RTK FIXED
84.164,070912.60,10.48527900,76.44420600,10.48527902,76.44420595,658053.577,1159430.332,108.00,658053.570,1159430.333,-49.6,13,658053.942,1159429.614,10.48527550,76.44420783,0.361,-0.050,10.0,9.2,0.0,16.8,2047,1884,RTK FIXED
84.211,070912.60,10.48527900,76.44420600,10.48527901,76.44420597,658053.577,1159430.332,108.00,658053.573,1159430.333,-49.6,13,658053.942,1159429.614,10.48527550,76.44420783,0.361,-0.050,10.0,9.2,-0.5,16.2,2047,1884,RTK FIXED
84.264,070912.80,10.48527800,76.44420600,10.48527861,76.44420598,658053.508,1159430.177,108.00,658053.547,1159430.271,-49.6,13,658053.942,1159429.614,10.48527550,76.44420783,0.364,-0.051,10.0,9.2,0.0,16.1,2047,1881,RTK FIXED
84.310,070912.80,10.48527800,76.44420600,10.48527836,76.44420599,658053.508,1159430.177,108.00,658053.531,1159430.233,-49.6,13,658053.942,1159429.614,10.48527550,76.44420783,0.364,-0.051,10.0,9.2,0.5,15.8,2047,1881,RTK FIXED
84.364,070912.80,10.48527800,76.44420600,10.48527822,76.44420599,658053.508,1159430.177,108.00,658053.522,1159430.211,-49.6,13,658053.942,1159429.614,10.48527550,76.44420783,0.364,-0.051,10.0,9.2,0.0,16.7,2047,1881,RTK FIXED
84.410,070912.80,10.48527800,76.44420600,10.48527813,76.44420600,658053.508,1159430.177,108.00,658053.516,1159430.198,-49.6,13,658053.942,1159429.614,10.48527550,76.44420783,0.364,-0.051,10.0,9.2,-0.5,16.7,2047,1881,RTK FIXED
84.465,070913.00,10.48527800,76.44420600,10.48527808,76.44420600,658053.508,1159430.177,108.00,658053.513,1159430.190,-62.8,13,658053.942,1159429.614,10.48527550,76.44420783,0.364,0.022,9.6,10.0,0.0,16.6,1975,2047,RTK FIXED
84.510,070913.00,10.48527800,76.44420600,10.48527805,76.44420600,658053.508,1159430.177,108.00,658053.511,1159430.185,-62.8,13,658053.942,1159429.614,10.48527550,76.44420783,0.364,0.022,9.6,10.0,0.5,15.3,1975,2047,RTK FIXED
84.564,070913.00,10.48527800,76.44420600,10.48527803,76.44420600,658053.508,1159430.177,108.00,658053.510,1159430.182,-62.8,13,658053.942,1159429.614,10.48527550,76.44420783,0.364,0.022,9.6,10.0,-0.5,16.0,1975,2047,RTK FIXED
84.611,070913.00,10.48527800,76.44420600,10.48527802,76.44420600,658053.508,1159430.177,108.00,658053.509,1159430.180,-62.8,13,658053.942,1159429.614,10.48527550,76.44420783,0.364,0.022,9.6,10.0,0.5,15.8,1975,2047,RTK FIXED
84.665,070913.20,10.48527800,76.44420600,10.48527801,76.44420600,658053.580,1159430.223,108.00,658053.537,1159430.197,-62.8,13,658053.942,1159429.614,10.48527550,76.44420783,0.365,0.032,9.5,10.0,-0.5,14.4,1942,2047,RTK FIXED
84.718,070913.20,10.48527800,76.44420600,10.48527801,76.44420600,658053.580,1159430.223,108.00,658053.554,1159430.207,-62.8,13,658053.942,1159429.614,10.48527550,76.44420783,0.365,0.032,9.5,10.0,0.5,17.5,1942,2047,RTK FIXED
84.764,070913.20,10.48527800,76.44420600,10.48527800,76.44420600,658053.580,1159430.223,108.00,658053.564,1159430.213,-62.8,13,658053.942,1159429.614,10.48527550,76.44420783,0.365,0.032,9.5,10.0,0.0,17.6,1942,2047,RTK FIXED
84.819,070913.40,10.48527700,76.44420700,10.48527760,76.44420640,658053.690,1159430.113,108.00,658053.614,1159430.173,-53.7,13,658053.942,1159429.614,10.48527550,76.44420783,0.365,-0.016,10.0,9.7,-0.5,16.5,2047,1994,RTK FIXED
84.864,070913.40,10.48527700,76.44420700,10.48527736,76.44420664,658053.690,1159430.113,108.00,658053.644,1159430.149,-53.7,13,658053.942,1159429.614,10.48527550,76.44420783,0.365,-0.016,10.0,9.7,0.6,17.6,2047,1994,RTK FIXED
84.919,070913.40,10.48527700,76.44420700,10.48527722,76.44420678,658053.690,1159430.113,108.00,658053.663,1159430.134,-53.7,13,658053.942,1159429.614,10.48527550,76.44420783,0.365,-0.016,10.0,9.7,-0.5,18.1,2047,1994,RTK FIXED
84.965,070913.60,10.48527700,76.44420700,10.48527713,76.44420687,658053.639,1159430.083,108.00,658053.653,1159430.114,-53.7,13,658053.942,1159429.614,10.48527550,76.44420783,0.365,-0.025,10.0,9.6,0.0,17.2,2047,1965,RTK FIXED
85.019,070913.60,10.48527700,76.44420700,10.48527708,76.44420692,658053.639,1159430.083,108.00,658053.647,1159430.102,-53.7,13,658053.942,1159429.614,10.48527550,76.44420783,0.365,-0.025,10.0,9.6,0.0,17.2,2047,1965,RTK FIXED
85.064,070913.60,10.48527700,76.44420700,10.48527705,76.44420695,658053.639,1159430.083,108.00,658053.644,1159430.094,-53.7,13,658053.942,1159429.614,10.48527550,76.44420783,0.365,-0.025,10.0,9.6,0.6,17.2,2047,1965,RTK FIXED
85.118,070913.60,10.48527700,76.44420700,10.48527703,76.44420697,658053.639,1159430.083,108.00,658053.642,1159430.090,-53.7,13,658053.942,1159429.614,10.48527550,76.44420783,0.365,-0.025,10.0,9.6,-0.5,17.0,2047,1965,RTK FIXED
85.164,070913.60,10.48527700,76.44420700,10.48527702,76.44420698,658053.639,1159430.083,108.00,658053.641,1159430.087,-53.7,13,658053.942,1159429.614,10.48527550,76.44420783,0.365,-0.025,10.0,9.6,0.0,17.5,2047,1965,RTK FIXED
85.219,070913.60,10.48527700,76.44420700,10.48527701,76.44420699,658053.639,1159430.083,108.00,658053.640,1159430.085,-53.7,13,658053.942,1159429.614,10.48527550,76.44420783,0.365,-0.025,10.0,9.6,0.0,17.4,2047,1965,RTK FIXED
85.273,070913.80,10.48527700,76.44420700,10.48527701,76.44420699,658053.639,1159430.083,108.00,658053.640,1159430.084,-53.7,13,658053.942,1159429.614,10.48527550,76.44420783,0.365,-0.025,10.0,9.6,0.5,17.5,2047,1964,RTK FIXED
85.319,070913.80,10.48527700,76.44420700,10.48527700,76.44420700,658053.639,1159430.083,108.00,658053.639,1159430.084,-53.7,13,658053.942,1159429.614,10.48527550,76.44420783,0.365,-0.025,10.0,9.6,-0.5,18.0,2047,1964,RTK FIXED
85.373,070913.80,10.48527700,76.44420700,10.48527700,76.44420700,658053.639,1159430.083,108.00,658053.639,1159430.084,-53.7,13,658053.942,1159429.614,10.48527550,76.44420783,0.365,-0.025,10.0,9.6,0.0,15.8,2047,1964,RTK FIXED
85.418,070913.80,10.48527700,76.44420700,10.48527700,76.44420700,658053.639,1159430.083,108.00,658053.639,1159430.083,-53.7,13,658053.942,1159429.614,10.48527550,76.44420783,0.365,-0.025,10.0,9.6,0.0,18.1,2047,1964,RTK FIXED
85.473,070913.80,10.48527700,76.44420700,10.48527700,76.44420700,658053.639,1159430.083,108.00,658053.639,1159430.083,-53.7,13,658053.942,1159429.614,10.48527550,76.44420783,0.365,-0.025,10.0,9.6,0.5,17.0,2047,1964,RTK FIXED
85.519,070914.00,10.48527600,76.44420700,10.48527660,76.44420700,658053.639,1159429.972,108.00,658053.639,1159430.039,-60.3,13,658053.942,1159429.614,10.48527550,76.44420783,0.366,0.011,9.8,10.0,-0.5,17.7,2011,2047,RTK FIXED
85.573,070914.00,10.48527600,76.44420700,10.48527636,76.44420700,658053.639,1159429.972,108.00,658053.639,1159430.012,-60.3,13,658053.942,1159429.614,10.48527550,76.44420783,0.366,0.011,9.8,10.0,0.0,17.3,2011,2047,RTK FIXED
85.619,070914.00,10.48527600,76.44420700,10.48527622,76.44420700,658053.639,1159429.972,108.00,658053.639,1159429.996,-60.3,13,658053.942,1159429.614,10.48527550,76.44420783,0.366,0.011,9.8,10.0,0.5,17.9,2011,2047,RTK FIXED
85.673,070914.00,10.48527600,76.44420700,10.48527613,76.44420700,658053.639,1159429.972,108.00,658053.639,1159429.987,-60.3,13,658053.942,1159429.614,10.48527550,76.44420783,0.366,0.011,9.8,10.0,0.0,18.1,2011,2047,RTK FIXED
85.727,070914.20,10.48527600,76.44420700,10.48527608,76.44420700,658053.676,1159429.995,108.00,658053.654,1159429.990,-60.3,13,658053.942,1159429.614,10.48527550,76.44420783,0.366,0.019,9.7,10.0,0.0,18.4,1985,2047,RTK FIXED
85.773,070914.20,10.48527600,76.44420700,10.48527605,76.44420700,658053.676,1159429.995,108.00,658053.663,1159429.992,-60.3,13,658053.942,1159429.614,10.48527550,76.44420783,0.366,0.019,9.7,10.0,-0.5,19.1,1985,2047,RTK FIXED
85.819,070914.20,10.48527600,76.44420700,10.48527603,76.44420700,658053.676,1159429.995,108.00,658053.668,1159429.993,-60.3,13,658053.942,1159429.614,10.48527550,76.44420783,0.366,0.019,9.7,10.0,0.0,18.1,1985,2047,RTK FIXED
85.874,070914.40,10.48527600,76.44420700,10.48527602,76.44420700,658053.676,1159429.995,108.00,658053.671,1159429.994,-60.3,13,658053.942,1159429.614,10.48527550,76.44420783,0.366,0.020,9.7,10.0,0.0,16.4,1980,2047,RTK FIXED
85.927,070914.40,10.48527600,76.44420700,10.48527601,76.44420700,658053.676,1159429.995,108.00,658053.673,1159429.994,-60.3,13,658053.942,1159429.614,10.48527550,76.44420783,0.366,0.020,9.7,10.0,0.5,18.7,1980,2047,RTK FIXED
85.973,070914.40,10.48527600,76.44420700,10.48527601,76.44420700,658053.676,1159429.995,108.00,658053.674,1159429.994,-60.3,13,658053.942,1159429.614,10.48527550,76.44420783,0.366,0.020,9.7,10.0,0.0,17.9,1980,2047,RTK FIXED
86.026,070914.40,10.48527600,76.44420700,10.48527600,76.44420700,658053.676,1159429.995,108.00,658053.675,1159429.995,-60.3,13,658053.942,1159429.614,10.48527550,76.44420783,0.366,0.020,9.7,10.0,0.0,16.9,1980,2047,RTK FIXED
86.073,070914.40,10.48527600,76.44420700,10.48527600,76.44420700,658053.676,1159429.995,108.00,658053.675,1159429.995,-60.3,13,658053.942,1159429.614,10.48527550,76.44420783,0.366,0.020,9.7,10.0,0.0,18.2,1980,2047,RTK FIXED
86.128,070914.60,10.48527500,76.44420800,10.48527560,76.44420740,658053.786,1159429.885,108.00,658053.720,1159429.951,-57.3,13,658053.942,1159429.614,10.48527550,76.44420783,0.337,0.005,9.9,10.0,-0.5,18.7,2028,2047,RTK FIXED
86.173,070914.60,10.48527500,76.44420800,10.48527536,76.44420764,658053.786,1159429.885,108.00,658053.746,1159429.924,-57.3,13,658053.942,1159429.614,10.48527550,76.44420783,0.337,0.005,9.9,10.0,0.0,18.3,2028,2047,RTK FIXED
86.227,070914.60,10.48527500,76.44420800,10.48527522,76.44420778,658053.786,1159429.885,108.00,658053.762,1159429.909,-57.3,13,658053.942,1159429.614,10.48527550,76.44420783,0.337,0.005,9.9,10.0,0.5,18.0,2028,2047,RTK FIXED
86.274,070914.60,10.48527500,76.44420800,10.48527513,76.44420787,658053.786,1159429.885,108.00,658053.772,1159429.899,-57.3,13,658053.942,1159429.614,10.48527550,76.44420783,0.337,0.005,9.9,10.0,-0.5,18.3,2028,2047,RTK FIXED
86.327,070914.60,10.48527500,76.44420800,10.48527508,76.44420792,658053.786,1159429.885,108.00,658053.777,1159429.893,-57.3,13,658053.942,1159429.614,10.48527550,76.44420783,0.337,0.005,9.9,10.0,0.0,16.7,2028,2047,RTK FIXED
86.376,070914.80,10.48527500,76.44420800,10.48527505,76.44420795,658053.769,1159429.875,108.00,658053.774,1159429.886,-57.3,14,658054.512,1159428.676,10.48526700,76.44421300,0.366,0.001,10.0,10.0,0.5,16.5,2043,2047,RTK FIXED
86.427,070914.80,10.48527500,76.44420800,10.48527503,76.44420797,658053.769,1159429.875,108.00,658053.772,1159429.882,-57.3,14,658054.512,1159428.676,10.48526700,76.44421300,0.366,0.001,10.0,10.0,-0.5,18.9,2043,2047,RTK FIXED
86.480,070914.80,10.48527500,76.44420800,10.48527502,76.44420798,658053.769,1159429.875,108.00,658053.771,1159429.879,-57.3,14,658054.512,1159428.676,10.48526700,76.44421300,0.366,0.001,10.0,10.0,0.0,19.3,2043,2047,RTK FIXED
86.528,070915.00,10.48527500,76.44420800,10.48527501,76.44420799,658053.769,1159429.875,108.00,658053.770,1159429.877,-57.3,14,658054.512,1159428.676,10.48526700,76.44421300,0.366,0.000,10.0,10.0,0.0,18.5,2046,2047,RTK FIXED
86.581,070915.00,10.48527500,76.44420800,10.48527501,76.44420799,658053.769,1159429.875,108.00,658053.770,1159429.877,-57.3,14,658054.512,1159428.676,10.48526700,76.44421300,0.366,0.000,10.0,10.0,0.0,19.2,2046,2047,RTK FIXED
86.629,070915.00,10.48527500,76.44420800,10.48527500,76.44420800,658053.769,1159429.875,108.00,658053.769,1159429.876,-57.3,14,658054.512,1159428.676,10.48526700,76.44421300,0.366,0.000,10.0,10.0,0.5,18.5,2046,2047,RTK FIXED
86.682,070915.20,10.48527400,76.44420800,10.48527460,76.44420800,658053.769,1159429.764,108.00,658053.769,1159429.831,-60.5,14,658054.512,1159428.676,10.48526700,76.44421300,0.366,0.015,9.8,10.0,0.0,18.8,1998,2047,RTK FIXED
86.727,070915.20,10.48527400,76.44420800,10.48527436,76.44420800,658053.769,1159429.764,108.00,658053.769,1159429.805,-60.5,14,658054.512,1159428.676,10.48526700,76.44421300,0.366,0.015,9.8,10.0,0.0,15.9,1998,2047,RTK FIXED
86.782,070915.20,10.48527400,76.44420800,10.48527422,76.44420800,658053.769,1159429.764,108.00,658053.769,1159429.789,-60.5,14,658054.512,1159428.676,10.48526700,76.44421300,0.366,0.015,9.8,10.0,0.0,18.5,1998,2047,RTK FIXED
86.828,070915.20,10.48527400,76.44420800,10.48527413,76.44420800,658053.769,1159429.764,108.00,658053.769,1159429.779,-60.5,14,658054.512,1159428.676,10.48526700,76.44421300,0.366,0.015,9.8,10.0,-0.5,18.5,1998,2047,RTK FIXED
86.882,070915.20,10.48527400,76.44420800,10.48527408,76.44420800,658053.769,1159429.764,108.00,658053.769,1159429.773,-60.5,14,658054.512,1159428.676,10.48526700,76.44421300,0.366,0.015,9.8,10.0,0.5,18.5,1998,2047,RTK FIXED
86.928,070915.40,10.48527400,76.44420800,10.48527405,76.44420800,658053.788,1159429.775,108.00,658053.777,1159429.774,-60.5,14,658054.512,1159428.676,10.48526700,76.44421300,0.366,0.020,9.7,10.0,0.0,18.3,1980,2047,RTK FIXED
86.982,070915.40,10.48527400,76.44420800,10.48527403,76.44420800,658053.788,1159429.775,108.00,658053.781,1159429.774,-60.5,14,658054.512,1159428.676,10.48526700,76.44421300,0.366,0.020,9.7,10.0,-0.5,18.2,1980,2047,RTK FIXED
87.035,070915.40,10.48527400,76.44420800,10.48527402,76.44420800,658053.788,1159429.775,108.00,658053.784,1159429.774,-60.5,14,658054.512,1159428.676,10.48526700,76.44421300,0.366,0.020,9.7,10.0,0.5,16.5,1980,2047,RTK FIXED
87.082,070915.40,10.48527400,76.44420800,10.48527401,76.44420800,658053.788,1159429.775,108.00,658053.785,1159429.775,-60.5,14,658054.512,1159428.676,10.48526700,76.44421300,0.366,0.020,9.7,10.0,0.0,18.5,1980,2047,RTK FIXED
87.135,070915.60,10.48527400,76.44420900,10.48527401,76.44420840,658053.897,1159429.775,108.00,658053.830,1159429.775,-60.5,14,658054.512,1159428.676,10.48526700,76.44421300,0.366,0.011,9.8,10.0,0.0,16.0,2011,2047,RTK FIXED
87.182,070915.60,10.48527400,76.44420900,10.48527400,76.44420864,658053.897,1159429.775,108.00,658053.857,1159429.775,-60.5,14,658054.512,1159428.676,10.48526700,76.44421300,0.366,0.011,9.8,10.0,0.0,18.8,2011,2047,RTK FIXED
87.236,070915.60,10.48527400,76.44420900,10.48527400,76.44420878,658053.897,1159429.775,108.00,658053.873,1159429.775,-60.5,14,658054.512,1159428.676,10.48526700,76.44421300,0.366,0.011,9.8,10.0,-0.5,18.2,2011,2047,RTK FIXED
87.282,070915.60,10.48527400,76.44420900,10.48527400,76.44420887,658053.897,1159429.775,108.00,658053.883,1159429.775,-60.5,14,658054.512,1159428.676,10.48526700,76.44421300,0.366,0.011,9.8,10.0,0.5,18.2,2011,2047,RTK FIXED
87.336,070915.80,10.48527300,76.44420900,10.48527360,76.44420892,658053.898,1159429.665,108.00,658053.889,1159429.731,-56.6,14,658054.512,1159428.676,10.48526700,76.44421300,0.366,0.000,10.0,10.0,0.0,18.2,2046,2047,RTK FIXED
87.382,070915.80,10.48527300,76.44420900,10.48527336,76.44420895,658053.898,1159429.665,108.00,658053.892,1159429.704,-56.6,14,658054.512,1159428.676,10.48526700,76.44421300,0.366,0.000,10.0,10.0,-0.5,18.6,2046,2047,RTK FIXED
87.436,070915.80,10.48527300,76.44420900,10.48527322,76.44420897,658053.898,1159429.665,108.00,658053.894,1159429.688,-56.6,14,658054.512,1159428.676,10.48526700,76.44421300,0.366,0.000,10.0,10.0,0.5,18.5,2046,2047,RTK FIXED
87.482,070915.80,10.48527300,76.44420900,10.48527313,76.44420898,658053.898,1159429.665,108.00,658053.896,1159429.679,-56.6,14,658054.512,1159428.676,10.48526700,76.44421300,0.366,0.000,10.0,10.0,0.0,16.7,2046,2047,RTK FIXED
87.536,070916.00,10.48527300,76.44420900,10.48527308,76.44420899,658053.876,1159429.652,108.00,658053.888,1159429.668,-56.6,14,658054.512,1159428.676,10.48526700,76.44421300,0.366,0.000,10.0,10.0,0.0,16.6,2047,2047,RTK FIXED
87.590,070916.00,10.48527300,76.44420900,10.48527305,76.44420899,658053.876,1159429.652,108.00,658053.883,1159429.662,-56.6,14,658054.512,1159428.676,10.48526700,76.44421300,0.366,0.000,10.0,10.0,0.0,18.8,2047,2047,RTK FIXED
87.636,070916.00,10.48527300,76.44420900,10.48527303,76.44420900,658053.876,1159429.652,108.00,658053.880,1159429.658,-56.6,14,658054.512,1159428.676,10.48526700,76.44421300,0.366,0.000,10.0,10.0,-0.5,14.6,2047,2047,RTK FIXED
87.690,070916.20,10.48527300,76.44420900,10.48527302,76.44420900,658053.876,1159429.652,108.00,658053.878,1159429.656,-56.6,14,658054.512,1159428.676,10.48526700,76.44421300,0.366,0.000,10.0,10.0,0.0,16.6,2047,2047,RTK FIXED
87.736,070916.20,10.48527300,76.44420900,10.48527301,76.44420900,658053.876,1159429.652,108.00,658053.877,1159429.654,-56.6,14,658054.512,1159428.676,10.48526700,76.44421300,0.366,0.000,10.0,10.0,0.5,18.0,2047,2047,RTK FIXED
87.790,070916.20,10.48527300,76.44420900,10.48527301,76.44420900,658053.876,1159429.652,108.00,658053.877,1159429.653,-56.6,14,658054.512,1159428.676,10.48526700,76.44421300,0.366,0.000,10.0,10.0,0.0,17.9,2047,2047,RTK FIXED
87.836,070916.40,10.48527300,76.44420900,10.48527300,76.44420900,658053.876,1159429.652,108.00,658053.876,1159429.653,-56.6,14,658054.512,1159428.676,10.48526700,76.44421300,0.366,0.000,10.0,10.0,0.0,18.0,2047,2047,RTK FIXED
87.890,070916.40,10.48527300,76.44420900,10.48527300,76.44420900,658053.876,1159429.652,108.00,658053.876,1159429.652,-56.6,14,658054.512,1159428.676,10.48526700,76.44421300,0.366,0.000,10.0,10.0,0.0,16.3,2047,2047,RTK FIXED
87.935,070916.40,10.48527300,76.44420900,10.48527300,76.44420900,658053.876,1159429.652,108.00,658053.876,1159429.652,-56.6,14,658054.512,1159428.676,10.48526700,76.44421300,0.366,0.000,10.0,10.0,-0.5,18.1,2047,2047,RTK FIXED
87.990,070916.40,10.48527300,76.44420900,10.48527300,76.44420900,658053.876,1159429.652,108.00,658053.876,1159429.652,-56.6,14,658054.512,1159428.676,10.48526700,76.44421300,0.366,0.000,10.0,10.0,0.0,18.3,2047,2047,RTK FIXED
88.035,070916.40,10.48527300,76.44420900,10.48527300,76.44420900,658053.876,1159429.652,108.00,658053.876,1159429.652,-56.6,14,658054.512,1159428.676,10.48526700,76.44421300,0.366,0.000,10.0,10.0,0.5,18.1,2047,2047,RTK FIXED
88.091,070916.60,10.48527200,76.44420900,10.48527260,76.44420900,658053.876,1159429.541,108.00,658053.876,1159429.608,-63.7,14,658054.512,1159428.676,10.48526700,76.44421300,0.363,0.045,9.3,10.0,0.0,18.1,1900,2047,RTK FIXED
88.143,070916.60,10.48527200,76.44420900,10.48527236,76.44420900,658053.876,1159429.541,108.00,658053.876,1159429.581,-63.7,14,658054.512,1159428.676,10.48526700,76.44421300,0.363,0.045,9.3,10.0,0.0,18.1,1900,2047,RTK FIXED
88.190,070916.60,10.48527200,76.44420900,10.48527222,76.44420900,658053.876,1159429.541,108.00,658053.876,1159429.565,-63.7,14,658054.512,1159428.676,10.48526700,76.44421300,0.363,0.045,9.3,10.0,-0.5,18.0,1900,2047,RTK FIXED
88.243,070916.60,10.48527200,76.44420900,10.48527213,76.44420900,658053.876,1159429.541,108.00,658053.876,1159429.556,-63.7,14,658054.512,1159428.676,10.48526700,76.44421300,0.363,0.045,9.3,10.0,0.0,18.4,1900,2047,RTK FIXED
88.291,070916.80,10.48527200,76.44421000,10.48527208,76.44420940,658054.026,1159429.564,108.00,658053.936,1159429.559,-63.7,14,658054.512,1159428.676,10.48526700,76.44421300,0.365,0.040,9.4,10.0,0.5,18.0,1916,2047,RTK FIXED
88.344,070916.80,10.48527200,76.44421000,10.48527205,76.44420964,658054.026,1159429.564,108.00,658053.972,1159429.561,-63.7,14,658054.512,1159428.676,10.48526700,76.44421300,0.365,0.040,9.4,10.0,0.0,18.3,1916,2047,RTK FIXED
88.390,070916.80,10.48527200,76.44421000,10.48527203,76.44420978,658054.026,1159429.564,108.00,658053.994,1159429.562,-63.7,14,658054.512,1159428.676,10.48526700,76.44421300,0.365,0.040,9.4,10.0,0.0,18.3,1916,2047,RTK FIXED
88.444,070917.00,10.48527100,76.44421000,10.48527162,76.44420987,658054.027,1159429.453,108.00,658054.007,1159429.518,-56.4,14,658054.512,1159428.676,10.48526700,76.44421300,0.366,0.009,9.9,10.0,0.0,15.8,2016,2047,RTK FIXED
88.490,070917.00,10.48527100,76.44421000,10.48527137,76.44420992,658054.027,1159429.453,108.00,658054.015,1159429.492,-56.4,14,658054.512,1159428.676,10.48526700,76.44421300,0.366,0.009,9.9,10.0,0.0,17.9,2016,2047,RTK FIXED
88.545,070917.00,10.48527100,76.44421000,10.48527122,76.44420995,658054.027,1159429.453,108.00,658054.020,1159429.477,-56.4,14,658054.512,1159428.676,10.48526700,76.44421300,0.366,0.009,9.9,10.0,0.0,18.0,2016,2047,RTK FIXED
88.591,070917.20,10.48527100,76.44421000,10.48527113,76.44420997,658053.985,1159429.431,108.00,658054.006,1159429.458,-56.4,14,658054.512,1159428.676,10.48526700,76.44421300,0.366,0.002,10.0,10.0,0.0,17.8,2039,2047,RTK FIXED
88.644,070917.20,10.48527100,76.44421000,10.48527108,76.44420998,658053.985,1159429.431,108.00,658053.997,1159429.447,-56.4,14,658054.512,1159428.676,10.48526700,76.44421300,0.366,0.002,10.0,10.0,-0.5,15.9,2039,2047,RTK FIXED
88.690,070917.20,10.48527100,76.44421000,10.48527105,76.44420999,658053.985,1159429.431,108.00,658053.992,1159429.441,-56.4,14,658054.512,1159428.676,10.48526700,76.44421300,0.366,0.002,10.0,10.0,0.5,18.6,2039,2047,RTK FIXED
88.745,070917.40,10.48527100,76.44421000,10.48527103,76.44420999,658053.985,1159429.431,108.00,658053.989,1159429.437,-56.4,14,658054.512,1159428.676,10.48526700,76.44421300,0.366,0.001,10.0,10.0,-0.5,17.8,2045,2047,RTK FIXED
88.798,070917.40,10.48527100,76.44421000,10.48527102,76.44421000,658053.985,1159429.431,108.00,658053.988,1159429.434,-56.4,14,658054.512,1159428.676,10.48526700,76.44421300,0.366,0.001,10.0,10.0,0.0,18.2,2045,2047,RTK FIXED
88.845,070917.40,10.48527100,76.44421000,10.48527101,76.44421000,658053.985,1159429.431,108.00,658053.986,1159429.433,-56.4,14,658054.512,1159428.676,10.48526700,76.44421300,0.366,0.001,10.0,10.0,0.5,16.2,2045,2047,RTK FIXED
88.899,070917.40,10.48527100,76.44421000,10.48527101,76.44421000,658053.985,1159429.431,108.00,658053.986,1159429.432,-56.4,14,658054.512,1159428.676,10.48526700,76.44421300,0.366,0.001,10.0,10.0,0.0,19.1,2045,2047,RTK FIXED
88.945,070917.40,10.48527100,76.44421000,10.48527100,76.44421000,658053.985,1159429.431,108.00,658053.985,1159429.431,-56.4,14,658054.512,1159428.676,10.48526700,76.44421300,0.366,0.001,10.0,10.0,-0.5,18.4,2045,2047,RTK FIXED
88.999,070917.40,10.48527100,76.44421000,10.48527100,76.44421000,658053.985,1159429.431,108.00,658053.985,1159429.431,-56.4,14,658054.512,1159428.676,10.48526700,76.44421300,0.366,0.001,10.0,10.0,0.0,18.5,2045,2047,RTK FIXED
89.045,070917.60,10.48527000,76.44421000,10.48527060,76.44421000,658053.985,1159429.320,108.00,658053.985,1159429.387,-65.0,14,658054.512,1159428.676,10.48526700,76.44421300,0.360,0.060,9.0,10.0,0.5,18.8,1851,2047,RTK FIXED
89.099,070917.60,10.48527000,76.44421000,10.48527036,76.44421000,658053.985,1159429.320,108.00,658053.985,1159429.360,-65.0,14,658054.512,1159428.676,10.48526700,76.44421300,0.360,0.060,9.0,10.0,0.0,16.8,1851,2047,RTK FIXED
89.144,070917.60,10.48527000,76.44421000,10.48527022,76.44421000,658053.985,1159429.320,108.00,658053.985,1159429.344,-65.0,14,658054.512,1159428.676,10.48526700,76.44421300,0.360,0.060,9.0,10.0,0.0,18.7,1851,2047,RTK FIXED
89.199,070917.60,10.48527000,76.44421000,10.48527013,76.44421000,658053.985,1159429.320,108.00,658053.985,1159429.334,-65.0,14,658054.512,1159428.676,10.48526700,76.44421300,0.360,0.060,9.0,10.0,0.0,18.8,1851,2047,RTK FIXED
89.244,070917.60,10.48527000,76.44421000,10.48527008,76.44421000,658053.985,1159429.320,108.00,658053.985,1159429.329,-65.0,14,658054.512,1159428.676,10.48526700,76.44421300,0.360,0.060,9.0,10.0,0.0,19.2,1851,2047,RTK FIXED
89.299,070917.80,10.48527000,76.44421100,10.48527005,76.44421040,658054.144,1159429.346,108.00,658054.049,1159429.336,-65.0,14,658054.512,1159428.676,10.48526700,76.44421300,0.363,0.058,9.1,10.0,0.0,18.2,1861,2047,RTK FIXED
89.353,070917.80,10.48527000,76.44421100,10.48527003,76.44421064,658054.144,1159429.346,108.00,658054.087,1159429.340,-65.0,14,658054.512,1159428.676,10.48526700,76.44421300,0.363,0.058,9.1,10.0,-0.5,18.7,1861,2047,RTK FIXED
89.398,070917.80,10.48527000,76.44421100,10.48527002,76.44421078,658054.144,1159429.346,108.00,658054.110,1159429.343,-65.0,14,658054.512,1159428.676,10.48526700,76.44421300,0.363,0.058,9.1,10.0,0.5,16.4,1861,2047,RTK FIXED
89.453,070917.80,10.48527000,76.44421100,10.48527001,76.44421087,658054.144,1159429.346,108.00,658054.124,1159429.344,-65.0,14,658054.512,1159428.676,10.48526700,76.44421300,0.363,0.058,9.1,10.0,-0.5,18.0,1861,2047,RTK FIXED
89.499,070917.80,10.48527000,76.44421100,10.48527001,76.44421092,658054.144,1159429.346,108.00,658054.132,1159429.345,-65.0,14,658054.512,1159428.676,10.48526700,76.44421300,0.363,0.058,9.1,10.0,0.5,18.4,1861,2047,RTK FIXED
89.553,070918.00,10.48527000,76.44421100,10.48527000,76.44421095,658054.144,1159429.346,108.00,658054.137,1159429.346,-51.9,14,658054.512,1159428.676,10.48526700,76.44421300,0.364,-0.017,10.0,9.7,0.0,18.4,2047,1991,RTK FIXED
89.599,070918.00,10.48527000,76.44421100,10.48527000,76.44421097,658054.144,1159429.346,108.00,658054.140,1159429.346,-51.9,14,658054.512,1159428.676,10.48526700,76.44421300,0.364,-0.017,10.0,9.7,-0.5,18.5,2047,1991,RTK FIXED
89.653,070918.00,10.48527000,76.44421100,10.48527000,76.44421098,658054.144,1159429.346,108.00,658054.141,1159429.346,-51.9,14,658054.512,1159428.676,10.48526700,76.44421300,0.364,-0.017,10.0,9.7,0.0,16.2,2047,1991,RTK FIXED
89.699,070918.00,10.48527000,76.44421100,10.48527000,76.44421099,658054.144,1159429.346,108.00,658054.143,1159429.346,-51.9,14,658054.512,1159428.676,10.48526700,76.44421300,0.364,-0.017,10.0,9.7,0.5,18.4,2047,1991,RTK FIXED
89.754,070918.20,10.48527000,76.44421100,10.48527000,76.44421099,658054.071,1159429.304,108.00,658054.114,1159429.329,-51.9,14,658054.512,1159428.676,10.48526700,76.44421300,0.365,-0.027,10.0,9.6,-0.5,17.9,2047,1957,RTK FIXED
89.807,070918.20,10.48527000,76.44421100,10.48527000,76.44421100,658054.071,1159429.304,108.00,658054.097,1159429.319,-51.9,14,658054.512,1159428.676,10.48526700,76.44421300,0.365,-0.027,10.0,9.6,0.5,17.8,2047,1957,RTK FIXED
89.852,070918.20,10.48527000,76.44421100,10.48527000,76.44421100,658054.071,1159429.304,108.00,658054.086,1159429.313,-51.9,14,658054.512,1159428.676,10.48526700,76.44421300,0.365,-0.027,10.0,9.6,-0.6,18.2,2047,1957,RTK FIXED
89.907,070918.40,10.48526900,76.44421100,10.48526960,76.44421100,658054.072,1159429.194,108.00,658054.081,1159429.265,-65.2,14,658054.512,1159428.676,10.48526700,76.44421300,0.361,0.048,9.2,10.0,0.0,17.7,1890,2047,RTK FIXED
89.953,070918.40,10.48526900,76.44421100,10.48526936,76.44421100,658054.072,1159429.194,108.00,658054.077,1159429.237,-65.2,14,658054.512,1159428.676,10.48526700,76.44421300,0.361,0.048,9.2,10.0,0.5,16.4,1890,2047,RTK FIXED
90.008,070918.40,10.48526900,76.44421100,10.48526922,76.44421100,658054.072,1159429.194,108.00,658054.075,1159429.220,-65.2,14,658054.512,1159428.676,10.48526700,76.44421300,0.361,0.048,9.2,10.0,-0.5,18.4,1890,2047,RTK FIXED
90.054,070918.60,10.48526900,76.44421100,10.48526913,76.44421100,658054.146,1159429.236,108.00,658054.103,1159429.226,-65.2,14,658054.512,1159428.676,10.48526700,76.44421300,0.362,0.061,9.0,10.0,0.0,18.5,1850,2047,RTK FIXED
90.107,070918.60,10.48526900,76.44421100,10.48526908,76.44421100,658054.146,1159429.236,108.00,658054.120,1159429.230,-65.2,14,658054.512,1159428.676,10.48526700,76.44421300,0.362,0.061,9.0,10.0,0.0,18.2,1850,2047,RTK FIXED
90.153,070918.60,10.48526900,76.44421100,10.48526905,76.44421100,658054.146,1159429.236,108.00,658054.130,1159429.233,-65.2,14,658054.512,1159428.676,10.48526700,76.44421300,0.362,0.061,9.0,10.0,0.0,16.8,1850,2047,RTK FIXED
90.207,070918.60,10.48526900,76.44421100,10.48526903,76.44421100,658054.146,1159429.236,108.00,658054.136,1159429.234,-65.2,14,658054.512,1159428.676,10.48526700,76.44421300,0.362,0.061,9.0,10.0,0.5,16.7,1850,2047,RTK FIXED
90.262,070918.80,10.48526900,76.44421200,10.48526902,76.44421140,658054.255,1159429.237,108.00,658054.184,1159429.235,-51.3,14,658054.512,1159428.676,10.48526700,76.44421300,0.364,-0.023,10.0,9.6,0.0,17.9,2047,1972,RTK FIXED
90.307,070918.80,10.48526900,76.44421200,10.48526901,76.44421164,658054.255,1159429.237,108.00,658054.212,1159429.236,-51.3,14,658054.512,1159428.676,10.48526700,76.44421300,0.364,-0.023,10.0,9.6,0.0,18.6,2047,1972,RTK FIXED
90.361,070918.80,10.48526900,76.44421200,10.48526901,76.44421178,658054.255,1159429.237,108.00,658054.229,1159429.236,-51.3,14,658054.512,1159428.676,10.48526700,76.44421300,0.364,-0.023,10.0,9.6,-0.5,17.2,2047,1972,RTK FIXED
90.407,070918.80,10.48526900,76.44421200,10.48526900,76.44421187,658054.255,1159429.237,108.00,658054.240,1159429.236,-51.3,14,658054.512,1159428.676,10.48526700,76.44421300,0.364,-0.023,10.0,9.6,0.5,17.3,2047,1972,RTK FIXED
90.461,070918.80,10.48526900,76.44421200,10.48526900,76.44421192,658054.255,1159429.237,108.00,658054.246,1159429.237,-51.3,14,658054.512,1159428.676,10.48526700,76.44421300,0.364,-0.023,10.0,9.6,-0.5,15.3,2047,1972,RTK FIXED
90.508,070919.00,10.48526900,76.44421200,10.48526900,76.44421195,658054.178,1159429.192,108.00,658054.219,1159429.219,-51.3,14,658054.512,1159428.676,10.48526700,76.44421300,0.364,-0.040,10.0,9.4,0.5,17.8,2047,1916,RTK FIXED
90.566,070919.00,10.48526900,76.44421200,10.48526900,76.44421197,658054.178,1159429.192,108.00,658054.202,1159429.208,-51.3,14,658054.512,1159428.676,10.48526700,76.44421300,0.364,-0.040,10.0,9.4,0.0,16.4,2047,1916,RTK FIXED
90.607,070919.00,10.48526900,76.44421200,10.48526900,76.44421198,658054.178,1159429.192,108.00,658054.192,1159429.201,-51.3,14,658054.512,1159428.676,10.48526700,76.44421300,0.364,-0.040,10.0,9.4,0.0,13.5,2047,1916,RTK FIXED
90.662,070919.20,10.48526800,76.44421200,10.48526860,76.44421199,658054.178,1159429.081,108.00,658054.187,1159429.153,-61.1,14,658054.512,1159428.676,10.48526700,76.44421300,0.365,0.011,9.8,10.0,-0.5,17.0,2010,2047,RTK FIXED
90.707,070919.20,10.48526800,76.44421200,10.48526836,76.44421199,658054.178,1159429.081,108.00,658054.183,1159429.124,-61.1,14,658054.512,1159428.676,10.48526700,76.44421300,0.365,0.011,9.8,10.0,0.0,17.5,2010,2047,RTK FIXED
90.762,070919.20,10.48526800,76.44421200,10.48526822,76.44421200,658054.178,1159429.081,108.00,658054.181,1159429.107,-61.1,14,658054.512,1159428.676,10.48526700,76.44421300,0.365,0.011,9.8,10.0,0.0,17.0,2010,2047,RTK FIXED
90.815,070919.20,10.48526800,76.44421200,10.48526813,76.44421200,658054.178,1159429.081,108.00,658054.180,1159429.097,-61.1,14,658054.512,1159428.676,10.48526700,76.44421300,0.365,0.011,9.8,10.0,0.5,16.8,2010,2047,RTK FIXED
90.862,070919.40,10.48526800,76.44421200,10.48526808,76.44421200,658054.232,1159429.115,108.00,658054.201,1159429.104,-61.1,14,658054.512,1159428.676,10.48526700,76.44421300,0.366,0.020,9.7,10.0,-0.5,17.3,1980,2047,RTK FIXED
90.915,070919.40,10.48526800,76.44421200,10.48526805,76.44421200,658054.232,1159429.115,108.00,658054.213,1159429.108,-61.1,14,658054.512,1159428.676,10.48526700,76.44421300,0.366,0.020,9.7,10.0,0.5,15.8,1980,2047,RTK FIXED
90.962,070919.40,10.48526800,76.44421200,10.48526803,76.44421200,658054.232,1159429.115,108.00,658054.221,1159429.111,-61.1,14,658054.512,1159428.676,10.48526700,76.44421300,0.366,0.020,9.7,10.0,0.0,17.8,1980,2047,RTK FIXED
91.015,070919.40,10.48526800,76.44421200,10.48526802,76.44421200,658054.232,1159429.115,108.00,658054.225,1159429.113,-61.1,14,658054.512,1159428.676,10.48526700,76.44421300,0.366,0.020,9.7,10.0,-0.5,15.8,1980,2047,RTK FIXED
91.062,070919.40,10.48526800,76.44421200,10.48526801,76.44421200,658054.232,1159429.115,108.00,658054.228,1159429.114,-61.1,14,658054.512,1159428.676,10.48526700,76.44421300,0.366,0.020,9.7,10.0,0.5,18.3,1980,2047,RTK FIXED
91.115,070919.60,10.48526800,76.44421200,10.48526801,76.44421200,658054.232,1159429.115,108.00,658054.230,1159429.114,-61.1,14,658054.512,1159428.676,10.48526700,76.44421300,0.366,0.020,9.7,10.0,0.0,17.3,1980,2047,RTK FIXED
91.162,070919.60,10.48526800,76.44421200,10.48526800,76.44421200,658054.232,1159429.115,108.00,658054.231,1159429.114,-61.1,14,658054.512,1159428.676,10.48526700,76.44421300,0.366,0.020,9.7,10.0,-0.5,17.6,1980,2047,RTK FIXED
91.216,070919.60,10.48526800,76.44421200,10.48526800,76.44421200,658054.232,1159429.115,108.00,658054.231,1159429.115,-61.1,14,658054.512,1159428.676,10.48526700,76.44421300,0.366,0.020,9.7,10.0,0.5,17.8,1980,2047,RTK FIXED
91.262,070919.60,10.48526800,76.44421200,10.48526800,76.44421200,658054.232,1159429.115,108.00,658054.231,1159429.115,-61.1,14,658054.512,1159428.676,10.48526700,76.44421300,0.366,0.020,9.7,10.0,0.0,17.3,1980,2047,RTK FIXED
91.316,070919.80,10.48526700,76.44421300,10.48526760,76.44421240,658054.342,1159429.005,108.00,658054.276,1159429.071,-56.0,14,658054.512,1159428.676,10.48526700,76.44421300,0.366,-0.003,10.0,9.9,0.0,17.5,2047,2036,RTK FIXED
91.362,070919.80,10.48526700,76.44421300,10.48526736,76.44421264,658054.342,1159429.005,108.00,658054.302,1159429.044,-56.0,14,658054.512,1159428.676,10.48526700,76.44421300,0.366,-0.003,10.0,9.9,-0.5,16.4,2047,2036,RTK FIXED
91.415,070919.80,10.48526700,76.44421300,10.48526722,76.44421278,658054.342,1159429.005,108.00,658054.318,1159429.029,-56.0,14,658054.512,1159428.676,10.48526700,76.44421300,0.366,-0.003,10.0,9.9,0.0,17.4,2047,2036,RTK FIXED
91.470,070920.00,10.48526700,76.44421300,10.48526713,76.44421287,658054.313,1159428.988,108.00,658054.316,1159429.012,-56.0,14,658054.512,1159428.676,10.48526700,76.44421300,0.347,-0.008,10.0,9.9,0.0,18.2,2047,2018,RTK FIXED
91.516,070920.00,10.48526700,76.44421300,10.48526708,76.44421292,658054.313,1159428.988,108.00,658054.315,1159429.003,-56.0,14,658054.512,1159428.676,10.48526700,76.44421300,0.347,-0.008,10.0,9.9,0.5,18.6,2047,2018,RTK FIXED
91.570,070920.00,10.48526700,76.44421300,10.48526705,76.44421295,658054.313,1159428.988,108.00,658054.314,1159428.997,-56.0,14,658054.512,1159428.676,10.48526700,76.44421300,0.347,-0.008,10.0,9.9,0.0,18.1,2047,2018,RTK FIXED
91.616,070920.00,10.48526700,76.44421300,10.48526703,76.44421297,658054.313,1159428.988,108.00,658054.314,1159428.994,-56.0,14,658054.512,1159428.676,10.48526700,76.44421300,0.347,-0.008,10.0,9.9,-0.5,18.4,2047,2018,RTK FIXED
91.670,070920.00,10.48526700,76.44421300,10.48526702,76.44421298,658054.313,1159428.988,108.00,658054.313,1159428.991,-56.0,14,658054.512,1159428.676,10.48526700,76.44421300,0.347,-0.008,10.0,9.9,0.0,17.9,2047,2018,RTK FIXED
91.716,070920.20,10.48526700,76.44421300,10.48526701,76.44421299,658054.313,1159428.988,108.00,658054.313,1159428.990,-56.0,14,658054.512,1159428.676,10.48526700,76.44421300,0.327,-0.009,10.0,9.8,0.5,18.5,2047,2014,RTK FIXED
91.770,070920.20,10.48526700,76.44421300,10.48526701,76.44421299,658054.313,1159428.988,108.00,658054.313,1159428.989,-56.0,14,658054.512,1159428.676,10.48526700,76.44421300,0.327,-0.009,10.0,9.8,0.0,18.1,2047,2014,RTK FIXED
91.815,070920.20,10.48526700,76.44421300,10.48526700,76.44421300,658054.313,1159428.988,108.00,658054.313,1159428.989,-56.0,14,658054.512,1159428.676,10.48526700,76.44421300,0.327,-0.009,10.0,9.8,0.0,15.5,2047,2014,RTK FIXED
91.870,070920.20,10.48526700,76.44421300,10.48526700,76.44421300,658054.313,1159428.988,108.00,658054.313,1159428.989,-56.0,14,658054.512,1159428.676,10.48526700,76.44421300,0.327,-0.009,10.0,9.8,0.0,18.8,2047,2014,RTK FIXED
91.916,070920.20,10.48526700,76.44421300,10.48526700,76.44421300,658054.313,1159428.988,108.00,658054.313,1159428.989,-56.0,14,658054.512,1159428.676,10.48526700,76.44421300,0.327,-0.009,10.0,9.8,-0.5,16.3,2047,2014,RTK FIXED
91.973,070920.40,10.48526600,76.44421300,10.48526660,76.44421300,658054.314,1159428.878,108.00,658054.313,1159428.944,-60.7,15,658053.257,1159427.896,10.48526000,76.44420150,0.332,-0.215,10.0,6.7,0.4,18.5,2047,1564,RTK FIXED
92.016,070920.40,10.48526600,76.44421300,10.48526636,76.44421300,658054.314,1159428.878,108.00,658054.313,1159428.918,-60.7,15,658053.257,1159427.896,10.48526000,76.44420150,0.332,-0.215,10.0,6.7,0.0,18.6,2047,1381,RTK FIXED
92.070,070920.40,10.48526600,76.44421300,10.48526622,76.44421300,658054.314,1159428.878,108.00,658054.313,1159428.902,-60.7,15,658053.257,1159427.896,10.48526000,76.44420150,0.332,-0.215,10.0,6.7,0.0,18.0,2047,1381,RTK FIXED
92.123,070920.40,10.48526600,76.44421300,10.48526613,76.44421300,658054.314,1159428.878,108.00,658054.314,1159428.892,-60.7,15,658053.257,1159427.896,10.48526000,76.44420150,0.332,-0.215,10.0,6.7,0.0,17.4,2047,1381,RTK FIXED
92.171,070920.60,10.48526600,76.44421300,10.48526608,76.44421300,658054.340,1159428.893,108.00,658054.324,1159428.892,-60.7,15,658053.257,1159427.896,10.48526000,76.44420150,0.332,-0.266,10.0,6.1,-0.5,16.9,2047,1252,RTK FIXED
92.223,070920.60,10.48526600,76.44421300,10.48526605,76.44421300,658054.340,1159428.893,108.00,658054.330,1159428.893,-60.7,15,658053.257,1159427.896,10.48526000,76.44420150,0.332,-0.266,10.0,6.1,0.0,15.6,2047,1252,RTK FIXED
92.270,070920.60,10.48526600,76.44421300,10.48526603,76.44421300,658054.340,1159428.893,108.00,658054.334,1159428.893,-60.7,15,658053.257,1159427.896,10.48526000,76.44420150,0.332,-0.266,10.0,6.1,0.5,14.9,2047,1252,RTK FIXED
92.324,070920.60,10.48526600,76.44421300,10.48526602,76.44421300,658054.340,1159428.893,108.00,658054.336,1159428.893,-60.7,15,658053.257,1159427.896,10.48526000,76.44420150,0.332,-0.266,10.0,6.1,0.0,14.8,2047,1252,RTK FIXED
92.371,070920.60,10.48526600,76.44421300,10.48526601,76.44421300,658054.340,1159428.893,108.00,658054.338,1159428.893,-60.7,15,658053.257,1159427.896,10.48526000,76.44420150,0.332,-0.266,10.0,6.1,-0.6,13.3,2047,1252,RTK FIXED
92.424,070920.80,10.48526600,76.44421400,10.48526601,76.44421340,658054.449,1159428.893,108.00,658054.382,1159428.893,-52.7,15,658053.257,1159427.896,10.48526000,76.44420150,0.332,-0.279,10.0,6.0,0.5,10.5,2047,1221,RTK FIXED
92.470,070920.80,10.48526600,76.44421400,10.48526600,76.44421364,658054.449,1159428.893,108.00,658054.409,1159428.893,-52.7,15,658053.257,1159427.896,10.48526000,76.44420150,0.332,-0.279,10.0,6.0,-0.5,12.5,2047,1221,RTK FIXED
92.523,070920.80,10.48526600,76.44421400,10.48526600,76.44421378,658054.449,1159428.893,108.00,658054.425,1159428.893,-52.7,15,658053.257,1159427.896,10.48526000,76.44420150,0.332,-0.279,10.0,6.0,0.5,11.3,2047,1221,RTK FIXED
92.570,070920.80,10.48526600,76.44421400,10.48526600,76.44421387,658054.449,1159428.893,108.00,658054.435,1159428.893,-52.7,15,658053.257,1159427.896,10.48526000,76.44420150,0.332,-0.279,10.0,6.0,-0.5,11.2,2047,1221,RTK FIXED
92.624,070920.80,10.48526600,76.44421400,10.48526600,76.44421392,658054.449,1159428.893,108.00,658054.441,1159428.893,-52.7,15,658053.257,1159427.896,10.48526000,76.44420150,0.332,-0.279,10.0,6.0,0.5,10.8,2047,1221,RTK FIXED
92.679,070921.00,10.48526500,76.44421400,10.48526560,76.44421395,658054.406,1159428.756,108.00,658054.427,1159428.838,-52.7,15,658053.257,1159427.896,10.48526000,76.44420150,0.332,-0.283,10.0,5.9,-0.5,10.5,2047,1214,RTK FIXED
92.724,070921.00,10.48526500,76.44421400,10.48526536,76.44421397,658054.406,1159428.756,108.00,658054.418,1159428.805,-52.7,15,658053.257,1159427.896,10.48526000,76.44420150,0.332,-0.283,10.0,5.9,0.0,7.6,2047,1214,RTK FIXED
92.779,070921.20,10.48526500,76.44421400,10.48526522,76.44421398,658054.406,1159428.756,108.00,658054.413,1159428.785,-60.2,15,658053.257,1159427.896,10.48526000,76.44420150,0.332,-0.283,10.0,5.9,0.5,10.1,2047,1212,RTK FIXED
92.824,070921.20,10.48526500,76.44421400,10.48526513,76.44421399,658054.406,1159428.756,108.00,658054.410,1159428.773,-60.2,15,658053.257,1159427.896,10.48526000,76.44420150,0.332,-0.283,10.0,5.9,0.0,9.3,2047,1212,RTK FIXED
92.879,070921.20,10.48526500,76.44421400,10.48526508,76.44421399,658054.406,1159428.756,108.00,658054.409,1159428.766,-60.2,15,658053.257,1159427.896,10.48526000,76.44420150,0.332,-0.283,10.0,5.9,0.0,9.2,2047,1212,RTK FIXED
92.925,070921.40,10.48526500,76.44421400,10.48526505,76.44421400,658054.447,1159428.781,108.00,658054.424,1159428.772,-60.2,15,658053.257,1159427.896,10.48526000,76.44420150,0.332,-0.284,10.0,5.9,0.0,8.7,2047,1211,RTK FIXED
92.978,070921.40,10.48526500,76.44421400,10.48526503,76.44421400,658054.447,1159428.781,108.00,658054.433,1159428.776,-60.2,15,658053.257,1159427.896,10.48526000,76.44420150,0.332,-0.284,10.0,5.9,-0.5,8.9,2047,1211,RTK FIXED
93.025,070921.40,10.48526500,76.44421400,10.48526502,76.44421400,658054.447,1159428.781,108.00,658054.439,1159428.778,-60.2,15,658053.257,1159427.896,10.48526000,76.44420150,0.332,-0.284,10.0,5.9,0.5,8.1,2047,1211,RTK FIXED
93.079,070921.60,10.48526400,76.44421400,10.48526461,76.44421400,658054.447,1159428.671,108.00,658054.442,1159428.735,-60.2,15,658053.257,1159427.896,10.48526000,76.44420150,0.332,-0.284,10.0,5.9,-0.5,6.4,2047,1211,RTK FIXED
93.124,070921.60,10.48526400,76.44421400,10.48526437,76.44421400,658054.447,1159428.671,108.00,658054.444,1159428.709,-60.2,15,658053.257,1159427.896,10.48526000,76.44420150,0.332,-0.284,10.0,5.9,0.0,7.2,2047,1211,RTK FIXED
93.179,070921.60,10.48526400,76.44421400,10.48526422,76.44421400,658054.447,1159428.671,108.00,658054.446,1159428.694,-60.2,15,658053.257,1159427.896,10.48526000,76.44420150,0.332,-0.284,10.0,5.9,0.0,7.8,2047,1211,RTK FIXED
93.232,070921.60,10.48526400,76.44421400,10.48526413,76.44421400,658054.447,1159428.671,108.00,658054.446,1159428.685,-60.2,15,658053.257,1159427.896,10.48526000,76.44420150,0.332,-0.284,10.0,5.9,0.5,7.0,2047,1211,RTK FIXED
93.279,070921.80,10.48526400,76.44421400,10.48526408,76.44421400,658054.447,1159428.671,108.00,658054.447,1159428.679,-62.0,15,658053.257,1159427.896,10.48526000,76.44420150,0.332,-0.284,10.0,5.9,-0.5,7.5,2047,1211,RTK FIXED
93.333,070921.80,10.48526400,76.44421400,10.48526405,76.44421400,658054.447,1159428.671,108.00,658054.447,1159428.676,-62.0,15,658053.257,1159427.896,10.48526000,76.44420150,0.332,-0.284,10.0,5.9,0.5,6.5,2047,1211,RTK FIXED
93.379,070921.80,10.48526400,76.44421400,10.48526403,76.44421400,658054.447,1159428.671,108.00,658054.447,1159428.674,-62.0,15,658053.257,1159427.896,10.48526000,76.44420150,0.332,-0.284,10.0,5.9,0.0,7.0,2047,1211,RTK FIXED
93.433,070921.80,10.48526400,76.44421400,10.48526402,76.44421400,658054.447,1159428.671,108.00,658054.447,1159428.672,-62.0,15,658053.257,1159427.896,10.48526000,76.44420150,0.332,-0.284,10.0,5.9,0.0,6.5,2047,1211,RTK FIXED
93.479,070921.80,10.48526400,76.44421400,10.48526401,76.44421400,658054.447,1159428.671,108.00,658054.447,1159428.672,-62.0,15,658053.257,1159427.896,10.48526000,76.44420150,0.332,-0.284,10.0,5.9,0.0,7.0,2047,1211,RTK FIXED
93.533,070922.00,10.48526400,76.44421400,10.48526401,76.44421400,658054.458,1159428.676,108.00,658054.452,1159428.673,-62.0,15,658053.257,1159427.896,10.48526000,76.44420150,0.332,-0.284,10.0,5.9,-0.5,6.5,2047,1211,RTK FIXED
93.579,070922.00,10.48526400,76.44421400,10.48526400,76.44421400,658054.458,1159428.676,108.00,658054.454,1159428.675,-62.0,15,658053.257,1159427.896,10.48526000,76.44420150,0.332,-0.284,10.0,5.9,0.5,6.0,2047,1211,RTK FIXED
93.633,070922.00,10.48526400,76.44421400,10.48526400,76.44421400,658054.458,1159428.676,108.00,658054.456,1159428.675,-62.0,15,658053.257,1159427.896,10.48526000,76.44420150,0.332,-0.284,10.0,5.9,-0.5,6.5,2047,1211,RTK FIXED
93.679,070922.20,10.48526400,76.44421400,10.48526400,76.44421400,658054.458,1159428.676,108.00,658054.456,1159428.676,-62.0,15,658053.257,1159427.896,10.48526000,76.44420150,0.332,-0.284,10.0,5.9,0.5,5.9,2047,1211,RTK FIXED
93.734,070922.20,10.48526400,76.44421400,10.48526400,76.44421400,658054.458,1159428.676,108.00,658054.457,1159428.676,-62.0,15,658053.257,1159427.896,10.48526000,76.44420150,0.332,-0.284,10.0,5.9,-0.5,6.1,2047,1211,RTK FIXED
93.787,070922.40,10.48526300,76.44421400,10.48526360,76.44421400,658054.458,1159428.565,108.00,658054.458,1159428.632,-62.0,15,658053.257,1159427.896,10.48526000,76.44420150,0.332,-0.284,10.0,5.9,0.0,6.0,2047,1211,RTK FIXED
93.832,070922.40,10.48526300,76.44421400,10.48526336,76.44421400,658054.458,1159428.565,108.00,658054.458,1159428.605,-62.0,15,658053.257,1159427.896,10.48526000,76.44420150,0.332,-0.284,10.0,5.9,0.0,6.1,2047,1211,RTK FIXED
93.887,070922.40,10.48526300,76.44421400,10.48526322,76.44421400,658054.458,1159428.565,108.00,658054.458,1159428.589,-62.0,15,658053.257,1159427.896,10.48526000,76.44420150,0.332,-0.284,10.0,5.9,0.0,5.5,2047,1211,RTK FIXED
93.932,070922.40,10.48526300,76.44421400,10.48526313,76.44421400,658054.458,1159428.565,108.00,658054.458,1159428.580,-62.0,15,658053.257,1159427.896,10.48526000,76.44420150,0.332,-0.284,10.0,5.9,0.0,6.1,2047,1211,RTK FIXED
93.987,070922.40,10.48526300,76.44421400,10.48526308,76.44421400,658054.458,1159428.565,108.00,658054.458,1159428.574,-62.0,15,658053.257,1159427.896,10.48526000,76.44420150,0.332,-0.284,10.0,5.9,0.0,5.5,2047,1211,RTK FIXED
94.033,070922.40,10.48526300,76.44421400,10.48526305,76.44421400,658054.458,1159428.565,108.00,658054.458,1159428.571,-62.0,15,658053.257,1159427.896,10.48526000,76.44420150,0.332,-0.284,10.0,5.9,0.5,5.4,2047,1211,RTK FIXED
94.087,070922.60,10.48526300,76.44421400,10.48526303,76.44421400,658054.458,1159428.565,108.00,658054.458,1159428.569,-67.3,15,658053.257,1159427.896,10.48526000,76.44420150,0.332,-0.284,10.0,5.9,0.0,5.5,2047,1211,RTK FIXED
94.134,070922.60,10.48526300,76.44421400,10.48526302,76.44421400,658054.458,1159428.565,108.00,658054.458,1159428.567,-67.3,15,658053.257,1159427.896,10.48526000,76.44420150,0.332,-0.284,10.0,5.9,-0.5,5.4,2047,1211,RTK FIXED
94.186,070922.60,10.48526300,76.44421400,10.48526301,76.44421400,658054.458,1159428.565,108.00,658054.458,1159428.567,-67.3,15,658053.257,1159427.896,10.48526000,76.44420150,0.332,-0.284,10.0,5.9,0.0,5.7,2047,1211,RTK FIXED
94.241,070922.60,10.48526300,76.44421400,10.48526301,76.44421400,658054.458,1159428.565,108.00,658054.458,1159428.566,-67.3,15,658053.257,1159427.896,10.48526000,76.44420150,0.332,-0.284,10.0,5.9,0.0,5.5,2047,1211,RTK FIXED
94.288,070922.80,10.48526300,76.44421400,10.48526300,76.44421400,658054.489,1159428.579,108.00,658054.471,1159428.571,-67.3,15,658053.257,1159427.896,10.48526000,76.44420150,0.332,-0.284,10.0,5.9,0.5,3.2,2047,1211,RTK FIXED
94.341,070922.80,10.48526300,76.44421400,10.48526300,76.44421400,658054.489,1159428.579,108.00,658054.478,1159428.575,-67.3,15,658053.257,1159427.896,10.48526000,76.44420150,0.332,-0.284,10.0,5.9,-0.5,5.2,2047,1211,RTK FIXED
94.387,070922.80,10.48526300,76.44421400,10.48526300,76.44421400,658054.489,1159428.579,108.00,658054.483,1159428.576,-67.3,15,658053.257,1159427.896,10.48526000,76.44420150,0.332,-0.284,10.0,5.9,0.5,5.4,2047,1211,RTK FIXED
94.441,070922.80,10.48526300,76.44421400,10.48526300,76.44421400,658054.489,1159428.579,108.00,658054.485,1159428.578,-67.3,15,658053.257,1159427.896,10.48526000,76.44420150,0.332,-0.284,10.0,5.9,0.0,5.1,2047,1211,RTK FIXED
94.487,070922.80,10.48526300,76.44421400,10.48526300,76.44421400,658054.489,1159428.579,108.00,658054.487,1159428.578,-67.3,15,658053.257,1159427.896,10.48526000,76.44420150,0.332,-0.284,10.0,5.9,-0.5,5.4,2047,1211,RTK FIXED
94.542,070923.00,10.48526200,76.44421300,10.48526260,76.44421360,658054.381,1159428.468,108.00,658054.444,1159428.534,-67.3,15,658053.257,1159427.896,10.48526000,76.44420150,0.332,-0.284,10.0,5.9,0.0,5.1,2047,1211,RTK FIXED
94.588,070923.00,10.48526200,76.44421300,10.48526236,76.44421336,658054.381,1159428.468,108.00,658054.419,1159428.508,-67.3,15,658053.257,1159427.896,10.48526000,76.44420150,0.332,-0.284,10.0,5.9,0.0,4.9,2047,1211,RTK FIXED
94.642,070923.00,10.48526200,76.44421300,10.48526222,76.44421322,658054.381,1159428.468,108.00,658054.404,1159428.492,-67.3,15,658053.257,1159427.896,10.48526000,76.44420150,0.332,-0.284,10.0,5.9,0.0,4.7,2047,1211,RTK FIXED
94.687,070923.00,10.48526200,76.44421300,10.48526213,76.44421313,658054.381,1159428.468,108.00,658054.394,1159428.482,-67.3,15,658053.257,1159427.896,10.48526000,76.44420150,0.332,-0.284,10.0,5.9,0.0,4.9,2047,1211,RTK FIXED
94.742,070923.20,10.48526200,76.44421300,10.48526208,76.44421308,658054.381,1159428.468,108.00,658054.389,1159428.477,-81.3,15,658053.257,1159427.896,10.48526000,76.44420150,0.332,-0.284,10.0,5.9,0.0,4.6,2047,1211,RTK FIXED
94.796,070923.40,10.48526200,76.44421300,10.48526205,76.44421305,658054.468,1159428.490,108.00,658054.421,1159428.482,-81.3,15,658053.257,1159427.896,10.48526000,76.44420150,0.332,-0.284,10.0,5.9,0.0,5.1,2047,1211,RTK FIXED
94.842,070923.40,10.48526200,76.44421300,10.48526203,76.44421303,658054.468,1159428.490,108.00,658054.440,1159428.485,-81.3,15,658053.257,1159427.896,10.48526000,76.44420150,0.332,-0.284,10.0,5.9,0.5,4.8,2047,1211,RTK FIXED
94.895,070923.40,10.48526200,76.44421300,10.48526202,76.44421302,658054.468,1159428.490,108.00,658054.451,1159428.487,-81.3,15,658053.257,1159427.896,10.48526000,76.44420150,0.332,-0.284,10.0,5.9,-0.5,4.7,2047,1211,RTK FIXED
94.942,070923.60,10.48526200,76.44421300,10.48526201,76.44421301,658054.468,1159428.490,108.00,658054.458,1159428.489,-81.3,15,658053.257,1159427.896,10.48526000,76.44420150,0.332,-0.284,10.0,5.9,0.5,4.8,2047,1211,RTK FIXED
94.995,070923.60,10.48526200,76.44421300,10.48526201,76.44421301,658054.468,1159428.490,108.00,658054.462,1159428.489,-81.3,15,658053.257,1159427.896,10.48526000,76.44420150,0.332,-0.284,10.0,5.9,0.0,4.2,2047,1211,RTK FIXED
95.042,070923.60,10.48526200,76.44421300,10.48526200,76.44421300,658054.468,1159428.490,108.00,658054.465,1159428.490,-81.3,15,658053.257,1159427.896,10.48526000,76.44420150,0.332,-0.284,10.0,5.9,-0.5,2.7,2047,1211,RTK FIXED
95.096,070923.60,10.48526200,76.44421300,10.48526200,76.44421300,658054.468,1159428.490,108.00,658054.466,1159428.490,-81.3,15,658053.257,1159427.896,10.48526000,76.44420150,0.332,-0.284,10.0,5.9,0.5,5.1,2047,1211,RTK FIXED
95.142,070923.60,10.48526200,76.44421300,10.48526200,76.44421300,658054.468,1159428.490,108.00,658054.467,1159428.490,-81.3,15,658053.257,1159427.896,10.48526000,76.44420150,0.332,-0.284,10.0,5.9,-0.5,4.3,2047,1211,RTK FIXED
95.196,070923.60,10.48526200,76.44421300,10.48526200,76.44421300,658054.468,1159428.490,108.00,658054.468,1159428.490,-81.3,15,658053.257,1159427.896,10.48526000,76.44420150,0.332,-0.284,10.0,5.9,0.0,5.1,2047,1211,RTK FIXED
95.242,070923.80,10.48526200,76.44421200,10.48526200,76.44421260,658054.359,1159428.490,108.00,658054.424,1159428.490,-81.3,15,658053.257,1159427.896,10.48526000,76.44420150,0.332,-0.284,10.0,5.9,0.5,4.8,2047,1211,RTK FIXED
95.296,070923.80,10.48526200,76.44421200,10.48526200,76.44421236,658054.359,1159428.490,108.00,658054.398,1159428.490,-81.3,15,658053.257,1159427.896,10.48526000,76.44420150,0.332,-0.284,10.0,5.9,0.0,4.7,2047,1211,RTK FIXED
95.342,070923.80,10.48526200,76.44421200,10.48526200,76.44421222,658054.359,1159428.490,108.00,658054.382,1159428.490,-81.3,15,658053.257,1159427.896,10.48526000,76.44420150,0.332,-0.284,10.0,5.9,0.0,4.9,2047,1211,RTK FIXED
95.396,070923.80,10.48526200,76.44421200,10.48526200,76.44421213,658054.359,1159428.490,108.00,658054.373,1159428.490,-81.3,15,658053.257,1159427.896,10.48526000,76.44420150,0.332,-0.284,10.0,5.9,-0.5,5.1,2047,1211,RTK FIXED
95.451,070924.00,10.48526100,76.44421200,10.48526160,76.44421208,658054.359,1159428.379,108.00,658054.368,1159428.446,-81.3,15,658053.257,1159427.896,10.48526000,76.44420150,0.332,-0.284,10.0,5.9,0.0,5.0,2047,1211,RTK FIXED
95.496,070924.00,10.48526100,76.44421200,10.48526136,76.44421205,658054.359,1159428.379,108.00,658054.364,1159428.419,-81.3,15,658053.257,1159427.896,10.48526000,76.44420150,0.332,-0.284,10.0,5.9,0.5,4.9,2047,1211,RTK FIXED
95.550,070924.00,10.48526100,76.44421200,10.48526122,76.44421203,658054.359,1159428.379,108.00,658054.362,1159428.403,-81.3,15,658053.257,1159427.896,10.48526000,76.44420150,0.332,-0.284,10.0,5.9,0.0,4.7,2047,1211,RTK FIXED
95.596,070924.20,10.48526100,76.44421200,10.48526113,76.44421202,658054.359,1159428.379,108.00,658054.361,1159428.394,-89.9,15,658053.257,1159427.896,10.48526000,76.44420150,0.332,-0.284,10.0,5.9,-0.5,4.8,2047,1211,RTK FIXED
95.650,070924.20,10.48526100,76.44421200,10.48526108,76.44421201,658054.359,1159428.379,108.00,658054.360,1159428.388,-89.9,15,658053.257,1159427.896,10.48526000,76.44420150,0.332,-0.284,10.0,5.9,0.0,4.7,2047,1211,RTK FIXED
95.695,070924.20,10.48526100,76.44421200,10.48526105,76.44421201,658054.359,1159428.379,108.00,658054.360,1159428.384,-89.9,15,658053.257,1159427.896,10.48526000,76.44420150,0.332,-0.284,10.0,5.9,0.0,4.9,2047,1211,RTK FIXED
95.750,070924.40,10.48526100,76.44421100,10.48526103,76.44421160,658054.305,1159428.381,108.00,658054.338,1159428.383,-89.9,15,658053.257,1159427.896,10.48526000,76.44420150,0.332,-0.284,10.0,5.9,0.0,4.5,2047,1211,RTK FIXED
95.796,070924.40,10.48526100,76.44421100,10.48526102,76.44421136,658054.305,1159428.381,108.00,658054.325,1159428.382,-89.9,15,658053.257,1159427.896,10.48526000,76.44420150,0.332,-0.284,10.0,5.9,0.5,4.9,2047,1211,RTK FIXED
95.850,070924.40,10.48526100,76.44421100,10.48526101,76.44421122,658054.305,1159428.381,108.00,658054.317,1159428.382,-89.9,15,658053.257,1159427.896,10.48526000,76.44420150,0.332,-0.284,10.0,5.9,0.0,4.7,2047,1211,RTK FIXED
95.895,070924.40,10.48526100,76.44421100,10.48526101,76.44421113,658054.305,1159428.381,108.00,658054.312,1159428.382,-89.9,15,658053.257,1159427.896,10.48526000,76.44420150,0.332,-0.284,10.0,5.9,0.0,4.9,2047,1211,RTK FIXED
95.951,070924.40,10.48526100,76.44421100,10.48526100,76.44421108,658054.305,1159428.381,108.00,658054.309,1159428.382,-89.9,15,658053.257,1159427.896,10.48526000,76.44420150,0.332,-0.284,10.0,5.9,0.0,4.5,2047,1211,RTK FIXED
96.004,070924.40,10.48526100,76.44421100,10.48526100,76.44421105,658054.305,1159428.381,108.00,658054.308,1159428.382,-89.9,15,658053.257,1159427.896,10.48526000,76.44420150,0.332,-0.284,10.0,5.9,0.0,4.7,2047,1211,RTK FIXED
96.051,070924.60,10.48526100,76.44421100,10.48526100,76.44421103,658054.305,1159428.381,108.00,658054.307,1159428.382,-89.9,15,658053.257,1159427.896,10.48526000,76.44420150,0.332,-0.284,10.0,5.9,-0.5,4.8,2047,1211,RTK FIXED
96.103,070924.60,10.48526100,76.44421100,10.48526100,76.44421102,658054.305,1159428.381,108.00,658054.306,1159428.381,-89.9,15,658053.257,1159427.896,10.48526000,76.44420150,0.332,-0.284,10.0,5.9,0.5,5.2,2047,1211,RTK FIXED
96.150,070924.60,10.48526100,76.44421100,10.48526100,76.44421101,658054.305,1159428.381,108.00,658054.306,1159428.381,-89.9,15,658053.257,1159427.896,10.48526000,76.44420150,0.332,-0.284,10.0,5.9,-0.5,4.8,2047,1211,RTK FIXED
96.203,070924.60,10.48526100,76.44421100,10.48526100,76.44421101,658054.305,1159428.381,108.00,658054.305,1159428.381,-89.9,15,658053.257,1159427.896,10.48526000,76.44420150,0.332,-0.284,10.0,5.9,0.5,4.2,2047,1211,RTK FIXED
96.252,070924.60,10.48526100,76.44421100,10.48526100,76.44421100,658054.305,1159428.381,108.00,658054.305,1159428.381,-89.9,15,658053.257,1159427.896,10.48526000,76.44420150,0.332,-0.284,10.0,5.9,-0.5,5.3,2047,1211,RTK FIXED
96.305,070924.80,10.48526100,76.44421100,10.48526100,76.44421100,658054.305,1159428.381,108.00,658054.305,1159428.381,-89.9,15,658053.257,1159427.896,10.48526000,76.44420150,0.332,-0.284,10.0,5.9,0.5,4.6,2047,1211,RTK FIXED
96.350,070924.80,10.48526100,76.44421100,10.48526100,76.44421100,658054.305,1159428.381,108.00,658054.305,1159428.381,-89.9,15,658053.257,1159427.896,10.48526000,76.44420150,0.332,-0.284,10.0,5.9,-0.5,4.9,2047,1211,RTK FIXED
96.403,070924.80,10.48526100,76.44421100,10.48526100,76.44421100,658054.305,1159428.381,108.00,658054.305,1159428.381,-89.9,15,658053.257,1159427.896,10.48526000,76.44420150,0.332,-0.284,10.0,5.9,0.5,5.2,2047,1211,RTK FIXED
96.450,070924.80,10.48526100,76.44421100,10.48526100,76.44421100,658054.305,1159428.381,108.00,658054.305,1159428.381,-89.9,15,658053.257,1159427.896,10.48526000,76.44420150,0.332,-0.284,10.0,5.9,-0.5,4.8,2047,1211,RTK FIXED
96.505,070925.00,10.48526100,76.44421000,10.48526100,76.44421060,658054.196,1159428.381,108.00,658054.261,1159428.381,-111.6,15,658053.257,1159427.896,10.48526000,76.44420150,0.332,-0.284,10.0,5.9,0.0,5.1,2047,1211,RTK FIXED
96.558,070925.00,10.48526100,76.44421000,10.48526100,76.44421036,658054.196,1159428.381,108.00,658054.235,1159428.381,-111.6,15,658053.257,1159427.896,10.48526000,76.44420150,0.332,-0.284,10.0,5.9,0.0,5.1,2047,1211,RTK FIXED
96.604,070925.00,10.48526100,76.44421000,10.48526100,76.44421022,658054.196,1159428.381,108.00,658054.219,1159428.381,-111.6,15,658053.257,1159427.896,10.48526000,76.44420150,0.332,-0.284,10.0,5.9,0.0,5.0,2047,1211,RTK FIXED
96.659,070925.20,10.48526100,76.44421000,10.48526100,76.44421013,658054.332,1159428.351,108.00,658054.264,1159428.369,-111.6,15,658053.257,1159427.896,10.48526000,76.44420150,0.332,-0.284,10.0,5.9,0.0,5.0,2047,1211,RTK FIXED
96.705,070925.20,10.48526100,76.44421000,10.48526100,76.44421008,658054.332,1159428.351,108.00,658054.291,1159428.362,-111.6,15,658053.257,1159427.896,10.48526000,76.44420150,0.332,-0.284,10.0,5.9,0.5,4.9,2047,1211,RTK FIXED
96.758,070925.20,10.48526100,76.44421000,10.48526100,76.44421005,658054.332,1159428.351,108.00,658054.307,1159428.358,-111.6,15,658053.257,1159427.896,10.48526000,76.44420150,0.332,-0.284,10.0,5.9,-0.5,4.7,2047,1211,RTK FIXED
96.805,070925.20,10.48526100,76.44421000,10.48526100,76.44421003,658054.332,1159428.351,108.00,658054.317,1159428.355,-111.6,15,658053.257,1159427.896,10.48526000,76.44420150,0.332,-0.284,10.0,5.9,0.5,5.4,2047,1211,RTK FIXED
96.858,070925.20,10.48526100,76.44421000,10.48526100,76.44421002,658054.332,1159428.351,108.00,658054.323,1159428.354,-111.6,15,658053.257,1159427.896,10.48526000,76.44420150,0.332,-0.284,10.0,5.9,0.0,4.6,2047,1211,RTK FIXED
96.906,070925.40,10.48526100,76.44421000,10.48526100,76.44421001,658054.332,1159428.351,108.00,658054.326,1159428.353,-111.6,15,658053.257,1159427.896,10.48526000,76.44420150,0.332,-0.284,10.0,5.9,-0.5,4.8,2047,1211,RTK FIXED
96.959,070925.40,10.48526100,76.44421000,10.48526100,76.44421001,658054.332,1159428.351,108.00,658054.329,1159428.352,-111.6,15,658053.257,1159427.896,10.48526000,76.44420150,0.332,-0.284,10.0,5.9,0.5,5.1,2047,1211,RTK FIXED
97.005,070925.40,10.48526100,76.44421000,10.48526100,76.44421000,658054.332,1159428.351,108.00,658054.330,1159428.352,-111.6,15,658053.257,1159427.896,10.48526000,76.44420150,0.332,-0.284,10.0,5.9,0.0,4.9,2047,1211,RTK FIXED
97.059,070925.40,10.48526100,76.44421000,10.48526100,76.44421000,658054.332,1159428.351,108.00,658054.331,1159428.352,-111.6,15,658053.257,1159427.896,10.48526000,76.44420150,0.332,-0.284,10.0,5.9,0.0,5.1,2047,1211,RTK FIXED
97.113,070925.60,10.48526100,76.44420900,10.48526100,76.44420960,658054.222,1159428.351,108.00,658054.287,1159428.351,-111.6,15,658053.257,1159427.896,10.48526000,76.44420150,0.332,-0.284,10.0,5.9,0.0,5.0,2047,1211,RTK FIXED
97.159,070925.60,10.48526100,76.44420900,10.48526100,76.44420936,658054.222,1159428.351,108.00,658054.261,1159428.351,-111.6,15,658053.257,1159427.896,10.48526000,76.44420150,0.332,-0.284,10.0,5.9,0.0,4.9,2047,1211,RTK FIXED
97.213,070925.60,10.48526100,76.44420900,10.48526100,76.44420922,658054.222,1159428.351,108.00,658054.246,1159428.351,-111.6,15,658053.257,1159427.896,10.48526000,76.44420150,0.332,-0.284,10.0,5.9,0.0,5.1,2047,1211,RTK FIXED
97.259,070925.60,10.48526100,76.44420900,10.48526100,76.44420913,658054.222,1159428.351,108.00,658054.236,1159428.351,-111.6,15,658053.257,1159427.896,10.48526000,76.44420150,0.332,-0.284,10.0,5.9,-0.5,5.3,2047,1211,RTK FIXED
97.313,070925.60,10.48526100,76.44420900,10.48526100,76.44420908,658054.222,1159428.351,108.00,658054.231,1159428.351,-111.6,15,658053.257,1159427.896,10.48526000,76.44420150,0.332,-0.284,10.0,5.9,0.0,4.7,2047,1211,RTK FIXED
97.359,070925.80,10.48526100,76.44420900,10.48526100,76.44420905,658054.222,1159428.351,108.00,658054.227,1159428.351,-111.6,15,658053.257,1159427.896,10.48526000,76.44420150,0.332,-0.284,10.0,5.9,0.5,5.4,2047,1211,RTK FIXED
97.413,070925.80,10.48526100,76.44420900,10.48526100,76.44420903,658054.222,1159428.351,108.00,658054.225,1159428.351,-111.6,15,658053.257,1159427.896,10.48526000,76.44420150,0.332,-0.284,10.0,5.9,-0.5,5.2,2047,1211,RTK FIXED
97.459,070925.80,10.48526100,76.44420900,10.48526100,76.44420902,658054.222,1159428.351,108.00,658054.224,1159428.351,-111.6,15,658053.257,1159427.896,10.48526000,76.44420150,0.332,-0.284,10.0,5.9,0.5,4.9,2047,1211,RTK FIXED
97.513,070925.80,10.48526100,76.44420900,10.48526100,76.44420901,658054.222,1159428.351,108.00,658054.223,1159428.351,-111.6,15,658053.257,1159427.896,10.48526000,76.44420150,0.332,-0.284,10.0,5.9,-0.5,5.1,2047,1211,RTK FIXED
97.559,070926.00,10.48526100,76.44420900,10.48526100,76.44420901,658054.222,1159428.351,108.00,658054.223,1159428.351,-111.6,15,658053.257,1159427.896,10.48526000,76.44420150,0.332,-0.284,10.0,5.9,0.5,4.8,2047,1211,RTK FIXED
97.612,070926.00,10.48526100,76.44420900,10.48526100,76.44420900,658054.222,1159428.351,108.00,658054.223,1159428.351,-111.6,15,658053.257,1159427.896,10.48526000,76.44420150,0.332,-0.284,10.0,5.9,0.0,5.2,2047,1211,RTK FIXED
97.659,070926.00,10.48526100,76.44420900,10.48526100,76.44420900,658054.222,1159428.351,108.00,658054.222,1159428.351,-111.6,15,658053.257,1159427.896,10.48526000,76.44420150,0.332,-0.284,10.0,5.9,-0.5,4.8,2047,1211,RTK FIXED
97.714,070926.20,10.48526100,76.44420900,10.48526100,76.44420900,658054.222,1159428.351,108.00,658054.222,1159428.351,-111.6,15,658053.257,1159427.896,10.48526000,76.44420150,0.332,-0.284,10.0,5.9,0.5,4.6,2047,1211,RTK FIXED
97.767,070926.20,10.48526100,76.44420900,10.48526100,76.44420900,658054.222,1159428.351,108.00,658054.222,1159428.351,-111.6,15,658053.257,1159427.896,10.48526000,76.44420150,0.332,-0.284,10.0,5.9,0.0,4.7,2047,1211,RTK FIXED
97.813,070926.20,10.48526100,76.44420900,10.48526100,76.44420900,658054.222,1159428.351,108.00,658054.222,1159428.351,-111.6,15,658053.257,1159427.896,10.48526000,76.44420150,0.332,-0.284,10.0,5.9,-0.5,4.9,2047,1211,RTK FIXED
97.867,070926.20,10.48526100,76.44420900,10.48526100,76.44420900,658054.222,1159428.351,108.00,658054.222,1159428.351,-111.6,15,658053.257,1159427.896,10.48526000,76.44420150,0.332,-0.284,10.0,5.9,0.5,5.1,2047,1211,RTK FIXED
97.913,070926.20,10.48526100,76.44420900,10.48526100,76.44420900,658054.222,1159428.351,108.00,658054.222,1159428.351,-111.6,15,658053.257,1159427.896,10.48526000,76.44420150,0.332,-0.284,10.0,5.9,-0.5,4.9,2047,1211,RTK FIXED
97.967,070926.40,10.48526100,76.44420800,10.48526100,76.44420860,658054.113,1159428.350,108.00,658054.178,1159428.351,-125.5,15,658053.257,1159427.896,10.48526000,76.44420150,0.332,-0.284,10.0,5.9,0.5,4.6,2047,1211,RTK FIXED
98.013,070926.40,10.48526100,76.44420800,10.48526100,76.44420836,658054.113,1159428.350,108.00,658054.152,1159428.351,-125.5,15,658053.257,1159427.896,10.48526000,76.44420150,0.332,-0.284,10.0,5.9,-0.5,4.9,2047,1211,RTK FIXED
98.067,070926.40,10.48526100,76.44420800,10.48526100,76.44420822,658054.113,1159428.350,108.00,658054.136,1159428.350,-125.5,15,658053.257,1159427.896,10.48526000,76.44420150,0.332,-0.284,10.0,5.9,0.5,4.2,2047,1211,RTK FIXED
98.114,070926.40,10.48526100,76.44420800,10.48526100,76.44420813,658054.113,1159428.350,108.00,658054.127,1159428.350,-125.5,15,658053.257,1159427.896,10.48526000,76.44420150,0.332,-0.284,10.0,5.9,-0.5,4.9,2047,1211,RTK FIXED
98.168,070926.60,10.48526200,76.44420800,10.48526140,76.44420808,658054.190,1159428.416,108.00,658054.152,1159428.377,-125.5,15,658053.257,1159427.896,10.48526000,76.44420150,0.332,-0.284,10.0,5.9,0.5,4.6,2047,1211,RTK FIXED
98.213,070926.60,10.48526200,76.44420800,10.48526164,76.44420805,658054.190,1159428.416,108.00,658054.167,1159428.392,-125.5,15,658053.257,1159427.896,10.48526000,76.44420150,0.332,-0.284,10.0,5.9,-0.6,5.0,2047,1211,RTK FIXED
98.267,070926.60,10.48526200,76.44420800,10.48526178,76.44420803,658054.190,1159428.416,108.00,658054.176,1159428.402,-125.5,15,658053.257,1159427.896,10.48526000,76.44420150,0.332,-0.284,10.0,5.9,0.5,4.6,2047,1211,RTK FIXED
98.321,070926.60,10.48526200,76.44420800,10.48526187,76.44420802,658054.190,1159428.416,108.00,658054.182,1159428.408,-125.5,15,658053.257,1159427.896,10.48526000,76.44420150,0.332,-0.284,10.0,5.9,0.0,4.6,2047,1211,RTK FIXED
98.368,070926.60,10.48526200,76.44420800,10.48526192,76.44420801,658054.190,1159428.416,108.00,658054.185,1159428.411,-125.5,15,658053.257,1159427.896,10.48526000,76.44420150,0.332,-0.284,10.0,5.9,-0.5,4.3,2047,1211,RTK FIXED
98.422,070926.80,10.48526200,76.44420800,10.48526195,76.44420801,658054.190,1159428.416,108.00,658054.187,1159428.413,-125.5,15,658053.257,1159427.896,10.48526000,76.44420150,0.332,-0.284,10.0,5.9,0.5,4.6,2047,1211,RTK FIXED
98.467,070926.80,10.48526200,76.44420800,10.48526197,76.44420800,658054.190,1159428.416,108.00,658054.188,1159428.414,-125.5,15,658053.257,1159427.896,10.48526000,76.44420150,0.332,-0.284,10.0,5.9,0.0,4.4,2047,1211,RTK FIXED
98.522,070926.80,10.48526200,76.44420800,10.48526198,76.44420800,658054.190,1159428.416,108.00,658054.189,1159428.415,-125.5,15,658053.257,1159427.896,10.48526000,76.44420150,0.332,-0.284,10.0,5.9,0.0,4.6,2047,1211,RTK FIXED
98.568,070926.80,10.48526200,76.44420800,10.48526199,76.44420800,658054.190,1159428.416,108.00,658054.189,1159428.415,-125.5,15,658053.257,1159427.896,10.48526000,76.44420150,0.332,-0.284,10.0,5.9,-0.5,4.8,2047,1211,RTK FIXED
98.622,070927.00,10.48526200,76.44420700,10.48526199,76.44420760,658054.080,1159428.416,108.00,658054.146,1159428.415,-125.5,15,658053.257,1159427.896,10.48526000,76.44420150,0.334,-0.277,10.0,6.0,0.0,4.6,2047,1230,RTK FIXED
98.668,070927.00,10.48526200,76.44420700,10.48526200,76.44420736,658054.080,1159428.416,108.00,658054.120,1159428.415,-125.5,15,658053.257,1159427.896,10.48526000,76.44420150,0.334,-0.277,10.0,6.0,0.0,4.4,2047,1230,RTK FIXED
98.722,070927.20,10.48526200,76.44420700,10.48526200,76.44420722,658054.080,1159428.416,108.00,658054.104,1159428.416,-153.9,15,658053.257,1159427.896,10.48526000,76.44420150,0.365,-0.051,10.0,9.2,0.0,4.1,2047,1680,RTK FIXED
98.767,070927.20,10.48526200,76.44420700,10.48526200,76.44420713,658054.080,1159428.416,108.00,658054.094,1159428.416,-153.9,15,658053.257,1159427.896,10.48526000,76.44420150,0.365,-0.051,10.0,9.2,0.0,4.4,2047,1881,RTK FIXED
98.822,070927.20,10.48526200,76.44420700,10.48526200,76.44420708,658054.080,1159428.416,108.00,658054.089,1159428.416,-153.9,15,658053.257,1159427.896,10.48526000,76.44420150,0.365,-0.051,10.0,9.2,0.0,5.5,2047,1881,RTK FIXED
98.875,070927.20,10.48526200,76.44420700,10.48526200,76.44420705,658054.080,1159428.416,108.00,658054.085,1159428.416,-153.9,15,658053.257,1159427.896,10.48526000,76.44420150,0.365,-0.051,10.0,9.2,0.5,6.5,2047,1881,RTK FIXED
98.923,070927.20,10.48526200,76.44420700,10.48526200,76.44420703,658054.080,1159428.416,108.00,658054.083,1159428.416,-153.9,15,658053.257,1159427.896,10.48526000,76.44420150,0.365,-0.051,10.0,9.2,0.0,7.1,2047,1881,RTK FIXED
98.976,070927.40,10.48526200,76.44420700,10.48526200,76.44420702,658054.194,1159428.274,108.00,658054.128,1159428.359,-153.9,15,658053.257,1159427.896,10.48526000,76.44420150,0.366,-0.013,10.0,9.8,-0.5,8.3,2047,2004,RTK FIXED
99.022,070927.40,10.48526200,76.44420700,10.48526200,76.44420701,658054.194,1159428.274,108.00,658054.154,1159428.325,-153.9,15,658053.257,1159427.896,10.48526000,76.44420150,0.366,-0.013,10.0,9.8,0.5,11.5,2047,2004,RTK FIXED
99.076,070927.40,10.48526200,76.44420700,10.48526200,76.44420701,658054.194,1159428.274,108.00,658054.170,1159428.305,-153.9,15,658053.257,1159427.896,10.48526000,76.44420150,0.366,-0.013,10.0,9.8,0.0,11.6,2047,2004,RTK FIXED
99.122,070927.40,10.48526200,76.44420700,10.48526200,76.44420700,658054.194,1159428.274,108.00,658054.180,1159428.292,-153.9,15,658053.257,1159427.896,10.48526000,76.44420150,0.366,-0.013,10.0,9.8,-0.5,13.0,2047,2004,RTK FIXED
99.176,070927.40,10.48526200,76.44420700,10.48526200,76.44420700,658054.194,1159428.274,108.00,658054.186,1159428.285,-153.9,15,658053.257,1159427.896,10.48526000,76.44420150,0.366,-0.013,10.0,9.8,0.0,13.5,2047,2004,RTK FIXED
99.222,070927.60,10.48526300,76.44420700,10.48526240,76.44420700,658054.194,1159428.385,108.00,658054.189,1159428.325,-153.9,15,658053.257,1159427.896,10.48526000,76.44420150,0.366,-0.003,10.0,9.9,0.0,12.3,2047,2036,RTK FIXED
99.276,070927.60,10.48526300,76.44420700,10.48526264,76.44420700,658054.194,1159428.385,108.00,658054.191,1159428.349,-153.9,15,658053.257,1159427.896,10.48526000,76.44420150,0.366,-0.003,10.0,9.9,0.5,15.0,2047,2036,RTK FIXED
99.330,070927.60,10.48526300,76.44420700,10.48526278,76.44420700,658054.194,1159428.385,108.00,658054.192,1159428.363,-153.9,15,658053.257,1159427.896,10.48526000,76.44420150,0.366,-0.003,10.0,9.9,0.0,16.3,2047,2036,RTK FIXED
99.376,070927.60,10.48526300,76.44420700,10.48526287,76.44420700,658054.194,1159428.385,108.00,658054.193,1159428.372,-153.9,15,658053.257,1159427.896,10.48526000,76.44420150,0.366,-0.003,10.0,9.9,-0.5,14.5,2047,2036,RTK FIXED
99.430,070927.80,10.48526300,76.44420600,10.48526292,76.44420660,658054.084,1159428.384,108.00,658054.149,1159428.377,-153.9,15,658053.257,1159427.896,10.48526000,76.44420150,0.366,0.002,10.0,10.0,0.5,17.0,2041,2047,RTK FIXED
99.475,070927.80,10.48526300,76.44420600,10.48526295,76.44420636,658054.084,1159428.384,108.00,658054.123,1159428.380,-153.9,15,658053.257,1159427.896,10.48526000,76.44420150,0.366,0.002,10.0,10.0,-0.6,17.7,2041,2047,RTK FIXED
99.530,070927.80,10.48526300,76.44420600,10.48526297,76.44420622,658054.084,1159428.384,108.00,658054.108,1159428.381,-153.9,15,658053.257,1159427.896,10.48526000,76.44420150,0.366,0.002,10.0,10.0,0.5,17.4,2041,2047,RTK FIXED
99.576,070927.80,10.48526300,76.44420600,10.48526298,76.44420613,658054.084,1159428.384,108.00,658054.098,1159428.382,-153.9,15,658053.257,1159427.896,10.48526000,76.44420150,0.366,0.002,10.0,10.0,-0.5,15.2,2041,2047,RTK FIXED
99.630,070927.80,10.48526300,76.44420600,10.48526299,76.44420608,658054.084,1159428.384,108.00,658054.093,1159428.383,-153.9,15,658053.257,1159427.896,10.48526000,76.44420150,0.366,0.002,10.0,10.0,0.5,15.6,2041,2047,RTK FIXED
99.676,070928.00,10.48526300,76.44420600,10.48526299,76.44420605,658054.084,1159428.384,108.00,658054.089,1159428.383,-153.9,15,658053.257,1159427.896,10.48526000,76.44420150,0.366,0.009,9.9,10.0,0.0,17.9,2017,2047,RTK FIXED
99.730,070928.00,10.48526300,76.44420600,10.48526300,76.44420603,658054.084,1159428.384,108.00,658054.087,1159428.384,-153.9,15,658053.257,1159427.896,10.48526000,76.44420150,0.366,0.009,9.9,10.0,0.0,17.7,2017,2047,RTK FIXED
99.776,070928.00,10.48526300,76.44420600,10.48526300,76.44420602,658054.084,1159428.384,108.00,658054.086,1159428.384,-153.9,15,658053.257,1159427.896,10.48526000,76.44420150,0.366,0.009,9.9,10.0,0.0,17.3,2017,2047,RTK FIXED
99.830,070928.00,10.48526300,76.44420600,10.48526300,76.44420601,658054.084,1159428.384,108.00,658054.085,1159428.384,-153.9,15,658053.257,1159427.896,10.48526000,76.44420150,0.366,0.009,9.9,10.0,0.0,18.2,2017,2047,RTK FIXED
99.876,070928.00,10.48526300,76.44420600,10.48526300,76.44420601,658054.084,1159428.384,108.00,658054.085,1159428.384,-153.9,15,658053.257,1159427.896,10.48526000,76.44420150,0.366,0.009,9.9,10.0,-0.5,15.8,2017,2047,RTK FIXED
99.931,070928.20,10.48526300,76.44420600,10.48526300,76.44420600,658054.084,1159428.384,108.00,658054.085,1159428.384,-153.9,15,658053.257,1159427.896,10.48526000,76.44420150,0.366,0.014,9.8,10.0,0.5,17.8,2000,2047,RTK FIXED
99.984,070928.20,10.48526300,76.44420600,10.48526300,76.44420600,658054.084,1159428.384,108.00,658054.084,1159428.384,-153.9,15,658053.257,1159427.896,10.48526000,76.44420150,0.366,0.014,9.8,10.0,0.0,17.8,2000,2047,RTK FIXED
100.030,070928.20,10.48526300,76.44420600,10.48526300,76.44420600,658054.084,1159428.384,108.00,658054.084,1159428.384,-153.9,15,658053.257,1159427.896,10.48526000,76.44420150,0.366,0.014,9.8,10.0,0.0,15.9,2000,2047,RTK FIXED
100.085,070928.40,10.48526300,76.44420500,10.48526300,76.44420560,658053.975,1159428.384,108.00,658054.040,1159428.384,-153.9,15,658053.257,1159427.896,10.48526000,76.44420150,0.365,0.027,9.6,10.0,-0.5,18.1,1957,2047,RTK FIXED
100.130,070928.40,10.48526300,76.44420500,10.48526300,76.44420536,658053.975,1159428.384,108.00,658054.014,1159428.384,-153.9,15,658053.257,1159427.896,10.48526000,76.44420150,0.365,0.027,9.6,10.0,0.0,18.7,1957,2047,RTK FIXED
100.184,070928.40,10.48526300,76.44420500,10.48526300,76.44420522,658053.975,1159428.384,108.00,658053.998,1159428.384,-153.9,15,658053.257,1159427.896,10.48526000,76.44420150,0.365,0.027,9.6,10.0,0.5,16.5,1957,2047,RTK FIXED
100.231,070928.60,10.48526300,76.44420500,10.48526300,76.44420513,658053.975,1159428.384,108.00,658053.989,1159428.384,-157.4,15,658053.257,1159427.896,10.48526000,76.44420150,0.362,0.059,9.1,10.0,-0.5,18.0,1857,2047,RTK FIXED
100.284,070928.60,10.48526300,76.44420500,10.48526300,76.44420508,658053.975,1159428.384,108.00,658053.983,1159428.384,-157.4,15,658053.257,1159427.896,10.48526000,76.44420150,0.362,0.059,9.1,10.0,0.5,18.5,1857,2047,RTK FIXED
100.330,070928.60,10.48526300,76.44420500,10.48526300,76.44420505,658053.975,1159428.384,108.00,658053.980,1159428.384,-157.4,15,658053.257,1159427.896,10.48526000,76.44420150,0.362,0.059,9.1,10.0,0.0,16.2,1857,2047,RTK FIXED
100.385,070928.60,10.48526300,76.44420500,10.48526300,76.44420503,658053.975,1159428.384,108.00,658053.978,1159428.384,-157.4,15,658053.257,1159427.896,10.48526000,76.44420150,0.362,0.059,9.1,10.0,-0.5,18.7,1857,2047,RTK FIXED
100.430,070928.60,10.48526300,76.44420500,10.48526300,76.44420502,658053.975,1159428.384,108.00,658053.977,1159428.384,-157.4,15,658053.257,1159427.896,10.48526000,76.44420150,0.362,0.059,9.1,10.0,0.6,18.2,1857,2047,RTK FIXED
100.485,070928.80,10.48526400,76.44420500,10.48526340,76.44420501,658053.983,1159428.473,108.00,658053.979,1159428.419,-157.4,15,658053.257,1159427.896,10.48526000,76.44420150,0.359,0.083,8.7,10.0,0.0,18.3,1781,2047,RTK FIXED
100.538,070928.80,10.48526400,76.44420500,10.48526364,76.44420501,658053.983,1159428.473,108.00,658053.981,1159428.441,-157.4,15,658053.257,1159427.896,10.48526000,76.44420150,0.359,0.083,8.7,10.0,-0.5,18.7,1781,2047,RTK FIXED
100.584,070928.80,10.48526400,76.44420500,10.48526378,76.44420500,658053.983,1159428.473,108.00,658053.982,1159428.454,-157.4,15,658053.257,1159427.896,10.48526000,76.44420150,0.359,0.083,8.7,10.0,0.5,18.4,1781,2047,RTK FIXED
100.639,070929.00,10.48526400,76.44420400,10.48526387,76.44420460,658053.874,1159428.472,108.00,658053.938,1159428.461,-176.3,15,658053.257,1159427.896,10.48526000,76.44420150,0.332,0.233,6.5,10.0,0.0,18.4,1333,2047,RTK FIXED
100.684,070929.00,10.48526400,76.44420400,10.48526392,76.44420436,658053.874,1159428.472,108.00,658053.913,1159428.466,-176.3,15,658053.257,1159427.896,10.48526000,76.44420150,0.332,0.233,6.5,10.0,0.0,18.6,1333,2047,RTK FIXED
100.739,070929.20,10.48526400,76.44420400,10.48526395,76.44420422,658053.898,1159428.353,108.00,658053.907,1159428.421,-176.3,15,658053.257,1159427.896,10.48526000,76.44420150,0.332,0.271,6.1,10.0,0.0,17.9,1241,2047,RTK FIXED
100.785,070929.20,10.48526400,76.44420400,10.48526397,76.44420413,658053.898,1159428.353,108.00,658053.903,1159428.394,-176.3,15,658053.257,1159427.896,10.48526000,76.44420150,0.332,0.271,6.1,10.0,0.0,17.9,1241,2047,RTK FIXED
100.839,070929.20,10.48526400,76.44420400,10.48526398,76.44420408,658053.898,1159428.353,108.00,658053.901,1159428.378,-176.3,15,658053.257,1159427.896,10.48526000,76.44420150,0.332,0.271,6.1,10.0,-0.5,18.2,1241,2047,RTK FIXED
100.885,070929.20,10.48526400,76.44420400,10.48526399,76.44420405,658053.898,1159428.353,108.00,658053.900,1159428.368,-176.3,15,658053.257,1159427.896,10.48526000,76.44420150,0.332,0.271,6.1,10.0,0.5,17.9,1241,2047,RTK FIXED
100.938,070929.20,10.48526400,76.44420400,10.48526399,76.44420403,658053.898,1159428.353,108.00,658053.899,1159428.362,-176.3,15,658053.257,1159427.896,10.48526000,76.44420150,0.332,0.271,6.1,10.0,0.0,18.3,1241,2047,RTK FIXED
100.984,070929.40,10.48526400,76.44420400,10.48526400,76.44420402,658053.898,1159428.353,108.00,658053.899,1159428.359,-176.3,15,658053.257,1159427.896,10.48526000,76.44420150,0.332,0.280,6.0,10.0,0.0,15.7,1218,2047,RTK FIXED
101.039,070929.40,10.48526400,76.44420400,10.48526400,76.44420401,658053.898,1159428.353,108.00,658053.898,1159428.356,-176.3,15,658053.257,1159427.896,10.48526000,76.44420150,0.332,0.280,6.0,10.0,0.0,18.2,1218,2047,RTK FIXED
101.093,070929.40,10.48526400,76.44420400,10.48526400,76.44420401,658053.898,1159428.353,108.00,658053.898,1159428.355,-176.3,15,658053.257,1159427.896,10.48526000,76.44420150,0.332,0.280,6.0,10.0,-0.5,17.7,1218,2047,RTK FIXED
101.138,070929.40,10.48526400,76.44420400,10.48526400,76.44420400,658053.898,1159428.353,108.00,658053.898,1159428.354,-176.3,15,658053.257,1159427.896,10.48526000,76.44420150,0.332,0.280,6.0,10.0,0.5,18.1,1218,2047,RTK FIXED
101.193,070929.60,10.48526400,76.44420300,10.48526400,76.44420360,658053.789,1159428.353,108.00,658053.854,1159428.354,-166.0,15,658053.257,1159427.896,10.48526000,76.44420150,0.338,0.262,6.2,10.0,0.0,17.8,1275,2047,RTK FIXED
101.239,070929.60,10.48526400,76.44420300,10.48526400,76.44420336,658053.789,1159428.353,108.00,658053.828,1159428.353,-166.0,15,658053.257,1159427.896,10.48526000,76.44420150,0.338,0.262,6.2,10.0,0.0,17.4,1275,2047,RTK FIXED
101.293,070929.60,10.48526400,76.44420300,10.48526400,76.44420322,658053.789,1159428.353,108.00,658053.812,1159428.353,-166.0,15,658053.257,1159427.896,10.48526000,76.44420150,0.338,0.262,6.2,10.0,-0.5,17.7,1275,2047,RTK FIXED
101.340,070929.80,10.48526400,76.44420300,10.48526400,76.44420313,658053.780,1159428.419,108.00,658053.799,1159428.380,-166.0,15,658053.257,1159427.896,10.48526000,76.44420150,0.332,0.278,6.0,10.0,0.0,17.4,1225,2047,RTK FIXED
101.393,070929.80,10.48526400,76.44420300,10.48526400,76.44420308,658053.780,1159428.419,108.00,658053.792,1159428.395,-166.0,15,658053.257,1159427.896,10.48526000,76.44420150,0.332,0.278,6.0,10.0,0.0,17.6,1225,2047,RTK FIXED
101.440,070929.80,10.48526400,76.44420300,10.48526400,76.44420305,658053.780,1159428.419,108.00,658053.787,1159428.405,-166.0,15,658053.257,1159427.896,10.48526000,76.44420150,0.332,0.278,6.0,10.0,0.5,17.9,1225,2047,RTK FIXED
101.494,070930.00,10.48526400,76.44420300,10.48526400,76.44420303,658053.780,1159428.419,108.00,658053.784,1159428.411,-166.0,15,658053.257,1159427.896,10.48526000,76.44420150,0.332,0.282,5.9,10.0,0.0,15.9,1214,2047,RTK FIXED
101.539,070930.00,10.48526400,76.44420300,10.48526400,76.44420302,658053.780,1159428.419,108.00,658053.783,1159428.414,-166.0,15,658053.257,1159427.896,10.48526000,76.44420150,0.332,0.282,5.9,10.0,0.0,17.6,1214,2047,RTK FIXED
101.593,070930.00,10.48526400,76.44420300,10.48526400,76.44420301,658053.780,1159428.419,108.00,658053.782,1159428.416,-166.0,15,658053.257,1159427.896,10.48526000,76.44420150,0.332,0.282,5.9,10.0,0.0,17.6,1214,2047,RTK FIXED
101.647,070930.00,10.48526400,76.44420300,10.48526400,76.44420301,658053.780,1159428.419,108.00,658053.781,1159428.417,-166.0,15,658053.257,1159427.896,10.48526000,76.44420150,0.332,0.282,5.9,10.0,0.0,17.6,1214,2047,RTK FIXED
101.694,070930.00,10.48526400,76.44420300,10.48526400,76.44420300,658053.780,1159428.419,108.00,658053.781,1159428.418,-166.0,15,658053.257,1159427.896,10.48526000,76.44420150,0.332,0.282,5.9,10.0,0.0,17.6,1214,2047,RTK FIXED
101.747,070930.20,10.48526400,76.44420200,10.48526400,76.44420260,658053.671,1159428.419,108.00,658053.737,1159428.418,-175.7,15,658053.257,1159427.896,10.48526000,76.44420150,0.332,0.283,5.9,10.0,-0.5,17.2,1212,2047,RTK FIXED
101.792,070930.20,10.48526400,76.44420200,10.48526400,76.44420236,658053.671,1159428.419,108.00,658053.710,1159428.418,-175.7,15,658053.257,1159427.896,10.48526000,76.44420150,0.332,0.283,5.9,10.0,0.6,17.8,1212,2047,RTK FIXED
101.848,070930.40,10.48526400,76.44420200,10.48526400,76.44420222,658053.679,1159428.357,108.00,658053.698,1159428.394,-175.7,15,658053.257,1159427.896,10.48526000,76.44420150,0.332,0.284,5.9,10.0,0.0,15.8,1211,2047,RTK FIXED
101.894,070930.40,10.48526400,76.44420200,10.48526400,76.44420213,658053.679,1159428.357,108.00,658053.690,1159428.379,-175.7,15,658053.257,1159427.896,10.48526000,76.44420150,0.332,0.284,5.9,10.0,-0.5,15.4,1211,2047,RTK FIXED
101.947,070930.40,10.48526400,76.44420200,10.48526400,76.44420208,658053.679,1159428.357,108.00,658053.686,1159428.370,-175.7,15,658053.257,1159427.896,10.48526000,76.44420150,0.332,0.284,5.9,10.0,0.0,17.1,1211,2047,RTK FIXED
101.994,070930.60,10.48526400,76.44420200,10.48526400,76.44420205,658053.679,1159428.357,108.00,658053.683,1159428.365,-175.7,15,658053.257,1159427.896,10.48526000,76.44420150,0.332,0.284,5.9,10.0,0.5,17.7,1211,2047,RTK FIXED
102.047,070930.60,10.48526400,76.44420200,10.48526400,76.44420203,658053.679,1159428.357,108.00,658053.681,1159428.361,-175.7,15,658053.257,1159427.896,10.48526000,76.44420150,0.332,0.284,5.9,10.0,-0.5,17.7,1211,2047,RTK FIXED
102.093,070930.60,10.48526400,76.44420200,10.48526400,76.44420202,658053.679,1159428.357,108.00,658053.680,1159428.359,-175.7,15,658053.257,1159427.896,10.48526000,76.44420150,0.332,0.284,5.9,10.0,0.0,17.5,1211,2047,RTK FIXED
102.147,070930.60,10.48526400,76.44420200,10.48526400,76.44420201,658053.679,1159428.357,108.00,658053.680,1159428.358,-175.7,15,658053.257,1159427.896,10.48526000,76.44420150,0.332,0.284,5.9,10.0,0.0,17.0,1211,2047,RTK FIXED
102.202,070930.60,10.48526400,76.44420200,10.48526400,76.44420201,658053.679,1159428.357,108.00,658053.679,1159428.358,-175.7,15,658053.257,1159427.896,10.48526000,76.44420150,0.332,0.284,5.9,10.0,0.5,18.1,1211,2047,RTK FIXED
102.248,070930.80,10.48526300,76.44420100,10.48526360,76.44420160,658053.570,1159428.245,108.00,658053.636,1159428.313,-165.1,15,658053.257,1159427.896,10.48526000,76.44420150,0.332,0.284,5.9,10.0,0.0,17.2,1211,2047,RTK FIXED
102.301,070930.80,10.48526300,76.44420100,10.48526336,76.44420136,658053.570,1159428.245,108.00,658053.609,1159428.286,-165.1,15,658053.257,1159427.896,10.48526000,76.44420150,0.332,0.284,5.9,10.0,-0.5,17.3,1211,2047,RTK FIXED
102.347,070930.80,10.48526300,76.44420100,10.48526322,76.44420122,658053.570,1159428.245,108.00,658053.594,1159428.270,-165.1,15,658053.257,1159427.896,10.48526000,76.44420150,0.332,0.284,5.9,10.0,0.0,17.5,1211,2047,RTK FIXED
102.402,070931.00,10.48526300,76.44420100,10.48526313,76.44420113,658053.560,1159428.313,108.00,658053.580,1159428.287,-165.1,15,658053.257,1159427.896,10.48526000,76.44420150,0.332,0.284,5.9,10.0,0.5,16.4,1211,2047,RTK FIXED
102.447,070931.00,10.48526300,76.44420100,10.48526308,76.44420108,658053.560,1159428.313,108.00,658053.572,1159428.297,-165.1,15,658053.257,1159427.896,10.48526000,76.44420150,0.332,0.284,5.9,10.0,0.0,16.6,1211,2047,RTK FIXED
102.502,070931.00,10.48526300,76.44420100,10.48526305,76.44420105,658053.560,1159428.313,108.00,658053.568,1159428.304,-165.1,15,658053.257,1159427.896,10.48526000,76.44420150,0.332,0.284,5.9,10.0,-0.5,17.9,1211,2047,RTK FIXED
102.548,070931.00,10.48526300,76.44420100,10.48526303,76.44420103,658053.560,1159428.313,108.00,658053.565,1159428.307,-165.1,15,658053.257,1159427.896,10.48526000,76.44420150,0.332,0.284,5.9,10.0,0.0,16.8,1211,2047,RTK FIXED
102.602,070931.00,10.48526300,76.44420100,10.48526302,76.44420102,658053.560,1159428.313,108.00,658053.563,1159428.310,-165.1,15,658053.257,1159427.896,10.48526000,76.44420150,0.332,0.284,5.9,10.0,0.0,17.5,1211,2047,RTK FIXED
102.655,070931.20,10.48526300,76.44420100,10.48526301,76.44420101,658053.560,1159428.313,108.00,658053.562,1159428.311,-165.1,15,658053.257,1159427.896,10.48526000,76.44420150,0.332,0.284,5.9,10.0,0.5,17.8,1211,2047,RTK FIXED
102.702,070931.20,10.48526300,76.44420100,10.48526301,76.44420101,658053.560,1159428.313,108.00,658053.561,1159428.312,-165.1,15,658053.257,1159427.896,10.48526000,76.44420150,0.332,0.284,5.9,10.0,0.0,15.6,1211,2047,RTK FIXED
102.756,070931.20,10.48526300,76.44420100,10.48526300,76.44420100,658053.560,1159428.313,108.00,658053.561,1159428.312,-165.1,15,658053.257,1159427.896,10.48526000,76.44420150,0.332,0.284,5.9,10.0,-0.5,13.9,1211,2047,RTK FIXED
102.802,070931.20,10.48526300,76.44420100,10.48526300,76.44420100,658053.560,1159428.313,108.00,658053.561,1159428.313,-165.1,15,658053.257,1159427.896,10.48526000,76.44420150,0.332,0.284,5.9,10.0,0.0,17.9,1211,2047,RTK FIXED
102.856,070931.20,10.48526300,76.44420100,10.48526300,76.44420100,658053.560,1159428.313,108.00,658053.561,1159428.313,-165.1,15,658053.257,1159427.896,10.48526000,76.44420150,0.332,0.284,5.9,10.0,0.0,17.6,1211,2047,RTK FIXED
102.902,070931.40,10.48526200,76.44420100,10.48526260,76.44420100,658053.561,1159428.202,108.00,658053.561,1159428.269,-158.7,15,658053.257,1159427.896,10.48526000,76.44420150,0.344,0.240,6.5,10.0,0.0,18.4,1340,2047,RTK FIXED
102.956,070931.40,10.48526200,76.44420100,10.48526236,76.44420100,658053.561,1159428.202,108.00,658053.561,1159428.242,-158.7,15,658053.257,1159427.896,10.48526000,76.44420150,0.344,0.240,6.5,10.0,0.5,15.4,1340,2047,RTK FIXED
103.002,070931.40,10.48526200,76.44420100,10.48526222,76.44420100,658053.561,1159428.202,108.00,658053.561,1159428.226,-158.7,15,658053.257,1159427.896,10.48526000,76.44420150,0.344,0.240,6.5,10.0,0.0,17.8,1340,2047,RTK FIXED
103.056,070931.60,10.48526200,76.44420100,10.48526213,76.44420100,658053.549,1159428.242,108.00,658053.556,1159428.233,-158.7,15,658053.257,1159427.896,10.48526000,76.44420150,0.345,0.227,6.7,10.0,0.0,17.5,1372,2047,RTK FIXED
103.102,070931.60,10.48526200,76.44420100,10.48526208,76.44420100,658053.549,1159428.242,108.00,658053.553,1159428.236,-158.7,15,658053.257,1159427.896,10.48526000,76.44420150,0.345,0.227,6.7,10.0,0.0,18.0,1372,2047,RTK FIXED
103.156,070931.60,10.48526200,76.44420100,10.48526205,76.44420100,658053.549,1159428.242,108.00,658053.552,1159428.239,-158.7,15,658053.257,1159427.896,10.48526000,76.44420150,0.345,0.227,6.7,10.0,-0.5,16.3,1372,2047,RTK FIXED
103.202,070931.60,10.48526200,76.44420100,10.48526203,76.44420100,658053.549,1159428.242,108.00,658053.551,1159428.240,-158.7,15,658053.257,1159427.896,10.48526000,76.44420150,0.345,0.227,6.7,10.0,0.0,18.5,1372,2047,RTK FIXED
103.256,070931.80,10.48526200,76.44420100,10.48526202,76.44420100,658053.549,1159428.242,108.00,658053.550,1159428.241,-158.7,15,658053.257,1159427.896,10.48526000,76.44420150,0.345,0.222,6.8,10.0,0.0,16.5,1384,2047,RTK FIXED
103.310,070931.80,10.48526200,76.44420100,10.48526201,76.44420100,658053.549,1159428.242,108.00,658053.550,1159428.241,-158.7,15,658053.257,1159427.896,10.48526000,76.44420150,0.345,0.222,6.8,10.0,0.0,18.2,1384,2047,RTK FIXED
103.356,070931.80,10.48526200,76.44420100,10.48526201,76.44420100,658053.549,1159428.242,108.00,658053.549,1159428.242,-158.7,15,658053.257,1159427.896,10.48526000,76.44420150,0.345,0.222,6.8,10.0,0.0,16.3,1384,2047,RTK FIXED
103.410,070931.80,10.48526200,76.44420100,10.48526200,76.44420100,658053.549,1159428.242,108.00,658053.549,1159428.242,-158.7,15,658053.257,1159427.896,10.48526000,76.44420150,0.345,0.222,6.8,10.0,0.0,18.1,1384,2047,RTK FIXED
103.457,070931.80,10.48526200,76.44420100,10.48526200,76.44420100,658053.549,1159428.242,108.00,658053.549,1159428.242,-158.7,15,658053.257,1159427.896,10.48526000,76.44420150,0.345,0.222,6.8,10.0,0.5,18.7,1384,2047,RTK FIXED
103.513,070932.00,10.48526100,76.44420000,10.48526160,76.44420060,658053.440,1159428.131,108.00,658053.506,1159428.198,-151.7,16,658052.001,1159427.116,10.48525300,76.44419000,0.362,0.106,8.4,10.0,0.0,18.3,1718,2047,RTK FIXED
103.556,070932.00,10.48526100,76.44420000,10.48526136,76.44420036,658053.440,1159428.131,108.00,658053.479,1159428.171,-151.7,16,658052.001,1159427.116,10.48525300,76.44419000,0.362,0.106,8.4,10.0,-0.6,16.8,1718,2047,RTK FIXED
103.610,070932.00,10.48526100,76.44420000,10.48526122,76.44420022,658053.440,1159428.131,108.00,658053.464,1159428.155,-151.7,16,658052.001,1159427.116,10.48525300,76.44419000,0.362,0.106,8.4,10.0,0.5,18.5,1718,2047,RTK FIXED
103.657,070932.20,10.48526100,76.44420000,10.48526113,76.44420013,658053.422,1159428.172,108.00,658053.447,1159428.162,-151.7,16,658052.001,1159427.116,10.48525300,76.44419000,0.361,0.080,8.8,10.0,-0.5,18.3,1792,2047,RTK FIXED
103.710,070932.20,10.48526100,76.44420000,10.48526108,76.44420008,658053.422,1159428.172,108.00,658053.437,1159428.166,-151.7,16,658052.001,1159427.116,10.48525300,76.44419000,0.361,0.080,8.8,10.0,0.5,18.7,1792,2047,RTK FIXED
103.757,070932.40,10.48526100,76.44420000,10.48526105,76.44420005,658053.422,1159428.172,108.00,658053.431,1159428.169,-151.7,16,658052.001,1159427.116,10.48525300,76.44419000,0.361,0.076,8.8,10.0,-0.5,18.3,1804,2047,RTK FIXED
103.810,070932.40,10.48526100,76.44420000,10.48526103,76.44420003,658053.422,1159428.172,108.00,658053.428,1159428.170,-151.7,16,658052.001,1159427.116,10.48525300,76.44419000,0.361,0.076,8.8,10.0,0.0,18.6,1804,2047,RTK FIXED
103.864,070932.40,10.48526100,76.44420000,10.48526102,76.44420002,658053.422,1159428.172,108.00,658053.426,1159428.171,-151.7,16,658052.001,1159427.116,10.48525300,76.44419000,0.361,0.076,8.8,10.0,0.5,18.6,1804,2047,RTK FIXED
103.910,070932.40,10.48526100,76.44420000,10.48526101,76.44420001,658053.422,1159428.172,108.00,658053.424,1159428.172,-151.7,16,658052.001,1159427.116,10.48525300,76.44419000,0.361,0.076,8.8,10.0,-0.5,20.0,1804,2047,RTK FIXED
103.963,070932.40,10.48526100,76.44420000,10.48526101,76.44420001,658053.422,1159428.172,108.00,658053.423,1159428.172,-151.7,16,658052.001,1159427.116,10.48525300,76.44419000,0.361,0.076,8.8,10.0,0.5,18.4,1804,2047,RTK FIXED
104.012,070932.40,10.48526100,76.44420000,10.48526100,76.44420000,658053.422,1159428.172,108.00,658053.423,1159428.172,-151.7,16,658052.001,1159427.116,10.48525300,76.44419000,0.361,0.076,8.8,10.0,0.0,20.8,1804,2047,RTK FIXED
104.065,070932.60,10.48526000,76.44420000,10.48526060,76.44420000,658053.423,1159428.062,108.00,658053.423,1159428.128,-146.9,16,658052.001,1159427.116,10.48525300,76.44419000,0.365,0.037,9.4,10.0,-0.5,19.4,1926,2047,RTK FIXED
104.111,070932.60,10.48526000,76.44420000,10.48526036,76.44420000,658053.423,1159428.062,108.00,658053.423,1159428.102,-146.9,16,658052.001,1159427.116,10.48525300,76.44419000,0.365,0.037,9.4,10.0,0.5,19.0,1926,2047,RTK FIXED
104.164,070932.60,10.48526000,76.44420000,10.48526022,76.44420000,658053.423,1159428.062,108.00,658053.423,1159428.086,-146.9,16,658052.001,1159427.116,10.48525300,76.44419000,0.365,0.037,9.4,10.0,0.0,19.1,1926,2047,RTK FIXED
104.211,070932.60,10.48526000,76.44420000,10.48526013,76.44420000,658053.423,1159428.062,108.00,658053.423,1159428.076,-146.9,16,658052.001,1159427.116,10.48525300,76.44419000,0.365,0.037,9.4,10.0,-0.5,19.5,1926,2047,RTK FIXED
104.264,070932.60,10.48526000,76.44420000,10.48526008,76.44420000,658053.423,1159428.062,108.00,658053.423,1159428.070,-146.9,16,658052.001,1159427.116,10.48525300,76.44419000,0.365,0.037,9.4,10.0,0.5,19.3,1926,2047,RTK FIXED
104.311,070932.80,10.48526000,76.44420000,10.48526005,76.44420000,658053.408,1159428.089,108.00,658053.417,1159428.078,-146.9,16,658052.001,1159427.116,10.48525300,76.44419000,0.366,0.025,9.6,10.0,-0.5,19.0,1963,2047,RTK FIXED
104.364,070932.80,10.48526000,76.44420000,10.48526003,76.44420000,658053.408,1159428.089,108.00,658053.413,1159428.082,-146.9,16,658052.001,1159427.116,10.48525300,76.44419000,0.366,0.025,9.6,10.0,0.5,19.6,1963,2047,RTK FIXED
104.410,070932.80,10.48526000,76.44420000,10.48526002,76.44420000,658053.408,1159428.089,108.00,658053.411,1159428.085,-146.9,16,658052.001,1159427.116,10.48525300,76.44419000,0.366,0.025,9.6,10.0,-0.5,16.9,1963,2047,RTK FIXED
104.464,070932.80,10.48526000,76.44420000,10.48526001,76.44420000,658053.408,1159428.089,108.00,658053.410,1159428.087,-146.9,16,658052.001,1159427.116,10.48525300,76.44419000,0.366,0.025,9.6,10.0,0.0,17.1,1963,2047,RTK FIXED
104.519,070933.00,10.48526000,76.44420000,10.48526001,76.44420000,658053.408,1159428.089,108.00,658053.409,1159428.088,-146.9,16,658052.001,1159427.116,10.48525300,76.44419000,0.366,0.021,9.7,10.0,0.0,17.0,1977,2047,RTK FIXED
104.565,070933.00,10.48526000,76.44420000,10.48526000,76.44420000,658053.408,1159428.089,108.00,658053.408,1159428.088,-146.9,16,658052.001,1159427.116,10.48525300,76.44419000,0.366,0.021,9.7,10.0,0.5,17.0,1977,2047,RTK FIXED
104.619,070933.00,10.48526000,76.44420000,10.48526000,76.44420000,658053.408,1159428.089,108.00,658053.408,1159428.089,-146.9,16,658052.001,1159427.116,10.48525300,76.44419000,0.366,0.021,9.7,10.0,0.0,19.0,1977,2047,RTK FIXED
104.665,070933.00,10.48526000,76.44420000,10.48526000,76.44420000,658053.408,1159428.089,108.00,658053.408,1159428.089,-146.9,16,658052.001,1159427.116,10.48525300,76.44419000,0.366,0.021,9.7,10.0,0.0,16.8,1977,2047,RTK FIXED
104.719,070933.00,10.48526000,76.44420000,10.48526000,76.44420000,658053.408,1159428.089,108.00,658053.408,1159428.089,-146.9,16,658052.001,1159427.116,10.48525300,76.44419000,0.366,0.021,9.7,10.0,0.0,19.0,1977,2047,RTK FIXED
104.765,070933.20,10.48526000,76.44420000,10.48526000,76.44420000,658053.408,1159428.089,108.00,658053.408,1159428.089,-146.9,16,658052.001,1159427.116,10.48525300,76.44419000,0.366,0.019,9.7,10.0,0.0,18.8,1983,2047,RTK FIXED
104.818,070933.20,10.48526000,76.44420000,10.48526000,76.44420000,658053.408,1159428.089,108.00,658053.408,1159428.089,-146.9,16,658052.001,1159427.116,10.48525300,76.44419000,0.366,0.019,9.7,10.0,-0.5,18.3,1983,2047,RTK FIXED
104.865,070933.20,10.48526000,76.44420000,10.48526000,76.44420000,658053.408,1159428.089,108.00,658053.408,1159428.089,-146.9,16,658052.001,1159427.116,10.48525300,76.44419000,0.366,0.019,9.7,10.0,0.0,16.1,1983,2047,RTK FIXED
104.919,070933.40,10.48525900,76.44419900,10.48525960,76.44419960,658053.299,1159427.978,108.00,658053.364,1159428.045,-142.1,16,658052.001,1159427.116,10.48525300,76.44419000,0.366,0.001,10.0,10.0,0.0,18.3,2042,2047,RTK FIXED
104.965,070933.40,10.48525900,76.44419900,10.48525936,76.44419936,658053.299,1159427.978,108.00,658053.338,1159428.018,-142.1,16,658052.001,1159427.116,10.48525300,76.44419000,0.366,0.001,10.0,10.0,0.0,18.1,2042,2047,RTK FIXED
105.019,070933.40,10.48525900,76.44419900,10.48525922,76.44419922,658053.299,1159427.978,108.00,658053.322,1159428.002,-142.1,16,658052.001,1159427.116,10.48525300,76.44419000,0.366,0.001,10.0,10.0,0.5,16.2,2042,2047,RTK FIXED
105.073,070933.60,10.48525900,76.44419900,10.48525913,76.44419913,658053.282,1159428.003,108.00,658053.306,1159428.003,-142.1,16,658052.001,1159427.116,10.48525300,76.44419000,0.366,-0.001,10.0,10.0,-0.5,18.0,2047,2043,RTK FIXED
105.119,070933.60,10.48525900,76.44419900,10.48525908,76.44419908,658053.282,1159428.003,108.00,658053.296,1159428.003,-142.1,16,658052.001,1159427.116,10.48525300,76.44419000,0.366,-0.001,10.0,10.0,0.5,15.8,2047,2043,RTK FIXED
105.172,070933.60,10.48525900,76.44419900,10.48525905,76.44419905,658053.282,1159428.003,108.00,658053.290,1159428.003,-142.1,16,658052.001,1159427.116,10.48525300,76.44419000,0.366,-0.001,10.0,10.0,0.0,17.8,2047,2043,RTK FIXED
105.218,070933.60,10.48525900,76.44419900,10.48525903,76.44419903,658053.282,1159428.003,108.00,658053.287,1159428.003,-142.1,16,658052.001,1159427.116,10.48525300,76.44419000,0.366,-0.001,10.0,10.0,-0.5,18.4,2047,2043,RTK FIXED
105.274,070933.60,10.48525900,76.44419900,10.48525902,76.44419902,658053.282,1159428.003,108.00,658053.285,1159428.003,-142.1,16,658052.001,1159427.116,10.48525300,76.44419000,0.366,-0.001,10.0,10.0,0.0,18.0,2047,2043,RTK FIXED
105.319,070933.80,10.48525900,76.44419900,10.48525901,76.44419901,658053.282,1159428.003,108.00,658053.283,1159428.003,-142.1,16,658052.001,1159427.116,10.48525300,76.44419000,0.366,-0.001,10.0,10.0,0.5,16.5,2047,2045,RTK FIXED
105.373,070933.80,10.48525900,76.44419900,10.48525901,76.44419901,658053.282,1159428.003,108.00,658053.283,1159428.003,-142.1,16,658052.001,1159427.116,10.48525300,76.44419000,0.366,-0.001,10.0,10.0,0.0,18.7,2047,2045,RTK FIXED
105.419,070933.80,10.48525900,76.44419900,10.48525900,76.44419900,658053.282,1159428.003,108.00,658053.282,1159428.003,-142.1,16,658052.001,1159427.116,10.48525300,76.44419000,0.366,-0.001,10.0,10.0,-0.5,18.4,2047,2045,RTK FIXED
105.474,070934.00,10.48525800,76.44419900,10.48525860,76.44419900,658053.282,1159427.893,108.00,658053.282,1159427.959,-138.5,16,658052.001,1159427.116,10.48525300,76.44419000,0.364,-0.035,10.0,9.4,0.5,18.3,2047,1932,RTK FIXED
105.519,070934.00,10.48525800,76.44419900,10.48525836,76.44419900,658053.282,1159427.893,108.00,658053.282,1159427.933,-138.5,16,658052.001,1159427.116,10.48525300,76.44419000,0.364,-0.035,10.0,9.4,0.0,18.1,2047,1932,RTK FIXED
105.574,070934.20,10.48525800,76.44419800,10.48525822,76.44419860,658053.158,1159427.911,108.00,658053.232,1159427.924,-138.5,16,658052.001,1159427.116,10.48525300,76.44419000,0.365,-0.038,10.0,9.4,0.0,17.9,2047,1922,RTK FIXED
105.627,070934.20,10.48525800,76.44419800,10.48525813,76.44419836,658053.158,1159427.911,108.00,658053.203,1159427.919,-138.5,16,658052.001,1159427.116,10.48525300,76.44419000,0.365,-0.038,10.0,9.4,0.0,17.8,2047,1922,RTK FIXED
105.674,070934.20,10.48525800,76.44419800,10.48525808,76.44419822,658053.158,1159427.911,108.00,658053.185,1159427.916,-138.5,16,658052.001,1159427.116,10.48525300,76.44419000,0.365,-0.038,10.0,9.4,-0.5,17.8,2047,1922,RTK FIXED
105.727,070934.20,10.48525800,76.44419800,10.48525805,76.44419813,658053.158,1159427.911,108.00,658053.174,1159427.914,-138.5,16,658052.001,1159427.116,10.48525300,76.44419000,0.365,-0.038,10.0,9.4,0.0,15.4,2047,1922,RTK FIXED
105.774,070934.40,10.48525800,76.44419800,10.48525803,76.44419808,658053.158,1159427.911,108.00,658053.168,1159427.913,-144.2,16,658052.001,1159427.116,10.48525300,76.44419000,0.366,-0.010,10.0,9.8,0.5,17.1,2047,2015,RTK FIXED
105.827,070934.40,10.48525800,76.44419800,10.48525802,76.44419805,658053.158,1159427.911,108.00,658053.164,1159427.912,-144.2,16,658052.001,1159427.116,10.48525300,76.44419000,0.366,-0.010,10.0,9.8,0.0,16.8,2047,2015,RTK FIXED
105.874,070934.40,10.48525800,76.44419800,10.48525801,76.44419803,658053.158,1159427.911,108.00,658053.161,1159427.912,-144.2,16,658052.001,1159427.116,10.48525300,76.44419000,0.366,-0.010,10.0,9.8,-0.5,17.3,2047,2015,RTK FIXED
105.927,070934.40,10.48525800,76.44419800,10.48525801,76.44419802,658053.158,1159427.911,108.00,658053.160,1159427.911,-144.2,16,658052.001,1159427.116,10.48525300,76.44419000,0.366,-0.010,10.0,9.8,0.5,14.8,2047,2015,RTK FIXED
105.974,070934.40,10.48525800,76.44419800,10.48525800,76.44419801,658053.158,1159427.911,108.00,658053.159,1159427.911,-144.2,16,658052.001,1159427.116,10.48525300,76.44419000,0.366,-0.010,10.0,9.8,-0.5,17.3,2047,2015,RTK FIXED
106.028,070934.60,10.48525800,76.44419800,10.48525800,76.44419801,658053.180,1159427.881,108.00,658053.168,1159427.899,-144.2,16,658052.001,1159427.116,10.48525300,76.44419000,0.366,-0.002,10.0,10.0,0.0,17.4,2047,2039,RTK FIXED
106.082,070934.60,10.48525800,76.44419800,10.48525800,76.44419800,658053.180,1159427.881,108.00,658053.173,1159427.892,-144.2,16,658052.001,1159427.116,10.48525300,76.44419000,0.366,-0.002,10.0,10.0,0.0,17.9,2047,2039,RTK FIXED
106.127,070934.60,10.48525800,76.44419800,10.48525800,76.44419800,658053.180,1159427.881,108.00,658053.176,1159427.888,-144.2,16,658052.001,1159427.116,10.48525300,76.44419000,0.366,-0.002,10.0,10.0,0.5,18.5,2047,2039,RTK FIXED
106.182,070934.80,10.48525700,76.44419800,10.48525760,76.44419800,658053.181,1159427.771,108.00,658053.178,1159427.841,-144.2,16,658052.001,1159427.116,10.48525300,76.44419000,0.366,-0.017,10.0,9.7,-0.5,17.5,2047,1992,RTK FIXED
106.228,070934.80,10.48525700,76.44419800,10.48525736,76.44419800,658053.181,1159427.771,108.00,658053.179,1159427.813,-144.2,16,658052.001,1159427.116,10.48525300,76.44419000,0.366,-0.017,10.0,9.7,0.5,18.0,2047,1992,RTK FIXED
106.282,070934.80,10.48525700,76.44419800,10.48525722,76.44419800,658053.181,1159427.771,108.00,658053.180,1159427.796,-144.2,16,658052.001,1159427.116,10.48525300,76.44419000,0.366,-0.017,10.0,9.7,0.0,18.2,2047,1992,RTK FIXED
106.328,070934.80,10.48525700,76.44419800,10.48525713,76.44419800,658053.181,1159427.771,108.00,658053.180,1159427.786,-144.2,16,658052.001,1159427.116,10.48525300,76.44419000,0.366,-0.017,10.0,9.7,-0.5,17.6,2047,1992,RTK FIXED
106.382,070934.80,10.48525700,76.44419800,10.48525708,76.44419800,658053.181,1159427.771,108.00,658053.181,1159427.780,-144.2,16,658052.001,1159427.116,10.48525300,76.44419000,0.366,-0.017,10.0,9.7,0.0,17.3,2047,1992,RTK FIXED
106.428,070935.00,10.48525700,76.44419700,10.48525705,76.44419760,658053.072,1159427.770,108.00,658053.137,1159427.776,-137.2,16,658052.001,1159427.116,10.48525300,76.44419000,0.360,-0.063,10.0,9.0,0.0,15.6,2047,1843,RTK FIXED
106.482,070935.00,10.48525700,76.44419700,10.48525703,76.44419736,658053.072,1159427.770,108.00,658053.111,1159427.774,-137.2,16,658052.001,1159427.116,10.48525300,76.44419000,0.360,-0.063,10.0,9.0,0.0,18.2,2047,1843,RTK FIXED
106.528,070935.00,10.48525700,76.44419700,10.48525702,76.44419722,658053.072,1159427.770,108.00,658053.095,1159427.772,-137.2,16,658052.001,1159427.116,10.48525300,76.44419000,0.360,-0.063,10.0,9.0,0.5,16.2,2047,1843,RTK FIXED
106.582,070935.20,10.48525700,76.44419700,10.48525701,76.44419713,658053.044,1159427.806,108.00,658053.075,1159427.786,-137.2,16,658052.001,1159427.116,10.48525300,76.44419000,0.362,-0.068,10.0,8.9,0.0,18.0,2047,1828,RTK FIXED
106.636,070935.20,10.48525700,76.44419700,10.48525701,76.44419708,658053.044,1159427.806,108.00,658053.062,1159427.794,-137.2,16,658052.001,1159427.116,10.48525300,76.44419000,0.362,-0.068,10.0,8.9,0.0,17.2,2047,1828,RTK FIXED
106.682,070935.20,10.48525700,76.44419700,10.48525700,76.44419705,658053.044,1159427.806,108.00,658053.055,1159427.799,-137.2,16,658052.001,1159427.116,10.48525300,76.44419000,0.362,-0.068,10.0,8.9,-0.5,15.8,2047,1828,RTK FIXED
106.736,070935.40,10.48525700,76.44419700,10.48525700,76.44419703,658053.044,1159427.806,108.00,658053.050,1159427.802,-137.2,16,658052.001,1159427.116,10.48525300,76.44419000,0.362,-0.065,10.0,9.0,0.0,16.1,2047,1837,RTK FIXED
106.782,070935.40,10.48525700,76.44419700,10.48525700,76.44419702,658053.044,1159427.806,108.00,658053.048,1159427.803,-137.2,16,658052.001,1159427.116,10.48525300,76.44419000,0.362,-0.065,10.0,9.0,0.5,16.4,2047,1837,RTK FIXED
106.836,070935.40,10.48525700,76.44419700,10.48525700,76.44419701,658053.044,1159427.806,108.00,658053.046,1159427.804,-137.2,16,658052.001,1159427.116,10.48525300,76.44419000,0.362,-0.065,10.0,9.0,0.0,15.3,2047,1837,RTK FIXED
106.882,070935.40,10.48525700,76.44419700,10.48525700,76.44419701,658053.044,1159427.806,108.00,658053.045,1159427.805,-137.2,16,658052.001,1159427.116,10.48525300,76.44419000,0.362,-0.065,10.0,9.0,0.0,16.2,2047,1837,RTK FIXED
106.935,070935.40,10.48525700,76.44419700,10.48525700,76.44419700,658053.044,1159427.806,108.00,658053.045,1159427.805,-137.2,16,658052.001,1159427.116,10.48525300,76.44419000,0.362,-0.065,10.0,9.0,0.0,16.0,2047,1837,RTK FIXED
106.982,070935.40,10.48525700,76.44419700,10.48525700,76.44419700,658053.044,1159427.806,108.00,658053.044,1159427.806,-137.2,16,658052.001,1159427.116,10.48525300,76.44419000,0.362,-0.065,10.0,9.0,-0.5,15.5,2047,1837,RTK FIXED
107.035,070935.40,10.48525700,76.44419700,10.48525700,76.44419700,658053.044,1159427.806,108.00,658053.044,1159427.806,-137.2,16,658052.001,1159427.116,10.48525300,76.44419000,0.362,-0.065,10.0,9.0,0.5,16.0,2047,1837,RTK FIXED
107.083,070935.60,10.48525600,76.44419700,10.48525660,76.44419700,658053.044,1159427.695,108.00,658053.044,1159427.762,-139.3,16,658052.001,1159427.116,10.48525300,76.44419000,0.362,-0.066,10.0,9.0,-0.5,16.4,2047,1835,RTK FIXED
107.136,070935.60,10.48525600,76.44419700,10.48525636,76.44419700,658053.044,1159427.695,108.00,658053.044,1159427.735,-139.3,16,658052.001,1159427.116,10.48525300,76.44419000,0.362,-0.066,10.0,9.0,0.0,14.0,2047,1835,RTK FIXED
107.190,070935.60,10.48525600,76.44419700,10.48525622,76.44419700,658053.044,1159427.695,108.00,658053.044,1159427.719,-139.3,16,658052.001,1159427.116,10.48525300,76.44419000,0.362,-0.066,10.0,9.0,0.0,13.4,2047,1835,RTK FIXED
107.235,070935.60,10.48525600,76.44419700,10.48525613,76.44419700,658053.044,1159427.695,108.00,658053.044,1159427.710,-139.3,16,658052.001,1159427.116,10.48525300,76.44419000,0.362,-0.066,10.0,9.0,0.0,15.9,2047,1835,RTK FIXED
107.290,070935.80,10.48525600,76.44419600,10.48525608,76.44419660,658052.944,1159427.685,108.00,658053.004,1159427.700,-139.3,16,658052.001,1159427.116,10.48525300,76.44419000,0.362,-0.067,10.0,9.0,0.0,15.9,2047,1833,RTK FIXED
107.336,070935.80,10.48525600,76.44419600,10.48525605,76.44419636,658052.944,1159427.685,108.00,658052.980,1159427.694,-139.3,16,658052.001,1159427.116,10.48525300,76.44419000,0.362,-0.067,10.0,9.0,0.0,16.4,2047,1833,RTK FIXED
107.391,070935.80,10.48525600,76.44419600,10.48525603,76.44419622,658052.944,1159427.685,108.00,658052.965,1159427.690,-139.3,16,658052.001,1159427.116,10.48525300,76.44419000,0.362,-0.067,10.0,9.0,0.0,15.6,2047,1833,RTK FIXED
107.435,070935.80,10.48525600,76.44419600,10.48525602,76.44419613,658052.944,1159427.685,108.00,658052.957,1159427.688,-139.3,16,658052.001,1159427.116,10.48525300,76.44419000,0.362,-0.067,10.0,9.0,0.0,15.6,2047,1833,RTK FIXED
107.491,070936.00,10.48525600,76.44419600,10.48525601,76.44419608,658052.944,1159427.685,108.00,658052.951,1159427.687,-141.5,16,658052.001,1159427.116,10.48525300,76.44419000,0.364,-0.054,10.0,9.1,0.0,15.9,2047,1871,RTK FIXED
107.536,070936.00,10.48525600,76.44419600,10.48525601,76.44419605,658052.944,1159427.685,108.00,658052.948,1159427.686,-141.5,16,658052.001,1159427.116,10.48525300,76.44419000,0.364,-0.054,10.0,9.1,0.6,16.1,2047,1871,RTK FIXED
107.591,070936.20,10.48525600,76.44419600,10.48525600,76.44419603,658052.952,1159427.673,108.00,658052.950,1159427.681,-141.5,16,658052.001,1159427.116,10.48525300,76.44419000,0.363,-0.054,10.0,9.1,0.0,13.6,2047,1873,RTK FIXED
107.636,070936.20,10.48525600,76.44419600,10.48525600,76.44419602,658052.952,1159427.673,108.00,658052.951,1159427.678,-141.5,16,658052.001,1159427.116,10.48525300,76.44419000,0.363,-0.054,10.0,9.1,0.0,16.7,2047,1873,RTK FIXED
107.690,070936.20,10.48525600,76.44419600,10.48525600,76.44419601,658052.952,1159427.673,108.00,658052.951,1159427.676,-141.5,16,658052.001,1159427.116,10.48525300,76.44419000,0.363,-0.054,10.0,9.1,0.0,16.2,2047,1873,RTK FIXED
107.735,070936.20,10.48525600,76.44419600,10.48525600,76.44419601,658052.952,1159427.673,108.00,658052.952,1159427.675,-141.5,16,658052.001,1159427.116,10.48525300,76.44419000,0.363,-0.054,10.0,9.1,-0.5,16.3,2047,1873,RTK FIXED
107.790,070936.20,10.48525600,76.44419600,10.48525600,76.44419600,658052.952,1159427.673,108.00,658052.952,1159427.674,-141.5,16,658052.001,1159427.116,10.48525300,76.44419000,0.363,-0.054,10.0,9.1,0.0,16.4,2047,1873,RTK FIXED
107.845,070936.40,10.48525500,76.44419500,10.48525560,76.44419560,658052.843,1159427.562,108.00,658052.908,1159427.630,-139.0,16,658052.001,1159427.116,10.48525300,76.44419000,0.360,-0.076,10.0,8.8,0.0,15.7,2047,1803,RTK FIXED
107.890,070936.40,10.48525500,76.44419500,10.48525536,76.44419536,658052.843,1159427.562,108.00,658052.882,1159427.603,-139.0,16,658052.001,1159427.116,10.48525300,76.44419000,0.360,-0.076,10.0,8.8,0.0,17.2,2047,1803,RTK FIXED
107.944,070936.40,10.48525500,76.44419500,10.48525522,76.44419522,658052.843,1159427.562,108.00,658052.867,1159427.587,-139.0,16,658052.001,1159427.116,10.48525300,76.44419000,0.360,-0.076,10.0,8.8,0.0,15.8,2047,1803,RTK FIXED
107.990,070936.40,10.48525500,76.44419500,10.48525513,76.44419513,658052.843,1159427.562,108.00,658052.857,1159427.577,-139.0,16,658052.001,1159427.116,10.48525300,76.44419000,0.360,-0.076,10.0,8.8,0.5,16.0,2047,1803,RTK FIXED
108.044,070936.40,10.48525500,76.44419500,10.48525508,76.44419508,658052.843,1159427.562,108.00,658052.852,1159427.571,-139.0,16,658052.001,1159427.116,10.48525300,76.44419000,0.360,-0.076,10.0,8.8,-0.5,15.5,2047,1803,RTK FIXED
108.091,070936.60,10.48525500,76.44419500,10.48525505,76.44419505,658052.833,1159427.575,108.00,658052.844,1159427.573,-139.0,16,658052.001,1159427.116,10.48525300,76.44419000,0.359,-0.083,10.0,8.7,0.0,15.2,2047,1780,RTK FIXED
108.144,070936.60,10.48525500,76.44419500,10.48525503,76.44419503,658052.833,1159427.575,108.00,658052.840,1159427.573,-139.0,16,658052.001,1159427.116,10.48525300,76.44419000,0.359,-0.083,10.0,8.7,0.5,15.1,2047,1780,RTK FIXED
108.191,070936.60,10.48525500,76.44419500,10.48525502,76.44419502,658052.833,1159427.575,108.00,658052.837,1159427.574,-139.0,16,658052.001,1159427.116,10.48525300,76.44419000,0.359,-0.083,10.0,8.7,-0.5,15.1,2047,1780,RTK FIXED
108.245,070936.60,10.48525500,76.44419500,10.48525501,76.44419501,658052.833,1159427.575,108.00,658052.836,1159427.574,-139.0,16,658052.001,1159427.116,10.48525300,76.44419000,0.359,-0.083,10.0,8.7,0.5,13.0,2047,1780,RTK FIXED
108.290,070936.60,10.48525500,76.44419500,10.48525501,76.44419501,658052.833,1159427.575,108.00,658052.835,1159427.575,-139.0,16,658052.001,1159427.116,10.48525300,76.44419000,0.359,-0.083,10.0,8.7,-0.5,15.8,2047,1780,RTK FIXED
108.345,070936.80,10.48525500,76.44419500,10.48525500,76.44419500,658052.833,1159427.575,108.00,658052.834,1159427.575,-139.0,16,658052.001,1159427.116,10.48525300,76.44419000,0.359,-0.087,10.0,8.7,0.0,15.1,2047,1771,RTK FIXED
108.399,070936.80,10.48525500,76.44419500,10.48525500,76.44419500,658052.833,1159427.575,108.00,658052.834,1159427.575,-139.0,16,658052.001,1159427.116,10.48525300,76.44419000,0.359,-0.087,10.0,8.7,0.5,14.9,2047,1771,RTK FIXED
108.445,070936.80,10.48525500,76.44419500,10.48525500,76.44419500,658052.833,1159427.575,108.00,658052.834,1159427.575,-139.0,16,658052.001,1159427.116,10.48525300,76.44419000,0.359,-0.087,10.0,8.7,-0.5,14.6,2047,1771,RTK FIXED
108.501,070937.00,10.48525500,76.44419500,10.48525500,76.44419500,658052.833,1159427.575,108.00,658052.834,1159427.575,-139.9,16,658052.001,1159427.116,10.48525300,76.44419000,0.360,-0.083,10.0,8.7,0.0,15.2,2047,1782,RTK FIXED
108.546,070937.20,10.48525500,76.44419400,10.48525500,76.44419460,658052.728,1159427.570,108.00,658052.791,1159427.573,-139.9,16,658052.001,1159427.116,10.48525300,76.44419000,0.362,-0.074,10.0,8.8,0.5,13.6,2047,1811,RTK FIXED
108.599,070937.20,10.48525500,76.44419400,10.48525500,76.44419436,658052.728,1159427.570,108.00,658052.766,1159427.572,-139.9,16,658052.001,1159427.116,10.48525300,76.44419000,0.362,-0.074,10.0,8.8,-0.5,14.9,2047,1811,RTK FIXED
108.645,070937.20,10.48525500,76.44419400,10.48525500,76.44419422,658052.728,1159427.570,108.00,658052.751,1159427.571,-139.9,16,658052.001,1159427.116,10.48525300,76.44419000,0.362,-0.074,10.0,8.8,0.5,13.0,2047,1811,RTK FIXED
108.700,070937.20,10.48525500,76.44419400,10.48525500,76.44419413,658052.728,1159427.570,108.00,658052.741,1159427.570,-139.9,16,658052.001,1159427.116,10.48525300,76.44419000,0.362,-0.074,10.0,8.8,0.0,14.6,2047,1811,RTK FIXED
108.745,070937.40,10.48525400,76.44419400,10.48525460,76.44419408,658052.728,1159427.459,108.00,658052.736,1159427.526,-141.3,16,658052.001,1159427.116,10.48525300,76.44419000,0.361,-0.074,10.0,8.8,-0.5,14.8,2047,1809,RTK FIXED
108.799,070937.40,10.48525400,76.44419400,10.48525436,76.44419405,658052.728,1159427.459,108.00,658052.733,1159427.499,-141.3,16,658052.001,1159427.116,10.48525300,76.44419000,0.361,-0.074,10.0,8.8,0.5,15.0,2047,1809,RTK FIXED
108.845,070937.40,10.48525400,76.44419400,10.48525422,76.44419403,658052.728,1159427.459,108.00,658052.731,1159427.483,-141.3,16,658052.001,1159427.116,10.48525300,76.44419000,0.361,-0.074,10.0,8.8,-0.5,15.3,2047,1809,RTK FIXED
108.899,070937.40,10.48525400,76.44419400,10.48525413,76.44419402,658052.728,1159427.459,108.00,658052.730,1159427.474,-141.3,16,658052.001,1159427.116,10.48525300,76.44419000,0.361,-0.074,10.0,8.8,0.5,14.7,2047,1809,RTK FIXED
108.953,070937.40,10.48525400,76.44419400,10.48525408,76.44419401,658052.728,1159427.459,108.00,658052.729,1159427.468,-141.3,16,658052.001,1159427.116,10.48525300,76.44419000,0.361,-0.074,10.0,8.8,0.0,14.4,2047,1809,RTK FIXED
109.000,070937.40,10.48525400,76.44419400,10.48525405,76.44419401,658052.728,1159427.459,108.00,658052.729,1159427.464,-141.3,16,658052.001,1159427.116,10.48525300,76.44419000,0.361,-0.074,10.0,8.8,0.0,15.3,2047,1809,RTK FIXED
109.054,070937.60,10.48525400,76.44419400,10.48525403,76.44419400,658052.734,1159427.452,108.00,658052.731,1159427.460,-141.3,16,658052.001,1159427.116,10.48525300,76.44419000,0.359,-0.082,10.0,8.7,-0.5,15.0,2047,1784,RTK FIXED
109.099,070937.60,10.48525400,76.44419400,10.48525402,76.44419400,658052.734,1159427.452,108.00,658052.732,1159427.457,-141.3,16,658052.001,1159427.116,10.48525300,76.44419000,0.359,-0.082,10.0,8.7,0.5,13.1,2047,1784,RTK FIXED
109.153,070937.60,10.48525400,76.44419400,10.48525401,76.44419400,658052.734,1159427.452,108.00,658052.733,1159427.455,-141.3,16,658052.001,1159427.116,10.48525300,76.44419000,0.359,-0.082,10.0,8.7,0.0,14.4,2047,1784,RTK FIXED
109.199,070937.60,10.48525400,76.44419400,10.48525401,76.44419400,658052.734,1159427.452,108.00,658052.733,1159427.454,-141.3,16,658052.001,1159427.116,10.48525300,76.44419000,0.359,-0.082,10.0,8.7,-0.5,12.4,2047,1784,RTK FIXED
109.254,070937.80,10.48525400,76.44419300,10.48525400,76.44419360,658052.624,1159427.452,108.00,658052.689,1159427.453,-141.8,16,658052.001,1159427.116,10.48525300,76.44419000,0.361,-0.076,10.0,8.8,0.5,14.6,2047,1803,RTK FIXED
109.299,070937.80,10.48525400,76.44419300,10.48525400,76.44419336,658052.624,1159427.452,108.00,658052.663,1159427.453,-141.8,16,658052.001,1159427.116,10.48525300,76.44419000,0.361,-0.076,10.0,8.8,0.0,14.9,2047,1803,RTK FIXED
109.353,070937.80,10.48525400,76.44419300,10.48525400,76.44419322,658052.624,1159427.452,108.00,658052.648,1159427.452,-141.8,16,658052.001,1159427.116,10.48525300,76.44419000,0.361,-0.076,10.0,8.8,0.0,13.9,2047,1803,RTK FIXED
109.399,070937.80,10.48525400,76.44419300,10.48525400,76.44419313,658052.624,1159427.452,108.00,658052.638,1159427.452,-141.8,16,658052.001,1159427.116,10.48525300,76.44419000,0.361,-0.076,10.0,8.8,-0.5,12.5,2047,1803,RTK FIXED
109.454,070938.00,10.48525400,76.44419300,10.48525400,76.44419308,658052.626,1159427.449,108.00,658052.633,1159427.451,-141.8,16,658052.001,1159427.116,10.48525300,76.44419000,0.361,-0.073,10.0,8.9,0.0,14.7,2047,1814,RTK FIXED
109.507,070938.00,10.48525400,76.44419300,10.48525400,76.44419305,658052.626,1159427.449,108.00,658052.631,1159427.450,-141.8,16,658052.001,1159427.116,10.48525300,76.44419000,0.361,-0.073,10.0,8.9,0.0,15.0,2047,1814,RTK FIXED
109.554,070938.00,10.48525400,76.44419300,10.48525400,76.44419303,658052.626,1159427.449,108.00,658052.629,1159427.450,-141.8,16,658052.001,1159427.116,10.48525300,76.44419000,0.361,-0.073,10.0,8.9,0.5,13.5,2047,1814,RTK FIXED
109.608,070938.20,10.48525400,76.44419300,10.48525400,76.44419302,658052.626,1159427.449,108.00,658052.628,1159427.449,-141.8,16,658052.001,1159427.116,10.48525300,76.44419000,0.362,-0.070,10.0,8.9,-0.5,15.3,2047,1822,RTK FIXED
109.654,070938.20,10.48525400,76.44419300,10.48525400,76.44419301,658052.626,1159427.449,108.00,658052.627,1159427.449,-141.8,16,658052.001,1159427.116,10.48525300,76.44419000,0.362,-0.070,10.0,8.9,0.5,14.7,2047,1822,RTK FIXED
109.707,070938.20,10.48525400,76.44419300,10.48525400,76.44419301,658052.626,1159427.449,108.00,658052.627,1159427.449,-141.8,16,658052.001,1159427.116,10.48525300,76.44419000,0.362,-0.070,10.0,8.9,0.0,13.4,2047,1822,RTK FIXED
109.754,070938.40,10.48525400,76.44419200,10.48525400,76.44419260,658052.517,1159427.448,108.00,658052.583,1159427.449,-149.2,16,658052.001,1159427.116,10.48525300,76.44419000,0.366,-0.018,10.0,9.7,-0.5,14.6,2047,1989,RTK FIXED
109.807,070938.40,10.48525400,76.44419200,10.48525400,76.44419236,658052.517,1159427.448,108.00,658052.556,1159427.449,-149.2,16,658052.001,1159427.116,10.48525300,76.44419000,0.366,-0.018,10.0,9.7,0.0,15.1,2047,1989,RTK FIXED
109.854,070938.40,10.48525400,76.44419200,10.48525400,76.44419222,658052.517,1159427.448,108.00,658052.541,1159427.449,-149.2,16,658052.001,1159427.116,10.48525300,76.44419000,0.366,-0.018,10.0,9.7,0.5,15.4,2047,1989,RTK FIXED
109.907,070938.40,10.48525400,76.44419200,10.48525400,76.44419213,658052.517,1159427.448,108.00,658052.531,1159427.449,-149.2,16,658052.001,1159427.116,10.48525300,76.44419000,0.366,-0.018,10.0,9.7,0.0,16.3,2047,1989,RTK FIXED
109.954,070938.40,10.48525400,76.44419200,10.48525400,76.44419208,658052.517,1159427.448,108.00,658052.525,1159427.448,-149.2,16,658052.001,1159427.116,10.48525300,76.44419000,0.366,-0.018,10.0,9.7,0.0,16.9,2047,1989,RTK FIXED
110.007,070938.40,10.48525400,76.44419200,10.48525400,76.44419205,658052.517,1159427.448,108.00,658052.522,1159427.448,-149.2,16,658052.001,1159427.116,10.48525300,76.44419000,0.366,-0.018,10.0,9.7,0.0,16.2,2047,1989,RTK FIXED
110.062,070938.60,10.48525300,76.44419200,10.48525360,76.44419203,658052.543,1159427.298,108.00,658052.530,1159427.388,-149.2,16,658052.001,1159427.116,10.48525300,76.44419000,0.366,-0.020,10.0,9.7,0.0,16.5,2047,1980,RTK FIXED
110.108,070938.60,10.48525300,76.44419200,10.48525336,76.44419202,658052.543,1159427.298,108.00,658052.535,1159427.352,-149.2,16,658052.001,1159427.116,10.48525300,76.44419000,0.366,-0.020,10.0,9.7,0.0,16.3,2047,1980,RTK FIXED
110.162,070938.60,10.48525300,76.44419200,10.48525322,76.44419201,658052.543,1159427.298,108.00,658052.539,1159427.330,-149.2,16,658052.001,1159427.116,10.48525300,76.44419000,0.366,-0.020,10.0,9.7,0.0,17.6,2047,1980,RTK FIXED
110.207,070938.60,10.48525300,76.44419200,10.48525313,76.44419201,658052.543,1159427.298,108.00,658052.540,1159427.317,-149.2,16,658052.001,1159427.116,10.48525300,76.44419000,0.366,-0.020,10.0,9.7,-0.6,17.1,2047,1980,RTK FIXED
110.262,070938.80,10.48525300,76.44419200,10.48525308,76.44419200,658052.543,1159427.298,108.00,658052.541,1159427.310,-137.3,16,658052.001,1159427.116,10.48525300,76.44419000,0.351,-0.144,10.0,7.8,0.5,17.3,2047,1598,RTK FIXED
110.307,070938.80,10.48525300,76.44419200,10.48525305,76.44419200,658052.543,1159427.298,108.00,658052.542,1159427.305,-137.3,16,658052.001,1159427.116,10.48525300,76.44419000,0.351,-0.144,10.0,7.8,0.0,17.2,2047,1598,RTK FIXED
110.362,070938.80,10.48525300,76.44419200,10.48525303,76.44419200,658052.543,1159427.298,108.00,658052.543,1159427.302,-137.3,16,658052.001,1159427.116,10.48525300,76.44419000,0.351,-0.144,10.0,7.8,-0.5,17.4,2047,1598,RTK FIXED
110.408,070938.80,10.48525300,76.44419200,10.48525302,76.44419200,658052.543,1159427.298,108.00,658052.543,1159427.300,-137.3,16,658052.001,1159427.116,10.48525300,76.44419000,0.351,-0.144,10.0,7.8,0.5,16.8,2047,1598,RTK FIXED
110.462,070938.80,10.48525300,76.44419200,10.48525301,76.44419200,658052.543,1159427.298,108.00,658052.543,1159427.299,-137.3,16,658052.001,1159427.116,10.48525300,76.44419000,0.351,-0.144,10.0,7.8,0.0,16.7,2047,1598,RTK FIXED
110.507,070939.00,10.48525300,76.44419100,10.48525301,76.44419160,658052.389,1159427.360,108.00,658052.482,1159427.324,-137.3,16,658052.001,1159427.116,10.48525300,76.44419000,0.356,-0.116,10.0,8.2,-0.5,15.4,2047,1682,RTK FIXED
110.562,070939.00,10.48525300,76.44419100,10.48525300,76.44419136,658052.389,1159427.360,108.00,658052.445,1159427.338,-137.3,16,658052.001,1159427.116,10.48525300,76.44419000,0.356,-0.116,10.0,8.2,0.0,14.6,2047,1682,RTK FIXED
110.616,070939.00,10.48525300,76.44419100,10.48525300,76.44419122,658052.389,1159427.360,108.00,658052.423,1159427.347,-137.3,16,658052.001,1159427.116,10.48525300,76.44419000,0.356,-0.116,10.0,8.2,0.0,14.4,2047,1682,RTK FIXED
110.662,070939.00,10.48525300,76.44419100,10.48525300,76.44419113,658052.389,1159427.360,108.00,658052.409,1159427.352,-137.3,16,658052.001,1159427.116,10.48525300,76.44419000,0.356,-0.116,10.0,8.2,0.5,13.5,2047,1682,RTK FIXED
110.716,070939.20,10.48525300,76.44419100,10.48525300,76.44419108,658052.389,1159427.360,108.00,658052.401,1159427.355,-150.6,16,658052.001,1159427.116,10.48525300,76.44419000,0.366,-0.029,10.0,9.5,-0.5,14.2,2047,1952,RTK FIXED
110.761,070939.20,10.48525300,76.44419100,10.48525300,76.44419105,658052.389,1159427.360,108.00,658052.397,1159427.357,-150.6,16,658052.001,1159427.116,10.48525300,76.44419000,0.366,-0.029,10.0,9.5,0.0,13.9,2047,1952,RTK FIXED
110.816,070939.40,10.48525300,76.44419100,10.48525300,76.44419103,658052.438,1159427.289,108.00,658052.413,1159427.330,-150.6,16,658052.001,1159427.116,10.48525300,76.44419000,0.366,-0.008,10.0,9.9,0.0,14.1,2047,2021,RTK FIXED
110.862,070939.40,10.48525300,76.44419100,10.48525300,76.44419102,658052.438,1159427.289,108.00,658052.423,1159427.314,-150.6,16,658052.001,1159427.116,10.48525300,76.44419000,0.366,-0.008,10.0,9.9,0.5,15.3,2047,2021,RTK FIXED
110.915,070939.40,10.48525300,76.44419100,10.48525300,76.44419101,658052.438,1159427.289,108.00,658052.429,1159427.304,-150.6,16,658052.001,1159427.116,10.48525300,76.44419000,0.366,-0.008,10.0,9.9,-0.5,15.5,2047,2021,RTK FIXED
110.962,070939.40,10.48525300,76.44419100,10.48525300,76.44419101,658052.438,1159427.289,108.00,658052.433,1159427.298,-150.6,16,658052.001,1159427.116,10.48525300,76.44419000,0.366,-0.008,10.0,9.9,0.5,16.5,2047,2021,RTK FIXED
111.017,070939.40,10.48525300,76.44419100,10.48525300,76.44419100,658052.438,1159427.289,108.00,658052.435,1159427.295,-150.6,16,658052.001,1159427.116,10.48525300,76.44419000,0.366,-0.008,10.0,9.9,0.0,16.5,2047,2021,RTK FIXED
111.062,070939.60,10.48525300,76.44419100,10.48525300,76.44419100,658052.438,1159427.289,108.00,658052.436,1159427.292,-150.6,16,658052.001,1159427.116,10.48525300,76.44419000,0.366,-0.008,10.0,9.9,0.0,13.8,2047,2022,RTK FIXED
111.115,070939.60,10.48525300,76.44419100,10.48525300,76.44419100,658052.438,1159427.289,108.00,658052.437,1159427.291,-150.6,16,658052.001,1159427.116,10.48525300,76.44419000,0.366,-0.008,10.0,9.9,0.0,17.4,2047,2022,RTK FIXED
111.170,070939.60,10.48525300,76.44419100,10.48525300,76.44419100,658052.438,1159427.289,108.00,658052.437,1159427.290,-150.6,16,658052.001,1159427.116,10.48525300,76.44419000,0.366,-0.008,10.0,9.9,0.0,17.9,2047,2022,RTK FIXED
111.215,070939.60,10.48525300,76.44419100,10.48525300,76.44419100,658052.438,1159427.289,108.00,658052.438,1159427.290,-150.6,16,658052.001,1159427.116,10.48525300,76.44419000,0.366,-0.008,10.0,9.9,-0.6,17.6,2047,2022,RTK FIXED
111.270,070939.60,10.48525300,76.44419100,10.48525300,76.44419100,658052.438,1159427.289,108.00,658052.438,1159427.290,-150.6,16,658052.001,1159427.116,10.48525300,76.44419000,0.366,-0.008,10.0,9.9,0.5,18.3,2047,2022,RTK FIXED
111.317,070939.80,10.48525300,76.44419000,10.48525300,76.44419060,658052.329,1159427.289,108.00,658052.394,1159427.289,-150.6,16,658052.001,1159427.116,10.48525300,76.44419000,0.351,-0.002,10.0,10.0,0.0,18.3,2047,2040,RTK FIXED
111.370,070939.80,10.48525300,76.44419000,10.48525300,76.44419036,658052.329,1159427.289,108.00,658052.368,1159427.289,-150.6,16,658052.001,1159427.116,10.48525300,76.44419000,0.351,-0.002,10.0,10.0,0.0,18.7,2047,2040,RTK FIXED
111.416,070939.80,10.48525300,76.44419000,10.48525300,76.44419022,658052.329,1159427.289,108.00,658052.352,1159427.289,-150.6,16,658052.001,1159427.116,10.48525300,76.44419000,0.351,-0.002,10.0,10.0,-0.5,17.8,2047,2040,RTK FIXED
111.456,070940.00,10.48525200,76.44419000,10.48525260,76.44419013,658052.329,1159427.178,108.00,658052.343,1159427.245,-143.9,17,0.000,0.000,0.00000000,0.00000000,0.351,-0.002,0.0,0.0,0.6,18.6,0,0,RTK FIXED
111.499,070940.00,10.48525200,76.44419000,10.48525236,76.44419008,658052.329,1159427.178,108.00,658052.337,1159427.218,-143.9,17,0.000,0.000,0.00000000,0.00000000,0.351,-0.002,0.0,0.0,0.0,18.6,0,0,RTK FIXED
111.553,070940.00,10.48525200,76.44419000,10.48525222,76.44419005,658052.329,1159427.178,108.00,658052.334,1159427.202,-143.9,17,0.000,0.000,0.00000000,0.00000000,0.351,-0.002,0.0,0.0,0.0,16.1,0,0,RTK FIXED
111.607,070940.20,10.48525200,76.44419000,10.48525213,76.44419003,658052.307,1159427.215,108.00,658052.323,1159427.207,-143.9,17,0.000,0.000,0.00000000,0.00000000,0.351,-0.002,0.0,0.0,-0.5,17.2,0,0,RTK FIXED
111.653,070940.20,10.48525200,76.44419000,10.48525208,76.44419002,658052.307,1159427.215,108.00,658052.316,1159427.211,-143.9,17,0.000,0.000,0.00000000,0.00000000,0.351,-0.002,0.0,0.0,0.5,14.7,0,0,RTK FIXED
111.707,070940.20,10.48525200,76.44419000,10.48525205,76.44419001,658052.307,1159427.215,108.00,658052.313,1159427.213,-143.9,17,0.000,0.000,0.00000000,0.00000000,0.351,-0.002,0.0,0.0,-0.5,15.8,0,0,RTK FIXED
111.754,070940.20,10.48525200,76.44419000,10.48525203,76.44419001,658052.307,1159427.215,108.00,658052.310,1159427.214,-143.9,17,0.000,0.000,0.00000000,0.00000000,0.351,-0.002,0.0,0.0,0.0,15.1,0,0,RTK FIXED
111.808,070940.20,10.48525200,76.44419000,10.48525202,76.44419000,658052.307,1159427.215,108.00,658052.309,1159427.214,-143.9,17,0.000,0.000,0.00000000,0.00000000,0.351,-0.002,0.0,0.0,0.0,13.6,0,0,RTK FIXED
111.854,070940.40,10.48525200,76.44418900,10.48525201,76.44418960,658052.197,1159427.215,108.00,658052.264,1159427.215,-149.8,17,0.000,0.000,0.00000000,0.00000000,0.351,-0.002,0.0,0.0,0.6,11.1,0,0,RTK FIXED
111.907,070940.40,10.48525200,76.44418900,10.48525201,76.44418936,658052.197,1159427.215,108.00,658052.237,1159427.215,-149.8,17,0.000,0.000,0.00000000,0.00000000,0.351,-0.002,0.0,0.0,0.0,11.3,0,0,RTK FIXED
111.954,070940.40,10.48525200,76.44418900,10.48525200,76.44418922,658052.197,1159427.215,108.00,658052.221,1159427.215,-149.8,17,0.000,0.000,0.00000000,0.00000000,0.351,-0.002,0.0,0.0,-0.5,10.1,0,0,RTK FIXED
112.007,070940.40,10.48525200,76.44418900,10.48525200,76.44418913,658052.197,1159427.215,108.00,658052.212,1159427.215,-149.8,17,0.000,0.000,0.00000000,0.00000000,0.351,-0.002,0.0,0.0,0.0,8.4,0,0,RTK FIXED
112.054,070940.60,10.48525200,76.44418900,10.48525200,76.44418908,658052.217,1159427.182,108.00,658052.214,1159427.202,-149.8,17,0.000,0.000,0.00000000,0.00000000,0.351,-0.002,0.0,0.0,0.0,8.1,0,0,RTK FIXED
112.107,070940.60,10.48525200,76.44418900,10.48525200,76.44418905,658052.217,1159427.182,108.00,658052.215,1159427.194,-149.8,17,0.000,0.000,0.00000000,0.00000000,0.351,-0.002,0.0,0.0,0.5,7.0,0,0,RTK FIXED
112.161,070940.60,10.48525200,76.44418900,10.48525200,76.44418903,658052.217,1159427.182,108.00,658052.216,1159427.189,-149.8,17,0.000,0.000,0.00000000,0.00000000,0.351,-0.002,0.0,0.0,-0.5,6.5,0,0,RTK FIXED
112.208,070940.60,10.48525200,76.44418900,10.48525200,76.44418902,658052.217,1159427.182,108.00,658052.217,1159427.186,-149.8,17,0.000,0.000,0.00000000,0.00000000,0.351,-0.002,0.0,0.0,0.5,5.3,0,0,RTK FIXED
112.261,070940.80,10.48525200,76.44418900,10.48525200,76.44418901,658052.217,1159427.182,108.00,658052.217,1159427.185,-149.8,17,0.000,0.000,0.00000000,0.00000000,0.351,-0.002,0.0,0.0,-0.5,4.7,0,0,RTK FIXED
112.307,070940.80,10.48525200,76.44418900,10.48525200,76.44418901,658052.217,1159427.182,108.00,658052.217,1159427.184,-149.8,17,0.000,0.000,0.00000000,0.00000000,0.351,-0.002,0.0,0.0,0.5,4.3,0,0,RTK FIXED
112.360,070940.80,10.48525200,76.44418900,10.48525200,76.44418900,658052.217,1159427.182,108.00,658052.217,1159427.183,-149.8,17,0.000,0.000,0.00000000,0.00000000,0.351,-0.002,0.0,0.0,0.0,3.3,0,0,RTK FIXED
112.407,070940.80,10.48525200,76.44418900,10.48525200,76.44418900,658052.217,1159427.182,108.00,658052.217,1159427.183,-149.8,17,0.000,0.000,0.00000000,0.00000000,0.351,-0.002,0.0,0.0,0.0,3.2,0,0,RTK FIXED
112.462,070941.00,10.48525200,76.44418800,10.48525200,76.44418860,658052.108,1159427.182,108.00,658052.173,1159427.182,-152.7,17,0.000,0.000,0.00000000,0.00000000,0.351,-0.002,0.0,0.0,0.0,2.3,0,0,RTK FIXED
112.507,070941.00,10.48525200,76.44418800,10.48525200,76.44418836,658052.108,1159427.182,108.00,658052.147,1159427.182,-152.7,17,0.000,0.000,0.00000000,0.00000000,0.351,-0.002,0.0,0.0,-0.5,2.2,0,0,RTK FIXED
112.561,070941.00,10.48525200,76.44418800,10.48525200,76.44418822,658052.108,1159427.182,108.00,658052.131,1159427.182,-152.7,17,0.000,0.000,0.00000000,0.00000000,0.351,-0.002,0.0,0.0,0.5,0.9,0,0,RTK FIXED
112.608,070941.20,10.48525200,76.44418800,10.48525200,76.44418813,658052.116,1159427.165,108.00,658052.125,1159427.175,-152.7,17,0.000,0.000,0.00000000,0.00000000,0.351,-0.002,0.0,0.0,0.0,1.1,0,0,RTK FIXED
112.662,070941.20,10.48525200,76.44418800,10.48525200,76.44418808,658052.116,1159427.165,108.00,658052.122,1159427.171,-152.7,17,0.000,0.000,0.00000000,0.00000000,0.351,-0.002,0.0,0.0,0.0,0.0,0,0,RTK FIXED
112.715,070941.20,10.48525200,76.44418800,10.48525200,76.44418805,658052.116,1159427.165,108.00,658052.119,1159427.169,-152.7,17,0.000,0.000,0.00000000,0.00000000,0.351,-0.002,0.0,0.0,0.0,-0.5,0,0,RTK FIXED
112.762,070941.20,10.48525200,76.44418800,10.48525200,76.44418803,658052.116,1159427.165,108.00,658052.118,1159427.168,-152.7,17,0.000,0.000,0.00000000,0.00000000,0.351,-0.002,0.0,0.0,0.0,0.0,0,0,RTK FIXED
112.815,070941.40,10.48525200,76.44418800,10.48525200,76.44418802,658052.116,1159427.165,108.00,658052.117,1159427.167,-152.7,17,0.000,0.000,0.00000000,0.00000000,0.351,-0.002,0.0,0.0,0.0,-0.5,0,0,RTK FIXED
112.862,070941.40,10.48525200,76.44418800,10.48525200,76.44418801,658052.116,1159427.165,108.00,658052.117,1159427.166,-152.7,17,0.000,0.000,0.00000000,0.00000000,0.351,-0.002,0.0,0.0,0.0,0.0,0,0,RTK FIXED
112.915,070941.40,10.48525200,76.44418800,10.48525200,76.44418801,658052.116,1159427.165,108.00,658052.117,1159427.166,-152.7,17,0.000,0.000,0.00000000,0.00000000,0.351,-0.002,0.0,0.0,0.0,0.0,0,0,RTK FIXED
112.962,070941.40,10.48525200,76.44418800,10.48525200,76.44418800,658052.116,1159427.165,108.00,658052.116,1159427.166,-152.7,17,0.000,0.000,0.00000000,0.00000000,0.351,-0.002,0.0,0.0,0.0,0.5,0,0,RTK FIXED
113.015,070941.40,10.48525200,76.44418800,10.48525200,76.44418800,658052.116,1159427.165,108.00,658052.116,1159427.166,-152.7,17,0.000,0.000,0.00000000,0.00000000,0.351,-0.002,0.0,0.0,0.0,0.0,0,0,RTK FIXED
113.062,070941.60,10.48525200,76.44418800,10.48525200,76.44418800,658052.116,1159427.165,108.00,658052.116,1159427.166,-152.7,17,0.000,0.000,0.00000000,0.00000000,0.351,-0.002,0.0,0.0,0.0,0.0,0,0,RTK FIXED
113.115,070941.60,10.48525200,76.44418800,10.48525200,76.44418800,658052.116,1159427.165,108.00,658052.116,1159427.166,-152.7,17,0.000,0.000,0.00000000,0.00000000,0.351,-0.002,0.0,0.0,0.0,-0.5,0,0,RTK FIXED
113.162,070941.60,10.48525200,76.44418800,10.48525200,76.44418800,658052.116,1159427.165,108.00,658052.116,1159427.166,-152.7,17,0.000,0.000,0.00000000,0.00000000,0.351,-0.002,0.0,0.0,0.0,0.0,0,0,RTK FIXED
113.216,070941.60,10.48525200,76.44418800,10.48525200,76.44418800,658052.116,1159427.165,108.00,658052.116,1159427.165,-152.7,17,0.000,0.000,0.00000000,0.00000000,0.351,-0.002,0.0,0.0,0.0,0.0,0,0,RTK FIXED
113.271,070941.60,10.48525200,76.44418800,10.48525200,76.44418800,658052.116,1159427.165,108.00,658052.116,1159427.165,-152.7,17,0.000,0.000,0.00000000,0.00000000,0.351,-0.002,0.0,0.0,0.0,0.0,0,0,RTK FIXED
113.316,070941.80,10.48525200,76.44418800,10.48525200,76.44418800,658052.116,1159427.165,108.00,658052.116,1159427.165,-152.7,17,0.000,0.000,0.00000000,0.00000000,0.351,-0.002,0.0,0.0,0.0,0.0,0,0,RTK FIXED
113.370,070941.80,10.48525200,76.44418800,10.48525200,76.44418800,658052.116,1159427.165,108.00,658052.116,1159427.165,-152.7,17,0.000,0.000,0.00000000,0.00000000,0.351,-0.002,0.0,0.0,0.0,0.0,0,0,RTK FIXED
113.416,070941.80,10.48525200,76.44418800,10.48525200,76.44418800,658052.116,1159427.165,108.00,658052.116,1159427.165,-152.7,17,0.000,0.000,0.00000000,0.00000000,0.351,-0.002,0.0,0.0,0.0,0.0,0,0,RTK FIXED
113.470,070941.80,10.48525200,76.44418800,10.48525200,76.44418800,658052.116,1159427.165,108.00,658052.116,1159427.165,-152.7,17,0.000,0.000,0.00000000,0.00000000,0.351,-0.002,0.0,0.0,0.0,0.0,0,0,RTK FIXED
113.516,070942.00,10.48525200,76.44418800,10.48525200,76.44418800,658052.116,1159427.165,108.00,658052.116,1159427.165,-152.7,17,0.000,0.000,0.00000000,0.00000000,0.351,-0.002,0.0,0.0,0.0,0.0,0,0,RTK FIXED
113.570,070942.00,10.48525200,76.44418800,10.48525200,76.44418800,658052.116,1159427.165,108.00,658052.116,1159427.165,-152.7,17,0.000,0.000,0.00000000,0.00000000,0.351,-0.002,0.0,0.0,0.0,0.0,0,0,RTK FIXED
113.617,070942.20,10.48525200,76.44418800,10.48525200,76.44418800,658052.116,1159427.165,108.00,658052.116,1159427.165,-152.7,17,0.000,0.000,0.00000000,0.00000000,0.351,-0.002,0.0,0.0,0.0,0.0,0,0,RTK FIXED
113.670,070942.20,10.48525200,76.44418800,10.48525200,76.44418800,658052.116,1159427.165,108.00,658052.116,1159427.165,-152.7,17,0.000,0.000,0.00000000,0.00000000,0.351,-0.002,0.0,0.0,0.0,0.0,0,0,RTK FIXED
113.716,070942.20,10.48525200,76.44418800,10.48525200,76.44418800,658052.116,1159427.165,108.00,658052.116,1159427.165,-152.7,17,0.000,0.000,0.00000000,0.00000000,0.351,-0.002,0.0,0.0,0.0,0.0,0,0,RTK FIXED
113.770,070942.20,10.48525200,76.44418800,10.48525200,76.44418800,658052.116,1159427.165,108.00,658052.116,1159427.165,-152.7,17,0.000,0.000,0.00000000,0.00000000,0.351,-0.002,0.0,0.0,0.0,0.0,0,0,RTK FIXED
113.816,070942.20,10.48525200,76.44418800,10.48525200,76.44418800,658052.116,1159427.165,108.00,658052.116,1159427.165,-152.7,17,0.000,0.000,0.00000000,0.00000000,0.351,-0.002,0.0,0.0,0.0,0.0,0,0,RTK FIXED
113.870,070942.40,10.48525200,76.44418800,10.48525200,76.44418800,658052.116,1159427.165,108.00,658052.116,1159427.165,-152.7,17,0.000,0.000,0.00000000,0.00000000,0.351,-0.002,0.0,0.0,0.0,0.0,0,0,RTK FIXED
113.924,070942.40,10.48525200,76.44418800,10.48525200,76.44418800,658052.116,1159427.165,108.00,658052.116,1159427.165,-152.7,17,0.000,0.000,0.00000000,0.00000000,0.351,-0.002,0.0,0.0,0.0,0.0,0,0,RTK FIXED
113.970,070942.40,10.48525200,76.44418800,10.48525200,76.44418800,658052.116,1159427.165,108.00,658052.116,1159427.165,-152.7,17,0.000,0.000,0.00000000,0.00000000,0.351,-0.002,0.0,0.0,0.0,0.0,0,0,RTK FIXED
114.024,070942.40,10.48525200,76.44418800,10.48525200,76.44418800,658052.116,1159427.165,108.00,658052.116,1159427.165,-152.7,17,0.000,0.000,0.00000000,0.00000000,0.351,-0.002,0.0,0.0,0.0,0.0,0,0,RTK FIXED
114.072,070942.40,10.48525200,76.44418800,10.48525200,76.44418800,658052.116,1159427.165,108.00,658052.116,1159427.165,-152.7,17,0.000,0.000,0.00000000,0.00000000,0.351,-0.002,0.0,0.0,0.0,0.0,0,0,RTK FIXED
114.124,070942.60,10.48525200,76.44418800,10.48525200,76.44418800,658052.116,1159427.165,108.00,658052.116,1159427.165,-152.7,17,0.000,0.000,0.00000000,0.00000000,0.351,-0.002,0.0,0.0,0.0,0.0,0,0,RTK FIXED
114.170,070942.60,10.48525200,76.44418800,10.48525200,76.44418800,658052.116,1159427.165,108.00,658052.116,1159427.165,-152.7,17,0.000,0.000,0.00000000,0.00000000,0.351,-0.002,0.0,0.0,0.0,0.0,0,0,RTK FIXED
114.224,070942.60,10.48525200,76.44418800,10.48525200,76.44418800,658052.116,1159427.165,108.00,658052.116,1159427.165,-152.7,17,0.000,0.000,0.00000000,0.00000000,0.351,-0.002,0.0,0.0,0.0,0.0,0,0,RTK FIXED
114.270,070942.60,10.48525200,76.44418800,10.48525200,76.44418800,658052.116,1159427.165,108.00,658052.116,1159427.165,-152.7,17,0.000,0.000,0.00000000,0.00000000,0.351,-0.002,0.0,0.0,0.0,0.0,0,0,RTK FIXED
114.324,070942.80,10.48525200,76.44418800,10.48525200,76.44418800,658052.116,1159427.165,108.00,658052.116,1159427.165,-152.7,17,0.000,0.000,0.00000000,0.00000000,0.351,-0.002,0.0,0.0,0.0,0.0,0,0,RTK FIXED
114.370,070942.80,10.48525200,76.44418800,10.48525200,76.44418800,658052.116,1159427.165,108.00,658052.116,1159427.165,-152.7,17,0.000,0.000,0.00000000,0.00000000,0.351,-0.002,0.0,0.0,0.0,0.0,0,0,RTK FIXED
114.424,070942.80,10.48525200,76.44418800,10.48525200,76.44418800,658052.116,1159427.165,108.00,658052.116,1159427.165,-152.7,17,0.000,0.000,0.00000000,0.00000000,0.351,-0.002,0.0,0.0,0.0,0.0,0,0,RTK FIXED
114.478,070942.80,10.48525200,76.44418800,10.48525200,76.44418800,658052.116,1159427.165,108.00,658052.116,1159427.165,-152.7,17,0.000,0.000,0.00000000,0.00000000,0.351,-0.002,0.0,0.0,0.0,0.0,0,0,RTK FIXED
114.525,070942.80,10.48525200,76.44418800,10.48525200,76.44418800,658052.116,1159427.165,108.00,658052.116,1159427.165,-152.7,17,0.000,0.000,0.00000000,0.00000000,0.351,-0.002,0.0,0.0,0.0,0.0,0,0,RTK FIXED
114.578,070943.00,10.48525200,76.44418800,10.48525200,76.44418800,658052.116,1159427.165,108.00,658052.116,1159427.165,-152.7,17,0.000,0.000,0.00000000,0.00000000,0.351,-0.002,0.0,0.0,0.0,0.0,0,0,RTK FIXED
114.624,070943.00,10.48525200,76.44418800,10.48525200,76.44418800,658052.116,1159427.165,108.00,658052.116,1159427.165,-152.7,17,0.000,0.000,0.00000000,0.00000000,0.351,-0.002,0.0,0.0,0.0,0.0,0,0,RTK FIXED
114.679,070943.20,10.48525200,76.44418800,10.48525200,76.44418800,658052.116,1159427.165,108.00,658052.116,1159427.165,-152.7,17,0.000,0.000,0.00000000,0.00000000,0.351,-0.002,0.0,0.0,0.0,0.0,0,0,RTK FIXED
114.725,070943.20,10.48525200,76.44418800,10.48525200,76.44418800,658052.116,1159427.165,108.00,658052.116,1159427.165,-152.7,17,0.000,0.000,0.00000000,0.00000000,0.351,-0.002,0.0,0.0,0.0,0.0,0,0,RTK FIXED
114.778,070943.20,10.48525200,76.44418800,10.48525200,76.44418800,658052.116,1159427.165,108.00,658052.116,1159427.165,-152.7,17,0.000,0.000,0.00000000,0.00000000,0.351,-0.002,0.0,0.0,0.0,0.0,0,0,RTK FIXED
114.825,070943.40,10.48525200,76.44418800,10.48525200,76.44418800,658052.116,1159427.165,108.00,658052.116,1159427.165,-152.7,17,0.000,0.000,0.00000000,0.00000000,0.351,-0.002,0.0,0.0,0.0,0.0,0,0,RTK FIXED
114.878,070943.40,10.48525200,76.44418800,10.48525200,76.44418800,658052.116,1159427.165,108.00,658052.116,1159427.165,-152.7,17,0.000,0.000,0.00000000,0.00000000,0.351,-0.002,0.0,0.0,0.0,0.0,0,0,RTK FIXED
114.925,070943.40,10.48525200,76.44418800,10.48525200,76.44418800,658052.116,1159427.165,108.00,658052.116,1159427.165,-152.7,17,0.000,0.000,0.00000000,0.00000000,0.351,-0.002,0.0,0.0,0.0,0.0,0,0,RTK FIXED
114.979,070943.40,10.48525200,76.44418800,10.48525200,76.44418800,658052.116,1159427.165,108.00,658052.116,1159427.165,-152.7,17,0.000,0.000,0.00000000,0.00000000,0.351,-0.002,0.0,0.0,0.0,0.0,0,0,RTK FIXED
115.033,070943.40,10.48525200,76.44418800,10.48525200,76.44418800,658052.116,1159427.165,108.00,658052.116,1159427.165,-152.7,17,0.000,0.000,0.00000000,0.00000000,0.351,-0.002,0.0,0.0,0.0,0.0,0,0,RTK FIXED
115.079,070943.60,10.48525200,76.44418800,10.48525200,76.44418800,658052.116,1159427.165,108.00,658052.116,1159427.165,-152.7,17,0.000,0.000,0.00000000,0.00000000,0.351,-0.002,0.0,0.0,0.0,0.0,0,0,RTK FIXED
115.133,070943.60,10.48525200,76.44418800,10.48525200,76.44418800,658052.116,1159427.165,108.00,658052.116,1159427.165,-152.7,17,0.000,0.000,0.00000000,0.00000000,0.351,-0.002,0.0,0.0,0.0,0.0,0,0,RTK FIXED
115.179,070943.80,10.48525200,76.44418800,10.48525200,76.44418800,658052.116,1159427.165,108.00,658052.116,1159427.165,-152.7,17,0.000,0.000,0.00000000,0.00000000,0.351,-0.002,0.0,0.0,0.0,0.0,0,0,RTK FIXED
115.233,070943.80,10.48525200,76.44418800,10.48525200,76.44418800,658052.116,1159427.165,108.00,658052.116,1159427.165,-152.7,17,0.000,0.000,0.00000000,0.00000000,0.351,-0.002,0.0,0.0,0.0,0.0,0,0,RTK FIXED
115.279,070943.80,10.48525200,76.44418800,10.48525200,76.44418800,658052.116,1159427.165,108.00,658052.116,1159427.165,-152.7,17,0.000,0.000,0.00000000,0.00000000,0.351,-0.002,0.0,0.0,0.0,0.0,0,0,RTK FIXED
115.333,070943.80,10.48525200,76.44418800,10.48525200,76.44418800,658052.116,1159427.165,108.00,658052.116,1159427.165,-152.7,17,0.000,0.000,0.00000000,0.00000000,0.351,-0.002,0.0,0.0,0.0,0.0,0,0,RTK FIXED
115.379,070943.80,10.48525200,76.44418800,10.48525200,76.44418800,658052.116,1159427.165,108.00,658052.116,1159427.165,-152.7,17,0.000,0.000,0.00000000,0.00000000,0.351,-0.002,0.0,0.0,0.0,0.0,0,0,RTK FIXED
115.434,070944.00,10.48525200,76.44418800,10.48525200,76.44418800,658052.116,1159427.165,108.00,658052.116,1159427.165,-152.7,17,0.000,0.000,0.00000000,0.00000000,0.351,-0.002,0.0,0.0,0.0,0.0,0,0,RTK FIXED
115.479,070944.00,10.48525200,76.44418800,10.48525200,76.44418800,658052.116,1159427.165,108.00,658052.116,1159427.165,-152.7,17,0.000,0.000,0.00000000,0.00000000,0.351,-0.002,0.0,0.0,0.0,0.0,0,0,RTK FIXED
115.533,070944.00,10.48525200,76.44418800,10.48525200,76.44418800,658052.116,1159427.165,108.00,658052.116,1159427.165,-152.7,17,0.000,0.000,0.00000000,0.00000000,0.351,-0.002,0.0,0.0,0.0,0.0,0,0,RTK FIXED
115.587,070944.20,10.48525200,76.44418800,10.48525200,76.44418800,658052.116,1159427.165,108.00,658052.116,1159427.165,-152.7,17,0.000,0.000,0.00000000,0.00000000,0.351,-0.002,0.0,0.0,0.0,0.0,0,0,RTK FIXED
115.633,070944.20,10.48525200,76.44418800,10.48525200,76.44418800,658052.116,1159427.165,108.00,658052.116,1159427.165,-152.7,17,0.000,0.000,0.00000000,0.00000000,0.351,-0.002,0.0,0.0,0.0,0.0,0,0,RTK FIXED
115.687,070944.20,10.48525200,76.44418800,10.48525200,76.44418800,658052.116,1159427.165,108.00,658052.116,1159427.165,-152.7,17,0.000,0.000,0.00000000,0.00000000,0.351,-0.002,0.0,0.0,0.0,0.0,0,0,RTK FIXED
115.734,070944.40,10.48525200,76.44418800,10.48525200,76.44418800,658052.116,1159427.165,108.00,658052.116,1159427.165,-152.7,17,0.000,0.000,0.00000000,0.00000000,0.351,-0.002,0.0,0.0,0.0,0.0,0,0,RTK FIXED
115.787,070944.40,10.48525200,76.44418800,10.48525200,76.44418800,658052.116,1159427.165,108.00,658052.116,1159427.165,-152.7,17,0.000,0.000,0.00000000,0.00000000,0.351,-0.002,0.0,0.0,0.0,0.0,0,0,RTK FIXED
115.833,070944.40,10.48525200,76.44418800,10.48525200,76.44418800,658052.116,1159427.165,108.00,658052.116,1159427.165,-152.7,17,0.000,0.000,0.00000000,0.00000000,0.351,-0.002,0.0,0.0,0.0,0.0,0,0,RTK FIXED
115.887,070944.40,10.48525200,76.44418800,10.48525200,76.44418800,658052.116,1159427.165,108.00,658052.116,1159427.165,-152.7,17,0.000,0.000,0.00000000,0.00000000,0.351,-0.002,0.0,0.0,0.0,0.0,0,0,RTK FIXED
115.936,070944.40,10.48525200,76.44418800,10.48525200,76.44418800,658052.116,1159427.165,108.00,658052.116,1159427.165,-152.7,17,0.000,0.000,0.00000000,0.00000000,0.351,-0.002,0.0,0.0,0.0,0.0,0,0,RTK FIXED
115.984,070944.40,10.48525200,76.44418800,10.48525200,76.44418800,658052.116,1159427.165,108.00,658052.116,1159427.165,-152.7,17,0.000,0.000,0.00000000,0.00000000,0.351,-0.002,0.0,0.0,0.0,0.0,0,0,RTK FIXED
116.031,070944.60,10.48525200,76.44418800,10.48525200,76.44418800,658052.116,1159427.165,108.00,658052.116,1159427.165,-152.7,17,0.000,0.000,0.00000000,0.00000000,0.351,-0.002,0.0,0.0,0.0,0.0,0,0,RTK FIXED
116.084,070944.60,10.48525200,76.44418800,10.48525200,76.44418800,658052.116,1159427.165,108.00,658052.116,1159427.165,-152.7,17,0.000,0.000,0.00000000,0.00000000,0.351,-0.002,0.0,0.0,0.0,0.0,0,0,RTK FIXED
116.131,070944.60,10.48525200,76.44418800,10.48525200,76.44418800,658052.116,1159427.165,108.00,658052.116,1159427.165,-152.7,17,0.000,0.000,0.00000000,0.00000000,0.351,-0.002,0.0,0.0,0.0,0.0,0,0,RTK FIXED
116.184,070944.60,10.48525200,76.44418800,10.48525200,76.44418800,658052.116,1159427.165,108.00,658052.116,1159427.165,-152.7,17,0.000,0.000,0.00000000,0.00000000,0.351,-0.002,0.0,0.0,0.0,0.0,0,0,RTK FIXED
116.238,070944.80,10.48525200,76.44418800,10.48525200,76.44418800,658052.116,1159427.165,108.00,658052.116,1159427.165,-152.7,17,0.000,0.000,0.00000000,0.00000000,0.351,-0.002,0.0,0.0,0.0,0.0,0,0,RTK FIXED
116.284,070944.80,10.48525200,76.44418800,10.48525200,76.44418800,658052.116,1159427.165,108.00,658052.116,1159427.165,-152.7,17,0.000,0.000,0.00000000,0.00000000,0.351,-0.002,0.0,0.0,0.0,0.0,0,0,RTK FIXED
116.338,070944.80,10.48525200,76.44418800,10.48525200,76.44418800,658052.116,1159427.165,108.00,658052.116,1159427.165,-152.7,17,0.000,0.000,0.00000000,0.00000000,0.351,-0.002,0.0,0.0,0.0,0.0,0,0,RTK FIXED
116.384,070944.80,10.48525200,76.44418800,10.48525200,76.44418800,658052.116,1159427.165,108.00,658052.116,1159427.165,-152.7,17,0.000,0.000,0.00000000,0.00000000,0.351,-0.002,0.0,0.0,0.0,0.0,0,0,RTK FIXED
116.439,070945.00,10.48525200,76.44418800,10.48525200,76.44418800,658052.116,1159427.165,108.00,658052.116,1159427.165,-152.7,17,0.000,0.000,0.00000000,0.00000000,0.351,-0.002,0.0,0.0,0.0,0.0,0,0,RTK FIXED
116.484,070945.00,10.48525200,76.44418800,10.48525200,76.44418800,658052.116,1159427.165,108.00,658052.116,1159427.165,-152.7,17,0.000,0.000,0.00000000,0.00000000,0.351,-0.002,0.0,0.0,0.0,0.0,0,0,RTK FIXED
116.538,070945.00,10.48525200,76.44418800,10.48525200,76.44418800,658052.116,1159427.165,108.00,658052.116,1159427.165,-152.7,17,0.000,0.000,0.00000000,0.00000000,0.351,-0.002,0.0,0.0,0.0,0.0,0,0,RTK FIXED
116.584,070945.00,10.48525200,76.44418800,10.48525200,76.44418800,658052.116,1159427.165,108.00,658052.116,1159427.165,-152.7,17,0.000,0.000,0.00000000,0.00000000,0.351,-0.002,0.0,0.0,0.0,0.0,0,0,RTK FIXED
116.639,070945.20,10.48525200,76.44418800,10.48525200,76.44418800,658052.116,1159427.165,108.00,658052.116,1159427.165,-152.7,17,0.000,0.000,0.00000000,0.00000000,0.351,-0.002,0.0,0.0,0.0,0.0,0,0,RTK FIXED
116.684,070945.20,10.48525200,76.44418800,10.48525200,76.44418800,658052.116,1159427.165,108.00,658052.116,1159427.165,-152.7,17,0.000,0.000,0.00000000,0.00000000,0.351,-0.002,0.0,0.0,0.0,0.0,0,0,RTK FIXED
116.739,070945.20,10.48525200,76.44418800,10.48525200,76.44418800,658052.116,1159427.165,108.00,658052.116,1159427.165,-152.7,17,0.000,0.000,0.00000000,0.00000000,0.351,-0.002,0.0,0.0,0.0,0.0,0,0,RTK FIXED
116.792,070945.20,10.48525200,76.44418800,10.48525200,76.44418800,658052.116,1159427.165,108.00,658052.116,1159427.165,-152.7,17,0.000,0.000,0.00000000,0.00000000,0.351,-0.002,0.0,0.0,0.0,0.0,0,0,RTK FIXED
116.839,070945.40,10.48525200,76.44418800,10.48525200,76.44418800,658052.116,1159427.165,108.00,658052.116,1159427.165,-152.7,17,0.000,0.000,0.00000000,0.00000000,0.351,-0.002,0.0,0.0,0.0,0.0,0,0,RTK FIXED
116.892,070945.40,10.48525200,76.44418800,10.48525200,76.44418800,658052.116,1159427.165,108.00,658052.116,1159427.165,-152.7,17,0.000,0.000,0.00000000,0.00000000,0.351,-0.002,0.0,0.0,0.0,0.0,0,0,RTK FIXED
116.939,070945.40,10.48525200,76.44418800,10.48525200,76.44418800,658052.116,1159427.165,108.00,658052.116,1159427.165,-152.7,17,0.000,0.000,0.00000000,0.00000000,0.351,-0.002,0.0,0.0,0.0,0.0,0,0,RTK FIXED
116.993,070945.40,10.48525200,76.44418800,10.48525200,76.44418800,658052.116,1159427.165,108.00,658052.116,1159427.165,-152.7,17,0.000,0.000,0.00000000,0.00000000,0.351,-0.002,0.0,0.0,0.0,0.0,0,0,RTK FIXED
117.039,070945.40,10.48525200,76.44418800,10.48525200,76.44418800,658052.116,1159427.165,108.00,658052.116,1159427.165,-152.7,17,0.000,0.000,0.00000000,0.00000000,0.351,-0.002,0.0,0.0,0.0,0.0,0,0,RTK FIXED
117.093,070945.60,10.48525200,76.44418800,10.48525200,76.44418800,658052.116,1159427.165,108.00,658052.116,1159427.165,-152.7,17,0.000,0.000,0.00000000,0.00000000,0.351,-0.002,0.0,0.0,0.0,0.0,0,0,RTK FIXED
117.139,070945.60,10.48525200,76.44418800,10.48525200,76.44418800,658052.116,1159427.165,108.00,658052.116,1159427.165,-152.7,17,0.000,0.000,0.00000000,0.00000000,0.351,-0.002,0.0,0.0,0.0,0.0,0,0,RTK FIXED
117.194,070945.60,10.48525200,76.44418800,10.48525200,76.44418800,658052.116,1159427.165,108.00,658052.116,1159427.165,-152.7,17,0.000,0.000,0.00000000,0.00000000,0.351,-0.002,0.0,0.0,0.0,0.0,0,0,RTK FIXED
117.239,070945.80,10.48525200,76.44418800,10.48525200,76.44418800,658052.116,1159427.165,108.00,658052.116,1159427.165,-152.7,17,0.000,0.000,0.00000000,0.00000000,0.351,-0.002,0.0,0.0,0.0,0.0,0,0,RTK FIXED
117.293,070945.80,10.48525200,76.44418800,10.48525200,76.44418800,658052.116,1159427.165,108.00,658052.116,1159427.165,-152.7,17,0.000,0.000,0.00000000,0.00000000,0.351,-0.002,0.0,0.0,0.0,0.0,0,0,RTK FIXED
117.347,070946.00,10.48525200,76.44418800,10.48525200,76.44418800,658052.116,1159427.165,108.00,658052.116,1159427.165,-152.7,17,0.000,0.000,0.00000000,0.00000000,0.351,-0.002,0.0,0.0,0.0,0.0,0,0,RTK FLOAT
117.393,070946.00,10.48525200,76.44418800,10.48525200,76.44418800,658052.116,1159427.165,108.00,658052.116,1159427.165,-152.7,17,0.000,0.000,0.00000000,0.00000000,0.351,-0.002,0.0,0.0,0.0,0.0,0,0,RTK FLOAT
117.447,070946.00,10.48525200,76.44418800,10.48525200,76.44418800,658052.116,1159427.165,108.00,658052.116,1159427.165,-152.7,17,0.000,0.000,0.00000000,0.00000000,0.351,-0.002,0.0,0.0,0.0,0.0,0,0,RTK FLOAT
117.493,070946.00,10.48525200,76.44418800,10.48525200,76.44418800,658052.116,1159427.165,108.00,658052.116,1159427.165,-152.7,17,0.000,0.000,0.00000000,0.00000000,0.351,-0.002,0.0,0.0,0.0,0.0,0,0,RTK FLOAT
117.547,070946.20,10.48525200,76.44418800,10.48525200,76.44418800,658052.116,1159427.165,107.90,658052.116,1159427.165,-152.7,17,0.000,0.000,0.00000000,0.00000000,0.351,-0.002,0.0,0.0,0.0,0.0,0,0,RTK FLOAT
117.593,070946.20,10.48525200,76.44418800,10.48525200,76.44418800,658052.116,1159427.165,107.90,658052.116,1159427.165,-152.7,17,0.000,0.000,0.00000000,0.00000000,0.351,-0.002,0.0,0.0,0.0,0.0,0,0,RTK FLOAT
117.647,070946.20,10.48525200,76.44418800,10.48525200,76.44418800,658052.116,1159427.165,107.90,658052.116,1159427.165,-152.7,17,0.000,0.000,0.00000000,0.00000000,0.351,-0.002,0.0,0.0,0.0,0.0,0,0,RTK FLOAT
117.693,070946.20,10.48525200,76.44418800,10.48525200,76.44418800,658052.116,1159427.165,107.90,658052.116,1159427.165,-152.7,17,0.000,0.000,0.00000000,0.00000000,0.351,-0.002,0.0,0.0,0.0,0.0,0,0,RTK FLOAT
117.747,070946.40,10.48525200,76.44418800,10.48525200,76.44418800,658052.116,1159427.165,107.90,658052.116,1159427.165,-152.7,17,0.000,0.000,0.00000000,0.00000000,0.351,-0.002,0.0,0.0,0.0,0.0,0,0,RTK FLOAT
117.794,070946.40,10.48525200,76.44418800,10.48525200,76.44418800,658052.116,1159427.165,107.90,658052.116,1159427.165,-152.7,17,0.000,0.000,0.00000000,0.00000000,0.351,-0.002,0.0,0.0,0.0,0.0,0,0,RTK FLOAT
117.847,070946.40,10.48525200,76.44418800,10.48525200,76.44418800,658052.116,1159427.165,107.90,658052.116,1159427.165,-152.7,17,0.000,0.000,0.00000000,0.00000000,0.351,-0.002,0.0,0.0,0.0,0.0,0,0,RTK FLOAT
117.901,070946.40,10.48525200,76.44418800,10.48525200,76.44418800,658052.116,1159427.165,107.90,658052.116,1159427.165,-152.7,17,0.000,0.000,0.00000000,0.00000000,0.351,-0.002,0.0,0.0,0.0,0.0,0,0,RTK FLOAT
117.947,070946.40,10.48525200,76.44418800,10.48525200,76.44418800,658052.116,1159427.165,107.90,658052.116,1159427.165,-152.7,17,0.000,0.000,0.00000000,0.00000000,0.351,-0.002,0.0,0.0,0.0,0.0,0,0,RTK FLOAT
118.001,070946.40,10.48525200,76.44418800,10.48525200,76.44418800,658052.116,1159427.165,107.90,658052.116,1159427.165,-152.7,17,0.000,0.000,0.00000000,0.00000000,0.351,-0.002,0.0,0.0,0.0,0.0,0,0,RTK FLOAT
118.047,070946.60,10.48525200,76.44418800,10.48525200,76.44418800,658052.116,1159427.165,107.90,658052.116,1159427.165,-152.7,17,0.000,0.000,0.00000000,0.00000000,0.351,-0.002,0.0,0.0,0.0,0.0,0,0,RTK FLOAT
118.101,070946.60,10.48525200,76.44418800,10.48525200,76.44418800,658052.116,1159427.165,107.90,658052.116,1159427.165,-152.7,17,0.000,0.000,0.00000000,0.00000000,0.351,-0.002,0.0,0.0,0.0,0.0,0,0,RTK FLOAT
118.147,070946.60,10.48525200,76.44418800,10.48525200,76.44418800,658052.116,1159427.165,107.90,658052.116,1159427.165,-152.7,17,0.000,0.000,0.00000000,0.00000000,0.351,-0.002,0.0,0.0,0.0,0.0,0,0,RTK FLOAT
118.201,070946.60,10.48525200,76.44418800,10.48525200,76.44418800,658052.116,1159427.165,107.90,658052.116,1159427.165,-152.7,17,0.000,0.000,0.00000000,0.00000000,0.351,-0.002,0.0,0.0,0.0,0.0,0,0,RTK FLOAT
118.248,070946.80,10.48525200,76.44418800,10.48525200,76.44418800,658052.116,1159427.165,107.90,658052.116,1159427.165,-152.7,17,0.000,0.000,0.00000000,0.00000000,0.351,-0.002,0.0,0.0,0.0,0.0,0,0,RTK FLOAT
118.302,070946.80,10.48525200,76.44418800,10.48525200,76.44418800,658052.116,1159427.165,107.90,658052.116,1159427.165,-152.7,17,0.000,0.000,0.00000000,0.00000000,0.351,-0.002,0.0,0.0,0.0,0.0,0,0,RTK FLOAT
118.347,070946.80,10.48525200,76.44418800,10.48525200,76.44418800,658052.116,1159427.165,107.90,658052.116,1159427.165,-152.7,17,0.000,0.000,0.00000000,0.00000000,0.351,-0.002,0.0,0.0,0.0,0.0,0,0,RTK FLOAT
118.402,070946.80,10.48525200,76.44418800,10.48525200,76.44418800,658052.116,1159427.165,107.90,658052.116,1159427.165,-152.7,17,0.000,0.000,0.00000000,0.00000000,0.351,-0.002,0.0,0.0,0.0,0.0,0,0,RTK FLOAT
118.455,070946.80,10.48525200,76.44418800,10.48525200,76.44418800,658052.116,1159427.165,107.90,658052.116,1159427.165,-152.7,17,0.000,0.000,0.00000000,0.00000000,0.351,-0.002,0.0,0.0,0.0,0.0,0,0,RTK FLOAT
118.502,070947.00,10.48525200,76.44418800,10.48525200,76.44418800,658052.116,1159427.165,108.00,658052.116,1159427.165,-152.7,17,0.000,0.000,0.00000000,0.00000000,0.351,-0.002,0.0,0.0,0.0,0.0,0,0,RTK FLOAT
118.555,070947.00,10.48525200,76.44418800,10.48525200,76.44418800,658052.116,1159427.165,108.00,658052.116,1159427.165,-152.7,17,0.000,0.000,0.00000000,0.00000000,0.351,-0.002,0.0,0.0,0.0,0.0,0,0,RTK FLOAT
118.603,070947.00,10.48525200,76.44418800,10.48525200,76.44418800,658052.116,1159427.165,108.00,658052.116,1159427.165,-152.7,17,0.000,0.000,0.00000000,0.00000000,0.351,-0.002,0.0,0.0,0.0,0.0,0,0,RTK FLOAT
118.656,070947.20,10.48525200,76.44418800,10.48525200,76.44418800,658052.116,1159427.165,108.00,658052.116,1159427.165,-152.7,17,0.000,0.000,0.00000000,0.00000000,0.351,-0.002,0.0,0.0,0.0,0.0,0,0,RTK FLOAT
118.702,070947.20,10.48525200,76.44418800,10.48525200,76.44418800,658052.116,1159427.165,108.00,658052.116,1159427.165,-152.7,17,0.000,0.000,0.00000000,0.00000000,0.351,-0.002,0.0,0.0,0.0,0.0,0,0,RTK FLOAT
118.756,070947.40,10.48525200,76.44418800,10.48525200,76.44418800,658052.116,1159427.165,108.00,658052.116,1159427.165,-152.7,17,0.000,0.000,0.00000000,0.00000000,0.351,-0.002,0.0,0.0,0.0,0.0,0,0,DGPS
118.802,070947.40,10.48525200,76.44418800,10.48525200,76.44418800,658052.116,1159427.165,108.00,658052.116,1159427.165,-152.7,17,0.000,0.000,0.00000000,0.00000000,0.351,-0.002,0.0,0.0,0.0,0.0,0,0,DGPS
118.855,070947.40,10.48525200,76.44418800,10.48525200,76.44418800,658052.116,1159427.165,108.00,658052.116,1159427.165,-152.7,17,0.000,0.000,0.00000000,0.00000000,0.351,-0.002,0.0,0.0,0.0,0.0,0,0,DGPS
118.902,070947.40,10.48525200,76.44418800,10.48525200,76.44418800,658052.116,1159427.165,108.00,658052.116,1159427.165,-152.7,17,0.000,0.000,0.00000000,0.00000000,0.351,-0.002,0.0,0.0,0.0,0.0,0,0,DGPS
118.956,070947.40,10.48525200,76.44418800,10.48525200,76.44418800,658052.116,1159427.165,108.00,658052.116,1159427.165,-152.7,17,0.000,0.000,0.00000000,0.00000000,0.351,-0.002,0.0,0.0,0.0,0.0,0,0,DGPS
119.002,070947.60,10.48525200,76.44418800,10.48525200,76.44418800,658052.116,1159427.165,108.00,658052.116,1159427.165,-152.7,17,0.000,0.000,0.00000000,0.00000000,0.351,-0.002,0.0,0.0,0.0,0.0,0,0,DGPS
119.056,070947.60,10.48525200,76.44418800,10.48525200,76.44418800,658052.116,1159427.165,108.00,658052.116,1159427.165,-152.7,17,0.000,0.000,0.00000000,0.00000000,0.351,-0.002,0.0,0.0,0.0,0.0,0,0,DGPS
119.110,070947.60,10.48525200,76.44418800,10.48525200,76.44418800,658052.116,1159427.165,108.00,658052.116,1159427.165,-152.7,17,0.000,0.000,0.00000000,0.00000000,0.351,-0.002,0.0,0.0,0.0,0.0,0,0,DGPS
119.156,070947.80,10.48525200,76.44418800,10.48525200,76.44418800,658052.116,1159427.165,108.10,658052.116,1159427.165,-152.7,17,0.000,0.000,0.00000000,0.00000000,0.351,-0.002,0.0,0.0,0.0,0.0,0,0,DGPS
119.210,070947.80,10.48525200,76.44418800,10.48525200,76.44418800,658052.116,1159427.165,108.10,658052.116,1159427.165,-152.7,17,0.000,0.000,0.00000000,0.00000000,0.351,-0.002,0.0,0.0,0.0,0.0,0,0,DGPS
119.256,070947.80,10.48525200,76.44418800,10.48525200,76.44418800,658052.116,1159427.165,108.10,658052.116,1159427.165,-152.7,17,0.000,0.000,0.00000000,0.00000000,0.351,-0.002,0.0,0.0,0.0,0.0,0,0,DGPS
119.310,070947.80,10.48525200,76.44418800,10.48525200,76.44418800,658052.116,1159427.165,108.10,658052.116,1159427.165,-152.7,17,0.000,0.000,0.00000000,0.00000000,0.351,-0.002,0.0,0.0,0.0,0.0,0,0,DGPS
119.356,070947.80,10.48525200,76.44418800,10.48525200,76.44418800,658052.116,1159427.165,108.10,658052.116,1159427.165,-152.7,17,0.000,0.000,0.00000000,0.00000000,0.351,-0.002,0.0,0.0,0.0,0.0,0,0,DGPS
119.410,070948.00,10.48525200,76.44418800,10.48525200,76.44418800,658052.116,1159427.165,108.20,658052.116,1159427.165,-152.7,17,0.000,0.000,0.00000000,0.00000000,0.351,-0.002,0.0,0.0,0.0,0.0,0,0,DGPS
119.456,070948.00,10.48525200,76.44418800,10.48525200,76.44418800,658052.116,1159427.165,108.20,658052.116,1159427.165,-152.7,17,0.000,0.000,0.00000000,0.00000000,0.351,-0.002,0.0,0.0,0.0,0.0,0,0,DGPS
119.510,070948.00,10.48525200,76.44418800,10.48525200,76.44418800,658052.116,1159427.165,108.20,658052.116,1159427.165,-152.7,17,0.000,0.000,0.00000000,0.00000000,0.351,-0.002,0.0,0.0,0.0,0.0,0,0,DGPS
119.564,070948.00,10.48525200,76.44418800,10.48525200,76.44418800,658052.116,1159427.165,108.20,658052.116,1159427.165,-152.7,17,0.000,0.000,0.00000000,0.00000000,0.351,-0.002,0.0,0.0,0.0,0.0,0,0,DGPS
119.610,070948.00,10.48525200,76.44418800,10.48525200,76.44418800,658052.116,1159427.165,108.20,658052.116,1159427.165,-152.7,17,0.000,0.000,0.00000000,0.00000000,0.351,-0.002,0.0,0.0,0.0,0.0,0,0,DGPS
119.664,070948.20,10.48525200,76.44418800,10.48525200,76.44418800,658052.116,1159427.165,108.40,658052.116,1159427.165,-152.7,17,0.000,0.000,0.00000000,0.00000000,0.351,-0.002,0.0,0.0,0.0,0.0,0,0,DGPS
119.710,070948.20,10.48525200,76.44418800,10.48525200,76.44418800,658052.116,1159427.165,108.40,658052.116,1159427.165,-152.7,17,0.000,0.000,0.00000000,0.00000000,0.351,-0.002,0.0,0.0,0.0,0.0,0,0,DGPS
119.764,070948.20,10.48525200,76.44418800,10.48525200,76.44418800,658052.116,1159427.165,108.40,658052.116,1159427.165,-152.7,17,0.000,0.000,0.00000000,0.00000000,0.351,-0.002,0.0,0.0,0.0,0.0,0,0,DGPS
119.811,070948.20,10.48525200,76.44418800,10.48525200,76.44418800,658052.116,1159427.165,108.40,658052.116,1159427.165,-152.7,17,0.000,0.000,0.00000000,0.00000000,0.351,-0.002,0.0,0.0,0.0,0.0,0,0,DGPS
119.864,070948.40,10.48525200,76.44418800,10.48525200,76.44418800,658052.116,1159427.165,108.50,658052.116,1159427.165,-152.7,17,0.000,0.000,0.00000000,0.00000000,0.351,-0.002,0.0,0.0,0.0,0.0,0,0,DGPS
119.911,070948.40,10.48525200,76.44418800,10.48525200,76.44418800,658052.116,1159427.165,108.50,658052.116,1159427.165,-152.7,17,0.000,0.000,0.00000000,0.00000000,0.351,-0.002,0.0,0.0,0.0,0.0,0,0,DGPS
119.964,070948.60,10.48525200,76.44418800,10.48525200,76.44418800,658052.116,1159427.165,108.40,658052.116,1159427.165,-152.7,17,0.000,0.000,0.00000000,0.00000000,0.351,-0.002,0.0,0.0,0.0,0.0,0,0,DGPS
